<?xml version="1.0" encoding="utf-8"?><text id="1005" parent="226" name="24415 К юбилею Микаэла Таривердиева"><tags><tag>url:http://www.chaskor.ru/news/k_yubileyu_mikaela_tariverdieva_24415</tag><tag>Год:2011</tag><tag>Дата:11/08</tag><tag>Тема:ЧасКор:Культура</tag><tag>Тема:ЧасКор:Культура/Музыка</tag></tags><paragraphs><paragraph id="9889"><sentence id="30961"><source>К юбилею Микаэла Таривердиева</source><tokens><token id="554772" text="К"><tfr rev_id="1387855" t="К"><v><l id="127460" t="к"><g v="PREP"></g></l></v></tfr></token><token id="554773" text="юбилею"><tfr rev_id="1387856" t="юбилею"><v><l id="386749" t="юбилей"><g v="NOUN"></g><g v="inan"></g><g v="masc"></g><g v="sing"></g><g v="datv"></g></l></v></tfr></token><token id="554774" text="Микаэла"><tfr rev_id="3689763" t="Микаэла"><v><l id="159712" t="микаэл"><g v="NOUN"></g><g v="anim"></g><g v="masc"></g><g v="Name"></g><g v="sing"></g><g v="gent"></g></l></v></tfr></token><token id="554775" text="Таривердиева"><tfr rev_id="4282003" t="Таривердиева"><v><l id="343219" t="таривердиев"><g v="NOUN"></g><g v="anim"></g><g v="masc"></g><g v="Sgtm"></g><g v="Surn"></g><g v="sing"></g><g v="gent"></g></l></v><v><l id="343219" t="таривердиев"><g v="NOUN"></g><g v="anim"></g><g v="masc"></g><g v="Sgtm"></g><g v="Surn"></g><g v="sing"></g><g v="accs"></g></l></v></tfr></token></tokens></sentence><sentence id="30962"><source>В день 80-летия маэстро стартуют VII Международный конкурс органистов и фестиваль «Орган плюс».</source><tokens><token id="554776" text="В"><tfr rev_id="1387859" t="В"><v><l id="37409" t="в"><g v="PREP"></g></l></v></tfr></token><token id="554777" text="день"><tfr rev_id="4093775" t="день"><v><l id="81427" t="день"><g v="NOUN"></g><g v="inan"></g><g v="masc"></g><g v="sing"></g><g v="accs"></g></l></v></tfr></token><token id="554778" text="80-летия"><tfr rev_id="1387861" t="80-летия"><v><l id="0" t="80-летия"><g v="UNKN"></g></l></v></tfr></token><token id="554779" text="маэстро"><tfr rev_id="4173490" t="маэстро"><v><l id="156792" t="маэстро"><g v="NOUN"></g><g v="anim"></g><g v="masc"></g><g v="Fixd"></g><g v="sing"></g><g v="gent"></g></l></v></tfr></token><token id="554780" text="стартуют"><tfr rev_id="1387863" t="стартуют"><v><l id="334990" t="стартовал"><g v="VERB"></g><g v="perf"></g><g v="intr"></g><g v="plur"></g><g v="3per"></g><g v="futr"></g><g v="indc"></g></l></v><v><l id="334991" t="стартую"><g v="VERB"></g><g v="impf"></g><g v="intr"></g><g v="plur"></g><g v="3per"></g><g v="pres"></g><g v="indc"></g></l></v></tfr></token><token id="554781" text="VII"><tfr rev_id="2634750" t="VII"><v><l id="0" t="VII"><g v="ROMN"></g></l></v></tfr></token><token id="554782" text="Международный"><tfr rev_id="1387865" t="Международный"><v><l id="157346" t="международный"><g v="ADJF"></g><g v="masc"></g><g v="sing"></g><g v="nomn"></g></l></v><v><l id="157346" t="международный"><g v="ADJF"></g><g v="inan"></g><g v="masc"></g><g v="sing"></g><g v="accs"></g></l></v></tfr></token><token id="554783" text="конкурс"><tfr rev_id="1387866" t="конкурс"><v><l id="137916" t="конкурс"><g v="NOUN"></g><g v="inan"></g><g v="masc"></g><g v="sing"></g><g v="nomn"></g></l></v><v><l id="137916" t="конкурс"><g v="NOUN"></g><g v="inan"></g><g v="masc"></g><g v="sing"></g><g v="accs"></g></l></v></tfr></token><token id="554784" text="органистов"><tfr rev_id="3704588" t="органистов"><v><l id="208790" t="органист"><g v="NOUN"></g><g v="anim"></g><g v="masc"></g><g v="plur"></g><g v="gent"></g></l></v></tfr></token><token id="554785" text="и"><tfr rev_id="1387868" t="и"><v><l id="116949" t="и"><g v="CONJ"></g></l></v><v><l id="116950" t="и"><g v="INTJ"></g></l></v></tfr></token><token id="554786" text="фестиваль"><tfr rev_id="1387869" t="фестиваль"><v><l id="365486" t="фестиваль"><g v="NOUN"></g><g v="inan"></g><g v="masc"></g><g v="sing"></g><g v="nomn"></g></l></v><v><l id="365486" t="фестиваль"><g v="NOUN"></g><g v="inan"></g><g v="masc"></g><g v="sing"></g><g v="accs"></g></l></v></tfr></token><token id="554787" text="«"><tfr rev_id="2441845" t="«"><v><l id="0" t="«"><g v="PNCT"></g></l></v></tfr></token><token id="554788" text="Орган"><tfr rev_id="3702438" t="Орган"><v><l id="208736" t="орган"><g v="NOUN"></g><g v="inan"></g><g v="masc"></g><g v="sing"></g><g v="nomn"></g></l></v></tfr></token><token id="554789" text="плюс"><tfr rev_id="1387872" t="плюс"><v><l id="241051" t="плюс"><g v="NOUN"></g><g v="inan"></g><g v="masc"></g><g v="sing"></g><g v="nomn"></g></l></v><v><l id="241051" t="плюс"><g v="NOUN"></g><g v="inan"></g><g v="masc"></g><g v="sing"></g><g v="accs"></g></l></v><v><l id="241052" t="плюс"><g v="PREP"></g></l></v><v><l id="241053" t="плюс"><g v="CONJ"></g></l></v></tfr></token><token id="554790" text="»"><tfr rev_id="2441846" t="»"><v><l id="0" t="»"><g v="PNCT"></g></l></v></tfr></token><token id="554791" text="."><tfr rev_id="1387874" t="."><v><l id="0" t="."><g v="PNCT"></g></l></v></tfr></token></tokens></sentence></paragraph><paragraph id="9890"><sentence id="30963"><source>15 августа исполняется 80 лет со дня рождения Микаэла Таривердиева.</source><tokens><token id="554792" text="15"><tfr rev_id="2460960" t="15"><v><l id="0" t="15"><g v="NUMB"></g></l></v></tfr></token><token id="554793" text="августа"><tfr rev_id="4337458" t="августа"><v><l id="2368" t="август"><g v="NOUN"></g><g v="inan"></g><g v="masc"></g><g v="sing"></g><g v="gent"></g></l></v></tfr></token><token id="554794" text="исполняется"><tfr rev_id="1387877" t="исполняется"><v><l id="125386" t="исполняюсь"><g v="VERB"></g><g v="impf"></g><g v="intr"></g><g v="sing"></g><g v="3per"></g><g v="pres"></g><g v="indc"></g></l></v></tfr></token><token id="554795" text="80"><tfr rev_id="2460961" t="80"><v><l id="0" t="80"><g v="NUMB"></g></l></v></tfr></token><token id="554796" text="лет"><tfr rev_id="3446404" t="лет"><v><l id="72149" t="год"><g v="NOUN"></g><g v="inan"></g><g v="masc"></g><g v="plur"></g><g v="gent"></g></l></v></tfr></token><token id="554797" text="со"><tfr rev_id="2919151" t="со"><v><l id="311151" t="с"><g v="PREP"></g><g v="Vpre"></g></l></v></tfr></token><token id="554798" text="дня"><tfr rev_id="1387881" t="дня"><v><l id="81427" t="день"><g v="NOUN"></g><g v="inan"></g><g v="masc"></g><g v="sing"></g><g v="gent"></g></l></v></tfr></token><token id="554799" text="рождения"><tfr rev_id="3443654" t="рождения"><v><l id="308457" t="рождение"><g v="NOUN"></g><g v="inan"></g><g v="neut"></g><g v="sing"></g><g v="gent"></g></l></v></tfr></token><token id="554800" text="Микаэла"><tfr rev_id="4389615" t="Микаэла"><v><l id="159712" t="микаэл"><g v="NOUN"></g><g v="anim"></g><g v="masc"></g><g v="Name"></g><g v="sing"></g><g v="gent"></g></l></v></tfr></token><token id="554801" text="Таривердиева"><tfr rev_id="4398410" t="Таривердиева"><v><l id="343219" t="таривердиев"><g v="NOUN"></g><g v="anim"></g><g v="masc"></g><g v="Sgtm"></g><g v="Surn"></g><g v="sing"></g><g v="gent"></g></l></v></tfr></token><token id="554802" text="."><tfr rev_id="1387885" t="."><v><l id="0" t="."><g v="PNCT"></g></l></v></tfr></token></tokens></sentence><sentence id="30964"><source>В этот день в 16.00 в Музее музыкальной культуры имени Глинки состоится пресс-конференция, посвященная юбилею композитора, а также открытию VII Международного конкурса органистов имени Микаэла Таривердиева в Москве, Астане и Калининграде и старту фестиваля «Орган плюс».</source><tokens><token id="554803" text="В"><tfr rev_id="1387886" t="В"><v><l id="37409" t="в"><g v="PREP"></g></l></v></tfr></token><token id="554804" text="этот"><tfr rev_id="4432046" t="этот"><v><l id="386581" t="этот"><g v="ADJF"></g><g v="Subx"></g><g v="Apro"></g><g v="Anph"></g><g v="inan"></g><g v="masc"></g><g v="sing"></g><g v="accs"></g></l></v></tfr></token><token id="554805" text="день"><tfr rev_id="1715468" t="день"><v><l id="81427" t="день"><g v="NOUN"></g><g v="inan"></g><g v="masc"></g><g v="sing"></g><g v="nomn"></g></l></v><v><l id="81427" t="день"><g v="NOUN"></g><g v="inan"></g><g v="masc"></g><g v="sing"></g><g v="accs"></g></l></v></tfr></token><token id="554806" text="в"><tfr rev_id="1387889" t="в"><v><l id="37409" t="в"><g v="PREP"></g></l></v></tfr></token><token id="554807" text="16.00"><tfr rev_id="2460962" t="16.00"><v><l id="0" t="16.00"><g v="NUMB"></g></l></v></tfr></token><token id="554808" text="в"><tfr rev_id="1387891" t="в"><v><l id="37409" t="в"><g v="PREP"></g></l></v></tfr></token><token id="554809" text="Музее"><tfr rev_id="1387892" t="Музее"><v><l id="164788" t="музей"><g v="NOUN"></g><g v="inan"></g><g v="masc"></g><g v="sing"></g><g v="loct"></g></l></v></tfr></token><token id="554810" text="музыкальной"><tfr rev_id="4167469" t="музыкальной"><v><l id="164805" t="музыкальный"><g v="ADJF"></g><g v="Qual"></g><g v="femn"></g><g v="sing"></g><g v="gent"></g></l></v></tfr></token><token id="554811" text="культуры"><tfr rev_id="3471777" t="культуры"><v><l id="144838" t="культура"><g v="NOUN"></g><g v="inan"></g><g v="femn"></g><g v="sing"></g><g v="gent"></g></l></v></tfr></token><token id="554812" text="имени"><tfr rev_id="2934910" t="имени"><v><l id="121947" t="имя"><g v="NOUN"></g><g v="inan"></g><g v="neut"></g><g v="sing"></g><g v="gent"></g></l></v></tfr></token><token id="554813" text="Глинки"><tfr rev_id="4336357" t="Глинки"><v><l id="71219" t="глинка"><g v="NOUN"></g><g v="anim"></g><g v="masc"></g><g v="Sgtm"></g><g v="Surn"></g><g v="sing"></g><g v="gent"></g></l></v></tfr></token><token id="554814" text="состоится"><tfr rev_id="1387897" t="состоится"><v><l id="330568" t="состоялся"><g v="VERB"></g><g v="perf"></g><g v="intr"></g><g v="sing"></g><g v="3per"></g><g v="futr"></g><g v="indc"></g></l></v></tfr></token><token id="554815" text="пресс-конференция"><tfr rev_id="1387898" t="пресс-конференция"><v><l id="268243" t="пресс-конференция"><g v="NOUN"></g><g v="inan"></g><g v="femn"></g><g v="sing"></g><g v="nomn"></g></l></v></tfr></token><token id="554816" text=","><tfr rev_id="1387899" t=","><v><l id="0" t=","><g v="PNCT"></g></l></v></tfr></token><token id="554817" text="посвященная"><tfr rev_id="1387900" t="посвященная"><v><l id="261152" t="посвящённый"><g v="PRTF"></g><g v="perf"></g><g v="tran"></g><g v="past"></g><g v="pssv"></g><g v="femn"></g><g v="sing"></g><g v="nomn"></g></l></v></tfr></token><token id="554818" text="юбилею"><tfr rev_id="1387901" t="юбилею"><v><l id="386749" t="юбилей"><g v="NOUN"></g><g v="inan"></g><g v="masc"></g><g v="sing"></g><g v="datv"></g></l></v></tfr></token><token id="554819" text="композитора"><tfr rev_id="2931282" t="композитора"><v><l id="137299" t="композитор"><g v="NOUN"></g><g v="anim"></g><g v="masc"></g><g v="sing"></g><g v="gent"></g></l></v></tfr></token><token id="554820" text=","><tfr rev_id="1387903" t=","><v><l id="0" t=","><g v="PNCT"></g></l></v></tfr></token><token id="554821" text="а"><tfr rev_id="3705747" t="а"><v><l id="51" t="а"><g v="CONJ"></g></l></v></tfr></token><token id="554822" text="также"><tfr rev_id="4267644" t="также"><v><l id="342482" t="также"><g v="PRCL"></g></l></v></tfr></token><token id="554823" text="открытию"><tfr rev_id="1387906" t="открытию"><v><l id="214745" t="открытие"><g v="NOUN"></g><g v="inan"></g><g v="neut"></g><g v="sing"></g><g v="datv"></g></l></v></tfr></token><token id="554824" text="VII"><tfr rev_id="2627532" t="VII"><v><l id="0" t="VII"><g v="ROMN"></g></l></v></tfr></token><token id="554825" text="Международного"><tfr rev_id="3673585" t="Международного"><v><l id="157346" t="международный"><g v="ADJF"></g><g v="masc"></g><g v="sing"></g><g v="gent"></g></l></v><v><l id="157346" t="международный"><g v="ADJF"></g><g v="anim"></g><g v="masc"></g><g v="sing"></g><g v="accs"></g></l></v></tfr></token><token id="554826" text="конкурса"><tfr rev_id="1387909" t="конкурса"><v><l id="137916" t="конкурс"><g v="NOUN"></g><g v="inan"></g><g v="masc"></g><g v="sing"></g><g v="gent"></g></l></v></tfr></token><token id="554827" text="органистов"><tfr rev_id="2367379" t="органистов"><v><l id="208790" t="органист"><g v="NOUN"></g><g v="anim"></g><g v="masc"></g><g v="plur"></g><g v="gent"></g></l></v></tfr></token><token id="554828" text="имени"><tfr rev_id="3457038" t="имени"><v><l id="121947" t="имя"><g v="NOUN"></g><g v="inan"></g><g v="neut"></g><g v="sing"></g><g v="gent"></g></l></v></tfr></token><token id="554829" text="Микаэла"><tfr rev_id="3689865" t="Микаэла"><v><l id="159712" t="микаэл"><g v="NOUN"></g><g v="anim"></g><g v="masc"></g><g v="Name"></g><g v="sing"></g><g v="gent"></g></l></v></tfr></token><token id="554830" text="Таривердиева"><tfr rev_id="4469422" t="Таривердиева"><v><l id="343219" t="таривердиев"><g v="NOUN"></g><g v="anim"></g><g v="masc"></g><g v="Sgtm"></g><g v="Surn"></g><g v="sing"></g><g v="gent"></g></l></v></tfr></token><token id="554831" text="в"><tfr rev_id="1387914" t="в"><v><l id="37409" t="в"><g v="PREP"></g></l></v></tfr></token><token id="554832" text="Москве"><tfr rev_id="3549947" t="Москве"><v><l id="163901" t="москва"><g v="NOUN"></g><g v="inan"></g><g v="femn"></g><g v="Sgtm"></g><g v="Geox"></g><g v="sing"></g><g v="loct"></g></l></v></tfr></token><token id="554833" text=","><tfr rev_id="1387916" t=","><v><l id="0" t=","><g v="PNCT"></g></l></v></tfr></token><token id="554834" text="Астане"><tfr rev_id="4336566" t="Астане"><v><l id="388665" t="астана"><g v="NOUN"></g><g v="inan"></g><g v="femn"></g><g v="Sgtm"></g><g v="Geox"></g><g v="sing"></g><g v="loct"></g></l></v></tfr></token><token id="554835" text="и"><tfr rev_id="1387918" t="и"><v><l id="116949" t="и"><g v="CONJ"></g></l></v><v><l id="116950" t="и"><g v="INTJ"></g></l></v></tfr></token><token id="554836" text="Калининграде"><tfr rev_id="1387919" t="Калининграде"><v><l id="128491" t="калининград"><g v="NOUN"></g><g v="inan"></g><g v="masc"></g><g v="Geox"></g><g v="sing"></g><g v="loct"></g></l></v></tfr></token><token id="554837" text="и"><tfr rev_id="1387920" t="и"><v><l id="116949" t="и"><g v="CONJ"></g></l></v><v><l id="116950" t="и"><g v="INTJ"></g></l></v></tfr></token><token id="554838" text="старту"><tfr rev_id="1387921" t="старту"><v><l id="334984" t="старт"><g v="NOUN"></g><g v="inan"></g><g v="masc"></g><g v="sing"></g><g v="datv"></g></l></v></tfr></token><token id="554839" text="фестиваля"><tfr rev_id="1387922" t="фестиваля"><v><l id="365486" t="фестиваль"><g v="NOUN"></g><g v="inan"></g><g v="masc"></g><g v="sing"></g><g v="gent"></g></l></v></tfr></token><token id="554840" text="«"><tfr rev_id="2441847" t="«"><v><l id="0" t="«"><g v="PNCT"></g></l></v></tfr></token><token id="554841" text="Орган"><tfr rev_id="1387924" t="Орган"><v><l id="208736" t="орган"><g v="NOUN"></g><g v="inan"></g><g v="masc"></g><g v="sing"></g><g v="nomn"></g></l></v><v><l id="208736" t="орган"><g v="NOUN"></g><g v="inan"></g><g v="masc"></g><g v="sing"></g><g v="accs"></g></l></v></tfr></token><token id="554842" text="плюс"><tfr rev_id="1387925" t="плюс"><v><l id="241051" t="плюс"><g v="NOUN"></g><g v="inan"></g><g v="masc"></g><g v="sing"></g><g v="nomn"></g></l></v><v><l id="241051" t="плюс"><g v="NOUN"></g><g v="inan"></g><g v="masc"></g><g v="sing"></g><g v="accs"></g></l></v><v><l id="241052" t="плюс"><g v="PREP"></g></l></v><v><l id="241053" t="плюс"><g v="CONJ"></g></l></v></tfr></token><token id="554843" text="»"><tfr rev_id="2441848" t="»"><v><l id="0" t="»"><g v="PNCT"></g></l></v></tfr></token><token id="554844" text="."><tfr rev_id="1387927" t="."><v><l id="0" t="."><g v="PNCT"></g></l></v></tfr></token></tokens></sentence></paragraph><paragraph id="9891"><sentence id="30965"><source>VII Международный конкурс органистов имени Микаэла Таривердиева в 2011 году совпадает с юбилеем маэстро.</source><tokens><token id="554845" text="VII"><tfr rev_id="2627523" t="VII"><v><l id="0" t="VII"><g v="ROMN"></g></l></v></tfr></token><token id="554846" text="Международный"><tfr rev_id="1387929" t="Международный"><v><l id="157346" t="международный"><g v="ADJF"></g><g v="masc"></g><g v="sing"></g><g v="nomn"></g></l></v><v><l id="157346" t="международный"><g v="ADJF"></g><g v="inan"></g><g v="masc"></g><g v="sing"></g><g v="accs"></g></l></v></tfr></token><token id="554847" text="конкурс"><tfr rev_id="3282286" t="конкурс"><v><l id="137916" t="конкурс"><g v="NOUN"></g><g v="inan"></g><g v="masc"></g><g v="sing"></g><g v="nomn"></g></l></v></tfr></token><token id="554848" text="органистов"><tfr rev_id="3310028" t="органистов"><v><l id="208790" t="органист"><g v="NOUN"></g><g v="anim"></g><g v="masc"></g><g v="plur"></g><g v="gent"></g></l></v></tfr></token><token id="554849" text="имени"><tfr rev_id="2922435" t="имени"><v><l id="121947" t="имя"><g v="NOUN"></g><g v="inan"></g><g v="neut"></g><g v="sing"></g><g v="gent"></g></l></v></tfr></token><token id="554850" text="Микаэла"><tfr rev_id="4215894" t="Микаэла"><v><l id="159712" t="микаэл"><g v="NOUN"></g><g v="anim"></g><g v="masc"></g><g v="Name"></g><g v="sing"></g><g v="gent"></g></l></v></tfr></token><token id="554851" text="Таривердиева"><tfr rev_id="4468109" t="Таривердиева"><v><l id="343219" t="таривердиев"><g v="NOUN"></g><g v="anim"></g><g v="masc"></g><g v="Sgtm"></g><g v="Surn"></g><g v="sing"></g><g v="gent"></g></l></v></tfr></token><token id="554852" text="в"><tfr rev_id="1387935" t="в"><v><l id="37409" t="в"><g v="PREP"></g></l></v></tfr></token><token id="554853" text="2011"><tfr rev_id="2460963" t="2011"><v><l id="0" t="2011"><g v="NUMB"></g></l></v></tfr></token><token id="554854" text="году"><tfr rev_id="2928049" t="году"><v><l id="72149" t="год"><g v="NOUN"></g><g v="inan"></g><g v="masc"></g><g v="sing"></g><g v="loc2"></g></l></v></tfr></token><token id="554855" text="совпадает"><tfr rev_id="1387938" t="совпадает"><v><l id="328168" t="совпадаю"><g v="VERB"></g><g v="impf"></g><g v="intr"></g><g v="sing"></g><g v="3per"></g><g v="pres"></g><g v="indc"></g></l></v></tfr></token><token id="554856" text="с"><tfr rev_id="1387939" t="с"><v><l id="311151" t="с"><g v="PREP"></g></l></v></tfr></token><token id="554857" text="юбилеем"><tfr rev_id="1387940" t="юбилеем"><v><l id="386749" t="юбилей"><g v="NOUN"></g><g v="inan"></g><g v="masc"></g><g v="sing"></g><g v="ablt"></g></l></v></tfr></token><token id="554858" text="маэстро"><tfr rev_id="4179043" t="маэстро"><v><l id="156792" t="маэстро"><g v="NOUN"></g><g v="anim"></g><g v="masc"></g><g v="Fixd"></g><g v="sing"></g><g v="gent"></g></l></v></tfr></token><token id="554859" text="."><tfr rev_id="1387942" t="."><v><l id="0" t="."><g v="PNCT"></g></l></v></tfr></token></tokens></sentence><sentence id="30966"><source>В связи с этим в Калининграде – основном месте проведения конкурса - ему будет сопутствовать фестиваль «Орган плюс».</source><tokens><token id="554860" text="В"><tfr rev_id="1387943" t="В"><v><l id="37409" t="в"><g v="PREP"></g></l></v></tfr></token><token id="554861" text="связи"><tfr rev_id="4392338" t="связи"><v><l id="316572" t="связь"><g v="NOUN"></g><g v="inan"></g><g v="femn"></g><g v="sing"></g><g v="loc1"></g></l></v><v><l id="316572" t="связь"><g v="NOUN"></g><g v="inan"></g><g v="femn"></g><g v="sing"></g><g v="loc2"></g></l></v></tfr></token><token id="554862" text="с"><tfr rev_id="1387945" t="с"><v><l id="311151" t="с"><g v="PREP"></g></l></v></tfr></token><token id="554863" text="этим"><tfr rev_id="3451738" t="этим"><v><l id="386575" t="это"><g v="NPRO"></g><g v="neut"></g><g v="sing"></g><g v="ablt"></g></l></v></tfr></token><token id="554864" text="в"><tfr rev_id="1387947" t="в"><v><l id="37409" t="в"><g v="PREP"></g></l></v></tfr></token><token id="554865" text="Калининграде"><tfr rev_id="1387948" t="Калининграде"><v><l id="128491" t="калининград"><g v="NOUN"></g><g v="inan"></g><g v="masc"></g><g v="Geox"></g><g v="sing"></g><g v="loct"></g></l></v></tfr></token><token id="554866" text="–"><tfr rev_id="2441849" t="–"><v><l id="0" t="–"><g v="PNCT"></g></l></v></tfr></token><token id="554867" text="основном"><tfr rev_id="4298349" t="основном"><v><l id="210595" t="основной"><g v="ADJF"></g><g v="neut"></g><g v="sing"></g><g v="loct"></g></l></v><v><l id="210598" t="основный"><g v="ADJF"></g><g v="Qual"></g><g v="neut"></g><g v="sing"></g><g v="loct"></g></l></v></tfr></token><token id="554868" text="месте"><tfr rev_id="1387951" t="месте"><v><l id="158822" t="место"><g v="NOUN"></g><g v="inan"></g><g v="neut"></g><g v="sing"></g><g v="loct"></g></l></v></tfr></token><token id="554869" text="проведения"><tfr rev_id="3448581" t="проведения"><v><l id="277705" t="проведение"><g v="NOUN"></g><g v="inan"></g><g v="neut"></g><g v="sing"></g><g v="gent"></g></l></v></tfr></token><token id="554870" text="конкурса"><tfr rev_id="1387953" t="конкурса"><v><l id="137916" t="конкурс"><g v="NOUN"></g><g v="inan"></g><g v="masc"></g><g v="sing"></g><g v="gent"></g></l></v></tfr></token><token id="554871" text="-"><tfr rev_id="1387954" t="-"><v><l id="0" t="-"><g v="PNCT"></g></l></v></tfr></token><token id="554872" text="ему"><tfr rev_id="4528875" t="ему"><v><l id="206541" t="он"><g v="NPRO"></g><g v="masc"></g><g v="3per"></g><g v="Anph"></g><g v="sing"></g><g v="datv"></g></l></v><v><l id="206649" t="оно"><g v="NPRO"></g><g v="neut"></g><g v="3per"></g><g v="Anph"></g><g v="sing"></g><g v="datv"></g></l></v></tfr></token><token id="554873" text="будет"><tfr rev_id="1387956" t="будет"><v><l id="37265" t="есть"><g v="VERB"></g><g v="impf"></g><g v="intr"></g><g v="sing"></g><g v="3per"></g><g v="futr"></g><g v="indc"></g></l></v></tfr></token><token id="554874" text="сопутствовать"><tfr rev_id="1387957" t="сопутствовать"><v><l id="329929" t="сопутствовать"><g v="INFN"></g><g v="impf"></g><g v="intr"></g></l></v></tfr></token><token id="554875" text="фестиваль"><tfr rev_id="4095523" t="фестиваль"><v><l id="365486" t="фестиваль"><g v="NOUN"></g><g v="inan"></g><g v="masc"></g><g v="sing"></g><g v="nomn"></g></l></v></tfr></token><token id="554876" text="«"><tfr rev_id="2441850" t="«"><v><l id="0" t="«"><g v="PNCT"></g></l></v></tfr></token><token id="554877" text="Орган"><tfr rev_id="1387960" t="Орган"><v><l id="208736" t="орган"><g v="NOUN"></g><g v="inan"></g><g v="masc"></g><g v="sing"></g><g v="nomn"></g></l></v><v><l id="208736" t="орган"><g v="NOUN"></g><g v="inan"></g><g v="masc"></g><g v="sing"></g><g v="accs"></g></l></v></tfr></token><token id="554878" text="плюс"><tfr rev_id="1387961" t="плюс"><v><l id="241051" t="плюс"><g v="NOUN"></g><g v="inan"></g><g v="masc"></g><g v="sing"></g><g v="nomn"></g></l></v><v><l id="241051" t="плюс"><g v="NOUN"></g><g v="inan"></g><g v="masc"></g><g v="sing"></g><g v="accs"></g></l></v><v><l id="241052" t="плюс"><g v="PREP"></g></l></v><v><l id="241053" t="плюс"><g v="CONJ"></g></l></v></tfr></token><token id="554879" text="»"><tfr rev_id="2441851" t="»"><v><l id="0" t="»"><g v="PNCT"></g></l></v></tfr></token><token id="554880" text="."><tfr rev_id="1387963" t="."><v><l id="0" t="."><g v="PNCT"></g></l></v></tfr></token></tokens></sentence><sentence id="30967"><source>В этом году на конкурс подано рекордное количество заявок – 52.</source><tokens><token id="554881" text="В"><tfr rev_id="1387964" t="В"><v><l id="37409" t="в"><g v="PREP"></g></l></v></tfr></token><token id="554882" text="этом"><tfr rev_id="4472860" t="этом"><v><l id="386581" t="этот"><g v="ADJF"></g><g v="Subx"></g><g v="Apro"></g><g v="Anph"></g><g v="masc"></g><g v="sing"></g><g v="loct"></g></l></v></tfr></token><token id="554883" text="году"><tfr rev_id="2827660" t="году"><v><l id="72149" t="год"><g v="NOUN"></g><g v="inan"></g><g v="masc"></g><g v="sing"></g><g v="loc2"></g></l></v></tfr></token><token id="554884" text="на"><tfr rev_id="3337689" t="на"><v><l id="166264" t="на"><g v="PREP"></g></l></v></tfr></token><token id="554885" text="конкурс"><tfr rev_id="2782526" t="конкурс"><v><l id="137916" t="конкурс"><g v="NOUN"></g><g v="inan"></g><g v="masc"></g><g v="sing"></g><g v="accs"></g></l></v></tfr></token><token id="554886" text="подано"><tfr rev_id="1387969" t="подано"><v><l id="243895" t="подан"><g v="PRTS"></g><g v="perf"></g><g v="past"></g><g v="pssv"></g><g v="neut"></g><g v="sing"></g></l></v></tfr></token><token id="554887" text="рекордное"><tfr rev_id="3756333" t="рекордное"><v><l id="305804" t="рекордный"><g v="ADJF"></g><g v="Qual"></g><g v="neut"></g><g v="sing"></g><g v="nomn"></g></l></v></tfr></token><token id="554888" text="количество"><tfr rev_id="1387971" t="количество"><v><l id="135983" t="количество"><g v="NOUN"></g><g v="inan"></g><g v="neut"></g><g v="sing"></g><g v="nomn"></g></l></v><v><l id="135983" t="количество"><g v="NOUN"></g><g v="inan"></g><g v="neut"></g><g v="sing"></g><g v="accs"></g></l></v></tfr></token><token id="554889" text="заявок"><tfr rev_id="1387972" t="заявок"><v><l id="114310" t="заявка"><g v="NOUN"></g><g v="inan"></g><g v="femn"></g><g v="plur"></g><g v="gent"></g></l></v></tfr></token><token id="554890" text="–"><tfr rev_id="2441852" t="–"><v><l id="0" t="–"><g v="PNCT"></g></l></v></tfr></token><token id="554891" text="52"><tfr rev_id="2460964" t="52"><v><l id="0" t="52"><g v="NUMB"></g></l></v></tfr></token><token id="554892" text="."><tfr rev_id="1387975" t="."><v><l id="0" t="."><g v="PNCT"></g></l></v></tfr></token></tokens></sentence><sentence id="30968"><source>Уже прошли отборочные туры в Канзасе (США), Гамбурге (Германия), на очереди - Астана (Казахстан) и Москва.</source><tokens><token id="554893" text="Уже"><tfr rev_id="2692617" t="Уже"><v><l id="355422" t="уж"><g v="NOUN"></g><g v="anim"></g><g v="masc"></g><g v="sing"></g><g v="loct"></g></l></v><v><l id="355498" t="уже"><g v="ADVB"></g></l></v><v><l id="355674" t="уже"><g v="COMP"></g><g v="Qual"></g></l></v><v><l id="388673" t="уже"><g v="PRCL"></g></l></v></tfr></token><token id="554894" text="прошли"><tfr rev_id="1387977" t="прошли"><v><l id="280310" t="прошёл"><g v="VERB"></g><g v="perf"></g><g v="tran"></g><g v="plur"></g><g v="past"></g><g v="indc"></g></l></v></tfr></token><token id="554895" text="отборочные"><tfr rev_id="3861531" t="отборочные"><v><l id="211908" t="отборочный"><g v="ADJF"></g><g v="Qual"></g><g v="plur"></g><g v="nomn"></g></l></v></tfr></token><token id="554896" text="туры"><tfr rev_id="4292189" t="туры"><v><l id="351654" t="тур"><g v="NOUN"></g><g v="inan"></g><g v="masc"></g><g v="plur"></g><g v="nomn"></g></l></v></tfr></token><token id="554897" text="в"><tfr rev_id="1387980" t="в"><v><l id="37409" t="в"><g v="PREP"></g></l></v></tfr></token><token id="554898" text="Канзасе"><tfr rev_id="1387981" t="Канзасе"><v><l id="129350" t="канзас"><g v="NOUN"></g><g v="inan"></g><g v="masc"></g><g v="Geox"></g><g v="sing"></g><g v="loct"></g></l></v></tfr></token><token id="554899" text="("><tfr rev_id="1387982" t="("><v><l id="0" t="("><g v="PNCT"></g></l></v></tfr></token><token id="554900" text="США"><tfr rev_id="3811330" t="США"><v><l id="341371" t="сша"><g v="NOUN"></g><g v="inan"></g><g v="GNdr"></g><g v="Pltm"></g><g v="Fixd"></g><g v="Abbr"></g><g v="Geox"></g><g v="plur"></g><g v="nomn"></g></l></v><v><l id="341371" t="сша"><g v="NOUN"></g><g v="inan"></g><g v="GNdr"></g><g v="Pltm"></g><g v="Fixd"></g><g v="Abbr"></g><g v="Geox"></g><g v="plur"></g><g v="gent"></g></l></v><v><l id="341371" t="сша"><g v="NOUN"></g><g v="inan"></g><g v="GNdr"></g><g v="Pltm"></g><g v="Fixd"></g><g v="Abbr"></g><g v="Geox"></g><g v="plur"></g><g v="datv"></g></l></v><v><l id="341371" t="сша"><g v="NOUN"></g><g v="inan"></g><g v="GNdr"></g><g v="Pltm"></g><g v="Fixd"></g><g v="Abbr"></g><g v="Geox"></g><g v="plur"></g><g v="accs"></g></l></v><v><l id="341371" t="сша"><g v="NOUN"></g><g v="inan"></g><g v="GNdr"></g><g v="Pltm"></g><g v="Fixd"></g><g v="Abbr"></g><g v="Geox"></g><g v="plur"></g><g v="ablt"></g></l></v><v><l id="341371" t="сша"><g v="NOUN"></g><g v="inan"></g><g v="GNdr"></g><g v="Pltm"></g><g v="Fixd"></g><g v="Abbr"></g><g v="Geox"></g><g v="plur"></g><g v="loct"></g></l></v></tfr></token><token id="554901" text=")"><tfr rev_id="1387984" t=")"><v><l id="0" t=")"><g v="PNCT"></g></l></v></tfr></token><token id="554902" text=","><tfr rev_id="1387985" t=","><v><l id="0" t=","><g v="PNCT"></g></l></v></tfr></token><token id="554903" text="Гамбурге"><tfr rev_id="1387986" t="Гамбурге"><v><l id="66883" t="гамбург"><g v="NOUN"></g><g v="inan"></g><g v="masc"></g><g v="Geox"></g><g v="sing"></g><g v="loct"></g></l></v></tfr></token><token id="554904" text="("><tfr rev_id="1387987" t="("><v><l id="0" t="("><g v="PNCT"></g></l></v></tfr></token><token id="554905" text="Германия"><tfr rev_id="4293156" t="Германия"><v><l id="69099" t="германия"><g v="NOUN"></g><g v="inan"></g><g v="femn"></g><g v="Sgtm"></g><g v="Geox"></g><g v="sing"></g><g v="nomn"></g></l></v></tfr></token><token id="554906" text=")"><tfr rev_id="1387989" t=")"><v><l id="0" t=")"><g v="PNCT"></g></l></v></tfr></token><token id="554907" text=","><tfr rev_id="1387990" t=","><v><l id="0" t=","><g v="PNCT"></g></l></v></tfr></token><token id="554908" text="на"><tfr rev_id="3395491" t="на"><v><l id="166264" t="на"><g v="PREP"></g></l></v></tfr></token><token id="554909" text="очереди"><tfr rev_id="4178488" t="очереди"><v><l id="221692" t="очередь"><g v="NOUN"></g><g v="inan"></g><g v="femn"></g><g v="sing"></g><g v="loct"></g></l></v></tfr></token><token id="554910" text="-"><tfr rev_id="1387993" t="-"><v><l id="0" t="-"><g v="PNCT"></g></l></v></tfr></token><token id="554911" text="Астана"><tfr rev_id="4461553" t="Астана"><v><l id="0" t="Астана"><g v="UNKN"></g></l></v></tfr></token><token id="554912" text="("><tfr rev_id="1387995" t="("><v><l id="0" t="("><g v="PNCT"></g></l></v></tfr></token><token id="554913" text="Казахстан"><tfr rev_id="3549066" t="Казахстан"><v><l id="127948" t="казахстан"><g v="NOUN"></g><g v="inan"></g><g v="masc"></g><g v="Geox"></g><g v="sing"></g><g v="nomn"></g></l></v></tfr></token><token id="554914" text=")"><tfr rev_id="1387997" t=")"><v><l id="0" t=")"><g v="PNCT"></g></l></v></tfr></token><token id="554915" text="и"><tfr rev_id="3880410" t="и"><v><l id="116949" t="и"><g v="CONJ"></g></l></v></tfr></token><token id="554916" text="Москва"><tfr rev_id="1387999" t="Москва"><v><l id="163901" t="москва"><g v="NOUN"></g><g v="inan"></g><g v="femn"></g><g v="Sgtm"></g><g v="Geox"></g><g v="sing"></g><g v="nomn"></g></l></v></tfr></token><token id="554917" text="."><tfr rev_id="1388000" t="."><v><l id="0" t="."><g v="PNCT"></g></l></v></tfr></token></tokens></sentence><sentence id="30969"><source>Второй и третий туры состоятся в Калининграде, куда приедут музыканты, прошедшие отборы в одном из перечисленных мест.</source><tokens><token id="554918" text="Второй"><tfr rev_id="4216350" t="Второй"><v><l id="55043" t="второй"><g v="ADJF"></g><g v="Anum"></g><g v="masc"></g><g v="sing"></g><g v="nomn"></g></l></v><v><l id="55043" t="второй"><g v="ADJF"></g><g v="Anum"></g><g v="inan"></g><g v="masc"></g><g v="sing"></g><g v="accs"></g></l></v></tfr></token><token id="554919" text="и"><tfr rev_id="1388002" t="и"><v><l id="116949" t="и"><g v="CONJ"></g></l></v><v><l id="116950" t="и"><g v="INTJ"></g></l></v></tfr></token><token id="554920" text="третий"><tfr rev_id="3521281" t="третий"><v><l id="349855" t="третий"><g v="ADJF"></g><g v="Anum"></g><g v="masc"></g><g v="sing"></g><g v="nomn"></g></l></v><v><l id="349855" t="третий"><g v="ADJF"></g><g v="Anum"></g><g v="inan"></g><g v="masc"></g><g v="sing"></g><g v="accs"></g></l></v></tfr></token><token id="554921" text="туры"><tfr rev_id="4292201" t="туры"><v><l id="351654" t="тур"><g v="NOUN"></g><g v="inan"></g><g v="masc"></g><g v="plur"></g><g v="nomn"></g></l></v></tfr></token><token id="554922" text="состоятся"><tfr rev_id="1388005" t="состоятся"><v><l id="330568" t="состоялся"><g v="VERB"></g><g v="perf"></g><g v="intr"></g><g v="plur"></g><g v="3per"></g><g v="futr"></g><g v="indc"></g></l></v></tfr></token><token id="554923" text="в"><tfr rev_id="1388006" t="в"><v><l id="37409" t="в"><g v="PREP"></g></l></v></tfr></token><token id="554924" text="Калининграде"><tfr rev_id="1388007" t="Калининграде"><v><l id="128491" t="калининград"><g v="NOUN"></g><g v="inan"></g><g v="masc"></g><g v="Geox"></g><g v="sing"></g><g v="loct"></g></l></v></tfr></token><token id="554925" text=","><tfr rev_id="1388008" t=","><v><l id="0" t=","><g v="PNCT"></g></l></v></tfr></token><token id="554926" text="куда"><tfr rev_id="4508646" t="куда"><v><l id="144374" t="куда"><g v="ADVB"></g><g v="Ques"></g></l></v><v><l id="144375" t="куда"><g v="NOUN"></g><g v="inan"></g><g v="femn"></g><g v="Sgtm"></g><g v="Geox"></g><g v="sing"></g><g v="nomn"></g></l></v><v><l id="390062" t="куда"><g v="PRCL"></g></l></v><v><l id="390962" t="куда"><g v="CONJ"></g></l></v></tfr></token><token id="554927" text="приедут"><tfr rev_id="1388010" t="приедут"><v><l id="270371" t="приехал"><g v="VERB"></g><g v="perf"></g><g v="intr"></g><g v="plur"></g><g v="3per"></g><g v="futr"></g><g v="indc"></g></l></v></tfr></token><token id="554928" text="музыканты"><tfr rev_id="1388011" t="музыканты"><v><l id="164809" t="музыкант"><g v="NOUN"></g><g v="anim"></g><g v="masc"></g><g v="plur"></g><g v="nomn"></g></l></v></tfr></token><token id="554929" text=","><tfr rev_id="1388012" t=","><v><l id="0" t=","><g v="PNCT"></g></l></v></tfr></token><token id="554930" text="прошедшие"><tfr rev_id="1388013" t="прошедшие"><v><l id="280312" t="прошедший"><g v="PRTF"></g><g v="perf"></g><g v="tran"></g><g v="past"></g><g v="actv"></g><g v="plur"></g><g v="nomn"></g></l></v><v><l id="280312" t="прошедший"><g v="PRTF"></g><g v="perf"></g><g v="tran"></g><g v="past"></g><g v="actv"></g><g v="inan"></g><g v="plur"></g><g v="accs"></g></l></v><v><l id="287611" t="прошедшее"><g v="NOUN"></g><g v="inan"></g><g v="neut"></g><g v="plur"></g><g v="nomn"></g></l></v><v><l id="287611" t="прошедшее"><g v="NOUN"></g><g v="inan"></g><g v="neut"></g><g v="plur"></g><g v="accs"></g></l></v><v><l id="287612" t="прошедший"><g v="ADJF"></g><g v="plur"></g><g v="nomn"></g></l></v><v><l id="287612" t="прошедший"><g v="ADJF"></g><g v="inan"></g><g v="plur"></g><g v="accs"></g></l></v></tfr></token><token id="554931" text="отборы"><tfr rev_id="3728021" t="отборы"><v><l id="211900" t="отбор"><g v="NOUN"></g><g v="inan"></g><g v="masc"></g><g v="plur"></g><g v="accs"></g></l></v></tfr></token><token id="554932" text="в"><tfr rev_id="1388015" t="в"><v><l id="37409" t="в"><g v="PREP"></g></l></v></tfr></token><token id="554933" text="одном"><tfr rev_id="4301540" t="одном"><v><l id="203319" t="один"><g v="ADJF"></g><g v="Apro"></g><g v="Anum"></g><g v="neut"></g><g v="sing"></g><g v="loct"></g></l></v></tfr></token><token id="554934" text="из"><tfr rev_id="1671214" t="из"><v><l id="117677" t="из"><g v="PREP"></g></l></v></tfr></token><token id="554935" text="перечисленных"><tfr rev_id="1388018" t="перечисленных"><v><l id="236688" t="перечисленный"><g v="ADJF"></g><g v="Qual"></g><g v="plur"></g><g v="gent"></g></l></v><v><l id="236688" t="перечисленный"><g v="ADJF"></g><g v="Qual"></g><g v="anim"></g><g v="plur"></g><g v="accs"></g></l></v><v><l id="236688" t="перечисленный"><g v="ADJF"></g><g v="Qual"></g><g v="plur"></g><g v="loct"></g></l></v><v><l id="236699" t="перечисленный"><g v="PRTF"></g><g v="perf"></g><g v="tran"></g><g v="past"></g><g v="pssv"></g><g v="plur"></g><g v="gent"></g></l></v><v><l id="236699" t="перечисленный"><g v="PRTF"></g><g v="perf"></g><g v="tran"></g><g v="past"></g><g v="pssv"></g><g v="anim"></g><g v="plur"></g><g v="accs"></g></l></v><v><l id="236699" t="перечисленный"><g v="PRTF"></g><g v="perf"></g><g v="tran"></g><g v="past"></g><g v="pssv"></g><g v="plur"></g><g v="loct"></g></l></v></tfr></token><token id="554936" text="мест"><tfr rev_id="1388019" t="мест"><v><l id="158822" t="место"><g v="NOUN"></g><g v="inan"></g><g v="neut"></g><g v="plur"></g><g v="gent"></g></l></v></tfr></token><token id="554937" text="."><tfr rev_id="1388020" t="."><v><l id="0" t="."><g v="PNCT"></g></l></v></tfr></token></tokens></sentence><sentence id="30970"><source>В этом году в конкурсе принимают участие музыканты из 26 стран.</source><tokens><token id="554938" text="В"><tfr rev_id="1388021" t="В"><v><l id="37409" t="в"><g v="PREP"></g></l></v></tfr></token><token id="554939" text="этом"><tfr rev_id="4435699" t="этом"><v><l id="386581" t="этот"><g v="ADJF"></g><g v="Subx"></g><g v="Apro"></g><g v="Anph"></g><g v="masc"></g><g v="sing"></g><g v="loct"></g></l></v></tfr></token><token id="554940" text="году"><tfr rev_id="3045764" t="году"><v><l id="72149" t="год"><g v="NOUN"></g><g v="inan"></g><g v="masc"></g><g v="sing"></g><g v="loc2"></g></l></v></tfr></token><token id="554941" text="в"><tfr rev_id="1388024" t="в"><v><l id="37409" t="в"><g v="PREP"></g></l></v></tfr></token><token id="554942" text="конкурсе"><tfr rev_id="1388025" t="конкурсе"><v><l id="137916" t="конкурс"><g v="NOUN"></g><g v="inan"></g><g v="masc"></g><g v="sing"></g><g v="loct"></g></l></v></tfr></token><token id="554943" text="принимают"><tfr rev_id="1388026" t="принимают"><v><l id="272582" t="принимаю"><g v="VERB"></g><g v="impf"></g><g v="tran"></g><g v="plur"></g><g v="3per"></g><g v="pres"></g><g v="indc"></g></l></v></tfr></token><token id="554944" text="участие"><tfr rev_id="3458113" t="участие"><v><l id="363132" t="участие"><g v="NOUN"></g><g v="inan"></g><g v="neut"></g><g v="sing"></g><g v="accs"></g></l></v></tfr></token><token id="554945" text="музыканты"><tfr rev_id="1388028" t="музыканты"><v><l id="164809" t="музыкант"><g v="NOUN"></g><g v="anim"></g><g v="masc"></g><g v="plur"></g><g v="nomn"></g></l></v></tfr></token><token id="554946" text="из"><tfr rev_id="2603734" t="из"><v><l id="117677" t="из"><g v="PREP"></g></l></v></tfr></token><token id="554947" text="26"><tfr rev_id="2460965" t="26"><v><l id="0" t="26"><g v="NUMB"></g></l></v></tfr></token><token id="554948" text="стран"><tfr rev_id="1388031" t="стран"><v><l id="337100" t="страна"><g v="NOUN"></g><g v="inan"></g><g v="femn"></g><g v="plur"></g><g v="gent"></g></l></v></tfr></token><token id="554949" text="."><tfr rev_id="1388032" t="."><v><l id="0" t="."><g v="PNCT"></g></l></v></tfr></token></tokens></sentence></paragraph><paragraph id="9892"><sentence id="30971"><source>Европейский тур конкурса проходил в этом году в самой известной кирхе Гамбурга, одном из самых известных культурных мест Северной Германии - Кирхе Св. Михаэля.</source><tokens><token id="554950" text="Европейский"><tfr rev_id="1388033" t="Европейский"><v><l id="94034" t="европейский"><g v="ADJF"></g><g v="masc"></g><g v="sing"></g><g v="nomn"></g></l></v><v><l id="94034" t="европейский"><g v="ADJF"></g><g v="inan"></g><g v="masc"></g><g v="sing"></g><g v="accs"></g></l></v></tfr></token><token id="554951" text="тур"><tfr rev_id="4330768" t="тур"><v><l id="351654" t="тур"><g v="NOUN"></g><g v="inan"></g><g v="masc"></g><g v="sing"></g><g v="nomn"></g></l></v></tfr></token><token id="554952" text="конкурса"><tfr rev_id="1388035" t="конкурса"><v><l id="137916" t="конкурс"><g v="NOUN"></g><g v="inan"></g><g v="masc"></g><g v="sing"></g><g v="gent"></g></l></v></tfr></token><token id="554953" text="проходил"><tfr rev_id="1388036" t="проходил"><v><l id="287183" t="прохожу"><g v="VERB"></g><g v="impf"></g><g v="tran"></g><g v="masc"></g><g v="sing"></g><g v="past"></g><g v="indc"></g></l></v><v><l id="287190" t="проходил"><g v="VERB"></g><g v="perf"></g><g v="intr"></g><g v="masc"></g><g v="sing"></g><g v="past"></g><g v="indc"></g></l></v></tfr></token><token id="554954" text="в"><tfr rev_id="1388037" t="в"><v><l id="37409" t="в"><g v="PREP"></g></l></v></tfr></token><token id="554955" text="этом"><tfr rev_id="4435700" t="этом"><v><l id="386581" t="этот"><g v="ADJF"></g><g v="Subx"></g><g v="Apro"></g><g v="Anph"></g><g v="masc"></g><g v="sing"></g><g v="loct"></g></l></v></tfr></token><token id="554956" text="году"><tfr rev_id="3045915" t="году"><v><l id="72149" t="год"><g v="NOUN"></g><g v="inan"></g><g v="masc"></g><g v="sing"></g><g v="loc2"></g></l></v></tfr></token><token id="554957" text="в"><tfr rev_id="1388040" t="в"><v><l id="37409" t="в"><g v="PREP"></g></l></v></tfr></token><token id="554958" text="самой"><tfr rev_id="4423661" t="самой"><v><l id="312034" t="сам"><g v="ADJF"></g><g v="Apro"></g><g v="femn"></g><g v="sing"></g><g v="loct"></g></l></v><v><l id="313174" t="самый"><g v="ADJF"></g><g v="Apro"></g><g v="femn"></g><g v="sing"></g><g v="loct"></g></l></v></tfr></token><token id="554959" text="известной"><tfr rev_id="4261613" t="известной"><v><l id="118144" t="известный"><g v="ADJF"></g><g v="Qual"></g><g v="femn"></g><g v="sing"></g><g v="loct"></g></l></v></tfr></token><token id="554960" text="кирхе"><tfr rev_id="3447393" t="кирхе"><v><l id="133436" t="кирха"><g v="NOUN"></g><g v="inan"></g><g v="femn"></g><g v="sing"></g><g v="loct"></g></l></v></tfr></token><token id="554961" text="Гамбурга"><tfr rev_id="1388044" t="Гамбурга"><v><l id="66883" t="гамбург"><g v="NOUN"></g><g v="inan"></g><g v="masc"></g><g v="Geox"></g><g v="sing"></g><g v="gent"></g></l></v></tfr></token><token id="554962" text=","><tfr rev_id="1388045" t=","><v><l id="0" t=","><g v="PNCT"></g></l></v></tfr></token><token id="554963" text="одном"><tfr rev_id="4301541" t="одном"><v><l id="203319" t="один"><g v="ADJF"></g><g v="Apro"></g><g v="Anum"></g><g v="neut"></g><g v="sing"></g><g v="loct"></g></l></v></tfr></token><token id="554964" text="из"><tfr rev_id="2604015" t="из"><v><l id="117677" t="из"><g v="PREP"></g></l></v></tfr></token><token id="554965" text="самых"><tfr rev_id="4163271" t="самых"><v><l id="313174" t="самый"><g v="ADJF"></g><g v="Apro"></g><g v="plur"></g><g v="gent"></g></l></v></tfr></token><token id="554966" text="известных"><tfr rev_id="4402465" t="известных"><v><l id="118144" t="известный"><g v="ADJF"></g><g v="Qual"></g><g v="plur"></g><g v="gent"></g></l></v></tfr></token><token id="554967" text="культурных"><tfr rev_id="4197788" t="культурных"><v><l id="144857" t="культурный"><g v="ADJF"></g><g v="Qual"></g><g v="plur"></g><g v="gent"></g></l></v></tfr></token><token id="554968" text="мест"><tfr rev_id="1388051" t="мест"><v><l id="158822" t="место"><g v="NOUN"></g><g v="inan"></g><g v="neut"></g><g v="plur"></g><g v="gent"></g></l></v></tfr></token><token id="554969" text="Северной"><tfr rev_id="4423586" t="Северной"><v><l id="317517" t="северный"><g v="ADJF"></g><g v="Qual"></g><g v="femn"></g><g v="sing"></g><g v="gent"></g></l></v></tfr></token><token id="554970" text="Германии"><tfr rev_id="3947510" t="Германии"><v><l id="69099" t="германия"><g v="NOUN"></g><g v="inan"></g><g v="femn"></g><g v="Sgtm"></g><g v="Geox"></g><g v="sing"></g><g v="gent"></g></l></v></tfr></token><token id="554971" text="-"><tfr rev_id="1388054" t="-"><v><l id="0" t="-"><g v="PNCT"></g></l></v></tfr></token><token id="554972" text="Кирхе"><tfr rev_id="3537388" t="Кирхе"><v><l id="133436" t="кирха"><g v="NOUN"></g><g v="inan"></g><g v="femn"></g><g v="sing"></g><g v="loct"></g></l></v></tfr></token><token id="554973" text="Св"><tfr rev_id="4458046" t="Св"><v><l id="390046" t="св"><g v="ADJF"></g><g v="Fixd"></g><g v="Abbr"></g><g v="masc"></g><g v="sing"></g><g v="nomn"></g></l></v><v><l id="390046" t="св"><g v="ADJF"></g><g v="Fixd"></g><g v="Abbr"></g><g v="masc"></g><g v="sing"></g><g v="gent"></g></l></v><v><l id="390046" t="св"><g v="ADJF"></g><g v="Fixd"></g><g v="Abbr"></g><g v="masc"></g><g v="sing"></g><g v="datv"></g></l></v><v><l id="390046" t="св"><g v="ADJF"></g><g v="Fixd"></g><g v="Abbr"></g><g v="masc"></g><g v="sing"></g><g v="accs"></g></l></v><v><l id="390046" t="св"><g v="ADJF"></g><g v="Fixd"></g><g v="Abbr"></g><g v="masc"></g><g v="sing"></g><g v="ablt"></g></l></v><v><l id="390046" t="св"><g v="ADJF"></g><g v="Fixd"></g><g v="Abbr"></g><g v="masc"></g><g v="sing"></g><g v="loct"></g></l></v></tfr></token><token id="554974" text="."><tfr rev_id="1388057" t="."><v><l id="0" t="."><g v="PNCT"></g></l></v></tfr></token><token id="554975" text="Михаэля"><tfr rev_id="3302483" t="Михаэля"><v><l id="161244" t="михаэль"><g v="NOUN"></g><g v="anim"></g><g v="masc"></g><g v="Name"></g><g v="sing"></g><g v="gent"></g></l></v></tfr></token><token id="554976" text="."><tfr rev_id="1388059" t="."><v><l id="0" t="."><g v="PNCT"></g></l></v></tfr></token></tokens></sentence><sentence id="30972"><source>Американский тур - в Канзасе, в одном из самых известных органных залов США - Bales Organ Recital Hall.</source><tokens><token id="554977" text="Американский"><tfr rev_id="1388060" t="Американский"><v><l id="11429" t="американский"><g v="ADJF"></g><g v="masc"></g><g v="sing"></g><g v="nomn"></g></l></v><v><l id="11429" t="американский"><g v="ADJF"></g><g v="inan"></g><g v="masc"></g><g v="sing"></g><g v="accs"></g></l></v></tfr></token><token id="554978" text="тур"><tfr rev_id="4336025" t="тур"><v><l id="351654" t="тур"><g v="NOUN"></g><g v="inan"></g><g v="masc"></g><g v="sing"></g><g v="nomn"></g></l></v></tfr></token><token id="554979" text="-"><tfr rev_id="1388062" t="-"><v><l id="0" t="-"><g v="PNCT"></g></l></v></tfr></token><token id="554980" text="в"><tfr rev_id="1388063" t="в"><v><l id="37409" t="в"><g v="PREP"></g></l></v></tfr></token><token id="554981" text="Канзасе"><tfr rev_id="1388064" t="Канзасе"><v><l id="129350" t="канзас"><g v="NOUN"></g><g v="inan"></g><g v="masc"></g><g v="Geox"></g><g v="sing"></g><g v="loct"></g></l></v></tfr></token><token id="554982" text=","><tfr rev_id="1388065" t=","><v><l id="0" t=","><g v="PNCT"></g></l></v></tfr></token><token id="554983" text="в"><tfr rev_id="1388066" t="в"><v><l id="37409" t="в"><g v="PREP"></g></l></v></tfr></token><token id="554984" text="одном"><tfr rev_id="4301542" t="одном"><v><l id="203319" t="один"><g v="ADJF"></g><g v="Apro"></g><g v="Anum"></g><g v="masc"></g><g v="sing"></g><g v="loct"></g></l></v></tfr></token><token id="554985" text="из"><tfr rev_id="2601550" t="из"><v><l id="117677" t="из"><g v="PREP"></g></l></v></tfr></token><token id="554986" text="самых"><tfr rev_id="3668584" t="самых"><v><l id="313174" t="самый"><g v="ADJF"></g><g v="Apro"></g><g v="plur"></g><g v="gent"></g></l></v></tfr></token><token id="554987" text="известных"><tfr rev_id="4197742" t="известных"><v><l id="118144" t="известный"><g v="ADJF"></g><g v="Qual"></g><g v="plur"></g><g v="gent"></g></l></v></tfr></token><token id="554988" text="органных"><tfr rev_id="4408888" t="органных"><v><l id="208799" t="органный"><g v="ADJF"></g><g v="Qual"></g><g v="plur"></g><g v="gent"></g></l></v></tfr></token><token id="554989" text="залов"><tfr rev_id="1388072" t="залов"><v><l id="104463" t="зал"><g v="NOUN"></g><g v="inan"></g><g v="masc"></g><g v="plur"></g><g v="gent"></g></l></v></tfr></token><token id="554990" text="США"><tfr rev_id="4457083" t="США"><v><l id="341371" t="сша"><g v="NOUN"></g><g v="inan"></g><g v="GNdr"></g><g v="Pltm"></g><g v="Fixd"></g><g v="Abbr"></g><g v="Geox"></g><g v="plur"></g><g v="gent"></g></l></v></tfr></token><token id="554991" text="-"><tfr rev_id="1388074" t="-"><v><l id="0" t="-"><g v="PNCT"></g></l></v></tfr></token><token id="554992" text="Bales"><tfr rev_id="2473977" t="Bales"><v><l id="0" t="Bales"><g v="LATN"></g></l></v></tfr></token><token id="554993" text="Organ"><tfr rev_id="2473978" t="Organ"><v><l id="0" t="Organ"><g v="LATN"></g></l></v></tfr></token><token id="554994" text="Recital"><tfr rev_id="2473979" t="Recital"><v><l id="0" t="Recital"><g v="LATN"></g></l></v></tfr></token><token id="554995" text="Hall"><tfr rev_id="2473980" t="Hall"><v><l id="0" t="Hall"><g v="LATN"></g></l></v></tfr></token><token id="554996" text="."><tfr rev_id="1388079" t="."><v><l id="0" t="."><g v="PNCT"></g></l></v></tfr></token></tokens></sentence><sentence id="30973"><source>Оба отборочных тура сопровождалось фестивалями и концертами, посвящёнными русской музык и творчеству Микаэла Таривердиева.</source><tokens><token id="554997" text="Оба"><tfr rev_id="1388080" t="Оба"><v><l id="193002" t="оба"><g v="NUMR"></g><g v="masc"></g><g v="nomn"></g></l></v><v><l id="193002" t="оба"><g v="NUMR"></g><g v="inan"></g><g v="masc"></g><g v="accs"></g></l></v><v><l id="193002" t="оба"><g v="NUMR"></g><g v="neut"></g><g v="nomn"></g></l></v><v><l id="193002" t="оба"><g v="NUMR"></g><g v="inan"></g><g v="neut"></g><g v="accs"></g></l></v></tfr></token><token id="554998" text="отборочных"><tfr rev_id="3709373" t="отборочных"><v><l id="211908" t="отборочный"><g v="ADJF"></g><g v="Qual"></g><g v="plur"></g><g v="gent"></g></l></v></tfr></token><token id="554999" text="тура"><tfr rev_id="4320371" t="тура"><v><l id="351654" t="тур"><g v="NOUN"></g><g v="inan"></g><g v="masc"></g><g v="sing"></g><g v="gent"></g></l></v></tfr></token><token id="555000" text="сопровождалось"><tfr rev_id="1388083" t="сопровождалось"><v><l id="329887" t="сопровождаюсь"><g v="VERB"></g><g v="impf"></g><g v="intr"></g><g v="neut"></g><g v="sing"></g><g v="past"></g><g v="indc"></g></l></v></tfr></token><token id="555001" text="фестивалями"><tfr rev_id="1388084" t="фестивалями"><v><l id="365486" t="фестиваль"><g v="NOUN"></g><g v="inan"></g><g v="masc"></g><g v="plur"></g><g v="ablt"></g></l></v></tfr></token><token id="555002" text="и"><tfr rev_id="1388085" t="и"><v><l id="116949" t="и"><g v="CONJ"></g></l></v><v><l id="116950" t="и"><g v="INTJ"></g></l></v></tfr></token><token id="555003" text="концертами"><tfr rev_id="1388086" t="концертами"><v><l id="138954" t="концерт"><g v="NOUN"></g><g v="inan"></g><g v="masc"></g><g v="plur"></g><g v="ablt"></g></l></v></tfr></token><token id="555004" text=","><tfr rev_id="1388087" t=","><v><l id="0" t=","><g v="PNCT"></g></l></v></tfr></token><token id="555005" text="посвящёнными"><tfr rev_id="1388088" t="посвящёнными"><v><l id="261152" t="посвящённый"><g v="PRTF"></g><g v="perf"></g><g v="tran"></g><g v="past"></g><g v="pssv"></g><g v="plur"></g><g v="ablt"></g></l></v></tfr></token><token id="555006" text="русской"><tfr rev_id="4424015" t="русской"><v><l id="310321" t="русский"><g v="ADJF"></g><g v="Subx"></g><g v="femn"></g><g v="sing"></g><g v="datv"></g></l></v></tfr></token><token id="555007" text="музык"><tfr rev_id="1388090" t="музык"><v><l id="164802" t="музыка"><g v="NOUN"></g><g v="inan"></g><g v="femn"></g><g v="plur"></g><g v="gent"></g></l></v></tfr></token><token id="555008" text="и"><tfr rev_id="1388091" t="и"><v><l id="116949" t="и"><g v="CONJ"></g></l></v><v><l id="116950" t="и"><g v="INTJ"></g></l></v></tfr></token><token id="555009" text="творчеству"><tfr rev_id="1388092" t="творчеству"><v><l id="343860" t="творчество"><g v="NOUN"></g><g v="inan"></g><g v="neut"></g><g v="sing"></g><g v="datv"></g></l></v></tfr></token><token id="555010" text="Микаэла"><tfr rev_id="4216718" t="Микаэла"><v><l id="159712" t="микаэл"><g v="NOUN"></g><g v="anim"></g><g v="masc"></g><g v="Name"></g><g v="sing"></g><g v="gent"></g></l></v></tfr></token><token id="555011" text="Таривердиева"><tfr rev_id="4286801" t="Таривердиева"><v><l id="343219" t="таривердиев"><g v="NOUN"></g><g v="anim"></g><g v="masc"></g><g v="Sgtm"></g><g v="Surn"></g><g v="sing"></g><g v="gent"></g></l></v><v><l id="343219" t="таривердиев"><g v="NOUN"></g><g v="anim"></g><g v="masc"></g><g v="Sgtm"></g><g v="Surn"></g><g v="sing"></g><g v="accs"></g></l></v></tfr></token><token id="555012" text="."><tfr rev_id="1388095" t="."><v><l id="0" t="."><g v="PNCT"></g></l></v></tfr></token></tokens></sentence><sentence id="30974"><source>Финальные, второй и третий туры, пройдут с 6 по 11 сентября в Калининграде.</source><tokens><token id="555013" text="Финальные"><tfr rev_id="4092455" t="Финальные"><v><l id="366071" t="финальный"><g v="ADJF"></g><g v="Qual"></g><g v="plur"></g><g v="nomn"></g></l></v></tfr></token><token id="555014" text=","><tfr rev_id="1388097" t=","><v><l id="0" t=","><g v="PNCT"></g></l></v></tfr></token><token id="555015" text="второй"><tfr rev_id="4216189" t="второй"><v><l id="55043" t="второй"><g v="ADJF"></g><g v="Anum"></g><g v="masc"></g><g v="sing"></g><g v="nomn"></g></l></v><v><l id="55043" t="второй"><g v="ADJF"></g><g v="Anum"></g><g v="inan"></g><g v="masc"></g><g v="sing"></g><g v="accs"></g></l></v></tfr></token><token id="555016" text="и"><tfr rev_id="1388099" t="и"><v><l id="116949" t="и"><g v="CONJ"></g></l></v><v><l id="116950" t="и"><g v="INTJ"></g></l></v></tfr></token><token id="555017" text="третий"><tfr rev_id="3521282" t="третий"><v><l id="349855" t="третий"><g v="ADJF"></g><g v="Anum"></g><g v="masc"></g><g v="sing"></g><g v="nomn"></g></l></v><v><l id="349855" t="третий"><g v="ADJF"></g><g v="Anum"></g><g v="inan"></g><g v="masc"></g><g v="sing"></g><g v="accs"></g></l></v></tfr></token><token id="555018" text="туры"><tfr rev_id="4329238" t="туры"><v><l id="351654" t="тур"><g v="NOUN"></g><g v="inan"></g><g v="masc"></g><g v="plur"></g><g v="nomn"></g></l></v></tfr></token><token id="555019" text=","><tfr rev_id="1388102" t=","><v><l id="0" t=","><g v="PNCT"></g></l></v></tfr></token><token id="555020" text="пройдут"><tfr rev_id="1388103" t="пройдут"><v><l id="280310" t="прошёл"><g v="VERB"></g><g v="perf"></g><g v="tran"></g><g v="plur"></g><g v="3per"></g><g v="futr"></g><g v="indc"></g></l></v></tfr></token><token id="555021" text="с"><tfr rev_id="1388104" t="с"><v><l id="311151" t="с"><g v="PREP"></g></l></v></tfr></token><token id="555022" text="6"><tfr rev_id="2460966" t="6"><v><l id="0" t="6"><g v="NUMB"></g></l></v></tfr></token><token id="555023" text="по"><tfr rev_id="1388106" t="по"><v><l id="241240" t="по"><g v="PREP"></g></l></v></tfr></token><token id="555024" text="11"><tfr rev_id="2460967" t="11"><v><l id="0" t="11"><g v="NUMB"></g></l></v></tfr></token><token id="555025" text="сентября"><tfr rev_id="1388108" t="сентября"><v><l id="318866" t="сентябрь"><g v="NOUN"></g><g v="inan"></g><g v="masc"></g><g v="sing"></g><g v="gent"></g></l></v></tfr></token><token id="555026" text="в"><tfr rev_id="1388109" t="в"><v><l id="37409" t="в"><g v="PREP"></g></l></v></tfr></token><token id="555027" text="Калининграде"><tfr rev_id="1388110" t="Калининграде"><v><l id="128491" t="калининград"><g v="NOUN"></g><g v="inan"></g><g v="masc"></g><g v="Geox"></g><g v="sing"></g><g v="loct"></g></l></v></tfr></token><token id="555028" text="."><tfr rev_id="1388111" t="."><v><l id="0" t="."><g v="PNCT"></g></l></v></tfr></token></tokens></sentence></paragraph><paragraph id="9893"><sentence id="30975"><source>6 сентября в Концертном зале Калининградской областной филармонии в гала-концерте открытия конкурса программа из специально подготовленных произведений для органа и различных составов инструментов.</source><tokens><token id="555029" text="6"><tfr rev_id="2460968" t="6"><v><l id="0" t="6"><g v="NUMB"></g></l></v></tfr></token><token id="555030" text="сентября"><tfr rev_id="1388113" t="сентября"><v><l id="318866" t="сентябрь"><g v="NOUN"></g><g v="inan"></g><g v="masc"></g><g v="sing"></g><g v="gent"></g></l></v></tfr></token><token id="555031" text="в"><tfr rev_id="1388114" t="в"><v><l id="37409" t="в"><g v="PREP"></g></l></v></tfr></token><token id="555032" text="Концертном"><tfr rev_id="3431117" t="Концертном"><v><l id="138966" t="концертный"><g v="ADJF"></g><g v="Qual"></g><g v="masc"></g><g v="sing"></g><g v="loct"></g></l></v></tfr></token><token id="555033" text="зале"><tfr rev_id="4355307" t="зале"><v><l id="104463" t="зал"><g v="NOUN"></g><g v="inan"></g><g v="masc"></g><g v="sing"></g><g v="loct"></g></l></v></tfr></token><token id="555034" text="Калининградской"><tfr rev_id="4165992" t="Калининградской"><v><l id="128514" t="калининградский"><g v="ADJF"></g><g v="femn"></g><g v="sing"></g><g v="gent"></g></l></v></tfr></token><token id="555035" text="областной"><tfr rev_id="4316580" t="областной"><v><l id="196227" t="областной"><g v="ADJF"></g><g v="femn"></g><g v="sing"></g><g v="gent"></g></l></v></tfr></token><token id="555036" text="филармонии"><tfr rev_id="4177273" t="филармонии"><v><l id="365846" t="филармония"><g v="NOUN"></g><g v="inan"></g><g v="femn"></g><g v="sing"></g><g v="gent"></g></l></v></tfr></token><token id="555037" text="в"><tfr rev_id="1388120" t="в"><v><l id="37409" t="в"><g v="PREP"></g></l></v></tfr></token><token id="555038" text="гала-концерте"><tfr rev_id="4540130" t="гала-концерте"><v><l id="392378" t="гала-концерт"><g v="NOUN"></g><g v="inan"></g><g v="masc"></g><g v="sing"></g><g v="loct"></g></l></v></tfr></token><token id="555039" text="открытия"><tfr rev_id="3434414" t="открытия"><v><l id="214745" t="открытие"><g v="NOUN"></g><g v="inan"></g><g v="neut"></g><g v="sing"></g><g v="gent"></g></l></v></tfr></token><token id="555040" text="конкурса"><tfr rev_id="1388123" t="конкурса"><v><l id="137916" t="конкурс"><g v="NOUN"></g><g v="inan"></g><g v="masc"></g><g v="sing"></g><g v="gent"></g></l></v></tfr></token><token id="555041" text="программа"><tfr rev_id="1388124" t="программа"><v><l id="278686" t="программа"><g v="NOUN"></g><g v="inan"></g><g v="femn"></g><g v="sing"></g><g v="nomn"></g></l></v></tfr></token><token id="555042" text="из"><tfr rev_id="1717983" t="из"><v><l id="117677" t="из"><g v="PREP"></g></l></v></tfr></token><token id="555043" text="специально"><tfr rev_id="1388126" t="специально"><v><l id="331873" t="специально"><g v="ADVB"></g></l></v><v><l id="331877" t="специален"><g v="ADJS"></g><g v="neut"></g><g v="sing"></g></l></v></tfr></token><token id="555044" text="подготовленных"><tfr rev_id="4427244" t="подготовленных"><v><l id="245107" t="подготовленный"><g v="PRTF"></g><g v="perf"></g><g v="tran"></g><g v="past"></g><g v="pssv"></g><g v="plur"></g><g v="gent"></g></l></v></tfr></token><token id="555045" text="произведений"><tfr rev_id="3753269" t="произведений"><v><l id="280082" t="произведение"><g v="NOUN"></g><g v="inan"></g><g v="neut"></g><g v="plur"></g><g v="gent"></g></l></v></tfr></token><token id="555046" text="для"><tfr rev_id="2922618" t="для"><v><l id="85032" t="для"><g v="PREP"></g></l></v></tfr></token><token id="555047" text="органа"><tfr rev_id="1388130" t="органа"><v><l id="208736" t="орган"><g v="NOUN"></g><g v="inan"></g><g v="masc"></g><g v="sing"></g><g v="gent"></g></l></v></tfr></token><token id="555048" text="и"><tfr rev_id="1388131" t="и"><v><l id="116949" t="и"><g v="CONJ"></g></l></v><v><l id="116950" t="и"><g v="INTJ"></g></l></v></tfr></token><token id="555049" text="различных"><tfr rev_id="4370743" t="различных"><v><l id="294553" t="различный"><g v="ADJF"></g><g v="Qual"></g><g v="plur"></g><g v="gent"></g></l></v></tfr></token><token id="555050" text="составов"><tfr rev_id="1388133" t="составов"><v><l id="330479" t="состав"><g v="NOUN"></g><g v="inan"></g><g v="masc"></g><g v="plur"></g><g v="gent"></g></l></v></tfr></token><token id="555051" text="инструментов"><tfr rev_id="1388134" t="инструментов"><v><l id="122944" t="инструмент"><g v="NOUN"></g><g v="inan"></g><g v="masc"></g><g v="plur"></g><g v="gent"></g></l></v></tfr></token><token id="555052" text="."><tfr rev_id="1388135" t="."><v><l id="0" t="."><g v="PNCT"></g></l></v></tfr></token></tokens></sentence><sentence id="30976"><source>В концерте примут участие «Терем квартет», дуэт «Хиде-Хиде» (сякухати, семисен, Япония), Геворг Дабагян (Армения), Хироко Инноуэ (Япония, орган), Термине Егиазарян (Армения, сопрано), Ласло Фашанг (Венгрия, орган), Рустам Комачков, (виолончель), Алексей Гориболь (фортепиано).</source><tokens><token id="555053" text="В"><tfr rev_id="1388136" t="В"><v><l id="37409" t="в"><g v="PREP"></g></l></v></tfr></token><token id="555054" text="концерте"><tfr rev_id="1388137" t="концерте"><v><l id="138954" t="концерт"><g v="NOUN"></g><g v="inan"></g><g v="masc"></g><g v="sing"></g><g v="loct"></g></l></v></tfr></token><token id="555055" text="примут"><tfr rev_id="1388138" t="примут"><v><l id="272700" t="принял"><g v="VERB"></g><g v="perf"></g><g v="tran"></g><g v="plur"></g><g v="3per"></g><g v="futr"></g><g v="indc"></g></l></v></tfr></token><token id="555056" text="участие"><tfr rev_id="3861208" t="участие"><v><l id="363132" t="участие"><g v="NOUN"></g><g v="inan"></g><g v="neut"></g><g v="sing"></g><g v="accs"></g></l></v></tfr></token><token id="555057" text="«"><tfr rev_id="2441853" t="«"><v><l id="0" t="«"><g v="PNCT"></g></l></v></tfr></token><token id="555058" text="Терем"><tfr rev_id="1388141" t="Терем"><v><l id="345193" t="терем"><g v="NOUN"></g><g v="inan"></g><g v="masc"></g><g v="sing"></g><g v="nomn"></g></l></v><v><l id="345193" t="терем"><g v="NOUN"></g><g v="inan"></g><g v="masc"></g><g v="sing"></g><g v="accs"></g></l></v></tfr></token><token id="555059" text="квартет"><tfr rev_id="1388142" t="квартет"><v><l id="132017" t="квартет"><g v="NOUN"></g><g v="inan"></g><g v="masc"></g><g v="sing"></g><g v="nomn"></g></l></v><v><l id="132017" t="квартет"><g v="NOUN"></g><g v="inan"></g><g v="masc"></g><g v="sing"></g><g v="accs"></g></l></v></tfr></token><token id="555060" text="»"><tfr rev_id="2441854" t="»"><v><l id="0" t="»"><g v="PNCT"></g></l></v></tfr></token><token id="555061" text=","><tfr rev_id="1388144" t=","><v><l id="0" t=","><g v="PNCT"></g></l></v></tfr></token><token id="555062" text="дуэт"><tfr rev_id="3458049" t="дуэт"><v><l id="93446" t="дуэт"><g v="NOUN"></g><g v="inan"></g><g v="masc"></g><g v="sing"></g><g v="nomn"></g></l></v></tfr></token><token id="555063" text="«"><tfr rev_id="2441855" t="«"><v><l id="0" t="«"><g v="PNCT"></g></l></v></tfr></token><token id="555064" text="Хиде-Хиде"><tfr rev_id="1388147" t="Хиде-Хиде"><v><l id="0" t="хиде-хиде"><g v="UNKN"></g></l></v></tfr></token><token id="555065" text="»"><tfr rev_id="2441856" t="»"><v><l id="0" t="»"><g v="PNCT"></g></l></v></tfr></token><token id="555066" text="("><tfr rev_id="1388149" t="("><v><l id="0" t="("><g v="PNCT"></g></l></v></tfr></token><token id="555067" text="сякухати"><tfr rev_id="1388150" t="сякухати"><v><l id="0" t="сякухати"><g v="UNKN"></g></l></v></tfr></token><token id="555068" text=","><tfr rev_id="1388151" t=","><v><l id="0" t=","><g v="PNCT"></g></l></v></tfr></token><token id="555069" text="семисен"><tfr rev_id="1388152" t="семисен"><v><l id="0" t="семисен"><g v="UNKN"></g></l></v></tfr></token><token id="555070" text=","><tfr rev_id="1388153" t=","><v><l id="0" t=","><g v="PNCT"></g></l></v></tfr></token><token id="555071" text="Япония"><tfr rev_id="1388154" t="Япония"><v><l id="387993" t="япония"><g v="NOUN"></g><g v="inan"></g><g v="femn"></g><g v="Sgtm"></g><g v="Geox"></g><g v="sing"></g><g v="nomn"></g></l></v></tfr></token><token id="555072" text=")"><tfr rev_id="1388155" t=")"><v><l id="0" t=")"><g v="PNCT"></g></l></v></tfr></token><token id="555073" text=","><tfr rev_id="1388156" t=","><v><l id="0" t=","><g v="PNCT"></g></l></v></tfr></token><token id="555074" text="Геворг"><tfr rev_id="1388157" t="Геворг"><v><l id="68027" t="геворг"><g v="NOUN"></g><g v="anim"></g><g v="masc"></g><g v="Name"></g><g v="sing"></g><g v="nomn"></g></l></v></tfr></token><token id="555075" text="Дабагян"><tfr rev_id="1388158" t="Дабагян"><v><l id="0" t="дабагян"><g v="UNKN"></g></l></v></tfr></token><token id="555076" text="("><tfr rev_id="1388159" t="("><v><l id="0" t="("><g v="PNCT"></g></l></v></tfr></token><token id="555077" text="Армения"><tfr rev_id="1388160" t="Армения"><v><l id="16830" t="армения"><g v="NOUN"></g><g v="inan"></g><g v="femn"></g><g v="Sgtm"></g><g v="Geox"></g><g v="sing"></g><g v="nomn"></g></l></v></tfr></token><token id="555078" text=")"><tfr rev_id="1388161" t=")"><v><l id="0" t=")"><g v="PNCT"></g></l></v></tfr></token><token id="555079" text=","><tfr rev_id="1388162" t=","><v><l id="0" t=","><g v="PNCT"></g></l></v></tfr></token><token id="555080" text="Хироко"><tfr rev_id="1388163" t="Хироко"><v><l id="0" t="хироко"><g v="UNKN"></g></l></v></tfr></token><token id="555081" text="Инноуэ"><tfr rev_id="1388164" t="Инноуэ"><v><l id="0" t="инноуэ"><g v="UNKN"></g></l></v></tfr></token><token id="555082" text="("><tfr rev_id="1388165" t="("><v><l id="0" t="("><g v="PNCT"></g></l></v></tfr></token><token id="555083" text="Япония"><tfr rev_id="1388166" t="Япония"><v><l id="387993" t="япония"><g v="NOUN"></g><g v="inan"></g><g v="femn"></g><g v="Sgtm"></g><g v="Geox"></g><g v="sing"></g><g v="nomn"></g></l></v></tfr></token><token id="555084" text=","><tfr rev_id="1388167" t=","><v><l id="0" t=","><g v="PNCT"></g></l></v></tfr></token><token id="555085" text="орган"><tfr rev_id="1388168" t="орган"><v><l id="208736" t="орган"><g v="NOUN"></g><g v="inan"></g><g v="masc"></g><g v="sing"></g><g v="nomn"></g></l></v><v><l id="208736" t="орган"><g v="NOUN"></g><g v="inan"></g><g v="masc"></g><g v="sing"></g><g v="accs"></g></l></v></tfr></token><token id="555086" text=")"><tfr rev_id="1388169" t=")"><v><l id="0" t=")"><g v="PNCT"></g></l></v></tfr></token><token id="555087" text=","><tfr rev_id="1388170" t=","><v><l id="0" t=","><g v="PNCT"></g></l></v></tfr></token><token id="555088" text="Термине"><tfr rev_id="4399421" t="Термине"><v><l id="0" t="Термине"><g v="UNKN"></g></l></v></tfr></token><token id="555089" text="Егиазарян"><tfr rev_id="4409278" t="Егиазарян"><v><l id="94192" t="егиазарян"><g v="NOUN"></g><g v="anim"></g><g v="femn"></g><g v="Sgtm"></g><g v="Fixd"></g><g v="Surn"></g><g v="sing"></g><g v="nomn"></g></l></v></tfr></token><token id="555090" text="("><tfr rev_id="1388173" t="("><v><l id="0" t="("><g v="PNCT"></g></l></v></tfr></token><token id="555091" text="Армения"><tfr rev_id="1388174" t="Армения"><v><l id="16830" t="армения"><g v="NOUN"></g><g v="inan"></g><g v="femn"></g><g v="Sgtm"></g><g v="Geox"></g><g v="sing"></g><g v="nomn"></g></l></v></tfr></token><token id="555092" text=","><tfr rev_id="1388175" t=","><v><l id="0" t=","><g v="PNCT"></g></l></v></tfr></token><token id="555093" text="сопрано"><tfr rev_id="2761296" t="сопрано"><v><l id="329792" t="сопрано"><g v="NOUN"></g><g v="anim"></g><g v="femn"></g><g v="Fixd"></g><g v="sing"></g><g v="nomn"></g></l></v><v><l id="329792" t="сопрано"><g v="NOUN"></g><g v="anim"></g><g v="femn"></g><g v="Fixd"></g><g v="sing"></g><g v="gent"></g></l></v><v><l id="329792" t="сопрано"><g v="NOUN"></g><g v="anim"></g><g v="femn"></g><g v="Fixd"></g><g v="sing"></g><g v="datv"></g></l></v><v><l id="329792" t="сопрано"><g v="NOUN"></g><g v="anim"></g><g v="femn"></g><g v="Fixd"></g><g v="sing"></g><g v="accs"></g></l></v><v><l id="329792" t="сопрано"><g v="NOUN"></g><g v="anim"></g><g v="femn"></g><g v="Fixd"></g><g v="sing"></g><g v="ablt"></g></l></v><v><l id="329792" t="сопрано"><g v="NOUN"></g><g v="anim"></g><g v="femn"></g><g v="Fixd"></g><g v="sing"></g><g v="loct"></g></l></v><v><l id="329793" t="сопрано"><g v="NOUN"></g><g v="inan"></g><g v="neut"></g><g v="Fixd"></g><g v="sing"></g><g v="nomn"></g></l></v><v><l id="329793" t="сопрано"><g v="NOUN"></g><g v="inan"></g><g v="neut"></g><g v="Fixd"></g><g v="sing"></g><g v="gent"></g></l></v><v><l id="329793" t="сопрано"><g v="NOUN"></g><g v="inan"></g><g v="neut"></g><g v="Fixd"></g><g v="sing"></g><g v="datv"></g></l></v><v><l id="329793" t="сопрано"><g v="NOUN"></g><g v="inan"></g><g v="neut"></g><g v="Fixd"></g><g v="sing"></g><g v="accs"></g></l></v><v><l id="329793" t="сопрано"><g v="NOUN"></g><g v="inan"></g><g v="neut"></g><g v="Fixd"></g><g v="sing"></g><g v="ablt"></g></l></v><v><l id="329793" t="сопрано"><g v="NOUN"></g><g v="inan"></g><g v="neut"></g><g v="Fixd"></g><g v="sing"></g><g v="loct"></g></l></v></tfr></token><token id="555094" text=")"><tfr rev_id="1388177" t=")"><v><l id="0" t=")"><g v="PNCT"></g></l></v></tfr></token><token id="555095" text=","><tfr rev_id="1388178" t=","><v><l id="0" t=","><g v="PNCT"></g></l></v></tfr></token><token id="555096" text="Ласло"><tfr rev_id="4180279" t="Ласло"><v><l id="147005" t="ласло"><g v="NOUN"></g><g v="anim"></g><g v="masc"></g><g v="Fixd"></g><g v="Name"></g><g v="sing"></g><g v="nomn"></g></l></v></tfr></token><token id="555097" text="Фашанг"><tfr rev_id="1388180" t="Фашанг"><v><l id="0" t="фашанг"><g v="UNKN"></g></l></v></tfr></token><token id="555098" text="("><tfr rev_id="1388181" t="("><v><l id="0" t="("><g v="PNCT"></g></l></v></tfr></token><token id="555099" text="Венгрия"><tfr rev_id="1388182" t="Венгрия"><v><l id="40896" t="венгрия"><g v="NOUN"></g><g v="inan"></g><g v="femn"></g><g v="Sgtm"></g><g v="Geox"></g><g v="sing"></g><g v="nomn"></g></l></v></tfr></token><token id="555100" text=","><tfr rev_id="1388183" t=","><v><l id="0" t=","><g v="PNCT"></g></l></v></tfr></token><token id="555101" text="орган"><tfr rev_id="3282346" t="орган"><v><l id="208736" t="орган"><g v="NOUN"></g><g v="inan"></g><g v="masc"></g><g v="sing"></g><g v="nomn"></g></l></v></tfr></token><token id="555102" text=")"><tfr rev_id="1388185" t=")"><v><l id="0" t=")"><g v="PNCT"></g></l></v></tfr></token><token id="555103" text=","><tfr rev_id="1388186" t=","><v><l id="0" t=","><g v="PNCT"></g></l></v></tfr></token><token id="555104" text="Рустам"><tfr rev_id="3437152" t="Рустам"><v><l id="310334" t="рустам"><g v="NOUN"></g><g v="anim"></g><g v="masc"></g><g v="Name"></g><g v="sing"></g><g v="nomn"></g></l></v></tfr></token><token id="555105" text="Комачков"><tfr rev_id="1388188" t="Комачков"><v><l id="0" t="комачков"><g v="UNKN"></g></l></v></tfr></token><token id="555106" text=","><tfr rev_id="1388189" t=","><v><l id="0" t=","><g v="PNCT"></g></l></v></tfr></token><token id="555107" text="("><tfr rev_id="1388190" t="("><v><l id="0" t="("><g v="PNCT"></g></l></v></tfr></token><token id="555108" text="виолончель"><tfr rev_id="1388191" t="виолончель"><v><l id="45397" t="виолончель"><g v="NOUN"></g><g v="inan"></g><g v="femn"></g><g v="sing"></g><g v="nomn"></g></l></v><v><l id="45397" t="виолончель"><g v="NOUN"></g><g v="inan"></g><g v="femn"></g><g v="sing"></g><g v="accs"></g></l></v></tfr></token><token id="555109" text=")"><tfr rev_id="1388192" t=")"><v><l id="0" t=")"><g v="PNCT"></g></l></v></tfr></token><token id="555110" text=","><tfr rev_id="1388193" t=","><v><l id="0" t=","><g v="PNCT"></g></l></v></tfr></token><token id="555111" text="Алексей"><tfr rev_id="1388194" t="Алексей"><v><l id="8618" t="алексей"><g v="NOUN"></g><g v="anim"></g><g v="masc"></g><g v="Name"></g><g v="sing"></g><g v="nomn"></g></l></v></tfr></token><token id="555112" text="Гориболь"><tfr rev_id="1388195" t="Гориболь"><v><l id="0" t="гориболь"><g v="UNKN"></g></l></v></tfr></token><token id="555113" text="("><tfr rev_id="1388196" t="("><v><l id="0" t="("><g v="PNCT"></g></l></v></tfr></token><token id="555114" text="фортепиано"><tfr rev_id="4168065" t="фортепиано"><v><l id="367321" t="фортепиано"><g v="NOUN"></g><g v="inan"></g><g v="neut"></g><g v="Fixd"></g><g v="sing"></g><g v="nomn"></g></l></v></tfr></token><token id="555115" text=")"><tfr rev_id="1388198" t=")"><v><l id="0" t=")"><g v="PNCT"></g></l></v></tfr></token><token id="555116" text="."><tfr rev_id="1388199" t="."><v><l id="0" t="."><g v="PNCT"></g></l></v></tfr></token></tokens></sentence><sentence id="30977"><source>Состоится мировая премьера нового сочинения композитора Ваче Шарафьяна, написанная специально для церемонии открытия конкурса для Органа и «Терем-квартета».</source><tokens><token id="555117" text="Состоится"><tfr rev_id="1388200" t="Состоится"><v><l id="330568" t="состоялся"><g v="VERB"></g><g v="perf"></g><g v="intr"></g><g v="sing"></g><g v="3per"></g><g v="futr"></g><g v="indc"></g></l></v></tfr></token><token id="555118" text="мировая"><tfr rev_id="1388201" t="мировая"><v><l id="160894" t="мировой"><g v="ADJF"></g><g v="femn"></g><g v="sing"></g><g v="nomn"></g></l></v></tfr></token><token id="555119" text="премьера"><tfr rev_id="4215684" t="премьера"><v><l id="267777" t="премьера"><g v="NOUN"></g><g v="inan"></g><g v="femn"></g><g v="sing"></g><g v="nomn"></g></l></v></tfr></token><token id="555120" text="нового"><tfr rev_id="4306719" t="нового"><v><l id="191918" t="новый"><g v="ADJF"></g><g v="Qual"></g><g v="neut"></g><g v="sing"></g><g v="gent"></g></l></v></tfr></token><token id="555121" text="сочинения"><tfr rev_id="3452311" t="сочинения"><v><l id="331138" t="сочинение"><g v="NOUN"></g><g v="inan"></g><g v="neut"></g><g v="sing"></g><g v="gent"></g></l></v></tfr></token><token id="555122" text="композитора"><tfr rev_id="4386210" t="композитора"><v><l id="137299" t="композитор"><g v="NOUN"></g><g v="anim"></g><g v="masc"></g><g v="sing"></g><g v="gent"></g></l></v></tfr></token><token id="555123" text="Ваче"><tfr rev_id="1388206" t="Ваче"><v><l id="0" t="ваче"><g v="UNKN"></g></l></v></tfr></token><token id="555124" text="Шарафьяна"><tfr rev_id="1388207" t="Шарафьяна"><v><l id="0" t="шарафьяна"><g v="UNKN"></g></l></v></tfr></token><token id="555125" text=","><tfr rev_id="1388208" t=","><v><l id="0" t=","><g v="PNCT"></g></l></v></tfr></token><token id="555126" text="написанная"><tfr rev_id="1388209" t="написанная"><v><l id="173437" t="написанный"><g v="PRTF"></g><g v="perf"></g><g v="tran"></g><g v="past"></g><g v="pssv"></g><g v="femn"></g><g v="sing"></g><g v="nomn"></g></l></v></tfr></token><token id="555127" text="специально"><tfr rev_id="1388210" t="специально"><v><l id="331873" t="специально"><g v="ADVB"></g></l></v><v><l id="331877" t="специален"><g v="ADJS"></g><g v="neut"></g><g v="sing"></g></l></v></tfr></token><token id="555128" text="для"><tfr rev_id="3325428" t="для"><v><l id="85032" t="для"><g v="PREP"></g></l></v></tfr></token><token id="555129" text="церемонии"><tfr rev_id="3549314" t="церемонии"><v><l id="373652" t="церемония"><g v="NOUN"></g><g v="inan"></g><g v="femn"></g><g v="sing"></g><g v="gent"></g></l></v></tfr></token><token id="555130" text="открытия"><tfr rev_id="3434845" t="открытия"><v><l id="214745" t="открытие"><g v="NOUN"></g><g v="inan"></g><g v="neut"></g><g v="sing"></g><g v="gent"></g></l></v></tfr></token><token id="555131" text="конкурса"><tfr rev_id="1388214" t="конкурса"><v><l id="137916" t="конкурс"><g v="NOUN"></g><g v="inan"></g><g v="masc"></g><g v="sing"></g><g v="gent"></g></l></v></tfr></token><token id="555132" text="для"><tfr rev_id="2922585" t="для"><v><l id="85032" t="для"><g v="PREP"></g></l></v></tfr></token><token id="555133" text="Органа"><tfr rev_id="1388216" t="Органа"><v><l id="208736" t="орган"><g v="NOUN"></g><g v="inan"></g><g v="masc"></g><g v="sing"></g><g v="gent"></g></l></v></tfr></token><token id="555134" text="и"><tfr rev_id="3542268" t="и"><v><l id="116949" t="и"><g v="CONJ"></g></l></v></tfr></token><token id="555135" text="«"><tfr rev_id="2441857" t="«"><v><l id="0" t="«"><g v="PNCT"></g></l></v></tfr></token><token id="555136" text="Терем-квартета"><tfr rev_id="4557868" t="Терем-квартета"><v><l id="393607" t="терем-квартет"><g v="NOUN"></g><g v="inan"></g><g v="masc"></g><g v="Orgn"></g><g v="sing"></g><g v="gent"></g></l></v></tfr></token><token id="555137" text="»"><tfr rev_id="2441858" t="»"><v><l id="0" t="»"><g v="PNCT"></g></l></v></tfr></token><token id="555138" text="."><tfr rev_id="1388221" t="."><v><l id="0" t="."><g v="PNCT"></g></l></v></tfr></token></tokens></sentence><sentence id="30978"><source>Эти же артисты и коллективы параллельно конкурсу выступят на других площадках Калининграда (Драматическом театре, Музыкальном театре на Бассейной, Армянском культурном центре).</source><tokens><token id="555139" text="Эти"><tfr rev_id="4446122" t="Эти"><v><l id="386581" t="этот"><g v="ADJF"></g><g v="Subx"></g><g v="Apro"></g><g v="Anph"></g><g v="plur"></g><g v="nomn"></g></l></v></tfr></token><token id="555140" text="же"><tfr rev_id="1388223" t="же"><v><l id="96208" t="же"><g v="CONJ"></g></l></v><v><l id="96209" t="же"><g v="PRCL"></g></l></v></tfr></token><token id="555141" text="артисты"><tfr rev_id="1388224" t="артисты"><v><l id="17421" t="артист"><g v="NOUN"></g><g v="anim"></g><g v="masc"></g><g v="plur"></g><g v="nomn"></g></l></v></tfr></token><token id="555142" text="и"><tfr rev_id="1388225" t="и"><v><l id="116949" t="и"><g v="CONJ"></g></l></v><v><l id="116950" t="и"><g v="INTJ"></g></l></v></tfr></token><token id="555143" text="коллективы"><tfr rev_id="3284690" t="коллективы"><v><l id="136019" t="коллектив"><g v="NOUN"></g><g v="inan"></g><g v="masc"></g><g v="plur"></g><g v="nomn"></g></l></v></tfr></token><token id="555144" text="параллельно"><tfr rev_id="1388227" t="параллельно"><v><l id="223765" t="параллельно"><g v="ADVB"></g></l></v><v><l id="223769" t="параллелен"><g v="ADJS"></g><g v="neut"></g><g v="sing"></g></l></v></tfr></token><token id="555145" text="конкурсу"><tfr rev_id="1388228" t="конкурсу"><v><l id="137916" t="конкурс"><g v="NOUN"></g><g v="inan"></g><g v="masc"></g><g v="sing"></g><g v="datv"></g></l></v></tfr></token><token id="555146" text="выступят"><tfr rev_id="1388229" t="выступят"><v><l id="62885" t="выступил"><g v="VERB"></g><g v="perf"></g><g v="intr"></g><g v="plur"></g><g v="3per"></g><g v="futr"></g><g v="indc"></g></l></v></tfr></token><token id="555147" text="на"><tfr rev_id="3338712" t="на"><v><l id="166264" t="на"><g v="PREP"></g></l></v></tfr></token><token id="555148" text="других"><tfr rev_id="3709275" t="других"><v><l id="92342" t="другой"><g v="ADJF"></g><g v="Apro"></g><g v="Subx"></g><g v="plur"></g><g v="loct"></g></l></v></tfr></token><token id="555149" text="площадках"><tfr rev_id="1388232" t="площадках"><v><l id="240930" t="площадка"><g v="NOUN"></g><g v="inan"></g><g v="femn"></g><g v="plur"></g><g v="loct"></g></l></v></tfr></token><token id="555150" text="Калининграда"><tfr rev_id="1388233" t="Калининграда"><v><l id="128491" t="калининград"><g v="NOUN"></g><g v="inan"></g><g v="masc"></g><g v="Geox"></g><g v="sing"></g><g v="gent"></g></l></v></tfr></token><token id="555151" text="("><tfr rev_id="1388234" t="("><v><l id="0" t="("><g v="PNCT"></g></l></v></tfr></token><token id="555152" text="Драматическом"><tfr rev_id="4165093" t="Драматическом"><v><l id="91723" t="драматический"><g v="ADJF"></g><g v="masc"></g><g v="sing"></g><g v="loct"></g></l></v></tfr></token><token id="555153" text="театре"><tfr rev_id="1388236" t="театре"><v><l id="343862" t="театр"><g v="NOUN"></g><g v="inan"></g><g v="masc"></g><g v="sing"></g><g v="loct"></g></l></v></tfr></token><token id="555154" text=","><tfr rev_id="1388237" t=","><v><l id="0" t=","><g v="PNCT"></g></l></v></tfr></token><token id="555155" text="Музыкальном"><tfr rev_id="3453989" t="Музыкальном"><v><l id="164805" t="музыкальный"><g v="ADJF"></g><g v="Qual"></g><g v="masc"></g><g v="sing"></g><g v="loct"></g></l></v></tfr></token><token id="555156" text="театре"><tfr rev_id="1388239" t="театре"><v><l id="343862" t="театр"><g v="NOUN"></g><g v="inan"></g><g v="masc"></g><g v="sing"></g><g v="loct"></g></l></v></tfr></token><token id="555157" text="на"><tfr rev_id="3334584" t="на"><v><l id="166264" t="на"><g v="PREP"></g></l></v></tfr></token><token id="555158" text="Бассейной"><tfr rev_id="4425656" t="Бассейной"><v><l id="24404" t="бассейный"><g v="ADJF"></g><g v="femn"></g><g v="sing"></g><g v="loct"></g></l></v></tfr></token><token id="555159" text=","><tfr rev_id="1388242" t=","><v><l id="0" t=","><g v="PNCT"></g></l></v></tfr></token><token id="555160" text="Армянском"><tfr rev_id="3408411" t="Армянском"><v><l id="16933" t="армянский"><g v="ADJF"></g><g v="masc"></g><g v="sing"></g><g v="loct"></g></l></v></tfr></token><token id="555161" text="культурном"><tfr rev_id="2585539" t="культурном"><v><l id="144857" t="культурный"><g v="ADJF"></g><g v="Qual"></g><g v="masc"></g><g v="sing"></g><g v="loct"></g></l></v></tfr></token><token id="555162" text="центре"><tfr rev_id="1388245" t="центре"><v><l id="373369" t="центр"><g v="NOUN"></g><g v="inan"></g><g v="masc"></g><g v="sing"></g><g v="loct"></g></l></v></tfr></token><token id="555163" text=")"><tfr rev_id="1388246" t=")"><v><l id="0" t=")"><g v="PNCT"></g></l></v></tfr></token><token id="555164" text="."><tfr rev_id="1388247" t="."><v><l id="0" t="."><g v="PNCT"></g></l></v></tfr></token></tokens></sentence></paragraph><paragraph id="9894"><sentence id="30979"><source>О музыке Микаэла Таривердиева, которая стала визитной карточкой многих советских фильмов, читайте в статье Частного корреспондента «Исаев не виноват, что он приквел Штирлица»</source><tokens><token id="555165" text="О"><tfr rev_id="3328599" t="О"><v><l id="192977" t="о"><g v="PREP"></g></l></v></tfr></token><token id="555166" text="музыке"><tfr rev_id="3549993" t="музыке"><v><l id="164802" t="музыка"><g v="NOUN"></g><g v="inan"></g><g v="femn"></g><g v="sing"></g><g v="loct"></g></l></v></tfr></token><token id="555167" text="Микаэла"><tfr rev_id="2931421" t="Микаэла"><v><l id="159712" t="микаэл"><g v="NOUN"></g><g v="anim"></g><g v="masc"></g><g v="Name"></g><g v="sing"></g><g v="gent"></g></l></v></tfr></token><token id="555168" text="Таривердиева"><tfr rev_id="3886921" t="Таривердиева"><v><l id="343219" t="таривердиев"><g v="NOUN"></g><g v="anim"></g><g v="masc"></g><g v="Sgtm"></g><g v="Surn"></g><g v="sing"></g><g v="gent"></g></l></v><v><l id="343219" t="таривердиев"><g v="NOUN"></g><g v="anim"></g><g v="masc"></g><g v="Sgtm"></g><g v="Surn"></g><g v="sing"></g><g v="accs"></g></l></v></tfr></token><token id="555169" text=","><tfr rev_id="1388252" t=","><v><l id="0" t=","><g v="PNCT"></g></l></v></tfr></token><token id="555170" text="которая"><tfr rev_id="3639782" t="которая"><v><l id="141203" t="который"><g v="ADJF"></g><g v="Apro"></g><g v="Subx"></g><g v="Anph"></g><g v="femn"></g><g v="sing"></g><g v="nomn"></g></l></v></tfr></token><token id="555171" text="стала"><tfr rev_id="1388254" t="стала"><v><l id="335164" t="стал"><g v="VERB"></g><g v="perf"></g><g v="intr"></g><g v="femn"></g><g v="sing"></g><g v="past"></g><g v="indc"></g></l></v></tfr></token><token id="555172" text="визитной"><tfr rev_id="4417677" t="визитной"><v><l id="44747" t="визитный"><g v="ADJF"></g><g v="Qual"></g><g v="femn"></g><g v="sing"></g><g v="ablt"></g></l></v></tfr></token><token id="555173" text="карточкой"><tfr rev_id="1388256" t="карточкой"><v><l id="130868" t="карточка"><g v="NOUN"></g><g v="inan"></g><g v="femn"></g><g v="sing"></g><g v="ablt"></g></l></v></tfr></token><token id="555174" text="многих"><tfr rev_id="4477373" t="многих"><v><l id="161427" t="многий"><g v="ADJF"></g><g v="Apro"></g><g v="plur"></g><g v="gent"></g></l></v><v><l id="161427" t="многий"><g v="ADJF"></g><g v="Apro"></g><g v="anim"></g><g v="plur"></g><g v="accs"></g></l></v><v><l id="161427" t="многий"><g v="ADJF"></g><g v="Apro"></g><g v="plur"></g><g v="loct"></g></l></v></tfr></token><token id="555175" text="советских"><tfr rev_id="1388258" t="советских"><v><l id="327999" t="советский"><g v="ADJF"></g><g v="plur"></g><g v="gent"></g></l></v><v><l id="327999" t="советский"><g v="ADJF"></g><g v="anim"></g><g v="plur"></g><g v="accs"></g></l></v><v><l id="327999" t="советский"><g v="ADJF"></g><g v="plur"></g><g v="loct"></g></l></v></tfr></token><token id="555176" text="фильмов"><tfr rev_id="3463537" t="фильмов"><v><l id="366005" t="фильм"><g v="NOUN"></g><g v="inan"></g><g v="masc"></g><g v="plur"></g><g v="gent"></g></l></v></tfr></token><token id="555177" text=","><tfr rev_id="1388260" t=","><v><l id="0" t=","><g v="PNCT"></g></l></v></tfr></token><token id="555178" text="читайте"><tfr rev_id="1388261" t="читайте"><v><l id="376719" t="читаю"><g v="VERB"></g><g v="impf"></g><g v="tran"></g><g v="plur"></g><g v="impr"></g><g v="excl"></g></l></v></tfr></token><token id="555179" text="в"><tfr rev_id="1388262" t="в"><v><l id="37409" t="в"><g v="PREP"></g></l></v></tfr></token><token id="555180" text="статье"><tfr rev_id="2605768" t="статье"><v><l id="335173" t="статья"><g v="NOUN"></g><g v="inan"></g><g v="femn"></g><g v="sing"></g><g v="loct"></g></l></v></tfr></token><token id="555181" text="Частного"><tfr rev_id="4297455" t="Частного"><v><l id="374795" t="частный"><g v="ADJF"></g><g v="Qual"></g><g v="masc"></g><g v="sing"></g><g v="gent"></g></l></v><v><l id="374795" t="частный"><g v="ADJF"></g><g v="Qual"></g><g v="anim"></g><g v="masc"></g><g v="sing"></g><g v="accs"></g></l></v></tfr></token><token id="555182" text="корреспондента"><tfr rev_id="4386189" t="корреспондента"><v><l id="140239" t="корреспондент"><g v="NOUN"></g><g v="anim"></g><g v="masc"></g><g v="sing"></g><g v="gent"></g></l></v></tfr></token><token id="555183" text="«"><tfr rev_id="2441859" t="«"><v><l id="0" t="«"><g v="PNCT"></g></l></v></tfr></token><token id="555184" text="Исаев"><tfr rev_id="3460902" t="Исаев"><v><l id="124130" t="исаев"><g v="NOUN"></g><g v="anim"></g><g v="masc"></g><g v="Sgtm"></g><g v="Surn"></g><g v="sing"></g><g v="nomn"></g></l></v></tfr></token><token id="555185" text="не"><tfr rev_id="1388268" t="не"><v><l id="178876" t="не"><g v="PRCL"></g></l></v></tfr></token><token id="555186" text="виноват"><tfr rev_id="1388269" t="виноват"><v><l id="45239" t="виноват"><g v="ADJS"></g><g v="Qual"></g><g v="masc"></g><g v="sing"></g></l></v></tfr></token><token id="555187" text=","><tfr rev_id="1388270" t=","><v><l id="0" t=","><g v="PNCT"></g></l></v></tfr></token><token id="555188" text="что"><tfr rev_id="3196406" t="что"><v><l id="377004" t="что"><g v="CONJ"></g></l></v><v><l id="377005" t="что"><g v="NPRO"></g><g v="neut"></g><g v="sing"></g><g v="nomn"></g></l></v><v><l id="377005" t="что"><g v="NPRO"></g><g v="neut"></g><g v="sing"></g><g v="accs"></g></l></v><v><l id="377006" t="что"><g v="ADVB"></g><g v="Ques"></g></l></v><v><l id="388695" t="что"><g v="PRCL"></g></l></v></tfr></token><token id="555189" text="он"><tfr rev_id="3575451" t="он"><v><l id="206541" t="он"><g v="NPRO"></g><g v="masc"></g><g v="3per"></g><g v="Anph"></g><g v="sing"></g><g v="nomn"></g></l></v></tfr></token><token id="555190" text="приквел"><tfr rev_id="4540023" t="приквел"><v><l id="392517" t="приквел"><g v="NOUN"></g><g v="inan"></g><g v="masc"></g><g v="sing"></g><g v="accs"></g></l></v><v><l id="392517" t="приквел"><g v="NOUN"></g><g v="inan"></g><g v="masc"></g><g v="sing"></g><g v="nomn"></g></l></v></tfr></token><token id="555191" text="Штирлица"><tfr rev_id="4397297" t="Штирлица"><v><l id="381417" t="штирлиц"><g v="NOUN"></g><g v="anim"></g><g v="masc"></g><g v="Sgtm"></g><g v="Surn"></g><g v="sing"></g><g v="gent"></g></l></v></tfr></token><token id="555192" text="»"><tfr rev_id="2441860" t="»"><v><l id="0" t="»"><g v="PNCT"></g></l></v></tfr></token></tokens></sentence></paragraph></paragraphs></text>