<?xml version="1.0" encoding="utf-8"?><text id="1011" parent="226" name="23275 Сергея Миронова уведомили о начале процедуры отзыва из СФ"><tags><tag>url:http://www.chaskor.ru/news/sergeya_mironova_uvedomili_o_nachale_protsedury_otzyva_iz_sf_23275</tag><tag>Год:2011</tag><tag>Дата:05/05</tag><tag>Тема:ЧасКор:Общество</tag><tag>Тема:ЧасКор:Общество/Государство</tag></tags><paragraphs><paragraph id="9943"><sentence id="31132"><source>Сергея Миронова уведомили о начале процедуры отзыва из СФ</source><tokens><token id="558099" text="Сергея"><tfr rev_id="4390048" t="Сергея"><v><l id="319056" t="сергей"><g v="NOUN"></g><g v="anim"></g><g v="masc"></g><g v="Name"></g><g v="sing"></g><g v="accs"></g></l></v></tfr></token><token id="558100" text="Миронова"><tfr rev_id="4469417" t="Миронова"><v><l id="160926" t="миронов"><g v="NOUN"></g><g v="anim"></g><g v="masc"></g><g v="Sgtm"></g><g v="Surn"></g><g v="sing"></g><g v="accs"></g></l></v></tfr></token><token id="558101" text="уведомили"><tfr rev_id="1391184" t="уведомили"><v><l id="353331" t="уведомил"><g v="VERB"></g><g v="perf"></g><g v="tran"></g><g v="plur"></g><g v="past"></g><g v="indc"></g></l></v></tfr></token><token id="558102" text="о"><tfr rev_id="3332368" t="о"><v><l id="192977" t="о"><g v="PREP"></g></l></v></tfr></token><token id="558103" text="начале"><tfr rev_id="1391186" t="начале"><v><l id="178196" t="начало"><g v="NOUN"></g><g v="inan"></g><g v="neut"></g><g v="sing"></g><g v="loct"></g></l></v></tfr></token><token id="558104" text="процедуры"><tfr rev_id="3097718" t="процедуры"><v><l id="287322" t="процедура"><g v="NOUN"></g><g v="inan"></g><g v="femn"></g><g v="sing"></g><g v="gent"></g></l></v></tfr></token><token id="558105" text="отзыва"><tfr rev_id="1391188" t="отзыва"><v><l id="213882" t="отзыв"><g v="NOUN"></g><g v="inan"></g><g v="masc"></g><g v="sing"></g><g v="gent"></g></l></v></tfr></token><token id="558106" text="из"><tfr rev_id="2557472" t="из"><v><l id="117677" t="из"><g v="PREP"></g></l></v></tfr></token><token id="558107" text="СФ"><tfr rev_id="4287355" t="СФ"><v><l id="340505" t="сф"><g v="NOUN"></g><g v="inan"></g><g v="masc"></g><g v="Fixd"></g><g v="Abbr"></g><g v="Orgn"></g><g v="Sgtm"></g><g v="sing"></g><g v="gent"></g></l></v></tfr></token></tokens></sentence><sentence id="31133"><source>Инициатором отзыва стало петербургское отделение партии «Единая Россия».</source><tokens><token id="558108" text="Инициатором"><tfr rev_id="1391191" t="Инициатором"><v><l id="122501" t="инициатор"><g v="NOUN"></g><g v="anim"></g><g v="masc"></g><g v="sing"></g><g v="ablt"></g></l></v></tfr></token><token id="558109" text="отзыва"><tfr rev_id="1391192" t="отзыва"><v><l id="213882" t="отзыв"><g v="NOUN"></g><g v="inan"></g><g v="masc"></g><g v="sing"></g><g v="gent"></g></l></v></tfr></token><token id="558110" text="стало"><tfr rev_id="1391193" t="стало"><v><l id="335164" t="стал"><g v="VERB"></g><g v="perf"></g><g v="intr"></g><g v="neut"></g><g v="sing"></g><g v="past"></g><g v="indc"></g></l></v></tfr></token><token id="558111" text="петербургское"><tfr rev_id="1391194" t="петербургское"><v><l id="237889" t="петербургский"><g v="ADJF"></g><g v="Geox"></g><g v="neut"></g><g v="sing"></g><g v="nomn"></g></l></v><v><l id="237889" t="петербургский"><g v="ADJF"></g><g v="Geox"></g><g v="neut"></g><g v="sing"></g><g v="accs"></g></l></v></tfr></token><token id="558112" text="отделение"><tfr rev_id="3531531" t="отделение"><v><l id="213368" t="отделение"><g v="NOUN"></g><g v="inan"></g><g v="neut"></g><g v="sing"></g><g v="nomn"></g></l></v></tfr></token><token id="558113" text="партии"><tfr rev_id="4178605" t="партии"><v><l id="224431" t="партия"><g v="NOUN"></g><g v="inan"></g><g v="femn"></g><g v="sing"></g><g v="gent"></g></l></v></tfr></token><token id="558114" text="«"><tfr rev_id="2441957" t="«"><v><l id="0" t="«"><g v="PNCT"></g></l></v></tfr></token><token id="558115" text="Единая"><tfr rev_id="1391198" t="Единая"><v><l id="94410" t="единый"><g v="ADJF"></g><g v="Qual"></g><g v="femn"></g><g v="sing"></g><g v="nomn"></g></l></v></tfr></token><token id="558116" text="Россия"><tfr rev_id="1391199" t="Россия"><v><l id="309322" t="россия"><g v="NOUN"></g><g v="inan"></g><g v="femn"></g><g v="Sgtm"></g><g v="Geox"></g><g v="sing"></g><g v="nomn"></g></l></v></tfr></token><token id="558117" text="»"><tfr rev_id="2441958" t="»"><v><l id="0" t="»"><g v="PNCT"></g></l></v></tfr></token><token id="558118" text="."><tfr rev_id="1391201" t="."><v><l id="0" t="."><g v="PNCT"></g></l></v></tfr></token></tokens></sentence></paragraph><paragraph id="9944"><sentence id="31134"><source>Спикеру Совета Федерации отправлено официальное уведомление о начале процесса его отзыва из верхней палаты российского парламента.</source><tokens><token id="558119" text="Спикеру"><tfr rev_id="1391202" t="Спикеру"><v><l id="332107" t="спикер"><g v="NOUN"></g><g v="anim"></g><g v="masc"></g><g v="sing"></g><g v="datv"></g></l></v></tfr></token><token id="558120" text="Совета"><tfr rev_id="1391203" t="Совета"><v><l id="327955" t="совет"><g v="NOUN"></g><g v="inan"></g><g v="masc"></g><g v="sing"></g><g v="gent"></g></l></v></tfr></token><token id="558121" text="Федерации"><tfr rev_id="4240270" t="Федерации"><v><l id="364940" t="федерация"><g v="NOUN"></g><g v="inan"></g><g v="femn"></g><g v="sing"></g><g v="gent"></g></l></v></tfr></token><token id="558122" text="отправлено"><tfr rev_id="1391205" t="отправлено"><v><l id="216942" t="отправлен"><g v="PRTS"></g><g v="perf"></g><g v="past"></g><g v="pssv"></g><g v="neut"></g><g v="sing"></g></l></v></tfr></token><token id="558123" text="официальное"><tfr rev_id="1391206" t="официальное"><v><l id="220939" t="официальный"><g v="ADJF"></g><g v="neut"></g><g v="sing"></g><g v="nomn"></g></l></v><v><l id="220939" t="официальный"><g v="ADJF"></g><g v="neut"></g><g v="sing"></g><g v="accs"></g></l></v></tfr></token><token id="558124" text="уведомление"><tfr rev_id="4240378" t="уведомление"><v><l id="353337" t="уведомление"><g v="NOUN"></g><g v="inan"></g><g v="neut"></g><g v="sing"></g><g v="nomn"></g></l></v></tfr></token><token id="558125" text="о"><tfr rev_id="3281965" t="о"><v><l id="192977" t="о"><g v="PREP"></g></l></v></tfr></token><token id="558126" text="начале"><tfr rev_id="1391209" t="начале"><v><l id="178196" t="начало"><g v="NOUN"></g><g v="inan"></g><g v="neut"></g><g v="sing"></g><g v="loct"></g></l></v></tfr></token><token id="558127" text="процесса"><tfr rev_id="1391210" t="процесса"><v><l id="287363" t="процесс"><g v="NOUN"></g><g v="inan"></g><g v="masc"></g><g v="sing"></g><g v="gent"></g></l></v></tfr></token><token id="558128" text="его"><tfr rev_id="4536177" t="его"><v><l id="94208" t="его"><g v="ADJF"></g><g v="Fixd"></g><g v="Apro"></g><g v="Anph"></g><g v="masc"></g><g v="sing"></g><g v="nomn"></g></l></v><v><l id="94208" t="его"><g v="ADJF"></g><g v="Fixd"></g><g v="Apro"></g><g v="Anph"></g><g v="masc"></g><g v="sing"></g><g v="gent"></g></l></v><v><l id="94208" t="его"><g v="ADJF"></g><g v="Fixd"></g><g v="Apro"></g><g v="Anph"></g><g v="masc"></g><g v="sing"></g><g v="datv"></g></l></v><v><l id="94208" t="его"><g v="ADJF"></g><g v="Fixd"></g><g v="Apro"></g><g v="Anph"></g><g v="masc"></g><g v="sing"></g><g v="accs"></g></l></v><v><l id="94208" t="его"><g v="ADJF"></g><g v="Fixd"></g><g v="Apro"></g><g v="Anph"></g><g v="masc"></g><g v="sing"></g><g v="ablt"></g></l></v><v><l id="94208" t="его"><g v="ADJF"></g><g v="Fixd"></g><g v="Apro"></g><g v="Anph"></g><g v="masc"></g><g v="sing"></g><g v="loct"></g></l></v></tfr></token><token id="558129" text="отзыва"><tfr rev_id="1391212" t="отзыва"><v><l id="213882" t="отзыв"><g v="NOUN"></g><g v="inan"></g><g v="masc"></g><g v="sing"></g><g v="gent"></g></l></v></tfr></token><token id="558130" text="из"><tfr rev_id="2560396" t="из"><v><l id="117677" t="из"><g v="PREP"></g></l></v></tfr></token><token id="558131" text="верхней"><tfr rev_id="4380429" t="верхней"><v><l id="41787" t="верхний"><g v="ADJF"></g><g v="femn"></g><g v="sing"></g><g v="gent"></g></l></v></tfr></token><token id="558132" text="палаты"><tfr rev_id="3488085" t="палаты"><v><l id="222780" t="палата"><g v="NOUN"></g><g v="inan"></g><g v="femn"></g><g v="sing"></g><g v="gent"></g></l></v></tfr></token><token id="558133" text="российского"><tfr rev_id="3673579" t="российского"><v><l id="309319" t="российский"><g v="ADJF"></g><g v="masc"></g><g v="sing"></g><g v="gent"></g></l></v><v><l id="309319" t="российский"><g v="ADJF"></g><g v="anim"></g><g v="masc"></g><g v="sing"></g><g v="accs"></g></l></v></tfr></token><token id="558134" text="парламента"><tfr rev_id="1391217" t="парламента"><v><l id="224156" t="парламент"><g v="NOUN"></g><g v="inan"></g><g v="masc"></g><g v="sing"></g><g v="gent"></g></l></v></tfr></token><token id="558135" text="."><tfr rev_id="1391218" t="."><v><l id="0" t="."><g v="PNCT"></g></l></v></tfr></token></tokens></sentence><sentence id="31135"><source>Более того, сообщает РБК, упомянутый документ уже вручён адресату.</source><tokens><token id="558136" text="Более"><tfr rev_id="1391219" t="Более"><v><l id="32065" t="более"><g v="ADVB"></g></l></v></tfr></token><token id="558137" text="того"><tfr rev_id="4349937" t="того"><v><l id="348430" t="тот"><g v="ADJF"></g><g v="Subx"></g><g v="Apro"></g><g v="Anph"></g><g v="neut"></g><g v="sing"></g><g v="gent"></g></l></v></tfr></token><token id="558138" text=","><tfr rev_id="1391221" t=","><v><l id="0" t=","><g v="PNCT"></g></l></v></tfr></token><token id="558139" text="сообщает"><tfr rev_id="1391222" t="сообщает"><v><l id="329538" t="сообщаю"><g v="VERB"></g><g v="impf"></g><g v="tran"></g><g v="sing"></g><g v="3per"></g><g v="pres"></g><g v="indc"></g></l></v></tfr></token><token id="558140" text="РБК"><tfr rev_id="4573563" t="РБК"><v><l id="389058" t="рбк"><g v="NOUN"></g><g v="inan"></g><g v="femn"></g><g v="Sgtm"></g><g v="Fixd"></g><g v="Abbr"></g><g v="Orgn"></g><g v="sing"></g><g v="nomn"></g></l></v></tfr></token><token id="558141" text=","><tfr rev_id="1391224" t=","><v><l id="0" t=","><g v="PNCT"></g></l></v></tfr></token><token id="558142" text="упомянутый"><tfr rev_id="1391225" t="упомянутый"><v><l id="359105" t="упомянутый"><g v="PRTF"></g><g v="perf"></g><g v="tran"></g><g v="past"></g><g v="pssv"></g><g v="masc"></g><g v="sing"></g><g v="nomn"></g></l></v><v><l id="359105" t="упомянутый"><g v="PRTF"></g><g v="perf"></g><g v="tran"></g><g v="past"></g><g v="pssv"></g><g v="inan"></g><g v="masc"></g><g v="sing"></g><g v="accs"></g></l></v></tfr></token><token id="558143" text="документ"><tfr rev_id="3708070" t="документ"><v><l id="87509" t="документ"><g v="NOUN"></g><g v="inan"></g><g v="masc"></g><g v="sing"></g><g v="nomn"></g></l></v></tfr></token><token id="558144" text="уже"><tfr rev_id="2692622" t="уже"><v><l id="355422" t="уж"><g v="NOUN"></g><g v="anim"></g><g v="masc"></g><g v="sing"></g><g v="loct"></g></l></v><v><l id="355498" t="уже"><g v="ADVB"></g></l></v><v><l id="355674" t="уже"><g v="COMP"></g><g v="Qual"></g></l></v><v><l id="388673" t="уже"><g v="PRCL"></g></l></v></tfr></token><token id="558145" text="вручён"><tfr rev_id="1391228" t="вручён"><v><l id="53231" t="вручён"><g v="PRTS"></g><g v="perf"></g><g v="past"></g><g v="pssv"></g><g v="masc"></g><g v="sing"></g></l></v></tfr></token><token id="558146" text="адресату"><tfr rev_id="1391229" t="адресату"><v><l id="5170" t="адресат"><g v="NOUN"></g><g v="anim"></g><g v="masc"></g><g v="sing"></g><g v="datv"></g></l></v></tfr></token><token id="558147" text="."><tfr rev_id="1391230" t="."><v><l id="0" t="."><g v="PNCT"></g></l></v></tfr></token></tokens></sentence><sentence id="31136"><source>Отметим также, что инициатива досрочного отзыва Сергея Миронова из СФ принадлежит петербургскому отделению партии «Единая Россия».</source><tokens><token id="558148" text="Отметим"><tfr rev_id="1391231" t="Отметим"><v><l id="215584" t="отметил"><g v="VERB"></g><g v="perf"></g><g v="tran"></g><g v="plur"></g><g v="1per"></g><g v="futr"></g><g v="indc"></g></l></v><v><l id="215584" t="отметил"><g v="VERB"></g><g v="perf"></g><g v="tran"></g><g v="sing"></g><g v="impr"></g><g v="incl"></g></l></v></tfr></token><token id="558149" text="также"><tfr rev_id="4267647" t="также"><v><l id="342482" t="также"><g v="PRCL"></g></l></v></tfr></token><token id="558150" text=","><tfr rev_id="1391233" t=","><v><l id="0" t=","><g v="PNCT"></g></l></v></tfr></token><token id="558151" text="что"><tfr rev_id="3196437" t="что"><v><l id="377004" t="что"><g v="CONJ"></g></l></v><v><l id="377005" t="что"><g v="NPRO"></g><g v="neut"></g><g v="sing"></g><g v="nomn"></g></l></v><v><l id="377005" t="что"><g v="NPRO"></g><g v="neut"></g><g v="sing"></g><g v="accs"></g></l></v><v><l id="377006" t="что"><g v="ADVB"></g><g v="Ques"></g></l></v><v><l id="388695" t="что"><g v="PRCL"></g></l></v></tfr></token><token id="558152" text="инициатива"><tfr rev_id="1391235" t="инициатива"><v><l id="122496" t="инициатива"><g v="NOUN"></g><g v="inan"></g><g v="femn"></g><g v="sing"></g><g v="nomn"></g></l></v></tfr></token><token id="558153" text="досрочного"><tfr rev_id="3408299" t="досрочного"><v><l id="90409" t="досрочный"><g v="ADJF"></g><g v="Qual"></g><g v="masc"></g><g v="sing"></g><g v="gent"></g></l></v><v><l id="90409" t="досрочный"><g v="ADJF"></g><g v="Qual"></g><g v="anim"></g><g v="masc"></g><g v="sing"></g><g v="accs"></g></l></v></tfr></token><token id="558154" text="отзыва"><tfr rev_id="1391237" t="отзыва"><v><l id="213882" t="отзыв"><g v="NOUN"></g><g v="inan"></g><g v="masc"></g><g v="sing"></g><g v="gent"></g></l></v></tfr></token><token id="558155" text="Сергея"><tfr rev_id="4397311" t="Сергея"><v><l id="319056" t="сергей"><g v="NOUN"></g><g v="anim"></g><g v="masc"></g><g v="Name"></g><g v="sing"></g><g v="gent"></g></l></v></tfr></token><token id="558156" text="Миронова"><tfr rev_id="4177630" t="Миронова"><v><l id="160926" t="миронов"><g v="NOUN"></g><g v="anim"></g><g v="masc"></g><g v="Sgtm"></g><g v="Surn"></g><g v="sing"></g><g v="gent"></g></l></v><v><l id="160926" t="миронов"><g v="NOUN"></g><g v="anim"></g><g v="masc"></g><g v="Sgtm"></g><g v="Surn"></g><g v="sing"></g><g v="accs"></g></l></v></tfr></token><token id="558157" text="из"><tfr rev_id="2603082" t="из"><v><l id="117677" t="из"><g v="PREP"></g></l></v></tfr></token><token id="558158" text="СФ"><tfr rev_id="4166208" t="СФ"><v><l id="340505" t="сф"><g v="NOUN"></g><g v="inan"></g><g v="masc"></g><g v="Fixd"></g><g v="Abbr"></g><g v="Orgn"></g><g v="Sgtm"></g><g v="sing"></g><g v="gent"></g></l></v></tfr></token><token id="558159" text="принадлежит"><tfr rev_id="1391242" t="принадлежит"><v><l id="272409" t="принадлежу"><g v="VERB"></g><g v="impf"></g><g v="intr"></g><g v="sing"></g><g v="3per"></g><g v="pres"></g><g v="indc"></g></l></v></tfr></token><token id="558160" text="петербургскому"><tfr rev_id="3531008" t="петербургскому"><v><l id="237889" t="петербургский"><g v="ADJF"></g><g v="Geox"></g><g v="neut"></g><g v="sing"></g><g v="datv"></g></l></v></tfr></token><token id="558161" text="отделению"><tfr rev_id="1391244" t="отделению"><v><l id="213368" t="отделение"><g v="NOUN"></g><g v="inan"></g><g v="neut"></g><g v="sing"></g><g v="datv"></g></l></v></tfr></token><token id="558162" text="партии"><tfr rev_id="4181311" t="партии"><v><l id="224431" t="партия"><g v="NOUN"></g><g v="inan"></g><g v="femn"></g><g v="sing"></g><g v="gent"></g></l></v></tfr></token><token id="558163" text="«"><tfr rev_id="2441959" t="«"><v><l id="0" t="«"><g v="PNCT"></g></l></v></tfr></token><token id="558164" text="Единая"><tfr rev_id="1391247" t="Единая"><v><l id="94410" t="единый"><g v="ADJF"></g><g v="Qual"></g><g v="femn"></g><g v="sing"></g><g v="nomn"></g></l></v></tfr></token><token id="558165" text="Россия"><tfr rev_id="1391248" t="Россия"><v><l id="309322" t="россия"><g v="NOUN"></g><g v="inan"></g><g v="femn"></g><g v="Sgtm"></g><g v="Geox"></g><g v="sing"></g><g v="nomn"></g></l></v></tfr></token><token id="558166" text="»"><tfr rev_id="2441960" t="»"><v><l id="0" t="»"><g v="PNCT"></g></l></v></tfr></token><token id="558167" text="."><tfr rev_id="1391250" t="."><v><l id="0" t="."><g v="PNCT"></g></l></v></tfr></token></tokens></sentence><sentence id="31137"><source>Уже известно, что Законодательное собрание Северной столицы будет рассматривать вопрос об отзыве спикера Совета Федерации 18 мая.</source><tokens><token id="558168" text="Уже"><tfr rev_id="2692623" t="Уже"><v><l id="355422" t="уж"><g v="NOUN"></g><g v="anim"></g><g v="masc"></g><g v="sing"></g><g v="loct"></g></l></v><v><l id="355498" t="уже"><g v="ADVB"></g></l></v><v><l id="355674" t="уже"><g v="COMP"></g><g v="Qual"></g></l></v><v><l id="388673" t="уже"><g v="PRCL"></g></l></v></tfr></token><token id="558169" text="известно"><tfr rev_id="1391252" t="известно"><v><l id="118141" t="известно"><g v="CONJ"></g><g v="Prnt"></g></l></v><v><l id="118142" t="известно"><g v="PRED"></g><g v="pres"></g></l></v><v><l id="118146" t="известен"><g v="ADJS"></g><g v="Qual"></g><g v="neut"></g><g v="sing"></g></l></v></tfr></token><token id="558170" text=","><tfr rev_id="1391253" t=","><v><l id="0" t=","><g v="PNCT"></g></l></v></tfr></token><token id="558171" text="что"><tfr rev_id="3196438" t="что"><v><l id="377004" t="что"><g v="CONJ"></g></l></v><v><l id="377005" t="что"><g v="NPRO"></g><g v="neut"></g><g v="sing"></g><g v="nomn"></g></l></v><v><l id="377005" t="что"><g v="NPRO"></g><g v="neut"></g><g v="sing"></g><g v="accs"></g></l></v><v><l id="377006" t="что"><g v="ADVB"></g><g v="Ques"></g></l></v><v><l id="388695" t="что"><g v="PRCL"></g></l></v></tfr></token><token id="558172" text="Законодательное"><tfr rev_id="1391255" t="Законодательное"><v><l id="103716" t="законодательный"><g v="ADJF"></g><g v="neut"></g><g v="sing"></g><g v="nomn"></g></l></v><v><l id="103716" t="законодательный"><g v="ADJF"></g><g v="neut"></g><g v="sing"></g><g v="accs"></g></l></v></tfr></token><token id="558173" text="собрание"><tfr rev_id="1391256" t="собрание"><v><l id="327807" t="собрание"><g v="NOUN"></g><g v="inan"></g><g v="neut"></g><g v="sing"></g><g v="nomn"></g></l></v><v><l id="327807" t="собрание"><g v="NOUN"></g><g v="inan"></g><g v="neut"></g><g v="sing"></g><g v="accs"></g></l></v></tfr></token><token id="558174" text="Северной"><tfr rev_id="3431438" t="Северной"><v><l id="317517" t="северный"><g v="ADJF"></g><g v="Qual"></g><g v="femn"></g><g v="sing"></g><g v="gent"></g></l></v></tfr></token><token id="558175" text="столицы"><tfr rev_id="3433335" t="столицы"><v><l id="336588" t="столица"><g v="NOUN"></g><g v="inan"></g><g v="femn"></g><g v="sing"></g><g v="gent"></g></l></v></tfr></token><token id="558176" text="будет"><tfr rev_id="1391259" t="будет"><v><l id="37265" t="есть"><g v="VERB"></g><g v="impf"></g><g v="intr"></g><g v="sing"></g><g v="3per"></g><g v="futr"></g><g v="indc"></g></l></v></tfr></token><token id="558177" text="рассматривать"><tfr rev_id="1391260" t="рассматривать"><v><l id="301125" t="рассматривать"><g v="INFN"></g><g v="impf"></g><g v="tran"></g></l></v></tfr></token><token id="558178" text="вопрос"><tfr rev_id="4100470" t="вопрос"><v><l id="50830" t="вопрос"><g v="NOUN"></g><g v="inan"></g><g v="masc"></g><g v="sing"></g><g v="accs"></g></l></v></tfr></token><token id="558179" text="об"><tfr rev_id="2921183" t="об"><v><l id="192977" t="о"><g v="PREP"></g><g v="Vpre"></g></l></v></tfr></token><token id="558180" text="отзыве"><tfr rev_id="1391263" t="отзыве"><v><l id="213882" t="отзыв"><g v="NOUN"></g><g v="inan"></g><g v="masc"></g><g v="sing"></g><g v="loct"></g></l></v></tfr></token><token id="558181" text="спикера"><tfr rev_id="3546851" t="спикера"><v><l id="332107" t="спикер"><g v="NOUN"></g><g v="anim"></g><g v="masc"></g><g v="sing"></g><g v="gent"></g></l></v></tfr></token><token id="558182" text="Совета"><tfr rev_id="1391265" t="Совета"><v><l id="327955" t="совет"><g v="NOUN"></g><g v="inan"></g><g v="masc"></g><g v="sing"></g><g v="gent"></g></l></v></tfr></token><token id="558183" text="Федерации"><tfr rev_id="3498160" t="Федерации"><v><l id="364940" t="федерация"><g v="NOUN"></g><g v="inan"></g><g v="femn"></g><g v="sing"></g><g v="gent"></g></l></v><v><l id="364940" t="федерация"><g v="NOUN"></g><g v="inan"></g><g v="femn"></g><g v="sing"></g><g v="datv"></g></l></v><v><l id="364940" t="федерация"><g v="NOUN"></g><g v="inan"></g><g v="femn"></g><g v="sing"></g><g v="loct"></g></l></v></tfr></token><token id="558184" text="18"><tfr rev_id="2460990" t="18"><v><l id="0" t="18"><g v="NUMB"></g></l></v></tfr></token><token id="558185" text="мая"><tfr rev_id="3747918" t="мая"><v><l id="153142" t="май"><g v="NOUN"></g><g v="inan"></g><g v="masc"></g><g v="Sgtm"></g><g v="sing"></g><g v="gent"></g></l></v></tfr></token><token id="558186" text="."><tfr rev_id="1391269" t="."><v><l id="0" t="."><g v="PNCT"></g></l></v></tfr></token></tokens></sentence></paragraph><paragraph id="9945"><sentence id="31138"><source>Глава фракции «Справедливая Россия» в Госдуме Николай Левичев, комментируя инициативу питерских единороссов, заявил, что Сергей Миронов — это не рядовой член Совета Федерации и как действующий спикер верхней палаты парламента обладает в том числе международным политическим весом.</source><tokens><token id="558187" text="Глава"><tfr rev_id="4572738" t="Глава"><v><l id="70790" t="глава"><g v="NOUN"></g><g v="anim"></g><g v="ms-f"></g><g v="sing"></g><g v="nomn"></g></l></v></tfr></token><token id="558188" text="фракции"><tfr rev_id="3645913" t="фракции"><v><l id="367943" t="фракция"><g v="NOUN"></g><g v="inan"></g><g v="femn"></g><g v="sing"></g><g v="gent"></g></l></v></tfr></token><token id="558189" text="«"><tfr rev_id="2441961" t="«"><v><l id="0" t="«"><g v="PNCT"></g></l></v></tfr></token><token id="558190" text="Справедливая"><tfr rev_id="1391273" t="Справедливая"><v><l id="332889" t="справедливый"><g v="ADJF"></g><g v="Qual"></g><g v="femn"></g><g v="sing"></g><g v="nomn"></g></l></v></tfr></token><token id="558191" text="Россия"><tfr rev_id="1391274" t="Россия"><v><l id="309322" t="россия"><g v="NOUN"></g><g v="inan"></g><g v="femn"></g><g v="Sgtm"></g><g v="Geox"></g><g v="sing"></g><g v="nomn"></g></l></v></tfr></token><token id="558192" text="»"><tfr rev_id="2441962" t="»"><v><l id="0" t="»"><g v="PNCT"></g></l></v></tfr></token><token id="558193" text="в"><tfr rev_id="1391276" t="в"><v><l id="37409" t="в"><g v="PREP"></g></l></v></tfr></token><token id="558194" text="Госдуме"><tfr rev_id="3478441" t="Госдуме"><v><l id="73922" t="госдума"><g v="NOUN"></g><g v="inan"></g><g v="femn"></g><g v="Orgn"></g><g v="Sgtm"></g><g v="sing"></g><g v="loct"></g></l></v></tfr></token><token id="558195" text="Николай"><tfr rev_id="1391278" t="Николай"><v><l id="190957" t="николай"><g v="NOUN"></g><g v="anim"></g><g v="masc"></g><g v="Name"></g><g v="sing"></g><g v="nomn"></g></l></v></tfr></token><token id="558196" text="Левичев"><tfr rev_id="1391279" t="Левичев"><v><l id="147375" t="левичев"><g v="NOUN"></g><g v="anim"></g><g v="masc"></g><g v="Sgtm"></g><g v="Surn"></g><g v="sing"></g><g v="nomn"></g></l></v></tfr></token><token id="558197" text=","><tfr rev_id="1391280" t=","><v><l id="0" t=","><g v="PNCT"></g></l></v></tfr></token><token id="558198" text="комментируя"><tfr rev_id="1391281" t="комментируя"><v><l id="136984" t="комментируя"><g v="GRND"></g><g v="impf"></g><g v="tran"></g><g v="pres"></g></l></v></tfr></token><token id="558199" text="инициативу"><tfr rev_id="1391282" t="инициативу"><v><l id="122496" t="инициатива"><g v="NOUN"></g><g v="inan"></g><g v="femn"></g><g v="sing"></g><g v="accs"></g></l></v></tfr></token><token id="558200" text="питерских"><tfr rev_id="4198019" t="питерских"><v><l id="239247" t="питерский"><g v="ADJF"></g><g v="plur"></g><g v="gent"></g></l></v></tfr></token><token id="558201" text="единороссов"><tfr rev_id="4384744" t="единороссов"><v><l id="388788" t="единоросс"><g v="NOUN"></g><g v="anim"></g><g v="masc"></g><g v="plur"></g><g v="gent"></g></l></v></tfr></token><token id="558202" text=","><tfr rev_id="1391285" t=","><v><l id="0" t=","><g v="PNCT"></g></l></v></tfr></token><token id="558203" text="заявил"><tfr rev_id="1391286" t="заявил"><v><l id="114300" t="заявил"><g v="VERB"></g><g v="perf"></g><g v="tran"></g><g v="masc"></g><g v="sing"></g><g v="past"></g><g v="indc"></g></l></v></tfr></token><token id="558204" text=","><tfr rev_id="1391287" t=","><v><l id="0" t=","><g v="PNCT"></g></l></v></tfr></token><token id="558205" text="что"><tfr rev_id="3196439" t="что"><v><l id="377004" t="что"><g v="CONJ"></g></l></v><v><l id="377005" t="что"><g v="NPRO"></g><g v="neut"></g><g v="sing"></g><g v="nomn"></g></l></v><v><l id="377005" t="что"><g v="NPRO"></g><g v="neut"></g><g v="sing"></g><g v="accs"></g></l></v><v><l id="377006" t="что"><g v="ADVB"></g><g v="Ques"></g></l></v><v><l id="388695" t="что"><g v="PRCL"></g></l></v></tfr></token><token id="558206" text="Сергей"><tfr rev_id="1391289" t="Сергей"><v><l id="319056" t="сергей"><g v="NOUN"></g><g v="anim"></g><g v="masc"></g><g v="Name"></g><g v="sing"></g><g v="nomn"></g></l></v></tfr></token><token id="558207" text="Миронов"><tfr rev_id="3468885" t="Миронов"><v><l id="160926" t="миронов"><g v="NOUN"></g><g v="anim"></g><g v="masc"></g><g v="Sgtm"></g><g v="Surn"></g><g v="sing"></g><g v="nomn"></g></l></v></tfr></token><token id="558208" text="—"><tfr rev_id="2441963" t="—"><v><l id="0" t="—"><g v="PNCT"></g></l></v></tfr></token><token id="558209" text="это"><tfr rev_id="4441411" t="это"><v><l id="386574" t="это"><g v="PRCL"></g></l></v><v><l id="386575" t="это"><g v="NPRO"></g><g v="neut"></g><g v="sing"></g><g v="nomn"></g></l></v><v><l id="386575" t="это"><g v="NPRO"></g><g v="neut"></g><g v="sing"></g><g v="accs"></g></l></v><v><l id="386581" t="этот"><g v="ADJF"></g><g v="Subx"></g><g v="Apro"></g><g v="Anph"></g><g v="neut"></g><g v="sing"></g><g v="nomn"></g></l></v><v><l id="386581" t="этот"><g v="ADJF"></g><g v="Subx"></g><g v="Apro"></g><g v="Anph"></g><g v="neut"></g><g v="sing"></g><g v="accs"></g></l></v></tfr></token><token id="558210" text="не"><tfr rev_id="1391293" t="не"><v><l id="178876" t="не"><g v="PRCL"></g></l></v></tfr></token><token id="558211" text="рядовой"><tfr rev_id="4253112" t="рядовой"><v><l id="311073" t="рядовой"><g v="ADJF"></g><g v="masc"></g><g v="sing"></g><g v="nomn"></g></l></v><v><l id="311073" t="рядовой"><g v="ADJF"></g><g v="inan"></g><g v="masc"></g><g v="sing"></g><g v="accs"></g></l></v></tfr></token><token id="558212" text="член"><tfr rev_id="4336800" t="член"><v><l id="376827" t="член"><g v="NOUN"></g><g v="anim"></g><g v="masc"></g><g v="sing"></g><g v="nomn"></g></l></v></tfr></token><token id="558213" text="Совета"><tfr rev_id="1391296" t="Совета"><v><l id="327955" t="совет"><g v="NOUN"></g><g v="inan"></g><g v="masc"></g><g v="sing"></g><g v="gent"></g></l></v></tfr></token><token id="558214" text="Федерации"><tfr rev_id="4290665" t="Федерации"><v><l id="364940" t="федерация"><g v="NOUN"></g><g v="inan"></g><g v="femn"></g><g v="sing"></g><g v="gent"></g></l></v></tfr></token><token id="558215" text="и"><tfr rev_id="1391298" t="и"><v><l id="116949" t="и"><g v="CONJ"></g></l></v><v><l id="116950" t="и"><g v="INTJ"></g></l></v></tfr></token><token id="558216" text="как"><tfr rev_id="1391299" t="как"><v><l id="128190" t="как"><g v="CONJ"></g></l></v><v><l id="128191" t="как"><g v="PRCL"></g></l></v><v><l id="128192" t="как"><g v="ADVB"></g><g v="Ques"></g></l></v></tfr></token><token id="558217" text="действующий"><tfr rev_id="3695223" t="действующий"><v><l id="80108" t="действующий"><g v="ADJF"></g><g v="masc"></g><g v="sing"></g><g v="nomn"></g></l></v><v><l id="80108" t="действующий"><g v="ADJF"></g><g v="inan"></g><g v="masc"></g><g v="sing"></g><g v="accs"></g></l></v></tfr></token><token id="558218" text="спикер"><tfr rev_id="1391301" t="спикер"><v><l id="332107" t="спикер"><g v="NOUN"></g><g v="anim"></g><g v="masc"></g><g v="sing"></g><g v="nomn"></g></l></v></tfr></token><token id="558219" text="верхней"><tfr rev_id="4380430" t="верхней"><v><l id="41787" t="верхний"><g v="ADJF"></g><g v="femn"></g><g v="sing"></g><g v="gent"></g></l></v></tfr></token><token id="558220" text="палаты"><tfr rev_id="3494002" t="палаты"><v><l id="222780" t="палата"><g v="NOUN"></g><g v="inan"></g><g v="femn"></g><g v="sing"></g><g v="gent"></g></l></v></tfr></token><token id="558221" text="парламента"><tfr rev_id="1391304" t="парламента"><v><l id="224156" t="парламент"><g v="NOUN"></g><g v="inan"></g><g v="masc"></g><g v="sing"></g><g v="gent"></g></l></v></tfr></token><token id="558222" text="обладает"><tfr rev_id="1391305" t="обладает"><v><l id="196101" t="обладаю"><g v="VERB"></g><g v="impf"></g><g v="intr"></g><g v="sing"></g><g v="3per"></g><g v="pres"></g><g v="indc"></g></l></v></tfr></token><token id="558223" text="в"><tfr rev_id="1391306" t="в"><v><l id="37409" t="в"><g v="PREP"></g></l></v></tfr></token><token id="558224" text="том"><tfr rev_id="4317810" t="том"><v><l id="348430" t="тот"><g v="ADJF"></g><g v="Subx"></g><g v="Apro"></g><g v="Anph"></g><g v="neut"></g><g v="sing"></g><g v="loct"></g></l></v></tfr></token><token id="558225" text="числе"><tfr rev_id="1391308" t="числе"><v><l id="376585" t="число"><g v="NOUN"></g><g v="inan"></g><g v="neut"></g><g v="sing"></g><g v="loct"></g></l></v></tfr></token><token id="558226" text="международным"><tfr rev_id="4462857" t="международным"><v><l id="157346" t="международный"><g v="ADJF"></g><g v="masc"></g><g v="sing"></g><g v="ablt"></g></l></v></tfr></token><token id="558227" text="политическим"><tfr rev_id="3466079" t="политическим"><v><l id="255870" t="политический"><g v="ADJF"></g><g v="masc"></g><g v="sing"></g><g v="ablt"></g></l></v><v><l id="255870" t="политический"><g v="ADJF"></g><g v="neut"></g><g v="sing"></g><g v="ablt"></g></l></v></tfr></token><token id="558228" text="весом"><tfr rev_id="3463466" t="весом"><v><l id="41930" t="вес"><g v="NOUN"></g><g v="inan"></g><g v="masc"></g><g v="sing"></g><g v="ablt"></g></l></v></tfr></token><token id="558229" text="."><tfr rev_id="1391312" t="."><v><l id="0" t="."><g v="PNCT"></g></l></v></tfr></token></tokens></sentence><sentence id="31139"><source>«Поэтому досрочный отзыв С. Миронова за полгода до очередных выборов в Законодательное собрание, новый состав которого в штатном режиме сможет делегировать нового представителя в Совет Федерации, обернётся большим международным скандалом», — предупредил депутат.</source><tokens><token id="558230" text="«"><tfr rev_id="2441964" t="«"><v><l id="0" t="«"><g v="PNCT"></g></l></v></tfr></token><token id="558231" text="Поэтому"><tfr rev_id="1391314" t="Поэтому"><v><l id="265490" t="поэтому"><g v="ADVB"></g></l></v></tfr></token><token id="558232" text="досрочный"><tfr rev_id="1391315" t="досрочный"><v><l id="90409" t="досрочный"><g v="ADJF"></g><g v="Qual"></g><g v="masc"></g><g v="sing"></g><g v="nomn"></g></l></v><v><l id="90409" t="досрочный"><g v="ADJF"></g><g v="Qual"></g><g v="inan"></g><g v="masc"></g><g v="sing"></g><g v="accs"></g></l></v></tfr></token><token id="558233" text="отзыв"><tfr rev_id="3477971" t="отзыв"><v><l id="213882" t="отзыв"><g v="NOUN"></g><g v="inan"></g><g v="masc"></g><g v="sing"></g><g v="nomn"></g></l></v></tfr></token><token id="558234" text="С"><tfr rev_id="4524237" t="С"><v><l id="390197" t="с"><g v="NOUN"></g><g v="anim"></g><g v="ms-f"></g><g v="Sgtm"></g><g v="Fixd"></g><g v="Abbr"></g><g v="Name"></g><g v="Init"></g><g v="sing"></g><g v="ablt"></g></l></v><v><l id="390197" t="с"><g v="NOUN"></g><g v="anim"></g><g v="ms-f"></g><g v="Sgtm"></g><g v="Fixd"></g><g v="Abbr"></g><g v="Name"></g><g v="Init"></g><g v="sing"></g><g v="accs"></g></l></v><v><l id="390197" t="с"><g v="NOUN"></g><g v="anim"></g><g v="ms-f"></g><g v="Sgtm"></g><g v="Fixd"></g><g v="Abbr"></g><g v="Name"></g><g v="Init"></g><g v="sing"></g><g v="datv"></g></l></v><v><l id="390197" t="с"><g v="NOUN"></g><g v="anim"></g><g v="ms-f"></g><g v="Sgtm"></g><g v="Fixd"></g><g v="Abbr"></g><g v="Name"></g><g v="Init"></g><g v="sing"></g><g v="gent"></g></l></v><v><l id="390197" t="с"><g v="NOUN"></g><g v="anim"></g><g v="ms-f"></g><g v="Sgtm"></g><g v="Fixd"></g><g v="Abbr"></g><g v="Name"></g><g v="Init"></g><g v="sing"></g><g v="loct"></g></l></v><v><l id="390197" t="с"><g v="NOUN"></g><g v="anim"></g><g v="ms-f"></g><g v="Sgtm"></g><g v="Fixd"></g><g v="Abbr"></g><g v="Name"></g><g v="Init"></g><g v="sing"></g><g v="nomn"></g></l></v><v><l id="390198" t="с"><g v="NOUN"></g><g v="anim"></g><g v="ms-f"></g><g v="Sgtm"></g><g v="Fixd"></g><g v="Abbr"></g><g v="Patr"></g><g v="Init"></g><g v="sing"></g><g v="ablt"></g></l></v><v><l id="390198" t="с"><g v="NOUN"></g><g v="anim"></g><g v="ms-f"></g><g v="Sgtm"></g><g v="Fixd"></g><g v="Abbr"></g><g v="Patr"></g><g v="Init"></g><g v="sing"></g><g v="accs"></g></l></v><v><l id="390198" t="с"><g v="NOUN"></g><g v="anim"></g><g v="ms-f"></g><g v="Sgtm"></g><g v="Fixd"></g><g v="Abbr"></g><g v="Patr"></g><g v="Init"></g><g v="sing"></g><g v="datv"></g></l></v><v><l id="390198" t="с"><g v="NOUN"></g><g v="anim"></g><g v="ms-f"></g><g v="Sgtm"></g><g v="Fixd"></g><g v="Abbr"></g><g v="Patr"></g><g v="Init"></g><g v="sing"></g><g v="gent"></g></l></v><v><l id="390198" t="с"><g v="NOUN"></g><g v="anim"></g><g v="ms-f"></g><g v="Sgtm"></g><g v="Fixd"></g><g v="Abbr"></g><g v="Patr"></g><g v="Init"></g><g v="sing"></g><g v="loct"></g></l></v><v><l id="390198" t="с"><g v="NOUN"></g><g v="anim"></g><g v="ms-f"></g><g v="Sgtm"></g><g v="Fixd"></g><g v="Abbr"></g><g v="Patr"></g><g v="Init"></g><g v="sing"></g><g v="nomn"></g></l></v></tfr></token><token id="558235" text="."><tfr rev_id="1391318" t="."><v><l id="0" t="."><g v="PNCT"></g></l></v></tfr></token><token id="558236" text="Миронова"><tfr rev_id="4285424" t="Миронова"><v><l id="160926" t="миронов"><g v="NOUN"></g><g v="anim"></g><g v="masc"></g><g v="Sgtm"></g><g v="Surn"></g><g v="sing"></g><g v="gent"></g></l></v><v><l id="160926" t="миронов"><g v="NOUN"></g><g v="anim"></g><g v="masc"></g><g v="Sgtm"></g><g v="Surn"></g><g v="sing"></g><g v="accs"></g></l></v></tfr></token><token id="558237" text="за"><tfr rev_id="1391320" t="за"><v><l id="98043" t="за"><g v="PREP"></g></l></v></tfr></token><token id="558238" text="полгода"><tfr rev_id="4359939" t="полгода"><v><l id="255230" t="полгода"><g v="NOUN"></g><g v="inan"></g><g v="neut"></g><g v="Sgtm"></g><g v="sing"></g><g v="accs"></g></l></v></tfr></token><token id="558239" text="до"><tfr rev_id="1391322" t="до"><v><l id="85153" t="до"><g v="PREP"></g></l></v></tfr></token><token id="558240" text="очередных"><tfr rev_id="4312895" t="очередных"><v><l id="221690" t="очередной"><g v="ADJF"></g><g v="plur"></g><g v="gent"></g></l></v></tfr></token><token id="558241" text="выборов"><tfr rev_id="1391324" t="выборов"><v><l id="55719" t="выбор"><g v="NOUN"></g><g v="inan"></g><g v="masc"></g><g v="plur"></g><g v="gent"></g></l></v><v><l id="55749" t="выборы"><g v="NOUN"></g><g v="inan"></g><g v="GNdr"></g><g v="Pltm"></g><g v="plur"></g><g v="gent"></g></l></v></tfr></token><token id="558242" text="в"><tfr rev_id="1391325" t="в"><v><l id="37409" t="в"><g v="PREP"></g></l></v></tfr></token><token id="558243" text="Законодательное"><tfr rev_id="3282697" t="Законодательное"><v><l id="103716" t="законодательный"><g v="ADJF"></g><g v="neut"></g><g v="sing"></g><g v="accs"></g></l></v></tfr></token><token id="558244" text="собрание"><tfr rev_id="3488450" t="собрание"><v><l id="327807" t="собрание"><g v="NOUN"></g><g v="inan"></g><g v="neut"></g><g v="sing"></g><g v="accs"></g></l></v></tfr></token><token id="558245" text=","><tfr rev_id="1391328" t=","><v><l id="0" t=","><g v="PNCT"></g></l></v></tfr></token><token id="558246" text="новый"><tfr rev_id="1391329" t="новый"><v><l id="191918" t="новый"><g v="ADJF"></g><g v="Qual"></g><g v="masc"></g><g v="sing"></g><g v="nomn"></g></l></v><v><l id="191918" t="новый"><g v="ADJF"></g><g v="Qual"></g><g v="inan"></g><g v="masc"></g><g v="sing"></g><g v="accs"></g></l></v></tfr></token><token id="558247" text="состав"><tfr rev_id="3488293" t="состав"><v><l id="330479" t="состав"><g v="NOUN"></g><g v="inan"></g><g v="masc"></g><g v="sing"></g><g v="nomn"></g></l></v></tfr></token><token id="558248" text="которого"><tfr rev_id="4205683" t="которого"><v><l id="141203" t="который"><g v="ADJF"></g><g v="Apro"></g><g v="Subx"></g><g v="Anph"></g><g v="neut"></g><g v="sing"></g><g v="gent"></g></l></v></tfr></token><token id="558249" text="в"><tfr rev_id="1391332" t="в"><v><l id="37409" t="в"><g v="PREP"></g></l></v></tfr></token><token id="558250" text="штатном"><tfr rev_id="3449258" t="штатном"><v><l id="381338" t="штатный"><g v="ADJF"></g><g v="Qual"></g><g v="masc"></g><g v="sing"></g><g v="loct"></g></l></v></tfr></token><token id="558251" text="режиме"><tfr rev_id="1391334" t="режиме"><v><l id="305124" t="режим"><g v="NOUN"></g><g v="inan"></g><g v="masc"></g><g v="sing"></g><g v="loct"></g></l></v></tfr></token><token id="558252" text="сможет"><tfr rev_id="1391335" t="сможет"><v><l id="326830" t="смог"><g v="VERB"></g><g v="perf"></g><g v="intr"></g><g v="sing"></g><g v="3per"></g><g v="futr"></g><g v="indc"></g></l></v></tfr></token><token id="558253" text="делегировать"><tfr rev_id="1391336" t="делегировать"><v><l id="80547" t="делегировать"><g v="INFN"></g><g v="impf"></g><g v="tran"></g></l></v></tfr></token><token id="558254" text="нового"><tfr rev_id="4229977" t="нового"><v><l id="191918" t="новый"><g v="ADJF"></g><g v="Qual"></g><g v="masc"></g><g v="sing"></g><g v="gent"></g></l></v><v><l id="191918" t="новый"><g v="ADJF"></g><g v="Qual"></g><g v="anim"></g><g v="masc"></g><g v="sing"></g><g v="accs"></g></l></v><v><l id="191918" t="новый"><g v="ADJF"></g><g v="Qual"></g><g v="neut"></g><g v="sing"></g><g v="gent"></g></l></v></tfr></token><token id="558255" text="представителя"><tfr rev_id="3302574" t="представителя"><v><l id="267083" t="представитель"><g v="NOUN"></g><g v="anim"></g><g v="masc"></g><g v="sing"></g><g v="accs"></g></l></v></tfr></token><token id="558256" text="в"><tfr rev_id="1391339" t="в"><v><l id="37409" t="в"><g v="PREP"></g></l></v></tfr></token><token id="558257" text="Совет"><tfr rev_id="2782602" t="Совет"><v><l id="327955" t="совет"><g v="NOUN"></g><g v="inan"></g><g v="masc"></g><g v="sing"></g><g v="accs"></g></l></v></tfr></token><token id="558258" text="Федерации"><tfr rev_id="3887860" t="Федерации"><v><l id="364940" t="федерация"><g v="NOUN"></g><g v="inan"></g><g v="femn"></g><g v="sing"></g><g v="gent"></g></l></v></tfr></token><token id="558259" text=","><tfr rev_id="1391342" t=","><v><l id="0" t=","><g v="PNCT"></g></l></v></tfr></token><token id="558260" text="обернётся"><tfr rev_id="1391343" t="обернётся"><v><l id="194653" t="обернулся"><g v="VERB"></g><g v="perf"></g><g v="intr"></g><g v="sing"></g><g v="3per"></g><g v="futr"></g><g v="indc"></g></l></v></tfr></token><token id="558261" text="большим"><tfr rev_id="4534068" t="большим"><v><l id="32439" t="больший"><g v="ADJF"></g><g v="Qual"></g><g v="masc"></g><g v="sing"></g><g v="ablt"></g></l></v><v><l id="32445" t="большой"><g v="ADJF"></g><g v="Qual"></g><g v="masc"></g><g v="sing"></g><g v="ablt"></g></l></v></tfr></token><token id="558262" text="международным"><tfr rev_id="4298469" t="международным"><v><l id="157346" t="международный"><g v="ADJF"></g><g v="masc"></g><g v="sing"></g><g v="ablt"></g></l></v></tfr></token><token id="558263" text="скандалом"><tfr rev_id="1391346" t="скандалом"><v><l id="321718" t="скандал"><g v="NOUN"></g><g v="inan"></g><g v="masc"></g><g v="sing"></g><g v="ablt"></g></l></v></tfr></token><token id="558264" text="»"><tfr rev_id="2441965" t="»"><v><l id="0" t="»"><g v="PNCT"></g></l></v></tfr></token><token id="558265" text=","><tfr rev_id="1391348" t=","><v><l id="0" t=","><g v="PNCT"></g></l></v></tfr></token><token id="558266" text="—"><tfr rev_id="2441966" t="—"><v><l id="0" t="—"><g v="PNCT"></g></l></v></tfr></token><token id="558267" text="предупредил"><tfr rev_id="1391350" t="предупредил"><v><l id="267274" t="предупредил"><g v="VERB"></g><g v="perf"></g><g v="tran"></g><g v="masc"></g><g v="sing"></g><g v="past"></g><g v="indc"></g></l></v></tfr></token><token id="558268" text="депутат"><tfr rev_id="1391351" t="депутат"><v><l id="81561" t="депутат"><g v="NOUN"></g><g v="anim"></g><g v="masc"></g><g v="sing"></g><g v="nomn"></g></l></v></tfr></token><token id="558269" text="."><tfr rev_id="1391352" t="."><v><l id="0" t="."><g v="PNCT"></g></l></v></tfr></token></tokens></sentence><sentence id="31140"><source>Он также считает, что, выступая с заявлениями об отзыве С. Миронова, петербургские единороссы демонстрируют «политическую близорукость» и «полное интеллектуальное убожество».</source><tokens><token id="558270" text="Он"><tfr rev_id="3575459" t="Он"><v><l id="206541" t="он"><g v="NPRO"></g><g v="masc"></g><g v="3per"></g><g v="Anph"></g><g v="sing"></g><g v="nomn"></g></l></v></tfr></token><token id="558271" text="также"><tfr rev_id="4267648" t="также"><v><l id="342482" t="также"><g v="PRCL"></g></l></v></tfr></token><token id="558272" text="считает"><tfr rev_id="2703862" t="считает"><v><l id="341320" t="считаю"><g v="VERB"></g><g v="impf"></g><g v="tran"></g><g v="sing"></g><g v="3per"></g><g v="pres"></g><g v="indc"></g></l></v></tfr></token><token id="558273" text=","><tfr rev_id="1391356" t=","><v><l id="0" t=","><g v="PNCT"></g></l></v></tfr></token><token id="558274" text="что"><tfr rev_id="3196440" t="что"><v><l id="377004" t="что"><g v="CONJ"></g></l></v><v><l id="377005" t="что"><g v="NPRO"></g><g v="neut"></g><g v="sing"></g><g v="nomn"></g></l></v><v><l id="377005" t="что"><g v="NPRO"></g><g v="neut"></g><g v="sing"></g><g v="accs"></g></l></v><v><l id="377006" t="что"><g v="ADVB"></g><g v="Ques"></g></l></v><v><l id="388695" t="что"><g v="PRCL"></g></l></v></tfr></token><token id="558275" text=","><tfr rev_id="1391358" t=","><v><l id="0" t=","><g v="PNCT"></g></l></v></tfr></token><token id="558276" text="выступая"><tfr rev_id="1391359" t="выступая"><v><l id="62884" t="выступая"><g v="GRND"></g><g v="impf"></g><g v="intr"></g><g v="pres"></g></l></v></tfr></token><token id="558277" text="с"><tfr rev_id="1391360" t="с"><v><l id="311151" t="с"><g v="PREP"></g></l></v></tfr></token><token id="558278" text="заявлениями"><tfr rev_id="1391361" t="заявлениями"><v><l id="114311" t="заявление"><g v="NOUN"></g><g v="inan"></g><g v="neut"></g><g v="plur"></g><g v="ablt"></g></l></v></tfr></token><token id="558279" text="об"><tfr rev_id="2921184" t="об"><v><l id="192977" t="о"><g v="PREP"></g><g v="Vpre"></g></l></v></tfr></token><token id="558280" text="отзыве"><tfr rev_id="1391363" t="отзыве"><v><l id="213882" t="отзыв"><g v="NOUN"></g><g v="inan"></g><g v="masc"></g><g v="sing"></g><g v="loct"></g></l></v></tfr></token><token id="558281" text="С"><tfr rev_id="4524238" t="С"><v><l id="390197" t="с"><g v="NOUN"></g><g v="anim"></g><g v="ms-f"></g><g v="Sgtm"></g><g v="Fixd"></g><g v="Abbr"></g><g v="Name"></g><g v="Init"></g><g v="sing"></g><g v="ablt"></g></l></v><v><l id="390197" t="с"><g v="NOUN"></g><g v="anim"></g><g v="ms-f"></g><g v="Sgtm"></g><g v="Fixd"></g><g v="Abbr"></g><g v="Name"></g><g v="Init"></g><g v="sing"></g><g v="accs"></g></l></v><v><l id="390197" t="с"><g v="NOUN"></g><g v="anim"></g><g v="ms-f"></g><g v="Sgtm"></g><g v="Fixd"></g><g v="Abbr"></g><g v="Name"></g><g v="Init"></g><g v="sing"></g><g v="datv"></g></l></v><v><l id="390197" t="с"><g v="NOUN"></g><g v="anim"></g><g v="ms-f"></g><g v="Sgtm"></g><g v="Fixd"></g><g v="Abbr"></g><g v="Name"></g><g v="Init"></g><g v="sing"></g><g v="gent"></g></l></v><v><l id="390197" t="с"><g v="NOUN"></g><g v="anim"></g><g v="ms-f"></g><g v="Sgtm"></g><g v="Fixd"></g><g v="Abbr"></g><g v="Name"></g><g v="Init"></g><g v="sing"></g><g v="loct"></g></l></v><v><l id="390197" t="с"><g v="NOUN"></g><g v="anim"></g><g v="ms-f"></g><g v="Sgtm"></g><g v="Fixd"></g><g v="Abbr"></g><g v="Name"></g><g v="Init"></g><g v="sing"></g><g v="nomn"></g></l></v><v><l id="390198" t="с"><g v="NOUN"></g><g v="anim"></g><g v="ms-f"></g><g v="Sgtm"></g><g v="Fixd"></g><g v="Abbr"></g><g v="Patr"></g><g v="Init"></g><g v="sing"></g><g v="ablt"></g></l></v><v><l id="390198" t="с"><g v="NOUN"></g><g v="anim"></g><g v="ms-f"></g><g v="Sgtm"></g><g v="Fixd"></g><g v="Abbr"></g><g v="Patr"></g><g v="Init"></g><g v="sing"></g><g v="accs"></g></l></v><v><l id="390198" t="с"><g v="NOUN"></g><g v="anim"></g><g v="ms-f"></g><g v="Sgtm"></g><g v="Fixd"></g><g v="Abbr"></g><g v="Patr"></g><g v="Init"></g><g v="sing"></g><g v="datv"></g></l></v><v><l id="390198" t="с"><g v="NOUN"></g><g v="anim"></g><g v="ms-f"></g><g v="Sgtm"></g><g v="Fixd"></g><g v="Abbr"></g><g v="Patr"></g><g v="Init"></g><g v="sing"></g><g v="gent"></g></l></v><v><l id="390198" t="с"><g v="NOUN"></g><g v="anim"></g><g v="ms-f"></g><g v="Sgtm"></g><g v="Fixd"></g><g v="Abbr"></g><g v="Patr"></g><g v="Init"></g><g v="sing"></g><g v="loct"></g></l></v><v><l id="390198" t="с"><g v="NOUN"></g><g v="anim"></g><g v="ms-f"></g><g v="Sgtm"></g><g v="Fixd"></g><g v="Abbr"></g><g v="Patr"></g><g v="Init"></g><g v="sing"></g><g v="nomn"></g></l></v></tfr></token><token id="558282" text="."><tfr rev_id="1391365" t="."><v><l id="0" t="."><g v="PNCT"></g></l></v></tfr></token><token id="558283" text="Миронова"><tfr rev_id="4356494" t="Миронова"><v><l id="160926" t="миронов"><g v="NOUN"></g><g v="anim"></g><g v="masc"></g><g v="Sgtm"></g><g v="Surn"></g><g v="sing"></g><g v="gent"></g></l></v></tfr></token><token id="558284" text=","><tfr rev_id="1391367" t=","><v><l id="0" t=","><g v="PNCT"></g></l></v></tfr></token><token id="558285" text="петербургские"><tfr rev_id="4084236" t="петербургские"><v><l id="237889" t="петербургский"><g v="ADJF"></g><g v="Geox"></g><g v="plur"></g><g v="nomn"></g></l></v></tfr></token><token id="558286" text="единороссы"><tfr rev_id="3418801" t="единороссы"><v><l id="388788" t="единоросс"><g v="NOUN"></g><g v="anim"></g><g v="masc"></g><g v="plur"></g><g v="nomn"></g></l></v></tfr></token><token id="558287" text="демонстрируют"><tfr rev_id="1391370" t="демонстрируют"><v><l id="81026" t="демонстрирую"><g v="VERB"></g><g v="impf"></g><g v="tran"></g><g v="plur"></g><g v="3per"></g><g v="pres"></g><g v="indc"></g></l></v></tfr></token><token id="558288" text="«"><tfr rev_id="2441967" t="«"><v><l id="0" t="«"><g v="PNCT"></g></l></v></tfr></token><token id="558289" text="политическую"><tfr rev_id="1391372" t="политическую"><v><l id="255870" t="политический"><g v="ADJF"></g><g v="femn"></g><g v="sing"></g><g v="accs"></g></l></v></tfr></token><token id="558290" text="близорукость"><tfr rev_id="4094056" t="близорукость"><v><l id="30880" t="близорукость"><g v="NOUN"></g><g v="inan"></g><g v="femn"></g><g v="sing"></g><g v="accs"></g></l></v></tfr></token><token id="558291" text="»"><tfr rev_id="2441968" t="»"><v><l id="0" t="»"><g v="PNCT"></g></l></v></tfr></token><token id="558292" text="и"><tfr rev_id="1391375" t="и"><v><l id="116949" t="и"><g v="CONJ"></g></l></v><v><l id="116950" t="и"><g v="INTJ"></g></l></v></tfr></token><token id="558293" text="«"><tfr rev_id="2441969" t="«"><v><l id="0" t="«"><g v="PNCT"></g></l></v></tfr></token><token id="558294" text="полное"><tfr rev_id="1391377" t="полное"><v><l id="256169" t="полный"><g v="ADJF"></g><g v="Qual"></g><g v="neut"></g><g v="sing"></g><g v="nomn"></g></l></v><v><l id="256169" t="полный"><g v="ADJF"></g><g v="Qual"></g><g v="neut"></g><g v="sing"></g><g v="accs"></g></l></v></tfr></token><token id="558295" text="интеллектуальное"><tfr rev_id="1391378" t="интеллектуальное"><v><l id="123066" t="интеллектуальный"><g v="ADJF"></g><g v="Qual"></g><g v="neut"></g><g v="sing"></g><g v="nomn"></g></l></v><v><l id="123066" t="интеллектуальный"><g v="ADJF"></g><g v="Qual"></g><g v="neut"></g><g v="sing"></g><g v="accs"></g></l></v></tfr></token><token id="558296" text="убожество"><tfr rev_id="4092657" t="убожество"><v><l id="353084" t="убожество"><g v="NOUN"></g><g v="inan"></g><g v="neut"></g><g v="sing"></g><g v="accs"></g></l></v></tfr></token><token id="558297" text="»"><tfr rev_id="2441970" t="»"><v><l id="0" t="»"><g v="PNCT"></g></l></v></tfr></token><token id="558298" text="."><tfr rev_id="1391381" t="."><v><l id="0" t="."><g v="PNCT"></g></l></v></tfr></token></tokens></sentence></paragraph><paragraph id="9946"><sentence id="31141"><source>О некоторых экономических идеях эсеров читайте в статье Частного корреспондента «Равенство вместо сытости»</source><tokens><token id="558299" text="О"><tfr rev_id="1391382" t="О"><v><l id="192977" t="о"><g v="PREP"></g></l></v><v><l id="192978" t="о"><g v="INTJ"></g></l></v></tfr></token><token id="558300" text="некоторых"><tfr rev_id="4477359" t="некоторых"><v><l id="183542" t="некоторый"><g v="ADJF"></g><g v="Apro"></g><g v="plur"></g><g v="gent"></g></l></v><v><l id="183542" t="некоторый"><g v="ADJF"></g><g v="Apro"></g><g v="anim"></g><g v="plur"></g><g v="accs"></g></l></v><v><l id="183542" t="некоторый"><g v="ADJF"></g><g v="Apro"></g><g v="plur"></g><g v="loct"></g></l></v></tfr></token><token id="558301" text="экономических"><tfr rev_id="4420623" t="экономических"><v><l id="383364" t="экономический"><g v="ADJF"></g><g v="plur"></g><g v="loct"></g></l></v></tfr></token><token id="558302" text="идеях"><tfr rev_id="1391385" t="идеях"><v><l id="117499" t="идея"><g v="NOUN"></g><g v="inan"></g><g v="femn"></g><g v="plur"></g><g v="loct"></g></l></v></tfr></token><token id="558303" text="эсеров"><tfr rev_id="4098095" t="эсеров"><v><l id="386182" t="эсер"><g v="NOUN"></g><g v="anim"></g><g v="masc"></g><g v="plur"></g><g v="gent"></g></l></v></tfr></token><token id="558304" text="читайте"><tfr rev_id="1391387" t="читайте"><v><l id="376719" t="читаю"><g v="VERB"></g><g v="impf"></g><g v="tran"></g><g v="plur"></g><g v="impr"></g><g v="excl"></g></l></v></tfr></token><token id="558305" text="в"><tfr rev_id="1391388" t="в"><v><l id="37409" t="в"><g v="PREP"></g></l></v></tfr></token><token id="558306" text="статье"><tfr rev_id="3226423" t="статье"><v><l id="335173" t="статья"><g v="NOUN"></g><g v="inan"></g><g v="femn"></g><g v="sing"></g><g v="loct"></g></l></v></tfr></token><token id="558307" text="Частного"><tfr rev_id="4310038" t="Частного"><v><l id="374795" t="частный"><g v="ADJF"></g><g v="Qual"></g><g v="masc"></g><g v="sing"></g><g v="gent"></g></l></v><v><l id="374795" t="частный"><g v="ADJF"></g><g v="Qual"></g><g v="anim"></g><g v="masc"></g><g v="sing"></g><g v="accs"></g></l></v></tfr></token><token id="558308" text="корреспондента"><tfr rev_id="3721723" t="корреспондента"><v><l id="140239" t="корреспондент"><g v="NOUN"></g><g v="anim"></g><g v="masc"></g><g v="sing"></g><g v="gent"></g></l></v></tfr></token><token id="558309" text="«"><tfr rev_id="2441971" t="«"><v><l id="0" t="«"><g v="PNCT"></g></l></v></tfr></token><token id="558310" text="Равенство"><tfr rev_id="1391393" t="Равенство"><v><l id="290565" t="равенство"><g v="NOUN"></g><g v="inan"></g><g v="neut"></g><g v="sing"></g><g v="nomn"></g></l></v><v><l id="290565" t="равенство"><g v="NOUN"></g><g v="inan"></g><g v="neut"></g><g v="sing"></g><g v="accs"></g></l></v></tfr></token><token id="558311" text="вместо"><tfr rev_id="1391394" t="вместо"><v><l id="47145" t="вместо"><g v="PREP"></g></l></v></tfr></token><token id="558312" text="сытости"><tfr rev_id="4271752" t="сытости"><v><l id="341834" t="сытость"><g v="NOUN"></g><g v="inan"></g><g v="femn"></g><g v="sing"></g><g v="gent"></g></l></v></tfr></token><token id="558313" text="»"><tfr rev_id="2441972" t="»"><v><l id="0" t="»"><g v="PNCT"></g></l></v></tfr></token></tokens></sentence></paragraph></paragraphs></text>