<?xml version="1.0" encoding="utf-8"?><text id="1016" parent="226" name="20962 Пациенты с ВИЧ направили президенту открытое письмо"><tags><tag>url:http://www.chaskor.ru/news/patsienty_s_vich_napravili_medvedeva_otkrytoe_pismo_20962</tag><tag>Год:2010</tag><tag>Дата:12/11</tag><tag>Тема:ЧасКор:Здоровье</tag><tag>Тема:ЧасКор:Здоровье/Медицина</tag></tags><paragraphs><paragraph id="9997"><sentence id="31468"><source>Пациенты с ВИЧ направили президенту открытое письмо.</source><tokens><token id="562862" text="Пациенты"><tfr rev_id="1395943" t="Пациенты"><v><l id="225418" t="пациент"><g v="NOUN"></g><g v="anim"></g><g v="masc"></g><g v="plur"></g><g v="nomn"></g></l></v></tfr></token><token id="562863" text="с"><tfr rev_id="1395944" t="с"><v><l id="311151" t="с"><g v="PREP"></g></l></v></tfr></token><token id="562864" text="ВИЧ"><tfr rev_id="3669606" t="ВИЧ"><v><l id="388945" t="вич"><g v="NOUN"></g><g v="inan"></g><g v="masc"></g><g v="Sgtm"></g><g v="Abbr"></g><g v="Fixd"></g><g v="sing"></g><g v="nomn"></g></l></v><v><l id="388945" t="вич"><g v="NOUN"></g><g v="inan"></g><g v="masc"></g><g v="Sgtm"></g><g v="Abbr"></g><g v="Fixd"></g><g v="sing"></g><g v="accs"></g></l></v></tfr></token><token id="562865" text="направили"><tfr rev_id="1395946" t="направили"><v><l id="173952" t="направил"><g v="VERB"></g><g v="perf"></g><g v="tran"></g><g v="plur"></g><g v="past"></g><g v="indc"></g></l></v></tfr></token><token id="562866" text="президенту"><tfr rev_id="1395947" t="президенту"><v><l id="267449" t="президент"><g v="NOUN"></g><g v="anim"></g><g v="masc"></g><g v="sing"></g><g v="datv"></g></l></v></tfr></token><token id="562867" text="открытое"><tfr rev_id="1395948" t="открытое"><v><l id="214751" t="открытый"><g v="ADJF"></g><g v="Qual"></g><g v="neut"></g><g v="sing"></g><g v="nomn"></g></l></v><v><l id="214751" t="открытый"><g v="ADJF"></g><g v="Qual"></g><g v="neut"></g><g v="sing"></g><g v="accs"></g></l></v><v><l id="214757" t="открытый"><g v="PRTF"></g><g v="perf"></g><g v="tran"></g><g v="past"></g><g v="pssv"></g><g v="neut"></g><g v="sing"></g><g v="nomn"></g></l></v><v><l id="214757" t="открытый"><g v="PRTF"></g><g v="perf"></g><g v="tran"></g><g v="past"></g><g v="pssv"></g><g v="neut"></g><g v="sing"></g><g v="accs"></g></l></v></tfr></token><token id="562868" text="письмо"><tfr rev_id="3488423" t="письмо"><v><l id="239196" t="письмо"><g v="NOUN"></g><g v="inan"></g><g v="neut"></g><g v="sing"></g><g v="accs"></g></l></v></tfr></token><token id="562869" text="."><tfr rev_id="1395950" t="."><v><l id="0" t="."><g v="PNCT"></g></l></v></tfr></token></tokens></sentence><sentence id="31469"><source>Авторы послания просят изменить правила проведения клинических исследований, чтобы сохранить анонимность персональных данных.</source><tokens><token id="562870" text="Авторы"><tfr rev_id="1395951" t="Авторы"><v><l id="3371" t="автор"><g v="NOUN"></g><g v="anim"></g><g v="masc"></g><g v="plur"></g><g v="nomn"></g></l></v></tfr></token><token id="562871" text="послания"><tfr rev_id="2371500" t="послания"><v><l id="261522" t="послание"><g v="NOUN"></g><g v="inan"></g><g v="neut"></g><g v="sing"></g><g v="gent"></g></l></v></tfr></token><token id="562872" text="просят"><tfr rev_id="1395953" t="просят"><v><l id="284318" t="прошу"><g v="VERB"></g><g v="impf"></g><g v="tran"></g><g v="plur"></g><g v="3per"></g><g v="pres"></g><g v="indc"></g></l></v></tfr></token><token id="562873" text="изменить"><tfr rev_id="1395954" t="изменить"><v><l id="119489" t="изменить"><g v="INFN"></g><g v="perf"></g><g v="tran"></g></l></v><v><l id="119495" t="изменить"><g v="INFN"></g><g v="perf"></g><g v="intr"></g></l></v></tfr></token><token id="562874" text="правила"><tfr rev_id="3800846" t="правила"><v><l id="265619" t="правило"><g v="NOUN"></g><g v="inan"></g><g v="neut"></g><g v="plur"></g><g v="accs"></g></l></v></tfr></token><token id="562875" text="проведения"><tfr rev_id="3479832" t="проведения"><v><l id="277705" t="проведение"><g v="NOUN"></g><g v="inan"></g><g v="neut"></g><g v="sing"></g><g v="gent"></g></l></v></tfr></token><token id="562876" text="клинических"><tfr rev_id="3556551" t="клинических"><v><l id="134401" t="клинический"><g v="ADJF"></g><g v="plur"></g><g v="gent"></g></l></v></tfr></token><token id="562877" text="исследований"><tfr rev_id="1395958" t="исследований"><v><l id="125799" t="исследование"><g v="NOUN"></g><g v="inan"></g><g v="neut"></g><g v="plur"></g><g v="gent"></g></l></v></tfr></token><token id="562878" text=","><tfr rev_id="1395959" t=","><v><l id="0" t=","><g v="PNCT"></g></l></v></tfr></token><token id="562879" text="чтобы"><tfr rev_id="1395960" t="чтобы"><v><l id="377013" t="чтобы"><g v="CONJ"></g></l></v><v><l id="377014" t="чтобы"><g v="PRCL"></g></l></v></tfr></token><token id="562880" text="сохранить"><tfr rev_id="1395961" t="сохранить"><v><l id="330989" t="сохранить"><g v="INFN"></g><g v="perf"></g><g v="tran"></g></l></v></tfr></token><token id="562881" text="анонимность"><tfr rev_id="3473858" t="анонимность"><v><l id="13919" t="анонимность"><g v="NOUN"></g><g v="inan"></g><g v="femn"></g><g v="sing"></g><g v="accs"></g></l></v></tfr></token><token id="562882" text="персональных"><tfr rev_id="4360568" t="персональных"><v><l id="237462" t="персональный"><g v="ADJF"></g><g v="plur"></g><g v="gent"></g></l></v></tfr></token><token id="562883" text="данных"><tfr rev_id="4537992" t="данных"><v><l id="78302" t="данные"><g v="NOUN"></g><g v="inan"></g><g v="GNdr"></g><g v="Pltm"></g><g v="plur"></g><g v="gent"></g></l></v></tfr></token><token id="562884" text="."><tfr rev_id="1395965" t="."><v><l id="0" t="."><g v="PNCT"></g></l></v></tfr></token></tokens></sentence></paragraph><paragraph id="9998"><sentence id="31470"><source>Организации ВИЧ-инфицированных россиян направили открытое письмо Дмитрию Медведеву, сообщает medportal.ru.</source><tokens><token id="562885" text="Организации"><tfr rev_id="3796415" t="Организации"><v><l id="208750" t="организация"><g v="NOUN"></g><g v="inan"></g><g v="femn"></g><g v="plur"></g><g v="nomn"></g></l></v></tfr></token><token id="562886" text="ВИЧ-инфицированных"><tfr rev_id="4346796" t="ВИЧ-инфицированных"><v><l id="389064" t="вич-инфицированный"><g v="ADJF"></g><g v="Subx"></g><g v="plur"></g><g v="gent"></g></l></v></tfr></token><token id="562887" text="россиян"><tfr rev_id="3713515" t="россиян"><v><l id="309323" t="россиянин"><g v="NOUN"></g><g v="anim"></g><g v="masc"></g><g v="plur"></g><g v="gent"></g></l></v></tfr></token><token id="562888" text="направили"><tfr rev_id="1395969" t="направили"><v><l id="173952" t="направил"><g v="VERB"></g><g v="perf"></g><g v="tran"></g><g v="plur"></g><g v="past"></g><g v="indc"></g></l></v></tfr></token><token id="562889" text="открытое"><tfr rev_id="1395970" t="открытое"><v><l id="214751" t="открытый"><g v="ADJF"></g><g v="Qual"></g><g v="neut"></g><g v="sing"></g><g v="nomn"></g></l></v><v><l id="214751" t="открытый"><g v="ADJF"></g><g v="Qual"></g><g v="neut"></g><g v="sing"></g><g v="accs"></g></l></v><v><l id="214757" t="открытый"><g v="PRTF"></g><g v="perf"></g><g v="tran"></g><g v="past"></g><g v="pssv"></g><g v="neut"></g><g v="sing"></g><g v="nomn"></g></l></v><v><l id="214757" t="открытый"><g v="PRTF"></g><g v="perf"></g><g v="tran"></g><g v="past"></g><g v="pssv"></g><g v="neut"></g><g v="sing"></g><g v="accs"></g></l></v></tfr></token><token id="562890" text="письмо"><tfr rev_id="1395971" t="письмо"><v><l id="239196" t="письмо"><g v="NOUN"></g><g v="inan"></g><g v="neut"></g><g v="sing"></g><g v="nomn"></g></l></v><v><l id="239196" t="письмо"><g v="NOUN"></g><g v="inan"></g><g v="neut"></g><g v="sing"></g><g v="accs"></g></l></v></tfr></token><token id="562891" text="Дмитрию"><tfr rev_id="4256935" t="Дмитрию"><v><l id="85055" t="дмитрий"><g v="NOUN"></g><g v="anim"></g><g v="masc"></g><g v="Name"></g><g v="sing"></g><g v="datv"></g></l></v></tfr></token><token id="562892" text="Медведеву"><tfr rev_id="3747842" t="Медведеву"><v><l id="156959" t="медведев"><g v="NOUN"></g><g v="anim"></g><g v="masc"></g><g v="Sgtm"></g><g v="Surn"></g><g v="sing"></g><g v="datv"></g></l></v></tfr></token><token id="562893" text=","><tfr rev_id="1395974" t=","><v><l id="0" t=","><g v="PNCT"></g></l></v></tfr></token><token id="562894" text="сообщает"><tfr rev_id="1395975" t="сообщает"><v><l id="329538" t="сообщаю"><g v="VERB"></g><g v="impf"></g><g v="tran"></g><g v="sing"></g><g v="3per"></g><g v="pres"></g><g v="indc"></g></l></v></tfr></token><token id="562895" text="medportal.ru"><tfr rev_id="2474068" t="medportal.ru"><v><l id="0" t="medportal.ru"><g v="LATN"></g></l></v></tfr></token><token id="562896" text="."><tfr rev_id="1395977" t="."><v><l id="0" t="."><g v="PNCT"></g></l></v></tfr></token></tokens></sentence><sentence id="31471"><source>В послании говорится, что введённые недавно правила обязательного страхования жизни и здоровья участников клинических исследований нарушают право пациентов на конфиденциальность медицинской информации.</source><tokens><token id="562897" text="В"><tfr rev_id="1395978" t="В"><v><l id="37409" t="в"><g v="PREP"></g></l></v></tfr></token><token id="562898" text="послании"><tfr rev_id="1395979" t="послании"><v><l id="261522" t="послание"><g v="NOUN"></g><g v="inan"></g><g v="neut"></g><g v="sing"></g><g v="loct"></g></l></v></tfr></token><token id="562899" text="говорится"><tfr rev_id="1395980" t="говорится"><v><l id="72062" t="говорюсь"><g v="VERB"></g><g v="impf"></g><g v="intr"></g><g v="sing"></g><g v="3per"></g><g v="pres"></g><g v="indc"></g></l></v></tfr></token><token id="562900" text=","><tfr rev_id="1395981" t=","><v><l id="0" t=","><g v="PNCT"></g></l></v></tfr></token><token id="562901" text="что"><tfr rev_id="4204177" t="что"><v><l id="377004" t="что"><g v="CONJ"></g></l></v></tfr></token><token id="562902" text="введённые"><tfr rev_id="1395983" t="введённые"><v><l id="39718" t="введённый"><g v="PRTF"></g><g v="perf"></g><g v="tran"></g><g v="past"></g><g v="pssv"></g><g v="plur"></g><g v="nomn"></g></l></v><v><l id="39718" t="введённый"><g v="PRTF"></g><g v="perf"></g><g v="tran"></g><g v="past"></g><g v="pssv"></g><g v="inan"></g><g v="plur"></g><g v="accs"></g></l></v></tfr></token><token id="562903" text="недавно"><tfr rev_id="1395984" t="недавно"><v><l id="180623" t="недавно"><g v="ADVB"></g></l></v></tfr></token><token id="562904" text="правила"><tfr rev_id="3804843" t="правила"><v><l id="265619" t="правило"><g v="NOUN"></g><g v="inan"></g><g v="neut"></g><g v="plur"></g><g v="nomn"></g></l></v></tfr></token><token id="562905" text="обязательного"><tfr rev_id="3946322" t="обязательного"><v><l id="202087" t="обязательный"><g v="ADJF"></g><g v="neut"></g><g v="sing"></g><g v="gent"></g></l></v></tfr></token><token id="562906" text="страхования"><tfr rev_id="3488763" t="страхования"><v><l id="337217" t="страхование"><g v="NOUN"></g><g v="inan"></g><g v="neut"></g><g v="sing"></g><g v="gent"></g></l></v></tfr></token><token id="562907" text="жизни"><tfr rev_id="4179454" t="жизни"><v><l id="97314" t="жизнь"><g v="NOUN"></g><g v="inan"></g><g v="femn"></g><g v="sing"></g><g v="gent"></g></l></v></tfr></token><token id="562908" text="и"><tfr rev_id="1395989" t="и"><v><l id="116949" t="и"><g v="CONJ"></g></l></v><v><l id="116950" t="и"><g v="INTJ"></g></l></v></tfr></token><token id="562909" text="здоровья"><tfr rev_id="1395990" t="здоровья"><v><l id="114746" t="здоровье"><g v="NOUN"></g><g v="inan"></g><g v="neut"></g><g v="sing"></g><g v="gent"></g></l></v><v><l id="114746" t="здоровье"><g v="NOUN"></g><g v="inan"></g><g v="neut"></g><g v="plur"></g><g v="nomn"></g></l></v><v><l id="114746" t="здоровье"><g v="NOUN"></g><g v="inan"></g><g v="neut"></g><g v="plur"></g><g v="accs"></g></l></v></tfr></token><token id="562910" text="участников"><tfr rev_id="4098059" t="участников"><v><l id="363151" t="участник"><g v="NOUN"></g><g v="anim"></g><g v="masc"></g><g v="plur"></g><g v="gent"></g></l></v></tfr></token><token id="562911" text="клинических"><tfr rev_id="4197648" t="клинических"><v><l id="134401" t="клинический"><g v="ADJF"></g><g v="plur"></g><g v="gent"></g></l></v></tfr></token><token id="562912" text="исследований"><tfr rev_id="1395993" t="исследований"><v><l id="125799" t="исследование"><g v="NOUN"></g><g v="inan"></g><g v="neut"></g><g v="plur"></g><g v="gent"></g></l></v></tfr></token><token id="562913" text="нарушают"><tfr rev_id="1395994" t="нарушают"><v><l id="174871" t="нарушаю"><g v="VERB"></g><g v="impf"></g><g v="tran"></g><g v="plur"></g><g v="3per"></g><g v="pres"></g><g v="indc"></g></l></v></tfr></token><token id="562914" text="право"><tfr rev_id="4417202" t="право"><v><l id="265680" t="право"><g v="NOUN"></g><g v="inan"></g><g v="neut"></g><g v="sing"></g><g v="accs"></g></l></v></tfr></token><token id="562915" text="пациентов"><tfr rev_id="2369495" t="пациентов"><v><l id="225418" t="пациент"><g v="NOUN"></g><g v="anim"></g><g v="masc"></g><g v="plur"></g><g v="gent"></g></l></v></tfr></token><token id="562916" text="на"><tfr rev_id="3345595" t="на"><v><l id="166264" t="на"><g v="PREP"></g></l></v></tfr></token><token id="562917" text="конфиденциальность"><tfr rev_id="3300487" t="конфиденциальность"><v><l id="138780" t="конфиденциальность"><g v="NOUN"></g><g v="inan"></g><g v="femn"></g><g v="Sgtm"></g><g v="sing"></g><g v="accs"></g></l></v></tfr></token><token id="562918" text="медицинской"><tfr rev_id="4315410" t="медицинской"><v><l id="157067" t="медицинский"><g v="ADJF"></g><g v="femn"></g><g v="sing"></g><g v="gent"></g></l></v></tfr></token><token id="562919" text="информации"><tfr rev_id="3509373" t="информации"><v><l id="123576" t="информация"><g v="NOUN"></g><g v="inan"></g><g v="femn"></g><g v="sing"></g><g v="gent"></g></l></v><v><l id="123576" t="информация"><g v="NOUN"></g><g v="inan"></g><g v="femn"></g><g v="sing"></g><g v="datv"></g></l></v><v><l id="123576" t="информация"><g v="NOUN"></g><g v="inan"></g><g v="femn"></g><g v="sing"></g><g v="loct"></g></l></v></tfr></token><token id="562920" text="."><tfr rev_id="1396001" t="."><v><l id="0" t="."><g v="PNCT"></g></l></v></tfr></token></tokens></sentence></paragraph><paragraph id="9999"><sentence id="31472"><source>В соответствии с постановлением правительства, утверждённым в сентябре 2010 года, организаторы клинического исследования обязываются прилагать к договору обязательного страхования участвующих в исследовании пациентов их поимённый список, с указанием паспортных данных, места работы и места жительства.</source><tokens><token id="562921" text="В"><tfr rev_id="1396002" t="В"><v><l id="37409" t="в"><g v="PREP"></g></l></v></tfr></token><token id="562922" text="соответствии"><tfr rev_id="1396003" t="соответствии"><v><l id="329623" t="соответствие"><g v="NOUN"></g><g v="inan"></g><g v="neut"></g><g v="sing"></g><g v="loct"></g></l></v></tfr></token><token id="562923" text="с"><tfr rev_id="1396004" t="с"><v><l id="311151" t="с"><g v="PREP"></g></l></v></tfr></token><token id="562924" text="постановлением"><tfr rev_id="1396005" t="постановлением"><v><l id="262154" t="постановление"><g v="NOUN"></g><g v="inan"></g><g v="neut"></g><g v="sing"></g><g v="ablt"></g></l></v></tfr></token><token id="562925" text="правительства"><tfr rev_id="3436172" t="правительства"><v><l id="265638" t="правительство"><g v="NOUN"></g><g v="inan"></g><g v="neut"></g><g v="sing"></g><g v="gent"></g></l></v></tfr></token><token id="562926" text=","><tfr rev_id="1396007" t=","><v><l id="0" t=","><g v="PNCT"></g></l></v></tfr></token><token id="562927" text="утверждённым"><tfr rev_id="2761071" t="утверждённым"><v><l id="361699" t="утверждённый"><g v="PRTF"></g><g v="perf"></g><g v="tran"></g><g v="past"></g><g v="pssv"></g><g v="neut"></g><g v="sing"></g><g v="ablt"></g></l></v></tfr></token><token id="562928" text="в"><tfr rev_id="1396009" t="в"><v><l id="37409" t="в"><g v="PREP"></g></l></v></tfr></token><token id="562929" text="сентябре"><tfr rev_id="1396010" t="сентябре"><v><l id="318866" t="сентябрь"><g v="NOUN"></g><g v="inan"></g><g v="masc"></g><g v="sing"></g><g v="loct"></g></l></v></tfr></token><token id="562930" text="2010"><tfr rev_id="2461017" t="2010"><v><l id="0" t="2010"><g v="NUMB"></g></l></v></tfr></token><token id="562931" text="года"><tfr rev_id="3476167" t="года"><v><l id="72149" t="год"><g v="NOUN"></g><g v="inan"></g><g v="masc"></g><g v="sing"></g><g v="gen1"></g></l></v></tfr></token><token id="562932" text=","><tfr rev_id="1396013" t=","><v><l id="0" t=","><g v="PNCT"></g></l></v></tfr></token><token id="562933" text="организаторы"><tfr rev_id="1396014" t="организаторы"><v><l id="208741" t="организатор"><g v="NOUN"></g><g v="anim"></g><g v="masc"></g><g v="plur"></g><g v="nomn"></g></l></v></tfr></token><token id="562934" text="клинического"><tfr rev_id="4085928" t="клинического"><v><l id="134401" t="клинический"><g v="ADJF"></g><g v="neut"></g><g v="sing"></g><g v="gent"></g></l></v></tfr></token><token id="562935" text="исследования"><tfr rev_id="3476943" t="исследования"><v><l id="125799" t="исследование"><g v="NOUN"></g><g v="inan"></g><g v="neut"></g><g v="sing"></g><g v="gent"></g></l></v></tfr></token><token id="562936" text="обязываются"><tfr rev_id="1396017" t="обязываются"><v><l id="202112" t="обязуюсь"><g v="VERB"></g><g v="impf"></g><g v="intr"></g><g v="plur"></g><g v="3per"></g><g v="pres"></g><g v="indc"></g></l></v></tfr></token><token id="562937" text="прилагать"><tfr rev_id="1396018" t="прилагать"><v><l id="271454" t="прилагать"><g v="INFN"></g><g v="impf"></g><g v="tran"></g></l></v></tfr></token><token id="562938" text="к"><tfr rev_id="1396019" t="к"><v><l id="127460" t="к"><g v="PREP"></g></l></v></tfr></token><token id="562939" text="договору"><tfr rev_id="1396020" t="договору"><v><l id="86267" t="договор"><g v="NOUN"></g><g v="inan"></g><g v="masc"></g><g v="sing"></g><g v="datv"></g></l></v></tfr></token><token id="562940" text="обязательного"><tfr rev_id="3481913" t="обязательного"><v><l id="202087" t="обязательный"><g v="ADJF"></g><g v="neut"></g><g v="sing"></g><g v="gent"></g></l></v></tfr></token><token id="562941" text="страхования"><tfr rev_id="2371131" t="страхования"><v><l id="337217" t="страхование"><g v="NOUN"></g><g v="inan"></g><g v="neut"></g><g v="sing"></g><g v="gent"></g></l></v></tfr></token><token id="562942" text="участвующих"><tfr rev_id="1396023" t="участвующих"><v><l id="363129" t="участвующий"><g v="PRTF"></g><g v="impf"></g><g v="intr"></g><g v="pres"></g><g v="actv"></g><g v="plur"></g><g v="gent"></g></l></v><v><l id="363129" t="участвующий"><g v="PRTF"></g><g v="impf"></g><g v="intr"></g><g v="pres"></g><g v="actv"></g><g v="anim"></g><g v="plur"></g><g v="accs"></g></l></v><v><l id="363129" t="участвующий"><g v="PRTF"></g><g v="impf"></g><g v="intr"></g><g v="pres"></g><g v="actv"></g><g v="plur"></g><g v="loct"></g></l></v></tfr></token><token id="562943" text="в"><tfr rev_id="1396024" t="в"><v><l id="37409" t="в"><g v="PREP"></g></l></v></tfr></token><token id="562944" text="исследовании"><tfr rev_id="1396025" t="исследовании"><v><l id="125799" t="исследование"><g v="NOUN"></g><g v="inan"></g><g v="neut"></g><g v="sing"></g><g v="loct"></g></l></v></tfr></token><token id="562945" text="пациентов"><tfr rev_id="2928398" t="пациентов"><v><l id="225418" t="пациент"><g v="NOUN"></g><g v="anim"></g><g v="masc"></g><g v="plur"></g><g v="gent"></g></l></v></tfr></token><token id="562946" text="их"><tfr rev_id="4456414" t="их"><v><l id="127205" t="их"><g v="ADJF"></g><g v="Fixd"></g><g v="Apro"></g><g v="Anph"></g><g v="masc"></g><g v="sing"></g><g v="nomn"></g></l></v><v><l id="127205" t="их"><g v="ADJF"></g><g v="Fixd"></g><g v="Apro"></g><g v="Anph"></g><g v="masc"></g><g v="sing"></g><g v="gent"></g></l></v><v><l id="127205" t="их"><g v="ADJF"></g><g v="Fixd"></g><g v="Apro"></g><g v="Anph"></g><g v="masc"></g><g v="sing"></g><g v="datv"></g></l></v><v><l id="127205" t="их"><g v="ADJF"></g><g v="Fixd"></g><g v="Apro"></g><g v="Anph"></g><g v="masc"></g><g v="sing"></g><g v="accs"></g></l></v><v><l id="127205" t="их"><g v="ADJF"></g><g v="Fixd"></g><g v="Apro"></g><g v="Anph"></g><g v="masc"></g><g v="sing"></g><g v="ablt"></g></l></v><v><l id="127205" t="их"><g v="ADJF"></g><g v="Fixd"></g><g v="Apro"></g><g v="Anph"></g><g v="masc"></g><g v="sing"></g><g v="loct"></g></l></v></tfr></token><token id="562947" text="поимённый"><tfr rev_id="1396028" t="поимённый"><v><l id="253844" t="поимённый"><g v="ADJF"></g><g v="Qual"></g><g v="masc"></g><g v="sing"></g><g v="nomn"></g></l></v><v><l id="253844" t="поимённый"><g v="ADJF"></g><g v="Qual"></g><g v="inan"></g><g v="masc"></g><g v="sing"></g><g v="accs"></g></l></v></tfr></token><token id="562948" text="список"><tfr rev_id="3497437" t="список"><v><l id="332279" t="список"><g v="NOUN"></g><g v="inan"></g><g v="masc"></g><g v="sing"></g><g v="accs"></g></l></v></tfr></token><token id="562949" text=","><tfr rev_id="1396030" t=","><v><l id="0" t=","><g v="PNCT"></g></l></v></tfr></token><token id="562950" text="с"><tfr rev_id="1396031" t="с"><v><l id="311151" t="с"><g v="PREP"></g></l></v></tfr></token><token id="562951" text="указанием"><tfr rev_id="1396032" t="указанием"><v><l id="355916" t="указание"><g v="NOUN"></g><g v="inan"></g><g v="neut"></g><g v="sing"></g><g v="ablt"></g></l></v></tfr></token><token id="562952" text="паспортных"><tfr rev_id="2827205" t="паспортных"><v><l id="224754" t="паспортный"><g v="ADJF"></g><g v="Qual"></g><g v="plur"></g><g v="gent"></g></l></v></tfr></token><token id="562953" text="данных"><tfr rev_id="3663743" t="данных"><v><l id="78302" t="данные"><g v="NOUN"></g><g v="inan"></g><g v="GNdr"></g><g v="Pltm"></g><g v="plur"></g><g v="gent"></g></l></v><v><l id="78302" t="данные"><g v="NOUN"></g><g v="inan"></g><g v="GNdr"></g><g v="Pltm"></g><g v="plur"></g><g v="loct"></g></l></v><v><l id="78303" t="данный"><g v="ADJF"></g><g v="Apro"></g><g v="plur"></g><g v="gent"></g></l></v><v><l id="78303" t="данный"><g v="ADJF"></g><g v="Apro"></g><g v="anim"></g><g v="plur"></g><g v="accs"></g></l></v><v><l id="78303" t="данный"><g v="ADJF"></g><g v="Apro"></g><g v="plur"></g><g v="loct"></g></l></v><v><l id="78549" t="данный"><g v="PRTF"></g><g v="perf"></g><g v="tran"></g><g v="past"></g><g v="pssv"></g><g v="plur"></g><g v="gent"></g></l></v><v><l id="78549" t="данный"><g v="PRTF"></g><g v="perf"></g><g v="tran"></g><g v="past"></g><g v="pssv"></g><g v="anim"></g><g v="plur"></g><g v="accs"></g></l></v><v><l id="78549" t="данный"><g v="PRTF"></g><g v="perf"></g><g v="tran"></g><g v="past"></g><g v="pssv"></g><g v="plur"></g><g v="loct"></g></l></v></tfr></token><token id="562954" text=","><tfr rev_id="1396035" t=","><v><l id="0" t=","><g v="PNCT"></g></l></v></tfr></token><token id="562955" text="места"><tfr rev_id="2694192" t="места"><v><l id="158822" t="место"><g v="NOUN"></g><g v="inan"></g><g v="neut"></g><g v="sing"></g><g v="gent"></g></l></v></tfr></token><token id="562956" text="работы"><tfr rev_id="2722680" t="работы"><v><l id="290501" t="работа"><g v="NOUN"></g><g v="inan"></g><g v="femn"></g><g v="sing"></g><g v="gent"></g></l></v></tfr></token><token id="562957" text="и"><tfr rev_id="1396038" t="и"><v><l id="116949" t="и"><g v="CONJ"></g></l></v><v><l id="116950" t="и"><g v="INTJ"></g></l></v></tfr></token><token id="562958" text="места"><tfr rev_id="3432613" t="места"><v><l id="158822" t="место"><g v="NOUN"></g><g v="inan"></g><g v="neut"></g><g v="sing"></g><g v="gent"></g></l></v></tfr></token><token id="562959" text="жительства"><tfr rev_id="2694574" t="жительства"><v><l id="97564" t="жительство"><g v="NOUN"></g><g v="inan"></g><g v="neut"></g><g v="sing"></g><g v="gent"></g></l></v></tfr></token><token id="562960" text="."><tfr rev_id="1396041" t="."><v><l id="0" t="."><g v="PNCT"></g></l></v></tfr></token></tokens></sentence><sentence id="31473"><source>Таким образом, постановление требует раскрытия персональных данных пациентов третьим лицам.</source><tokens><token id="562961" text="Таким"><tfr rev_id="4412218" t="Таким"><v><l id="342491" t="такой"><g v="ADJF"></g><g v="Apro"></g><g v="masc"></g><g v="sing"></g><g v="ablt"></g></l></v></tfr></token><token id="562962" text="образом"><tfr rev_id="1396043" t="образом"><v><l id="198787" t="образ"><g v="NOUN"></g><g v="inan"></g><g v="masc"></g><g v="sing"></g><g v="ablt"></g></l></v></tfr></token><token id="562963" text=","><tfr rev_id="1396044" t=","><v><l id="0" t=","><g v="PNCT"></g></l></v></tfr></token><token id="562964" text="постановление"><tfr rev_id="4107491" t="постановление"><v><l id="262154" t="постановление"><g v="NOUN"></g><g v="inan"></g><g v="neut"></g><g v="sing"></g><g v="nomn"></g></l></v></tfr></token><token id="562965" text="требует"><tfr rev_id="1396046" t="требует"><v><l id="349467" t="требую"><g v="VERB"></g><g v="impf"></g><g v="tran"></g><g v="sing"></g><g v="3per"></g><g v="pres"></g><g v="indc"></g></l></v></tfr></token><token id="562966" text="раскрытия"><tfr rev_id="3456694" t="раскрытия"><v><l id="299099" t="раскрытие"><g v="NOUN"></g><g v="inan"></g><g v="neut"></g><g v="sing"></g><g v="gent"></g></l></v></tfr></token><token id="562967" text="персональных"><tfr rev_id="3945651" t="персональных"><v><l id="237462" t="персональный"><g v="ADJF"></g><g v="plur"></g><g v="gent"></g></l></v></tfr></token><token id="562968" text="данных"><tfr rev_id="4576552" t="данных"><v><l id="78302" t="данные"><g v="NOUN"></g><g v="inan"></g><g v="GNdr"></g><g v="Pltm"></g><g v="plur"></g><g v="gent"></g></l></v></tfr></token><token id="562969" text="пациентов"><tfr rev_id="4200070" t="пациентов"><v><l id="225418" t="пациент"><g v="NOUN"></g><g v="anim"></g><g v="masc"></g><g v="plur"></g><g v="gent"></g></l></v></tfr></token><token id="562970" text="третьим"><tfr rev_id="3678892" t="третьим"><v><l id="349855" t="третий"><g v="ADJF"></g><g v="Anum"></g><g v="plur"></g><g v="datv"></g></l></v></tfr></token><token id="562971" text="лицам"><tfr rev_id="4337555" t="лицам"><v><l id="150189" t="лицо"><g v="NOUN"></g><g v="anim"></g><g v="neut"></g><g v="plur"></g><g v="datv"></g></l></v></tfr></token><token id="562972" text="."><tfr rev_id="1396053" t="."><v><l id="0" t="."><g v="PNCT"></g></l></v></tfr></token></tokens></sentence><sentence id="31474"><source>В частности, эти данные попадут в распоряжение страховых и фармацевтических компаний.</source><tokens><token id="562973" text="В"><tfr rev_id="1396054" t="В"><v><l id="37409" t="в"><g v="PREP"></g></l></v></tfr></token><token id="562974" text="частности"><tfr rev_id="4270011" t="частности"><v><l id="374794" t="частность"><g v="NOUN"></g><g v="inan"></g><g v="femn"></g><g v="sing"></g><g v="loct"></g></l></v></tfr></token><token id="562975" text=","><tfr rev_id="1396056" t=","><v><l id="0" t=","><g v="PNCT"></g></l></v></tfr></token><token id="562976" text="эти"><tfr rev_id="4446127" t="эти"><v><l id="386581" t="этот"><g v="ADJF"></g><g v="Subx"></g><g v="Apro"></g><g v="Anph"></g><g v="plur"></g><g v="nomn"></g></l></v></tfr></token><token id="562977" text="данные"><tfr rev_id="4576821" t="данные"><v><l id="78302" t="данные"><g v="NOUN"></g><g v="inan"></g><g v="GNdr"></g><g v="Pltm"></g><g v="plur"></g><g v="nomn"></g></l></v><v><l id="78302" t="данные"><g v="NOUN"></g><g v="inan"></g><g v="GNdr"></g><g v="Pltm"></g><g v="plur"></g><g v="accs"></g></l></v></tfr></token><token id="562978" text="попадут"><tfr rev_id="1396059" t="попадут"><v><l id="259025" t="попал"><g v="VERB"></g><g v="perf"></g><g v="intr"></g><g v="plur"></g><g v="3per"></g><g v="futr"></g><g v="indc"></g></l></v></tfr></token><token id="562979" text="в"><tfr rev_id="1396060" t="в"><v><l id="37409" t="в"><g v="PREP"></g></l></v></tfr></token><token id="562980" text="распоряжение"><tfr rev_id="1396061" t="распоряжение"><v><l id="300175" t="распоряжение"><g v="NOUN"></g><g v="inan"></g><g v="neut"></g><g v="sing"></g><g v="nomn"></g></l></v><v><l id="300175" t="распоряжение"><g v="NOUN"></g><g v="inan"></g><g v="neut"></g><g v="sing"></g><g v="accs"></g></l></v></tfr></token><token id="562981" text="страховых"><tfr rev_id="4405807" t="страховых"><v><l id="337241" t="страховой"><g v="ADJF"></g><g v="plur"></g><g v="gent"></g></l></v></tfr></token><token id="562982" text="и"><tfr rev_id="1396063" t="и"><v><l id="116949" t="и"><g v="CONJ"></g></l></v><v><l id="116950" t="и"><g v="INTJ"></g></l></v></tfr></token><token id="562983" text="фармацевтических"><tfr rev_id="3884710" t="фармацевтических"><v><l id="364552" t="фармацевтический"><g v="ADJF"></g><g v="plur"></g><g v="gent"></g></l></v></tfr></token><token id="562984" text="компаний"><tfr rev_id="1396065" t="компаний"><v><l id="137146" t="компания"><g v="NOUN"></g><g v="inan"></g><g v="femn"></g><g v="plur"></g><g v="gent"></g></l></v></tfr></token><token id="562985" text="."><tfr rev_id="1396066" t="."><v><l id="0" t="."><g v="PNCT"></g></l></v></tfr></token></tokens></sentence><sentence id="31475"><source>Подобная практика, как отмечается в обращении, противоречит нормам медицинской этики и международной практике проведения клинических исследований.</source><tokens><token id="562986" text="Подобная"><tfr rev_id="3791391" t="Подобная"><v><l id="248293" t="подобный"><g v="ADJF"></g><g v="Subx"></g><g v="Qual"></g><g v="femn"></g><g v="sing"></g><g v="nomn"></g></l></v></tfr></token><token id="562987" text="практика"><tfr rev_id="4257829" t="практика"><v><l id="265884" t="практика"><g v="NOUN"></g><g v="inan"></g><g v="femn"></g><g v="sing"></g><g v="nomn"></g></l></v></tfr></token><token id="562988" text=","><tfr rev_id="1396069" t=","><v><l id="0" t=","><g v="PNCT"></g></l></v></tfr></token><token id="562989" text="как"><tfr rev_id="1396070" t="как"><v><l id="128190" t="как"><g v="CONJ"></g></l></v><v><l id="128191" t="как"><g v="PRCL"></g></l></v><v><l id="128192" t="как"><g v="ADVB"></g><g v="Ques"></g></l></v></tfr></token><token id="562990" text="отмечается"><tfr rev_id="1396071" t="отмечается"><v><l id="215607" t="отмечаюсь"><g v="VERB"></g><g v="impf"></g><g v="intr"></g><g v="sing"></g><g v="3per"></g><g v="pres"></g><g v="indc"></g></l></v></tfr></token><token id="562991" text="в"><tfr rev_id="1396072" t="в"><v><l id="37409" t="в"><g v="PREP"></g></l></v></tfr></token><token id="562992" text="обращении"><tfr rev_id="1396073" t="обращении"><v><l id="198955" t="обращение"><g v="NOUN"></g><g v="inan"></g><g v="neut"></g><g v="sing"></g><g v="loct"></g></l></v></tfr></token><token id="562993" text=","><tfr rev_id="1396074" t=","><v><l id="0" t=","><g v="PNCT"></g></l></v></tfr></token><token id="562994" text="противоречит"><tfr rev_id="1396075" t="противоречит"><v><l id="286122" t="противоречу"><g v="VERB"></g><g v="impf"></g><g v="intr"></g><g v="sing"></g><g v="3per"></g><g v="pres"></g><g v="indc"></g></l></v></tfr></token><token id="562995" text="нормам"><tfr rev_id="1396076" t="нормам"><v><l id="192194" t="норма"><g v="NOUN"></g><g v="inan"></g><g v="femn"></g><g v="plur"></g><g v="datv"></g></l></v></tfr></token><token id="562996" text="медицинской"><tfr rev_id="3284571" t="медицинской"><v><l id="157067" t="медицинский"><g v="ADJF"></g><g v="femn"></g><g v="sing"></g><g v="gent"></g></l></v></tfr></token><token id="562997" text="этики"><tfr rev_id="3483477" t="этики"><v><l id="386461" t="этика"><g v="NOUN"></g><g v="inan"></g><g v="femn"></g><g v="sing"></g><g v="gent"></g></l></v></tfr></token><token id="562998" text="и"><tfr rev_id="1396079" t="и"><v><l id="116949" t="и"><g v="CONJ"></g></l></v><v><l id="116950" t="и"><g v="INTJ"></g></l></v></tfr></token><token id="562999" text="международной"><tfr rev_id="4076509" t="международной"><v><l id="157346" t="международный"><g v="ADJF"></g><g v="femn"></g><g v="sing"></g><g v="datv"></g></l></v></tfr></token><token id="563000" text="практике"><tfr rev_id="3556979" t="практике"><v><l id="265884" t="практика"><g v="NOUN"></g><g v="inan"></g><g v="femn"></g><g v="sing"></g><g v="datv"></g></l></v></tfr></token><token id="563001" text="проведения"><tfr rev_id="3482254" t="проведения"><v><l id="277705" t="проведение"><g v="NOUN"></g><g v="inan"></g><g v="neut"></g><g v="sing"></g><g v="gent"></g></l></v></tfr></token><token id="563002" text="клинических"><tfr rev_id="4159363" t="клинических"><v><l id="134401" t="клинический"><g v="ADJF"></g><g v="plur"></g><g v="gent"></g></l></v></tfr></token><token id="563003" text="исследований"><tfr rev_id="1396084" t="исследований"><v><l id="125799" t="исследование"><g v="NOUN"></g><g v="inan"></g><g v="neut"></g><g v="plur"></g><g v="gent"></g></l></v></tfr></token><token id="563004" text="."><tfr rev_id="1396085" t="."><v><l id="0" t="."><g v="PNCT"></g></l></v></tfr></token></tokens></sentence><sentence id="31476"><source>«Раньше страховая компания заключала один договор с организатором испытаний и по этому общему договору были одновременно застрахованы все пациенты, их персональные данные нигде не фигурировали», — пояснил представитель Международной коалиции по готовности к лечению ВИЧ Владимир Осин.</source><tokens><token id="563005" text="«"><tfr rev_id="2442182" t="«"><v><l id="0" t="«"><g v="PNCT"></g></l></v></tfr></token><token id="563006" text="Раньше"><tfr rev_id="1396087" t="Раньше"><v><l id="297968" t="раньше"><g v="COMP"></g></l></v></tfr></token><token id="563007" text="страховая"><tfr rev_id="1396088" t="страховая"><v><l id="337241" t="страховой"><g v="ADJF"></g><g v="femn"></g><g v="sing"></g><g v="nomn"></g></l></v></tfr></token><token id="563008" text="компания"><tfr rev_id="1396089" t="компания"><v><l id="137146" t="компания"><g v="NOUN"></g><g v="inan"></g><g v="femn"></g><g v="sing"></g><g v="nomn"></g></l></v></tfr></token><token id="563009" text="заключала"><tfr rev_id="1396090" t="заключала"><v><l id="103468" t="заключаю"><g v="VERB"></g><g v="impf"></g><g v="tran"></g><g v="femn"></g><g v="sing"></g><g v="past"></g><g v="indc"></g></l></v></tfr></token><token id="563010" text="один"><tfr rev_id="4299629" t="один"><v><l id="203319" t="один"><g v="ADJF"></g><g v="Apro"></g><g v="Anum"></g><g v="masc"></g><g v="sing"></g><g v="nomn"></g></l></v><v><l id="203319" t="один"><g v="ADJF"></g><g v="Apro"></g><g v="Anum"></g><g v="inan"></g><g v="masc"></g><g v="sing"></g><g v="accs"></g></l></v></tfr></token><token id="563011" text="договор"><tfr rev_id="3720157" t="договор"><v><l id="86267" t="договор"><g v="NOUN"></g><g v="inan"></g><g v="masc"></g><g v="sing"></g><g v="accs"></g></l></v></tfr></token><token id="563012" text="с"><tfr rev_id="1396093" t="с"><v><l id="311151" t="с"><g v="PREP"></g></l></v></tfr></token><token id="563013" text="организатором"><tfr rev_id="1396094" t="организатором"><v><l id="208741" t="организатор"><g v="NOUN"></g><g v="anim"></g><g v="masc"></g><g v="sing"></g><g v="ablt"></g></l></v></tfr></token><token id="563014" text="испытаний"><tfr rev_id="1396095" t="испытаний"><v><l id="125658" t="испытание"><g v="NOUN"></g><g v="inan"></g><g v="neut"></g><g v="plur"></g><g v="gent"></g></l></v></tfr></token><token id="563015" text="и"><tfr rev_id="3495509" t="и"><v><l id="116949" t="и"><g v="CONJ"></g></l></v></tfr></token><token id="563016" text="по"><tfr rev_id="1396097" t="по"><v><l id="241240" t="по"><g v="PREP"></g></l></v></tfr></token><token id="563017" text="этому"><tfr rev_id="4434528" t="этому"><v><l id="386581" t="этот"><g v="ADJF"></g><g v="Subx"></g><g v="Apro"></g><g v="Anph"></g><g v="masc"></g><g v="sing"></g><g v="datv"></g></l></v></tfr></token><token id="563018" text="общему"><tfr rev_id="4205977" t="общему"><v><l id="201663" t="общий"><g v="ADJF"></g><g v="masc"></g><g v="sing"></g><g v="datv"></g></l></v></tfr></token><token id="563019" text="договору"><tfr rev_id="1396100" t="договору"><v><l id="86267" t="договор"><g v="NOUN"></g><g v="inan"></g><g v="masc"></g><g v="sing"></g><g v="datv"></g></l></v></tfr></token><token id="563020" text="были"><tfr rev_id="1715613" t="были"><v><l id="37265" t="есть"><g v="VERB"></g><g v="impf"></g><g v="intr"></g><g v="plur"></g><g v="past"></g><g v="indc"></g></l></v></tfr></token><token id="563021" text="одновременно"><tfr rev_id="1396102" t="одновременно"><v><l id="203393" t="одновременно"><g v="ADVB"></g></l></v><v><l id="203396" t="одновременен"><g v="ADJS"></g><g v="Qual"></g><g v="neut"></g><g v="sing"></g></l></v></tfr></token><token id="563022" text="застрахованы"><tfr rev_id="1396103" t="застрахованы"><v><l id="110466" t="застрахован"><g v="PRTS"></g><g v="perf"></g><g v="past"></g><g v="pssv"></g><g v="plur"></g></l></v></tfr></token><token id="563023" text="все"><tfr rev_id="4537425" t="все"><v><l id="42156" t="весь"><g v="ADJF"></g><g v="Subx"></g><g v="Apro"></g><g v="inan"></g><g v="plur"></g><g v="accs"></g></l></v><v><l id="42156" t="весь"><g v="ADJF"></g><g v="Subx"></g><g v="Apro"></g><g v="neut"></g><g v="sing"></g><g v="accs"></g></l></v><v><l id="42156" t="весь"><g v="ADJF"></g><g v="Subx"></g><g v="Apro"></g><g v="neut"></g><g v="sing"></g><g v="nomn"></g></l></v><v><l id="42156" t="весь"><g v="ADJF"></g><g v="Subx"></g><g v="Apro"></g><g v="plur"></g><g v="nomn"></g></l></v></tfr></token><token id="563024" text="пациенты"><tfr rev_id="1396105" t="пациенты"><v><l id="225418" t="пациент"><g v="NOUN"></g><g v="anim"></g><g v="masc"></g><g v="plur"></g><g v="nomn"></g></l></v></tfr></token><token id="563025" text=","><tfr rev_id="1396106" t=","><v><l id="0" t=","><g v="PNCT"></g></l></v></tfr></token><token id="563026" text="их"><tfr rev_id="4478879" t="их"><v><l id="127205" t="их"><g v="ADJF"></g><g v="Fixd"></g><g v="Apro"></g><g v="Anph"></g><g v="plur"></g><g v="nomn"></g></l></v><v><l id="127205" t="их"><g v="ADJF"></g><g v="Fixd"></g><g v="Apro"></g><g v="Anph"></g><g v="plur"></g><g v="gent"></g></l></v><v><l id="127205" t="их"><g v="ADJF"></g><g v="Fixd"></g><g v="Apro"></g><g v="Anph"></g><g v="plur"></g><g v="datv"></g></l></v><v><l id="127205" t="их"><g v="ADJF"></g><g v="Fixd"></g><g v="Apro"></g><g v="Anph"></g><g v="plur"></g><g v="accs"></g></l></v><v><l id="127205" t="их"><g v="ADJF"></g><g v="Fixd"></g><g v="Apro"></g><g v="Anph"></g><g v="plur"></g><g v="ablt"></g></l></v><v><l id="127205" t="их"><g v="ADJF"></g><g v="Fixd"></g><g v="Apro"></g><g v="Anph"></g><g v="plur"></g><g v="loct"></g></l></v></tfr></token><token id="563027" text="персональные"><tfr rev_id="3751452" t="персональные"><v><l id="237462" t="персональный"><g v="ADJF"></g><g v="plur"></g><g v="nomn"></g></l></v></tfr></token><token id="563028" text="данные"><tfr rev_id="4576688" t="данные"><v><l id="78302" t="данные"><g v="NOUN"></g><g v="inan"></g><g v="GNdr"></g><g v="Pltm"></g><g v="plur"></g><g v="nomn"></g></l></v><v><l id="78302" t="данные"><g v="NOUN"></g><g v="inan"></g><g v="GNdr"></g><g v="Pltm"></g><g v="plur"></g><g v="accs"></g></l></v></tfr></token><token id="563029" text="нигде"><tfr rev_id="1396110" t="нигде"><v><l id="190359" t="нигде"><g v="ADVB"></g></l></v></tfr></token><token id="563030" text="не"><tfr rev_id="1396111" t="не"><v><l id="178876" t="не"><g v="PRCL"></g></l></v></tfr></token><token id="563031" text="фигурировали"><tfr rev_id="1396112" t="фигурировали"><v><l id="365648" t="фигурирую"><g v="VERB"></g><g v="impf"></g><g v="intr"></g><g v="plur"></g><g v="past"></g><g v="indc"></g></l></v></tfr></token><token id="563032" text="»"><tfr rev_id="2442183" t="»"><v><l id="0" t="»"><g v="PNCT"></g></l></v></tfr></token><token id="563033" text=","><tfr rev_id="1396114" t=","><v><l id="0" t=","><g v="PNCT"></g></l></v></tfr></token><token id="563034" text="—"><tfr rev_id="2442184" t="—"><v><l id="0" t="—"><g v="PNCT"></g></l></v></tfr></token><token id="563035" text="пояснил"><tfr rev_id="1396116" t="пояснил"><v><l id="265535" t="пояснил"><g v="VERB"></g><g v="perf"></g><g v="tran"></g><g v="masc"></g><g v="sing"></g><g v="past"></g><g v="indc"></g></l></v></tfr></token><token id="563036" text="представитель"><tfr rev_id="1396117" t="представитель"><v><l id="267083" t="представитель"><g v="NOUN"></g><g v="anim"></g><g v="masc"></g><g v="sing"></g><g v="nomn"></g></l></v></tfr></token><token id="563037" text="Международной"><tfr rev_id="4173910" t="Международной"><v><l id="157346" t="международный"><g v="ADJF"></g><g v="femn"></g><g v="sing"></g><g v="gent"></g></l></v></tfr></token><token id="563038" text="коалиции"><tfr rev_id="4288236" t="коалиции"><v><l id="134963" t="коалиция"><g v="NOUN"></g><g v="inan"></g><g v="femn"></g><g v="sing"></g><g v="gent"></g></l></v></tfr></token><token id="563039" text="по"><tfr rev_id="1396120" t="по"><v><l id="241240" t="по"><g v="PREP"></g></l></v></tfr></token><token id="563040" text="готовности"><tfr rev_id="4180118" t="готовности"><v><l id="74219" t="готовность"><g v="NOUN"></g><g v="inan"></g><g v="femn"></g><g v="sing"></g><g v="datv"></g></l></v></tfr></token><token id="563041" text="к"><tfr rev_id="1396122" t="к"><v><l id="127460" t="к"><g v="PREP"></g></l></v></tfr></token><token id="563042" text="лечению"><tfr rev_id="1396123" t="лечению"><v><l id="148735" t="лечение"><g v="NOUN"></g><g v="inan"></g><g v="neut"></g><g v="sing"></g><g v="datv"></g></l></v></tfr></token><token id="563043" text="ВИЧ"><tfr rev_id="4453921" t="ВИЧ"><v><l id="388945" t="вич"><g v="NOUN"></g><g v="inan"></g><g v="masc"></g><g v="Sgtm"></g><g v="Abbr"></g><g v="Fixd"></g><g v="sing"></g><g v="gent"></g></l></v></tfr></token><token id="563044" text="Владимир"><tfr rev_id="4257732" t="Владимир"><v><l id="46610" t="владимир"><g v="NOUN"></g><g v="anim"></g><g v="masc"></g><g v="Name"></g><g v="sing"></g><g v="nomn"></g></l></v></tfr></token><token id="563045" text="Осин"><tfr rev_id="4139344" t="Осин"><v><l id="390141" t="осин"><g v="NOUN"></g><g v="anim"></g><g v="masc"></g><g v="Sgtm"></g><g v="Surn"></g><g v="sing"></g><g v="nomn"></g></l></v></tfr></token><token id="563046" text="."><tfr rev_id="1396127" t="."><v><l id="0" t="."><g v="PNCT"></g></l></v></tfr></token></tokens></sentence><sentence id="31477"><source>Как отмечается в обращении, нарушение врачебной тайны, предусмотренное постановлением правительства, особенно сильно ударит по пациентам, страдающим стигматизированными заболеваниями — ВИЧ-инфекцией, хроническими гепатитами, туберкулёзом, психиатрическими заболеваниями и т.д.</source><tokens><token id="563047" text="Как"><tfr rev_id="1396128" t="Как"><v><l id="128190" t="как"><g v="CONJ"></g></l></v><v><l id="128191" t="как"><g v="PRCL"></g></l></v><v><l id="128192" t="как"><g v="ADVB"></g><g v="Ques"></g></l></v></tfr></token><token id="563048" text="отмечается"><tfr rev_id="1396129" t="отмечается"><v><l id="215607" t="отмечаюсь"><g v="VERB"></g><g v="impf"></g><g v="intr"></g><g v="sing"></g><g v="3per"></g><g v="pres"></g><g v="indc"></g></l></v></tfr></token><token id="563049" text="в"><tfr rev_id="1396130" t="в"><v><l id="37409" t="в"><g v="PREP"></g></l></v></tfr></token><token id="563050" text="обращении"><tfr rev_id="1396131" t="обращении"><v><l id="198955" t="обращение"><g v="NOUN"></g><g v="inan"></g><g v="neut"></g><g v="sing"></g><g v="loct"></g></l></v></tfr></token><token id="563051" text=","><tfr rev_id="1396132" t=","><v><l id="0" t=","><g v="PNCT"></g></l></v></tfr></token><token id="563052" text="нарушение"><tfr rev_id="1396133" t="нарушение"><v><l id="174883" t="нарушение"><g v="NOUN"></g><g v="inan"></g><g v="neut"></g><g v="sing"></g><g v="nomn"></g></l></v><v><l id="174883" t="нарушение"><g v="NOUN"></g><g v="inan"></g><g v="neut"></g><g v="sing"></g><g v="accs"></g></l></v></tfr></token><token id="563053" text="врачебной"><tfr rev_id="4542464" t="врачебной"><v><l id="53023" t="врачебный"><g v="ADJF"></g><g v="femn"></g><g v="sing"></g><g v="gent"></g></l></v></tfr></token><token id="563054" text="тайны"><tfr rev_id="3696430" t="тайны"><v><l id="342414" t="тайна"><g v="NOUN"></g><g v="inan"></g><g v="femn"></g><g v="sing"></g><g v="gent"></g></l></v></tfr></token><token id="563055" text=","><tfr rev_id="1396136" t=","><v><l id="0" t=","><g v="PNCT"></g></l></v></tfr></token><token id="563056" text="предусмотренное"><tfr rev_id="3695130" t="предусмотренное"><v><l id="267313" t="предусмотренный"><g v="PRTF"></g><g v="perf"></g><g v="tran"></g><g v="past"></g><g v="pssv"></g><g v="neut"></g><g v="sing"></g><g v="nomn"></g></l></v><v><l id="267313" t="предусмотренный"><g v="PRTF"></g><g v="perf"></g><g v="tran"></g><g v="past"></g><g v="pssv"></g><g v="neut"></g><g v="sing"></g><g v="accs"></g></l></v></tfr></token><token id="563057" text="постановлением"><tfr rev_id="1396138" t="постановлением"><v><l id="262154" t="постановление"><g v="NOUN"></g><g v="inan"></g><g v="neut"></g><g v="sing"></g><g v="ablt"></g></l></v></tfr></token><token id="563058" text="правительства"><tfr rev_id="3264122" t="правительства"><v><l id="265638" t="правительство"><g v="NOUN"></g><g v="inan"></g><g v="neut"></g><g v="sing"></g><g v="gent"></g></l></v></tfr></token><token id="563059" text=","><tfr rev_id="1396140" t=","><v><l id="0" t=","><g v="PNCT"></g></l></v></tfr></token><token id="563060" text="особенно"><tfr rev_id="3426571" t="особенно"><v><l id="210627" t="особенно"><g v="ADVB"></g></l></v><v><l id="210630" t="особен"><g v="ADJS"></g><g v="Qual"></g><g v="neut"></g><g v="sing"></g></l></v><v><l id="388746" t="особенно"><g v="PRCL"></g></l></v></tfr></token><token id="563061" text="сильно"><tfr rev_id="3724088" t="сильно"><v><l id="320515" t="сильно"><g v="ADVB"></g></l></v><v><l id="320612" t="силён"><g v="ADJS"></g><g v="Qual"></g><g v="neut"></g><g v="sing"></g></l></v></tfr></token><token id="563062" text="ударит"><tfr rev_id="1396143" t="ударит"><v><l id="354677" t="ударил"><g v="VERB"></g><g v="perf"></g><g v="tran"></g><g v="sing"></g><g v="3per"></g><g v="futr"></g><g v="indc"></g></l></v></tfr></token><token id="563063" text="по"><tfr rev_id="1396144" t="по"><v><l id="241240" t="по"><g v="PREP"></g></l></v></tfr></token><token id="563064" text="пациентам"><tfr rev_id="1396145" t="пациентам"><v><l id="225418" t="пациент"><g v="NOUN"></g><g v="anim"></g><g v="masc"></g><g v="plur"></g><g v="datv"></g></l></v></tfr></token><token id="563065" text=","><tfr rev_id="1396146" t=","><v><l id="0" t=","><g v="PNCT"></g></l></v></tfr></token><token id="563066" text="страдающим"><tfr rev_id="3685391" t="страдающим"><v><l id="337060" t="страдающий"><g v="PRTF"></g><g v="impf"></g><g v="intr"></g><g v="pres"></g><g v="actv"></g><g v="Adjx"></g><g v="plur"></g><g v="datv"></g></l></v></tfr></token><token id="563067" text="стигматизированными"><tfr rev_id="1396148" t="стигматизированными"><v><l id="336141" t="стигматизированный"><g v="PRTF"></g><g v="perf"></g><g v="tran"></g><g v="past"></g><g v="pssv"></g><g v="plur"></g><g v="ablt"></g></l></v><v><l id="336142" t="стигматизированный"><g v="PRTF"></g><g v="impf"></g><g v="tran"></g><g v="past"></g><g v="pssv"></g><g v="plur"></g><g v="ablt"></g></l></v></tfr></token><token id="563068" text="заболеваниями"><tfr rev_id="1396149" t="заболеваниями"><v><l id="98704" t="заболевание"><g v="NOUN"></g><g v="inan"></g><g v="neut"></g><g v="plur"></g><g v="ablt"></g></l></v></tfr></token><token id="563069" text="—"><tfr rev_id="2442185" t="—"><v><l id="0" t="—"><g v="PNCT"></g></l></v></tfr></token><token id="563070" text="ВИЧ-инфекцией"><tfr rev_id="1396151" t="ВИЧ-инфекцией"><v><l id="45920" t="вич-инфекция"><g v="NOUN"></g><g v="inan"></g><g v="femn"></g><g v="sing"></g><g v="ablt"></g></l></v></tfr></token><token id="563071" text=","><tfr rev_id="1396152" t=","><v><l id="0" t=","><g v="PNCT"></g></l></v></tfr></token><token id="563072" text="хроническими"><tfr rev_id="1396153" t="хроническими"><v><l id="372201" t="хронический"><g v="ADJF"></g><g v="plur"></g><g v="ablt"></g></l></v></tfr></token><token id="563073" text="гепатитами"><tfr rev_id="1396154" t="гепатитами"><v><l id="68865" t="гепатит"><g v="NOUN"></g><g v="inan"></g><g v="masc"></g><g v="plur"></g><g v="ablt"></g></l></v></tfr></token><token id="563074" text=","><tfr rev_id="1396155" t=","><v><l id="0" t=","><g v="PNCT"></g></l></v></tfr></token><token id="563075" text="туберкулёзом"><tfr rev_id="1396156" t="туберкулёзом"><v><l id="351192" t="туберкулёз"><g v="NOUN"></g><g v="inan"></g><g v="masc"></g><g v="sing"></g><g v="ablt"></g></l></v></tfr></token><token id="563076" text=","><tfr rev_id="1396157" t=","><v><l id="0" t=","><g v="PNCT"></g></l></v></tfr></token><token id="563077" text="психиатрическими"><tfr rev_id="1396158" t="психиатрическими"><v><l id="288568" t="психиатрический"><g v="ADJF"></g><g v="plur"></g><g v="ablt"></g></l></v></tfr></token><token id="563078" text="заболеваниями"><tfr rev_id="1396159" t="заболеваниями"><v><l id="98704" t="заболевание"><g v="NOUN"></g><g v="inan"></g><g v="neut"></g><g v="plur"></g><g v="ablt"></g></l></v></tfr></token><token id="563079" text="и"><tfr rev_id="1396160" t="и"><v><l id="116949" t="и"><g v="CONJ"></g></l></v><v><l id="116950" t="и"><g v="INTJ"></g></l></v></tfr></token><token id="563080" text="т"><tfr rev_id="4260859" t="т"><v><l id="342453" t="так"><g v="ADVB"></g><g v="Dmns"></g><g v="Abbr"></g></l></v></tfr></token><token id="563081" text="."><tfr rev_id="1396162" t="."><v><l id="0" t="."><g v="PNCT"></g></l></v></tfr></token><token id="563082" text="д"><tfr rev_id="4262270" t="д"><v><l id="77935" t="далее"><g v="ADVB"></g><g v="Abbr"></g></l></v></tfr></token><token id="563083" text="."><tfr rev_id="1396164" t="."><v><l id="0" t="."><g v="PNCT"></g></l></v></tfr></token></tokens></sentence></paragraph></paragraphs></text>