<?xml version="1.0" encoding="utf-8"?><text id="1028" parent="226" name="23999 Учёный объяснил, как избавиться от пробок на МКАД"><tags><tag>url:http://www.chaskor.ru/news/uchenyj_obyasnil_kak_izbavitsya_ot_probok_na_mkade__23999</tag><tag>Год:2011</tag><tag>Дата:07/07</tag><tag>Тема:ЧасКор:Общество</tag><tag>Тема:ЧасКор:Общество/Инфраструктура</tag></tags><paragraphs><paragraph id="10067"><sentence id="31695"><source>Учёный объяснил, как избавиться от пробок на МКАД</source><tokens><token id="567749" text="Учёный"><tfr rev_id="4157623" t="Учёный"><v><l id="363100" t="учёный"><g v="NOUN"></g><g v="anim"></g><g v="masc"></g><g v="sing"></g><g v="nomn"></g></l></v></tfr></token><token id="567750" text="объяснил"><tfr rev_id="1400831" t="объяснил"><v><l id="201923" t="объяснил"><g v="VERB"></g><g v="perf"></g><g v="tran"></g><g v="masc"></g><g v="sing"></g><g v="past"></g><g v="indc"></g></l></v></tfr></token><token id="567751" text=","><tfr rev_id="1400832" t=","><v><l id="0" t=","><g v="PNCT"></g></l></v></tfr></token><token id="567752" text="как"><tfr rev_id="1400833" t="как"><v><l id="128190" t="как"><g v="CONJ"></g></l></v><v><l id="128191" t="как"><g v="PRCL"></g></l></v><v><l id="128192" t="как"><g v="ADVB"></g><g v="Ques"></g></l></v></tfr></token><token id="567753" text="избавиться"><tfr rev_id="1400834" t="избавиться"><v><l id="117719" t="избавиться"><g v="INFN"></g><g v="perf"></g><g v="intr"></g></l></v></tfr></token><token id="567754" text="от"><tfr rev_id="1400835" t="от"><v><l id="211644" t="от"><g v="PREP"></g></l></v></tfr></token><token id="567755" text="пробок"><tfr rev_id="1400836" t="пробок"><v><l id="277246" t="пробка"><g v="NOUN"></g><g v="inan"></g><g v="femn"></g><g v="plur"></g><g v="gent"></g></l></v></tfr></token><token id="567756" text="на"><tfr rev_id="3397776" t="на"><v><l id="166264" t="на"><g v="PREP"></g></l></v></tfr></token><token id="567757" text="МКАД"><tfr rev_id="4138739" t="МКАД"><v><l id="161336" t="мкад"><g v="NOUN"></g><g v="inan"></g><g v="masc"></g><g v="Sgtm"></g><g v="Fixd"></g><g v="Abbr"></g><g v="sing"></g><g v="loct"></g></l></v></tfr></token></tokens></sentence></paragraph><paragraph id="37861"><sentence id="31696"><source>В НИИ транспорта и дорожного хозяйства уверены, что вполне реально вернуть МКАД её исходное функциональное назначение транзитной магистрали.</source><tokens><token id="567758" text="В"><tfr rev_id="1400839" t="В"><v><l id="37409" t="в"><g v="PREP"></g></l></v></tfr></token><token id="567759" text="НИИ"><tfr rev_id="4489356" t="НИИ"><v><l id="190822" t="нии"><g v="NOUN"></g><g v="inan"></g><g v="masc"></g><g v="Fixd"></g><g v="Abbr"></g><g v="Orgn"></g><g v="sing"></g><g v="loct"></g></l></v></tfr></token><token id="567760" text="транспорта"><tfr rev_id="1400841" t="транспорта"><v><l id="349139" t="транспорт"><g v="NOUN"></g><g v="inan"></g><g v="masc"></g><g v="sing"></g><g v="gent"></g></l></v></tfr></token><token id="567761" text="и"><tfr rev_id="1400842" t="и"><v><l id="116949" t="и"><g v="CONJ"></g></l></v><v><l id="116950" t="и"><g v="INTJ"></g></l></v></tfr></token><token id="567762" text="дорожного"><tfr rev_id="3549189" t="дорожного"><v><l id="89776" t="дорожный"><g v="ADJF"></g><g v="Qual"></g><g v="neut"></g><g v="sing"></g><g v="gent"></g></l></v></tfr></token><token id="567763" text="хозяйства"><tfr rev_id="3434309" t="хозяйства"><v><l id="371203" t="хозяйство"><g v="NOUN"></g><g v="inan"></g><g v="neut"></g><g v="sing"></g><g v="gent"></g></l></v></tfr></token><token id="567764" text="уверены"><tfr rev_id="1400845" t="уверены"><v><l id="353446" t="уверен"><g v="PRTS"></g><g v="perf"></g><g v="past"></g><g v="pssv"></g><g v="plur"></g></l></v></tfr></token><token id="567765" text=","><tfr rev_id="1400846" t=","><v><l id="0" t=","><g v="PNCT"></g></l></v></tfr></token><token id="567766" text="что"><tfr rev_id="3196511" t="что"><v><l id="377004" t="что"><g v="CONJ"></g></l></v><v><l id="377005" t="что"><g v="NPRO"></g><g v="neut"></g><g v="sing"></g><g v="nomn"></g></l></v><v><l id="377005" t="что"><g v="NPRO"></g><g v="neut"></g><g v="sing"></g><g v="accs"></g></l></v><v><l id="377006" t="что"><g v="ADVB"></g><g v="Ques"></g></l></v><v><l id="388695" t="что"><g v="PRCL"></g></l></v></tfr></token><token id="567767" text="вполне"><tfr rev_id="1400848" t="вполне"><v><l id="52647" t="вполне"><g v="ADVB"></g></l></v></tfr></token><token id="567768" text="реально"><tfr rev_id="1400849" t="реально"><v><l id="304456" t="реально"><g v="ADVB"></g></l></v><v><l id="304460" t="реален"><g v="ADJS"></g><g v="Qual"></g><g v="neut"></g><g v="sing"></g></l></v></tfr></token><token id="567769" text="вернуть"><tfr rev_id="1400850" t="вернуть"><v><l id="41480" t="вернуть"><g v="INFN"></g><g v="perf"></g><g v="tran"></g></l></v></tfr></token><token id="567770" text="МКАД"><tfr rev_id="4138740" t="МКАД"><v><l id="161336" t="мкад"><g v="NOUN"></g><g v="inan"></g><g v="masc"></g><g v="Sgtm"></g><g v="Fixd"></g><g v="Abbr"></g><g v="sing"></g><g v="datv"></g></l></v></tfr></token><token id="567771" text="её"><tfr rev_id="4572142" t="её"><v><l id="94433" t="её"><g v="ADJF"></g><g v="Fixd"></g><g v="Apro"></g><g v="Anph"></g><g v="masc"></g><g v="sing"></g><g v="nomn"></g></l></v><v><l id="94433" t="её"><g v="ADJF"></g><g v="Fixd"></g><g v="Apro"></g><g v="Anph"></g><g v="masc"></g><g v="sing"></g><g v="gent"></g></l></v><v><l id="94433" t="её"><g v="ADJF"></g><g v="Fixd"></g><g v="Apro"></g><g v="Anph"></g><g v="masc"></g><g v="sing"></g><g v="datv"></g></l></v><v><l id="94433" t="её"><g v="ADJF"></g><g v="Fixd"></g><g v="Apro"></g><g v="Anph"></g><g v="masc"></g><g v="sing"></g><g v="accs"></g></l></v><v><l id="94433" t="её"><g v="ADJF"></g><g v="Fixd"></g><g v="Apro"></g><g v="Anph"></g><g v="masc"></g><g v="sing"></g><g v="ablt"></g></l></v><v><l id="94433" t="её"><g v="ADJF"></g><g v="Fixd"></g><g v="Apro"></g><g v="Anph"></g><g v="masc"></g><g v="sing"></g><g v="loct"></g></l></v><v><l id="94433" t="её"><g v="ADJF"></g><g v="Fixd"></g><g v="Apro"></g><g v="Anph"></g><g v="femn"></g><g v="sing"></g><g v="nomn"></g></l></v><v><l id="94433" t="её"><g v="ADJF"></g><g v="Fixd"></g><g v="Apro"></g><g v="Anph"></g><g v="femn"></g><g v="sing"></g><g v="gent"></g></l></v><v><l id="94433" t="её"><g v="ADJF"></g><g v="Fixd"></g><g v="Apro"></g><g v="Anph"></g><g v="femn"></g><g v="sing"></g><g v="datv"></g></l></v><v><l id="94433" t="её"><g v="ADJF"></g><g v="Fixd"></g><g v="Apro"></g><g v="Anph"></g><g v="femn"></g><g v="sing"></g><g v="accs"></g></l></v><v><l id="94433" t="её"><g v="ADJF"></g><g v="Fixd"></g><g v="Apro"></g><g v="Anph"></g><g v="femn"></g><g v="sing"></g><g v="ablt"></g></l></v><v><l id="94433" t="её"><g v="ADJF"></g><g v="Fixd"></g><g v="Apro"></g><g v="Anph"></g><g v="femn"></g><g v="sing"></g><g v="loct"></g></l></v><v><l id="94433" t="её"><g v="ADJF"></g><g v="Fixd"></g><g v="Apro"></g><g v="Anph"></g><g v="neut"></g><g v="sing"></g><g v="nomn"></g></l></v><v><l id="94433" t="её"><g v="ADJF"></g><g v="Fixd"></g><g v="Apro"></g><g v="Anph"></g><g v="neut"></g><g v="sing"></g><g v="gent"></g></l></v><v><l id="94433" t="её"><g v="ADJF"></g><g v="Fixd"></g><g v="Apro"></g><g v="Anph"></g><g v="neut"></g><g v="sing"></g><g v="datv"></g></l></v><v><l id="94433" t="её"><g v="ADJF"></g><g v="Fixd"></g><g v="Apro"></g><g v="Anph"></g><g v="neut"></g><g v="sing"></g><g v="accs"></g></l></v><v><l id="94433" t="её"><g v="ADJF"></g><g v="Fixd"></g><g v="Apro"></g><g v="Anph"></g><g v="neut"></g><g v="sing"></g><g v="ablt"></g></l></v><v><l id="94433" t="её"><g v="ADJF"></g><g v="Fixd"></g><g v="Apro"></g><g v="Anph"></g><g v="neut"></g><g v="sing"></g><g v="loct"></g></l></v><v><l id="94433" t="её"><g v="ADJF"></g><g v="Fixd"></g><g v="Apro"></g><g v="Anph"></g><g v="plur"></g><g v="nomn"></g></l></v><v><l id="94433" t="её"><g v="ADJF"></g><g v="Fixd"></g><g v="Apro"></g><g v="Anph"></g><g v="plur"></g><g v="gent"></g></l></v><v><l id="94433" t="её"><g v="ADJF"></g><g v="Fixd"></g><g v="Apro"></g><g v="Anph"></g><g v="plur"></g><g v="datv"></g></l></v><v><l id="94433" t="её"><g v="ADJF"></g><g v="Fixd"></g><g v="Apro"></g><g v="Anph"></g><g v="plur"></g><g v="accs"></g></l></v><v><l id="94433" t="её"><g v="ADJF"></g><g v="Fixd"></g><g v="Apro"></g><g v="Anph"></g><g v="plur"></g><g v="ablt"></g></l></v><v><l id="94433" t="её"><g v="ADJF"></g><g v="Fixd"></g><g v="Apro"></g><g v="Anph"></g><g v="plur"></g><g v="loct"></g></l></v></tfr></token><token id="567772" text="исходное"><tfr rev_id="1400853" t="исходное"><v><l id="126774" t="исходный"><g v="ADJF"></g><g v="Qual"></g><g v="neut"></g><g v="sing"></g><g v="nomn"></g></l></v><v><l id="126774" t="исходный"><g v="ADJF"></g><g v="Qual"></g><g v="neut"></g><g v="sing"></g><g v="accs"></g></l></v></tfr></token><token id="567773" text="функциональное"><tfr rev_id="1400854" t="функциональное"><v><l id="368666" t="функциональный"><g v="ADJF"></g><g v="Qual"></g><g v="neut"></g><g v="sing"></g><g v="nomn"></g></l></v><v><l id="368666" t="функциональный"><g v="ADJF"></g><g v="Qual"></g><g v="neut"></g><g v="sing"></g><g v="accs"></g></l></v></tfr></token><token id="567774" text="назначение"><tfr rev_id="3465309" t="назначение"><v><l id="170421" t="назначение"><g v="NOUN"></g><g v="inan"></g><g v="neut"></g><g v="sing"></g><g v="accs"></g></l></v></tfr></token><token id="567775" text="транзитной"><tfr rev_id="4095119" t="транзитной"><v><l id="348951" t="транзитный"><g v="ADJF"></g><g v="Qual"></g><g v="femn"></g><g v="sing"></g><g v="gent"></g></l></v></tfr></token><token id="567776" text="магистрали"><tfr rev_id="4269816" t="магистрали"><v><l id="152631" t="магистраль"><g v="NOUN"></g><g v="inan"></g><g v="femn"></g><g v="sing"></g><g v="gent"></g></l></v></tfr></token><token id="567777" text="."><tfr rev_id="1400858" t="."><v><l id="0" t="."><g v="PNCT"></g></l></v></tfr></token></tokens></sentence></paragraph><paragraph id="10068"><sentence id="31697"><source>Руководитель НИИ транспорта и дорожного хозяйства Михаил Блинкин утверждает, что может помочь Сергею Собянину решить транспортные проблемы столицы, в частности разгрузить МКАД.</source><tokens><token id="567778" text="Руководитель"><tfr rev_id="1400859" t="Руководитель"><v><l id="309980" t="руководитель"><g v="NOUN"></g><g v="anim"></g><g v="masc"></g><g v="sing"></g><g v="nomn"></g></l></v></tfr></token><token id="567779" text="НИИ"><tfr rev_id="4489357" t="НИИ"><v><l id="190822" t="нии"><g v="NOUN"></g><g v="inan"></g><g v="masc"></g><g v="Fixd"></g><g v="Abbr"></g><g v="Orgn"></g><g v="sing"></g><g v="gent"></g></l></v></tfr></token><token id="567780" text="транспорта"><tfr rev_id="1400861" t="транспорта"><v><l id="349139" t="транспорт"><g v="NOUN"></g><g v="inan"></g><g v="masc"></g><g v="sing"></g><g v="gent"></g></l></v></tfr></token><token id="567781" text="и"><tfr rev_id="3411131" t="и"><v><l id="116949" t="и"><g v="CONJ"></g></l></v></tfr></token><token id="567782" text="дорожного"><tfr rev_id="3454478" t="дорожного"><v><l id="89776" t="дорожный"><g v="ADJF"></g><g v="Qual"></g><g v="neut"></g><g v="sing"></g><g v="gent"></g></l></v></tfr></token><token id="567783" text="хозяйства"><tfr rev_id="3440543" t="хозяйства"><v><l id="371203" t="хозяйство"><g v="NOUN"></g><g v="inan"></g><g v="neut"></g><g v="sing"></g><g v="gent"></g></l></v></tfr></token><token id="567784" text="Михаил"><tfr rev_id="1400865" t="Михаил"><v><l id="161195" t="михаил"><g v="NOUN"></g><g v="anim"></g><g v="masc"></g><g v="Name"></g><g v="sing"></g><g v="nomn"></g></l></v></tfr></token><token id="567785" text="Блинкин"><tfr rev_id="1400866" t="Блинкин"><v><l id="0" t="блинкин"><g v="UNKN"></g></l></v></tfr></token><token id="567786" text="утверждает"><tfr rev_id="1400867" t="утверждает"><v><l id="361706" t="утверждаю"><g v="VERB"></g><g v="impf"></g><g v="tran"></g><g v="sing"></g><g v="3per"></g><g v="pres"></g><g v="indc"></g></l></v><v><l id="361713" t="утверждаю"><g v="VERB"></g><g v="impf"></g><g v="intr"></g><g v="sing"></g><g v="3per"></g><g v="pres"></g><g v="indc"></g></l></v></tfr></token><token id="567787" text=","><tfr rev_id="1400868" t=","><v><l id="0" t=","><g v="PNCT"></g></l></v></tfr></token><token id="567788" text="что"><tfr rev_id="3196512" t="что"><v><l id="377004" t="что"><g v="CONJ"></g></l></v><v><l id="377005" t="что"><g v="NPRO"></g><g v="neut"></g><g v="sing"></g><g v="nomn"></g></l></v><v><l id="377005" t="что"><g v="NPRO"></g><g v="neut"></g><g v="sing"></g><g v="accs"></g></l></v><v><l id="377006" t="что"><g v="ADVB"></g><g v="Ques"></g></l></v><v><l id="388695" t="что"><g v="PRCL"></g></l></v></tfr></token><token id="567789" text="может"><tfr rev_id="3797238" t="может"><v><l id="164485" t="могу"><g v="VERB"></g><g v="impf"></g><g v="intr"></g><g v="sing"></g><g v="3per"></g><g v="pres"></g><g v="indc"></g></l></v></tfr></token><token id="567790" text="помочь"><tfr rev_id="1712921" t="помочь"><v><l id="257949" t="помочь"><g v="INFN"></g><g v="perf"></g><g v="intr"></g></l></v></tfr></token><token id="567791" text="Сергею"><tfr rev_id="1400872" t="Сергею"><v><l id="319056" t="сергей"><g v="NOUN"></g><g v="anim"></g><g v="masc"></g><g v="Name"></g><g v="sing"></g><g v="datv"></g></l></v></tfr></token><token id="567792" text="Собянину"><tfr rev_id="4077009" t="Собянину"><v><l id="327857" t="собянин"><g v="NOUN"></g><g v="anim"></g><g v="masc"></g><g v="Sgtm"></g><g v="Surn"></g><g v="sing"></g><g v="datv"></g></l></v></tfr></token><token id="567793" text="решить"><tfr rev_id="1400874" t="решить"><v><l id="307397" t="решить"><g v="INFN"></g><g v="perf"></g><g v="tran"></g></l></v></tfr></token><token id="567794" text="транспортные"><tfr rev_id="4085776" t="транспортные"><v><l id="349185" t="транспортный"><g v="ADJF"></g><g v="inan"></g><g v="plur"></g><g v="accs"></g></l></v></tfr></token><token id="567795" text="проблемы"><tfr rev_id="3767947" t="проблемы"><v><l id="277255" t="проблема"><g v="NOUN"></g><g v="inan"></g><g v="femn"></g><g v="plur"></g><g v="accs"></g></l></v></tfr></token><token id="567796" text="столицы"><tfr rev_id="3487831" t="столицы"><v><l id="336588" t="столица"><g v="NOUN"></g><g v="inan"></g><g v="femn"></g><g v="sing"></g><g v="gent"></g></l></v></tfr></token><token id="567797" text=","><tfr rev_id="1400878" t=","><v><l id="0" t=","><g v="PNCT"></g></l></v></tfr></token><token id="567798" text="в"><tfr rev_id="1400879" t="в"><v><l id="37409" t="в"><g v="PREP"></g></l></v></tfr></token><token id="567799" text="частности"><tfr rev_id="4180047" t="частности"><v><l id="374794" t="частность"><g v="NOUN"></g><g v="inan"></g><g v="femn"></g><g v="sing"></g><g v="loct"></g></l></v></tfr></token><token id="567800" text="разгрузить"><tfr rev_id="1400881" t="разгрузить"><v><l id="293255" t="разгрузить"><g v="INFN"></g><g v="perf"></g><g v="tran"></g></l></v></tfr></token><token id="567801" text="МКАД"><tfr rev_id="4138741" t="МКАД"><v><l id="161336" t="мкад"><g v="NOUN"></g><g v="inan"></g><g v="masc"></g><g v="Sgtm"></g><g v="Fixd"></g><g v="Abbr"></g><g v="sing"></g><g v="accs"></g></l></v></tfr></token><token id="567802" text="."><tfr rev_id="1400883" t="."><v><l id="0" t="."><g v="PNCT"></g></l></v></tfr></token></tokens></sentence><sentence id="31698"><source>«Сама постановка задачи — вернуть МКАД исходное значение — мне чрезвычайно импонирует.</source><tokens><token id="567803" text="«"><tfr rev_id="2442361" t="«"><v><l id="0" t="«"><g v="PNCT"></g></l></v></tfr></token><token id="567804" text="Сама"><tfr rev_id="1400885" t="Сама"><v><l id="312034" t="сам"><g v="ADJF"></g><g v="Apro"></g><g v="femn"></g><g v="sing"></g><g v="nomn"></g></l></v></tfr></token><token id="567805" text="постановка"><tfr rev_id="1400886" t="постановка"><v><l id="262153" t="постановка"><g v="NOUN"></g><g v="inan"></g><g v="femn"></g><g v="sing"></g><g v="nomn"></g></l></v></tfr></token><token id="567806" text="задачи"><tfr rev_id="3444689" t="задачи"><v><l id="101455" t="задача"><g v="NOUN"></g><g v="inan"></g><g v="femn"></g><g v="sing"></g><g v="gent"></g></l></v></tfr></token><token id="567807" text="—"><tfr rev_id="2442362" t="—"><v><l id="0" t="—"><g v="PNCT"></g></l></v></tfr></token><token id="567808" text="вернуть"><tfr rev_id="1400889" t="вернуть"><v><l id="41480" t="вернуть"><g v="INFN"></g><g v="perf"></g><g v="tran"></g></l></v></tfr></token><token id="567809" text="МКАД"><tfr rev_id="4572890" t="МКАД"><v><l id="161336" t="мкад"><g v="NOUN"></g><g v="inan"></g><g v="masc"></g><g v="Sgtm"></g><g v="Fixd"></g><g v="Abbr"></g><g v="sing"></g><g v="datv"></g></l></v></tfr></token><token id="567810" text="исходное"><tfr rev_id="1400891" t="исходное"><v><l id="126774" t="исходный"><g v="ADJF"></g><g v="Qual"></g><g v="neut"></g><g v="sing"></g><g v="nomn"></g></l></v><v><l id="126774" t="исходный"><g v="ADJF"></g><g v="Qual"></g><g v="neut"></g><g v="sing"></g><g v="accs"></g></l></v></tfr></token><token id="567811" text="значение"><tfr rev_id="4108083" t="значение"><v><l id="116016" t="значение"><g v="NOUN"></g><g v="inan"></g><g v="neut"></g><g v="sing"></g><g v="accs"></g></l></v></tfr></token><token id="567812" text="—"><tfr rev_id="2442363" t="—"><v><l id="0" t="—"><g v="PNCT"></g></l></v></tfr></token><token id="567813" text="мне"><tfr rev_id="4201236" t="мне"><v><l id="387317" t="я"><g v="NPRO"></g><g v="1per"></g><g v="sing"></g><g v="datv"></g></l></v></tfr></token><token id="567814" text="чрезвычайно"><tfr rev_id="1400895" t="чрезвычайно"><v><l id="376972" t="чрезвычайно"><g v="ADVB"></g></l></v><v><l id="376975" t="чрезвычаен"><g v="ADJS"></g><g v="neut"></g><g v="sing"></g></l></v></tfr></token><token id="567815" text="импонирует"><tfr rev_id="1400896" t="импонирует"><v><l id="121822" t="импонирую"><g v="VERB"></g><g v="impf"></g><g v="intr"></g><g v="sing"></g><g v="3per"></g><g v="pres"></g><g v="indc"></g></l></v></tfr></token><token id="567816" text="."><tfr rev_id="1400897" t="."><v><l id="0" t="."><g v="PNCT"></g></l></v></tfr></token></tokens></sentence><sentence id="31699"><source>Я все последние годы писал и говорил о том, что МКАД превратилась у нас в просёлочную дорогу, подъезд к магазинам, даже в городскую улицу межквартальную»,</source><tokens><token id="567817" text="Я"><tfr rev_id="1400898" t="Я"><v><l id="387317" t="я"><g v="NPRO"></g><g v="1per"></g><g v="sing"></g><g v="nomn"></g></l></v></tfr></token><token id="567818" text="все"><tfr rev_id="4512576" t="все"><v><l id="42156" t="весь"><g v="ADJF"></g><g v="Subx"></g><g v="Apro"></g><g v="inan"></g><g v="plur"></g><g v="accs"></g></l></v><v><l id="42156" t="весь"><g v="ADJF"></g><g v="Subx"></g><g v="Apro"></g><g v="plur"></g><g v="nomn"></g></l></v></tfr></token><token id="567819" text="последние"><tfr rev_id="3820189" t="последние"><v><l id="261565" t="последний"><g v="ADJF"></g><g v="inan"></g><g v="plur"></g><g v="accs"></g></l></v></tfr></token><token id="567820" text="годы"><tfr rev_id="3727267" t="годы"><v><l id="72149" t="год"><g v="NOUN"></g><g v="inan"></g><g v="masc"></g><g v="plur"></g><g v="accs"></g></l></v></tfr></token><token id="567821" text="писал"><tfr rev_id="1400902" t="писал"><v><l id="239101" t="пишу"><g v="VERB"></g><g v="impf"></g><g v="tran"></g><g v="masc"></g><g v="sing"></g><g v="past"></g><g v="indc"></g></l></v></tfr></token><token id="567822" text="и"><tfr rev_id="1400903" t="и"><v><l id="116949" t="и"><g v="CONJ"></g></l></v><v><l id="116950" t="и"><g v="INTJ"></g></l></v></tfr></token><token id="567823" text="говорил"><tfr rev_id="1400904" t="говорил"><v><l id="72053" t="говорю"><g v="VERB"></g><g v="impf"></g><g v="tran"></g><g v="masc"></g><g v="sing"></g><g v="past"></g><g v="indc"></g></l></v></tfr></token><token id="567824" text="о"><tfr rev_id="3326011" t="о"><v><l id="192977" t="о"><g v="PREP"></g></l></v></tfr></token><token id="567825" text="том"><tfr rev_id="4309320" t="том"><v><l id="348430" t="тот"><g v="ADJF"></g><g v="Subx"></g><g v="Apro"></g><g v="Anph"></g><g v="neut"></g><g v="sing"></g><g v="loct"></g></l></v></tfr></token><token id="567826" text=","><tfr rev_id="1400907" t=","><v><l id="0" t=","><g v="PNCT"></g></l></v></tfr></token><token id="567827" text="что"><tfr rev_id="3196513" t="что"><v><l id="377004" t="что"><g v="CONJ"></g></l></v><v><l id="377005" t="что"><g v="NPRO"></g><g v="neut"></g><g v="sing"></g><g v="nomn"></g></l></v><v><l id="377005" t="что"><g v="NPRO"></g><g v="neut"></g><g v="sing"></g><g v="accs"></g></l></v><v><l id="377006" t="что"><g v="ADVB"></g><g v="Ques"></g></l></v><v><l id="388695" t="что"><g v="PRCL"></g></l></v></tfr></token><token id="567828" text="МКАД"><tfr rev_id="4138743" t="МКАД"><v><l id="161336" t="мкад"><g v="NOUN"></g><g v="inan"></g><g v="masc"></g><g v="Sgtm"></g><g v="Fixd"></g><g v="Abbr"></g><g v="sing"></g><g v="nomn"></g></l></v></tfr></token><token id="567829" text="превратилась"><tfr rev_id="1400910" t="превратилась"><v><l id="266128" t="превратился"><g v="VERB"></g><g v="perf"></g><g v="intr"></g><g v="femn"></g><g v="sing"></g><g v="past"></g><g v="indc"></g></l></v></tfr></token><token id="567830" text="у"><tfr rev_id="3301843" t="у"><v><l id="352818" t="у"><g v="PREP"></g></l></v></tfr></token><token id="567831" text="нас"><tfr rev_id="3946001" t="нас"><v><l id="165750" t="мы"><g v="NPRO"></g><g v="1per"></g><g v="plur"></g><g v="gent"></g></l></v></tfr></token><token id="567832" text="в"><tfr rev_id="1400913" t="в"><v><l id="37409" t="в"><g v="PREP"></g></l></v></tfr></token><token id="567833" text="просёлочную"><tfr rev_id="1400914" t="просёлочную"><v><l id="283904" t="просёлочный"><g v="ADJF"></g><g v="femn"></g><g v="sing"></g><g v="accs"></g></l></v></tfr></token><token id="567834" text="дорогу"><tfr rev_id="1400915" t="дорогу"><v><l id="89707" t="дорога"><g v="NOUN"></g><g v="inan"></g><g v="femn"></g><g v="sing"></g><g v="accs"></g></l></v></tfr></token><token id="567835" text=","><tfr rev_id="1400916" t=","><v><l id="0" t=","><g v="PNCT"></g></l></v></tfr></token><token id="567836" text="подъезд"><tfr rev_id="1400917" t="подъезд"><v><l id="252780" t="подъезд"><g v="NOUN"></g><g v="inan"></g><g v="masc"></g><g v="sing"></g><g v="nomn"></g></l></v><v><l id="252780" t="подъезд"><g v="NOUN"></g><g v="inan"></g><g v="masc"></g><g v="sing"></g><g v="accs"></g></l></v></tfr></token><token id="567837" text="к"><tfr rev_id="1400918" t="к"><v><l id="127460" t="к"><g v="PREP"></g></l></v></tfr></token><token id="567838" text="магазинам"><tfr rev_id="1400919" t="магазинам"><v><l id="152545" t="магазин"><g v="NOUN"></g><g v="inan"></g><g v="masc"></g><g v="plur"></g><g v="datv"></g></l></v></tfr></token><token id="567839" text=","><tfr rev_id="1400920" t=","><v><l id="0" t=","><g v="PNCT"></g></l></v></tfr></token><token id="567840" text="даже"><tfr rev_id="4079095" t="даже"><v><l id="77849" t="даже"><g v="PRCL"></g></l></v></tfr></token><token id="567841" text="в"><tfr rev_id="1400922" t="в"><v><l id="37409" t="в"><g v="PREP"></g></l></v></tfr></token><token id="567842" text="городскую"><tfr rev_id="1400923" t="городскую"><v><l id="73611" t="городской"><g v="ADJF"></g><g v="femn"></g><g v="sing"></g><g v="accs"></g></l></v></tfr></token><token id="567843" text="улицу"><tfr rev_id="1400924" t="улицу"><v><l id="356890" t="улица"><g v="NOUN"></g><g v="inan"></g><g v="femn"></g><g v="sing"></g><g v="accs"></g></l></v></tfr></token><token id="567844" text="межквартальную"><tfr rev_id="1400925" t="межквартальную"><v><l id="157466" t="межквартальный"><g v="ADJF"></g><g v="femn"></g><g v="sing"></g><g v="accs"></g></l></v></tfr></token><token id="567845" text="»"><tfr rev_id="2442364" t="»"><v><l id="0" t="»"><g v="PNCT"></g></l></v></tfr></token><token id="567846" text=","><tfr rev_id="1400927" t=","><v><l id="0" t=","><g v="PNCT"></g></l></v></tfr></token></tokens></sentence><sentence id="31700"><source>— цитирует РБК Блинкина.</source><tokens><token id="567847" text="—"><tfr rev_id="2442365" t="—"><v><l id="0" t="—"><g v="PNCT"></g></l></v></tfr></token><token id="567848" text="цитирует"><tfr rev_id="1400929" t="цитирует"><v><l id="374102" t="цитирую"><g v="VERB"></g><g v="impf"></g><g v="tran"></g><g v="sing"></g><g v="3per"></g><g v="pres"></g><g v="indc"></g></l></v></tfr></token><token id="567849" text="РБК"><tfr rev_id="4573591" t="РБК"><v><l id="389058" t="рбк"><g v="NOUN"></g><g v="inan"></g><g v="femn"></g><g v="Sgtm"></g><g v="Fixd"></g><g v="Abbr"></g><g v="Orgn"></g><g v="sing"></g><g v="nomn"></g></l></v></tfr></token><token id="567850" text="Блинкина"><tfr rev_id="1400931" t="Блинкина"><v><l id="0" t="блинкина"><g v="UNKN"></g></l></v></tfr></token><token id="567851" text="."><tfr rev_id="1400932" t="."><v><l id="0" t="."><g v="PNCT"></g></l></v></tfr></token></tokens></sentence></paragraph><paragraph id="10069"><sentence id="31701"><source>Для того чтобы достичь цели, нужны, по мнению эксперта, хорошие проектные решения, терпение и деньги.</source><tokens><token id="567852" text="Для"><tfr rev_id="2948446" t="Для"><v><l id="85032" t="для"><g v="PREP"></g></l></v></tfr></token><token id="567853" text="того"><tfr rev_id="4292477" t="того"><v><l id="348430" t="тот"><g v="ADJF"></g><g v="Subx"></g><g v="Apro"></g><g v="Anph"></g><g v="masc"></g><g v="sing"></g><g v="gent"></g></l></v><v><l id="348430" t="тот"><g v="ADJF"></g><g v="Subx"></g><g v="Apro"></g><g v="Anph"></g><g v="anim"></g><g v="masc"></g><g v="sing"></g><g v="accs"></g></l></v><v><l id="348430" t="тот"><g v="ADJF"></g><g v="Subx"></g><g v="Apro"></g><g v="Anph"></g><g v="neut"></g><g v="sing"></g><g v="gent"></g></l></v></tfr></token><token id="567854" text="чтобы"><tfr rev_id="1400935" t="чтобы"><v><l id="377013" t="чтобы"><g v="CONJ"></g></l></v><v><l id="377014" t="чтобы"><g v="PRCL"></g></l></v></tfr></token><token id="567855" text="достичь"><tfr rev_id="1400936" t="достичь"><v><l id="90520" t="достигнуть"><g v="INFN"></g><g v="perf"></g><g v="tran"></g></l></v></tfr></token><token id="567856" text="цели"><tfr rev_id="3549311" t="цели"><v><l id="373216" t="цель"><g v="NOUN"></g><g v="inan"></g><g v="femn"></g><g v="sing"></g><g v="gent"></g></l></v></tfr></token><token id="567857" text=","><tfr rev_id="1400938" t=","><v><l id="0" t=","><g v="PNCT"></g></l></v></tfr></token><token id="567858" text="нужны"><tfr rev_id="1400939" t="нужны"><v><l id="192584" t="нужен"><g v="ADJS"></g><g v="Qual"></g><g v="plur"></g></l></v></tfr></token><token id="567859" text=","><tfr rev_id="1400940" t=","><v><l id="0" t=","><g v="PNCT"></g></l></v></tfr></token><token id="567860" text="по"><tfr rev_id="1400941" t="по"><v><l id="241240" t="по"><g v="PREP"></g></l></v></tfr></token><token id="567861" text="мнению"><tfr rev_id="1400942" t="мнению"><v><l id="161395" t="мнение"><g v="NOUN"></g><g v="inan"></g><g v="neut"></g><g v="sing"></g><g v="datv"></g></l></v></tfr></token><token id="567862" text="эксперта"><tfr rev_id="2931400" t="эксперта"><v><l id="383582" t="эксперт"><g v="NOUN"></g><g v="anim"></g><g v="masc"></g><g v="sing"></g><g v="gent"></g></l></v></tfr></token><token id="567863" text=","><tfr rev_id="1400944" t=","><v><l id="0" t=","><g v="PNCT"></g></l></v></tfr></token><token id="567864" text="хорошие"><tfr rev_id="4075453" t="хорошие"><v><l id="371668" t="хороший"><g v="ADJF"></g><g v="Qual"></g><g v="plur"></g><g v="nomn"></g></l></v></tfr></token><token id="567865" text="проектные"><tfr rev_id="3825637" t="проектные"><v><l id="279582" t="проектный"><g v="ADJF"></g><g v="Qual"></g><g v="plur"></g><g v="nomn"></g></l></v></tfr></token><token id="567866" text="решения"><tfr rev_id="3794256" t="решения"><v><l id="307350" t="решение"><g v="NOUN"></g><g v="inan"></g><g v="neut"></g><g v="plur"></g><g v="nomn"></g></l></v></tfr></token><token id="567867" text=","><tfr rev_id="1400948" t=","><v><l id="0" t=","><g v="PNCT"></g></l></v></tfr></token><token id="567868" text="терпение"><tfr rev_id="3679110" t="терпение"><v><l id="345533" t="терпение"><g v="NOUN"></g><g v="inan"></g><g v="neut"></g><g v="sing"></g><g v="nomn"></g></l></v></tfr></token><token id="567869" text="и"><tfr rev_id="3688676" t="и"><v><l id="116949" t="и"><g v="CONJ"></g></l></v></tfr></token><token id="567870" text="деньги"><tfr rev_id="4325082" t="деньги"><v><l id="81429" t="деньги"><g v="NOUN"></g><g v="inan"></g><g v="femn"></g><g v="plur"></g><g v="nomn"></g></l></v></tfr></token><token id="567871" text="."><tfr rev_id="1400952" t="."><v><l id="0" t="."><g v="PNCT"></g></l></v></tfr></token></tokens></sentence><sentence id="31702"><source>В первую очередь нужно разгрузить автодорогу от внутримосковского трафика.</source><tokens><token id="567872" text="В"><tfr rev_id="1400953" t="В"><v><l id="37409" t="в"><g v="PREP"></g></l></v></tfr></token><token id="567873" text="первую"><tfr rev_id="1400954" t="первую"><v><l id="226359" t="первый"><g v="ADJF"></g><g v="Anum"></g><g v="femn"></g><g v="sing"></g><g v="accs"></g></l></v></tfr></token><token id="567874" text="очередь"><tfr rev_id="2584220" t="очередь"><v><l id="221692" t="очередь"><g v="NOUN"></g><g v="inan"></g><g v="femn"></g><g v="sing"></g><g v="accs"></g></l></v></tfr></token><token id="567875" text="нужно"><tfr rev_id="1400956" t="нужно"><v><l id="192579" t="нужно"><g v="PRED"></g><g v="pres"></g></l></v><v><l id="192584" t="нужен"><g v="ADJS"></g><g v="Qual"></g><g v="neut"></g><g v="sing"></g></l></v></tfr></token><token id="567876" text="разгрузить"><tfr rev_id="1400957" t="разгрузить"><v><l id="293255" t="разгрузить"><g v="INFN"></g><g v="perf"></g><g v="tran"></g></l></v></tfr></token><token id="567877" text="автодорогу"><tfr rev_id="1400958" t="автодорогу"><v><l id="3091" t="автодорога"><g v="NOUN"></g><g v="inan"></g><g v="femn"></g><g v="sing"></g><g v="accs"></g></l></v></tfr></token><token id="567878" text="от"><tfr rev_id="1400959" t="от"><v><l id="211644" t="от"><g v="PREP"></g></l></v></tfr></token><token id="567879" text="внутримосковского"><tfr rev_id="1400960" t="внутримосковского"><v><l id="0" t="внутримосковского"><g v="UNKN"></g></l></v></tfr></token><token id="567880" text="трафика"><tfr rev_id="1400961" t="трафика"><v><l id="349392" t="трафик"><g v="NOUN"></g><g v="inan"></g><g v="masc"></g><g v="sing"></g><g v="gent"></g></l></v></tfr></token><token id="567881" text="."><tfr rev_id="1400962" t="."><v><l id="0" t="."><g v="PNCT"></g></l></v></tfr></token></tokens></sentence><sentence id="31703"><source>«Сплошь и рядом между соседними массивами, кварталами Москвы люди едут через МКАД, потому что других связей в этом районе просто нет, если эти районы разграничены либо водной преградой, либо железной дорогой.</source><tokens><token id="567882" text="«"><tfr rev_id="2442366" t="«"><v><l id="0" t="«"><g v="PNCT"></g></l></v></tfr></token><token id="567883" text="Сплошь"><tfr rev_id="1400964" t="Сплошь"><v><l id="332525" t="сплошь"><g v="ADVB"></g></l></v></tfr></token><token id="567884" text="и"><tfr rev_id="1400965" t="и"><v><l id="116949" t="и"><g v="CONJ"></g></l></v><v><l id="116950" t="и"><g v="INTJ"></g></l></v></tfr></token><token id="567885" text="рядом"><tfr rev_id="4239794" t="рядом"><v><l id="311076" t="рядом"><g v="ADVB"></g><g v="Prdx"></g></l></v></tfr></token><token id="567886" text="между"><tfr rev_id="1400967" t="между"><v><l id="157306" t="между"><g v="PREP"></g></l></v></tfr></token><token id="567887" text="соседними"><tfr rev_id="1400968" t="соседними"><v><l id="330239" t="соседний"><g v="ADJF"></g><g v="plur"></g><g v="ablt"></g></l></v></tfr></token><token id="567888" text="массивами"><tfr rev_id="1400969" t="массивами"><v><l id="156002" t="массив"><g v="NOUN"></g><g v="inan"></g><g v="masc"></g><g v="plur"></g><g v="ablt"></g></l></v></tfr></token><token id="567889" text=","><tfr rev_id="1400970" t=","><v><l id="0" t=","><g v="PNCT"></g></l></v></tfr></token><token id="567890" text="кварталами"><tfr rev_id="1400971" t="кварталами"><v><l id="132007" t="квартал"><g v="NOUN"></g><g v="inan"></g><g v="masc"></g><g v="plur"></g><g v="ablt"></g></l></v></tfr></token><token id="567891" text="Москвы"><tfr rev_id="1400972" t="Москвы"><v><l id="163901" t="москва"><g v="NOUN"></g><g v="inan"></g><g v="femn"></g><g v="Sgtm"></g><g v="Geox"></g><g v="sing"></g><g v="gent"></g></l></v></tfr></token><token id="567892" text="люди"><tfr rev_id="1400973" t="люди"><v><l id="375073" t="человек"><g v="NOUN"></g><g v="anim"></g><g v="masc"></g><g v="plur"></g><g v="nomn"></g></l></v></tfr></token><token id="567893" text="едут"><tfr rev_id="1400974" t="едут"><v><l id="95524" t="еду"><g v="VERB"></g><g v="impf"></g><g v="intr"></g><g v="plur"></g><g v="3per"></g><g v="pres"></g><g v="indc"></g></l></v></tfr></token><token id="567894" text="через"><tfr rev_id="1400975" t="через"><v><l id="375333" t="через"><g v="PREP"></g></l></v></tfr></token><token id="567895" text="МКАД"><tfr rev_id="4138744" t="МКАД"><v><l id="161336" t="мкад"><g v="NOUN"></g><g v="inan"></g><g v="masc"></g><g v="Sgtm"></g><g v="Fixd"></g><g v="Abbr"></g><g v="sing"></g><g v="accs"></g></l></v></tfr></token><token id="567896" text=","><tfr rev_id="1400977" t=","><v><l id="0" t=","><g v="PNCT"></g></l></v></tfr></token><token id="567897" text="потому"><tfr rev_id="1400978" t="потому"><v><l id="263335" t="потому"><g v="ADVB"></g><g v="Dmns"></g></l></v></tfr></token><token id="567898" text="что"><tfr rev_id="3196514" t="что"><v><l id="377004" t="что"><g v="CONJ"></g></l></v><v><l id="377005" t="что"><g v="NPRO"></g><g v="neut"></g><g v="sing"></g><g v="nomn"></g></l></v><v><l id="377005" t="что"><g v="NPRO"></g><g v="neut"></g><g v="sing"></g><g v="accs"></g></l></v><v><l id="377006" t="что"><g v="ADVB"></g><g v="Ques"></g></l></v><v><l id="388695" t="что"><g v="PRCL"></g></l></v></tfr></token><token id="567899" text="других"><tfr rev_id="4356204" t="других"><v><l id="92342" t="другой"><g v="ADJF"></g><g v="Apro"></g><g v="Subx"></g><g v="plur"></g><g v="gent"></g></l></v></tfr></token><token id="567900" text="связей"><tfr rev_id="1400981" t="связей"><v><l id="316572" t="связь"><g v="NOUN"></g><g v="inan"></g><g v="femn"></g><g v="plur"></g><g v="gent"></g></l></v></tfr></token><token id="567901" text="в"><tfr rev_id="1400982" t="в"><v><l id="37409" t="в"><g v="PREP"></g></l></v></tfr></token><token id="567902" text="этом"><tfr rev_id="4486953" t="этом"><v><l id="386581" t="этот"><g v="ADJF"></g><g v="Subx"></g><g v="Apro"></g><g v="Anph"></g><g v="masc"></g><g v="sing"></g><g v="loct"></g></l></v></tfr></token><token id="567903" text="районе"><tfr rev_id="1400984" t="районе"><v><l id="297595" t="район"><g v="NOUN"></g><g v="inan"></g><g v="masc"></g><g v="sing"></g><g v="loct"></g></l></v></tfr></token><token id="567904" text="просто"><tfr rev_id="1400985" t="просто"><v><l id="285025" t="просто"><g v="ADVB"></g><g v="Prdx"></g></l></v><v><l id="285026" t="просто"><g v="PRCL"></g></l></v><v><l id="285050" t="прост"><g v="ADJS"></g><g v="Qual"></g><g v="neut"></g><g v="sing"></g></l></v></tfr></token><token id="567905" text="нет"><tfr rev_id="3756299" t="нет"><v><l id="389552" t="нет"><g v="PRED"></g><g v="pres"></g></l></v></tfr></token><token id="567906" text=","><tfr rev_id="1400987" t=","><v><l id="0" t=","><g v="PNCT"></g></l></v></tfr></token><token id="567907" text="если"><tfr rev_id="1400988" t="если"><v><l id="95365" t="если"><g v="CONJ"></g></l></v></tfr></token><token id="567908" text="эти"><tfr rev_id="4446131" t="эти"><v><l id="386581" t="этот"><g v="ADJF"></g><g v="Subx"></g><g v="Apro"></g><g v="Anph"></g><g v="plur"></g><g v="nomn"></g></l></v></tfr></token><token id="567909" text="районы"><tfr rev_id="3750057" t="районы"><v><l id="297595" t="район"><g v="NOUN"></g><g v="inan"></g><g v="masc"></g><g v="plur"></g><g v="nomn"></g></l></v></tfr></token><token id="567910" text="разграничены"><tfr rev_id="1400991" t="разграничены"><v><l id="293167" t="разграничен"><g v="PRTS"></g><g v="perf"></g><g v="past"></g><g v="pssv"></g><g v="plur"></g></l></v></tfr></token><token id="567911" text="либо"><tfr rev_id="4137707" t="либо"><v><l id="148924" t="либо"><g v="CONJ"></g></l></v></tfr></token><token id="567912" text="водной"><tfr rev_id="2925107" t="водной"><v><l id="48102" t="водный"><g v="ADJF"></g><g v="Qual"></g><g v="femn"></g><g v="sing"></g><g v="ablt"></g></l></v></tfr></token><token id="567913" text="преградой"><tfr rev_id="1400994" t="преградой"><v><l id="266175" t="преграда"><g v="NOUN"></g><g v="inan"></g><g v="femn"></g><g v="sing"></g><g v="ablt"></g></l></v></tfr></token><token id="567914" text=","><tfr rev_id="1400995" t=","><v><l id="0" t=","><g v="PNCT"></g></l></v></tfr></token><token id="567915" text="либо"><tfr rev_id="4137708" t="либо"><v><l id="148924" t="либо"><g v="CONJ"></g></l></v></tfr></token><token id="567916" text="железной"><tfr rev_id="3714103" t="железной"><v><l id="96343" t="железный"><g v="ADJF"></g><g v="Qual"></g><g v="femn"></g><g v="sing"></g><g v="ablt"></g></l></v></tfr></token><token id="567917" text="дорогой"><tfr rev_id="4261088" t="дорогой"><v><l id="89707" t="дорога"><g v="NOUN"></g><g v="inan"></g><g v="femn"></g><g v="sing"></g><g v="ablt"></g></l></v></tfr></token><token id="567918" text="."><tfr rev_id="1400999" t="."><v><l id="0" t="."><g v="PNCT"></g></l></v></tfr></token></tokens></sentence><sentence id="31704"><source>И как мы едем?</source><tokens><token id="567919" text="И"><tfr rev_id="1401000" t="И"><v><l id="116949" t="и"><g v="CONJ"></g></l></v><v><l id="116950" t="и"><g v="INTJ"></g></l></v></tfr></token><token id="567920" text="как"><tfr rev_id="1401001" t="как"><v><l id="128190" t="как"><g v="CONJ"></g></l></v><v><l id="128191" t="как"><g v="PRCL"></g></l></v><v><l id="128192" t="как"><g v="ADVB"></g><g v="Ques"></g></l></v></tfr></token><token id="567921" text="мы"><tfr rev_id="1401002" t="мы"><v><l id="165750" t="мы"><g v="NPRO"></g><g v="1per"></g><g v="plur"></g><g v="nomn"></g></l></v></tfr></token><token id="567922" text="едем"><tfr rev_id="1401003" t="едем"><v><l id="95524" t="еду"><g v="VERB"></g><g v="impf"></g><g v="intr"></g><g v="plur"></g><g v="1per"></g><g v="pres"></g><g v="indc"></g></l></v><v><l id="95524" t="еду"><g v="VERB"></g><g v="impf"></g><g v="intr"></g><g v="sing"></g><g v="impr"></g><g v="incl"></g></l></v></tfr></token><token id="567923" text="?"><tfr rev_id="1401004" t="?"><v><l id="0" t="?"><g v="PNCT"></g></l></v></tfr></token></tokens></sentence><sentence id="31705"><source>Либо через центр, либо через МКАД, и то и другое очень плохо.</source><tokens><token id="567924" text="Либо"><tfr rev_id="4137709" t="Либо"><v><l id="148924" t="либо"><g v="CONJ"></g></l></v></tfr></token><token id="567925" text="через"><tfr rev_id="1401006" t="через"><v><l id="375333" t="через"><g v="PREP"></g></l></v></tfr></token><token id="567926" text="центр"><tfr rev_id="1401007" t="центр"><v><l id="373369" t="центр"><g v="NOUN"></g><g v="inan"></g><g v="masc"></g><g v="sing"></g><g v="nomn"></g></l></v><v><l id="373369" t="центр"><g v="NOUN"></g><g v="inan"></g><g v="masc"></g><g v="sing"></g><g v="accs"></g></l></v></tfr></token><token id="567927" text=","><tfr rev_id="1401008" t=","><v><l id="0" t=","><g v="PNCT"></g></l></v></tfr></token><token id="567928" text="либо"><tfr rev_id="4137710" t="либо"><v><l id="148924" t="либо"><g v="CONJ"></g></l></v></tfr></token><token id="567929" text="через"><tfr rev_id="1401010" t="через"><v><l id="375333" t="через"><g v="PREP"></g></l></v></tfr></token><token id="567930" text="МКАД"><tfr rev_id="4138745" t="МКАД"><v><l id="161336" t="мкад"><g v="NOUN"></g><g v="inan"></g><g v="masc"></g><g v="Sgtm"></g><g v="Fixd"></g><g v="Abbr"></g><g v="sing"></g><g v="accs"></g></l></v></tfr></token><token id="567931" text=","><tfr rev_id="1401012" t=","><v><l id="0" t=","><g v="PNCT"></g></l></v></tfr></token><token id="567932" text="и"><tfr rev_id="3533587" t="и"><v><l id="116949" t="и"><g v="CONJ"></g></l></v></tfr></token><token id="567933" text="то"><tfr rev_id="3777453" t="то"><v><l id="346835" t="то"><g v="CONJ"></g></l></v><v><l id="346836" t="то"><g v="PRCL"></g></l></v><v><l id="348430" t="тот"><g v="ADJF"></g><g v="Subx"></g><g v="Apro"></g><g v="Anph"></g><g v="neut"></g><g v="sing"></g><g v="nomn"></g></l></v><v><l id="348430" t="тот"><g v="ADJF"></g><g v="Subx"></g><g v="Apro"></g><g v="Anph"></g><g v="neut"></g><g v="sing"></g><g v="accs"></g></l></v></tfr></token><token id="567934" text="и"><tfr rev_id="1401015" t="и"><v><l id="116949" t="и"><g v="CONJ"></g></l></v><v><l id="116950" t="и"><g v="INTJ"></g></l></v></tfr></token><token id="567935" text="другое"><tfr rev_id="3561139" t="другое"><v><l id="92342" t="другой"><g v="ADJF"></g><g v="Apro"></g><g v="Subx"></g><g v="neut"></g><g v="sing"></g><g v="nomn"></g></l></v><v><l id="92342" t="другой"><g v="ADJF"></g><g v="Apro"></g><g v="Subx"></g><g v="neut"></g><g v="sing"></g><g v="accs"></g></l></v></tfr></token><token id="567936" text="очень"><tfr rev_id="1401017" t="очень"><v><l id="221681" t="очень"><g v="ADVB"></g></l></v></tfr></token><token id="567937" text="плохо"><tfr rev_id="1401018" t="плохо"><v><l id="240906" t="плохо"><g v="ADVB"></g><g v="Prdx"></g></l></v><v><l id="240907" t="плохо"><g v="PRED"></g><g v="pres"></g></l></v><v><l id="240913" t="плох"><g v="ADJS"></g><g v="Qual"></g><g v="neut"></g><g v="sing"></g></l></v></tfr></token><token id="567938" text="."><tfr rev_id="1401019" t="."><v><l id="0" t="."><g v="PNCT"></g></l></v></tfr></token></tokens></sentence><sentence id="31706"><source>Значит, нужно повышать связность»,</source><tokens><token id="567939" text="Значит"><tfr rev_id="4229879" t="Значит"><v><l id="116022" t="значит"><g v="CONJ"></g><g v="Prnt"></g></l></v></tfr></token><token id="567940" text=","><tfr rev_id="1401021" t=","><v><l id="0" t=","><g v="PNCT"></g></l></v></tfr></token><token id="567941" text="нужно"><tfr rev_id="1401022" t="нужно"><v><l id="192579" t="нужно"><g v="PRED"></g><g v="pres"></g></l></v><v><l id="192584" t="нужен"><g v="ADJS"></g><g v="Qual"></g><g v="neut"></g><g v="sing"></g></l></v></tfr></token><token id="567942" text="повышать"><tfr rev_id="1401023" t="повышать"><v><l id="243052" t="повышать"><g v="INFN"></g><g v="impf"></g><g v="tran"></g></l></v></tfr></token><token id="567943" text="связность"><tfr rev_id="4105648" t="связность"><v><l id="316549" t="связность"><g v="NOUN"></g><g v="inan"></g><g v="femn"></g><g v="sing"></g><g v="accs"></g></l></v></tfr></token><token id="567944" text="»"><tfr rev_id="2442367" t="»"><v><l id="0" t="»"><g v="PNCT"></g></l></v></tfr></token><token id="567945" text=","><tfr rev_id="1401026" t=","><v><l id="0" t=","><g v="PNCT"></g></l></v></tfr></token></tokens></sentence><sentence id="31707"><source>— объясняет Блинкин.</source><tokens><token id="567946" text="—"><tfr rev_id="2442368" t="—"><v><l id="0" t="—"><g v="PNCT"></g></l></v></tfr></token><token id="567947" text="объясняет"><tfr rev_id="1401028" t="объясняет"><v><l id="201933" t="объясняю"><g v="VERB"></g><g v="impf"></g><g v="tran"></g><g v="sing"></g><g v="3per"></g><g v="pres"></g><g v="indc"></g></l></v></tfr></token><token id="567948" text="Блинкин"><tfr rev_id="1401029" t="Блинкин"><v><l id="0" t="блинкин"><g v="UNKN"></g></l></v></tfr></token><token id="567949" text="."><tfr rev_id="1401030" t="."><v><l id="0" t="."><g v="PNCT"></g></l></v></tfr></token></tokens></sentence></paragraph><paragraph id="10070"><sentence id="31708"><source>Также нужно «сбросить» с МКАД подмосковный трафик, а для этого — развивать дорожную сеть в ближнем Подмосковье.</source><tokens><token id="567950" text="Также"><tfr rev_id="4267666" t="Также"><v><l id="342482" t="также"><g v="PRCL"></g></l></v></tfr></token><token id="567951" text="нужно"><tfr rev_id="1401032" t="нужно"><v><l id="192579" t="нужно"><g v="PRED"></g><g v="pres"></g></l></v><v><l id="192584" t="нужен"><g v="ADJS"></g><g v="Qual"></g><g v="neut"></g><g v="sing"></g></l></v></tfr></token><token id="567952" text="«"><tfr rev_id="2442369" t="«"><v><l id="0" t="«"><g v="PNCT"></g></l></v></tfr></token><token id="567953" text="сбросить"><tfr rev_id="1401034" t="сбросить"><v><l id="314477" t="сбросить"><g v="INFN"></g><g v="perf"></g><g v="tran"></g></l></v></tfr></token><token id="567954" text="»"><tfr rev_id="2442370" t="»"><v><l id="0" t="»"><g v="PNCT"></g></l></v></tfr></token><token id="567955" text="с"><tfr rev_id="1401036" t="с"><v><l id="311151" t="с"><g v="PREP"></g></l></v></tfr></token><token id="567956" text="МКАД"><tfr rev_id="4138746" t="МКАД"><v><l id="161336" t="мкад"><g v="NOUN"></g><g v="inan"></g><g v="masc"></g><g v="Sgtm"></g><g v="Fixd"></g><g v="Abbr"></g><g v="sing"></g><g v="nomn"></g></l></v><v><l id="161336" t="мкад"><g v="NOUN"></g><g v="inan"></g><g v="masc"></g><g v="Sgtm"></g><g v="Fixd"></g><g v="Abbr"></g><g v="sing"></g><g v="gent"></g></l></v><v><l id="161336" t="мкад"><g v="NOUN"></g><g v="inan"></g><g v="masc"></g><g v="Sgtm"></g><g v="Fixd"></g><g v="Abbr"></g><g v="sing"></g><g v="datv"></g></l></v><v><l id="161336" t="мкад"><g v="NOUN"></g><g v="inan"></g><g v="masc"></g><g v="Sgtm"></g><g v="Fixd"></g><g v="Abbr"></g><g v="sing"></g><g v="accs"></g></l></v><v><l id="161336" t="мкад"><g v="NOUN"></g><g v="inan"></g><g v="masc"></g><g v="Sgtm"></g><g v="Fixd"></g><g v="Abbr"></g><g v="sing"></g><g v="ablt"></g></l></v><v><l id="161336" t="мкад"><g v="NOUN"></g><g v="inan"></g><g v="masc"></g><g v="Sgtm"></g><g v="Fixd"></g><g v="Abbr"></g><g v="sing"></g><g v="loct"></g></l></v></tfr></token><token id="567957" text="подмосковный"><tfr rev_id="1401038" t="подмосковный"><v><l id="247773" t="подмосковный"><g v="ADJF"></g><g v="masc"></g><g v="sing"></g><g v="nomn"></g></l></v><v><l id="247773" t="подмосковный"><g v="ADJF"></g><g v="inan"></g><g v="masc"></g><g v="sing"></g><g v="accs"></g></l></v></tfr></token><token id="567958" text="трафик"><tfr rev_id="3458108" t="трафик"><v><l id="349392" t="трафик"><g v="NOUN"></g><g v="inan"></g><g v="masc"></g><g v="sing"></g><g v="accs"></g></l></v></tfr></token><token id="567959" text=","><tfr rev_id="1401040" t=","><v><l id="0" t=","><g v="PNCT"></g></l></v></tfr></token><token id="567960" text="а"><tfr rev_id="1401041" t="а"><v><l id="51" t="а"><g v="CONJ"></g></l></v><v><l id="52" t="а"><g v="INTJ"></g></l></v><v><l id="53" t="а"><g v="PRCL"></g></l></v></tfr></token><token id="567961" text="для"><tfr rev_id="3325450" t="для"><v><l id="85032" t="для"><g v="PREP"></g></l></v></tfr></token><token id="567962" text="этого"><tfr rev_id="3498123" t="этого"><v><l id="386575" t="это"><g v="NPRO"></g><g v="neut"></g><g v="sing"></g><g v="gent"></g></l></v></tfr></token><token id="567963" text="—"><tfr rev_id="2442371" t="—"><v><l id="0" t="—"><g v="PNCT"></g></l></v></tfr></token><token id="567964" text="развивать"><tfr rev_id="1401045" t="развивать"><v><l id="292480" t="развивать"><g v="INFN"></g><g v="impf"></g><g v="tran"></g></l></v></tfr></token><token id="567965" text="дорожную"><tfr rev_id="1401046" t="дорожную"><v><l id="89776" t="дорожный"><g v="ADJF"></g><g v="Qual"></g><g v="femn"></g><g v="sing"></g><g v="accs"></g></l></v></tfr></token><token id="567966" text="сеть"><tfr rev_id="1401047" t="сеть"><v><l id="319643" t="сеть"><g v="NOUN"></g><g v="inan"></g><g v="femn"></g><g v="sing"></g><g v="nomn"></g></l></v><v><l id="319643" t="сеть"><g v="NOUN"></g><g v="inan"></g><g v="femn"></g><g v="sing"></g><g v="accs"></g></l></v></tfr></token><token id="567967" text="в"><tfr rev_id="1401048" t="в"><v><l id="37409" t="в"><g v="PREP"></g></l></v></tfr></token><token id="567968" text="ближнем"><tfr rev_id="4297462" t="ближнем"><v><l id="30843" t="ближний"><g v="ADJF"></g><g v="neut"></g><g v="sing"></g><g v="loct"></g></l></v></tfr></token><token id="567969" text="Подмосковье"><tfr rev_id="4463321" t="Подмосковье"><v><l id="247776" t="подмосковье"><g v="NOUN"></g><g v="inan"></g><g v="neut"></g><g v="Sgtm"></g><g v="Geox"></g><g v="sing"></g><g v="loct"></g></l></v></tfr></token><token id="567970" text="."><tfr rev_id="1401051" t="."><v><l id="0" t="."><g v="PNCT"></g></l></v></tfr></token></tokens></sentence><sentence id="31709"><source>Проезжую часть нужно разделить на транзитную и коллекторную.</source><tokens><token id="567971" text="Проезжую"><tfr rev_id="1401052" t="Проезжую"><v><l id="279543" t="проезжий"><g v="ADJF"></g><g v="femn"></g><g v="sing"></g><g v="accs"></g></l></v></tfr></token><token id="567972" text="часть"><tfr rev_id="3555921" t="часть"><v><l id="374820" t="часть"><g v="NOUN"></g><g v="inan"></g><g v="femn"></g><g v="sing"></g><g v="accs"></g></l></v></tfr></token><token id="567973" text="нужно"><tfr rev_id="1401054" t="нужно"><v><l id="192579" t="нужно"><g v="PRED"></g><g v="pres"></g></l></v><v><l id="192584" t="нужен"><g v="ADJS"></g><g v="Qual"></g><g v="neut"></g><g v="sing"></g></l></v></tfr></token><token id="567974" text="разделить"><tfr rev_id="1401055" t="разделить"><v><l id="293566" t="разделить"><g v="INFN"></g><g v="perf"></g><g v="tran"></g></l></v></tfr></token><token id="567975" text="на"><tfr rev_id="3345670" t="на"><v><l id="166264" t="на"><g v="PREP"></g></l></v></tfr></token><token id="567976" text="транзитную"><tfr rev_id="1401057" t="транзитную"><v><l id="348951" t="транзитный"><g v="ADJF"></g><g v="Qual"></g><g v="femn"></g><g v="sing"></g><g v="accs"></g></l></v></tfr></token><token id="567977" text="и"><tfr rev_id="1401058" t="и"><v><l id="116949" t="и"><g v="CONJ"></g></l></v><v><l id="116950" t="и"><g v="INTJ"></g></l></v></tfr></token><token id="567978" text="коллекторную"><tfr rev_id="1401059" t="коллекторную"><v><l id="136053" t="коллекторный"><g v="ADJF"></g><g v="femn"></g><g v="sing"></g><g v="accs"></g></l></v></tfr></token><token id="567979" text="."><tfr rev_id="1401060" t="."><v><l id="0" t="."><g v="PNCT"></g></l></v></tfr></token></tokens></sentence><sentence id="31710"><source>«Разделение потока на транзитный, который едет далеко, и коллекторный, который едет между соседними магазинами, делается, чтобы у нас каждые 300 м не было съездов-въездов, чтобы съезды-въезды на такую дорогу были достаточно редкими.</source><tokens><token id="567980" text="«"><tfr rev_id="2442372" t="«"><v><l id="0" t="«"><g v="PNCT"></g></l></v></tfr></token><token id="567981" text="Разделение"><tfr rev_id="3949232" t="Разделение"><v><l id="293558" t="разделение"><g v="NOUN"></g><g v="inan"></g><g v="neut"></g><g v="sing"></g><g v="nomn"></g></l></v></tfr></token><token id="567982" text="потока"><tfr rev_id="1401063" t="потока"><v><l id="263275" t="поток"><g v="NOUN"></g><g v="inan"></g><g v="masc"></g><g v="sing"></g><g v="gent"></g></l></v></tfr></token><token id="567983" text="на"><tfr rev_id="3475425" t="на"><v><l id="166264" t="на"><g v="PREP"></g></l></v></tfr></token><token id="567984" text="транзитный"><tfr rev_id="1401065" t="транзитный"><v><l id="348951" t="транзитный"><g v="ADJF"></g><g v="Qual"></g><g v="masc"></g><g v="sing"></g><g v="nomn"></g></l></v><v><l id="348951" t="транзитный"><g v="ADJF"></g><g v="Qual"></g><g v="inan"></g><g v="masc"></g><g v="sing"></g><g v="accs"></g></l></v></tfr></token><token id="567985" text=","><tfr rev_id="1401066" t=","><v><l id="0" t=","><g v="PNCT"></g></l></v></tfr></token><token id="567986" text="который"><tfr rev_id="3637359" t="который"><v><l id="141203" t="который"><g v="ADJF"></g><g v="Apro"></g><g v="Subx"></g><g v="Anph"></g><g v="masc"></g><g v="sing"></g><g v="nomn"></g></l></v></tfr></token><token id="567987" text="едет"><tfr rev_id="1401068" t="едет"><v><l id="95524" t="еду"><g v="VERB"></g><g v="impf"></g><g v="intr"></g><g v="sing"></g><g v="3per"></g><g v="pres"></g><g v="indc"></g></l></v></tfr></token><token id="567988" text="далеко"><tfr rev_id="3526403" t="далеко"><v><l id="77936" t="далеко"><g v="ADVB"></g><g v="Prdx"></g></l></v></tfr></token><token id="567989" text=","><tfr rev_id="1401070" t=","><v><l id="0" t=","><g v="PNCT"></g></l></v></tfr></token><token id="567990" text="и"><tfr rev_id="1401071" t="и"><v><l id="116949" t="и"><g v="CONJ"></g></l></v><v><l id="116950" t="и"><g v="INTJ"></g></l></v></tfr></token><token id="567991" text="коллекторный"><tfr rev_id="1401072" t="коллекторный"><v><l id="136053" t="коллекторный"><g v="ADJF"></g><g v="masc"></g><g v="sing"></g><g v="nomn"></g></l></v><v><l id="136053" t="коллекторный"><g v="ADJF"></g><g v="inan"></g><g v="masc"></g><g v="sing"></g><g v="accs"></g></l></v></tfr></token><token id="567992" text=","><tfr rev_id="1401073" t=","><v><l id="0" t=","><g v="PNCT"></g></l></v></tfr></token><token id="567993" text="который"><tfr rev_id="3637360" t="который"><v><l id="141203" t="который"><g v="ADJF"></g><g v="Apro"></g><g v="Subx"></g><g v="Anph"></g><g v="masc"></g><g v="sing"></g><g v="nomn"></g></l></v></tfr></token><token id="567994" text="едет"><tfr rev_id="1401075" t="едет"><v><l id="95524" t="еду"><g v="VERB"></g><g v="impf"></g><g v="intr"></g><g v="sing"></g><g v="3per"></g><g v="pres"></g><g v="indc"></g></l></v></tfr></token><token id="567995" text="между"><tfr rev_id="1401076" t="между"><v><l id="157306" t="между"><g v="PREP"></g></l></v></tfr></token><token id="567996" text="соседними"><tfr rev_id="1401077" t="соседними"><v><l id="330239" t="соседний"><g v="ADJF"></g><g v="plur"></g><g v="ablt"></g></l></v></tfr></token><token id="567997" text="магазинами"><tfr rev_id="1401078" t="магазинами"><v><l id="152545" t="магазин"><g v="NOUN"></g><g v="inan"></g><g v="masc"></g><g v="plur"></g><g v="ablt"></g></l></v></tfr></token><token id="567998" text=","><tfr rev_id="1401079" t=","><v><l id="0" t=","><g v="PNCT"></g></l></v></tfr></token><token id="567999" text="делается"><tfr rev_id="1401080" t="делается"><v><l id="80535" t="делаюсь"><g v="VERB"></g><g v="impf"></g><g v="intr"></g><g v="sing"></g><g v="3per"></g><g v="pres"></g><g v="indc"></g></l></v></tfr></token><token id="568000" text=","><tfr rev_id="1401081" t=","><v><l id="0" t=","><g v="PNCT"></g></l></v></tfr></token><token id="568001" text="чтобы"><tfr rev_id="1401082" t="чтобы"><v><l id="377013" t="чтобы"><g v="CONJ"></g></l></v><v><l id="377014" t="чтобы"><g v="PRCL"></g></l></v></tfr></token><token id="568002" text="у"><tfr rev_id="3327125" t="у"><v><l id="352818" t="у"><g v="PREP"></g></l></v></tfr></token><token id="568003" text="нас"><tfr rev_id="3703389" t="нас"><v><l id="165750" t="мы"><g v="NPRO"></g><g v="1per"></g><g v="plur"></g><g v="gent"></g></l></v></tfr></token><token id="568004" text="каждые"><tfr rev_id="4430673" t="каждые"><v><l id="127875" t="каждый"><g v="ADJF"></g><g v="Subx"></g><g v="Apro"></g><g v="inan"></g><g v="plur"></g><g v="accs"></g></l></v></tfr></token><token id="568005" text="300"><tfr rev_id="2461066" t="300"><v><l id="0" t="300"><g v="NUMB"></g></l></v></tfr></token><token id="568006" text="м"><tfr rev_id="4180319" t="м"><v><l id="152458" t="м"><g v="NOUN"></g><g v="inan"></g><g v="masc"></g><g v="Fixd"></g><g v="Abbr"></g><g v="plur"></g><g v="gent"></g></l></v></tfr></token><token id="568007" text="не"><tfr rev_id="1401088" t="не"><v><l id="178876" t="не"><g v="PRCL"></g></l></v></tfr></token><token id="568008" text="было"><tfr rev_id="3748893" t="было"><v><l id="37265" t="есть"><g v="VERB"></g><g v="impf"></g><g v="intr"></g><g v="neut"></g><g v="sing"></g><g v="past"></g><g v="indc"></g></l></v></tfr></token><token id="568009" text="съездов"><tfr rev_id="3334032" t="съездов"><v><l id="341494" t="съезд"><g v="NOUN"></g><g v="inan"></g><g v="masc"></g><g v="plur"></g><g v="gent"></g></l></v></tfr></token><token id="568010" text="-"><tfr rev_id="1401091" t="-"><v><l id="0" t="-"><g v="PNCT"></g></l></v></tfr></token><token id="568011" text="въездов"><tfr rev_id="1401092" t="въездов"><v><l id="55540" t="въезд"><g v="NOUN"></g><g v="inan"></g><g v="masc"></g><g v="plur"></g><g v="gent"></g></l></v></tfr></token><token id="568012" text=","><tfr rev_id="1401093" t=","><v><l id="0" t=","><g v="PNCT"></g></l></v></tfr></token><token id="568013" text="чтобы"><tfr rev_id="1401094" t="чтобы"><v><l id="377013" t="чтобы"><g v="CONJ"></g></l></v><v><l id="377014" t="чтобы"><g v="PRCL"></g></l></v></tfr></token><token id="568014" text="съезды"><tfr rev_id="3757094" t="съезды"><v><l id="341494" t="съезд"><g v="NOUN"></g><g v="inan"></g><g v="masc"></g><g v="plur"></g><g v="nomn"></g></l></v></tfr></token><token id="568015" text="-"><tfr rev_id="1401096" t="-"><v><l id="0" t="-"><g v="PNCT"></g></l></v></tfr></token><token id="568016" text="въезды"><tfr rev_id="3757301" t="въезды"><v><l id="55540" t="въезд"><g v="NOUN"></g><g v="inan"></g><g v="masc"></g><g v="plur"></g><g v="nomn"></g></l></v></tfr></token><token id="568017" text="на"><tfr rev_id="3340423" t="на"><v><l id="166264" t="на"><g v="PREP"></g></l></v></tfr></token><token id="568018" text="такую"><tfr rev_id="1401099" t="такую"><v><l id="342491" t="такой"><g v="ADJF"></g><g v="Apro"></g><g v="femn"></g><g v="sing"></g><g v="accs"></g></l></v></tfr></token><token id="568019" text="дорогу"><tfr rev_id="1401100" t="дорогу"><v><l id="89707" t="дорога"><g v="NOUN"></g><g v="inan"></g><g v="femn"></g><g v="sing"></g><g v="accs"></g></l></v></tfr></token><token id="568020" text="были"><tfr rev_id="1715434" t="были"><v><l id="37265" t="есть"><g v="VERB"></g><g v="impf"></g><g v="intr"></g><g v="plur"></g><g v="past"></g><g v="indc"></g></l></v></tfr></token><token id="568021" text="достаточно"><tfr rev_id="1401102" t="достаточно"><v><l id="90477" t="достаточно"><g v="ADVB"></g><g v="Prdx"></g></l></v><v><l id="90480" t="достаточен"><g v="ADJS"></g><g v="Qual"></g><g v="neut"></g><g v="sing"></g></l></v></tfr></token><token id="568022" text="редкими"><tfr rev_id="1401103" t="редкими"><v><l id="305019" t="редкий"><g v="ADJF"></g><g v="Qual"></g><g v="plur"></g><g v="ablt"></g></l></v></tfr></token><token id="568023" text="."><tfr rev_id="1401104" t="."><v><l id="0" t="."><g v="PNCT"></g></l></v></tfr></token></tokens></sentence><sentence id="31711"><source>Ведь чем их меньше, тем дорога лучше катит.</source><tokens><token id="568024" text="Ведь"><tfr rev_id="1401105" t="Ведь"><v><l id="40374" t="ведь"><g v="PRCL"></g></l></v><v><l id="40375" t="ведь"><g v="CONJ"></g></l></v></tfr></token><token id="568025" text="чем"><tfr rev_id="4307101" t="чем"><v><l id="375161" t="чем"><g v="CONJ"></g></l></v></tfr></token><token id="568026" text="их"><tfr rev_id="3601332" t="их"><v><l id="206619" t="они"><g v="NPRO"></g><g v="3per"></g><g v="Anph"></g><g v="plur"></g><g v="gent"></g></l></v><v><l id="206619" t="они"><g v="NPRO"></g><g v="3per"></g><g v="Anph"></g><g v="plur"></g><g v="accs"></g></l></v></tfr></token><token id="568027" text="меньше"><tfr rev_id="4266744" t="меньше"><v><l id="153697" t="меньше"><g v="COMP"></g><g v="Qual"></g></l></v></tfr></token><token id="568028" text=","><tfr rev_id="1401109" t=","><v><l id="0" t=","><g v="PNCT"></g></l></v></tfr></token><token id="568029" text="тем"><tfr rev_id="4532701" t="тем"><v><l id="344449" t="тем"><g v="CONJ"></g></l></v></tfr></token><token id="568030" text="дорога"><tfr rev_id="3704928" t="дорога"><v><l id="89707" t="дорога"><g v="NOUN"></g><g v="inan"></g><g v="femn"></g><g v="sing"></g><g v="nomn"></g></l></v></tfr></token><token id="568031" text="лучше"><tfr rev_id="1401112" t="лучше"><v><l id="151661" t="лучше"><g v="PRCL"></g></l></v><v><l id="371670" t="лучше"><g v="COMP"></g><g v="Qual"></g></l></v></tfr></token><token id="568032" text="катит"><tfr rev_id="1401113" t="катит"><v><l id="131380" t="качу"><g v="VERB"></g><g v="impf"></g><g v="tran"></g><g v="sing"></g><g v="3per"></g><g v="pres"></g><g v="indc"></g></l></v></tfr></token><token id="568033" text="."><tfr rev_id="1401114" t="."><v><l id="0" t="."><g v="PNCT"></g></l></v></tfr></token></tokens></sentence><sentence id="31712"><source>Соответственно, все примыкающие объекты надо собрать на коллекторную дорожку, которая идёт вдоль»,</source><tokens><token id="568034" text="Соответственно"><tfr rev_id="3664187" t="Соответственно"><v><l id="329617" t="соответственно"><g v="ADVB"></g></l></v><v><l id="329618" t="соответственно"><g v="PREP"></g></l></v><v><l id="329621" t="соответствен"><g v="ADJS"></g><g v="neut"></g><g v="sing"></g></l></v><v><l id="388717" t="соответственно"><g v="CONJ"></g><g v="Prnt"></g></l></v></tfr></token><token id="568035" text=","><tfr rev_id="1401116" t=","><v><l id="0" t=","><g v="PNCT"></g></l></v></tfr></token><token id="568036" text="все"><tfr rev_id="4538276" t="все"><v><l id="42156" t="весь"><g v="ADJF"></g><g v="Subx"></g><g v="Apro"></g><g v="inan"></g><g v="plur"></g><g v="accs"></g></l></v><v><l id="42156" t="весь"><g v="ADJF"></g><g v="Subx"></g><g v="Apro"></g><g v="plur"></g><g v="nomn"></g></l></v></tfr></token><token id="568037" text="примыкающие"><tfr rev_id="1401118" t="примыкающие"><v><l id="272367" t="примыкающий"><g v="PRTF"></g><g v="impf"></g><g v="intr"></g><g v="pres"></g><g v="actv"></g><g v="plur"></g><g v="nomn"></g></l></v><v><l id="272367" t="примыкающий"><g v="PRTF"></g><g v="impf"></g><g v="intr"></g><g v="pres"></g><g v="actv"></g><g v="inan"></g><g v="plur"></g><g v="accs"></g></l></v></tfr></token><token id="568038" text="объекты"><tfr rev_id="3727803" t="объекты"><v><l id="201809" t="объект"><g v="NOUN"></g><g v="inan"></g><g v="masc"></g><g v="plur"></g><g v="accs"></g></l></v></tfr></token><token id="568039" text="надо"><tfr rev_id="4322209" t="надо"><v><l id="169144" t="надо"><g v="PRED"></g><g v="pres"></g></l></v></tfr></token><token id="568040" text="собрать"><tfr rev_id="1401121" t="собрать"><v><l id="327818" t="собрать"><g v="INFN"></g><g v="perf"></g><g v="tran"></g></l></v></tfr></token><token id="568041" text="на"><tfr rev_id="3394595" t="на"><v><l id="166264" t="на"><g v="PREP"></g></l></v></tfr></token><token id="568042" text="коллекторную"><tfr rev_id="1401123" t="коллекторную"><v><l id="136053" t="коллекторный"><g v="ADJF"></g><g v="femn"></g><g v="sing"></g><g v="accs"></g></l></v></tfr></token><token id="568043" text="дорожку"><tfr rev_id="1401124" t="дорожку"><v><l id="89764" t="дорожка"><g v="NOUN"></g><g v="inan"></g><g v="femn"></g><g v="sing"></g><g v="accs"></g></l></v></tfr></token><token id="568044" text=","><tfr rev_id="1401125" t=","><v><l id="0" t=","><g v="PNCT"></g></l></v></tfr></token><token id="568045" text="которая"><tfr rev_id="3639791" t="которая"><v><l id="141203" t="который"><g v="ADJF"></g><g v="Apro"></g><g v="Subx"></g><g v="Anph"></g><g v="femn"></g><g v="sing"></g><g v="nomn"></g></l></v></tfr></token><token id="568046" text="идёт"><tfr rev_id="1401127" t="идёт"><v><l id="117566" t="иду"><g v="VERB"></g><g v="impf"></g><g v="intr"></g><g v="sing"></g><g v="3per"></g><g v="pres"></g><g v="indc"></g></l></v></tfr></token><token id="568047" text="вдоль"><tfr rev_id="4422705" t="вдоль"><v><l id="40148" t="вдоль"><g v="ADVB"></g></l></v></tfr></token><token id="568048" text="»"><tfr rev_id="2442373" t="»"><v><l id="0" t="»"><g v="PNCT"></g></l></v></tfr></token><token id="568049" text=","><tfr rev_id="1401130" t=","><v><l id="0" t=","><g v="PNCT"></g></l></v></tfr></token></tokens></sentence><sentence id="31713"><source>— рассказывает эксперт.</source><tokens><token id="568050" text="—"><tfr rev_id="2442374" t="—"><v><l id="0" t="—"><g v="PNCT"></g></l></v></tfr></token><token id="568051" text="рассказывает"><tfr rev_id="1401132" t="рассказывает"><v><l id="300983" t="рассказываю"><g v="VERB"></g><g v="impf"></g><g v="tran"></g><g v="sing"></g><g v="3per"></g><g v="pres"></g><g v="indc"></g></l></v></tfr></token><token id="568052" text="эксперт"><tfr rev_id="1401133" t="эксперт"><v><l id="383582" t="эксперт"><g v="NOUN"></g><g v="anim"></g><g v="masc"></g><g v="sing"></g><g v="nomn"></g></l></v></tfr></token><token id="568053" text="."><tfr rev_id="1401134" t="."><v><l id="0" t="."><g v="PNCT"></g></l></v></tfr></token></tokens></sentence></paragraph><paragraph id="10071"><sentence id="31714"><source>О транспортном коллапсе в столице читайте в статье Частного корреспондента «Когда Москва встанет»</source><tokens><token id="568054" text="О"><tfr rev_id="3326819" t="О"><v><l id="192977" t="о"><g v="PREP"></g></l></v></tfr></token><token id="568055" text="транспортном"><tfr rev_id="3453809" t="транспортном"><v><l id="349185" t="транспортный"><g v="ADJF"></g><g v="masc"></g><g v="sing"></g><g v="loct"></g></l></v></tfr></token><token id="568056" text="коллапсе"><tfr rev_id="1401137" t="коллапсе"><v><l id="136002" t="коллапс"><g v="NOUN"></g><g v="inan"></g><g v="masc"></g><g v="sing"></g><g v="loct"></g></l></v></tfr></token><token id="568057" text="в"><tfr rev_id="1401138" t="в"><v><l id="37409" t="в"><g v="PREP"></g></l></v></tfr></token><token id="568058" text="столице"><tfr rev_id="3549995" t="столице"><v><l id="336588" t="столица"><g v="NOUN"></g><g v="inan"></g><g v="femn"></g><g v="sing"></g><g v="loct"></g></l></v></tfr></token><token id="568059" text="читайте"><tfr rev_id="1401140" t="читайте"><v><l id="376719" t="читаю"><g v="VERB"></g><g v="impf"></g><g v="tran"></g><g v="plur"></g><g v="impr"></g><g v="excl"></g></l></v></tfr></token><token id="568060" text="в"><tfr rev_id="1401141" t="в"><v><l id="37409" t="в"><g v="PREP"></g></l></v></tfr></token><token id="568061" text="статье"><tfr rev_id="2737486" t="статье"><v><l id="335173" t="статья"><g v="NOUN"></g><g v="inan"></g><g v="femn"></g><g v="sing"></g><g v="loct"></g></l></v></tfr></token><token id="568062" text="Частного"><tfr rev_id="4349786" t="Частного"><v><l id="374795" t="частный"><g v="ADJF"></g><g v="Qual"></g><g v="masc"></g><g v="sing"></g><g v="gent"></g></l></v><v><l id="374795" t="частный"><g v="ADJF"></g><g v="Qual"></g><g v="anim"></g><g v="masc"></g><g v="sing"></g><g v="accs"></g></l></v></tfr></token><token id="568063" text="корреспондента"><tfr rev_id="4397593" t="корреспондента"><v><l id="140239" t="корреспондент"><g v="NOUN"></g><g v="anim"></g><g v="masc"></g><g v="sing"></g><g v="gent"></g></l></v></tfr></token><token id="568064" text="«"><tfr rev_id="2442375" t="«"><v><l id="0" t="«"><g v="PNCT"></g></l></v></tfr></token><token id="568065" text="Когда"><tfr rev_id="1401146" t="Когда"><v><l id="135239" t="когда"><g v="CONJ"></g></l></v><v><l id="135240" t="когда"><g v="ADVB"></g><g v="Ques"></g></l></v></tfr></token><token id="568066" text="Москва"><tfr rev_id="1401147" t="Москва"><v><l id="163901" t="москва"><g v="NOUN"></g><g v="inan"></g><g v="femn"></g><g v="Sgtm"></g><g v="Geox"></g><g v="sing"></g><g v="nomn"></g></l></v></tfr></token><token id="568067" text="встанет"><tfr rev_id="1401148" t="встанет"><v><l id="54429" t="встал"><g v="VERB"></g><g v="perf"></g><g v="intr"></g><g v="sing"></g><g v="3per"></g><g v="futr"></g><g v="indc"></g></l></v></tfr></token><token id="568068" text="»"><tfr rev_id="2442376" t="»"><v><l id="0" t="»"><g v="PNCT"></g></l></v></tfr></token></tokens></sentence></paragraph></paragraphs></text>