<?xml version="1.0" encoding="utf-8"?><text id="1045" parent="56" name="Новым Патриархом Московским и всея Руси избран митрополит Кирилл"><tags><tag>url:http://ru.wikinews.org/w/index.php?title=Новым_Патриархом_Московским_и_всея_Руси_избран_митрополит_Кирилл&amp;oldid=20365</tag><tag>Автор:http://ru.wikinews.org/wiki/Участник:Чръный человек</tag><tag>Дата:27/01</tag><tag>Год:2009</tag></tags><paragraphs><paragraph id="10217"><sentence id="32135"><source>Митрополит смоленский и Калининградский Кирилл избран 16-м патриархом московский и всея Руси.</source><tokens><token id="574940" text="Митрополит"><tfr rev_id="1408019" t="Митрополит"><v><l id="161129" t="митрополит"><g v="NOUN"></g><g v="anim"></g><g v="masc"></g><g v="sing"></g><g v="nomn"></g></l></v></tfr></token><token id="574941" text="смоленский"><tfr rev_id="1408020" t="смоленский"><v><l id="326544" t="смоленский"><g v="ADJF"></g><g v="masc"></g><g v="sing"></g><g v="nomn"></g></l></v><v><l id="326544" t="смоленский"><g v="ADJF"></g><g v="inan"></g><g v="masc"></g><g v="sing"></g><g v="accs"></g></l></v></tfr></token><token id="574942" text="и"><tfr rev_id="1408021" t="и"><v><l id="116949" t="и"><g v="CONJ"></g></l></v><v><l id="116950" t="и"><g v="INTJ"></g></l></v></tfr></token><token id="574943" text="Калининградский"><tfr rev_id="1408022" t="Калининградский"><v><l id="128514" t="калининградский"><g v="ADJF"></g><g v="masc"></g><g v="sing"></g><g v="nomn"></g></l></v><v><l id="128514" t="калининградский"><g v="ADJF"></g><g v="inan"></g><g v="masc"></g><g v="sing"></g><g v="accs"></g></l></v></tfr></token><token id="574944" text="Кирилл"><tfr rev_id="1408023" t="Кирилл"><v><l id="133354" t="кирилл"><g v="NOUN"></g><g v="anim"></g><g v="masc"></g><g v="Name"></g><g v="sing"></g><g v="nomn"></g></l></v></tfr></token><token id="574945" text="избран"><tfr rev_id="1408024" t="избран"><v><l id="117935" t="избран"><g v="ADJS"></g><g v="Qual"></g><g v="masc"></g><g v="sing"></g></l></v><v><l id="117941" t="избран"><g v="PRTS"></g><g v="perf"></g><g v="past"></g><g v="pssv"></g><g v="masc"></g><g v="sing"></g></l></v></tfr></token><token id="574946" text="16-м"><tfr rev_id="4553144" t="16-м"><v><l id="390452" t="16-й"><g v="ADJF"></g><g v="Abbr"></g><g v="Anum"></g><g v="masc"></g><g v="sing"></g><g v="ablt"></g></l></v></tfr></token><token id="574947" text="патриархом"><tfr rev_id="1408026" t="патриархом"><v><l id="225091" t="патриарх"><g v="NOUN"></g><g v="anim"></g><g v="masc"></g><g v="sing"></g><g v="ablt"></g></l></v></tfr></token><token id="574948" text="московский"><tfr rev_id="3947299" t="московский"><v><l id="163933" t="московский"><g v="ADJF"></g><g v="masc"></g><g v="sing"></g><g v="nomn"></g></l></v><v><l id="163933" t="московский"><g v="ADJF"></g><g v="inan"></g><g v="masc"></g><g v="sing"></g><g v="accs"></g></l></v></tfr></token><token id="574949" text="и"><tfr rev_id="1408028" t="и"><v><l id="116949" t="и"><g v="CONJ"></g></l></v><v><l id="116950" t="и"><g v="INTJ"></g></l></v></tfr></token><token id="574950" text="всея"><tfr rev_id="4131246" t="всея"><v><l id="42156" t="весь"><g v="ADJF"></g><g v="Subx"></g><g v="Apro"></g><g v="femn"></g><g v="sing"></g><g v="gent"></g><g v="Arch"></g></l></v></tfr></token><token id="574951" text="Руси"><tfr rev_id="3455581" t="Руси"><v><l id="310365" t="русь"><g v="NOUN"></g><g v="inan"></g><g v="femn"></g><g v="Sgtm"></g><g v="Geox"></g><g v="sing"></g><g v="gent"></g></l></v></tfr></token><token id="574952" text="."><tfr rev_id="1408031" t="."><v><l id="0" t="."><g v="PNCT"></g></l></v></tfr></token></tokens></sentence><sentence id="32136"><source>Он набрал 508 голосов (72 %) членов Поместного собора.</source><tokens><token id="574953" text="Он"><tfr rev_id="3575499" t="Он"><v><l id="206541" t="он"><g v="NPRO"></g><g v="masc"></g><g v="3per"></g><g v="Anph"></g><g v="sing"></g><g v="nomn"></g></l></v></tfr></token><token id="574954" text="набрал"><tfr rev_id="1408033" t="набрал"><v><l id="166662" t="набрал"><g v="VERB"></g><g v="perf"></g><g v="tran"></g><g v="masc"></g><g v="sing"></g><g v="past"></g><g v="indc"></g></l></v></tfr></token><token id="574955" text="508"><tfr rev_id="2461188" t="508"><v><l id="0" t="508"><g v="NUMB"></g></l></v></tfr></token><token id="574956" text="голосов"><tfr rev_id="1408035" t="голосов"><v><l id="72469" t="голос"><g v="NOUN"></g><g v="inan"></g><g v="masc"></g><g v="plur"></g><g v="gent"></g></l></v></tfr></token><token id="574957" text="("><tfr rev_id="1408036" t="("><v><l id="0" t="("><g v="PNCT"></g></l></v></tfr></token><token id="574958" text="72"><tfr rev_id="2461189" t="72"><v><l id="0" t="72"><g v="NUMB"></g></l></v></tfr></token><token id="574959" text="%"><tfr rev_id="2442649" t="%"><v><l id="0" t="%"><g v="PNCT"></g></l></v></tfr></token><token id="574960" text=")"><tfr rev_id="1408039" t=")"><v><l id="0" t=")"><g v="PNCT"></g></l></v></tfr></token><token id="574961" text="членов"><tfr rev_id="4294464" t="членов"><v><l id="376827" t="член"><g v="NOUN"></g><g v="anim"></g><g v="masc"></g><g v="plur"></g><g v="gent"></g></l></v></tfr></token><token id="574962" text="Поместного"><tfr rev_id="3454236" t="Поместного"><v><l id="257587" t="поместный"><g v="ADJF"></g><g v="Qual"></g><g v="masc"></g><g v="sing"></g><g v="gent"></g></l></v><v><l id="257587" t="поместный"><g v="ADJF"></g><g v="Qual"></g><g v="anim"></g><g v="masc"></g><g v="sing"></g><g v="accs"></g></l></v></tfr></token><token id="574963" text="собора"><tfr rev_id="1408042" t="собора"><v><l id="327772" t="собор"><g v="NOUN"></g><g v="inan"></g><g v="masc"></g><g v="sing"></g><g v="gent"></g></l></v></tfr></token><token id="574964" text="."><tfr rev_id="1408043" t="."><v><l id="0" t="."><g v="PNCT"></g></l></v></tfr></token></tokens></sentence><sentence id="32137"><source>Его конкурент управляющий делами Московского патриархата митрополит Калужский и Боровский Климент — 169.</source><tokens><token id="574965" text="Его"><tfr rev_id="4536448" t="Его"><v><l id="94208" t="его"><g v="ADJF"></g><g v="Fixd"></g><g v="Apro"></g><g v="Anph"></g><g v="masc"></g><g v="sing"></g><g v="nomn"></g></l></v><v><l id="94208" t="его"><g v="ADJF"></g><g v="Fixd"></g><g v="Apro"></g><g v="Anph"></g><g v="masc"></g><g v="sing"></g><g v="gent"></g></l></v><v><l id="94208" t="его"><g v="ADJF"></g><g v="Fixd"></g><g v="Apro"></g><g v="Anph"></g><g v="masc"></g><g v="sing"></g><g v="datv"></g></l></v><v><l id="94208" t="его"><g v="ADJF"></g><g v="Fixd"></g><g v="Apro"></g><g v="Anph"></g><g v="masc"></g><g v="sing"></g><g v="accs"></g></l></v><v><l id="94208" t="его"><g v="ADJF"></g><g v="Fixd"></g><g v="Apro"></g><g v="Anph"></g><g v="masc"></g><g v="sing"></g><g v="ablt"></g></l></v><v><l id="94208" t="его"><g v="ADJF"></g><g v="Fixd"></g><g v="Apro"></g><g v="Anph"></g><g v="masc"></g><g v="sing"></g><g v="loct"></g></l></v></tfr></token><token id="574966" text="конкурент"><tfr rev_id="1408045" t="конкурент"><v><l id="137896" t="конкурент"><g v="NOUN"></g><g v="anim"></g><g v="masc"></g><g v="sing"></g><g v="nomn"></g></l></v></tfr></token><token id="574967" text="управляющий"><tfr rev_id="4505907" t="управляющий"><v><l id="359220" t="управляющий"><g v="PRTF"></g><g v="Subx"></g><g v="impf"></g><g v="intr"></g><g v="pres"></g><g v="actv"></g><g v="masc"></g><g v="sing"></g><g v="nomn"></g></l></v><v><l id="359220" t="управляющий"><g v="PRTF"></g><g v="Subx"></g><g v="impf"></g><g v="intr"></g><g v="pres"></g><g v="actv"></g><g v="inan"></g><g v="masc"></g><g v="sing"></g><g v="accs"></g></l></v></tfr></token><token id="574968" text="делами"><tfr rev_id="1408047" t="делами"><v><l id="80628" t="дело"><g v="NOUN"></g><g v="inan"></g><g v="neut"></g><g v="plur"></g><g v="ablt"></g></l></v></tfr></token><token id="574969" text="Московского"><tfr rev_id="4310073" t="Московского"><v><l id="163933" t="московский"><g v="ADJF"></g><g v="masc"></g><g v="sing"></g><g v="gent"></g></l></v><v><l id="163933" t="московский"><g v="ADJF"></g><g v="anim"></g><g v="masc"></g><g v="sing"></g><g v="accs"></g></l></v></tfr></token><token id="574970" text="патриархата"><tfr rev_id="1408049" t="патриархата"><v><l id="225097" t="патриархат"><g v="NOUN"></g><g v="inan"></g><g v="masc"></g><g v="sing"></g><g v="gent"></g></l></v></tfr></token><token id="574971" text="митрополит"><tfr rev_id="1408050" t="митрополит"><v><l id="161129" t="митрополит"><g v="NOUN"></g><g v="anim"></g><g v="masc"></g><g v="sing"></g><g v="nomn"></g></l></v></tfr></token><token id="574972" text="Калужский"><tfr rev_id="1408051" t="Калужский"><v><l id="128672" t="калужский"><g v="ADJF"></g><g v="masc"></g><g v="sing"></g><g v="nomn"></g></l></v><v><l id="128672" t="калужский"><g v="ADJF"></g><g v="inan"></g><g v="masc"></g><g v="sing"></g><g v="accs"></g></l></v></tfr></token><token id="574973" text="и"><tfr rev_id="1408052" t="и"><v><l id="116949" t="и"><g v="CONJ"></g></l></v><v><l id="116950" t="и"><g v="INTJ"></g></l></v></tfr></token><token id="574974" text="Боровский"><tfr rev_id="3334377" t="Боровский"><v><l id="32869" t="боровский"><g v="ADJF"></g><g v="masc"></g><g v="sing"></g><g v="nomn"></g></l></v><v><l id="32869" t="боровский"><g v="ADJF"></g><g v="inan"></g><g v="masc"></g><g v="sing"></g><g v="accs"></g></l></v></tfr></token><token id="574975" text="Климент"><tfr rev_id="1408054" t="Климент"><v><l id="134374" t="климент"><g v="NOUN"></g><g v="anim"></g><g v="masc"></g><g v="Name"></g><g v="sing"></g><g v="nomn"></g></l></v></tfr></token><token id="574976" text="—"><tfr rev_id="2442650" t="—"><v><l id="0" t="—"><g v="PNCT"></g></l></v></tfr></token><token id="574977" text="169"><tfr rev_id="2461190" t="169"><v><l id="0" t="169"><g v="NUMB"></g></l></v></tfr></token><token id="574978" text="."><tfr rev_id="1408057" t="."><v><l id="0" t="."><g v="PNCT"></g></l></v></tfr></token></tokens></sentence><sentence id="32138"><source>Митрополит Минский и Слуцкий Филарет, также выдвинутый на днях Архиерейским Собором, снял свою кандидатуру в пользу митрополита Кирилла.</source><tokens><token id="574979" text="Митрополит"><tfr rev_id="1408058" t="Митрополит"><v><l id="161129" t="митрополит"><g v="NOUN"></g><g v="anim"></g><g v="masc"></g><g v="sing"></g><g v="nomn"></g></l></v></tfr></token><token id="574980" text="Минский"><tfr rev_id="3947149" t="Минский"><v><l id="160705" t="минский"><g v="ADJF"></g><g v="masc"></g><g v="sing"></g><g v="nomn"></g></l></v><v><l id="160705" t="минский"><g v="ADJF"></g><g v="inan"></g><g v="masc"></g><g v="sing"></g><g v="accs"></g></l></v></tfr></token><token id="574981" text="и"><tfr rev_id="3411106" t="и"><v><l id="116949" t="и"><g v="CONJ"></g></l></v></tfr></token><token id="574982" text="Слуцкий"><tfr rev_id="1408061" t="Слуцкий"><v><l id="325464" t="слуцкий"><g v="NOUN"></g><g v="anim"></g><g v="masc"></g><g v="Sgtm"></g><g v="Surn"></g><g v="sing"></g><g v="nomn"></g></l></v></tfr></token><token id="574983" text="Филарет"><tfr rev_id="1408062" t="Филарет"><v><l id="365839" t="филарет"><g v="NOUN"></g><g v="anim"></g><g v="masc"></g><g v="Name"></g><g v="sing"></g><g v="nomn"></g></l></v></tfr></token><token id="574984" text=","><tfr rev_id="1408063" t=","><v><l id="0" t=","><g v="PNCT"></g></l></v></tfr></token><token id="574985" text="также"><tfr rev_id="4267674" t="также"><v><l id="342482" t="также"><g v="PRCL"></g></l></v></tfr></token><token id="574986" text="выдвинутый"><tfr rev_id="1408065" t="выдвинутый"><v><l id="56993" t="выдвинутый"><g v="PRTF"></g><g v="perf"></g><g v="tran"></g><g v="past"></g><g v="pssv"></g><g v="masc"></g><g v="sing"></g><g v="nomn"></g></l></v><v><l id="56993" t="выдвинутый"><g v="PRTF"></g><g v="perf"></g><g v="tran"></g><g v="past"></g><g v="pssv"></g><g v="inan"></g><g v="masc"></g><g v="sing"></g><g v="accs"></g></l></v></tfr></token><token id="574987" text="на"><tfr rev_id="3342883" t="на"><v><l id="166264" t="на"><g v="PREP"></g></l></v></tfr></token><token id="574988" text="днях"><tfr rev_id="1408067" t="днях"><v><l id="81427" t="день"><g v="NOUN"></g><g v="inan"></g><g v="masc"></g><g v="plur"></g><g v="loct"></g></l></v></tfr></token><token id="574989" text="Архиерейским"><tfr rev_id="3806106" t="Архиерейским"><v><l id="17798" t="архиерейский"><g v="ADJF"></g><g v="masc"></g><g v="sing"></g><g v="ablt"></g></l></v></tfr></token><token id="574990" text="Собором"><tfr rev_id="1408069" t="Собором"><v><l id="327772" t="собор"><g v="NOUN"></g><g v="inan"></g><g v="masc"></g><g v="sing"></g><g v="ablt"></g></l></v></tfr></token><token id="574991" text=","><tfr rev_id="1408070" t=","><v><l id="0" t=","><g v="PNCT"></g></l></v></tfr></token><token id="574992" text="снял"><tfr rev_id="1408071" t="снял"><v><l id="327593" t="снял"><g v="VERB"></g><g v="perf"></g><g v="tran"></g><g v="masc"></g><g v="sing"></g><g v="past"></g><g v="indc"></g></l></v></tfr></token><token id="574993" text="свою"><tfr rev_id="3632233" t="свою"><v><l id="316379" t="свой"><g v="ADJF"></g><g v="Apro"></g><g v="Anph"></g><g v="femn"></g><g v="sing"></g><g v="accs"></g></l></v></tfr></token><token id="574994" text="кандидатуру"><tfr rev_id="4323403" t="кандидатуру"><v><l id="129329" t="кандидатура"><g v="NOUN"></g><g v="inan"></g><g v="femn"></g><g v="sing"></g><g v="accs"></g></l></v></tfr></token><token id="574995" text="в"><tfr rev_id="1408074" t="в"><v><l id="37409" t="в"><g v="PREP"></g></l></v></tfr></token><token id="574996" text="пользу"><tfr rev_id="1408075" t="пользу"><v><l id="257077" t="польза"><g v="NOUN"></g><g v="inan"></g><g v="femn"></g><g v="sing"></g><g v="accs"></g></l></v></tfr></token><token id="574997" text="митрополита"><tfr rev_id="4397560" t="митрополита"><v><l id="161129" t="митрополит"><g v="NOUN"></g><g v="anim"></g><g v="masc"></g><g v="sing"></g><g v="gent"></g></l></v></tfr></token><token id="574998" text="Кирилла"><tfr rev_id="3886667" t="Кирилла"><v><l id="133354" t="кирилл"><g v="NOUN"></g><g v="anim"></g><g v="masc"></g><g v="Name"></g><g v="sing"></g><g v="gent"></g></l></v></tfr></token><token id="574999" text="."><tfr rev_id="1408078" t="."><v><l id="0" t="."><g v="PNCT"></g></l></v></tfr></token></tokens></sentence></paragraph><paragraph id="10218"><sentence id="32139"><source>На вопрос согласен ли он принять сан Кирилл ответил:</source><tokens><token id="575000" text="На"><tfr rev_id="3338116" t="На"><v><l id="166264" t="на"><g v="PREP"></g></l></v></tfr></token><token id="575001" text="вопрос"><tfr rev_id="1408080" t="вопрос"><v><l id="50830" t="вопрос"><g v="NOUN"></g><g v="inan"></g><g v="masc"></g><g v="sing"></g><g v="nomn"></g></l></v><v><l id="50830" t="вопрос"><g v="NOUN"></g><g v="inan"></g><g v="masc"></g><g v="sing"></g><g v="accs"></g></l></v></tfr></token><token id="575002" text="согласен"><tfr rev_id="1408081" t="согласен"><v><l id="328258" t="согласен"><g v="ADJS"></g><g v="Qual"></g><g v="masc"></g><g v="sing"></g></l></v></tfr></token><token id="575003" text="ли"><tfr rev_id="4467400" t="ли"><v><l id="148847" t="ли"><g v="CONJ"></g></l></v><v><l id="148848" t="ли"><g v="PRCL"></g></l></v></tfr></token><token id="575004" text="он"><tfr rev_id="3575500" t="он"><v><l id="206541" t="он"><g v="NPRO"></g><g v="masc"></g><g v="3per"></g><g v="Anph"></g><g v="sing"></g><g v="nomn"></g></l></v></tfr></token><token id="575005" text="принять"><tfr rev_id="1408084" t="принять"><v><l id="272701" t="принять"><g v="INFN"></g><g v="perf"></g><g v="tran"></g></l></v></tfr></token><token id="575006" text="сан"><tfr rev_id="3488031" t="сан"><v><l id="313178" t="сан"><g v="NOUN"></g><g v="inan"></g><g v="masc"></g><g v="sing"></g><g v="accs"></g></l></v></tfr></token><token id="575007" text="Кирилл"><tfr rev_id="1408086" t="Кирилл"><v><l id="133354" t="кирилл"><g v="NOUN"></g><g v="anim"></g><g v="masc"></g><g v="Name"></g><g v="sing"></g><g v="nomn"></g></l></v></tfr></token><token id="575008" text="ответил"><tfr rev_id="1408087" t="ответил"><v><l id="212433" t="ответил"><g v="VERB"></g><g v="perf"></g><g v="intr"></g><g v="masc"></g><g v="sing"></g><g v="past"></g><g v="indc"></g></l></v></tfr></token><token id="575009" text=":"><tfr rev_id="1408088" t=":"><v><l id="0" t=":"><g v="PNCT"></g></l></v></tfr></token></tokens></sentence><sentence id="32140"><source>«Избрание меня Поместным собором Русской православной церкви Патриархом Московским и всея Руси приемлю.</source><tokens><token id="575010" text="«"><tfr rev_id="2442651" t="«"><v><l id="0" t="«"><g v="PNCT"></g></l></v></tfr></token><token id="575011" text="Избрание"><tfr rev_id="4099686" t="Избрание"><v><l id="117923" t="избрание"><g v="NOUN"></g><g v="inan"></g><g v="neut"></g><g v="sing"></g><g v="accs"></g></l></v></tfr></token><token id="575012" text="меня"><tfr rev_id="3472295" t="меня"><v><l id="387317" t="я"><g v="NPRO"></g><g v="1per"></g><g v="sing"></g><g v="gent"></g></l></v></tfr></token><token id="575013" text="Поместным"><tfr rev_id="3806076" t="Поместным"><v><l id="257587" t="поместный"><g v="ADJF"></g><g v="Qual"></g><g v="masc"></g><g v="sing"></g><g v="ablt"></g></l></v></tfr></token><token id="575014" text="собором"><tfr rev_id="1408093" t="собором"><v><l id="327772" t="собор"><g v="NOUN"></g><g v="inan"></g><g v="masc"></g><g v="sing"></g><g v="ablt"></g></l></v></tfr></token><token id="575015" text="Русской"><tfr rev_id="4315820" t="Русской"><v><l id="310321" t="русский"><g v="ADJF"></g><g v="Subx"></g><g v="femn"></g><g v="sing"></g><g v="gent"></g></l></v></tfr></token><token id="575016" text="православной"><tfr rev_id="3823972" t="православной"><v><l id="265756" t="православный"><g v="ADJF"></g><g v="femn"></g><g v="sing"></g><g v="gent"></g></l></v></tfr></token><token id="575017" text="церкви"><tfr rev_id="4178319" t="церкви"><v><l id="373684" t="церковь"><g v="NOUN"></g><g v="inan"></g><g v="femn"></g><g v="sing"></g><g v="gent"></g></l></v></tfr></token><token id="575018" text="Патриархом"><tfr rev_id="1408097" t="Патриархом"><v><l id="225091" t="патриарх"><g v="NOUN"></g><g v="anim"></g><g v="masc"></g><g v="sing"></g><g v="ablt"></g></l></v></tfr></token><token id="575019" text="Московским"><tfr rev_id="4291943" t="Московским"><v><l id="163933" t="московский"><g v="ADJF"></g><g v="masc"></g><g v="sing"></g><g v="ablt"></g></l></v><v><l id="163933" t="московский"><g v="ADJF"></g><g v="neut"></g><g v="sing"></g><g v="ablt"></g></l></v></tfr></token><token id="575020" text="и"><tfr rev_id="1408099" t="и"><v><l id="116949" t="и"><g v="CONJ"></g></l></v><v><l id="116950" t="и"><g v="INTJ"></g></l></v></tfr></token><token id="575021" text="всея"><tfr rev_id="4131247" t="всея"><v><l id="42156" t="весь"><g v="ADJF"></g><g v="Subx"></g><g v="Apro"></g><g v="femn"></g><g v="sing"></g><g v="gent"></g><g v="Arch"></g></l></v></tfr></token><token id="575022" text="Руси"><tfr rev_id="2602303" t="Руси"><v><l id="310365" t="русь"><g v="NOUN"></g><g v="inan"></g><g v="femn"></g><g v="Sgtm"></g><g v="Geox"></g><g v="sing"></g><g v="gent"></g></l></v></tfr></token><token id="575023" text="приемлю"><tfr rev_id="1408102" t="приемлю"><v><l id="0" t="приемлю"><g v="UNKN"></g></l></v></tfr></token><token id="575024" text="."><tfr rev_id="1408103" t="."><v><l id="0" t="."><g v="PNCT"></g></l></v></tfr></token></tokens></sentence><sentence id="32141"><source>Благодарю и немало вопреки глаголю».</source><tokens><token id="575025" text="Благодарю"><tfr rev_id="1408104" t="Благодарю"><v><l id="30375" t="благодарю"><g v="VERB"></g><g v="impf"></g><g v="tran"></g><g v="sing"></g><g v="1per"></g><g v="pres"></g><g v="indc"></g></l></v></tfr></token><token id="575026" text="и"><tfr rev_id="1408105" t="и"><v><l id="116949" t="и"><g v="CONJ"></g></l></v><v><l id="116950" t="и"><g v="INTJ"></g></l></v></tfr></token><token id="575027" text="немало"><tfr rev_id="3653795" t="немало"><v><l id="183942" t="немало"><g v="ADVB"></g></l></v><v><l id="183948" t="немал"><g v="ADJS"></g><g v="neut"></g><g v="sing"></g></l></v><v><l id="389078" t="немало"><g v="NUMR"></g><g v="nomn"></g></l></v><v><l id="389078" t="немало"><g v="NUMR"></g><g v="accs"></g></l></v></tfr></token><token id="575028" text="вопреки"><tfr rev_id="1408107" t="вопреки"><v><l id="50829" t="вопреки"><g v="PREP"></g></l></v></tfr></token><token id="575029" text="глаголю"><tfr rev_id="1715682" t="глаголю"><v><l id="70863" t="глаголю"><g v="VERB"></g><g v="impf"></g><g v="tran"></g><g v="Arch"></g><g v="sing"></g><g v="1per"></g><g v="pres"></g><g v="indc"></g></l></v><v><l id="70883" t="глаголю"><g v="VERB"></g><g v="impf"></g><g v="tran"></g><g v="sing"></g><g v="1per"></g><g v="pres"></g><g v="indc"></g></l></v></tfr></token><token id="575030" text="»"><tfr rev_id="2442652" t="»"><v><l id="0" t="»"><g v="PNCT"></g></l></v></tfr></token><token id="575031" text="."><tfr rev_id="1408110" t="."><v><l id="0" t="."><g v="PNCT"></g></l></v></tfr></token></tokens></sentence></paragraph></paragraphs></text>