<?xml version="1.0" encoding="utf-8"?><text id="1048" parent="56" name="В Риге будет открыт прибалтийский участок транс-европейского велосипедного туристского маршрута «Железный занавес»"><tags><tag>url:http://ru.wikinews.org/w/index.php?title=В_Риге_будет_открыт_прибалтийский_участок_транс-европейского_велосипедного_туристского_маршрута_«Железный_занавес»&amp;oldid=28113</tag><tag>Автор:http://ru.wikinews.org/wiki/Участник:Velopilger</tag><tag>Дата:10/10</tag><tag>Тема:ВикиКатегория:Велосипедный туризм</tag><tag>Гео:ВикиКатегория:Латвия</tag><tag>Год:2009</tag></tags><paragraphs><paragraph id="10230"><sentence id="32175"><source>14 октября в Риге в присутствии министра окружающей среды Раймонда Вейониса, а также представителей ряда партий и общественности латвийской столицы будет торжественно открыт прибалтийский участок транс-европейского велосипедного туристского маршрута «Железный занавес».</source><tokens><token id="575740" text="14"><tfr rev_id="2461205" t="14"><v><l id="0" t="14"><g v="NUMB"></g></l></v></tfr></token><token id="575741" text="октября"><tfr rev_id="1408820" t="октября"><v><l id="205725" t="октябрь"><g v="NOUN"></g><g v="inan"></g><g v="masc"></g><g v="sing"></g><g v="gent"></g></l></v></tfr></token><token id="575742" text="в"><tfr rev_id="1408821" t="в"><v><l id="37409" t="в"><g v="PREP"></g></l></v></tfr></token><token id="575743" text="Риге"><tfr rev_id="4505695" t="Риге"><v><l id="307586" t="рига"><g v="NOUN"></g><g v="inan"></g><g v="femn"></g><g v="Sgtm"></g><g v="Geox"></g><g v="sing"></g><g v="loct"></g></l></v></tfr></token><token id="575744" text="в"><tfr rev_id="1408823" t="в"><v><l id="37409" t="в"><g v="PREP"></g></l></v></tfr></token><token id="575745" text="присутствии"><tfr rev_id="1408824" t="присутствии"><v><l id="275035" t="присутствие"><g v="NOUN"></g><g v="inan"></g><g v="neut"></g><g v="sing"></g><g v="loct"></g></l></v></tfr></token><token id="575746" text="министра"><tfr rev_id="4216749" t="министра"><v><l id="160614" t="министр"><g v="NOUN"></g><g v="anim"></g><g v="masc"></g><g v="sing"></g><g v="gent"></g></l></v></tfr></token><token id="575747" text="окружающей"><tfr rev_id="4331195" t="окружающей"><v><l id="205521" t="окружающий"><g v="PRTF"></g><g v="impf"></g><g v="tran"></g><g v="pres"></g><g v="actv"></g><g v="femn"></g><g v="sing"></g><g v="gent"></g></l></v><v><l id="205521" t="окружающий"><g v="PRTF"></g><g v="impf"></g><g v="tran"></g><g v="pres"></g><g v="actv"></g><g v="femn"></g><g v="sing"></g><g v="datv"></g></l></v><v><l id="205521" t="окружающий"><g v="PRTF"></g><g v="impf"></g><g v="tran"></g><g v="pres"></g><g v="actv"></g><g v="femn"></g><g v="sing"></g><g v="ablt"></g></l></v><v><l id="205521" t="окружающий"><g v="PRTF"></g><g v="impf"></g><g v="tran"></g><g v="pres"></g><g v="actv"></g><g v="femn"></g><g v="sing"></g><g v="loct"></g></l></v><v><l id="205533" t="окружающий"><g v="ADJF"></g><g v="femn"></g><g v="sing"></g><g v="gent"></g></l></v><v><l id="205533" t="окружающий"><g v="ADJF"></g><g v="femn"></g><g v="sing"></g><g v="datv"></g></l></v><v><l id="205533" t="окружающий"><g v="ADJF"></g><g v="femn"></g><g v="sing"></g><g v="ablt"></g></l></v><v><l id="205533" t="окружающий"><g v="ADJF"></g><g v="femn"></g><g v="sing"></g><g v="loct"></g></l></v></tfr></token><token id="575748" text="среды"><tfr rev_id="3490593" t="среды"><v><l id="333471" t="среда"><g v="NOUN"></g><g v="inan"></g><g v="femn"></g><g v="sing"></g><g v="gent"></g></l></v></tfr></token><token id="575749" text="Раймонда"><tfr rev_id="4395783" t="Раймонда"><v><l id="297560" t="раймонд"><g v="NOUN"></g><g v="anim"></g><g v="masc"></g><g v="Name"></g><g v="sing"></g><g v="gent"></g></l></v></tfr></token><token id="575750" text="Вейониса"><tfr rev_id="1408829" t="Вейониса"><v><l id="0" t="вейониса"><g v="UNKN"></g></l></v></tfr></token><token id="575751" text=","><tfr rev_id="1408830" t=","><v><l id="0" t=","><g v="PNCT"></g></l></v></tfr></token><token id="575752" text="а"><tfr rev_id="1408831" t="а"><v><l id="51" t="а"><g v="CONJ"></g></l></v><v><l id="52" t="а"><g v="INTJ"></g></l></v><v><l id="53" t="а"><g v="PRCL"></g></l></v></tfr></token><token id="575753" text="также"><tfr rev_id="4267680" t="также"><v><l id="342482" t="также"><g v="PRCL"></g></l></v></tfr></token><token id="575754" text="представителей"><tfr rev_id="3945099" t="представителей"><v><l id="267083" t="представитель"><g v="NOUN"></g><g v="anim"></g><g v="masc"></g><g v="plur"></g><g v="gent"></g></l></v></tfr></token><token id="575755" text="ряда"><tfr rev_id="1408834" t="ряда"><v><l id="311045" t="ряд"><g v="NOUN"></g><g v="inan"></g><g v="masc"></g><g v="sing"></g><g v="gent"></g></l></v></tfr></token><token id="575756" text="партий"><tfr rev_id="1408835" t="партий"><v><l id="224431" t="партия"><g v="NOUN"></g><g v="inan"></g><g v="femn"></g><g v="plur"></g><g v="gent"></g></l></v></tfr></token><token id="575757" text="и"><tfr rev_id="1408836" t="и"><v><l id="116949" t="и"><g v="CONJ"></g></l></v><v><l id="116950" t="и"><g v="INTJ"></g></l></v></tfr></token><token id="575758" text="общественности"><tfr rev_id="3947485" t="общественности"><v><l id="201611" t="общественность"><g v="NOUN"></g><g v="inan"></g><g v="femn"></g><g v="sing"></g><g v="gent"></g></l></v></tfr></token><token id="575759" text="латвийской"><tfr rev_id="4170825" t="латвийской"><v><l id="147063" t="латвийский"><g v="ADJF"></g><g v="femn"></g><g v="sing"></g><g v="gent"></g></l></v></tfr></token><token id="575760" text="столицы"><tfr rev_id="3501172" t="столицы"><v><l id="336588" t="столица"><g v="NOUN"></g><g v="inan"></g><g v="femn"></g><g v="sing"></g><g v="gent"></g></l></v></tfr></token><token id="575761" text="будет"><tfr rev_id="1408840" t="будет"><v><l id="37265" t="есть"><g v="VERB"></g><g v="impf"></g><g v="intr"></g><g v="sing"></g><g v="3per"></g><g v="futr"></g><g v="indc"></g></l></v></tfr></token><token id="575762" text="торжественно"><tfr rev_id="4239256" t="торжественно"><v><l id="348066" t="торжественно"><g v="ADVB"></g></l></v></tfr></token><token id="575763" text="открыт"><tfr rev_id="1408842" t="открыт"><v><l id="214752" t="открыт"><g v="ADJS"></g><g v="Qual"></g><g v="masc"></g><g v="sing"></g></l></v><v><l id="214758" t="открыт"><g v="PRTS"></g><g v="perf"></g><g v="past"></g><g v="pssv"></g><g v="masc"></g><g v="sing"></g></l></v></tfr></token><token id="575764" text="прибалтийский"><tfr rev_id="1408843" t="прибалтийский"><v><l id="268706" t="прибалтийский"><g v="ADJF"></g><g v="masc"></g><g v="sing"></g><g v="nomn"></g></l></v><v><l id="268706" t="прибалтийский"><g v="ADJF"></g><g v="inan"></g><g v="masc"></g><g v="sing"></g><g v="accs"></g></l></v></tfr></token><token id="575765" text="участок"><tfr rev_id="3467402" t="участок"><v><l id="363153" t="участок"><g v="NOUN"></g><g v="inan"></g><g v="masc"></g><g v="sing"></g><g v="nomn"></g></l></v></tfr></token><token id="575766" text="транс-европейского"><tfr rev_id="4557721" t="транс-европейского"><v><l id="393595" t="транс-европейский"><g v="ADJF"></g><g v="Erro"></g><g v="anim"></g><g v="masc"></g><g v="sing"></g><g v="accs"></g></l></v><v><l id="393595" t="транс-европейский"><g v="ADJF"></g><g v="Erro"></g><g v="masc"></g><g v="sing"></g><g v="gent"></g></l></v><v><l id="393595" t="транс-европейский"><g v="ADJF"></g><g v="Erro"></g><g v="neut"></g><g v="sing"></g><g v="gent"></g></l></v></tfr></token><token id="575767" text="велосипедного"><tfr rev_id="3431201" t="велосипедного"><v><l id="40796" t="велосипедный"><g v="ADJF"></g><g v="masc"></g><g v="sing"></g><g v="gent"></g></l></v><v><l id="40796" t="велосипедный"><g v="ADJF"></g><g v="anim"></g><g v="masc"></g><g v="sing"></g><g v="accs"></g></l></v></tfr></token><token id="575768" text="туристского"><tfr rev_id="3430939" t="туристского"><v><l id="351778" t="туристский"><g v="ADJF"></g><g v="masc"></g><g v="sing"></g><g v="gent"></g></l></v><v><l id="351778" t="туристский"><g v="ADJF"></g><g v="anim"></g><g v="masc"></g><g v="sing"></g><g v="accs"></g></l></v></tfr></token><token id="575769" text="маршрута"><tfr rev_id="1408848" t="маршрута"><v><l id="155676" t="маршрут"><g v="NOUN"></g><g v="inan"></g><g v="masc"></g><g v="sing"></g><g v="gent"></g></l></v></tfr></token><token id="575770" text="«"><tfr rev_id="2442663" t="«"><v><l id="0" t="«"><g v="PNCT"></g></l></v></tfr></token><token id="575771" text="Железный"><tfr rev_id="1408850" t="Железный"><v><l id="96343" t="железный"><g v="ADJF"></g><g v="Qual"></g><g v="masc"></g><g v="sing"></g><g v="nomn"></g></l></v><v><l id="96343" t="железный"><g v="ADJF"></g><g v="Qual"></g><g v="inan"></g><g v="masc"></g><g v="sing"></g><g v="accs"></g></l></v></tfr></token><token id="575772" text="занавес"><tfr rev_id="1408851" t="занавес"><v><l id="106259" t="занавес"><g v="NOUN"></g><g v="inan"></g><g v="masc"></g><g v="sing"></g><g v="nomn"></g></l></v><v><l id="106259" t="занавес"><g v="NOUN"></g><g v="inan"></g><g v="masc"></g><g v="sing"></g><g v="accs"></g></l></v></tfr></token><token id="575773" text="»"><tfr rev_id="2442664" t="»"><v><l id="0" t="»"><g v="PNCT"></g></l></v></tfr></token><token id="575774" text="."><tfr rev_id="1408853" t="."><v><l id="0" t="."><g v="PNCT"></g></l></v></tfr></token></tokens></sentence></paragraph><paragraph id="10231"><sentence id="32176"><source>На мероприятие от Евросоюза официально приглашён организатор и вдохновитель проекта, евродепутат от Германии Михаэль Крамер.</source><tokens><token id="575775" text="На"><tfr rev_id="3344294" t="На"><v><l id="166264" t="на"><g v="PREP"></g></l></v></tfr></token><token id="575776" text="мероприятие"><tfr rev_id="4212711" t="мероприятие"><v><l id="158644" t="мероприятие"><g v="NOUN"></g><g v="inan"></g><g v="neut"></g><g v="sing"></g><g v="accs"></g></l></v></tfr></token><token id="575777" text="от"><tfr rev_id="1408856" t="от"><v><l id="211644" t="от"><g v="PREP"></g></l></v></tfr></token><token id="575778" text="Евросоюза"><tfr rev_id="1408857" t="Евросоюза"><v><l id="94049" t="евросоюз"><g v="NOUN"></g><g v="inan"></g><g v="masc"></g><g v="Geox"></g><g v="sing"></g><g v="gent"></g></l></v></tfr></token><token id="575779" text="официально"><tfr rev_id="1408858" t="официально"><v><l id="220937" t="официально"><g v="ADVB"></g></l></v><v><l id="220941" t="официален"><g v="ADJS"></g><g v="neut"></g><g v="sing"></g></l></v></tfr></token><token id="575780" text="приглашён"><tfr rev_id="1408859" t="приглашён"><v><l id="269729" t="приглашён"><g v="PRTS"></g><g v="perf"></g><g v="past"></g><g v="pssv"></g><g v="masc"></g><g v="sing"></g></l></v></tfr></token><token id="575781" text="организатор"><tfr rev_id="1408860" t="организатор"><v><l id="208741" t="организатор"><g v="NOUN"></g><g v="anim"></g><g v="masc"></g><g v="sing"></g><g v="nomn"></g></l></v></tfr></token><token id="575782" text="и"><tfr rev_id="1408861" t="и"><v><l id="116949" t="и"><g v="CONJ"></g></l></v><v><l id="116950" t="и"><g v="INTJ"></g></l></v></tfr></token><token id="575783" text="вдохновитель"><tfr rev_id="1408862" t="вдохновитель"><v><l id="40160" t="вдохновитель"><g v="NOUN"></g><g v="anim"></g><g v="masc"></g><g v="sing"></g><g v="nomn"></g></l></v></tfr></token><token id="575784" text="проекта"><tfr rev_id="1408863" t="проекта"><v><l id="279545" t="проект"><g v="NOUN"></g><g v="inan"></g><g v="masc"></g><g v="sing"></g><g v="gent"></g></l></v></tfr></token><token id="575785" text=","><tfr rev_id="1408864" t=","><v><l id="0" t=","><g v="PNCT"></g></l></v></tfr></token><token id="575786" text="евродепутат"><tfr rev_id="1408865" t="евродепутат"><v><l id="0" t="евродепутат"><g v="UNKN"></g></l></v></tfr></token><token id="575787" text="от"><tfr rev_id="1408866" t="от"><v><l id="211644" t="от"><g v="PREP"></g></l></v></tfr></token><token id="575788" text="Германии"><tfr rev_id="3887847" t="Германии"><v><l id="69099" t="германия"><g v="NOUN"></g><g v="inan"></g><g v="femn"></g><g v="Sgtm"></g><g v="Geox"></g><g v="sing"></g><g v="gent"></g></l></v></tfr></token><token id="575789" text="Михаэль"><tfr rev_id="1408868" t="Михаэль"><v><l id="161244" t="михаэль"><g v="NOUN"></g><g v="anim"></g><g v="masc"></g><g v="Name"></g><g v="sing"></g><g v="nomn"></g></l></v></tfr></token><token id="575790" text="Крамер"><tfr rev_id="3886803" t="Крамер"><v><l id="141548" t="крамер"><g v="NOUN"></g><g v="anim"></g><g v="masc"></g><g v="Sgtm"></g><g v="Surn"></g><g v="sing"></g><g v="nomn"></g></l></v></tfr></token><token id="575791" text="."><tfr rev_id="1408870" t="."><v><l id="0" t="."><g v="PNCT"></g></l></v></tfr></token></tokens></sentence><sentence id="32177"><source>Он предолжил идею супер-веломаршрута ещё в 2005 году, но только сейчас, с помощью Европарламента, она начинает осуществляться.</source><tokens><token id="575792" text="Он"><tfr rev_id="3575504" t="Он"><v><l id="206541" t="он"><g v="NPRO"></g><g v="masc"></g><g v="3per"></g><g v="Anph"></g><g v="sing"></g><g v="nomn"></g></l></v></tfr></token><token id="575793" text="предолжил"><tfr rev_id="1408872" t="предолжил"><v><l id="0" t="предолжил"><g v="UNKN"></g></l></v></tfr></token><token id="575794" text="идею"><tfr rev_id="1408873" t="идею"><v><l id="117499" t="идея"><g v="NOUN"></g><g v="inan"></g><g v="femn"></g><g v="sing"></g><g v="accs"></g></l></v></tfr></token><token id="575795" text="супер-веломаршрута"><tfr rev_id="4557730" t="супер-веломаршрута"><v><l id="393614" t="супер-веломаршрут"><g v="NOUN"></g><g v="inan"></g><g v="masc"></g><g v="Erro"></g><g v="sing"></g><g v="gent"></g></l></v></tfr></token><token id="575796" text="ещё"><tfr rev_id="1408875" t="ещё"><v><l id="95551" t="ещё"><g v="PRCL"></g></l></v><v><l id="95552" t="ещё"><g v="ADVB"></g></l></v></tfr></token><token id="575797" text="в"><tfr rev_id="1408876" t="в"><v><l id="37409" t="в"><g v="PREP"></g></l></v></tfr></token><token id="575798" text="2005"><tfr rev_id="2461206" t="2005"><v><l id="0" t="2005"><g v="NUMB"></g></l></v></tfr></token><token id="575799" text="году"><tfr rev_id="2850309" t="году"><v><l id="72149" t="год"><g v="NOUN"></g><g v="inan"></g><g v="masc"></g><g v="sing"></g><g v="loc2"></g></l></v></tfr></token><token id="575800" text=","><tfr rev_id="1408879" t=","><v><l id="0" t=","><g v="PNCT"></g></l></v></tfr></token><token id="575801" text="но"><tfr rev_id="1408880" t="но"><v><l id="191429" t="но"><g v="CONJ"></g></l></v><v><l id="191430" t="но"><g v="INTJ"></g></l></v></tfr></token><token id="575802" text="только"><tfr rev_id="3784026" t="только"><v><l id="347395" t="только"><g v="CONJ"></g></l></v><v><l id="347396" t="только"><g v="PRCL"></g></l></v><v><l id="390053" t="только"><g v="ADVB"></g></l></v></tfr></token><token id="575803" text="сейчас"><tfr rev_id="1408882" t="сейчас"><v><l id="317975" t="сейчас"><g v="ADVB"></g></l></v></tfr></token><token id="575804" text=","><tfr rev_id="1408883" t=","><v><l id="0" t=","><g v="PNCT"></g></l></v></tfr></token><token id="575805" text="с"><tfr rev_id="1408884" t="с"><v><l id="311151" t="с"><g v="PREP"></g></l></v></tfr></token><token id="575806" text="помощью"><tfr rev_id="1408885" t="помощью"><v><l id="257960" t="помощь"><g v="NOUN"></g><g v="inan"></g><g v="femn"></g><g v="sing"></g><g v="ablt"></g></l></v></tfr></token><token id="575807" text="Европарламента"><tfr rev_id="4566599" t="Европарламента"><v><l id="393863" t="европарламент"><g v="NOUN"></g><g v="inan"></g><g v="masc"></g><g v="Orgn"></g><g v="sing"></g><g v="gent"></g></l></v></tfr></token><token id="575808" text=","><tfr rev_id="1408887" t=","><v><l id="0" t=","><g v="PNCT"></g></l></v></tfr></token><token id="575809" text="она"><tfr rev_id="3586439" t="она"><v><l id="206544" t="она"><g v="NPRO"></g><g v="femn"></g><g v="3per"></g><g v="Anph"></g><g v="sing"></g><g v="nomn"></g></l></v></tfr></token><token id="575810" text="начинает"><tfr rev_id="1408889" t="начинает"><v><l id="178340" t="начинаю"><g v="VERB"></g><g v="impf"></g><g v="tran"></g><g v="sing"></g><g v="3per"></g><g v="pres"></g><g v="indc"></g></l></v></tfr></token><token id="575811" text="осуществляться"><tfr rev_id="1408890" t="осуществляться"><v><l id="211547" t="осуществляться"><g v="INFN"></g><g v="impf"></g><g v="intr"></g></l></v></tfr></token><token id="575812" text="."><tfr rev_id="1408891" t="."><v><l id="0" t="."><g v="PNCT"></g></l></v></tfr></token></tokens></sentence></paragraph><paragraph id="10232"><sentence id="32178"><source>Маршрут протяжённостью около 7 тысяч километров проходит по тем районам, где в годы холодной войны стыковались два соперничающих военных объединения: стран Варшавского договора и НАТО.</source><tokens><token id="575813" text="Маршрут"><tfr rev_id="4096301" t="Маршрут"><v><l id="155676" t="маршрут"><g v="NOUN"></g><g v="inan"></g><g v="masc"></g><g v="sing"></g><g v="nomn"></g></l></v></tfr></token><token id="575814" text="протяжённостью"><tfr rev_id="1408893" t="протяжённостью"><v><l id="286782" t="протяжённость"><g v="NOUN"></g><g v="inan"></g><g v="femn"></g><g v="sing"></g><g v="ablt"></g></l></v></tfr></token><token id="575815" text="около"><tfr rev_id="4456241" t="около"><v><l id="205005" t="около"><g v="PREP"></g></l></v></tfr></token><token id="575816" text="7"><tfr rev_id="2461207" t="7"><v><l id="0" t="7"><g v="NUMB"></g></l></v></tfr></token><token id="575817" text="тысяч"><tfr rev_id="1408896" t="тысяч"><v><l id="352230" t="тысяча"><g v="NOUN"></g><g v="inan"></g><g v="femn"></g><g v="plur"></g><g v="gent"></g></l></v></tfr></token><token id="575818" text="километров"><tfr rev_id="3463389" t="километров"><v><l id="132850" t="километр"><g v="NOUN"></g><g v="inan"></g><g v="masc"></g><g v="plur"></g><g v="gent"></g></l></v></tfr></token><token id="575819" text="проходит"><tfr rev_id="1408898" t="проходит"><v><l id="287183" t="прохожу"><g v="VERB"></g><g v="impf"></g><g v="tran"></g><g v="sing"></g><g v="3per"></g><g v="pres"></g><g v="indc"></g></l></v><v><l id="287190" t="проходил"><g v="VERB"></g><g v="perf"></g><g v="intr"></g><g v="sing"></g><g v="3per"></g><g v="futr"></g><g v="indc"></g></l></v></tfr></token><token id="575820" text="по"><tfr rev_id="1408899" t="по"><v><l id="241240" t="по"><g v="PREP"></g></l></v></tfr></token><token id="575821" text="тем"><tfr rev_id="4502149" t="тем"><v><l id="348430" t="тот"><g v="ADJF"></g><g v="Subx"></g><g v="Apro"></g><g v="Anph"></g><g v="plur"></g><g v="datv"></g></l></v></tfr></token><token id="575822" text="районам"><tfr rev_id="1408901" t="районам"><v><l id="297595" t="район"><g v="NOUN"></g><g v="inan"></g><g v="masc"></g><g v="plur"></g><g v="datv"></g></l></v></tfr></token><token id="575823" text=","><tfr rev_id="1408902" t=","><v><l id="0" t=","><g v="PNCT"></g></l></v></tfr></token><token id="575824" text="где"><tfr rev_id="2636437" t="где"><v><l id="67984" t="где"><g v="ADVB"></g><g v="Ques"></g></l></v><v><l id="388669" t="где"><g v="CONJ"></g></l></v></tfr></token><token id="575825" text="в"><tfr rev_id="1408904" t="в"><v><l id="37409" t="в"><g v="PREP"></g></l></v></tfr></token><token id="575826" text="годы"><tfr rev_id="3727229" t="годы"><v><l id="72149" t="год"><g v="NOUN"></g><g v="inan"></g><g v="masc"></g><g v="plur"></g><g v="accs"></g></l></v></tfr></token><token id="575827" text="холодной"><tfr rev_id="4417425" t="холодной"><v><l id="371377" t="холодный"><g v="ADJF"></g><g v="Qual"></g><g v="femn"></g><g v="sing"></g><g v="gent"></g></l></v></tfr></token><token id="575828" text="войны"><tfr rev_id="3439793" t="войны"><v><l id="49721" t="война"><g v="NOUN"></g><g v="inan"></g><g v="femn"></g><g v="sing"></g><g v="gent"></g></l></v></tfr></token><token id="575829" text="стыковались"><tfr rev_id="1408908" t="стыковались"><v><l id="338424" t="стыкуюсь"><g v="VERB"></g><g v="impf"></g><g v="intr"></g><g v="plur"></g><g v="past"></g><g v="indc"></g></l></v></tfr></token><token id="575830" text="два"><tfr rev_id="4450413" t="два"><v><l id="78668" t="два"><g v="NUMR"></g><g v="masc"></g><g v="nomn"></g></l></v><v><l id="78668" t="два"><g v="NUMR"></g><g v="inan"></g><g v="masc"></g><g v="accs"></g></l></v><v><l id="78668" t="два"><g v="NUMR"></g><g v="neut"></g><g v="nomn"></g></l></v><v><l id="78668" t="два"><g v="NUMR"></g><g v="inan"></g><g v="neut"></g><g v="accs"></g></l></v></tfr></token><token id="575831" text="соперничающих"><tfr rev_id="4427145" t="соперничающих"><v><l id="329694" t="соперничающий"><g v="PRTF"></g><g v="impf"></g><g v="intr"></g><g v="pres"></g><g v="actv"></g><g v="plur"></g><g v="gent"></g></l></v></tfr></token><token id="575832" text="военных"><tfr rev_id="4494227" t="военных"><v><l id="48619" t="военный"><g v="ADJF"></g><g v="plur"></g><g v="gent"></g></l></v></tfr></token><token id="575833" text="объединения"><tfr rev_id="2721936" t="объединения"><v><l id="201751" t="объединение"><g v="NOUN"></g><g v="inan"></g><g v="neut"></g><g v="sing"></g><g v="gent"></g></l></v></tfr></token><token id="575834" text=":"><tfr rev_id="1408913" t=":"><v><l id="0" t=":"><g v="PNCT"></g></l></v></tfr></token><token id="575835" text="стран"><tfr rev_id="1408914" t="стран"><v><l id="337100" t="страна"><g v="NOUN"></g><g v="inan"></g><g v="femn"></g><g v="plur"></g><g v="gent"></g></l></v></tfr></token><token id="575836" text="Варшавского"><tfr rev_id="3448808" t="Варшавского"><v><l id="38920" t="варшавский"><g v="ADJF"></g><g v="masc"></g><g v="sing"></g><g v="gent"></g></l></v><v><l id="38920" t="варшавский"><g v="ADJF"></g><g v="anim"></g><g v="masc"></g><g v="sing"></g><g v="accs"></g></l></v></tfr></token><token id="575837" text="договора"><tfr rev_id="3482398" t="договора"><v><l id="86267" t="договор"><g v="NOUN"></g><g v="inan"></g><g v="masc"></g><g v="sing"></g><g v="gent"></g></l></v></tfr></token><token id="575838" text="и"><tfr rev_id="3486512" t="и"><v><l id="116949" t="и"><g v="CONJ"></g></l></v></tfr></token><token id="575839" text="НАТО"><tfr rev_id="4171309" t="НАТО"><v><l id="176969" t="нато"><g v="NOUN"></g><g v="inan"></g><g v="femn"></g><g v="Sgtm"></g><g v="Fixd"></g><g v="Abbr"></g><g v="Orgn"></g><g v="sing"></g><g v="gent"></g></l></v></tfr></token><token id="575840" text="."><tfr rev_id="1408919" t="."><v><l id="0" t="."><g v="PNCT"></g></l></v></tfr></token></tokens></sentence><sentence id="32179"><source>После победы демократий в Центральной и Восточной Европе были предприняты шаги к уничтожению утратившей необходимость фундаментальной границы и только в последние годы в Европе спохватились, поняв, что уничтожать колючую проволоку вовсе не обязательно, гораздо полезнее превратить её в туристскую достопримечательность.</source><tokens><token id="575841" text="После"><tfr rev_id="4455871" t="После"><v><l id="261542" t="после"><g v="PREP"></g></l></v></tfr></token><token id="575842" text="победы"><tfr rev_id="3490330" t="победы"><v><l id="241476" t="победа"><g v="NOUN"></g><g v="inan"></g><g v="femn"></g><g v="sing"></g><g v="gent"></g></l></v></tfr></token><token id="575843" text="демократий"><tfr rev_id="1408922" t="демократий"><v><l id="80998" t="демократия"><g v="NOUN"></g><g v="inan"></g><g v="femn"></g><g v="plur"></g><g v="gent"></g></l></v></tfr></token><token id="575844" text="в"><tfr rev_id="1408923" t="в"><v><l id="37409" t="в"><g v="PREP"></g></l></v></tfr></token><token id="575845" text="Центральной"><tfr rev_id="2637211" t="Центральной"><v><l id="373429" t="центральный"><g v="ADJF"></g><g v="femn"></g><g v="sing"></g><g v="loct"></g></l></v></tfr></token><token id="575846" text="и"><tfr rev_id="1408925" t="и"><v><l id="116949" t="и"><g v="CONJ"></g></l></v><v><l id="116950" t="и"><g v="INTJ"></g></l></v></tfr></token><token id="575847" text="Восточной"><tfr rev_id="4166689" t="Восточной"><v><l id="51983" t="восточный"><g v="ADJF"></g><g v="Qual"></g><g v="femn"></g><g v="sing"></g><g v="loct"></g></l></v></tfr></token><token id="575848" text="Европе"><tfr rev_id="3541187" t="Европе"><v><l id="94019" t="европа"><g v="NOUN"></g><g v="inan"></g><g v="femn"></g><g v="Sgtm"></g><g v="Geox"></g><g v="sing"></g><g v="loct"></g></l></v></tfr></token><token id="575849" text="были"><tfr rev_id="1714422" t="были"><v><l id="37265" t="есть"><g v="VERB"></g><g v="impf"></g><g v="intr"></g><g v="plur"></g><g v="past"></g><g v="indc"></g></l></v></tfr></token><token id="575850" text="предприняты"><tfr rev_id="1408929" t="предприняты"><v><l id="266918" t="предпринят"><g v="PRTS"></g><g v="perf"></g><g v="past"></g><g v="pssv"></g><g v="plur"></g></l></v></tfr></token><token id="575851" text="шаги"><tfr rev_id="3751377" t="шаги"><v><l id="377653" t="шаг"><g v="NOUN"></g><g v="inan"></g><g v="masc"></g><g v="plur"></g><g v="nomn"></g></l></v></tfr></token><token id="575852" text="к"><tfr rev_id="1408931" t="к"><v><l id="127460" t="к"><g v="PREP"></g></l></v></tfr></token><token id="575853" text="уничтожению"><tfr rev_id="1408932" t="уничтожению"><v><l id="358447" t="уничтожение"><g v="NOUN"></g><g v="inan"></g><g v="neut"></g><g v="sing"></g><g v="datv"></g></l></v></tfr></token><token id="575854" text="утратившей"><tfr rev_id="3445816" t="утратившей"><v><l id="362410" t="утративший"><g v="PRTF"></g><g v="perf"></g><g v="tran"></g><g v="past"></g><g v="actv"></g><g v="femn"></g><g v="sing"></g><g v="gent"></g></l></v></tfr></token><token id="575855" text="необходимость"><tfr rev_id="4099196" t="необходимость"><v><l id="184807" t="необходимость"><g v="NOUN"></g><g v="inan"></g><g v="femn"></g><g v="sing"></g><g v="accs"></g></l></v></tfr></token><token id="575856" text="фундаментальной"><tfr rev_id="2925095" t="фундаментальной"><v><l id="368633" t="фундаментальный"><g v="ADJF"></g><g v="Qual"></g><g v="femn"></g><g v="sing"></g><g v="gent"></g></l></v></tfr></token><token id="575857" text="границы"><tfr rev_id="4098384" t="границы"><v><l id="74687" t="граница"><g v="NOUN"></g><g v="inan"></g><g v="femn"></g><g v="sing"></g><g v="gent"></g></l></v></tfr></token><token id="575858" text="и"><tfr rev_id="1408937" t="и"><v><l id="116949" t="и"><g v="CONJ"></g></l></v><v><l id="116950" t="и"><g v="INTJ"></g></l></v></tfr></token><token id="575859" text="только"><tfr rev_id="3784027" t="только"><v><l id="347395" t="только"><g v="CONJ"></g></l></v><v><l id="347396" t="только"><g v="PRCL"></g></l></v><v><l id="390053" t="только"><g v="ADVB"></g></l></v></tfr></token><token id="575860" text="в"><tfr rev_id="1408939" t="в"><v><l id="37409" t="в"><g v="PREP"></g></l></v></tfr></token><token id="575861" text="последние"><tfr rev_id="3748676" t="последние"><v><l id="261565" t="последний"><g v="ADJF"></g><g v="inan"></g><g v="plur"></g><g v="accs"></g></l></v></tfr></token><token id="575862" text="годы"><tfr rev_id="3757063" t="годы"><v><l id="72149" t="год"><g v="NOUN"></g><g v="inan"></g><g v="masc"></g><g v="plur"></g><g v="accs"></g></l></v></tfr></token><token id="575863" text="в"><tfr rev_id="1408942" t="в"><v><l id="37409" t="в"><g v="PREP"></g></l></v></tfr></token><token id="575864" text="Европе"><tfr rev_id="3447760" t="Европе"><v><l id="94019" t="европа"><g v="NOUN"></g><g v="inan"></g><g v="femn"></g><g v="Sgtm"></g><g v="Geox"></g><g v="sing"></g><g v="loct"></g></l></v></tfr></token><token id="575865" text="спохватились"><tfr rev_id="1408944" t="спохватились"><v><l id="332875" t="спохватился"><g v="VERB"></g><g v="perf"></g><g v="intr"></g><g v="plur"></g><g v="past"></g><g v="indc"></g></l></v></tfr></token><token id="575866" text=","><tfr rev_id="1408945" t=","><v><l id="0" t=","><g v="PNCT"></g></l></v></tfr></token><token id="575867" text="поняв"><tfr rev_id="1408946" t="поняв"><v><l id="258716" t="поняв"><g v="GRND"></g><g v="perf"></g><g v="tran"></g><g v="past"></g></l></v></tfr></token><token id="575868" text=","><tfr rev_id="1408947" t=","><v><l id="0" t=","><g v="PNCT"></g></l></v></tfr></token><token id="575869" text="что"><tfr rev_id="3196579" t="что"><v><l id="377004" t="что"><g v="CONJ"></g></l></v><v><l id="377005" t="что"><g v="NPRO"></g><g v="neut"></g><g v="sing"></g><g v="nomn"></g></l></v><v><l id="377005" t="что"><g v="NPRO"></g><g v="neut"></g><g v="sing"></g><g v="accs"></g></l></v><v><l id="377006" t="что"><g v="ADVB"></g><g v="Ques"></g></l></v><v><l id="388695" t="что"><g v="PRCL"></g></l></v></tfr></token><token id="575870" text="уничтожать"><tfr rev_id="1408949" t="уничтожать"><v><l id="358436" t="уничтожать"><g v="INFN"></g><g v="impf"></g><g v="tran"></g></l></v></tfr></token><token id="575871" text="колючую"><tfr rev_id="1408950" t="колючую"><v><l id="136672" t="колючий"><g v="ADJF"></g><g v="Qual"></g><g v="femn"></g><g v="sing"></g><g v="accs"></g></l></v></tfr></token><token id="575872" text="проволоку"><tfr rev_id="1715106" t="проволоку"><v><l id="278139" t="проволока"><g v="NOUN"></g><g v="inan"></g><g v="femn"></g><g v="sing"></g><g v="accs"></g></l></v></tfr></token><token id="575873" text="вовсе"><tfr rev_id="1408952" t="вовсе"><v><l id="47982" t="вовсе"><g v="ADVB"></g></l></v></tfr></token><token id="575874" text="не"><tfr rev_id="1408953" t="не"><v><l id="178876" t="не"><g v="PRCL"></g></l></v></tfr></token><token id="575875" text="обязательно"><tfr rev_id="3657056" t="обязательно"><v><l id="202085" t="обязательно"><g v="ADVB"></g><g v="Prdx"></g></l></v></tfr></token><token id="575876" text=","><tfr rev_id="1408955" t=","><v><l id="0" t=","><g v="PNCT"></g></l></v></tfr></token><token id="575877" text="гораздо"><tfr rev_id="1408956" t="гораздо"><v><l id="73047" t="горазд"><g v="ADJS"></g><g v="neut"></g><g v="sing"></g></l></v><v><l id="73048" t="гораздо"><g v="ADVB"></g></l></v></tfr></token><token id="575878" text="полезнее"><tfr rev_id="1408957" t="полезнее"><v><l id="255324" t="полезнее"><g v="COMP"></g><g v="Qual"></g></l></v></tfr></token><token id="575879" text="превратить"><tfr rev_id="1408958" t="превратить"><v><l id="266123" t="превратить"><g v="INFN"></g><g v="perf"></g><g v="tran"></g></l></v></tfr></token><token id="575880" text="её"><tfr rev_id="3588094" t="её"><v><l id="206544" t="она"><g v="NPRO"></g><g v="femn"></g><g v="3per"></g><g v="Anph"></g><g v="sing"></g><g v="gent"></g></l></v><v><l id="206544" t="она"><g v="NPRO"></g><g v="femn"></g><g v="3per"></g><g v="Anph"></g><g v="sing"></g><g v="accs"></g></l></v></tfr></token><token id="575881" text="в"><tfr rev_id="1408960" t="в"><v><l id="37409" t="в"><g v="PREP"></g></l></v></tfr></token><token id="575882" text="туристскую"><tfr rev_id="1408961" t="туристскую"><v><l id="351778" t="туристский"><g v="ADJF"></g><g v="femn"></g><g v="sing"></g><g v="accs"></g></l></v></tfr></token><token id="575883" text="достопримечательность"><tfr rev_id="4101497" t="достопримечательность"><v><l id="90594" t="достопримечательность"><g v="NOUN"></g><g v="inan"></g><g v="femn"></g><g v="sing"></g><g v="accs"></g></l></v></tfr></token><token id="575884" text="."><tfr rev_id="1408963" t="."><v><l id="0" t="."><g v="PNCT"></g></l></v></tfr></token></tokens></sentence></paragraph><paragraph id="10233"><sentence id="32180"><source>Так, в 2002 году возникла идея о создании «Зелёного пояса», а чуть позже и о суперконтинентальном веломаршруте.</source><tokens><token id="575885" text="Так"><tfr rev_id="1408964" t="Так"><v><l id="342451" t="так"><g v="CONJ"></g></l></v><v><l id="342452" t="так"><g v="PRCL"></g></l></v><v><l id="342453" t="так"><g v="ADVB"></g><g v="Dmns"></g></l></v></tfr></token><token id="575886" text=","><tfr rev_id="1408965" t=","><v><l id="0" t=","><g v="PNCT"></g></l></v></tfr></token><token id="575887" text="в"><tfr rev_id="1408966" t="в"><v><l id="37409" t="в"><g v="PREP"></g></l></v></tfr></token><token id="575888" text="2002"><tfr rev_id="2461208" t="2002"><v><l id="0" t="2002"><g v="NUMB"></g></l></v></tfr></token><token id="575889" text="году"><tfr rev_id="3045642" t="году"><v><l id="72149" t="год"><g v="NOUN"></g><g v="inan"></g><g v="masc"></g><g v="sing"></g><g v="loc2"></g></l></v></tfr></token><token id="575890" text="возникла"><tfr rev_id="1408969" t="возникла"><v><l id="49521" t="возник"><g v="VERB"></g><g v="perf"></g><g v="intr"></g><g v="femn"></g><g v="sing"></g><g v="past"></g><g v="indc"></g></l></v></tfr></token><token id="575891" text="идея"><tfr rev_id="1408970" t="идея"><v><l id="117499" t="идея"><g v="NOUN"></g><g v="inan"></g><g v="femn"></g><g v="sing"></g><g v="nomn"></g></l></v></tfr></token><token id="575892" text="о"><tfr rev_id="3230625" t="о"><v><l id="192977" t="о"><g v="PREP"></g></l></v></tfr></token><token id="575893" text="создании"><tfr rev_id="4571823" t="создании"><v><l id="328580" t="создание"><g v="NOUN"></g><g v="inan"></g><g v="neut"></g><g v="Inmx"></g><g v="sing"></g><g v="loct"></g></l></v></tfr></token><token id="575894" text="«"><tfr rev_id="2442665" t="«"><v><l id="0" t="«"><g v="PNCT"></g></l></v></tfr></token><token id="575895" text="Зелёного"><tfr rev_id="4415054" t="Зелёного"><v><l id="114879" t="зелёный"><g v="ADJF"></g><g v="Qual"></g><g v="masc"></g><g v="sing"></g><g v="gent"></g></l></v></tfr></token><token id="575896" text="пояса"><tfr rev_id="3445211" t="пояса"><v><l id="265530" t="пояс"><g v="NOUN"></g><g v="inan"></g><g v="masc"></g><g v="sing"></g><g v="gent"></g></l></v></tfr></token><token id="575897" text="»"><tfr rev_id="2442666" t="»"><v><l id="0" t="»"><g v="PNCT"></g></l></v></tfr></token><token id="575898" text=","><tfr rev_id="1408977" t=","><v><l id="0" t=","><g v="PNCT"></g></l></v></tfr></token><token id="575899" text="а"><tfr rev_id="1408978" t="а"><v><l id="51" t="а"><g v="CONJ"></g></l></v><v><l id="52" t="а"><g v="INTJ"></g></l></v><v><l id="53" t="а"><g v="PRCL"></g></l></v></tfr></token><token id="575900" text="чуть"><tfr rev_id="1408979" t="чуть"><v><l id="377430" t="чуть"><g v="ADVB"></g></l></v><v><l id="377431" t="чуть"><g v="CONJ"></g></l></v></tfr></token><token id="575901" text="позже"><tfr rev_id="1408980" t="позже"><v><l id="253491" t="позднее"><g v="COMP"></g><g v="Qual"></g></l></v></tfr></token><token id="575902" text="и"><tfr rev_id="1408981" t="и"><v><l id="116949" t="и"><g v="CONJ"></g></l></v><v><l id="116950" t="и"><g v="INTJ"></g></l></v></tfr></token><token id="575903" text="о"><tfr rev_id="3326021" t="о"><v><l id="192977" t="о"><g v="PREP"></g></l></v></tfr></token><token id="575904" text="суперконтинентальном"><tfr rev_id="1408983" t="суперконтинентальном"><v><l id="0" t="суперконтинентальном"><g v="UNKN"></g></l></v></tfr></token><token id="575905" text="веломаршруте"><tfr rev_id="4557862" t="веломаршруте"><v><l id="393613" t="веломаршрут"><g v="NOUN"></g><g v="inan"></g><g v="masc"></g><g v="sing"></g><g v="loct"></g></l></v></tfr></token><token id="575906" text="."><tfr rev_id="1408985" t="."><v><l id="0" t="."><g v="PNCT"></g></l></v></tfr></token></tokens></sentence><sentence id="32181"><source>Уже частично изданы путеводители (один из них будет презентован 14 октября в Риге) и маршрут маркируется едиными знаками во всех странах Евросоюза.</source><tokens><token id="575907" text="Уже"><tfr rev_id="2692668" t="Уже"><v><l id="355422" t="уж"><g v="NOUN"></g><g v="anim"></g><g v="masc"></g><g v="sing"></g><g v="loct"></g></l></v><v><l id="355498" t="уже"><g v="ADVB"></g></l></v><v><l id="355674" t="уже"><g v="COMP"></g><g v="Qual"></g></l></v><v><l id="388673" t="уже"><g v="PRCL"></g></l></v></tfr></token><token id="575908" text="частично"><tfr rev_id="1408987" t="частично"><v><l id="374768" t="частично"><g v="ADVB"></g></l></v><v><l id="374771" t="частичен"><g v="ADJS"></g><g v="Qual"></g><g v="neut"></g><g v="sing"></g></l></v></tfr></token><token id="575909" text="изданы"><tfr rev_id="1408988" t="изданы"><v><l id="118752" t="издан"><g v="PRTS"></g><g v="perf"></g><g v="past"></g><g v="pssv"></g><g v="plur"></g></l></v></tfr></token><token id="575910" text="путеводители"><tfr rev_id="3749604" t="путеводители"><v><l id="289524" t="путеводитель"><g v="NOUN"></g><g v="inan"></g><g v="masc"></g><g v="plur"></g><g v="nomn"></g></l></v></tfr></token><token id="575911" text="("><tfr rev_id="1408990" t="("><v><l id="0" t="("><g v="PNCT"></g></l></v></tfr></token><token id="575912" text="один"><tfr rev_id="4299639" t="один"><v><l id="203319" t="один"><g v="ADJF"></g><g v="Apro"></g><g v="Anum"></g><g v="masc"></g><g v="sing"></g><g v="nomn"></g></l></v><v><l id="203319" t="один"><g v="ADJF"></g><g v="Apro"></g><g v="Anum"></g><g v="inan"></g><g v="masc"></g><g v="sing"></g><g v="accs"></g></l></v></tfr></token><token id="575913" text="из"><tfr rev_id="2603051" t="из"><v><l id="117677" t="из"><g v="PREP"></g></l></v></tfr></token><token id="575914" text="них"><tfr rev_id="3697770" t="них"><v><l id="206619" t="они"><g v="NPRO"></g><g v="3per"></g><g v="Anph"></g><g v="plur"></g><g v="gent"></g><g v="Af-p"></g></l></v></tfr></token><token id="575915" text="будет"><tfr rev_id="1408994" t="будет"><v><l id="37265" t="есть"><g v="VERB"></g><g v="impf"></g><g v="intr"></g><g v="sing"></g><g v="3per"></g><g v="futr"></g><g v="indc"></g></l></v></tfr></token><token id="575916" text="презентован"><tfr rev_id="1408995" t="презентован"><v><l id="267441" t="презентован"><g v="PRTS"></g><g v="perf"></g><g v="past"></g><g v="pssv"></g><g v="masc"></g><g v="sing"></g></l></v><v><l id="267442" t="презентован"><g v="PRTS"></g><g v="impf"></g><g v="past"></g><g v="pssv"></g><g v="masc"></g><g v="sing"></g></l></v></tfr></token><token id="575917" text="14"><tfr rev_id="2461209" t="14"><v><l id="0" t="14"><g v="NUMB"></g></l></v></tfr></token><token id="575918" text="октября"><tfr rev_id="1408997" t="октября"><v><l id="205725" t="октябрь"><g v="NOUN"></g><g v="inan"></g><g v="masc"></g><g v="sing"></g><g v="gent"></g></l></v></tfr></token><token id="575919" text="в"><tfr rev_id="1408998" t="в"><v><l id="37409" t="в"><g v="PREP"></g></l></v></tfr></token><token id="575920" text="Риге"><tfr rev_id="4468124" t="Риге"><v><l id="307586" t="рига"><g v="NOUN"></g><g v="inan"></g><g v="femn"></g><g v="Sgtm"></g><g v="Geox"></g><g v="sing"></g><g v="loct"></g></l></v></tfr></token><token id="575921" text=")"><tfr rev_id="1409000" t=")"><v><l id="0" t=")"><g v="PNCT"></g></l></v></tfr></token><token id="575922" text="и"><tfr rev_id="3529744" t="и"><v><l id="116949" t="и"><g v="CONJ"></g></l></v></tfr></token><token id="575923" text="маршрут"><tfr rev_id="4101973" t="маршрут"><v><l id="155676" t="маршрут"><g v="NOUN"></g><g v="inan"></g><g v="masc"></g><g v="sing"></g><g v="nomn"></g></l></v></tfr></token><token id="575924" text="маркируется"><tfr rev_id="1409003" t="маркируется"><v><l id="0" t="маркируется"><g v="UNKN"></g></l></v></tfr></token><token id="575925" text="едиными"><tfr rev_id="1409004" t="едиными"><v><l id="94410" t="единый"><g v="ADJF"></g><g v="Qual"></g><g v="plur"></g><g v="ablt"></g></l></v></tfr></token><token id="575926" text="знаками"><tfr rev_id="1409005" t="знаками"><v><l id="115903" t="знак"><g v="NOUN"></g><g v="inan"></g><g v="masc"></g><g v="plur"></g><g v="ablt"></g></l></v></tfr></token><token id="575927" text="во"><tfr rev_id="2920212" t="во"><v><l id="37409" t="в"><g v="PREP"></g><g v="Vpre"></g></l></v></tfr></token><token id="575928" text="всех"><tfr rev_id="4572379" t="всех"><v><l id="42156" t="весь"><g v="ADJF"></g><g v="Subx"></g><g v="Apro"></g><g v="plur"></g><g v="loct"></g></l></v></tfr></token><token id="575929" text="странах"><tfr rev_id="1409008" t="странах"><v><l id="337100" t="страна"><g v="NOUN"></g><g v="inan"></g><g v="femn"></g><g v="plur"></g><g v="loct"></g></l></v></tfr></token><token id="575930" text="Евросоюза"><tfr rev_id="1409009" t="Евросоюза"><v><l id="94049" t="евросоюз"><g v="NOUN"></g><g v="inan"></g><g v="masc"></g><g v="Geox"></g><g v="sing"></g><g v="gent"></g></l></v></tfr></token><token id="575931" text="."><tfr rev_id="1409010" t="."><v><l id="0" t="."><g v="PNCT"></g></l></v></tfr></token></tokens></sentence></paragraph><paragraph id="10234"><sentence id="32182"><source>Велотуристы из России, Украины и Белоруссии также могут воспользоваться новым маршрутом и проехаться по самым привлекательным и красивым территориям Европы, благо, что за сохранение природного наследия в «Зелёном поясе Европы» взялись многие экологические организации.</source><tokens><token id="575932" text="Велотуристы"><tfr rev_id="1409011" t="Велотуристы"><v><l id="0" t="велотуристы"><g v="UNKN"></g></l></v></tfr></token><token id="575933" text="из"><tfr rev_id="1671206" t="из"><v><l id="117677" t="из"><g v="PREP"></g></l></v></tfr></token><token id="575934" text="России"><tfr rev_id="3454974" t="России"><v><l id="309322" t="россия"><g v="NOUN"></g><g v="inan"></g><g v="femn"></g><g v="Sgtm"></g><g v="Geox"></g><g v="sing"></g><g v="gent"></g></l></v></tfr></token><token id="575935" text=","><tfr rev_id="1409014" t=","><v><l id="0" t=","><g v="PNCT"></g></l></v></tfr></token><token id="575936" text="Украины"><tfr rev_id="1409015" t="Украины"><v><l id="356365" t="украина"><g v="NOUN"></g><g v="inan"></g><g v="femn"></g><g v="Sgtm"></g><g v="Geox"></g><g v="sing"></g><g v="gent"></g></l></v></tfr></token><token id="575937" text="и"><tfr rev_id="1409016" t="и"><v><l id="116949" t="и"><g v="CONJ"></g></l></v><v><l id="116950" t="и"><g v="INTJ"></g></l></v></tfr></token><token id="575938" text="Белоруссии"><tfr rev_id="3325588" t="Белоруссии"><v><l id="27216" t="белоруссия"><g v="NOUN"></g><g v="inan"></g><g v="femn"></g><g v="Sgtm"></g><g v="Geox"></g><g v="sing"></g><g v="gent"></g></l></v></tfr></token><token id="575939" text="также"><tfr rev_id="4267681" t="также"><v><l id="342482" t="также"><g v="PRCL"></g></l></v></tfr></token><token id="575940" text="могут"><tfr rev_id="1409019" t="могут"><v><l id="164485" t="могу"><g v="VERB"></g><g v="impf"></g><g v="intr"></g><g v="plur"></g><g v="3per"></g><g v="pres"></g><g v="indc"></g></l></v></tfr></token><token id="575941" text="воспользоваться"><tfr rev_id="1409020" t="воспользоваться"><v><l id="51625" t="воспользоваться"><g v="INFN"></g><g v="perf"></g><g v="intr"></g></l></v></tfr></token><token id="575942" text="новым"><tfr rev_id="4405338" t="новым"><v><l id="191918" t="новый"><g v="ADJF"></g><g v="Qual"></g><g v="masc"></g><g v="sing"></g><g v="ablt"></g></l></v></tfr></token><token id="575943" text="маршрутом"><tfr rev_id="1409022" t="маршрутом"><v><l id="155676" t="маршрут"><g v="NOUN"></g><g v="inan"></g><g v="masc"></g><g v="sing"></g><g v="ablt"></g></l></v></tfr></token><token id="575944" text="и"><tfr rev_id="1409023" t="и"><v><l id="116949" t="и"><g v="CONJ"></g></l></v><v><l id="116950" t="и"><g v="INTJ"></g></l></v></tfr></token><token id="575945" text="проехаться"><tfr rev_id="1409024" t="проехаться"><v><l id="279607" t="проехаться"><g v="INFN"></g><g v="perf"></g><g v="intr"></g></l></v></tfr></token><token id="575946" text="по"><tfr rev_id="1409025" t="по"><v><l id="241240" t="по"><g v="PREP"></g></l></v></tfr></token><token id="575947" text="самым"><tfr rev_id="3488915" t="самым"><v><l id="313174" t="самый"><g v="ADJF"></g><g v="Apro"></g><g v="plur"></g><g v="datv"></g></l></v></tfr></token><token id="575948" text="привлекательным"><tfr rev_id="3459309" t="привлекательным"><v><l id="269361" t="привлекательный"><g v="ADJF"></g><g v="Qual"></g><g v="plur"></g><g v="datv"></g></l></v></tfr></token><token id="575949" text="и"><tfr rev_id="3529899" t="и"><v><l id="116949" t="и"><g v="CONJ"></g></l></v></tfr></token><token id="575950" text="красивым"><tfr rev_id="3668274" t="красивым"><v><l id="141641" t="красивый"><g v="ADJF"></g><g v="Qual"></g><g v="plur"></g><g v="datv"></g></l></v></tfr></token><token id="575951" text="территориям"><tfr rev_id="1409030" t="территориям"><v><l id="345621" t="территория"><g v="NOUN"></g><g v="inan"></g><g v="femn"></g><g v="plur"></g><g v="datv"></g></l></v></tfr></token><token id="575952" text="Европы"><tfr rev_id="1409031" t="Европы"><v><l id="94019" t="европа"><g v="NOUN"></g><g v="inan"></g><g v="femn"></g><g v="Sgtm"></g><g v="Geox"></g><g v="sing"></g><g v="gent"></g></l></v></tfr></token><token id="575953" text=","><tfr rev_id="1409032" t=","><v><l id="0" t=","><g v="PNCT"></g></l></v></tfr></token><token id="575954" text="благо"><tfr rev_id="4320251" t="благо"><v><l id="30281" t="благо"><g v="CONJ"></g></l></v></tfr></token><token id="575955" text=","><tfr rev_id="1409034" t=","><v><l id="0" t=","><g v="PNCT"></g></l></v></tfr></token><token id="575956" text="что"><tfr rev_id="3196580" t="что"><v><l id="377004" t="что"><g v="CONJ"></g></l></v><v><l id="377005" t="что"><g v="NPRO"></g><g v="neut"></g><g v="sing"></g><g v="nomn"></g></l></v><v><l id="377005" t="что"><g v="NPRO"></g><g v="neut"></g><g v="sing"></g><g v="accs"></g></l></v><v><l id="377006" t="что"><g v="ADVB"></g><g v="Ques"></g></l></v><v><l id="388695" t="что"><g v="PRCL"></g></l></v></tfr></token><token id="575957" text="за"><tfr rev_id="1409036" t="за"><v><l id="98043" t="за"><g v="PREP"></g></l></v></tfr></token><token id="575958" text="сохранение"><tfr rev_id="3710413" t="сохранение"><v><l id="330987" t="сохранение"><g v="NOUN"></g><g v="inan"></g><g v="neut"></g><g v="sing"></g><g v="accs"></g></l></v></tfr></token><token id="575959" text="природного"><tfr rev_id="3531012" t="природного"><v><l id="273927" t="природный"><g v="ADJF"></g><g v="Qual"></g><g v="neut"></g><g v="sing"></g><g v="gent"></g></l></v></tfr></token><token id="575960" text="наследия"><tfr rev_id="3432582" t="наследия"><v><l id="175537" t="наследие"><g v="NOUN"></g><g v="inan"></g><g v="neut"></g><g v="sing"></g><g v="gent"></g></l></v></tfr></token><token id="575961" text="в"><tfr rev_id="1409040" t="в"><v><l id="37409" t="в"><g v="PREP"></g></l></v></tfr></token><token id="575962" text="«"><tfr rev_id="2442667" t="«"><v><l id="0" t="«"><g v="PNCT"></g></l></v></tfr></token><token id="575963" text="Зелёном"><tfr rev_id="4166929" t="Зелёном"><v><l id="114879" t="зелёный"><g v="ADJF"></g><g v="Qual"></g><g v="masc"></g><g v="sing"></g><g v="loct"></g></l></v></tfr></token><token id="575964" text="поясе"><tfr rev_id="1409043" t="поясе"><v><l id="265530" t="пояс"><g v="NOUN"></g><g v="inan"></g><g v="masc"></g><g v="sing"></g><g v="loct"></g></l></v></tfr></token><token id="575965" text="Европы"><tfr rev_id="1409044" t="Европы"><v><l id="94019" t="европа"><g v="NOUN"></g><g v="inan"></g><g v="femn"></g><g v="Sgtm"></g><g v="Geox"></g><g v="sing"></g><g v="gent"></g></l></v></tfr></token><token id="575966" text="»"><tfr rev_id="2442668" t="»"><v><l id="0" t="»"><g v="PNCT"></g></l></v></tfr></token><token id="575967" text="взялись"><tfr rev_id="1409046" t="взялись"><v><l id="44310" t="взялся"><g v="VERB"></g><g v="perf"></g><g v="intr"></g><g v="plur"></g><g v="past"></g><g v="indc"></g></l></v></tfr></token><token id="575968" text="многие"><tfr rev_id="4477435" t="многие"><v><l id="161427" t="многий"><g v="ADJF"></g><g v="Apro"></g><g v="plur"></g><g v="nomn"></g></l></v><v><l id="161427" t="многий"><g v="ADJF"></g><g v="Apro"></g><g v="inan"></g><g v="plur"></g><g v="accs"></g></l></v></tfr></token><token id="575969" text="экологические"><tfr rev_id="3756750" t="экологические"><v><l id="383322" t="экологический"><g v="ADJF"></g><g v="plur"></g><g v="nomn"></g></l></v></tfr></token><token id="575970" text="организации"><tfr rev_id="3747523" t="организации"><v><l id="208750" t="организация"><g v="NOUN"></g><g v="inan"></g><g v="femn"></g><g v="plur"></g><g v="nomn"></g></l></v></tfr></token><token id="575971" text="."><tfr rev_id="1409050" t="."><v><l id="0" t="."><g v="PNCT"></g></l></v></tfr></token></tokens></sentence></paragraph></paragraphs></text>