<?xml version="1.0" encoding="utf-8"?><text id="105" parent="56" name="Конец света 21 мая 2011 года не наступил"><tags><tag>Автор:http://ru.wikinews.org/wiki/Участник:Schekinov Alexey Victorovich</tag><tag>url:http://ru.wikinews.org/w/index.php?title=Конец_света_21_мая_2011_года_не_наступил&amp;oldid=55617</tag><tag>Год:2011</tag><tag>Дата:21/05</tag><tag>Тема:ВикиКатегория:Религия</tag><tag>Тема:ВикиКатегория:Забавное</tag></tags><paragraphs><paragraph id="2461"><sentence id="7776"><source>Конец света, который предрекал проповедник-евангелист Герольд Кемпинг утром в 06.00 по московскому времени 21 мая 2011 года так и не наступил.</source><tokens><token id="149382" text="Конец"><tfr rev_id="984203" t="Конец"><v><l id="137815" t="конец"><g v="NOUN"></g><g v="inan"></g><g v="masc"></g><g v="sing"></g><g v="nomn"></g></l></v><v><l id="137815" t="конец"><g v="NOUN"></g><g v="inan"></g><g v="masc"></g><g v="sing"></g><g v="accs"></g></l></v></tfr></token><token id="149383" text="света"><tfr rev_id="3467507" t="света"><v><l id="315472" t="свет"><g v="NOUN"></g><g v="inan"></g><g v="masc"></g><g v="Sgtm"></g><g v="sing"></g><g v="gen1"></g></l></v></tfr></token><token id="149384" text=","><tfr rev_id="984205" t=","><v><l id="0" t=","><g v="PNCT"></g></l></v></tfr></token><token id="149385" text="который"><tfr rev_id="3636920" t="который"><v><l id="141203" t="который"><g v="ADJF"></g><g v="Apro"></g><g v="Subx"></g><g v="Anph"></g><g v="masc"></g><g v="sing"></g><g v="nomn"></g></l></v><v><l id="141203" t="который"><g v="ADJF"></g><g v="Apro"></g><g v="Subx"></g><g v="Anph"></g><g v="inan"></g><g v="masc"></g><g v="sing"></g><g v="accs"></g></l></v></tfr></token><token id="149386" text="предрекал"><tfr rev_id="984207" t="предрекал"><v><l id="266965" t="предрекаю"><g v="VERB"></g><g v="impf"></g><g v="tran"></g><g v="masc"></g><g v="sing"></g><g v="past"></g><g v="indc"></g></l></v></tfr></token><token id="149387" text="проповедник"><tfr rev_id="984208" t="проповедник"><v><l id="283286" t="проповедник"><g v="NOUN"></g><g v="anim"></g><g v="masc"></g><g v="sing"></g><g v="nomn"></g></l></v></tfr></token><token id="149388" text="-"><tfr rev_id="984209" t="-"><v><l id="0" t="-"><g v="PNCT"></g></l></v></tfr></token><token id="149389" text="евангелист"><tfr rev_id="984210" t="евангелист"><v><l id="93824" t="евангелист"><g v="NOUN"></g><g v="anim"></g><g v="masc"></g><g v="sing"></g><g v="nomn"></g></l></v></tfr></token><token id="149390" text="Герольд"><tfr rev_id="984211" t="Герольд"><v><l id="69221" t="герольд"><g v="NOUN"></g><g v="anim"></g><g v="masc"></g><g v="Name"></g><g v="sing"></g><g v="nomn"></g></l></v></tfr></token><token id="149391" text="Кемпинг"><tfr rev_id="4107275" t="Кемпинг"><v><l id="0" t="Кемпинг"><g v="UNKN"></g></l></v></tfr></token><token id="149392" text="утром"><tfr rev_id="4264589" t="утром"><v><l id="362492" t="утром"><g v="ADVB"></g></l></v></tfr></token><token id="149393" text="в"><tfr rev_id="984214" t="в"><v><l id="37409" t="в"><g v="PREP"></g></l></v></tfr></token><token id="149394" text="06.00"><tfr rev_id="2456081" t="06.00"><v><l id="0" t="06.00"><g v="NUMB"></g></l></v></tfr></token><token id="149395" text="по"><tfr rev_id="984216" t="по"><v><l id="241240" t="по"><g v="PREP"></g></l></v></tfr></token><token id="149396" text="московскому"><tfr rev_id="3334324" t="московскому"><v><l id="163933" t="московский"><g v="ADJF"></g><g v="masc"></g><g v="sing"></g><g v="datv"></g></l></v><v><l id="163933" t="московский"><g v="ADJF"></g><g v="neut"></g><g v="sing"></g><g v="datv"></g></l></v></tfr></token><token id="149397" text="времени"><tfr rev_id="3546685" t="времени"><v><l id="53149" t="время"><g v="NOUN"></g><g v="inan"></g><g v="neut"></g><g v="sing"></g><g v="datv"></g></l></v></tfr></token><token id="149398" text="21"><tfr rev_id="2456082" t="21"><v><l id="0" t="21"><g v="NUMB"></g></l></v></tfr></token><token id="149399" text="мая"><tfr rev_id="4160112" t="мая"><v><l id="153142" t="май"><g v="NOUN"></g><g v="inan"></g><g v="masc"></g><g v="Sgtm"></g><g v="sing"></g><g v="gent"></g></l></v></tfr></token><token id="149400" text="2011"><tfr rev_id="2456083" t="2011"><v><l id="0" t="2011"><g v="NUMB"></g></l></v></tfr></token><token id="149401" text="года"><tfr rev_id="3414622" t="года"><v><l id="72149" t="год"><g v="NOUN"></g><g v="inan"></g><g v="masc"></g><g v="sing"></g><g v="gen1"></g></l></v></tfr></token><token id="149402" text="так"><tfr rev_id="984223" t="так"><v><l id="342451" t="так"><g v="CONJ"></g></l></v><v><l id="342452" t="так"><g v="PRCL"></g></l></v><v><l id="342453" t="так"><g v="ADVB"></g><g v="Dmns"></g></l></v></tfr></token><token id="149403" text="и"><tfr rev_id="3445861" t="и"><v><l id="116949" t="и"><g v="CONJ"></g></l></v></tfr></token><token id="149404" text="не"><tfr rev_id="984225" t="не"><v><l id="178876" t="не"><g v="PRCL"></g></l></v></tfr></token><token id="149405" text="наступил"><tfr rev_id="984226" t="наступил"><v><l id="176393" t="наступил"><g v="VERB"></g><g v="perf"></g><g v="intr"></g><g v="masc"></g><g v="sing"></g><g v="past"></g><g v="indc"></g></l></v></tfr></token><token id="149406" text="."><tfr rev_id="984227" t="."><v><l id="0" t="."><g v="PNCT"></g></l></v></tfr></token></tokens></sentence></paragraph><paragraph id="2462"><sentence id="7777"><source>Это далеко не первое несбывшееся предсказание апокалипсиса.</source><tokens><token id="149407" text="Это"><tfr rev_id="4342265" t="Это"><v><l id="386575" t="это"><g v="NPRO"></g><g v="neut"></g><g v="sing"></g><g v="nomn"></g></l></v><v><l id="386575" t="это"><g v="NPRO"></g><g v="neut"></g><g v="sing"></g><g v="accs"></g></l></v></tfr></token><token id="149408" text="далеко"><tfr rev_id="3526901" t="далеко"><v><l id="77936" t="далеко"><g v="ADVB"></g><g v="Prdx"></g></l></v></tfr></token><token id="149409" text="не"><tfr rev_id="984230" t="не"><v><l id="178876" t="не"><g v="PRCL"></g></l></v></tfr></token><token id="149410" text="первое"><tfr rev_id="4154496" t="первое"><v><l id="226359" t="первый"><g v="ADJF"></g><g v="Anum"></g><g v="neut"></g><g v="sing"></g><g v="nomn"></g></l></v><v><l id="226359" t="первый"><g v="ADJF"></g><g v="Anum"></g><g v="neut"></g><g v="sing"></g><g v="accs"></g></l></v></tfr></token><token id="149411" text="несбывшееся"><tfr rev_id="984232" t="несбывшееся"><v><l id="187874" t="несбывшийся"><g v="ADJF"></g><g v="neut"></g><g v="sing"></g><g v="nomn"></g></l></v><v><l id="187874" t="несбывшийся"><g v="ADJF"></g><g v="neut"></g><g v="sing"></g><g v="accs"></g></l></v></tfr></token><token id="149412" text="предсказание"><tfr rev_id="3417058" t="предсказание"><v><l id="267035" t="предсказание"><g v="NOUN"></g><g v="inan"></g><g v="neut"></g><g v="sing"></g><g v="nomn"></g></l></v></tfr></token><token id="149413" text="апокалипсиса"><tfr rev_id="984234" t="апокалипсиса"><v><l id="15230" t="апокалипсис"><g v="NOUN"></g><g v="inan"></g><g v="masc"></g><g v="sing"></g><g v="gent"></g></l></v></tfr></token><token id="149414" text="."><tfr rev_id="984235" t="."><v><l id="0" t="."><g v="PNCT"></g></l></v></tfr></token></tokens></sentence><sentence id="17841"><source>Поначалу на него практически не обратили внимания, однако, с приближением этой даты, немало СМИ в поисках сюжета, останавливались на этом, создавая прекрасную бесплатную PR-компанию для горе-пророка.</source><tokens><token id="149415" text="Поначалу"><tfr rev_id="984236" t="Поначалу"><v><l id="258358" t="поначалу"><g v="ADVB"></g></l></v></tfr></token><token id="149416" text="на"><tfr rev_id="3334923" t="на"><v><l id="166264" t="на"><g v="PREP"></g></l></v></tfr></token><token id="149417" text="него"><tfr rev_id="4528004" t="него"><v><l id="206541" t="он"><g v="NPRO"></g><g v="masc"></g><g v="3per"></g><g v="Anph"></g><g v="sing"></g><g v="accs"></g><g v="Af-p"></g></l></v><v><l id="206649" t="оно"><g v="NPRO"></g><g v="neut"></g><g v="3per"></g><g v="Anph"></g><g v="sing"></g><g v="accs"></g><g v="Af-p"></g></l></v></tfr></token><token id="149418" text="практически"><tfr rev_id="984239" t="практически"><v><l id="265904" t="практически"><g v="ADVB"></g></l></v></tfr></token><token id="149419" text="не"><tfr rev_id="984240" t="не"><v><l id="178876" t="не"><g v="PRCL"></g></l></v></tfr></token><token id="149420" text="обратили"><tfr rev_id="984241" t="обратили"><v><l id="198922" t="обратил"><g v="VERB"></g><g v="perf"></g><g v="tran"></g><g v="plur"></g><g v="past"></g><g v="indc"></g></l></v></tfr></token><token id="149421" text="внимания"><tfr rev_id="3500926" t="внимания"><v><l id="47614" t="внимание"><g v="NOUN"></g><g v="inan"></g><g v="neut"></g><g v="sing"></g><g v="gent"></g></l></v></tfr></token><token id="149422" text=","><tfr rev_id="984243" t=","><v><l id="0" t=","><g v="PNCT"></g></l></v></tfr></token><token id="149423" text="однако"><tfr rev_id="3486507" t="однако"><v><l id="203387" t="однако"><g v="CONJ"></g><g v="Prnt"></g></l></v></tfr></token><token id="149424" text=","><tfr rev_id="984245" t=","><v><l id="0" t=","><g v="PNCT"></g></l></v></tfr></token><token id="149425" text="с"><tfr rev_id="984246" t="с"><v><l id="311151" t="с"><g v="PREP"></g></l></v></tfr></token><token id="149426" text="приближением"><tfr rev_id="984247" t="приближением"><v><l id="268837" t="приближение"><g v="NOUN"></g><g v="inan"></g><g v="neut"></g><g v="sing"></g><g v="ablt"></g></l></v></tfr></token><token id="149427" text="этой"><tfr rev_id="4437718" t="этой"><v><l id="386581" t="этот"><g v="ADJF"></g><g v="Subx"></g><g v="Apro"></g><g v="Anph"></g><g v="femn"></g><g v="sing"></g><g v="gent"></g></l></v></tfr></token><token id="149428" text="даты"><tfr rev_id="3471352" t="даты"><v><l id="78501" t="дата"><g v="NOUN"></g><g v="inan"></g><g v="femn"></g><g v="sing"></g><g v="gent"></g></l></v></tfr></token><token id="149429" text=","><tfr rev_id="984250" t=","><v><l id="0" t=","><g v="PNCT"></g></l></v></tfr></token><token id="149430" text="немало"><tfr rev_id="3653766" t="немало"><v><l id="183942" t="немало"><g v="ADVB"></g></l></v><v><l id="183948" t="немал"><g v="ADJS"></g><g v="neut"></g><g v="sing"></g></l></v><v><l id="389078" t="немало"><g v="NUMR"></g><g v="nomn"></g></l></v><v><l id="389078" t="немало"><g v="NUMR"></g><g v="accs"></g></l></v></tfr></token><token id="149431" text="СМИ"><tfr rev_id="4489421" t="СМИ"><v><l id="326341" t="сми"><g v="NOUN"></g><g v="inan"></g><g v="GNdr"></g><g v="Pltm"></g><g v="Fixd"></g><g v="Abbr"></g><g v="plur"></g><g v="gent"></g></l></v></tfr></token><token id="149432" text="в"><tfr rev_id="984253" t="в"><v><l id="37409" t="в"><g v="PREP"></g></l></v></tfr></token><token id="149433" text="поисках"><tfr rev_id="984254" t="поисках"><v><l id="253880" t="поиск"><g v="NOUN"></g><g v="inan"></g><g v="masc"></g><g v="plur"></g><g v="loct"></g></l></v></tfr></token><token id="149434" text="сюжета"><tfr rev_id="984255" t="сюжета"><v><l id="341892" t="сюжет"><g v="NOUN"></g><g v="inan"></g><g v="masc"></g><g v="sing"></g><g v="gent"></g></l></v></tfr></token><token id="149435" text=","><tfr rev_id="984256" t=","><v><l id="0" t=","><g v="PNCT"></g></l></v></tfr></token><token id="149436" text="останавливались"><tfr rev_id="984257" t="останавливались"><v><l id="210845" t="останавливаюсь"><g v="VERB"></g><g v="impf"></g><g v="intr"></g><g v="plur"></g><g v="past"></g><g v="indc"></g></l></v></tfr></token><token id="149437" text="на"><tfr rev_id="3340490" t="на"><v><l id="166264" t="на"><g v="PREP"></g></l></v></tfr></token><token id="149438" text="этом"><tfr rev_id="4472581" t="этом"><v><l id="386575" t="это"><g v="NPRO"></g><g v="neut"></g><g v="sing"></g><g v="loct"></g></l></v></tfr></token><token id="149439" text=","><tfr rev_id="984260" t=","><v><l id="0" t=","><g v="PNCT"></g></l></v></tfr></token><token id="149440" text="создавая"><tfr rev_id="984261" t="создавая"><v><l id="328574" t="создавая"><g v="GRND"></g><g v="impf"></g><g v="tran"></g><g v="pres"></g></l></v></tfr></token><token id="149441" text="прекрасную"><tfr rev_id="984262" t="прекрасную"><v><l id="267588" t="прекрасный"><g v="ADJF"></g><g v="Qual"></g><g v="femn"></g><g v="sing"></g><g v="accs"></g></l></v></tfr></token><token id="149442" text="бесплатную"><tfr rev_id="984263" t="бесплатную"><v><l id="28393" t="бесплатный"><g v="ADJF"></g><g v="Qual"></g><g v="femn"></g><g v="sing"></g><g v="accs"></g></l></v></tfr></token><token id="149443" text="PR-компанию"><tfr rev_id="984264" t="PR-компанию"><v><l id="0" t="PR-компанию"><g v="UNKN"></g></l></v></tfr></token><token id="149444" text="для"><tfr rev_id="2948447" t="для"><v><l id="85032" t="для"><g v="PREP"></g></l></v></tfr></token><token id="149445" text="горе-пророка"><tfr rev_id="4566587" t="горе-пророка"><v><l id="393691" t="горе-пророк"><g v="NOUN"></g><g v="anim"></g><g v="masc"></g><g v="sing"></g><g v="accs"></g></l></v><v><l id="393691" t="горе-пророк"><g v="NOUN"></g><g v="anim"></g><g v="masc"></g><g v="sing"></g><g v="gent"></g></l></v></tfr></token><token id="149446" text="."><tfr rev_id="984267" t="."><v><l id="0" t="."><g v="PNCT"></g></l></v></tfr></token></tokens></sentence><sentence id="17842"><source>Вполне вероятно, что Герольд Кемпинг объяснит это какой-либо неточностью и перенесет катастрофу на некоторое время вперёд, и по прежнему будет оставаться в центре внимания.</source><tokens><token id="149447" text="Вполне"><tfr rev_id="984268" t="Вполне"><v><l id="52647" t="вполне"><g v="ADVB"></g></l></v></tfr></token><token id="149448" text="вероятно"><tfr rev_id="984269" t="вероятно"><v><l id="41544" t="вероятно"><g v="CONJ"></g><g v="Prnt"></g></l></v><v><l id="41545" t="вероятно"><g v="ADVB"></g><g v="Prdx"></g></l></v><v><l id="41553" t="вероятен"><g v="ADJS"></g><g v="Qual"></g><g v="neut"></g><g v="sing"></g></l></v></tfr></token><token id="149449" text=","><tfr rev_id="984270" t=","><v><l id="0" t=","><g v="PNCT"></g></l></v></tfr></token><token id="149450" text="что"><tfr rev_id="3192367" t="что"><v><l id="377004" t="что"><g v="CONJ"></g></l></v><v><l id="377005" t="что"><g v="NPRO"></g><g v="neut"></g><g v="sing"></g><g v="nomn"></g></l></v><v><l id="377005" t="что"><g v="NPRO"></g><g v="neut"></g><g v="sing"></g><g v="accs"></g></l></v><v><l id="377006" t="что"><g v="ADVB"></g><g v="Ques"></g></l></v><v><l id="388695" t="что"><g v="PRCL"></g></l></v></tfr></token><token id="149451" text="Герольд"><tfr rev_id="984272" t="Герольд"><v><l id="69221" t="герольд"><g v="NOUN"></g><g v="anim"></g><g v="masc"></g><g v="Name"></g><g v="sing"></g><g v="nomn"></g></l></v></tfr></token><token id="149452" text="Кемпинг"><tfr rev_id="4099994" t="Кемпинг"><v><l id="0" t="Кемпинг"><g v="UNKN"></g></l></v></tfr></token><token id="149453" text="объяснит"><tfr rev_id="984274" t="объяснит"><v><l id="201923" t="объяснил"><g v="VERB"></g><g v="perf"></g><g v="tran"></g><g v="sing"></g><g v="3per"></g><g v="futr"></g><g v="indc"></g></l></v></tfr></token><token id="149454" text="это"><tfr rev_id="4439658" t="это"><v><l id="386574" t="это"><g v="PRCL"></g></l></v><v><l id="386575" t="это"><g v="NPRO"></g><g v="neut"></g><g v="sing"></g><g v="nomn"></g></l></v><v><l id="386575" t="это"><g v="NPRO"></g><g v="neut"></g><g v="sing"></g><g v="accs"></g></l></v><v><l id="386581" t="этот"><g v="ADJF"></g><g v="Subx"></g><g v="Apro"></g><g v="Anph"></g><g v="neut"></g><g v="sing"></g><g v="nomn"></g></l></v><v><l id="386581" t="этот"><g v="ADJF"></g><g v="Subx"></g><g v="Apro"></g><g v="Anph"></g><g v="neut"></g><g v="sing"></g><g v="accs"></g></l></v></tfr></token><token id="149455" text="какой-либо"><tfr rev_id="3645749" t="какой-либо"><v><l id="128225" t="какой-либо"><g v="ADJF"></g><g v="Apro"></g><g v="femn"></g><g v="sing"></g><g v="ablt"></g></l></v></tfr></token><token id="149456" text="неточностью"><tfr rev_id="984277" t="неточностью"><v><l id="189016" t="неточность"><g v="NOUN"></g><g v="inan"></g><g v="femn"></g><g v="sing"></g><g v="ablt"></g></l></v></tfr></token><token id="149457" text="и"><tfr rev_id="984278" t="и"><v><l id="116949" t="и"><g v="CONJ"></g></l></v><v><l id="116950" t="и"><g v="INTJ"></g></l></v></tfr></token><token id="149458" text="перенесет"><tfr rev_id="984279" t="перенесет"><v><l id="231805" t="перенёс"><g v="VERB"></g><g v="perf"></g><g v="tran"></g><g v="sing"></g><g v="3per"></g><g v="futr"></g><g v="indc"></g></l></v></tfr></token><token id="149459" text="катастрофу"><tfr rev_id="984280" t="катастрофу"><v><l id="131282" t="катастрофа"><g v="NOUN"></g><g v="inan"></g><g v="femn"></g><g v="sing"></g><g v="accs"></g></l></v></tfr></token><token id="149460" text="на"><tfr rev_id="3345869" t="на"><v><l id="166264" t="на"><g v="PREP"></g></l></v></tfr></token><token id="149461" text="некоторое"><tfr rev_id="984282" t="некоторое"><v><l id="183542" t="некоторый"><g v="ADJF"></g><g v="Apro"></g><g v="neut"></g><g v="sing"></g><g v="nomn"></g></l></v><v><l id="183542" t="некоторый"><g v="ADJF"></g><g v="Apro"></g><g v="neut"></g><g v="sing"></g><g v="accs"></g></l></v></tfr></token><token id="149462" text="время"><tfr rev_id="3430687" t="время"><v><l id="53149" t="время"><g v="NOUN"></g><g v="inan"></g><g v="neut"></g><g v="sing"></g><g v="accs"></g></l></v></tfr></token><token id="149463" text="вперёд"><tfr rev_id="4231560" t="вперёд"><v><l id="52340" t="вперёд"><g v="ADVB"></g></l></v></tfr></token><token id="149464" text=","><tfr rev_id="984285" t=","><v><l id="0" t=","><g v="PNCT"></g></l></v></tfr></token><token id="149465" text="и"><tfr rev_id="984286" t="и"><v><l id="116949" t="и"><g v="CONJ"></g></l></v><v><l id="116950" t="и"><g v="INTJ"></g></l></v></tfr></token><token id="149466" text="по"><tfr rev_id="984287" t="по"><v><l id="241240" t="по"><g v="PREP"></g></l></v></tfr></token><token id="149467" text="прежнему"><tfr rev_id="984288" t="прежнему"><v><l id="267416" t="прежний"><g v="ADJF"></g><g v="masc"></g><g v="sing"></g><g v="datv"></g></l></v><v><l id="267416" t="прежний"><g v="ADJF"></g><g v="neut"></g><g v="sing"></g><g v="datv"></g></l></v></tfr></token><token id="149468" text="будет"><tfr rev_id="984289" t="будет"><v><l id="37265" t="есть"><g v="VERB"></g><g v="impf"></g><g v="intr"></g><g v="sing"></g><g v="3per"></g><g v="futr"></g><g v="indc"></g></l></v></tfr></token><token id="149469" text="оставаться"><tfr rev_id="984290" t="оставаться"><v><l id="210813" t="оставаться"><g v="INFN"></g><g v="impf"></g><g v="intr"></g></l></v></tfr></token><token id="149470" text="в"><tfr rev_id="984291" t="в"><v><l id="37409" t="в"><g v="PREP"></g></l></v></tfr></token><token id="149471" text="центре"><tfr rev_id="984292" t="центре"><v><l id="373369" t="центр"><g v="NOUN"></g><g v="inan"></g><g v="masc"></g><g v="sing"></g><g v="loct"></g></l></v></tfr></token><token id="149472" text="внимания"><tfr rev_id="2628406" t="внимания"><v><l id="47614" t="внимание"><g v="NOUN"></g><g v="inan"></g><g v="neut"></g><g v="sing"></g><g v="gent"></g></l></v></tfr></token><token id="149473" text="."><tfr rev_id="984294" t="."><v><l id="0" t="."><g v="PNCT"></g></l></v></tfr></token></tokens></sentence><sentence id="17843"><source>Так, согласно его пророчествам, 6 сентября 1994 года на Землю должен был опуститься Иисус Христос.</source><tokens><token id="149474" text="Так"><tfr rev_id="984295" t="Так"><v><l id="342451" t="так"><g v="CONJ"></g></l></v><v><l id="342452" t="так"><g v="PRCL"></g></l></v><v><l id="342453" t="так"><g v="ADVB"></g><g v="Dmns"></g></l></v></tfr></token><token id="149475" text=","><tfr rev_id="984296" t=","><v><l id="0" t=","><g v="PNCT"></g></l></v></tfr></token><token id="149476" text="согласно"><tfr rev_id="4463739" t="согласно"><v><l id="328255" t="согласно"><g v="PREP"></g></l></v></tfr></token><token id="149477" text="его"><tfr rev_id="4490991" t="его"><v><l id="94208" t="его"><g v="ADJF"></g><g v="Fixd"></g><g v="Apro"></g><g v="Anph"></g><g v="plur"></g><g v="nomn"></g></l></v><v><l id="94208" t="его"><g v="ADJF"></g><g v="Fixd"></g><g v="Apro"></g><g v="Anph"></g><g v="plur"></g><g v="gent"></g></l></v><v><l id="94208" t="его"><g v="ADJF"></g><g v="Fixd"></g><g v="Apro"></g><g v="Anph"></g><g v="plur"></g><g v="datv"></g></l></v><v><l id="94208" t="его"><g v="ADJF"></g><g v="Fixd"></g><g v="Apro"></g><g v="Anph"></g><g v="plur"></g><g v="accs"></g></l></v><v><l id="94208" t="его"><g v="ADJF"></g><g v="Fixd"></g><g v="Apro"></g><g v="Anph"></g><g v="plur"></g><g v="ablt"></g></l></v><v><l id="94208" t="его"><g v="ADJF"></g><g v="Fixd"></g><g v="Apro"></g><g v="Anph"></g><g v="plur"></g><g v="loct"></g></l></v></tfr></token><token id="149478" text="пророчествам"><tfr rev_id="984299" t="пророчествам"><v><l id="283798" t="пророчество"><g v="NOUN"></g><g v="inan"></g><g v="neut"></g><g v="plur"></g><g v="datv"></g></l></v></tfr></token><token id="149479" text=","><tfr rev_id="984300" t=","><v><l id="0" t=","><g v="PNCT"></g></l></v></tfr></token><token id="149480" text="6"><tfr rev_id="2456084" t="6"><v><l id="0" t="6"><g v="NUMB"></g></l></v></tfr></token><token id="149481" text="сентября"><tfr rev_id="984302" t="сентября"><v><l id="318866" t="сентябрь"><g v="NOUN"></g><g v="inan"></g><g v="masc"></g><g v="sing"></g><g v="gent"></g></l></v></tfr></token><token id="149482" text="1994"><tfr rev_id="2456085" t="1994"><v><l id="0" t="1994"><g v="NUMB"></g></l></v></tfr></token><token id="149483" text="года"><tfr rev_id="3449809" t="года"><v><l id="72149" t="год"><g v="NOUN"></g><g v="inan"></g><g v="masc"></g><g v="sing"></g><g v="gen1"></g></l></v></tfr></token><token id="149484" text="на"><tfr rev_id="3341919" t="на"><v><l id="166264" t="на"><g v="PREP"></g></l></v></tfr></token><token id="149485" text="Землю"><tfr rev_id="984306" t="Землю"><v><l id="115091" t="земля"><g v="NOUN"></g><g v="inan"></g><g v="femn"></g><g v="sing"></g><g v="accs"></g></l></v></tfr></token><token id="149486" text="должен"><tfr rev_id="2558588" t="должен"><v><l id="87975" t="должен"><g v="ADJS"></g><g v="masc"></g><g v="sing"></g></l></v></tfr></token><token id="149487" text="был"><tfr rev_id="984308" t="был"><v><l id="37265" t="есть"><g v="VERB"></g><g v="impf"></g><g v="intr"></g><g v="masc"></g><g v="sing"></g><g v="past"></g><g v="indc"></g></l></v></tfr></token><token id="149488" text="опуститься"><tfr rev_id="984309" t="опуститься"><v><l id="208422" t="опуститься"><g v="INFN"></g><g v="perf"></g><g v="intr"></g></l></v></tfr></token><token id="149489" text="Иисус"><tfr rev_id="984310" t="Иисус"><v><l id="121010" t="иисус"><g v="NOUN"></g><g v="anim"></g><g v="masc"></g><g v="Name"></g><g v="sing"></g><g v="nomn"></g></l></v></tfr></token><token id="149490" text="Христос"><tfr rev_id="984311" t="Христос"><v><l id="372054" t="христос"><g v="NOUN"></g><g v="anim"></g><g v="masc"></g><g v="Sgtm"></g><g v="sing"></g><g v="nomn"></g></l></v></tfr></token><token id="149491" text="."><tfr rev_id="984312" t="."><v><l id="0" t="."><g v="PNCT"></g></l></v></tfr></token></tokens></sentence></paragraph><paragraph id="2463"><sentence id="7778"><source>Следующее подобное мероприятие, по прогнозам майя, ожидается 21 декабря 2012 года, однако не следует забывать, что конец этой цивилизации наступил значительно раньше, и это отчего-то не отображено в их наследии, поэтому и достоверность подобного прорицания далеко не очевидна.</source><tokens><token id="149492" text="Следующее"><tfr rev_id="3810304" t="Следующее"><v><l id="324749" t="следующий"><g v="PRTF"></g><g v="impf"></g><g v="intr"></g><g v="pres"></g><g v="actv"></g><g v="neut"></g><g v="sing"></g><g v="nomn"></g></l></v><v><l id="324749" t="следующий"><g v="PRTF"></g><g v="impf"></g><g v="intr"></g><g v="pres"></g><g v="actv"></g><g v="neut"></g><g v="sing"></g><g v="accs"></g></l></v><v><l id="324769" t="следующий"><g v="ADJF"></g><g v="neut"></g><g v="sing"></g><g v="nomn"></g></l></v><v><l id="324769" t="следующий"><g v="ADJF"></g><g v="neut"></g><g v="sing"></g><g v="accs"></g></l></v></tfr></token><token id="149493" text="подобное"><tfr rev_id="3791456" t="подобное"><v><l id="248293" t="подобный"><g v="ADJF"></g><g v="Subx"></g><g v="Qual"></g><g v="neut"></g><g v="sing"></g><g v="nomn"></g></l></v><v><l id="248293" t="подобный"><g v="ADJF"></g><g v="Subx"></g><g v="Qual"></g><g v="neut"></g><g v="sing"></g><g v="accs"></g></l></v></tfr></token><token id="149494" text="мероприятие"><tfr rev_id="3487973" t="мероприятие"><v><l id="158644" t="мероприятие"><g v="NOUN"></g><g v="inan"></g><g v="neut"></g><g v="sing"></g><g v="nomn"></g></l></v></tfr></token><token id="149495" text=","><tfr rev_id="984316" t=","><v><l id="0" t=","><g v="PNCT"></g></l></v></tfr></token><token id="149496" text="по"><tfr rev_id="984317" t="по"><v><l id="241240" t="по"><g v="PREP"></g></l></v></tfr></token><token id="149497" text="прогнозам"><tfr rev_id="984318" t="прогнозам"><v><l id="278534" t="прогноз"><g v="NOUN"></g><g v="inan"></g><g v="masc"></g><g v="plur"></g><g v="datv"></g></l></v></tfr></token><token id="149498" text="майя"><tfr rev_id="4533274" t="майя"><v><l id="153236" t="майя"><g v="NOUN"></g><g v="anim"></g><g v="ms-f"></g><g v="Fixd"></g><g v="plur"></g><g v="nomn"></g></l></v><v><l id="153236" t="майя"><g v="NOUN"></g><g v="anim"></g><g v="ms-f"></g><g v="Fixd"></g><g v="plur"></g><g v="gent"></g></l></v><v><l id="153236" t="майя"><g v="NOUN"></g><g v="anim"></g><g v="ms-f"></g><g v="Fixd"></g><g v="plur"></g><g v="datv"></g></l></v><v><l id="153236" t="майя"><g v="NOUN"></g><g v="anim"></g><g v="ms-f"></g><g v="Fixd"></g><g v="plur"></g><g v="accs"></g></l></v><v><l id="153236" t="майя"><g v="NOUN"></g><g v="anim"></g><g v="ms-f"></g><g v="Fixd"></g><g v="plur"></g><g v="ablt"></g></l></v><v><l id="153236" t="майя"><g v="NOUN"></g><g v="anim"></g><g v="ms-f"></g><g v="Fixd"></g><g v="plur"></g><g v="loct"></g></l></v></tfr></token><token id="149499" text=","><tfr rev_id="984320" t=","><v><l id="0" t=","><g v="PNCT"></g></l></v></tfr></token><token id="149500" text="ожидается"><tfr rev_id="984321" t="ожидается"><v><l id="203952" t="ожидаюсь"><g v="VERB"></g><g v="impf"></g><g v="intr"></g><g v="sing"></g><g v="3per"></g><g v="pres"></g><g v="indc"></g></l></v></tfr></token><token id="149501" text="21"><tfr rev_id="2456086" t="21"><v><l id="0" t="21"><g v="NUMB"></g></l></v></tfr></token><token id="149502" text="декабря"><tfr rev_id="984323" t="декабря"><v><l id="80133" t="декабрь"><g v="NOUN"></g><g v="inan"></g><g v="masc"></g><g v="sing"></g><g v="gent"></g></l></v></tfr></token><token id="149503" text="2012"><tfr rev_id="2456087" t="2012"><v><l id="0" t="2012"><g v="NUMB"></g></l></v></tfr></token><token id="149504" text="года"><tfr rev_id="3414624" t="года"><v><l id="72149" t="год"><g v="NOUN"></g><g v="inan"></g><g v="masc"></g><g v="sing"></g><g v="gen1"></g></l></v></tfr></token><token id="149505" text=","><tfr rev_id="984326" t=","><v><l id="0" t=","><g v="PNCT"></g></l></v></tfr></token><token id="149506" text="однако"><tfr rev_id="2624129" t="однако"><v><l id="203386" t="однако"><g v="INTJ"></g></l></v><v><l id="203387" t="однако"><g v="CONJ"></g><g v="Prnt"></g></l></v></tfr></token><token id="149507" text="не"><tfr rev_id="984328" t="не"><v><l id="178876" t="не"><g v="PRCL"></g></l></v></tfr></token><token id="149508" text="следует"><tfr rev_id="3665355" t="следует"><v><l id="324747" t="следую"><g v="VERB"></g><g v="impf"></g><g v="intr"></g><g v="sing"></g><g v="3per"></g><g v="pres"></g><g v="indc"></g><g v="Impx"></g></l></v></tfr></token><token id="149509" text="забывать"><tfr rev_id="984330" t="забывать"><v><l id="99125" t="забывать"><g v="INFN"></g><g v="impf"></g><g v="tran"></g></l></v></tfr></token><token id="149510" text=","><tfr rev_id="984331" t=","><v><l id="0" t=","><g v="PNCT"></g></l></v></tfr></token><token id="149511" text="что"><tfr rev_id="3192368" t="что"><v><l id="377004" t="что"><g v="CONJ"></g></l></v><v><l id="377005" t="что"><g v="NPRO"></g><g v="neut"></g><g v="sing"></g><g v="nomn"></g></l></v><v><l id="377005" t="что"><g v="NPRO"></g><g v="neut"></g><g v="sing"></g><g v="accs"></g></l></v><v><l id="377006" t="что"><g v="ADVB"></g><g v="Ques"></g></l></v><v><l id="388695" t="что"><g v="PRCL"></g></l></v></tfr></token><token id="149512" text="конец"><tfr rev_id="984333" t="конец"><v><l id="137815" t="конец"><g v="NOUN"></g><g v="inan"></g><g v="masc"></g><g v="sing"></g><g v="nomn"></g></l></v><v><l id="137815" t="конец"><g v="NOUN"></g><g v="inan"></g><g v="masc"></g><g v="sing"></g><g v="accs"></g></l></v></tfr></token><token id="149513" text="этой"><tfr rev_id="4437719" t="этой"><v><l id="386581" t="этот"><g v="ADJF"></g><g v="Subx"></g><g v="Apro"></g><g v="Anph"></g><g v="femn"></g><g v="sing"></g><g v="gent"></g></l></v></tfr></token><token id="149514" text="цивилизации"><tfr rev_id="3887756" t="цивилизации"><v><l id="373767" t="цивилизация"><g v="NOUN"></g><g v="inan"></g><g v="femn"></g><g v="sing"></g><g v="gent"></g></l></v></tfr></token><token id="149515" text="наступил"><tfr rev_id="984336" t="наступил"><v><l id="176393" t="наступил"><g v="VERB"></g><g v="perf"></g><g v="intr"></g><g v="masc"></g><g v="sing"></g><g v="past"></g><g v="indc"></g></l></v></tfr></token><token id="149516" text="значительно"><tfr rev_id="4239218" t="значительно"><v><l id="116024" t="значительно"><g v="ADVB"></g></l></v></tfr></token><token id="149517" text="раньше"><tfr rev_id="984338" t="раньше"><v><l id="297968" t="раньше"><g v="COMP"></g></l></v></tfr></token><token id="149518" text=","><tfr rev_id="984339" t=","><v><l id="0" t=","><g v="PNCT"></g></l></v></tfr></token><token id="149519" text="и"><tfr rev_id="984340" t="и"><v><l id="116949" t="и"><g v="CONJ"></g></l></v><v><l id="116950" t="и"><g v="INTJ"></g></l></v></tfr></token><token id="149520" text="это"><tfr rev_id="4439659" t="это"><v><l id="386574" t="это"><g v="PRCL"></g></l></v><v><l id="386575" t="это"><g v="NPRO"></g><g v="neut"></g><g v="sing"></g><g v="nomn"></g></l></v><v><l id="386575" t="это"><g v="NPRO"></g><g v="neut"></g><g v="sing"></g><g v="accs"></g></l></v><v><l id="386581" t="этот"><g v="ADJF"></g><g v="Subx"></g><g v="Apro"></g><g v="Anph"></g><g v="neut"></g><g v="sing"></g><g v="nomn"></g></l></v><v><l id="386581" t="этот"><g v="ADJF"></g><g v="Subx"></g><g v="Apro"></g><g v="Anph"></g><g v="neut"></g><g v="sing"></g><g v="accs"></g></l></v></tfr></token><token id="149521" text="отчего-то"><tfr rev_id="984342" t="отчего-то"><v><l id="220036" t="отчего-то"><g v="ADVB"></g></l></v></tfr></token><token id="149522" text="не"><tfr rev_id="984343" t="не"><v><l id="178876" t="не"><g v="PRCL"></g></l></v></tfr></token><token id="149523" text="отображено"><tfr rev_id="984344" t="отображено"><v><l id="215982" t="отображён"><g v="PRTS"></g><g v="perf"></g><g v="past"></g><g v="pssv"></g><g v="neut"></g><g v="sing"></g></l></v></tfr></token><token id="149524" text="в"><tfr rev_id="984345" t="в"><v><l id="37409" t="в"><g v="PREP"></g></l></v></tfr></token><token id="149525" text="их"><tfr rev_id="4515791" t="их"><v><l id="127205" t="их"><g v="ADJF"></g><g v="Fixd"></g><g v="Apro"></g><g v="Anph"></g><g v="neut"></g><g v="sing"></g><g v="nomn"></g></l></v><v><l id="127205" t="их"><g v="ADJF"></g><g v="Fixd"></g><g v="Apro"></g><g v="Anph"></g><g v="neut"></g><g v="sing"></g><g v="gent"></g></l></v><v><l id="127205" t="их"><g v="ADJF"></g><g v="Fixd"></g><g v="Apro"></g><g v="Anph"></g><g v="neut"></g><g v="sing"></g><g v="datv"></g></l></v><v><l id="127205" t="их"><g v="ADJF"></g><g v="Fixd"></g><g v="Apro"></g><g v="Anph"></g><g v="neut"></g><g v="sing"></g><g v="accs"></g></l></v><v><l id="127205" t="их"><g v="ADJF"></g><g v="Fixd"></g><g v="Apro"></g><g v="Anph"></g><g v="neut"></g><g v="sing"></g><g v="ablt"></g></l></v><v><l id="127205" t="их"><g v="ADJF"></g><g v="Fixd"></g><g v="Apro"></g><g v="Anph"></g><g v="neut"></g><g v="sing"></g><g v="loct"></g></l></v></tfr></token><token id="149526" text="наследии"><tfr rev_id="984347" t="наследии"><v><l id="175537" t="наследие"><g v="NOUN"></g><g v="inan"></g><g v="neut"></g><g v="sing"></g><g v="loct"></g></l></v></tfr></token><token id="149527" text=","><tfr rev_id="984348" t=","><v><l id="0" t=","><g v="PNCT"></g></l></v></tfr></token><token id="149528" text="поэтому"><tfr rev_id="984349" t="поэтому"><v><l id="265490" t="поэтому"><g v="ADVB"></g></l></v></tfr></token><token id="149529" text="и"><tfr rev_id="984350" t="и"><v><l id="116949" t="и"><g v="CONJ"></g></l></v><v><l id="116950" t="и"><g v="INTJ"></g></l></v></tfr></token><token id="149530" text="достоверность"><tfr rev_id="984351" t="достоверность"><v><l id="90570" t="достоверность"><g v="NOUN"></g><g v="inan"></g><g v="femn"></g><g v="sing"></g><g v="nomn"></g></l></v><v><l id="90570" t="достоверность"><g v="NOUN"></g><g v="inan"></g><g v="femn"></g><g v="sing"></g><g v="accs"></g></l></v></tfr></token><token id="149531" text="подобного"><tfr rev_id="3791292" t="подобного"><v><l id="248293" t="подобный"><g v="ADJF"></g><g v="Subx"></g><g v="Qual"></g><g v="neut"></g><g v="sing"></g><g v="gent"></g></l></v></tfr></token><token id="149532" text="прорицания"><tfr rev_id="2721899" t="прорицания"><v><l id="283766" t="прорицание"><g v="NOUN"></g><g v="inan"></g><g v="neut"></g><g v="sing"></g><g v="gent"></g></l></v></tfr></token><token id="149533" text="далеко"><tfr rev_id="984354" t="далеко"><v><l id="77925" t="далёк"><g v="ADJS"></g><g v="Qual"></g><g v="neut"></g><g v="sing"></g></l></v><v><l id="77936" t="далеко"><g v="ADVB"></g><g v="Prdx"></g></l></v></tfr></token><token id="149534" text="не"><tfr rev_id="984355" t="не"><v><l id="178876" t="не"><g v="PRCL"></g></l></v></tfr></token><token id="149535" text="очевидна"><tfr rev_id="984356" t="очевидна"><v><l id="221654" t="очевиден"><g v="ADJS"></g><g v="Qual"></g><g v="femn"></g><g v="sing"></g></l></v></tfr></token><token id="149536" text="."><tfr rev_id="984357" t="."><v><l id="0" t="."><g v="PNCT"></g></l></v></tfr></token></tokens></sentence></paragraph><paragraph id="2464"><sentence id="7779"><source>Если-же и майя ошиблись, то расслабляться всё-равно не стоит.</source><tokens><token id="149537" text="Если"><tfr rev_id="984358" t="Если"><v><l id="95365" t="если"><g v="CONJ"></g></l></v></tfr></token><token id="149538" text="-"><tfr rev_id="984359" t="-"><v><l id="0" t="-"><g v="PNCT"></g></l></v></tfr></token><token id="149539" text="же"><tfr rev_id="984360" t="же"><v><l id="96208" t="же"><g v="CONJ"></g></l></v><v><l id="96209" t="же"><g v="PRCL"></g></l></v></tfr></token><token id="149540" text="и"><tfr rev_id="984361" t="и"><v><l id="116949" t="и"><g v="CONJ"></g></l></v><v><l id="116950" t="и"><g v="INTJ"></g></l></v></tfr></token><token id="149541" text="майя"><tfr rev_id="4533275" t="майя"><v><l id="153236" t="майя"><g v="NOUN"></g><g v="anim"></g><g v="ms-f"></g><g v="Fixd"></g><g v="plur"></g><g v="nomn"></g></l></v></tfr></token><token id="149542" text="ошиблись"><tfr rev_id="984363" t="ошиблись"><v><l id="222050" t="ошибся"><g v="VERB"></g><g v="perf"></g><g v="intr"></g><g v="plur"></g><g v="past"></g><g v="indc"></g></l></v></tfr></token><token id="149543" text=","><tfr rev_id="984364" t=","><v><l id="0" t=","><g v="PNCT"></g></l></v></tfr></token><token id="149544" text="то"><tfr rev_id="3776428" t="то"><v><l id="346835" t="то"><g v="CONJ"></g></l></v><v><l id="346836" t="то"><g v="PRCL"></g></l></v><v><l id="348430" t="тот"><g v="ADJF"></g><g v="Subx"></g><g v="Apro"></g><g v="Anph"></g><g v="neut"></g><g v="sing"></g><g v="nomn"></g></l></v><v><l id="348430" t="тот"><g v="ADJF"></g><g v="Subx"></g><g v="Apro"></g><g v="Anph"></g><g v="neut"></g><g v="sing"></g><g v="accs"></g></l></v></tfr></token><token id="149545" text="расслабляться"><tfr rev_id="984366" t="расслабляться"><v><l id="301033" t="расслабляться"><g v="INFN"></g><g v="impf"></g><g v="intr"></g></l></v></tfr></token><token id="149546" text="всё"><tfr rev_id="4540540" t="всё"><v><l id="42156" t="весь"><g v="ADJF"></g><g v="Subx"></g><g v="Apro"></g><g v="neut"></g><g v="sing"></g><g v="accs"></g></l></v><v><l id="42156" t="весь"><g v="ADJF"></g><g v="Subx"></g><g v="Apro"></g><g v="neut"></g><g v="sing"></g><g v="nomn"></g></l></v><v><l id="390209" t="всё"><g v="PRCL"></g></l></v></tfr></token><token id="1991760" text="-"><tfr rev_id="4540542" t="-"><v><l id="0" t="-"><g v="PNCT"></g></l></v></tfr></token><token id="1991761" text="равно"><tfr rev_id="4540541" t="равно"><v><l id="290596" t="равно"><g v="ADVB"></g><g v="Prdx"></g></l></v><v><l id="290597" t="равно"><g v="CONJ"></g></l></v><v><l id="290755" t="равен"><g v="ADJS"></g><g v="Qual"></g><g v="neut"></g><g v="sing"></g></l></v></tfr></token><token id="149547" text="не"><tfr rev_id="984368" t="не"><v><l id="178876" t="не"><g v="PRCL"></g></l></v></tfr></token><token id="149548" text="стоит"><tfr rev_id="984369" t="стоит"><v><l id="336464" t="стою"><g v="VERB"></g><g v="impf"></g><g v="tran"></g><g v="sing"></g><g v="3per"></g><g v="pres"></g><g v="indc"></g></l></v><v><l id="336469" t="стоило"><g v="VERB"></g><g v="impf"></g><g v="intr"></g><g v="Impe"></g><g v="sing"></g><g v="pres"></g><g v="indc"></g></l></v><v><l id="336980" t="стою"><g v="VERB"></g><g v="impf"></g><g v="intr"></g><g v="sing"></g><g v="3per"></g><g v="pres"></g><g v="indc"></g></l></v></tfr></token><token id="149549" text="."><tfr rev_id="984370" t="."><v><l id="0" t="."><g v="PNCT"></g></l></v></tfr></token></tokens></sentence><sentence id="17844"><source>Апокалиптических теорий ещё достаточно:</source><tokens><token id="149550" text="Апокалиптических"><tfr rev_id="3556500" t="Апокалиптических"><v><l id="15233" t="апокалиптический"><g v="ADJF"></g><g v="plur"></g><g v="gent"></g></l></v></tfr></token><token id="149551" text="теорий"><tfr rev_id="984372" t="теорий"><v><l id="344847" t="теория"><g v="NOUN"></g><g v="inan"></g><g v="femn"></g><g v="plur"></g><g v="gent"></g></l></v></tfr></token><token id="149552" text="ещё"><tfr rev_id="984373" t="ещё"><v><l id="95551" t="ещё"><g v="PRCL"></g></l></v><v><l id="95552" t="ещё"><g v="ADVB"></g></l></v></tfr></token><token id="149553" text="достаточно"><tfr rev_id="4139194" t="достаточно"><v><l id="90477" t="достаточно"><g v="ADVB"></g><g v="Prdx"></g></l></v><v><l id="90480" t="достаточен"><g v="ADJS"></g><g v="Qual"></g><g v="neut"></g><g v="sing"></g></l></v><v><l id="390153" t="достаточно"><g v="NUMR"></g><g v="accs"></g></l></v><v><l id="390153" t="достаточно"><g v="NUMR"></g><g v="nomn"></g></l></v></tfr></token><token id="149554" text=":"><tfr rev_id="984375" t=":"><v><l id="0" t=":"><g v="PNCT"></g></l></v></tfr></token></tokens></sentence></paragraph><paragraph id="2465"><sentence id="7780"><source>* 2021 год — инверсия магнитного поля Земли уничтожитчасть человечества.</source><tokens><token id="149555" text="*"><tfr rev_id="2426891" t="*"><v><l id="0" t="*"><g v="PNCT"></g></l></v></tfr></token><token id="149556" text="2021"><tfr rev_id="2456088" t="2021"><v><l id="0" t="2021"><g v="NUMB"></g></l></v></tfr></token><token id="149557" text="год"><tfr rev_id="984378" t="год"><v><l id="72149" t="год"><g v="NOUN"></g><g v="inan"></g><g v="masc"></g><g v="sing"></g><g v="nomn"></g></l></v><v><l id="72149" t="год"><g v="NOUN"></g><g v="inan"></g><g v="masc"></g><g v="sing"></g><g v="accs"></g></l></v></tfr></token><token id="149558" text="—"><tfr rev_id="2426892" t="—"><v><l id="0" t="—"><g v="PNCT"></g></l></v></tfr></token><token id="149559" text="инверсия"><tfr rev_id="984380" t="инверсия"><v><l id="122041" t="инверсия"><g v="NOUN"></g><g v="inan"></g><g v="femn"></g><g v="sing"></g><g v="nomn"></g></l></v></tfr></token><token id="149560" text="магнитного"><tfr rev_id="3449475" t="магнитного"><v><l id="152713" t="магнитный"><g v="ADJF"></g><g v="Qual"></g><g v="neut"></g><g v="sing"></g><g v="gent"></g></l></v></tfr></token><token id="149561" text="поля"><tfr rev_id="4217894" t="поля"><v><l id="255256" t="поле"><g v="NOUN"></g><g v="inan"></g><g v="neut"></g><g v="sing"></g><g v="gent"></g></l></v></tfr></token><token id="149562" text="Земли"><tfr rev_id="3487844" t="Земли"><v><l id="115091" t="земля"><g v="NOUN"></g><g v="inan"></g><g v="femn"></g><g v="sing"></g><g v="gent"></g></l></v></tfr></token><token id="149563" text="уничтожит"><tfr rev_id="984384" t="уничтожит"><v><l id="358450" t="уничтожил"><g v="VERB"></g><g v="perf"></g><g v="tran"></g><g v="sing"></g><g v="3per"></g><g v="futr"></g><g v="indc"></g></l></v></tfr></token><token id="149564" text="часть"><tfr rev_id="3708163" t="часть"><v><l id="374820" t="часть"><g v="NOUN"></g><g v="inan"></g><g v="femn"></g><g v="sing"></g><g v="accs"></g></l></v></tfr></token><token id="149565" text="человечества"><tfr rev_id="3455880" t="человечества"><v><l id="375106" t="человечество"><g v="NOUN"></g><g v="inan"></g><g v="neut"></g><g v="sing"></g><g v="gent"></g></l></v></tfr></token><token id="149566" text="."><tfr rev_id="984387" t="."><v><l id="0" t="."><g v="PNCT"></g></l></v></tfr></token></tokens></sentence><sentence id="7781"><source>* 2060 год — Согласно расчётам Исаака Ньютона, сделанным в 1704 году по библейской книге Даниила станет последним для людей.</source><tokens><token id="149567" text="*"><tfr rev_id="2426893" t="*"><v><l id="0" t="*"><g v="PNCT"></g></l></v></tfr></token><token id="149568" text="2060"><tfr rev_id="2456089" t="2060"><v><l id="0" t="2060"><g v="NUMB"></g></l></v></tfr></token><token id="149569" text="год"><tfr rev_id="984390" t="год"><v><l id="72149" t="год"><g v="NOUN"></g><g v="inan"></g><g v="masc"></g><g v="sing"></g><g v="nomn"></g></l></v><v><l id="72149" t="год"><g v="NOUN"></g><g v="inan"></g><g v="masc"></g><g v="sing"></g><g v="accs"></g></l></v></tfr></token><token id="149570" text="—"><tfr rev_id="2426894" t="—"><v><l id="0" t="—"><g v="PNCT"></g></l></v></tfr></token><token id="149571" text="Согласно"><tfr rev_id="4463677" t="Согласно"><v><l id="328255" t="согласно"><g v="PREP"></g></l></v></tfr></token><token id="149572" text="расчётам"><tfr rev_id="984393" t="расчётам"><v><l id="303277" t="расчёт"><g v="NOUN"></g><g v="inan"></g><g v="masc"></g><g v="plur"></g><g v="datv"></g></l></v></tfr></token><token id="149573" text="Исаака"><tfr rev_id="4215475" t="Исаака"><v><l id="124124" t="исаак"><g v="NOUN"></g><g v="anim"></g><g v="masc"></g><g v="Name"></g><g v="sing"></g><g v="gent"></g></l></v></tfr></token><token id="149574" text="Ньютона"><tfr rev_id="4508075" t="Ньютона"><v><l id="390938" t="ньютон"><g v="NOUN"></g><g v="anim"></g><g v="masc"></g><g v="Sgtm"></g><g v="Surn"></g><g v="sing"></g><g v="accs"></g></l></v><v><l id="390938" t="ньютон"><g v="NOUN"></g><g v="anim"></g><g v="masc"></g><g v="Sgtm"></g><g v="Surn"></g><g v="sing"></g><g v="gent"></g></l></v></tfr></token><token id="149575" text=","><tfr rev_id="984396" t=","><v><l id="0" t=","><g v="PNCT"></g></l></v></tfr></token><token id="149576" text="сделанным"><tfr rev_id="2369025" t="сделанным"><v><l id="317249" t="сделанный"><g v="PRTF"></g><g v="perf"></g><g v="tran"></g><g v="past"></g><g v="pssv"></g><g v="plur"></g><g v="datv"></g></l></v></tfr></token><token id="149577" text="в"><tfr rev_id="984398" t="в"><v><l id="37409" t="в"><g v="PREP"></g></l></v></tfr></token><token id="149578" text="1704"><tfr rev_id="2456090" t="1704"><v><l id="0" t="1704"><g v="NUMB"></g></l></v></tfr></token><token id="149579" text="году"><tfr rev_id="2964090" t="году"><v><l id="72149" t="год"><g v="NOUN"></g><g v="inan"></g><g v="masc"></g><g v="sing"></g><g v="loc2"></g></l></v></tfr></token><token id="149580" text="по"><tfr rev_id="984401" t="по"><v><l id="241240" t="по"><g v="PREP"></g></l></v></tfr></token><token id="149581" text="библейской"><tfr rev_id="4378598" t="библейской"><v><l id="29321" t="библейский"><g v="ADJF"></g><g v="femn"></g><g v="sing"></g><g v="datv"></g></l></v></tfr></token><token id="149582" text="книге"><tfr rev_id="3447669" t="книге"><v><l id="134823" t="книга"><g v="NOUN"></g><g v="inan"></g><g v="femn"></g><g v="sing"></g><g v="datv"></g></l></v></tfr></token><token id="149583" text="Даниила"><tfr rev_id="4395691" t="Даниила"><v><l id="78185" t="даниил"><g v="NOUN"></g><g v="anim"></g><g v="masc"></g><g v="Name"></g><g v="sing"></g><g v="gent"></g></l></v></tfr></token><token id="149584" text="станет"><tfr rev_id="984405" t="станет"><v><l id="335164" t="стал"><g v="VERB"></g><g v="perf"></g><g v="intr"></g><g v="sing"></g><g v="3per"></g><g v="futr"></g><g v="indc"></g></l></v></tfr></token><token id="149585" text="последним"><tfr rev_id="4296362" t="последним"><v><l id="261565" t="последний"><g v="ADJF"></g><g v="masc"></g><g v="sing"></g><g v="ablt"></g></l></v></tfr></token><token id="149586" text="для"><tfr rev_id="2707432" t="для"><v><l id="85032" t="для"><g v="PREP"></g></l></v></tfr></token><token id="149587" text="людей"><tfr rev_id="3310070" t="людей"><v><l id="375073" t="человек"><g v="NOUN"></g><g v="anim"></g><g v="masc"></g><g v="plur"></g><g v="gent"></g></l></v></tfr></token><token id="149588" text="."><tfr rev_id="984409" t="."><v><l id="0" t="."><g v="PNCT"></g></l></v></tfr></token></tokens></sentence><sentence id="7782"><source>* 2242 год — конец эпохи Солнца согласно теории смены планетных эпох, которая была изложена в работах ибн Эзра, Авраама и Абу Машара.</source><tokens><token id="149589" text="*"><tfr rev_id="2426895" t="*"><v><l id="0" t="*"><g v="PNCT"></g></l></v></tfr></token><token id="149590" text="2242"><tfr rev_id="2456091" t="2242"><v><l id="0" t="2242"><g v="NUMB"></g></l></v></tfr></token><token id="149591" text="год"><tfr rev_id="4213502" t="год"><v><l id="72149" t="год"><g v="NOUN"></g><g v="inan"></g><g v="masc"></g><g v="sing"></g><g v="nomn"></g></l></v></tfr></token><token id="149592" text="—"><tfr rev_id="2426896" t="—"><v><l id="0" t="—"><g v="PNCT"></g></l></v></tfr></token><token id="149593" text="конец"><tfr rev_id="4212198" t="конец"><v><l id="137815" t="конец"><g v="NOUN"></g><g v="inan"></g><g v="masc"></g><g v="sing"></g><g v="nomn"></g></l></v></tfr></token><token id="149594" text="эпохи"><tfr rev_id="2694431" t="эпохи"><v><l id="385893" t="эпоха"><g v="NOUN"></g><g v="inan"></g><g v="femn"></g><g v="sing"></g><g v="gent"></g></l></v></tfr></token><token id="149595" text="Солнца"><tfr rev_id="3431636" t="Солнца"><v><l id="329068" t="солнце"><g v="NOUN"></g><g v="inan"></g><g v="neut"></g><g v="sing"></g><g v="gent"></g></l></v></tfr></token><token id="149596" text="согласно"><tfr rev_id="4492467" t="согласно"><v><l id="328255" t="согласно"><g v="PREP"></g></l></v></tfr></token><token id="149597" text="теории"><tfr rev_id="4240224" t="теории"><v><l id="344847" t="теория"><g v="NOUN"></g><g v="inan"></g><g v="femn"></g><g v="sing"></g><g v="datv"></g></l></v></tfr></token><token id="149598" text="смены"><tfr rev_id="3508859" t="смены"><v><l id="326053" t="смена"><g v="NOUN"></g><g v="inan"></g><g v="femn"></g><g v="sing"></g><g v="gent"></g></l></v></tfr></token><token id="149599" text="планетных"><tfr rev_id="2848515" t="планетных"><v><l id="239697" t="планетный"><g v="ADJF"></g><g v="Qual"></g><g v="plur"></g><g v="gent"></g></l></v></tfr></token><token id="149600" text="эпох"><tfr rev_id="984421" t="эпох"><v><l id="385893" t="эпоха"><g v="NOUN"></g><g v="inan"></g><g v="femn"></g><g v="plur"></g><g v="gent"></g></l></v></tfr></token><token id="149601" text=","><tfr rev_id="984422" t=","><v><l id="0" t=","><g v="PNCT"></g></l></v></tfr></token><token id="149602" text="которая"><tfr rev_id="3639580" t="которая"><v><l id="141203" t="который"><g v="ADJF"></g><g v="Apro"></g><g v="Subx"></g><g v="Anph"></g><g v="femn"></g><g v="sing"></g><g v="nomn"></g></l></v></tfr></token><token id="149603" text="была"><tfr rev_id="984424" t="была"><v><l id="37265" t="есть"><g v="VERB"></g><g v="impf"></g><g v="intr"></g><g v="femn"></g><g v="sing"></g><g v="past"></g><g v="indc"></g></l></v></tfr></token><token id="149604" text="изложена"><tfr rev_id="984425" t="изложена"><v><l id="119203" t="изложен"><g v="PRTS"></g><g v="perf"></g><g v="past"></g><g v="pssv"></g><g v="femn"></g><g v="sing"></g></l></v></tfr></token><token id="149605" text="в"><tfr rev_id="984426" t="в"><v><l id="37409" t="в"><g v="PREP"></g></l></v></tfr></token><token id="149606" text="работах"><tfr rev_id="984427" t="работах"><v><l id="290501" t="работа"><g v="NOUN"></g><g v="inan"></g><g v="femn"></g><g v="plur"></g><g v="loct"></g></l></v></tfr></token><token id="149607" text="ибн"><tfr rev_id="984428" t="ибн"><v><l id="116977" t="ибн"><g v="PRCL"></g></l></v></tfr></token><token id="149608" text="Эзра"><tfr rev_id="984429" t="Эзра"><v><l id="0" t="эзра"><g v="UNKN"></g></l></v></tfr></token><token id="149609" text=","><tfr rev_id="984430" t=","><v><l id="0" t=","><g v="PNCT"></g></l></v></tfr></token><token id="149610" text="Авраама"><tfr rev_id="2922329" t="Авраама"><v><l id="2868" t="авраам"><g v="NOUN"></g><g v="anim"></g><g v="masc"></g><g v="Name"></g><g v="sing"></g><g v="gent"></g></l></v></tfr></token><token id="149611" text="и"><tfr rev_id="984432" t="и"><v><l id="116949" t="и"><g v="CONJ"></g></l></v><v><l id="116950" t="и"><g v="INTJ"></g></l></v></tfr></token><token id="149612" text="Абу"><tfr rev_id="4167358" t="Абу"><v><l id="1937" t="абу"><g v="NOUN"></g><g v="anim"></g><g v="masc"></g><g v="Sgtm"></g><g v="Fixd"></g><g v="Name"></g><g v="sing"></g><g v="gent"></g></l></v></tfr></token><token id="149613" text="Машара"><tfr rev_id="984434" t="Машара"><v><l id="0" t="машара"><g v="UNKN"></g></l></v></tfr></token><token id="149614" text="."><tfr rev_id="984435" t="."><v><l id="0" t="."><g v="PNCT"></g></l></v></tfr></token></tokens></sentence><sentence id="7783"><source>* 2892 год — апокалипсис обещанный Авелем.</source><tokens><token id="149615" text="*"><tfr rev_id="2426897" t="*"><v><l id="0" t="*"><g v="PNCT"></g></l></v></tfr></token><token id="149616" text="2892"><tfr rev_id="2456092" t="2892"><v><l id="0" t="2892"><g v="NUMB"></g></l></v></tfr></token><token id="149617" text="год"><tfr rev_id="2584243" t="год"><v><l id="72149" t="год"><g v="NOUN"></g><g v="inan"></g><g v="masc"></g><g v="sing"></g><g v="nomn"></g></l></v></tfr></token><token id="149618" text="—"><tfr rev_id="2426898" t="—"><v><l id="0" t="—"><g v="PNCT"></g></l></v></tfr></token><token id="149619" text="апокалипсис"><tfr rev_id="4100399" t="апокалипсис"><v><l id="15230" t="апокалипсис"><g v="NOUN"></g><g v="inan"></g><g v="masc"></g><g v="sing"></g><g v="nomn"></g></l></v></tfr></token><token id="149620" text="обещанный"><tfr rev_id="984441" t="обещанный"><v><l id="195063" t="обещанный"><g v="PRTF"></g><g v="perf"></g><g v="tran"></g><g v="past"></g><g v="pssv"></g><g v="masc"></g><g v="sing"></g><g v="nomn"></g></l></v><v><l id="195063" t="обещанный"><g v="PRTF"></g><g v="perf"></g><g v="tran"></g><g v="past"></g><g v="pssv"></g><g v="inan"></g><g v="masc"></g><g v="sing"></g><g v="accs"></g></l></v><v><l id="195064" t="обещанный"><g v="PRTF"></g><g v="impf"></g><g v="tran"></g><g v="past"></g><g v="pssv"></g><g v="masc"></g><g v="sing"></g><g v="nomn"></g></l></v><v><l id="195064" t="обещанный"><g v="PRTF"></g><g v="impf"></g><g v="tran"></g><g v="past"></g><g v="pssv"></g><g v="inan"></g><g v="masc"></g><g v="sing"></g><g v="accs"></g></l></v></tfr></token><token id="149621" text="Авелем"><tfr rev_id="984442" t="Авелем"><v><l id="2480" t="авель"><g v="NOUN"></g><g v="anim"></g><g v="masc"></g><g v="Name"></g><g v="sing"></g><g v="ablt"></g></l></v></tfr></token><token id="149622" text="."><tfr rev_id="984443" t="."><v><l id="0" t="."><g v="PNCT"></g></l></v></tfr></token></tokens></sentence><sentence id="7784"><source>* 3797 год — кончину миру предрёк сам Нострадамус.</source><tokens><token id="149623" text="*"><tfr rev_id="2426899" t="*"><v><l id="0" t="*"><g v="PNCT"></g></l></v></tfr></token><token id="149624" text="3797"><tfr rev_id="2456093" t="3797"><v><l id="0" t="3797"><g v="NUMB"></g></l></v></tfr></token><token id="149625" text="год"><tfr rev_id="984446" t="год"><v><l id="72149" t="год"><g v="NOUN"></g><g v="inan"></g><g v="masc"></g><g v="sing"></g><g v="nomn"></g></l></v><v><l id="72149" t="год"><g v="NOUN"></g><g v="inan"></g><g v="masc"></g><g v="sing"></g><g v="accs"></g></l></v></tfr></token><token id="149626" text="—"><tfr rev_id="2426900" t="—"><v><l id="0" t="—"><g v="PNCT"></g></l></v></tfr></token><token id="149627" text="кончину"><tfr rev_id="984448" t="кончину"><v><l id="139008" t="кончина"><g v="NOUN"></g><g v="inan"></g><g v="femn"></g><g v="sing"></g><g v="accs"></g></l></v></tfr></token><token id="149628" text="миру"><tfr rev_id="3723147" t="миру"><v><l id="160807" t="мир"><g v="NOUN"></g><g v="inan"></g><g v="masc"></g><g v="sing"></g><g v="datv"></g></l></v></tfr></token><token id="149629" text="предрёк"><tfr rev_id="984450" t="предрёк"><v><l id="266980" t="предрёк"><g v="VERB"></g><g v="perf"></g><g v="tran"></g><g v="masc"></g><g v="sing"></g><g v="past"></g><g v="indc"></g></l></v></tfr></token><token id="149630" text="сам"><tfr rev_id="984451" t="сам"><v><l id="312034" t="сам"><g v="ADJF"></g><g v="Apro"></g><g v="masc"></g><g v="sing"></g><g v="nomn"></g></l></v><v><l id="312034" t="сам"><g v="ADJF"></g><g v="Apro"></g><g v="inan"></g><g v="masc"></g><g v="sing"></g><g v="accs"></g></l></v></tfr></token><token id="149631" text="Нострадамус"><tfr rev_id="984452" t="Нострадамус"><v><l id="0" t="нострадамус"><g v="UNKN"></g></l></v></tfr></token><token id="149632" text="."><tfr rev_id="984453" t="."><v><l id="0" t="."><g v="PNCT"></g></l></v></tfr></token></tokens></sentence><sentence id="7785"><source>* 5079 год — сочла последним всемирно известная Ванга …</source><tokens><token id="149633" text="*"><tfr rev_id="2426901" t="*"><v><l id="0" t="*"><g v="PNCT"></g></l></v></tfr></token><token id="149634" text="5079"><tfr rev_id="2456094" t="5079"><v><l id="0" t="5079"><g v="NUMB"></g></l></v></tfr></token><token id="149635" text="год"><tfr rev_id="4103818" t="год"><v><l id="72149" t="год"><g v="NOUN"></g><g v="inan"></g><g v="masc"></g><g v="sing"></g><g v="accs"></g></l></v></tfr></token><token id="149636" text="—"><tfr rev_id="2426902" t="—"><v><l id="0" t="—"><g v="PNCT"></g></l></v></tfr></token><token id="149637" text="сочла"><tfr rev_id="984458" t="сочла"><v><l id="341259" t="счёл"><g v="VERB"></g><g v="perf"></g><g v="tran"></g><g v="femn"></g><g v="sing"></g><g v="past"></g><g v="indc"></g></l></v></tfr></token><token id="149638" text="последним"><tfr rev_id="4413399" t="последним"><v><l id="261565" t="последний"><g v="ADJF"></g><g v="masc"></g><g v="sing"></g><g v="ablt"></g></l></v></tfr></token><token id="149639" text="всемирно"><tfr rev_id="984460" t="всемирно"><v><l id="53443" t="всемирно"><g v="ADVB"></g></l></v><v><l id="53445" t="всемирен"><g v="ADJS"></g><g v="Qual"></g><g v="neut"></g><g v="sing"></g></l></v></tfr></token><token id="149640" text="известная"><tfr rev_id="984461" t="известная"><v><l id="118144" t="известный"><g v="ADJF"></g><g v="Qual"></g><g v="femn"></g><g v="sing"></g><g v="nomn"></g></l></v></tfr></token><token id="149641" text="Ванга"><tfr rev_id="3546757" t="Ванга"><v><l id="0" t="Ванга"><g v="UNKN"></g></l></v></tfr></token><token id="149642" text="…"><tfr rev_id="2426903" t="…"><v><l id="0" t="…"><g v="PNCT"></g></l></v></tfr></token></tokens></sentence></paragraph></paragraphs></text>