<?xml version="1.0" encoding="utf-8"?><text id="1053" parent="56" name="XX Зимние Олимпийские игры"><tags><tag>url:http://ru.wikinews.org/w/index.php?title=XX_Зимние_Олимпийские_игры&amp;oldid=3740</tag><tag>Автор:http://ru.wikinews.org/wiki/Участник:Ygrek</tag><tag>Тема:ВикиКатегория:Зимние Олимпийские игры 2006</tag><tag>Год:2006</tag><tag>Дата:02/02</tag></tags><paragraphs><paragraph id="10262"><sentence id="32250"><source>XX Зимние Олимпийские игры</source><tokens><token id="577351" text="XX"><tfr rev_id="2627520" t="XX"><v><l id="0" t="XX"><g v="ROMN"></g></l></v></tfr></token><token id="577352" text="Зимние"><tfr rev_id="3768176" t="Зимние"><v><l id="115420" t="зимний"><g v="ADJF"></g><g v="plur"></g><g v="nomn"></g></l></v></tfr></token><token id="577353" text="Олимпийские"><tfr rev_id="3794328" t="Олимпийские"><v><l id="206115" t="олимпийский"><g v="ADJF"></g><g v="plur"></g><g v="nomn"></g></l></v></tfr></token><token id="577354" text="игры"><tfr rev_id="3726817" t="игры"><v><l id="117293" t="игра"><g v="NOUN"></g><g v="inan"></g><g v="femn"></g><g v="plur"></g><g v="nomn"></g></l></v></tfr></token></tokens></sentence></paragraph><paragraph id="10263"><sentence id="32251"><source>XX Зимние Олимпийские игры проводятся в Турине (Италия) с 10 по 26 февраля 2006 года.</source><tokens><token id="577355" text="XX"><tfr rev_id="2627565" t="XX"><v><l id="0" t="XX"><g v="ROMN"></g></l></v></tfr></token><token id="577356" text="Зимние"><tfr rev_id="3819411" t="Зимние"><v><l id="115420" t="зимний"><g v="ADJF"></g><g v="plur"></g><g v="nomn"></g></l></v></tfr></token><token id="577357" text="Олимпийские"><tfr rev_id="3814089" t="Олимпийские"><v><l id="206115" t="олимпийский"><g v="ADJF"></g><g v="plur"></g><g v="nomn"></g></l></v></tfr></token><token id="577358" text="игры"><tfr rev_id="3715215" t="игры"><v><l id="117293" t="игра"><g v="NOUN"></g><g v="inan"></g><g v="femn"></g><g v="plur"></g><g v="nomn"></g></l></v></tfr></token><token id="577359" text="проводятся"><tfr rev_id="1410435" t="проводятся"><v><l id="278015" t="провожусь"><g v="VERB"></g><g v="impf"></g><g v="intr"></g><g v="plur"></g><g v="3per"></g><g v="pres"></g><g v="indc"></g></l></v></tfr></token><token id="577360" text="в"><tfr rev_id="1410436" t="в"><v><l id="37409" t="в"><g v="PREP"></g></l></v></tfr></token><token id="577361" text="Турине"><tfr rev_id="1410437" t="Турине"><v><l id="351768" t="турин"><g v="NOUN"></g><g v="inan"></g><g v="masc"></g><g v="Geox"></g><g v="sing"></g><g v="loct"></g></l></v></tfr></token><token id="577362" text="("><tfr rev_id="1410438" t="("><v><l id="0" t="("><g v="PNCT"></g></l></v></tfr></token><token id="577363" text="Италия"><tfr rev_id="1410439" t="Италия"><v><l id="127098" t="италия"><g v="NOUN"></g><g v="inan"></g><g v="femn"></g><g v="Sgtm"></g><g v="Geox"></g><g v="sing"></g><g v="nomn"></g></l></v></tfr></token><token id="577364" text=")"><tfr rev_id="1410440" t=")"><v><l id="0" t=")"><g v="PNCT"></g></l></v></tfr></token><token id="577365" text="с"><tfr rev_id="1410441" t="с"><v><l id="311151" t="с"><g v="PREP"></g></l></v></tfr></token><token id="577366" text="10"><tfr rev_id="2461222" t="10"><v><l id="0" t="10"><g v="NUMB"></g></l></v></tfr></token><token id="577367" text="по"><tfr rev_id="1410443" t="по"><v><l id="241240" t="по"><g v="PREP"></g></l></v></tfr></token><token id="577368" text="26"><tfr rev_id="2461223" t="26"><v><l id="0" t="26"><g v="NUMB"></g></l></v></tfr></token><token id="577369" text="февраля"><tfr rev_id="1410445" t="февраля"><v><l id="364920" t="февраль"><g v="NOUN"></g><g v="inan"></g><g v="masc"></g><g v="sing"></g><g v="gent"></g></l></v></tfr></token><token id="577370" text="2006"><tfr rev_id="2461224" t="2006"><v><l id="0" t="2006"><g v="NUMB"></g></l></v></tfr></token><token id="577371" text="года"><tfr rev_id="3476355" t="года"><v><l id="72149" t="год"><g v="NOUN"></g><g v="inan"></g><g v="masc"></g><g v="sing"></g><g v="gen1"></g></l></v></tfr></token><token id="577372" text="."><tfr rev_id="1410448" t="."><v><l id="0" t="."><g v="PNCT"></g></l></v></tfr></token></tokens></sentence><sentence id="32252"><source>В играх принимают участие, примерно, 2633 (1627 мужчин и 1006 женщин) спортсменов из 80 стран.</source><tokens><token id="577373" text="В"><tfr rev_id="1410449" t="В"><v><l id="37409" t="в"><g v="PREP"></g></l></v></tfr></token><token id="577374" text="играх"><tfr rev_id="1410450" t="играх"><v><l id="117293" t="игра"><g v="NOUN"></g><g v="inan"></g><g v="femn"></g><g v="plur"></g><g v="loct"></g></l></v></tfr></token><token id="577375" text="принимают"><tfr rev_id="1410451" t="принимают"><v><l id="272582" t="принимаю"><g v="VERB"></g><g v="impf"></g><g v="tran"></g><g v="plur"></g><g v="3per"></g><g v="pres"></g><g v="indc"></g></l></v></tfr></token><token id="577376" text="участие"><tfr rev_id="1410452" t="участие"><v><l id="363132" t="участие"><g v="NOUN"></g><g v="inan"></g><g v="neut"></g><g v="sing"></g><g v="nomn"></g></l></v><v><l id="363132" t="участие"><g v="NOUN"></g><g v="inan"></g><g v="neut"></g><g v="sing"></g><g v="accs"></g></l></v></tfr></token><token id="577377" text=","><tfr rev_id="1410453" t=","><v><l id="0" t=","><g v="PNCT"></g></l></v></tfr></token><token id="577378" text="примерно"><tfr rev_id="2691008" t="примерно"><v><l id="272014" t="примерно"><g v="ADVB"></g></l></v><v><l id="272017" t="примерен"><g v="ADJS"></g><g v="Qual"></g><g v="neut"></g><g v="sing"></g></l></v><v><l id="388671" t="примерно"><g v="PRCL"></g></l></v></tfr></token><token id="577379" text=","><tfr rev_id="1410455" t=","><v><l id="0" t=","><g v="PNCT"></g></l></v></tfr></token><token id="577380" text="2633"><tfr rev_id="2461225" t="2633"><v><l id="0" t="2633"><g v="NUMB"></g></l></v></tfr></token><token id="577381" text="("><tfr rev_id="1410457" t="("><v><l id="0" t="("><g v="PNCT"></g></l></v></tfr></token><token id="577382" text="1627"><tfr rev_id="2461226" t="1627"><v><l id="0" t="1627"><g v="NUMB"></g></l></v></tfr></token><token id="577383" text="мужчин"><tfr rev_id="3538056" t="мужчин"><v><l id="164766" t="мужчина"><g v="NOUN"></g><g v="anim"></g><g v="masc"></g><g v="plur"></g><g v="gent"></g></l></v></tfr></token><token id="577384" text="и"><tfr rev_id="1410460" t="и"><v><l id="116949" t="и"><g v="CONJ"></g></l></v><v><l id="116950" t="и"><g v="INTJ"></g></l></v></tfr></token><token id="577385" text="1006"><tfr rev_id="2461227" t="1006"><v><l id="0" t="1006"><g v="NUMB"></g></l></v></tfr></token><token id="577386" text="женщин"><tfr rev_id="3309957" t="женщин"><v><l id="96749" t="женщина"><g v="NOUN"></g><g v="anim"></g><g v="femn"></g><g v="plur"></g><g v="gent"></g></l></v></tfr></token><token id="577387" text=")"><tfr rev_id="1410463" t=")"><v><l id="0" t=")"><g v="PNCT"></g></l></v></tfr></token><token id="577388" text="спортсменов"><tfr rev_id="3310013" t="спортсменов"><v><l id="332816" t="спортсмен"><g v="NOUN"></g><g v="anim"></g><g v="masc"></g><g v="plur"></g><g v="gent"></g></l></v></tfr></token><token id="577389" text="из"><tfr rev_id="2560554" t="из"><v><l id="117677" t="из"><g v="PREP"></g></l></v></tfr></token><token id="577390" text="80"><tfr rev_id="2461228" t="80"><v><l id="0" t="80"><g v="NUMB"></g></l></v></tfr></token><token id="577391" text="стран"><tfr rev_id="1410467" t="стран"><v><l id="337100" t="страна"><g v="NOUN"></g><g v="inan"></g><g v="femn"></g><g v="plur"></g><g v="gent"></g></l></v></tfr></token><token id="577392" text="."><tfr rev_id="1410468" t="."><v><l id="0" t="."><g v="PNCT"></g></l></v></tfr></token></tokens></sentence><sentence id="32253"><source>Медали разыгрываются в пятнадцати видах спорта.</source><tokens><token id="577393" text="Медали"><tfr rev_id="3795284" t="Медали"><v><l id="156945" t="медаль"><g v="NOUN"></g><g v="inan"></g><g v="femn"></g><g v="plur"></g><g v="nomn"></g></l></v></tfr></token><token id="577394" text="разыгрываются"><tfr rev_id="1410470" t="разыгрываются"><v><l id="297431" t="разыгрываюсь"><g v="VERB"></g><g v="impf"></g><g v="intr"></g><g v="plur"></g><g v="3per"></g><g v="pres"></g><g v="indc"></g></l></v></tfr></token><token id="577395" text="в"><tfr rev_id="1410471" t="в"><v><l id="37409" t="в"><g v="PREP"></g></l></v></tfr></token><token id="577396" text="пятнадцати"><tfr rev_id="4495603" t="пятнадцати"><v><l id="290374" t="пятнадцать"><g v="NUMR"></g><g v="loct"></g></l></v></tfr></token><token id="577397" text="видах"><tfr rev_id="1410473" t="видах"><v><l id="44437" t="вид"><g v="NOUN"></g><g v="inan"></g><g v="masc"></g><g v="plur"></g><g v="loct"></g></l></v></tfr></token><token id="577398" text="спорта"><tfr rev_id="1410474" t="спорта"><v><l id="332791" t="спорт"><g v="NOUN"></g><g v="inan"></g><g v="masc"></g><g v="sing"></g><g v="gent"></g></l></v></tfr></token><token id="577399" text="."><tfr rev_id="1410475" t="."><v><l id="0" t="."><g v="PNCT"></g></l></v></tfr></token></tokens></sentence></paragraph><paragraph id="10264"><sentence id="32254"><source>Второй раз Зимние Олимпийские игры проводятся в Италии, в 1956 году VII Зимние Олимпийские игры проходили в Кортина д’Ампеццо.</source><tokens><token id="577400" text="Второй"><tfr rev_id="4406959" t="Второй"><v><l id="55043" t="второй"><g v="ADJF"></g><g v="Anum"></g><g v="inan"></g><g v="masc"></g><g v="sing"></g><g v="accs"></g></l></v></tfr></token><token id="577401" text="раз"><tfr rev_id="4510872" t="раз"><v><l id="291500" t="раз"><g v="NOUN"></g><g v="inan"></g><g v="masc"></g><g v="sing"></g><g v="nomn"></g></l></v><v><l id="291500" t="раз"><g v="NOUN"></g><g v="inan"></g><g v="masc"></g><g v="sing"></g><g v="accs"></g></l></v></tfr></token><token id="577402" text="Зимние"><tfr rev_id="4074894" t="Зимние"><v><l id="115420" t="зимний"><g v="ADJF"></g><g v="plur"></g><g v="nomn"></g></l></v></tfr></token><token id="577403" text="Олимпийские"><tfr rev_id="3817132" t="Олимпийские"><v><l id="206115" t="олимпийский"><g v="ADJF"></g><g v="plur"></g><g v="nomn"></g></l></v></tfr></token><token id="577404" text="игры"><tfr rev_id="3815298" t="игры"><v><l id="117293" t="игра"><g v="NOUN"></g><g v="inan"></g><g v="femn"></g><g v="plur"></g><g v="nomn"></g></l></v></tfr></token><token id="577405" text="проводятся"><tfr rev_id="1410481" t="проводятся"><v><l id="278015" t="провожусь"><g v="VERB"></g><g v="impf"></g><g v="intr"></g><g v="plur"></g><g v="3per"></g><g v="pres"></g><g v="indc"></g></l></v></tfr></token><token id="577406" text="в"><tfr rev_id="1410482" t="в"><v><l id="37409" t="в"><g v="PREP"></g></l></v></tfr></token><token id="577407" text="Италии"><tfr rev_id="3455105" t="Италии"><v><l id="127098" t="италия"><g v="NOUN"></g><g v="inan"></g><g v="femn"></g><g v="Sgtm"></g><g v="Geox"></g><g v="sing"></g><g v="loct"></g></l></v></tfr></token><token id="577408" text=","><tfr rev_id="1410484" t=","><v><l id="0" t=","><g v="PNCT"></g></l></v></tfr></token><token id="577409" text="в"><tfr rev_id="1410485" t="в"><v><l id="37409" t="в"><g v="PREP"></g></l></v></tfr></token><token id="577410" text="1956"><tfr rev_id="2461229" t="1956"><v><l id="0" t="1956"><g v="NUMB"></g></l></v></tfr></token><token id="577411" text="году"><tfr rev_id="2927907" t="году"><v><l id="72149" t="год"><g v="NOUN"></g><g v="inan"></g><g v="masc"></g><g v="sing"></g><g v="loc2"></g></l></v></tfr></token><token id="577412" text="VII"><tfr rev_id="2634849" t="VII"><v><l id="0" t="VII"><g v="ROMN"></g></l></v></tfr></token><token id="577413" text="Зимние"><tfr rev_id="4085691" t="Зимние"><v><l id="115420" t="зимний"><g v="ADJF"></g><g v="plur"></g><g v="nomn"></g></l></v></tfr></token><token id="577414" text="Олимпийские"><tfr rev_id="4083063" t="Олимпийские"><v><l id="206115" t="олимпийский"><g v="ADJF"></g><g v="plur"></g><g v="nomn"></g></l></v></tfr></token><token id="577415" text="игры"><tfr rev_id="3802798" t="игры"><v><l id="117293" t="игра"><g v="NOUN"></g><g v="inan"></g><g v="femn"></g><g v="plur"></g><g v="nomn"></g></l></v></tfr></token><token id="577416" text="проходили"><tfr rev_id="1410492" t="проходили"><v><l id="287183" t="прохожу"><g v="VERB"></g><g v="impf"></g><g v="tran"></g><g v="plur"></g><g v="past"></g><g v="indc"></g></l></v><v><l id="287190" t="проходил"><g v="VERB"></g><g v="perf"></g><g v="intr"></g><g v="plur"></g><g v="past"></g><g v="indc"></g></l></v></tfr></token><token id="577417" text="в"><tfr rev_id="1410493" t="в"><v><l id="37409" t="в"><g v="PREP"></g></l></v></tfr></token><token id="577418" text="Кортина"><tfr rev_id="1410494" t="Кортина"><v><l id="0" t="кортина"><g v="UNKN"></g></l></v></tfr></token><token id="577419" text="д’Ампеццо"><tfr rev_id="1410495" t="д’Ампеццо"><v><l id="0" t="д’Ампеццо"><g v="UNKN"></g></l></v></tfr></token><token id="577420" text="."><tfr rev_id="1410496" t="."><v><l id="0" t="."><g v="PNCT"></g></l></v></tfr></token></tokens></sentence></paragraph><paragraph id="10265"><sentence id="32255"><source>В конкурсе на проведение XX Зимних Олимпийских игр Турину было отдано предпочтение перед: Хельсинки (Финляндия), Клагенфутр (Австрия), Попрад (Словакия), Закопане (Польша) и Сьон (Швейцария).</source><tokens><token id="577421" text="В"><tfr rev_id="1410497" t="В"><v><l id="37409" t="в"><g v="PREP"></g></l></v></tfr></token><token id="577422" text="конкурсе"><tfr rev_id="1410498" t="конкурсе"><v><l id="137916" t="конкурс"><g v="NOUN"></g><g v="inan"></g><g v="masc"></g><g v="sing"></g><g v="loct"></g></l></v></tfr></token><token id="577423" text="на"><tfr rev_id="3344747" t="на"><v><l id="166264" t="на"><g v="PREP"></g></l></v></tfr></token><token id="577424" text="проведение"><tfr rev_id="3486322" t="проведение"><v><l id="277705" t="проведение"><g v="NOUN"></g><g v="inan"></g><g v="neut"></g><g v="sing"></g><g v="accs"></g></l></v></tfr></token><token id="577425" text="XX"><tfr rev_id="2627629" t="XX"><v><l id="0" t="XX"><g v="ROMN"></g></l></v></tfr></token><token id="577426" text="Зимних"><tfr rev_id="3945689" t="Зимних"><v><l id="115420" t="зимний"><g v="ADJF"></g><g v="plur"></g><g v="gent"></g></l></v></tfr></token><token id="577427" text="Олимпийских"><tfr rev_id="3646482" t="Олимпийских"><v><l id="206115" t="олимпийский"><g v="ADJF"></g><g v="plur"></g><g v="gent"></g></l></v></tfr></token><token id="577428" text="игр"><tfr rev_id="1410504" t="игр"><v><l id="117293" t="игра"><g v="NOUN"></g><g v="inan"></g><g v="femn"></g><g v="plur"></g><g v="gent"></g></l></v></tfr></token><token id="577429" text="Турину"><tfr rev_id="1410505" t="Турину"><v><l id="351768" t="турин"><g v="NOUN"></g><g v="inan"></g><g v="masc"></g><g v="Geox"></g><g v="sing"></g><g v="datv"></g></l></v></tfr></token><token id="577430" text="было"><tfr rev_id="3124266" t="было"><v><l id="37265" t="есть"><g v="VERB"></g><g v="impf"></g><g v="intr"></g><g v="neut"></g><g v="sing"></g><g v="past"></g><g v="indc"></g></l></v></tfr></token><token id="577431" text="отдано"><tfr rev_id="1410507" t="отдано"><v><l id="213337" t="отдан"><g v="PRTS"></g><g v="perf"></g><g v="past"></g><g v="pssv"></g><g v="neut"></g><g v="sing"></g></l></v></tfr></token><token id="577432" text="предпочтение"><tfr rev_id="4094123" t="предпочтение"><v><l id="266884" t="предпочтение"><g v="NOUN"></g><g v="inan"></g><g v="neut"></g><g v="sing"></g><g v="nomn"></g></l></v></tfr></token><token id="577433" text="перед"><tfr rev_id="2602463" t="перед"><v><l id="228071" t="перед"><g v="PREP"></g></l></v></tfr></token><token id="577434" text=":"><tfr rev_id="1410510" t=":"><v><l id="0" t=":"><g v="PNCT"></g></l></v></tfr></token><token id="577435" text="Хельсинки"><tfr rev_id="3490546" t="Хельсинки"><v><l id="369978" t="хельсинки"><g v="NOUN"></g><g v="inan"></g><g v="masc"></g><g v="Sgtm"></g><g v="Fixd"></g><g v="Geox"></g><g v="sing"></g><g v="nomn"></g></l></v></tfr></token><token id="577436" text="("><tfr rev_id="1410512" t="("><v><l id="0" t="("><g v="PNCT"></g></l></v></tfr></token><token id="577437" text="Финляндия"><tfr rev_id="1410513" t="Финляндия"><v><l id="366154" t="финляндия"><g v="NOUN"></g><g v="inan"></g><g v="femn"></g><g v="Sgtm"></g><g v="Geox"></g><g v="sing"></g><g v="nomn"></g></l></v></tfr></token><token id="577438" text=")"><tfr rev_id="1410514" t=")"><v><l id="0" t=")"><g v="PNCT"></g></l></v></tfr></token><token id="577439" text=","><tfr rev_id="1410515" t=","><v><l id="0" t=","><g v="PNCT"></g></l></v></tfr></token><token id="577440" text="Клагенфутр"><tfr rev_id="1410516" t="Клагенфутр"><v><l id="0" t="клагенфутр"><g v="UNKN"></g></l></v></tfr></token><token id="577441" text="("><tfr rev_id="1410517" t="("><v><l id="0" t="("><g v="PNCT"></g></l></v></tfr></token><token id="577442" text="Австрия"><tfr rev_id="1410518" t="Австрия"><v><l id="2957" t="австрия"><g v="NOUN"></g><g v="inan"></g><g v="femn"></g><g v="Sgtm"></g><g v="Geox"></g><g v="sing"></g><g v="nomn"></g></l></v></tfr></token><token id="577443" text=")"><tfr rev_id="1410519" t=")"><v><l id="0" t=")"><g v="PNCT"></g></l></v></tfr></token><token id="577444" text=","><tfr rev_id="1410520" t=","><v><l id="0" t=","><g v="PNCT"></g></l></v></tfr></token><token id="577445" text="Попрад"><tfr rev_id="1410521" t="Попрад"><v><l id="0" t="попрад"><g v="UNKN"></g></l></v></tfr></token><token id="577446" text="("><tfr rev_id="1410522" t="("><v><l id="0" t="("><g v="PNCT"></g></l></v></tfr></token><token id="577447" text="Словакия"><tfr rev_id="1410523" t="Словакия"><v><l id="325126" t="словакия"><g v="NOUN"></g><g v="inan"></g><g v="femn"></g><g v="Sgtm"></g><g v="Geox"></g><g v="sing"></g><g v="nomn"></g></l></v></tfr></token><token id="577448" text=")"><tfr rev_id="1410524" t=")"><v><l id="0" t=")"><g v="PNCT"></g></l></v></tfr></token><token id="577449" text=","><tfr rev_id="1410525" t=","><v><l id="0" t=","><g v="PNCT"></g></l></v></tfr></token><token id="577450" text="Закопане"><tfr rev_id="1410526" t="Закопане"><v><l id="0" t="закопане"><g v="UNKN"></g></l></v></tfr></token><token id="577451" text="("><tfr rev_id="1410527" t="("><v><l id="0" t="("><g v="PNCT"></g></l></v></tfr></token><token id="577452" text="Польша"><tfr rev_id="1410528" t="Польша"><v><l id="257111" t="польша"><g v="NOUN"></g><g v="inan"></g><g v="femn"></g><g v="Sgtm"></g><g v="Geox"></g><g v="sing"></g><g v="nomn"></g></l></v></tfr></token><token id="577453" text=")"><tfr rev_id="1410529" t=")"><v><l id="0" t=")"><g v="PNCT"></g></l></v></tfr></token><token id="577454" text="и"><tfr rev_id="3495381" t="и"><v><l id="116949" t="и"><g v="CONJ"></g></l></v></tfr></token><token id="577455" text="Сьон"><tfr rev_id="1410531" t="Сьон"><v><l id="0" t="сьон"><g v="UNKN"></g></l></v></tfr></token><token id="577456" text="("><tfr rev_id="1410532" t="("><v><l id="0" t="("><g v="PNCT"></g></l></v></tfr></token><token id="577457" text="Швейцария"><tfr rev_id="1410533" t="Швейцария"><v><l id="378781" t="швейцария"><g v="NOUN"></g><g v="inan"></g><g v="femn"></g><g v="Sgtm"></g><g v="Geox"></g><g v="sing"></g><g v="nomn"></g></l></v></tfr></token><token id="577458" text=")"><tfr rev_id="1410534" t=")"><v><l id="0" t=")"><g v="PNCT"></g></l></v></tfr></token><token id="577459" text="."><tfr rev_id="1410535" t="."><v><l id="0" t="."><g v="PNCT"></g></l></v></tfr></token></tokens></sentence></paragraph><paragraph id="10266"><sentence id="32256"><source>Фаворитом считался швейцарский город Сьон, который претендовал на проведение олимпиады уже в третий раз, ранее в 1976 и 2002 годах.</source><tokens><token id="577460" text="Фаворитом"><tfr rev_id="1410536" t="Фаворитом"><v><l id="363888" t="фаворит"><g v="NOUN"></g><g v="anim"></g><g v="masc"></g><g v="sing"></g><g v="ablt"></g></l></v></tfr></token><token id="577461" text="считался"><tfr rev_id="1410537" t="считался"><v><l id="341335" t="считаюсь"><g v="VERB"></g><g v="impf"></g><g v="intr"></g><g v="masc"></g><g v="sing"></g><g v="past"></g><g v="indc"></g></l></v></tfr></token><token id="577462" text="швейцарский"><tfr rev_id="1410538" t="швейцарский"><v><l id="378783" t="швейцарский"><g v="ADJF"></g><g v="masc"></g><g v="sing"></g><g v="nomn"></g></l></v><v><l id="378783" t="швейцарский"><g v="ADJF"></g><g v="inan"></g><g v="masc"></g><g v="sing"></g><g v="accs"></g></l></v></tfr></token><token id="577463" text="город"><tfr rev_id="3531642" t="город"><v><l id="73547" t="город"><g v="NOUN"></g><g v="inan"></g><g v="masc"></g><g v="sing"></g><g v="nomn"></g></l></v></tfr></token><token id="577464" text="Сьон"><tfr rev_id="1410540" t="Сьон"><v><l id="0" t="сьон"><g v="UNKN"></g></l></v></tfr></token><token id="577465" text=","><tfr rev_id="1410541" t=","><v><l id="0" t=","><g v="PNCT"></g></l></v></tfr></token><token id="577466" text="который"><tfr rev_id="3637379" t="который"><v><l id="141203" t="который"><g v="ADJF"></g><g v="Apro"></g><g v="Subx"></g><g v="Anph"></g><g v="masc"></g><g v="sing"></g><g v="nomn"></g></l></v><v><l id="141203" t="который"><g v="ADJF"></g><g v="Apro"></g><g v="Subx"></g><g v="Anph"></g><g v="inan"></g><g v="masc"></g><g v="sing"></g><g v="accs"></g></l></v></tfr></token><token id="577467" text="претендовал"><tfr rev_id="1410543" t="претендовал"><v><l id="268412" t="претендую"><g v="VERB"></g><g v="impf"></g><g v="intr"></g><g v="masc"></g><g v="sing"></g><g v="past"></g><g v="indc"></g></l></v></tfr></token><token id="577468" text="на"><tfr rev_id="3395556" t="на"><v><l id="166264" t="на"><g v="PREP"></g></l></v></tfr></token><token id="577469" text="проведение"><tfr rev_id="1410545" t="проведение"><v><l id="277705" t="проведение"><g v="NOUN"></g><g v="inan"></g><g v="neut"></g><g v="sing"></g><g v="nomn"></g></l></v><v><l id="277705" t="проведение"><g v="NOUN"></g><g v="inan"></g><g v="neut"></g><g v="sing"></g><g v="accs"></g></l></v></tfr></token><token id="577470" text="олимпиады"><tfr rev_id="3440026" t="олимпиады"><v><l id="206104" t="олимпиада"><g v="NOUN"></g><g v="inan"></g><g v="femn"></g><g v="sing"></g><g v="gent"></g></l></v></tfr></token><token id="577471" text="уже"><tfr rev_id="2692670" t="уже"><v><l id="355422" t="уж"><g v="NOUN"></g><g v="anim"></g><g v="masc"></g><g v="sing"></g><g v="loct"></g></l></v><v><l id="355498" t="уже"><g v="ADVB"></g></l></v><v><l id="355674" t="уже"><g v="COMP"></g><g v="Qual"></g></l></v><v><l id="388673" t="уже"><g v="PRCL"></g></l></v></tfr></token><token id="577472" text="в"><tfr rev_id="1410548" t="в"><v><l id="37409" t="в"><g v="PREP"></g></l></v></tfr></token><token id="577473" text="третий"><tfr rev_id="3521283" t="третий"><v><l id="349855" t="третий"><g v="ADJF"></g><g v="Anum"></g><g v="masc"></g><g v="sing"></g><g v="nomn"></g></l></v><v><l id="349855" t="третий"><g v="ADJF"></g><g v="Anum"></g><g v="inan"></g><g v="masc"></g><g v="sing"></g><g v="accs"></g></l></v></tfr></token><token id="577474" text="раз"><tfr rev_id="4510392" t="раз"><v><l id="291500" t="раз"><g v="NOUN"></g><g v="inan"></g><g v="masc"></g><g v="sing"></g><g v="nomn"></g></l></v><v><l id="291500" t="раз"><g v="NOUN"></g><g v="inan"></g><g v="masc"></g><g v="sing"></g><g v="accs"></g></l></v></tfr></token><token id="577475" text=","><tfr rev_id="1410551" t=","><v><l id="0" t=","><g v="PNCT"></g></l></v></tfr></token><token id="577476" text="ранее"><tfr rev_id="1410552" t="ранее"><v><l id="297884" t="ранее"><g v="ADVB"></g></l></v></tfr></token><token id="577477" text="в"><tfr rev_id="1410553" t="в"><v><l id="37409" t="в"><g v="PREP"></g></l></v></tfr></token><token id="577478" text="1976"><tfr rev_id="2461230" t="1976"><v><l id="0" t="1976"><g v="NUMB"></g></l></v></tfr></token><token id="577479" text="и"><tfr rev_id="3671945" t="и"><v><l id="116949" t="и"><g v="CONJ"></g></l></v></tfr></token><token id="577480" text="2002"><tfr rev_id="2461231" t="2002"><v><l id="0" t="2002"><g v="NUMB"></g></l></v></tfr></token><token id="577481" text="годах"><tfr rev_id="1410557" t="годах"><v><l id="72149" t="год"><g v="NOUN"></g><g v="inan"></g><g v="masc"></g><g v="plur"></g><g v="loct"></g></l></v></tfr></token><token id="577482" text="."><tfr rev_id="1410558" t="."><v><l id="0" t="."><g v="PNCT"></g></l></v></tfr></token></tokens></sentence><sentence id="32257"><source>Незадолго до выборов места проведения, член Международного олимпийского комитета швейцарец Марк Ходлер (Marc Hodler) обвинил некоторых членов МОК в коррупции во время принятия решения о проведении XIX Зимних Олимпийских игр в Солт-Лейк-Сити.</source><tokens><token id="577483" text="Незадолго"><tfr rev_id="1410559" t="Незадолго"><v><l id="182180" t="незадолго"><g v="ADVB"></g></l></v></tfr></token><token id="577484" text="до"><tfr rev_id="1410560" t="до"><v><l id="85153" t="до"><g v="PREP"></g></l></v></tfr></token><token id="577485" text="выборов"><tfr rev_id="1410561" t="выборов"><v><l id="55719" t="выбор"><g v="NOUN"></g><g v="inan"></g><g v="masc"></g><g v="plur"></g><g v="gent"></g></l></v><v><l id="55749" t="выборы"><g v="NOUN"></g><g v="inan"></g><g v="GNdr"></g><g v="Pltm"></g><g v="plur"></g><g v="gent"></g></l></v></tfr></token><token id="577486" text="места"><tfr rev_id="3496033" t="места"><v><l id="158822" t="место"><g v="NOUN"></g><g v="inan"></g><g v="neut"></g><g v="sing"></g><g v="gent"></g></l></v></tfr></token><token id="577487" text="проведения"><tfr rev_id="3436818" t="проведения"><v><l id="277705" t="проведение"><g v="NOUN"></g><g v="inan"></g><g v="neut"></g><g v="sing"></g><g v="gent"></g></l></v></tfr></token><token id="577488" text=","><tfr rev_id="1410564" t=","><v><l id="0" t=","><g v="PNCT"></g></l></v></tfr></token><token id="577489" text="член"><tfr rev_id="1410565" t="член"><v><l id="376827" t="член"><g v="NOUN"></g><g v="anim"></g><g v="masc"></g><g v="sing"></g><g v="nomn"></g></l></v><v><l id="376828" t="член"><g v="NOUN"></g><g v="inan"></g><g v="masc"></g><g v="sing"></g><g v="nomn"></g></l></v><v><l id="376828" t="член"><g v="NOUN"></g><g v="inan"></g><g v="masc"></g><g v="sing"></g><g v="accs"></g></l></v></tfr></token><token id="577490" text="Международного"><tfr rev_id="4162126" t="Международного"><v><l id="157346" t="международный"><g v="ADJF"></g><g v="masc"></g><g v="sing"></g><g v="gent"></g></l></v><v><l id="157346" t="международный"><g v="ADJF"></g><g v="anim"></g><g v="masc"></g><g v="sing"></g><g v="accs"></g></l></v></tfr></token><token id="577491" text="олимпийского"><tfr rev_id="3448768" t="олимпийского"><v><l id="206115" t="олимпийский"><g v="ADJF"></g><g v="masc"></g><g v="sing"></g><g v="gent"></g></l></v><v><l id="206115" t="олимпийский"><g v="ADJF"></g><g v="anim"></g><g v="masc"></g><g v="sing"></g><g v="accs"></g></l></v></tfr></token><token id="577492" text="комитета"><tfr rev_id="1410568" t="комитета"><v><l id="136923" t="комитет"><g v="NOUN"></g><g v="inan"></g><g v="masc"></g><g v="sing"></g><g v="gent"></g></l></v></tfr></token><token id="577493" text="швейцарец"><tfr rev_id="1410569" t="швейцарец"><v><l id="378779" t="швейцарец"><g v="NOUN"></g><g v="anim"></g><g v="masc"></g><g v="sing"></g><g v="nomn"></g></l></v></tfr></token><token id="577494" text="Марк"><tfr rev_id="1410570" t="Марк"><v><l id="155266" t="марк"><g v="NOUN"></g><g v="anim"></g><g v="masc"></g><g v="Name"></g><g v="sing"></g><g v="nomn"></g></l></v></tfr></token><token id="577495" text="Ходлер"><tfr rev_id="1410571" t="Ходлер"><v><l id="0" t="ходлер"><g v="UNKN"></g></l></v></tfr></token><token id="577496" text="("><tfr rev_id="1410572" t="("><v><l id="0" t="("><g v="PNCT"></g></l></v></tfr></token><token id="577497" text="Marc"><tfr rev_id="2474424" t="Marc"><v><l id="0" t="Marc"><g v="LATN"></g></l></v></tfr></token><token id="577498" text="Hodler"><tfr rev_id="2474425" t="Hodler"><v><l id="0" t="Hodler"><g v="LATN"></g></l></v></tfr></token><token id="577499" text=")"><tfr rev_id="1410575" t=")"><v><l id="0" t=")"><g v="PNCT"></g></l></v></tfr></token><token id="577500" text="обвинил"><tfr rev_id="1410576" t="обвинил"><v><l id="193416" t="обвинил"><g v="VERB"></g><g v="perf"></g><g v="tran"></g><g v="masc"></g><g v="sing"></g><g v="past"></g><g v="indc"></g></l></v></tfr></token><token id="577501" text="некоторых"><tfr rev_id="4472150" t="некоторых"><v><l id="183542" t="некоторый"><g v="ADJF"></g><g v="Apro"></g><g v="plur"></g><g v="gent"></g></l></v><v><l id="183542" t="некоторый"><g v="ADJF"></g><g v="Apro"></g><g v="anim"></g><g v="plur"></g><g v="accs"></g></l></v><v><l id="183542" t="некоторый"><g v="ADJF"></g><g v="Apro"></g><g v="plur"></g><g v="loct"></g></l></v></tfr></token><token id="577502" text="членов"><tfr rev_id="3502354" t="членов"><v><l id="376827" t="член"><g v="NOUN"></g><g v="anim"></g><g v="masc"></g><g v="plur"></g><g v="accs"></g></l></v></tfr></token><token id="577503" text="МОК"><tfr rev_id="1410579" t="МОК"><v><l id="162598" t="мокну"><g v="VERB"></g><g v="impf"></g><g v="intr"></g><g v="masc"></g><g v="sing"></g><g v="past"></g><g v="indc"></g></l></v></tfr></token><token id="577504" text="в"><tfr rev_id="1410580" t="в"><v><l id="37409" t="в"><g v="PREP"></g></l></v></tfr></token><token id="577505" text="коррупции"><tfr rev_id="4181185" t="коррупции"><v><l id="140328" t="коррупция"><g v="NOUN"></g><g v="inan"></g><g v="femn"></g><g v="sing"></g><g v="loct"></g></l></v></tfr></token><token id="577506" text="во"><tfr rev_id="2920215" t="во"><v><l id="37409" t="в"><g v="PREP"></g><g v="Vpre"></g></l></v></tfr></token><token id="577507" text="время"><tfr rev_id="3430734" t="время"><v><l id="53149" t="время"><g v="NOUN"></g><g v="inan"></g><g v="neut"></g><g v="sing"></g><g v="accs"></g></l></v></tfr></token><token id="577508" text="принятия"><tfr rev_id="3471954" t="принятия"><v><l id="272696" t="принятие"><g v="NOUN"></g><g v="inan"></g><g v="neut"></g><g v="sing"></g><g v="gent"></g></l></v></tfr></token><token id="577509" text="решения"><tfr rev_id="3491666" t="решения"><v><l id="307350" t="решение"><g v="NOUN"></g><g v="inan"></g><g v="neut"></g><g v="sing"></g><g v="gent"></g></l></v></tfr></token><token id="577510" text="о"><tfr rev_id="3283992" t="о"><v><l id="192977" t="о"><g v="PREP"></g></l></v></tfr></token><token id="577511" text="проведении"><tfr rev_id="1410587" t="проведении"><v><l id="277705" t="проведение"><g v="NOUN"></g><g v="inan"></g><g v="neut"></g><g v="sing"></g><g v="loct"></g></l></v></tfr></token><token id="577512" text="XIX"><tfr rev_id="2634738" t="XIX"><v><l id="0" t="XIX"><g v="ROMN"></g></l></v></tfr></token><token id="577513" text="Зимних"><tfr rev_id="4355947" t="Зимних"><v><l id="115420" t="зимний"><g v="ADJF"></g><g v="plur"></g><g v="gent"></g></l></v></tfr></token><token id="577514" text="Олимпийских"><tfr rev_id="4402475" t="Олимпийских"><v><l id="206115" t="олимпийский"><g v="ADJF"></g><g v="plur"></g><g v="gent"></g></l></v></tfr></token><token id="577515" text="игр"><tfr rev_id="1410591" t="игр"><v><l id="117293" t="игра"><g v="NOUN"></g><g v="inan"></g><g v="femn"></g><g v="plur"></g><g v="gent"></g></l></v></tfr></token><token id="577516" text="в"><tfr rev_id="1410592" t="в"><v><l id="37409" t="в"><g v="PREP"></g></l></v></tfr></token><token id="577517" text="Солт-Лейк-Сити"><tfr rev_id="1410593" t="Солт-Лейк-Сити"><v><l id="0" t="солт-лейк-сити"><g v="UNKN"></g></l></v></tfr></token><token id="577518" text="."><tfr rev_id="1410594" t="."><v><l id="0" t="."><g v="PNCT"></g></l></v></tfr></token></tokens></sentence><sentence id="32258"><source>Были высказывания, что это оказало влияние на выбор столицы XX Зимних Олимпийских игр, так как многие в, отместку, голосовали против Швейцарии.</source><tokens><token id="577519" text="Были"><tfr rev_id="1716152" t="Были"><v><l id="37265" t="есть"><g v="VERB"></g><g v="impf"></g><g v="intr"></g><g v="plur"></g><g v="past"></g><g v="indc"></g></l></v></tfr></token><token id="577520" text="высказывания"><tfr rev_id="3794983" t="высказывания"><v><l id="61886" t="высказывание"><g v="NOUN"></g><g v="inan"></g><g v="neut"></g><g v="plur"></g><g v="nomn"></g></l></v></tfr></token><token id="577521" text=","><tfr rev_id="1410597" t=","><v><l id="0" t=","><g v="PNCT"></g></l></v></tfr></token><token id="577522" text="что"><tfr rev_id="3196589" t="что"><v><l id="377004" t="что"><g v="CONJ"></g></l></v><v><l id="377005" t="что"><g v="NPRO"></g><g v="neut"></g><g v="sing"></g><g v="nomn"></g></l></v><v><l id="377005" t="что"><g v="NPRO"></g><g v="neut"></g><g v="sing"></g><g v="accs"></g></l></v><v><l id="377006" t="что"><g v="ADVB"></g><g v="Ques"></g></l></v><v><l id="388695" t="что"><g v="PRCL"></g></l></v></tfr></token><token id="577523" text="это"><tfr rev_id="4441453" t="это"><v><l id="386574" t="это"><g v="PRCL"></g></l></v><v><l id="386575" t="это"><g v="NPRO"></g><g v="neut"></g><g v="sing"></g><g v="nomn"></g></l></v><v><l id="386575" t="это"><g v="NPRO"></g><g v="neut"></g><g v="sing"></g><g v="accs"></g></l></v><v><l id="386581" t="этот"><g v="ADJF"></g><g v="Subx"></g><g v="Apro"></g><g v="Anph"></g><g v="neut"></g><g v="sing"></g><g v="nomn"></g></l></v><v><l id="386581" t="этот"><g v="ADJF"></g><g v="Subx"></g><g v="Apro"></g><g v="Anph"></g><g v="neut"></g><g v="sing"></g><g v="accs"></g></l></v></tfr></token><token id="577524" text="оказало"><tfr rev_id="1410600" t="оказало"><v><l id="204456" t="оказал"><g v="VERB"></g><g v="perf"></g><g v="tran"></g><g v="neut"></g><g v="sing"></g><g v="past"></g><g v="indc"></g></l></v></tfr></token><token id="577525" text="влияние"><tfr rev_id="3679194" t="влияние"><v><l id="46951" t="влияние"><g v="NOUN"></g><g v="inan"></g><g v="neut"></g><g v="sing"></g><g v="accs"></g></l></v></tfr></token><token id="577526" text="на"><tfr rev_id="3333883" t="на"><v><l id="166264" t="на"><g v="PREP"></g></l></v></tfr></token><token id="577527" text="выбор"><tfr rev_id="1410603" t="выбор"><v><l id="55719" t="выбор"><g v="NOUN"></g><g v="inan"></g><g v="masc"></g><g v="sing"></g><g v="nomn"></g></l></v><v><l id="55719" t="выбор"><g v="NOUN"></g><g v="inan"></g><g v="masc"></g><g v="sing"></g><g v="accs"></g></l></v></tfr></token><token id="577528" text="столицы"><tfr rev_id="3470121" t="столицы"><v><l id="336588" t="столица"><g v="NOUN"></g><g v="inan"></g><g v="femn"></g><g v="sing"></g><g v="gent"></g></l></v></tfr></token><token id="577529" text="XX"><tfr rev_id="2634769" t="XX"><v><l id="0" t="XX"><g v="ROMN"></g></l></v></tfr></token><token id="577530" text="Зимних"><tfr rev_id="3671101" t="Зимних"><v><l id="115420" t="зимний"><g v="ADJF"></g><g v="plur"></g><g v="gent"></g></l></v></tfr></token><token id="577531" text="Олимпийских"><tfr rev_id="3410942" t="Олимпийских"><v><l id="206115" t="олимпийский"><g v="ADJF"></g><g v="plur"></g><g v="gent"></g></l></v></tfr></token><token id="577532" text="игр"><tfr rev_id="1410608" t="игр"><v><l id="117293" t="игра"><g v="NOUN"></g><g v="inan"></g><g v="femn"></g><g v="plur"></g><g v="gent"></g></l></v></tfr></token><token id="577533" text=","><tfr rev_id="1410609" t=","><v><l id="0" t=","><g v="PNCT"></g></l></v></tfr></token><token id="577534" text="так"><tfr rev_id="1410610" t="так"><v><l id="342451" t="так"><g v="CONJ"></g></l></v><v><l id="342452" t="так"><g v="PRCL"></g></l></v><v><l id="342453" t="так"><g v="ADVB"></g><g v="Dmns"></g></l></v></tfr></token><token id="577535" text="как"><tfr rev_id="1410611" t="как"><v><l id="128190" t="как"><g v="CONJ"></g></l></v><v><l id="128191" t="как"><g v="PRCL"></g></l></v><v><l id="128192" t="как"><g v="ADVB"></g><g v="Ques"></g></l></v></tfr></token><token id="577536" text="многие"><tfr rev_id="3884927" t="многие"><v><l id="161426" t="многие"><g v="NPRO"></g><g v="plur"></g><g v="nomn"></g></l></v></tfr></token><token id="577537" text="в"><tfr rev_id="1410613" t="в"><v><l id="37409" t="в"><g v="PREP"></g></l></v></tfr></token><token id="577538" text=","><tfr rev_id="1410614" t=","><v><l id="0" t=","><g v="PNCT"></g></l></v></tfr></token><token id="577539" text="отместку"><tfr rev_id="1410615" t="отместку"><v><l id="215564" t="отместка"><g v="NOUN"></g><g v="inan"></g><g v="femn"></g><g v="sing"></g><g v="accs"></g></l></v></tfr></token><token id="577540" text=","><tfr rev_id="1410616" t=","><v><l id="0" t=","><g v="PNCT"></g></l></v></tfr></token><token id="577541" text="голосовали"><tfr rev_id="1410617" t="голосовали"><v><l id="72509" t="голосую"><g v="VERB"></g><g v="impf"></g><g v="tran"></g><g v="plur"></g><g v="past"></g><g v="indc"></g></l></v></tfr></token><token id="577542" text="против"><tfr rev_id="4485205" t="против"><v><l id="285790" t="против"><g v="PREP"></g></l></v></tfr></token><token id="577543" text="Швейцарии"><tfr rev_id="3325514" t="Швейцарии"><v><l id="378781" t="швейцария"><g v="NOUN"></g><g v="inan"></g><g v="femn"></g><g v="Sgtm"></g><g v="Geox"></g><g v="sing"></g><g v="gent"></g></l></v></tfr></token><token id="577544" text="."><tfr rev_id="1410620" t="."><v><l id="0" t="."><g v="PNCT"></g></l></v></tfr></token></tokens></sentence></paragraph></paragraphs></text>