<?xml version="1.0" encoding="utf-8"?><text id="1054" parent="56" name="В Москве молодые расисты убивают шахматиста"><tags><tag>url:http://ru.wikinews.org/w/index.php?title=В_Москве_молодые_расисты_убивают_шахматиста&amp;oldid=59329</tag><tag>Автор:http://ru.wikinews.org/wiki/Участник:Ygrek</tag><tag>Дата:25/10</tag><tag>Год:2007</tag><tag>Тема:ВикиКатегория:Криминал</tag><tag>Тема:ВикиКатегория:Насилие</tag><tag>Тема:ВикиКатегория:Шахматы</tag><tag>Гео:ВикиКатегория:Москва</tag><tag>Гео:ВикиКатегория:Россия</tag></tags><paragraphs><paragraph id="10267"><sentence id="32259"><source>В Москве банда молодых националистов до смерти избила международного мастера по шахматам Сергея Николаева.</source><tokens><token id="577545" text="В"><tfr rev_id="1410621" t="В"><v><l id="37409" t="в"><g v="PREP"></g></l></v></tfr></token><token id="577546" text="Москве"><tfr rev_id="2931133" t="Москве"><v><l id="163901" t="москва"><g v="NOUN"></g><g v="inan"></g><g v="femn"></g><g v="Sgtm"></g><g v="Geox"></g><g v="sing"></g><g v="loct"></g></l></v></tfr></token><token id="577547" text="банда"><tfr rev_id="1410623" t="банда"><v><l id="23495" t="банда"><g v="NOUN"></g><g v="inan"></g><g v="femn"></g><g v="sing"></g><g v="nomn"></g></l></v></tfr></token><token id="577548" text="молодых"><tfr rev_id="4421099" t="молодых"><v><l id="162846" t="молодой"><g v="ADJF"></g><g v="Qual"></g><g v="plur"></g><g v="gent"></g></l></v></tfr></token><token id="577549" text="националистов"><tfr rev_id="2367407" t="националистов"><v><l id="178137" t="националист"><g v="NOUN"></g><g v="anim"></g><g v="masc"></g><g v="plur"></g><g v="gent"></g></l></v></tfr></token><token id="577550" text="до"><tfr rev_id="1410626" t="до"><v><l id="85153" t="до"><g v="PREP"></g></l></v></tfr></token><token id="577551" text="смерти"><tfr rev_id="4291876" t="смерти"><v><l id="326158" t="смерть"><g v="NOUN"></g><g v="inan"></g><g v="femn"></g><g v="sing"></g><g v="gent"></g></l></v></tfr></token><token id="577552" text="избила"><tfr rev_id="1410628" t="избила"><v><l id="117835" t="избил"><g v="VERB"></g><g v="perf"></g><g v="tran"></g><g v="femn"></g><g v="sing"></g><g v="past"></g><g v="indc"></g></l></v></tfr></token><token id="577553" text="международного"><tfr rev_id="4448626" t="международного"><v><l id="157346" t="международный"><g v="ADJF"></g><g v="anim"></g><g v="masc"></g><g v="sing"></g><g v="accs"></g></l></v></tfr></token><token id="577554" text="мастера"><tfr rev_id="4461731" t="мастера"><v><l id="156069" t="мастер"><g v="NOUN"></g><g v="anim"></g><g v="masc"></g><g v="sing"></g><g v="accs"></g></l></v></tfr></token><token id="577555" text="по"><tfr rev_id="1410631" t="по"><v><l id="241240" t="по"><g v="PREP"></g></l></v></tfr></token><token id="577556" text="шахматам"><tfr rev_id="1410632" t="шахматам"><v><l id="378578" t="шахматы"><g v="NOUN"></g><g v="inan"></g><g v="GNdr"></g><g v="Pltm"></g><g v="plur"></g><g v="datv"></g></l></v></tfr></token><token id="577557" text="Сергея"><tfr rev_id="2826913" t="Сергея"><v><l id="319056" t="сергей"><g v="NOUN"></g><g v="anim"></g><g v="masc"></g><g v="Name"></g><g v="sing"></g><g v="accs"></g></l></v></tfr></token><token id="577558" text="Николаева"><tfr rev_id="4425851" t="Николаева"><v><l id="190947" t="николаев"><g v="NOUN"></g><g v="anim"></g><g v="masc"></g><g v="Sgtm"></g><g v="Surn"></g><g v="sing"></g><g v="accs"></g></l></v></tfr></token><token id="577559" text="."><tfr rev_id="1410635" t="."><v><l id="0" t="."><g v="PNCT"></g></l></v></tfr></token></tokens></sentence><sentence id="32260"><source>Милиция считает, что убийство совершено из националистических побуждений.</source><tokens><token id="577560" text="Милиция"><tfr rev_id="1410636" t="Милиция"><v><l id="160225" t="милиция"><g v="NOUN"></g><g v="inan"></g><g v="femn"></g><g v="sing"></g><g v="nomn"></g></l></v></tfr></token><token id="577561" text="считает"><tfr rev_id="3893187" t="считает"><v><l id="341320" t="считаю"><g v="VERB"></g><g v="impf"></g><g v="tran"></g><g v="sing"></g><g v="3per"></g><g v="pres"></g><g v="indc"></g></l></v></tfr></token><token id="577562" text=","><tfr rev_id="1410638" t=","><v><l id="0" t=","><g v="PNCT"></g></l></v></tfr></token><token id="577563" text="что"><tfr rev_id="3196590" t="что"><v><l id="377004" t="что"><g v="CONJ"></g></l></v><v><l id="377005" t="что"><g v="NPRO"></g><g v="neut"></g><g v="sing"></g><g v="nomn"></g></l></v><v><l id="377005" t="что"><g v="NPRO"></g><g v="neut"></g><g v="sing"></g><g v="accs"></g></l></v><v><l id="377006" t="что"><g v="ADVB"></g><g v="Ques"></g></l></v><v><l id="388695" t="что"><g v="PRCL"></g></l></v></tfr></token><token id="577564" text="убийство"><tfr rev_id="1410640" t="убийство"><v><l id="352998" t="убийство"><g v="NOUN"></g><g v="inan"></g><g v="neut"></g><g v="sing"></g><g v="nomn"></g></l></v><v><l id="352998" t="убийство"><g v="NOUN"></g><g v="inan"></g><g v="neut"></g><g v="sing"></g><g v="accs"></g></l></v></tfr></token><token id="577565" text="совершено"><tfr rev_id="1410641" t="совершено"><v><l id="327928" t="совершён"><g v="PRTS"></g><g v="perf"></g><g v="past"></g><g v="pssv"></g><g v="neut"></g><g v="sing"></g></l></v></tfr></token><token id="577566" text="из"><tfr rev_id="2602547" t="из"><v><l id="117677" t="из"><g v="PREP"></g></l></v></tfr></token><token id="577567" text="националистических"><tfr rev_id="3703545" t="националистических"><v><l id="178138" t="националистический"><g v="ADJF"></g><g v="plur"></g><g v="gent"></g></l></v></tfr></token><token id="577568" text="побуждений"><tfr rev_id="1410644" t="побуждений"><v><l id="241897" t="побуждение"><g v="NOUN"></g><g v="inan"></g><g v="neut"></g><g v="plur"></g><g v="gent"></g></l></v></tfr></token><token id="577569" text="."><tfr rev_id="1410645" t="."><v><l id="0" t="."><g v="PNCT"></g></l></v></tfr></token></tokens></sentence><sentence id="32261"><source>При обыске задержанных подозреваемых были найдены брошюры с экстремистским содержанием.</source><tokens><token id="577570" text="При"><tfr rev_id="2601298" t="При"><v><l id="268625" t="при"><g v="PREP"></g></l></v></tfr></token><token id="577571" text="обыске"><tfr rev_id="1410647" t="обыске"><v><l id="202017" t="обыск"><g v="NOUN"></g><g v="inan"></g><g v="masc"></g><g v="sing"></g><g v="loct"></g></l></v></tfr></token><token id="577572" text="задержанных"><tfr rev_id="4137576" t="задержанных"><v><l id="101572" t="задержанный"><g v="PRTF"></g><g v="Subx"></g><g v="perf"></g><g v="tran"></g><g v="past"></g><g v="pssv"></g><g v="plur"></g><g v="gent"></g></l></v></tfr></token><token id="577573" text="подозреваемых"><tfr rev_id="4319599" t="подозреваемых"><v><l id="248457" t="подозреваемый"><g v="PRTF"></g><g v="Subx"></g><g v="impf"></g><g v="tran"></g><g v="pres"></g><g v="pssv"></g><g v="plur"></g><g v="gent"></g></l></v><v><l id="248457" t="подозреваемый"><g v="PRTF"></g><g v="Subx"></g><g v="impf"></g><g v="tran"></g><g v="pres"></g><g v="pssv"></g><g v="anim"></g><g v="plur"></g><g v="accs"></g></l></v><v><l id="248457" t="подозреваемый"><g v="PRTF"></g><g v="Subx"></g><g v="impf"></g><g v="tran"></g><g v="pres"></g><g v="pssv"></g><g v="plur"></g><g v="loct"></g></l></v></tfr></token><token id="577574" text="были"><tfr rev_id="1716153" t="были"><v><l id="37265" t="есть"><g v="VERB"></g><g v="impf"></g><g v="intr"></g><g v="plur"></g><g v="past"></g><g v="indc"></g></l></v></tfr></token><token id="577575" text="найдены"><tfr rev_id="1410651" t="найдены"><v><l id="170615" t="найден"><g v="PRTS"></g><g v="perf"></g><g v="past"></g><g v="pssv"></g><g v="plur"></g></l></v></tfr></token><token id="577576" text="брошюры"><tfr rev_id="3761917" t="брошюры"><v><l id="34354" t="брошюра"><g v="NOUN"></g><g v="inan"></g><g v="femn"></g><g v="plur"></g><g v="nomn"></g></l></v></tfr></token><token id="577577" text="с"><tfr rev_id="1410653" t="с"><v><l id="311151" t="с"><g v="PREP"></g></l></v></tfr></token><token id="577578" text="экстремистским"><tfr rev_id="4172230" t="экстремистским"><v><l id="383868" t="экстремистский"><g v="ADJF"></g><g v="neut"></g><g v="sing"></g><g v="ablt"></g></l></v></tfr></token><token id="577579" text="содержанием"><tfr rev_id="1410655" t="содержанием"><v><l id="328404" t="содержание"><g v="NOUN"></g><g v="inan"></g><g v="neut"></g><g v="sing"></g><g v="ablt"></g></l></v></tfr></token><token id="577580" text="."><tfr rev_id="1410656" t="."><v><l id="0" t="."><g v="PNCT"></g></l></v></tfr></token></tokens></sentence></paragraph><paragraph id="10268"><sentence id="32262"><source>Происшествие случилось в Москве, в районе Воронцовского парка, на улице архитектора Власова после футбольного матча.</source><tokens><token id="577581" text="Происшествие"><tfr rev_id="1410657" t="Происшествие"><v><l id="280293" t="происшествие"><g v="NOUN"></g><g v="inan"></g><g v="neut"></g><g v="sing"></g><g v="nomn"></g></l></v><v><l id="280293" t="происшествие"><g v="NOUN"></g><g v="inan"></g><g v="neut"></g><g v="sing"></g><g v="accs"></g></l></v></tfr></token><token id="577582" text="случилось"><tfr rev_id="1410658" t="случилось"><v><l id="325498" t="случился"><g v="VERB"></g><g v="perf"></g><g v="intr"></g><g v="neut"></g><g v="sing"></g><g v="past"></g><g v="indc"></g></l></v></tfr></token><token id="577583" text="в"><tfr rev_id="1410659" t="в"><v><l id="37409" t="в"><g v="PREP"></g></l></v></tfr></token><token id="577584" text="Москве"><tfr rev_id="3447435" t="Москве"><v><l id="163901" t="москва"><g v="NOUN"></g><g v="inan"></g><g v="femn"></g><g v="Sgtm"></g><g v="Geox"></g><g v="sing"></g><g v="loct"></g></l></v></tfr></token><token id="577585" text=","><tfr rev_id="1410661" t=","><v><l id="0" t=","><g v="PNCT"></g></l></v></tfr></token><token id="577586" text="в"><tfr rev_id="1410662" t="в"><v><l id="37409" t="в"><g v="PREP"></g></l></v></tfr></token><token id="577587" text="районе"><tfr rev_id="1410663" t="районе"><v><l id="297595" t="район"><g v="NOUN"></g><g v="inan"></g><g v="masc"></g><g v="sing"></g><g v="loct"></g></l></v></tfr></token><token id="577588" text="Воронцовского"><tfr rev_id="3470261" t="Воронцовского"><v><l id="51115" t="воронцовский"><g v="ADJF"></g><g v="masc"></g><g v="sing"></g><g v="gent"></g></l></v><v><l id="51115" t="воронцовский"><g v="ADJF"></g><g v="anim"></g><g v="masc"></g><g v="sing"></g><g v="accs"></g></l></v></tfr></token><token id="577589" text="парка"><tfr rev_id="4082606" t="парка"><v><l id="224117" t="парк"><g v="NOUN"></g><g v="inan"></g><g v="masc"></g><g v="sing"></g><g v="gent"></g></l></v><v><l id="224285" t="парок"><g v="NOUN"></g><g v="inan"></g><g v="masc"></g><g v="sing"></g><g v="gen1"></g></l></v></tfr></token><token id="577590" text=","><tfr rev_id="1410666" t=","><v><l id="0" t=","><g v="PNCT"></g></l></v></tfr></token><token id="577591" text="на"><tfr rev_id="3337633" t="на"><v><l id="166264" t="на"><g v="PREP"></g></l></v></tfr></token><token id="577592" text="улице"><tfr rev_id="3546048" t="улице"><v><l id="356890" t="улица"><g v="NOUN"></g><g v="inan"></g><g v="femn"></g><g v="sing"></g><g v="loct"></g></l></v></tfr></token><token id="577593" text="архитектора"><tfr rev_id="4397553" t="архитектора"><v><l id="17842" t="архитектор"><g v="NOUN"></g><g v="anim"></g><g v="masc"></g><g v="sing"></g><g v="gent"></g></l></v></tfr></token><token id="577594" text="Власова"><tfr rev_id="4392129" t="Власова"><v><l id="46775" t="власов"><g v="NOUN"></g><g v="anim"></g><g v="masc"></g><g v="Sgtm"></g><g v="Surn"></g><g v="sing"></g><g v="gent"></g></l></v></tfr></token><token id="577595" text="после"><tfr rev_id="4403580" t="после"><v><l id="261542" t="после"><g v="PREP"></g></l></v></tfr></token><token id="577596" text="футбольного"><tfr rev_id="4578305" t="футбольного"><v><l id="368776" t="футбольный"><g v="ADJF"></g><g v="masc"></g><g v="sing"></g><g v="gent"></g></l></v></tfr></token><token id="577597" text="матча"><tfr rev_id="1410673" t="матча"><v><l id="156440" t="матч"><g v="NOUN"></g><g v="inan"></g><g v="masc"></g><g v="sing"></g><g v="gent"></g></l></v></tfr></token><token id="577598" text="."><tfr rev_id="1410674" t="."><v><l id="0" t="."><g v="PNCT"></g></l></v></tfr></token></tokens></sentence><sentence id="32263"><source>Сергей Николаев был атакован девятью молодыми людьми.</source><tokens><token id="577599" text="Сергей"><tfr rev_id="1410675" t="Сергей"><v><l id="319056" t="сергей"><g v="NOUN"></g><g v="anim"></g><g v="masc"></g><g v="Name"></g><g v="sing"></g><g v="nomn"></g></l></v></tfr></token><token id="577600" text="Николаев"><tfr rev_id="3450353" t="Николаев"><v><l id="190946" t="николаев"><g v="NOUN"></g><g v="inan"></g><g v="masc"></g><g v="Geox"></g><g v="sing"></g><g v="nomn"></g></l></v><v><l id="190946" t="николаев"><g v="NOUN"></g><g v="inan"></g><g v="masc"></g><g v="Geox"></g><g v="sing"></g><g v="accs"></g></l></v><v><l id="190947" t="николаев"><g v="NOUN"></g><g v="anim"></g><g v="masc"></g><g v="Sgtm"></g><g v="Surn"></g><g v="sing"></g><g v="nomn"></g></l></v></tfr></token><token id="577601" text="был"><tfr rev_id="1410677" t="был"><v><l id="37265" t="есть"><g v="VERB"></g><g v="impf"></g><g v="intr"></g><g v="masc"></g><g v="sing"></g><g v="past"></g><g v="indc"></g></l></v></tfr></token><token id="577602" text="атакован"><tfr rev_id="1410678" t="атакован"><v><l id="19331" t="атакован"><g v="PRTS"></g><g v="perf"></g><g v="past"></g><g v="pssv"></g><g v="masc"></g><g v="sing"></g></l></v><v><l id="19332" t="атакован"><g v="PRTS"></g><g v="impf"></g><g v="past"></g><g v="pssv"></g><g v="masc"></g><g v="sing"></g></l></v></tfr></token><token id="577603" text="девятью"><tfr rev_id="4084634" t="девятью"><v><l id="79531" t="девять"><g v="NUMR"></g><g v="ablt"></g></l></v></tfr></token><token id="577604" text="молодыми"><tfr rev_id="4151358" t="молодыми"><v><l id="162846" t="молодой"><g v="ADJF"></g><g v="Qual"></g><g v="plur"></g><g v="ablt"></g></l></v></tfr></token><token id="577605" text="людьми"><tfr rev_id="1410681" t="людьми"><v><l id="375073" t="человек"><g v="NOUN"></g><g v="anim"></g><g v="masc"></g><g v="plur"></g><g v="ablt"></g></l></v></tfr></token><token id="577606" text="."><tfr rev_id="1410682" t="."><v><l id="0" t="."><g v="PNCT"></g></l></v></tfr></token></tokens></sentence><sentence id="32264"><source>Николаев был зверски избит бейсбольными битами и кастетами.</source><tokens><token id="577607" text="Николаев"><tfr rev_id="4282342" t="Николаев"><v><l id="190947" t="николаев"><g v="NOUN"></g><g v="anim"></g><g v="masc"></g><g v="Sgtm"></g><g v="Surn"></g><g v="sing"></g><g v="nomn"></g></l></v></tfr></token><token id="577608" text="был"><tfr rev_id="1410684" t="был"><v><l id="37265" t="есть"><g v="VERB"></g><g v="impf"></g><g v="intr"></g><g v="masc"></g><g v="sing"></g><g v="past"></g><g v="indc"></g></l></v></tfr></token><token id="577609" text="зверски"><tfr rev_id="1410685" t="зверски"><v><l id="114491" t="зверски"><g v="ADVB"></g></l></v></tfr></token><token id="577610" text="избит"><tfr rev_id="1410686" t="избит"><v><l id="117833" t="избит"><g v="ADJS"></g><g v="Qual"></g><g v="masc"></g><g v="sing"></g></l></v><v><l id="117839" t="избит"><g v="PRTS"></g><g v="perf"></g><g v="past"></g><g v="pssv"></g><g v="masc"></g><g v="sing"></g></l></v></tfr></token><token id="577611" text="бейсбольными"><tfr rev_id="1410687" t="бейсбольными"><v><l id="26590" t="бейсбольный"><g v="ADJF"></g><g v="plur"></g><g v="ablt"></g></l></v></tfr></token><token id="577612" text="битами"><tfr rev_id="4182256" t="битами"><v><l id="30105" t="бита"><g v="NOUN"></g><g v="inan"></g><g v="femn"></g><g v="plur"></g><g v="ablt"></g></l></v></tfr></token><token id="577613" text="и"><tfr rev_id="1410689" t="и"><v><l id="116949" t="и"><g v="CONJ"></g></l></v><v><l id="116950" t="и"><g v="INTJ"></g></l></v></tfr></token><token id="577614" text="кастетами"><tfr rev_id="1410690" t="кастетами"><v><l id="131070" t="кастет"><g v="NOUN"></g><g v="inan"></g><g v="masc"></g><g v="plur"></g><g v="ablt"></g></l></v></tfr></token><token id="577615" text="."><tfr rev_id="1410691" t="."><v><l id="0" t="."><g v="PNCT"></g></l></v></tfr></token></tokens></sentence><sentence id="32265"><source>От полученных травм Николаев скончался.</source><tokens><token id="577616" text="От"><tfr rev_id="1410692" t="От"><v><l id="211644" t="от"><g v="PREP"></g></l></v></tfr></token><token id="577617" text="полученных"><tfr rev_id="1410693" t="полученных"><v><l id="256962" t="полученный"><g v="PRTF"></g><g v="perf"></g><g v="tran"></g><g v="past"></g><g v="pssv"></g><g v="plur"></g><g v="gent"></g></l></v><v><l id="256962" t="полученный"><g v="PRTF"></g><g v="perf"></g><g v="tran"></g><g v="past"></g><g v="pssv"></g><g v="anim"></g><g v="plur"></g><g v="accs"></g></l></v><v><l id="256962" t="полученный"><g v="PRTF"></g><g v="perf"></g><g v="tran"></g><g v="past"></g><g v="pssv"></g><g v="plur"></g><g v="loct"></g></l></v></tfr></token><token id="577618" text="травм"><tfr rev_id="1410694" t="травм"><v><l id="348664" t="травма"><g v="NOUN"></g><g v="inan"></g><g v="femn"></g><g v="plur"></g><g v="gent"></g></l></v></tfr></token><token id="577619" text="Николаев"><tfr rev_id="2636932" t="Николаев"><v><l id="190946" t="николаев"><g v="NOUN"></g><g v="inan"></g><g v="masc"></g><g v="Geox"></g><g v="sing"></g><g v="nomn"></g></l></v><v><l id="190946" t="николаев"><g v="NOUN"></g><g v="inan"></g><g v="masc"></g><g v="Geox"></g><g v="sing"></g><g v="accs"></g></l></v><v><l id="190947" t="николаев"><g v="NOUN"></g><g v="anim"></g><g v="masc"></g><g v="Sgtm"></g><g v="Surn"></g><g v="sing"></g><g v="nomn"></g></l></v></tfr></token><token id="577620" text="скончался"><tfr rev_id="1410696" t="скончался"><v><l id="323055" t="скончался"><g v="VERB"></g><g v="perf"></g><g v="intr"></g><g v="masc"></g><g v="sing"></g><g v="past"></g><g v="indc"></g></l></v></tfr></token><token id="577621" text="."><tfr rev_id="1410697" t="."><v><l id="0" t="."><g v="PNCT"></g></l></v></tfr></token></tokens></sentence><sentence id="32266"><source>В это же время были в этом же районе были избиты еще несколько человек не русской внешности.</source><tokens><token id="577622" text="В"><tfr rev_id="1410698" t="В"><v><l id="37409" t="в"><g v="PREP"></g></l></v></tfr></token><token id="577623" text="это"><tfr rev_id="4441454" t="это"><v><l id="386574" t="это"><g v="PRCL"></g></l></v><v><l id="386575" t="это"><g v="NPRO"></g><g v="neut"></g><g v="sing"></g><g v="nomn"></g></l></v><v><l id="386575" t="это"><g v="NPRO"></g><g v="neut"></g><g v="sing"></g><g v="accs"></g></l></v><v><l id="386581" t="этот"><g v="ADJF"></g><g v="Subx"></g><g v="Apro"></g><g v="Anph"></g><g v="neut"></g><g v="sing"></g><g v="nomn"></g></l></v><v><l id="386581" t="этот"><g v="ADJF"></g><g v="Subx"></g><g v="Apro"></g><g v="Anph"></g><g v="neut"></g><g v="sing"></g><g v="accs"></g></l></v></tfr></token><token id="577624" text="же"><tfr rev_id="1410700" t="же"><v><l id="96208" t="же"><g v="CONJ"></g></l></v><v><l id="96209" t="же"><g v="PRCL"></g></l></v></tfr></token><token id="577625" text="время"><tfr rev_id="4096849" t="время"><v><l id="53149" t="время"><g v="NOUN"></g><g v="inan"></g><g v="neut"></g><g v="sing"></g><g v="accs"></g></l></v></tfr></token><token id="577626" text="были"><tfr rev_id="1715376" t="были"><v><l id="37265" t="есть"><g v="VERB"></g><g v="impf"></g><g v="intr"></g><g v="plur"></g><g v="past"></g><g v="indc"></g></l></v></tfr></token><token id="577627" text="в"><tfr rev_id="1410703" t="в"><v><l id="37409" t="в"><g v="PREP"></g></l></v></tfr></token><token id="577628" text="этом"><tfr rev_id="4462425" t="этом"><v><l id="386581" t="этот"><g v="ADJF"></g><g v="Subx"></g><g v="Apro"></g><g v="Anph"></g><g v="masc"></g><g v="sing"></g><g v="loct"></g></l></v></tfr></token><token id="577629" text="же"><tfr rev_id="1410705" t="же"><v><l id="96208" t="же"><g v="CONJ"></g></l></v><v><l id="96209" t="же"><g v="PRCL"></g></l></v></tfr></token><token id="577630" text="районе"><tfr rev_id="1410706" t="районе"><v><l id="297595" t="район"><g v="NOUN"></g><g v="inan"></g><g v="masc"></g><g v="sing"></g><g v="loct"></g></l></v></tfr></token><token id="577631" text="были"><tfr rev_id="1714365" t="были"><v><l id="37265" t="есть"><g v="VERB"></g><g v="impf"></g><g v="intr"></g><g v="plur"></g><g v="past"></g><g v="indc"></g></l></v></tfr></token><token id="577632" text="избиты"><tfr rev_id="1410708" t="избиты"><v><l id="117833" t="избит"><g v="ADJS"></g><g v="Qual"></g><g v="plur"></g></l></v><v><l id="117839" t="избит"><g v="PRTS"></g><g v="perf"></g><g v="past"></g><g v="pssv"></g><g v="plur"></g></l></v></tfr></token><token id="577633" text="еще"><tfr rev_id="1410709" t="еще"><v><l id="95551" t="ещё"><g v="PRCL"></g></l></v><v><l id="95552" t="ещё"><g v="ADVB"></g></l></v></tfr></token><token id="577634" text="несколько"><tfr rev_id="4170611" t="несколько"><v><l id="188126" t="несколько"><g v="NUMR"></g><g v="nomn"></g></l></v><v><l id="188126" t="несколько"><g v="NUMR"></g><g v="inan"></g><g v="accs"></g></l></v></tfr></token><token id="577635" text="человек"><tfr rev_id="3500983" t="человек"><v><l id="375073" t="человек"><g v="NOUN"></g><g v="anim"></g><g v="masc"></g><g v="plur"></g><g v="gent"></g></l></v></tfr></token><token id="577636" text="не"><tfr rev_id="1410712" t="не"><v><l id="178876" t="не"><g v="PRCL"></g></l></v></tfr></token><token id="577637" text="русской"><tfr rev_id="4420318" t="русской"><v><l id="310321" t="русский"><g v="ADJF"></g><g v="Subx"></g><g v="femn"></g><g v="sing"></g><g v="gent"></g></l></v></tfr></token><token id="577638" text="внешности"><tfr rev_id="3556594" t="внешности"><v><l id="47538" t="внешность"><g v="NOUN"></g><g v="inan"></g><g v="femn"></g><g v="sing"></g><g v="gent"></g></l></v></tfr></token><token id="577639" text="."><tfr rev_id="1410715" t="."><v><l id="0" t="."><g v="PNCT"></g></l></v></tfr></token></tokens></sentence></paragraph><paragraph id="10269"><sentence id="32267"><source>Международный мастер по шахматам Сергей Николаев был убит за свою якутскую внешность.</source><tokens><token id="577640" text="Международный"><tfr rev_id="1410716" t="Международный"><v><l id="157346" t="международный"><g v="ADJF"></g><g v="masc"></g><g v="sing"></g><g v="nomn"></g></l></v><v><l id="157346" t="международный"><g v="ADJF"></g><g v="inan"></g><g v="masc"></g><g v="sing"></g><g v="accs"></g></l></v></tfr></token><token id="577641" text="мастер"><tfr rev_id="1410717" t="мастер"><v><l id="156069" t="мастер"><g v="NOUN"></g><g v="anim"></g><g v="masc"></g><g v="sing"></g><g v="nomn"></g></l></v></tfr></token><token id="577642" text="по"><tfr rev_id="1410718" t="по"><v><l id="241240" t="по"><g v="PREP"></g></l></v></tfr></token><token id="577643" text="шахматам"><tfr rev_id="1410719" t="шахматам"><v><l id="378578" t="шахматы"><g v="NOUN"></g><g v="inan"></g><g v="GNdr"></g><g v="Pltm"></g><g v="plur"></g><g v="datv"></g></l></v></tfr></token><token id="577644" text="Сергей"><tfr rev_id="1410720" t="Сергей"><v><l id="319056" t="сергей"><g v="NOUN"></g><g v="anim"></g><g v="masc"></g><g v="Name"></g><g v="sing"></g><g v="nomn"></g></l></v></tfr></token><token id="577645" text="Николаев"><tfr rev_id="3439663" t="Николаев"><v><l id="190946" t="николаев"><g v="NOUN"></g><g v="inan"></g><g v="masc"></g><g v="Geox"></g><g v="sing"></g><g v="nomn"></g></l></v><v><l id="190946" t="николаев"><g v="NOUN"></g><g v="inan"></g><g v="masc"></g><g v="Geox"></g><g v="sing"></g><g v="accs"></g></l></v><v><l id="190947" t="николаев"><g v="NOUN"></g><g v="anim"></g><g v="masc"></g><g v="Sgtm"></g><g v="Surn"></g><g v="sing"></g><g v="nomn"></g></l></v></tfr></token><token id="577646" text="был"><tfr rev_id="1410722" t="был"><v><l id="37265" t="есть"><g v="VERB"></g><g v="impf"></g><g v="intr"></g><g v="masc"></g><g v="sing"></g><g v="past"></g><g v="indc"></g></l></v></tfr></token><token id="577647" text="убит"><tfr rev_id="1410723" t="убит"><v><l id="353018" t="убит"><g v="ADJS"></g><g v="Qual"></g><g v="masc"></g><g v="sing"></g></l></v><v><l id="353024" t="убит"><g v="PRTS"></g><g v="perf"></g><g v="past"></g><g v="pssv"></g><g v="masc"></g><g v="sing"></g></l></v></tfr></token><token id="577648" text="за"><tfr rev_id="1410724" t="за"><v><l id="98043" t="за"><g v="PREP"></g></l></v></tfr></token><token id="577649" text="свою"><tfr rev_id="3632234" t="свою"><v><l id="316379" t="свой"><g v="ADJF"></g><g v="Apro"></g><g v="Anph"></g><g v="femn"></g><g v="sing"></g><g v="accs"></g></l></v></tfr></token><token id="577650" text="якутскую"><tfr rev_id="1410726" t="якутскую"><v><l id="387755" t="якутский"><g v="ADJF"></g><g v="femn"></g><g v="sing"></g><g v="accs"></g></l></v></tfr></token><token id="577651" text="внешность"><tfr rev_id="1410727" t="внешность"><v><l id="47538" t="внешность"><g v="NOUN"></g><g v="inan"></g><g v="femn"></g><g v="sing"></g><g v="nomn"></g></l></v><v><l id="47538" t="внешность"><g v="NOUN"></g><g v="inan"></g><g v="femn"></g><g v="sing"></g><g v="accs"></g></l></v></tfr></token><token id="577652" text="."><tfr rev_id="1410728" t="."><v><l id="0" t="."><g v="PNCT"></g></l></v></tfr></token></tokens></sentence></paragraph><paragraph id="10270"><sentence id="32268"><source>Нападавшие были одеты в черные пальто, под которыми прятались орудия убийства.</source><tokens><token id="577653" text="Нападавшие"><tfr rev_id="1410729" t="Нападавшие"><v><l id="173110" t="нападавший"><g v="PRTF"></g><g v="impf"></g><g v="intr"></g><g v="past"></g><g v="actv"></g><g v="plur"></g><g v="nomn"></g></l></v><v><l id="173110" t="нападавший"><g v="PRTF"></g><g v="impf"></g><g v="intr"></g><g v="past"></g><g v="actv"></g><g v="inan"></g><g v="plur"></g><g v="accs"></g></l></v><v><l id="173114" t="нападавший"><g v="PRTF"></g><g v="perf"></g><g v="intr"></g><g v="past"></g><g v="actv"></g><g v="plur"></g><g v="nomn"></g></l></v><v><l id="173114" t="нападавший"><g v="PRTF"></g><g v="perf"></g><g v="intr"></g><g v="past"></g><g v="actv"></g><g v="inan"></g><g v="plur"></g><g v="accs"></g></l></v></tfr></token><token id="577654" text="были"><tfr rev_id="1714455" t="были"><v><l id="37265" t="есть"><g v="VERB"></g><g v="impf"></g><g v="intr"></g><g v="plur"></g><g v="past"></g><g v="indc"></g></l></v></tfr></token><token id="577655" text="одеты"><tfr rev_id="1410731" t="одеты"><v><l id="203297" t="одет"><g v="ADJS"></g><g v="Qual"></g><g v="plur"></g></l></v><v><l id="203303" t="одет"><g v="PRTS"></g><g v="perf"></g><g v="past"></g><g v="pssv"></g><g v="plur"></g></l></v></tfr></token><token id="577656" text="в"><tfr rev_id="1410732" t="в"><v><l id="37409" t="в"><g v="PREP"></g></l></v></tfr></token><token id="577657" text="черные"><tfr rev_id="4151359" t="черные"><v><l id="374408" t="чёрный"><g v="ADJF"></g><g v="Qual"></g><g v="plur"></g><g v="nomn"></g></l></v><v><l id="374408" t="чёрный"><g v="ADJF"></g><g v="Qual"></g><g v="inan"></g><g v="plur"></g><g v="accs"></g></l></v></tfr></token><token id="577658" text="пальто"><tfr rev_id="4166322" t="пальто"><v><l id="223083" t="пальто"><g v="NOUN"></g><g v="inan"></g><g v="neut"></g><g v="Fixd"></g><g v="plur"></g><g v="accs"></g></l></v></tfr></token><token id="577659" text=","><tfr rev_id="1410735" t=","><v><l id="0" t=","><g v="PNCT"></g></l></v></tfr></token><token id="577660" text="под"><tfr rev_id="2602997" t="под"><v><l id="243755" t="под"><g v="PREP"></g></l></v></tfr></token><token id="577661" text="которыми"><tfr rev_id="3644516" t="которыми"><v><l id="141203" t="который"><g v="ADJF"></g><g v="Apro"></g><g v="Subx"></g><g v="Anph"></g><g v="plur"></g><g v="ablt"></g></l></v></tfr></token><token id="577662" text="прятались"><tfr rev_id="1410738" t="прятались"><v><l id="288361" t="прячусь"><g v="VERB"></g><g v="impf"></g><g v="intr"></g><g v="plur"></g><g v="past"></g><g v="indc"></g></l></v></tfr></token><token id="577663" text="орудия"><tfr rev_id="3796554" t="орудия"><v><l id="209342" t="орудие"><g v="NOUN"></g><g v="inan"></g><g v="neut"></g><g v="plur"></g><g v="nomn"></g></l></v></tfr></token><token id="577664" text="убийства"><tfr rev_id="3471632" t="убийства"><v><l id="352998" t="убийство"><g v="NOUN"></g><g v="inan"></g><g v="neut"></g><g v="sing"></g><g v="gent"></g></l></v></tfr></token><token id="577665" text="."><tfr rev_id="1410741" t="."><v><l id="0" t="."><g v="PNCT"></g></l></v></tfr></token></tokens></sentence><sentence id="32269"><source>Такая одежда характерна для банд расистов.</source><tokens><token id="577666" text="Такая"><tfr rev_id="2368743" t="Такая"><v><l id="342491" t="такой"><g v="ADJF"></g><g v="Apro"></g><g v="femn"></g><g v="sing"></g><g v="nomn"></g></l></v></tfr></token><token id="577667" text="одежда"><tfr rev_id="1410743" t="одежда"><v><l id="203213" t="одежда"><g v="NOUN"></g><g v="inan"></g><g v="femn"></g><g v="sing"></g><g v="nomn"></g></l></v></tfr></token><token id="577668" text="характерна"><tfr rev_id="1410744" t="характерна"><v><l id="369440" t="характерен"><g v="ADJS"></g><g v="Qual"></g><g v="femn"></g><g v="sing"></g></l></v></tfr></token><token id="577669" text="для"><tfr rev_id="2707520" t="для"><v><l id="85032" t="для"><g v="PREP"></g></l></v></tfr></token><token id="577670" text="банд"><tfr rev_id="1410746" t="банд"><v><l id="23495" t="банда"><g v="NOUN"></g><g v="inan"></g><g v="femn"></g><g v="plur"></g><g v="gent"></g></l></v></tfr></token><token id="577671" text="расистов"><tfr rev_id="4096587" t="расистов"><v><l id="298062" t="расист"><g v="NOUN"></g><g v="anim"></g><g v="masc"></g><g v="plur"></g><g v="gent"></g></l></v></tfr></token><token id="577672" text="."><tfr rev_id="1410748" t="."><v><l id="0" t="."><g v="PNCT"></g></l></v></tfr></token></tokens></sentence><sentence id="32270"><source>Нападавшие, возраст которых от 14 до 16 лет, скрылись с места преступления.</source><tokens><token id="577673" text="Нападавшие"><tfr rev_id="1410749" t="Нападавшие"><v><l id="173110" t="нападавший"><g v="PRTF"></g><g v="impf"></g><g v="intr"></g><g v="past"></g><g v="actv"></g><g v="plur"></g><g v="nomn"></g></l></v><v><l id="173110" t="нападавший"><g v="PRTF"></g><g v="impf"></g><g v="intr"></g><g v="past"></g><g v="actv"></g><g v="inan"></g><g v="plur"></g><g v="accs"></g></l></v><v><l id="173114" t="нападавший"><g v="PRTF"></g><g v="perf"></g><g v="intr"></g><g v="past"></g><g v="actv"></g><g v="plur"></g><g v="nomn"></g></l></v><v><l id="173114" t="нападавший"><g v="PRTF"></g><g v="perf"></g><g v="intr"></g><g v="past"></g><g v="actv"></g><g v="inan"></g><g v="plur"></g><g v="accs"></g></l></v></tfr></token><token id="577674" text=","><tfr rev_id="1410750" t=","><v><l id="0" t=","><g v="PNCT"></g></l></v></tfr></token><token id="577675" text="возраст"><tfr rev_id="3708141" t="возраст"><v><l id="49611" t="возраст"><g v="NOUN"></g><g v="inan"></g><g v="masc"></g><g v="sing"></g><g v="nomn"></g></l></v></tfr></token><token id="577676" text="которых"><tfr rev_id="3643804" t="которых"><v><l id="141203" t="который"><g v="ADJF"></g><g v="Apro"></g><g v="Subx"></g><g v="Anph"></g><g v="plur"></g><g v="gent"></g></l></v></tfr></token><token id="577677" text="от"><tfr rev_id="1410753" t="от"><v><l id="211644" t="от"><g v="PREP"></g></l></v></tfr></token><token id="577678" text="14"><tfr rev_id="2461232" t="14"><v><l id="0" t="14"><g v="NUMB"></g></l></v></tfr></token><token id="577679" text="до"><tfr rev_id="1410755" t="до"><v><l id="85153" t="до"><g v="PREP"></g></l></v></tfr></token><token id="577680" text="16"><tfr rev_id="2461233" t="16"><v><l id="0" t="16"><g v="NUMB"></g></l></v></tfr></token><token id="577681" text="лет"><tfr rev_id="2757036" t="лет"><v><l id="72149" t="год"><g v="NOUN"></g><g v="inan"></g><g v="masc"></g><g v="plur"></g><g v="gent"></g></l></v></tfr></token><token id="577682" text=","><tfr rev_id="1410758" t=","><v><l id="0" t=","><g v="PNCT"></g></l></v></tfr></token><token id="577683" text="скрылись"><tfr rev_id="1410759" t="скрылись"><v><l id="323830" t="скрылся"><g v="VERB"></g><g v="perf"></g><g v="intr"></g><g v="plur"></g><g v="past"></g><g v="indc"></g></l></v></tfr></token><token id="577684" text="с"><tfr rev_id="1410760" t="с"><v><l id="311151" t="с"><g v="PREP"></g></l></v></tfr></token><token id="577685" text="места"><tfr rev_id="2908686" t="места"><v><l id="158822" t="место"><g v="NOUN"></g><g v="inan"></g><g v="neut"></g><g v="sing"></g><g v="gent"></g></l></v></tfr></token><token id="577686" text="преступления"><tfr rev_id="3493373" t="преступления"><v><l id="268345" t="преступление"><g v="NOUN"></g><g v="inan"></g><g v="neut"></g><g v="sing"></g><g v="gent"></g></l></v></tfr></token><token id="577687" text="."><tfr rev_id="1410763" t="."><v><l id="0" t="."><g v="PNCT"></g></l></v></tfr></token></tokens></sentence><sentence id="32271"><source>После футбольного матча, несколько молодых людей прохаживались по улице и нападали на прохожих, которые не были похожи на этнических русских.</source><tokens><token id="577688" text="После"><tfr rev_id="4456036" t="После"><v><l id="261542" t="после"><g v="PREP"></g></l></v></tfr></token><token id="577689" text="футбольного"><tfr rev_id="4578306" t="футбольного"><v><l id="368776" t="футбольный"><g v="ADJF"></g><g v="masc"></g><g v="sing"></g><g v="gent"></g></l></v><v><l id="368776" t="футбольный"><g v="ADJF"></g><g v="anim"></g><g v="masc"></g><g v="sing"></g><g v="accs"></g></l></v></tfr></token><token id="577690" text="матча"><tfr rev_id="1410766" t="матча"><v><l id="156440" t="матч"><g v="NOUN"></g><g v="inan"></g><g v="masc"></g><g v="sing"></g><g v="gent"></g></l></v></tfr></token><token id="577691" text=","><tfr rev_id="1410767" t=","><v><l id="0" t=","><g v="PNCT"></g></l></v></tfr></token><token id="577692" text="несколько"><tfr rev_id="4181976" t="несколько"><v><l id="188126" t="несколько"><g v="NUMR"></g><g v="nomn"></g></l></v><v><l id="188126" t="несколько"><g v="NUMR"></g><g v="inan"></g><g v="accs"></g></l></v></tfr></token><token id="577693" text="молодых"><tfr rev_id="4427085" t="молодых"><v><l id="162846" t="молодой"><g v="ADJF"></g><g v="Qual"></g><g v="plur"></g><g v="gent"></g></l></v></tfr></token><token id="577694" text="людей"><tfr rev_id="3310105" t="людей"><v><l id="375073" t="человек"><g v="NOUN"></g><g v="anim"></g><g v="masc"></g><g v="plur"></g><g v="gent"></g></l></v></tfr></token><token id="577695" text="прохаживались"><tfr rev_id="1410771" t="прохаживались"><v><l id="287070" t="прохаживаюсь"><g v="VERB"></g><g v="impf"></g><g v="intr"></g><g v="plur"></g><g v="past"></g><g v="indc"></g></l></v></tfr></token><token id="577696" text="по"><tfr rev_id="1410772" t="по"><v><l id="241240" t="по"><g v="PREP"></g></l></v></tfr></token><token id="577697" text="улице"><tfr rev_id="2623183" t="улице"><v><l id="356890" t="улица"><g v="NOUN"></g><g v="inan"></g><g v="femn"></g><g v="sing"></g><g v="datv"></g></l></v></tfr></token><token id="577698" text="и"><tfr rev_id="1410774" t="и"><v><l id="116949" t="и"><g v="CONJ"></g></l></v><v><l id="116950" t="и"><g v="INTJ"></g></l></v></tfr></token><token id="577699" text="нападали"><tfr rev_id="1410775" t="нападали"><v><l id="173107" t="нападаю"><g v="VERB"></g><g v="impf"></g><g v="intr"></g><g v="plur"></g><g v="past"></g><g v="indc"></g></l></v><v><l id="173112" t="нападал"><g v="VERB"></g><g v="perf"></g><g v="intr"></g><g v="plur"></g><g v="past"></g><g v="indc"></g></l></v></tfr></token><token id="577700" text="на"><tfr rev_id="3475742" t="на"><v><l id="166264" t="на"><g v="PREP"></g></l></v></tfr></token><token id="577701" text="прохожих"><tfr rev_id="4465388" t="прохожих"><v><l id="287209" t="прохожий"><g v="NOUN"></g><g v="anim"></g><g v="masc"></g><g v="plur"></g><g v="accs"></g></l></v></tfr></token><token id="577702" text=","><tfr rev_id="1410778" t=","><v><l id="0" t=","><g v="PNCT"></g></l></v></tfr></token><token id="577703" text="которые"><tfr rev_id="3751818" t="которые"><v><l id="141203" t="который"><g v="ADJF"></g><g v="Apro"></g><g v="Subx"></g><g v="Anph"></g><g v="plur"></g><g v="nomn"></g></l></v></tfr></token><token id="577704" text="не"><tfr rev_id="1410780" t="не"><v><l id="178876" t="не"><g v="PRCL"></g></l></v></tfr></token><token id="577705" text="были"><tfr rev_id="1715851" t="были"><v><l id="37265" t="есть"><g v="VERB"></g><g v="impf"></g><g v="intr"></g><g v="plur"></g><g v="past"></g><g v="indc"></g></l></v></tfr></token><token id="577706" text="похожи"><tfr rev_id="1410782" t="похожи"><v><l id="264399" t="похож"><g v="ADJS"></g><g v="Qual"></g><g v="plur"></g></l></v></tfr></token><token id="577707" text="на"><tfr rev_id="3337128" t="на"><v><l id="166264" t="на"><g v="PREP"></g></l></v></tfr></token><token id="577708" text="этнических"><tfr rev_id="3666553" t="этнических"><v><l id="386538" t="этнический"><g v="ADJF"></g><g v="anim"></g><g v="plur"></g><g v="accs"></g></l></v></tfr></token><token id="577709" text="русских"><tfr rev_id="3411869" t="русских"><v><l id="310321" t="русский"><g v="ADJF"></g><g v="Subx"></g><g v="plur"></g><g v="gent"></g></l></v><v><l id="310321" t="русский"><g v="ADJF"></g><g v="Subx"></g><g v="anim"></g><g v="plur"></g><g v="accs"></g></l></v><v><l id="310321" t="русский"><g v="ADJF"></g><g v="Subx"></g><g v="plur"></g><g v="loct"></g></l></v></tfr></token><token id="577710" text="."><tfr rev_id="1410786" t="."><v><l id="0" t="."><g v="PNCT"></g></l></v></tfr></token></tokens></sentence><sentence id="32272"><source>Несмотря на многочисленных свидетелей, никто не пытался им противостоять, и никто в течение 30 минут не вызывал милицию.</source><tokens><token id="577711" text="Несмотря"><tfr rev_id="1410787" t="Несмотря"><v><l id="188286" t="несмотря"><g v="PREP"></g></l></v></tfr></token><token id="577712" text="на"><tfr rev_id="3341019" t="на"><v><l id="166264" t="на"><g v="PREP"></g></l></v></tfr></token><token id="577713" text="многочисленных"><tfr rev_id="2762227" t="многочисленных"><v><l id="162068" t="многочисленный"><g v="ADJF"></g><g v="Qual"></g><g v="anim"></g><g v="plur"></g><g v="accs"></g></l></v></tfr></token><token id="577714" text="свидетелей"><tfr rev_id="3704535" t="свидетелей"><v><l id="315882" t="свидетель"><g v="NOUN"></g><g v="anim"></g><g v="masc"></g><g v="plur"></g><g v="accs"></g></l></v></tfr></token><token id="577715" text=","><tfr rev_id="1410791" t=","><v><l id="0" t=","><g v="PNCT"></g></l></v></tfr></token><token id="577716" text="никто"><tfr rev_id="1410792" t="никто"><v><l id="191016" t="никто"><g v="NPRO"></g><g v="sing"></g><g v="nomn"></g></l></v></tfr></token><token id="577717" text="не"><tfr rev_id="1410793" t="не"><v><l id="178876" t="не"><g v="PRCL"></g></l></v></tfr></token><token id="577718" text="пытался"><tfr rev_id="1410794" t="пытался"><v><l id="290086" t="пытаюсь"><g v="VERB"></g><g v="impf"></g><g v="intr"></g><g v="masc"></g><g v="sing"></g><g v="past"></g><g v="indc"></g></l></v></tfr></token><token id="577719" text="им"><tfr rev_id="4531143" t="им"><v><l id="206619" t="они"><g v="NPRO"></g><g v="3per"></g><g v="Anph"></g><g v="plur"></g><g v="datv"></g></l></v></tfr></token><token id="577720" text="противостоять"><tfr rev_id="1410796" t="противостоять"><v><l id="286161" t="противостоять"><g v="INFN"></g><g v="impf"></g><g v="intr"></g></l></v></tfr></token><token id="577721" text=","><tfr rev_id="1410797" t=","><v><l id="0" t=","><g v="PNCT"></g></l></v></tfr></token><token id="577722" text="и"><tfr rev_id="1410798" t="и"><v><l id="116949" t="и"><g v="CONJ"></g></l></v><v><l id="116950" t="и"><g v="INTJ"></g></l></v></tfr></token><token id="577723" text="никто"><tfr rev_id="1410799" t="никто"><v><l id="191016" t="никто"><g v="NPRO"></g><g v="sing"></g><g v="nomn"></g></l></v></tfr></token><token id="577724" text="в"><tfr rev_id="1410800" t="в"><v><l id="37409" t="в"><g v="PREP"></g></l></v></tfr></token><token id="577725" text="течение"><tfr rev_id="1410801" t="течение"><v><l id="346009" t="течение"><g v="NOUN"></g><g v="inan"></g><g v="neut"></g><g v="sing"></g><g v="nomn"></g></l></v><v><l id="346009" t="течение"><g v="NOUN"></g><g v="inan"></g><g v="neut"></g><g v="sing"></g><g v="accs"></g></l></v></tfr></token><token id="577726" text="30"><tfr rev_id="2461234" t="30"><v><l id="0" t="30"><g v="NUMB"></g></l></v></tfr></token><token id="577727" text="минут"><tfr rev_id="1715965" t="минут"><v><l id="160750" t="минута"><g v="NOUN"></g><g v="inan"></g><g v="femn"></g><g v="plur"></g><g v="gent"></g></l></v></tfr></token><token id="577728" text="не"><tfr rev_id="1410804" t="не"><v><l id="178876" t="не"><g v="PRCL"></g></l></v></tfr></token><token id="577729" text="вызывал"><tfr rev_id="1410805" t="вызывал"><v><l id="57671" t="вызываю"><g v="VERB"></g><g v="impf"></g><g v="tran"></g><g v="masc"></g><g v="sing"></g><g v="past"></g><g v="indc"></g></l></v></tfr></token><token id="577730" text="милицию"><tfr rev_id="1410806" t="милицию"><v><l id="160225" t="милиция"><g v="NOUN"></g><g v="inan"></g><g v="femn"></g><g v="sing"></g><g v="accs"></g></l></v></tfr></token><token id="577731" text="."><tfr rev_id="1410807" t="."><v><l id="0" t="."><g v="PNCT"></g></l></v></tfr></token></tokens></sentence><sentence id="32273"><source>Константин Чернобаев, свидетель, говорит:</source><tokens><token id="577732" text="Константин"><tfr rev_id="1410808" t="Константин"><v><l id="138170" t="константин"><g v="NOUN"></g><g v="anim"></g><g v="masc"></g><g v="Name"></g><g v="sing"></g><g v="nomn"></g></l></v></tfr></token><token id="577733" text="Чернобаев"><tfr rev_id="1410809" t="Чернобаев"><v><l id="0" t="чернобаев"><g v="UNKN"></g></l></v></tfr></token><token id="577734" text=","><tfr rev_id="1410810" t=","><v><l id="0" t=","><g v="PNCT"></g></l></v></tfr></token><token id="577735" text="свидетель"><tfr rev_id="1410811" t="свидетель"><v><l id="315882" t="свидетель"><g v="NOUN"></g><g v="anim"></g><g v="masc"></g><g v="sing"></g><g v="nomn"></g></l></v></tfr></token><token id="577736" text=","><tfr rev_id="1410812" t=","><v><l id="0" t=","><g v="PNCT"></g></l></v></tfr></token><token id="577737" text="говорит"><tfr rev_id="1410813" t="говорит"><v><l id="72053" t="говорю"><g v="VERB"></g><g v="impf"></g><g v="tran"></g><g v="sing"></g><g v="3per"></g><g v="pres"></g><g v="indc"></g></l></v></tfr></token><token id="577738" text=":"><tfr rev_id="1410814" t=":"><v><l id="0" t=":"><g v="PNCT"></g></l></v></tfr></token></tokens></sentence><sentence id="32274"><source>«Я думаю, что это были скинхэды.</source><tokens><token id="577739" text="«"><tfr rev_id="2442723" t="«"><v><l id="0" t="«"><g v="PNCT"></g></l></v></tfr></token><token id="577740" text="Я"><tfr rev_id="1410816" t="Я"><v><l id="387317" t="я"><g v="NPRO"></g><g v="1per"></g><g v="sing"></g><g v="nomn"></g></l></v></tfr></token><token id="577741" text="думаю"><tfr rev_id="1410817" t="думаю"><v><l id="92996" t="думаю"><g v="VERB"></g><g v="impf"></g><g v="tran"></g><g v="sing"></g><g v="1per"></g><g v="pres"></g><g v="indc"></g></l></v><v><l id="93001" t="думаю"><g v="VERB"></g><g v="impf"></g><g v="intr"></g><g v="sing"></g><g v="1per"></g><g v="pres"></g><g v="indc"></g></l></v></tfr></token><token id="577742" text=","><tfr rev_id="1410818" t=","><v><l id="0" t=","><g v="PNCT"></g></l></v></tfr></token><token id="577743" text="что"><tfr rev_id="3196591" t="что"><v><l id="377004" t="что"><g v="CONJ"></g></l></v><v><l id="377005" t="что"><g v="NPRO"></g><g v="neut"></g><g v="sing"></g><g v="nomn"></g></l></v><v><l id="377005" t="что"><g v="NPRO"></g><g v="neut"></g><g v="sing"></g><g v="accs"></g></l></v><v><l id="377006" t="что"><g v="ADVB"></g><g v="Ques"></g></l></v><v><l id="388695" t="что"><g v="PRCL"></g></l></v></tfr></token><token id="577744" text="это"><tfr rev_id="4441455" t="это"><v><l id="386574" t="это"><g v="PRCL"></g></l></v><v><l id="386575" t="это"><g v="NPRO"></g><g v="neut"></g><g v="sing"></g><g v="nomn"></g></l></v><v><l id="386575" t="это"><g v="NPRO"></g><g v="neut"></g><g v="sing"></g><g v="accs"></g></l></v><v><l id="386581" t="этот"><g v="ADJF"></g><g v="Subx"></g><g v="Apro"></g><g v="Anph"></g><g v="neut"></g><g v="sing"></g><g v="nomn"></g></l></v><v><l id="386581" t="этот"><g v="ADJF"></g><g v="Subx"></g><g v="Apro"></g><g v="Anph"></g><g v="neut"></g><g v="sing"></g><g v="accs"></g></l></v></tfr></token><token id="577745" text="были"><tfr rev_id="1715182" t="были"><v><l id="37265" t="есть"><g v="VERB"></g><g v="impf"></g><g v="intr"></g><g v="plur"></g><g v="past"></g><g v="indc"></g></l></v></tfr></token><token id="577746" text="скинхэды"><tfr rev_id="1410822" t="скинхэды"><v><l id="0" t="скинхэды"><g v="UNKN"></g></l></v></tfr></token><token id="577747" text="."><tfr rev_id="1410823" t="."><v><l id="0" t="."><g v="PNCT"></g></l></v></tfr></token></tokens></sentence><sentence id="32275"><source>После нападения, они разделились на две группы.</source><tokens><token id="577748" text="После"><tfr rev_id="4407503" t="После"><v><l id="261542" t="после"><g v="PREP"></g></l></v></tfr></token><token id="577749" text="нападения"><tfr rev_id="2606103" t="нападения"><v><l id="173117" t="нападение"><g v="NOUN"></g><g v="inan"></g><g v="neut"></g><g v="sing"></g><g v="gent"></g></l></v></tfr></token><token id="577750" text=","><tfr rev_id="1410826" t=","><v><l id="0" t=","><g v="PNCT"></g></l></v></tfr></token><token id="577751" text="они"><tfr rev_id="3599348" t="они"><v><l id="206619" t="они"><g v="NPRO"></g><g v="3per"></g><g v="Anph"></g><g v="plur"></g><g v="nomn"></g></l></v></tfr></token><token id="577752" text="разделились"><tfr rev_id="1410828" t="разделились"><v><l id="293571" t="разделился"><g v="VERB"></g><g v="perf"></g><g v="intr"></g><g v="plur"></g><g v="past"></g><g v="indc"></g></l></v></tfr></token><token id="577753" text="на"><tfr rev_id="3339156" t="на"><v><l id="166264" t="на"><g v="PREP"></g></l></v></tfr></token><token id="577754" text="две"><tfr rev_id="1410830" t="две"><v><l id="78668" t="два"><g v="NUMR"></g><g v="femn"></g><g v="nomn"></g></l></v><v><l id="78668" t="два"><g v="NUMR"></g><g v="inan"></g><g v="femn"></g><g v="accs"></g></l></v></tfr></token><token id="577755" text="группы"><tfr rev_id="3433169" t="группы"><v><l id="76092" t="группа"><g v="NOUN"></g><g v="inan"></g><g v="femn"></g><g v="sing"></g><g v="gent"></g></l></v></tfr></token><token id="577756" text="."><tfr rev_id="1410832" t="."><v><l id="0" t="."><g v="PNCT"></g></l></v></tfr></token></tokens></sentence><sentence id="32276"><source>Первая группа скрылась, а вторая слилась с более многочисленной компанией скинхэдов.</source><tokens><token id="577757" text="Первая"><tfr rev_id="1410833" t="Первая"><v><l id="226359" t="первый"><g v="ADJF"></g><g v="Anum"></g><g v="femn"></g><g v="sing"></g><g v="nomn"></g></l></v></tfr></token><token id="577758" text="группа"><tfr rev_id="1410834" t="группа"><v><l id="76092" t="группа"><g v="NOUN"></g><g v="inan"></g><g v="femn"></g><g v="sing"></g><g v="nomn"></g></l></v></tfr></token><token id="577759" text="скрылась"><tfr rev_id="1410835" t="скрылась"><v><l id="323830" t="скрылся"><g v="VERB"></g><g v="perf"></g><g v="intr"></g><g v="femn"></g><g v="sing"></g><g v="past"></g><g v="indc"></g></l></v></tfr></token><token id="577760" text=","><tfr rev_id="1410836" t=","><v><l id="0" t=","><g v="PNCT"></g></l></v></tfr></token><token id="577761" text="а"><tfr rev_id="2606297" t="а"><v><l id="51" t="а"><g v="CONJ"></g></l></v></tfr></token><token id="577762" text="вторая"><tfr rev_id="1410838" t="вторая"><v><l id="55043" t="второй"><g v="ADJF"></g><g v="Anum"></g><g v="femn"></g><g v="sing"></g><g v="nomn"></g></l></v></tfr></token><token id="577763" text="слилась"><tfr rev_id="1410839" t="слилась"><v><l id="325079" t="слился"><g v="VERB"></g><g v="perf"></g><g v="intr"></g><g v="femn"></g><g v="sing"></g><g v="past"></g><g v="indc"></g></l></v></tfr></token><token id="577764" text="с"><tfr rev_id="1410840" t="с"><v><l id="311151" t="с"><g v="PREP"></g></l></v></tfr></token><token id="577765" text="более"><tfr rev_id="1410841" t="более"><v><l id="32065" t="более"><g v="ADVB"></g></l></v></tfr></token><token id="577766" text="многочисленной"><tfr rev_id="3301317" t="многочисленной"><v><l id="162068" t="многочисленный"><g v="ADJF"></g><g v="Qual"></g><g v="femn"></g><g v="sing"></g><g v="ablt"></g></l></v></tfr></token><token id="577767" text="компанией"><tfr rev_id="1410843" t="компанией"><v><l id="137146" t="компания"><g v="NOUN"></g><g v="inan"></g><g v="femn"></g><g v="sing"></g><g v="ablt"></g></l></v></tfr></token><token id="577768" text="скинхэдов"><tfr rev_id="1410844" t="скинхэдов"><v><l id="0" t="скинхэдов"><g v="UNKN"></g></l></v></tfr></token><token id="577769" text="."><tfr rev_id="1410845" t="."><v><l id="0" t="."><g v="PNCT"></g></l></v></tfr></token></tokens></sentence><sentence id="32277"><source>В этой компании многие имели националистические символику».</source><tokens><token id="577770" text="В"><tfr rev_id="1410846" t="В"><v><l id="37409" t="в"><g v="PREP"></g></l></v></tfr></token><token id="577771" text="этой"><tfr rev_id="4495255" t="этой"><v><l id="386581" t="этот"><g v="ADJF"></g><g v="Subx"></g><g v="Apro"></g><g v="Anph"></g><g v="femn"></g><g v="sing"></g><g v="loct"></g></l></v></tfr></token><token id="577772" text="компании"><tfr rev_id="4025714" t="компании"><v><l id="137146" t="компания"><g v="NOUN"></g><g v="inan"></g><g v="femn"></g><g v="sing"></g><g v="loct"></g></l></v></tfr></token><token id="577773" text="многие"><tfr rev_id="4472774" t="многие"><v><l id="161426" t="многие"><g v="NPRO"></g><g v="plur"></g><g v="nomn"></g></l></v></tfr></token><token id="577774" text="имели"><tfr rev_id="1410850" t="имели"><v><l id="121610" t="имею"><g v="VERB"></g><g v="impf"></g><g v="tran"></g><g v="plur"></g><g v="past"></g><g v="indc"></g></l></v></tfr></token><token id="577775" text="националистические"><tfr rev_id="1410851" t="националистические"><v><l id="178138" t="националистический"><g v="ADJF"></g><g v="plur"></g><g v="nomn"></g></l></v><v><l id="178138" t="националистический"><g v="ADJF"></g><g v="inan"></g><g v="plur"></g><g v="accs"></g></l></v></tfr></token><token id="577776" text="символику"><tfr rev_id="1410852" t="символику"><v><l id="320658" t="символика"><g v="NOUN"></g><g v="inan"></g><g v="femn"></g><g v="sing"></g><g v="accs"></g></l></v></tfr></token><token id="577777" text="»"><tfr rev_id="2442724" t="»"><v><l id="0" t="»"><g v="PNCT"></g></l></v></tfr></token><token id="577778" text="."><tfr rev_id="1410854" t="."><v><l id="0" t="."><g v="PNCT"></g></l></v></tfr></token></tokens></sentence><sentence id="32278"><source>Милиция начала уголовное расследование.</source><tokens><token id="577779" text="Милиция"><tfr rev_id="1410855" t="Милиция"><v><l id="160225" t="милиция"><g v="NOUN"></g><g v="inan"></g><g v="femn"></g><g v="sing"></g><g v="nomn"></g></l></v></tfr></token><token id="577780" text="начала"><tfr rev_id="1715615" t="начала"><v><l id="178224" t="начал"><g v="VERB"></g><g v="perf"></g><g v="tran"></g><g v="femn"></g><g v="sing"></g><g v="past"></g><g v="indc"></g></l></v></tfr></token><token id="577781" text="уголовное"><tfr rev_id="1410857" t="уголовное"><v><l id="354323" t="уголовный"><g v="ADJF"></g><g v="Qual"></g><g v="neut"></g><g v="sing"></g><g v="nomn"></g></l></v><v><l id="354323" t="уголовный"><g v="ADJF"></g><g v="Qual"></g><g v="neut"></g><g v="sing"></g><g v="accs"></g></l></v></tfr></token><token id="577782" text="расследование"><tfr rev_id="1410858" t="расследование"><v><l id="301076" t="расследование"><g v="NOUN"></g><g v="inan"></g><g v="neut"></g><g v="sing"></g><g v="nomn"></g></l></v><v><l id="301076" t="расследование"><g v="NOUN"></g><g v="inan"></g><g v="neut"></g><g v="sing"></g><g v="accs"></g></l></v></tfr></token><token id="577783" text="."><tfr rev_id="1410859" t="."><v><l id="0" t="."><g v="PNCT"></g></l></v></tfr></token></tokens></sentence></paragraph><paragraph id="10271"><sentence id="32279"><source>Сергей Николаев (27.09.1961 - 20.10.2007) Сергей Николаев был чемпионом Якутии по шахматам в 1981, 1982, 1983 годах.</source><tokens><token id="577784" text="Сергей"><tfr rev_id="1410860" t="Сергей"><v><l id="319056" t="сергей"><g v="NOUN"></g><g v="anim"></g><g v="masc"></g><g v="Name"></g><g v="sing"></g><g v="nomn"></g></l></v></tfr></token><token id="577785" text="Николаев"><tfr rev_id="4282343" t="Николаев"><v><l id="190947" t="николаев"><g v="NOUN"></g><g v="anim"></g><g v="masc"></g><g v="Sgtm"></g><g v="Surn"></g><g v="sing"></g><g v="nomn"></g></l></v></tfr></token><token id="577786" text="("><tfr rev_id="1410862" t="("><v><l id="0" t="("><g v="PNCT"></g></l></v></tfr></token><token id="577787" text="27.09.1961"><tfr rev_id="4567653" t="27.09.1961"><v><l id="0" t="27.09.1961"><g v="DATE"></g></l></v></tfr></token><token id="577788" text="-"><tfr rev_id="1410864" t="-"><v><l id="0" t="-"><g v="PNCT"></g></l></v></tfr></token><token id="577789" text="20.10.2007"><tfr rev_id="3330138" t="20.10.2007"><v><l id="0" t="20.10.2007"><g v="UNKN"></g></l></v></tfr></token><token id="577790" text=")"><tfr rev_id="1410866" t=")"><v><l id="0" t=")"><g v="PNCT"></g></l></v></tfr></token><token id="577791" text="Сергей"><tfr rev_id="1410867" t="Сергей"><v><l id="319056" t="сергей"><g v="NOUN"></g><g v="anim"></g><g v="masc"></g><g v="Name"></g><g v="sing"></g><g v="nomn"></g></l></v></tfr></token><token id="577792" text="Николаев"><tfr rev_id="4292720" t="Николаев"><v><l id="190947" t="николаев"><g v="NOUN"></g><g v="anim"></g><g v="masc"></g><g v="Sgtm"></g><g v="Surn"></g><g v="sing"></g><g v="nomn"></g></l></v></tfr></token><token id="577793" text="был"><tfr rev_id="1410869" t="был"><v><l id="37265" t="есть"><g v="VERB"></g><g v="impf"></g><g v="intr"></g><g v="masc"></g><g v="sing"></g><g v="past"></g><g v="indc"></g></l></v></tfr></token><token id="577794" text="чемпионом"><tfr rev_id="1410870" t="чемпионом"><v><l id="375185" t="чемпион"><g v="NOUN"></g><g v="anim"></g><g v="masc"></g><g v="sing"></g><g v="ablt"></g></l></v></tfr></token><token id="577795" text="Якутии"><tfr rev_id="3454791" t="Якутии"><v><l id="387746" t="якутия"><g v="NOUN"></g><g v="inan"></g><g v="femn"></g><g v="Sgtm"></g><g v="Geox"></g><g v="sing"></g><g v="gent"></g></l></v></tfr></token><token id="577796" text="по"><tfr rev_id="1410872" t="по"><v><l id="241240" t="по"><g v="PREP"></g></l></v></tfr></token><token id="577797" text="шахматам"><tfr rev_id="1410873" t="шахматам"><v><l id="378578" t="шахматы"><g v="NOUN"></g><g v="inan"></g><g v="GNdr"></g><g v="Pltm"></g><g v="plur"></g><g v="datv"></g></l></v></tfr></token><token id="577798" text="в"><tfr rev_id="1410874" t="в"><v><l id="37409" t="в"><g v="PREP"></g></l></v></tfr></token><token id="577799" text="1981"><tfr rev_id="2461237" t="1981"><v><l id="0" t="1981"><g v="NUMB"></g></l></v></tfr></token><token id="577800" text=","><tfr rev_id="1410876" t=","><v><l id="0" t=","><g v="PNCT"></g></l></v></tfr></token><token id="577801" text="1982"><tfr rev_id="2461238" t="1982"><v><l id="0" t="1982"><g v="NUMB"></g></l></v></tfr></token><token id="577802" text=","><tfr rev_id="1410878" t=","><v><l id="0" t=","><g v="PNCT"></g></l></v></tfr></token><token id="577803" text="1983"><tfr rev_id="2461239" t="1983"><v><l id="0" t="1983"><g v="NUMB"></g></l></v></tfr></token><token id="577804" text="годах"><tfr rev_id="1410880" t="годах"><v><l id="72149" t="год"><g v="NOUN"></g><g v="inan"></g><g v="masc"></g><g v="plur"></g><g v="loct"></g></l></v></tfr></token><token id="577805" text="."><tfr rev_id="1410881" t="."><v><l id="0" t="."><g v="PNCT"></g></l></v></tfr></token></tokens></sentence><sentence id="32280"><source>В 1983 году он стал мастером спорта СССР по шахматам.</source><tokens><token id="577806" text="В"><tfr rev_id="1410882" t="В"><v><l id="37409" t="в"><g v="PREP"></g></l></v></tfr></token><token id="577807" text="1983"><tfr rev_id="2461240" t="1983"><v><l id="0" t="1983"><g v="NUMB"></g></l></v></tfr></token><token id="577808" text="году"><tfr rev_id="2927961" t="году"><v><l id="72149" t="год"><g v="NOUN"></g><g v="inan"></g><g v="masc"></g><g v="sing"></g><g v="loc2"></g></l></v></tfr></token><token id="577809" text="он"><tfr rev_id="3575506" t="он"><v><l id="206541" t="он"><g v="NPRO"></g><g v="masc"></g><g v="3per"></g><g v="Anph"></g><g v="sing"></g><g v="nomn"></g></l></v></tfr></token><token id="577810" text="стал"><tfr rev_id="1410886" t="стал"><v><l id="335164" t="стал"><g v="VERB"></g><g v="perf"></g><g v="intr"></g><g v="masc"></g><g v="sing"></g><g v="past"></g><g v="indc"></g></l></v></tfr></token><token id="577811" text="мастером"><tfr rev_id="1410887" t="мастером"><v><l id="156069" t="мастер"><g v="NOUN"></g><g v="anim"></g><g v="masc"></g><g v="sing"></g><g v="ablt"></g></l></v></tfr></token><token id="577812" text="спорта"><tfr rev_id="1410888" t="спорта"><v><l id="332791" t="спорт"><g v="NOUN"></g><g v="inan"></g><g v="masc"></g><g v="sing"></g><g v="gent"></g></l></v></tfr></token><token id="577813" text="СССР"><tfr rev_id="3491316" t="СССР"><v><l id="334099" t="ссср"><g v="NOUN"></g><g v="inan"></g><g v="masc"></g><g v="Sgtm"></g><g v="Fixd"></g><g v="Abbr"></g><g v="Geox"></g><g v="sing"></g><g v="gent"></g></l></v></tfr></token><token id="577814" text="по"><tfr rev_id="1410890" t="по"><v><l id="241240" t="по"><g v="PREP"></g></l></v></tfr></token><token id="577815" text="шахматам"><tfr rev_id="1410891" t="шахматам"><v><l id="378578" t="шахматы"><g v="NOUN"></g><g v="inan"></g><g v="GNdr"></g><g v="Pltm"></g><g v="plur"></g><g v="datv"></g></l></v></tfr></token><token id="577816" text="."><tfr rev_id="1410892" t="."><v><l id="0" t="."><g v="PNCT"></g></l></v></tfr></token></tokens></sentence><sentence id="32281"><source>В 1989 году Сергей Николаев первым из якутов достиг звания мастера спорта международного класса.</source><tokens><token id="577817" text="В"><tfr rev_id="1410893" t="В"><v><l id="37409" t="в"><g v="PREP"></g></l></v></tfr></token><token id="577818" text="1989"><tfr rev_id="2461241" t="1989"><v><l id="0" t="1989"><g v="NUMB"></g></l></v></tfr></token><token id="577819" text="году"><tfr rev_id="2964630" t="году"><v><l id="72149" t="год"><g v="NOUN"></g><g v="inan"></g><g v="masc"></g><g v="sing"></g><g v="loc2"></g></l></v></tfr></token><token id="577820" text="Сергей"><tfr rev_id="1410896" t="Сергей"><v><l id="319056" t="сергей"><g v="NOUN"></g><g v="anim"></g><g v="masc"></g><g v="Name"></g><g v="sing"></g><g v="nomn"></g></l></v></tfr></token><token id="577821" text="Николаев"><tfr rev_id="2721987" t="Николаев"><v><l id="190946" t="николаев"><g v="NOUN"></g><g v="inan"></g><g v="masc"></g><g v="Geox"></g><g v="sing"></g><g v="nomn"></g></l></v><v><l id="190946" t="николаев"><g v="NOUN"></g><g v="inan"></g><g v="masc"></g><g v="Geox"></g><g v="sing"></g><g v="accs"></g></l></v><v><l id="190947" t="николаев"><g v="NOUN"></g><g v="anim"></g><g v="masc"></g><g v="Sgtm"></g><g v="Surn"></g><g v="sing"></g><g v="nomn"></g></l></v></tfr></token><token id="577822" text="первым"><tfr rev_id="4349384" t="первым"><v><l id="226359" t="первый"><g v="ADJF"></g><g v="Anum"></g><g v="masc"></g><g v="sing"></g><g v="ablt"></g></l></v></tfr></token><token id="577823" text="из"><tfr rev_id="2603128" t="из"><v><l id="117677" t="из"><g v="PREP"></g></l></v></tfr></token><token id="577824" text="якутов"><tfr rev_id="2928323" t="якутов"><v><l id="387739" t="якут"><g v="NOUN"></g><g v="anim"></g><g v="masc"></g><g v="plur"></g><g v="gent"></g></l></v></tfr></token><token id="577825" text="достиг"><tfr rev_id="1410901" t="достиг"><v><l id="90519" t="достиг"><g v="VERB"></g><g v="perf"></g><g v="tran"></g><g v="masc"></g><g v="sing"></g><g v="past"></g><g v="indc"></g></l></v></tfr></token><token id="577826" text="звания"><tfr rev_id="3264257" t="звания"><v><l id="114358" t="звание"><g v="NOUN"></g><g v="inan"></g><g v="neut"></g><g v="sing"></g><g v="gent"></g></l></v></tfr></token><token id="577827" text="мастера"><tfr rev_id="4389542" t="мастера"><v><l id="156069" t="мастер"><g v="NOUN"></g><g v="anim"></g><g v="masc"></g><g v="sing"></g><g v="gent"></g></l></v></tfr></token><token id="577828" text="спорта"><tfr rev_id="1410904" t="спорта"><v><l id="332791" t="спорт"><g v="NOUN"></g><g v="inan"></g><g v="masc"></g><g v="sing"></g><g v="gent"></g></l></v></tfr></token><token id="577829" text="международного"><tfr rev_id="4164246" t="международного"><v><l id="157346" t="международный"><g v="ADJF"></g><g v="masc"></g><g v="sing"></g><g v="gent"></g></l></v><v><l id="157346" t="международный"><g v="ADJF"></g><g v="anim"></g><g v="masc"></g><g v="sing"></g><g v="accs"></g></l></v></tfr></token><token id="577830" text="класса"><tfr rev_id="1410906" t="класса"><v><l id="133889" t="класс"><g v="NOUN"></g><g v="inan"></g><g v="masc"></g><g v="sing"></g><g v="gent"></g></l></v></tfr></token><token id="577831" text="."><tfr rev_id="1410907" t="."><v><l id="0" t="."><g v="PNCT"></g></l></v></tfr></token></tokens></sentence></paragraph><paragraph id="10272"><sentence id="32282"><source>Мы не имеем фотографии Сергея Николаева.</source><tokens><token id="577832" text="Мы"><tfr rev_id="1410908" t="Мы"><v><l id="165750" t="мы"><g v="NPRO"></g><g v="1per"></g><g v="plur"></g><g v="nomn"></g></l></v></tfr></token><token id="577833" text="не"><tfr rev_id="1410909" t="не"><v><l id="178876" t="не"><g v="PRCL"></g></l></v></tfr></token><token id="577834" text="имеем"><tfr rev_id="1410910" t="имеем"><v><l id="121610" t="имею"><g v="VERB"></g><g v="impf"></g><g v="tran"></g><g v="plur"></g><g v="1per"></g><g v="pres"></g><g v="indc"></g></l></v></tfr></token><token id="577835" text="фотографии"><tfr rev_id="4314046" t="фотографии"><v><l id="367492" t="фотография"><g v="NOUN"></g><g v="inan"></g><g v="femn"></g><g v="sing"></g><g v="gent"></g></l></v></tfr></token><token id="577836" text="Сергея"><tfr rev_id="4215835" t="Сергея"><v><l id="319056" t="сергей"><g v="NOUN"></g><g v="anim"></g><g v="masc"></g><g v="Name"></g><g v="sing"></g><g v="gent"></g></l></v></tfr></token><token id="577837" text="Николаева"><tfr rev_id="4425835" t="Николаева"><v><l id="190947" t="николаев"><g v="NOUN"></g><g v="anim"></g><g v="masc"></g><g v="Sgtm"></g><g v="Surn"></g><g v="sing"></g><g v="gent"></g></l></v></tfr></token><token id="577838" text="."><tfr rev_id="1410914" t="."><v><l id="0" t="."><g v="PNCT"></g></l></v></tfr></token></tokens></sentence><sentence id="32283"><source>Мы будет очень благодарны тому, кто сможет предоставить нам такую фотографию.</source><tokens><token id="577839" text="Мы"><tfr rev_id="1410915" t="Мы"><v><l id="165750" t="мы"><g v="NPRO"></g><g v="1per"></g><g v="plur"></g><g v="nomn"></g></l></v></tfr></token><token id="577840" text="будет"><tfr rev_id="1410916" t="будет"><v><l id="37265" t="есть"><g v="VERB"></g><g v="impf"></g><g v="intr"></g><g v="sing"></g><g v="3per"></g><g v="futr"></g><g v="indc"></g></l></v></tfr></token><token id="577841" text="очень"><tfr rev_id="1410917" t="очень"><v><l id="221681" t="очень"><g v="ADVB"></g></l></v></tfr></token><token id="577842" text="благодарны"><tfr rev_id="1410918" t="благодарны"><v><l id="30394" t="благодарен"><g v="ADJS"></g><g v="Qual"></g><g v="plur"></g></l></v></tfr></token><token id="577843" text="тому"><tfr rev_id="3771991" t="тому"><v><l id="348430" t="тот"><g v="ADJF"></g><g v="Subx"></g><g v="Apro"></g><g v="Anph"></g><g v="masc"></g><g v="sing"></g><g v="datv"></g></l></v></tfr></token><token id="577844" text=","><tfr rev_id="1410920" t=","><v><l id="0" t=","><g v="PNCT"></g></l></v></tfr></token><token id="577845" text="кто"><tfr rev_id="1410921" t="кто"><v><l id="144216" t="кто"><g v="NPRO"></g><g v="masc"></g><g v="sing"></g><g v="nomn"></g></l></v></tfr></token><token id="577846" text="сможет"><tfr rev_id="1410922" t="сможет"><v><l id="326830" t="смог"><g v="VERB"></g><g v="perf"></g><g v="intr"></g><g v="sing"></g><g v="3per"></g><g v="futr"></g><g v="indc"></g></l></v></tfr></token><token id="577847" text="предоставить"><tfr rev_id="1410923" t="предоставить"><v><l id="266665" t="предоставить"><g v="INFN"></g><g v="perf"></g><g v="tran"></g></l></v></tfr></token><token id="577848" text="нам"><tfr rev_id="1410924" t="нам"><v><l id="165750" t="мы"><g v="NPRO"></g><g v="1per"></g><g v="plur"></g><g v="datv"></g></l></v></tfr></token><token id="577849" text="такую"><tfr rev_id="1410925" t="такую"><v><l id="342491" t="такой"><g v="ADJF"></g><g v="Apro"></g><g v="femn"></g><g v="sing"></g><g v="accs"></g></l></v></tfr></token><token id="577850" text="фотографию"><tfr rev_id="1410926" t="фотографию"><v><l id="367492" t="фотография"><g v="NOUN"></g><g v="inan"></g><g v="femn"></g><g v="sing"></g><g v="accs"></g></l></v></tfr></token><token id="577851" text="."><tfr rev_id="1410927" t="."><v><l id="0" t="."><g v="PNCT"></g></l></v></tfr></token></tokens></sentence></paragraph></paragraphs></text>