<?xml version="1.0" encoding="utf-8"?><text id="1056" parent="56" name="Водяные гейзеры на одной из лун Сатурна"><tags><tag>url:http://ru.wikinews.org/w/index.php?title=Водяные_гейзеры_на_одной_из_лун_Сатурна&amp;oldid=43531</tag><tag>Автор:http://ru.wikinews.org/wiki/Участник:195.245.253.6</tag><tag>Дата:14/03</tag><tag>Год:2006</tag><tag>Тема:ВикиКатегория:Астрономия</tag><tag>Тема:ВикиКатегория:Геология</tag><tag>Тема:ВикиКатегория:Космонавтика</tag></tags><paragraphs><paragraph id="10276"><sentence id="32297"><source>НАСА сообщает, что космический аппарат Кассини обнаружил нечто похожее на водяные гейзеры на спутнике Сатурна Энцеладе.</source><tokens><token id="577926" text="НАСА"><tfr rev_id="3654977" t="НАСА"><v><l id="388632" t="наса"><g v="NOUN"></g><g v="inan"></g><g v="neut"></g><g v="Sgtm"></g><g v="Fixd"></g><g v="Abbr"></g><g v="Orgn"></g><g v="sing"></g><g v="nomn"></g></l></v></tfr></token><token id="577927" text="сообщает"><tfr rev_id="1411003" t="сообщает"><v><l id="329538" t="сообщаю"><g v="VERB"></g><g v="impf"></g><g v="tran"></g><g v="sing"></g><g v="3per"></g><g v="pres"></g><g v="indc"></g></l></v></tfr></token><token id="577928" text=","><tfr rev_id="1411004" t=","><v><l id="0" t=","><g v="PNCT"></g></l></v></tfr></token><token id="577929" text="что"><tfr rev_id="3196592" t="что"><v><l id="377004" t="что"><g v="CONJ"></g></l></v><v><l id="377005" t="что"><g v="NPRO"></g><g v="neut"></g><g v="sing"></g><g v="nomn"></g></l></v><v><l id="377005" t="что"><g v="NPRO"></g><g v="neut"></g><g v="sing"></g><g v="accs"></g></l></v><v><l id="377006" t="что"><g v="ADVB"></g><g v="Ques"></g></l></v><v><l id="388695" t="что"><g v="PRCL"></g></l></v></tfr></token><token id="577930" text="космический"><tfr rev_id="1411006" t="космический"><v><l id="140606" t="космический"><g v="ADJF"></g><g v="masc"></g><g v="sing"></g><g v="nomn"></g></l></v><v><l id="140606" t="космический"><g v="ADJF"></g><g v="inan"></g><g v="masc"></g><g v="sing"></g><g v="accs"></g></l></v></tfr></token><token id="577931" text="аппарат"><tfr rev_id="2584152" t="аппарат"><v><l id="15358" t="аппарат"><g v="NOUN"></g><g v="inan"></g><g v="masc"></g><g v="sing"></g><g v="nomn"></g></l></v></tfr></token><token id="577932" text="Кассини"><tfr rev_id="1411008" t="Кассини"><v><l id="0" t="кассини"><g v="UNKN"></g></l></v></tfr></token><token id="577933" text="обнаружил"><tfr rev_id="1411009" t="обнаружил"><v><l id="197779" t="обнаружил"><g v="VERB"></g><g v="perf"></g><g v="tran"></g><g v="masc"></g><g v="sing"></g><g v="past"></g><g v="indc"></g></l></v></tfr></token><token id="577934" text="нечто"><tfr rev_id="2699566" t="нечто"><v><l id="190100" t="нечто"><g v="NPRO"></g><g v="neut"></g><g v="sing"></g><g v="accs"></g></l></v></tfr></token><token id="577935" text="похожее"><tfr rev_id="1411011" t="похожее"><v><l id="264398" t="похожий"><g v="ADJF"></g><g v="Qual"></g><g v="neut"></g><g v="sing"></g><g v="nomn"></g></l></v><v><l id="264398" t="похожий"><g v="ADJF"></g><g v="Qual"></g><g v="neut"></g><g v="sing"></g><g v="accs"></g></l></v><v><l id="264400" t="похожее"><g v="COMP"></g><g v="Qual"></g></l></v></tfr></token><token id="577936" text="на"><tfr rev_id="3334590" t="на"><v><l id="166264" t="на"><g v="PREP"></g></l></v></tfr></token><token id="577937" text="водяные"><tfr rev_id="3411866" t="водяные"><v><l id="48533" t="водяной"><g v="ADJF"></g><g v="plur"></g><g v="nomn"></g></l></v><v><l id="48533" t="водяной"><g v="ADJF"></g><g v="inan"></g><g v="plur"></g><g v="accs"></g></l></v></tfr></token><token id="577938" text="гейзеры"><tfr rev_id="3749836" t="гейзеры"><v><l id="68127" t="гейзер"><g v="NOUN"></g><g v="inan"></g><g v="masc"></g><g v="plur"></g><g v="accs"></g></l></v></tfr></token><token id="577939" text="на"><tfr rev_id="3338152" t="на"><v><l id="166264" t="на"><g v="PREP"></g></l></v></tfr></token><token id="577940" text="спутнике"><tfr rev_id="4336143" t="спутнике"><v><l id="333235" t="спутник"><g v="NOUN"></g><g v="inan"></g><g v="masc"></g><g v="sing"></g><g v="loct"></g></l></v></tfr></token><token id="577941" text="Сатурна"><tfr rev_id="1411017" t="Сатурна"><v><l id="313869" t="сатурн"><g v="NOUN"></g><g v="inan"></g><g v="masc"></g><g v="Geox"></g><g v="sing"></g><g v="gent"></g></l></v></tfr></token><token id="577942" text="Энцеладе"><tfr rev_id="1411018" t="Энцеладе"><v><l id="0" t="энцеладе"><g v="UNKN"></g></l></v></tfr></token><token id="577943" text="."><tfr rev_id="1411019" t="."><v><l id="0" t="."><g v="PNCT"></g></l></v></tfr></token></tokens></sentence><sentence id="32298"><source>Открытие повышает вероятность обнаружения жизни на других планетах, так как наличие жидкой воды — одно из необходимых условий возникновения жизни.</source><tokens><token id="577944" text="Открытие"><tfr rev_id="3301121" t="Открытие"><v><l id="214745" t="открытие"><g v="NOUN"></g><g v="inan"></g><g v="neut"></g><g v="sing"></g><g v="nomn"></g></l></v></tfr></token><token id="577945" text="повышает"><tfr rev_id="1411021" t="повышает"><v><l id="243051" t="повышаю"><g v="VERB"></g><g v="impf"></g><g v="tran"></g><g v="sing"></g><g v="3per"></g><g v="pres"></g><g v="indc"></g></l></v></tfr></token><token id="577946" text="вероятность"><tfr rev_id="1411022" t="вероятность"><v><l id="41549" t="вероятность"><g v="NOUN"></g><g v="inan"></g><g v="femn"></g><g v="sing"></g><g v="nomn"></g></l></v><v><l id="41549" t="вероятность"><g v="NOUN"></g><g v="inan"></g><g v="femn"></g><g v="sing"></g><g v="accs"></g></l></v></tfr></token><token id="577947" text="обнаружения"><tfr rev_id="2694522" t="обнаружения"><v><l id="197764" t="обнаружение"><g v="NOUN"></g><g v="inan"></g><g v="neut"></g><g v="sing"></g><g v="gent"></g></l></v></tfr></token><token id="577948" text="жизни"><tfr rev_id="4178006" t="жизни"><v><l id="97314" t="жизнь"><g v="NOUN"></g><g v="inan"></g><g v="femn"></g><g v="sing"></g><g v="gent"></g></l></v></tfr></token><token id="577949" text="на"><tfr rev_id="3394971" t="на"><v><l id="166264" t="на"><g v="PREP"></g></l></v></tfr></token><token id="577950" text="других"><tfr rev_id="3668665" t="других"><v><l id="92342" t="другой"><g v="ADJF"></g><g v="Apro"></g><g v="Subx"></g><g v="plur"></g><g v="loct"></g></l></v></tfr></token><token id="577951" text="планетах"><tfr rev_id="4282142" t="планетах"><v><l id="239690" t="планета"><g v="NOUN"></g><g v="inan"></g><g v="femn"></g><g v="plur"></g><g v="loct"></g></l></v></tfr></token><token id="577952" text=","><tfr rev_id="1411028" t=","><v><l id="0" t=","><g v="PNCT"></g></l></v></tfr></token><token id="577953" text="так"><tfr rev_id="1411029" t="так"><v><l id="342451" t="так"><g v="CONJ"></g></l></v><v><l id="342452" t="так"><g v="PRCL"></g></l></v><v><l id="342453" t="так"><g v="ADVB"></g><g v="Dmns"></g></l></v></tfr></token><token id="577954" text="как"><tfr rev_id="1411030" t="как"><v><l id="128190" t="как"><g v="CONJ"></g></l></v><v><l id="128191" t="как"><g v="PRCL"></g></l></v><v><l id="128192" t="как"><g v="ADVB"></g><g v="Ques"></g></l></v></tfr></token><token id="577955" text="наличие"><tfr rev_id="1411031" t="наличие"><v><l id="172022" t="наличие"><g v="NOUN"></g><g v="inan"></g><g v="neut"></g><g v="sing"></g><g v="nomn"></g></l></v><v><l id="172022" t="наличие"><g v="NOUN"></g><g v="inan"></g><g v="neut"></g><g v="sing"></g><g v="accs"></g></l></v></tfr></token><token id="577956" text="жидкой"><tfr rev_id="3554072" t="жидкой"><v><l id="97208" t="жидкий"><g v="ADJF"></g><g v="Qual"></g><g v="femn"></g><g v="sing"></g><g v="gent"></g></l></v></tfr></token><token id="577957" text="воды"><tfr rev_id="3497938" t="воды"><v><l id="48014" t="вода"><g v="NOUN"></g><g v="inan"></g><g v="femn"></g><g v="sing"></g><g v="gent"></g></l></v></tfr></token><token id="577958" text="—"><tfr rev_id="2442736" t="—"><v><l id="0" t="—"><g v="PNCT"></g></l></v></tfr></token><token id="577959" text="одно"><tfr rev_id="4303070" t="одно"><v><l id="203319" t="один"><g v="ADJF"></g><g v="Apro"></g><g v="Anum"></g><g v="neut"></g><g v="sing"></g><g v="nomn"></g></l></v><v><l id="203319" t="один"><g v="ADJF"></g><g v="Apro"></g><g v="Anum"></g><g v="neut"></g><g v="sing"></g><g v="accs"></g></l></v></tfr></token><token id="577960" text="из"><tfr rev_id="2602548" t="из"><v><l id="117677" t="из"><g v="PREP"></g></l></v></tfr></token><token id="577961" text="необходимых"><tfr rev_id="3557978" t="необходимых"><v><l id="184808" t="необходимый"><g v="ADJF"></g><g v="Qual"></g><g v="plur"></g><g v="gent"></g></l></v></tfr></token><token id="577962" text="условий"><tfr rev_id="1411038" t="условий"><v><l id="360556" t="условие"><g v="NOUN"></g><g v="inan"></g><g v="neut"></g><g v="plur"></g><g v="gent"></g></l></v></tfr></token><token id="577963" text="возникновения"><tfr rev_id="3465249" t="возникновения"><v><l id="49519" t="возникновение"><g v="NOUN"></g><g v="inan"></g><g v="neut"></g><g v="sing"></g><g v="gent"></g></l></v></tfr></token><token id="577964" text="жизни"><tfr rev_id="4179474" t="жизни"><v><l id="97314" t="жизнь"><g v="NOUN"></g><g v="inan"></g><g v="femn"></g><g v="sing"></g><g v="gent"></g></l></v></tfr></token><token id="577965" text="."><tfr rev_id="1411041" t="."><v><l id="0" t="."><g v="PNCT"></g></l></v></tfr></token></tokens></sentence><sentence id="32299"><source>"Впервые ученые получили ясные признаки существования воды в жидкой форме так близко к поверхности внеземного космического тела",</source><tokens><token id="577966" text="&quot;"><tfr rev_id="1411042" t="&quot;"><v><l id="0" t="&quot;"><g v="PNCT"></g></l></v></tfr></token><token id="577967" text="Впервые"><tfr rev_id="1411043" t="Впервые"><v><l id="52345" t="впервые"><g v="ADVB"></g></l></v></tfr></token><token id="577968" text="ученые"><tfr rev_id="4151363" t="ученые"><v><l id="363100" t="учёный"><g v="NOUN"></g><g v="anim"></g><g v="masc"></g><g v="plur"></g><g v="nomn"></g></l></v></tfr></token><token id="577969" text="получили"><tfr rev_id="1411045" t="получили"><v><l id="256959" t="получил"><g v="VERB"></g><g v="perf"></g><g v="tran"></g><g v="plur"></g><g v="past"></g><g v="indc"></g></l></v></tfr></token><token id="577970" text="ясные"><tfr rev_id="4074880" t="ясные"><v><l id="388279" t="ясный"><g v="ADJF"></g><g v="Qual"></g><g v="inan"></g><g v="plur"></g><g v="accs"></g></l></v></tfr></token><token id="577971" text="признаки"><tfr rev_id="3743947" t="признаки"><v><l id="270637" t="признак"><g v="NOUN"></g><g v="inan"></g><g v="masc"></g><g v="plur"></g><g v="accs"></g></l></v></tfr></token><token id="577972" text="существования"><tfr rev_id="3495786" t="существования"><v><l id="340482" t="существование"><g v="NOUN"></g><g v="inan"></g><g v="neut"></g><g v="sing"></g><g v="gent"></g></l></v></tfr></token><token id="577973" text="воды"><tfr rev_id="3475961" t="воды"><v><l id="48014" t="вода"><g v="NOUN"></g><g v="inan"></g><g v="femn"></g><g v="sing"></g><g v="gent"></g></l></v></tfr></token><token id="577974" text="в"><tfr rev_id="1411050" t="в"><v><l id="37409" t="в"><g v="PREP"></g></l></v></tfr></token><token id="577975" text="жидкой"><tfr rev_id="4423539" t="жидкой"><v><l id="97208" t="жидкий"><g v="ADJF"></g><g v="Qual"></g><g v="femn"></g><g v="sing"></g><g v="loct"></g></l></v></tfr></token><token id="577976" text="форме"><tfr rev_id="3226465" t="форме"><v><l id="367077" t="форма"><g v="NOUN"></g><g v="inan"></g><g v="femn"></g><g v="sing"></g><g v="loct"></g></l></v></tfr></token><token id="577977" text="так"><tfr rev_id="1411053" t="так"><v><l id="342451" t="так"><g v="CONJ"></g></l></v><v><l id="342452" t="так"><g v="PRCL"></g></l></v><v><l id="342453" t="так"><g v="ADVB"></g><g v="Dmns"></g></l></v></tfr></token><token id="577978" text="близко"><tfr rev_id="3526394" t="близко"><v><l id="30860" t="близко"><g v="ADVB"></g><g v="Prdx"></g></l></v></tfr></token><token id="577979" text="к"><tfr rev_id="1411055" t="к"><v><l id="127460" t="к"><g v="PREP"></g></l></v></tfr></token><token id="577980" text="поверхности"><tfr rev_id="4178511" t="поверхности"><v><l id="242247" t="поверхность"><g v="NOUN"></g><g v="inan"></g><g v="femn"></g><g v="sing"></g><g v="datv"></g></l></v></tfr></token><token id="577981" text="внеземного"><tfr rev_id="4165372" t="внеземного"><v><l id="47365" t="внеземной"><g v="ADJF"></g><g v="neut"></g><g v="sing"></g><g v="gent"></g></l></v></tfr></token><token id="577982" text="космического"><tfr rev_id="3449694" t="космического"><v><l id="140606" t="космический"><g v="ADJF"></g><g v="neut"></g><g v="sing"></g><g v="gent"></g></l></v></tfr></token><token id="577983" text="тела"><tfr rev_id="3479891" t="тела"><v><l id="344407" t="тело"><g v="NOUN"></g><g v="inan"></g><g v="neut"></g><g v="sing"></g><g v="gent"></g></l></v></tfr></token><token id="577984" text="&quot;"><tfr rev_id="1411060" t="&quot;"><v><l id="0" t="&quot;"><g v="PNCT"></g></l></v></tfr></token><token id="577985" text=","><tfr rev_id="1411061" t=","><v><l id="0" t=","><g v="PNCT"></g></l></v></tfr></token></tokens></sentence><sentence id="32300"><source>— сказал один из участников программы Кассини Торренс Джонсон (Torrence Johnson).</source><tokens><token id="577986" text="—"><tfr rev_id="2442737" t="—"><v><l id="0" t="—"><g v="PNCT"></g></l></v></tfr></token><token id="577987" text="сказал"><tfr rev_id="1411063" t="сказал"><v><l id="321532" t="сказал"><g v="VERB"></g><g v="perf"></g><g v="tran"></g><g v="masc"></g><g v="sing"></g><g v="past"></g><g v="indc"></g></l></v></tfr></token><token id="577988" text="один"><tfr rev_id="4299643" t="один"><v><l id="203319" t="один"><g v="ADJF"></g><g v="Apro"></g><g v="Anum"></g><g v="masc"></g><g v="sing"></g><g v="nomn"></g></l></v><v><l id="203319" t="один"><g v="ADJF"></g><g v="Apro"></g><g v="Anum"></g><g v="inan"></g><g v="masc"></g><g v="sing"></g><g v="accs"></g></l></v></tfr></token><token id="577989" text="из"><tfr rev_id="2503419" t="из"><v><l id="117677" t="из"><g v="PREP"></g></l></v></tfr></token><token id="577990" text="участников"><tfr rev_id="3538049" t="участников"><v><l id="363151" t="участник"><g v="NOUN"></g><g v="anim"></g><g v="masc"></g><g v="plur"></g><g v="gent"></g></l></v></tfr></token><token id="577991" text="программы"><tfr rev_id="3436656" t="программы"><v><l id="278686" t="программа"><g v="NOUN"></g><g v="inan"></g><g v="femn"></g><g v="sing"></g><g v="gent"></g></l></v></tfr></token><token id="577992" text="Кассини"><tfr rev_id="1411068" t="Кассини"><v><l id="0" t="кассини"><g v="UNKN"></g></l></v></tfr></token><token id="577993" text="Торренс"><tfr rev_id="1411069" t="Торренс"><v><l id="348290" t="торренс"><g v="NOUN"></g><g v="inan"></g><g v="masc"></g><g v="Geox"></g><g v="sing"></g><g v="nomn"></g></l></v><v><l id="348290" t="торренс"><g v="NOUN"></g><g v="inan"></g><g v="masc"></g><g v="Geox"></g><g v="sing"></g><g v="accs"></g></l></v></tfr></token><token id="577994" text="Джонсон"><tfr rev_id="1411070" t="Джонсон"><v><l id="83095" t="джонсон"><g v="NOUN"></g><g v="anim"></g><g v="masc"></g><g v="Name"></g><g v="sing"></g><g v="nomn"></g></l></v></tfr></token><token id="577995" text="("><tfr rev_id="1411071" t="("><v><l id="0" t="("><g v="PNCT"></g></l></v></tfr></token><token id="577996" text="Torrence"><tfr rev_id="2474426" t="Torrence"><v><l id="0" t="Torrence"><g v="LATN"></g></l></v></tfr></token><token id="577997" text="Johnson"><tfr rev_id="2474427" t="Johnson"><v><l id="0" t="Johnson"><g v="LATN"></g></l></v></tfr></token><token id="577998" text=")"><tfr rev_id="1411074" t=")"><v><l id="0" t=")"><g v="PNCT"></g></l></v></tfr></token><token id="577999" text="."><tfr rev_id="1411075" t="."><v><l id="0" t="."><g v="PNCT"></g></l></v></tfr></token></tokens></sentence><sentence id="32301"><source>Хотя шансы обнаружить на этой луне жизнь возросли, большинство ученых считает, что даже если Энцелад стал прибежищем жизни, то скорее всего она представляет собой микроорганизмы или другие выносливые организмы, способные жить в экстремальных условиях.</source><tokens><token id="578000" text="Хотя"><tfr rev_id="3888028" t="Хотя"><v><l id="371732" t="хотя"><g v="CONJ"></g></l></v></tfr></token><token id="578001" text="шансы"><tfr rev_id="3749717" t="шансы"><v><l id="378026" t="шанс"><g v="NOUN"></g><g v="inan"></g><g v="masc"></g><g v="plur"></g><g v="nomn"></g></l></v></tfr></token><token id="578002" text="обнаружить"><tfr rev_id="1411078" t="обнаружить"><v><l id="197780" t="обнаружить"><g v="INFN"></g><g v="perf"></g><g v="tran"></g></l></v></tfr></token><token id="578003" text="на"><tfr rev_id="3475530" t="на"><v><l id="166264" t="на"><g v="PREP"></g></l></v></tfr></token><token id="578004" text="этой"><tfr rev_id="4437986" t="этой"><v><l id="386581" t="этот"><g v="ADJF"></g><g v="Subx"></g><g v="Apro"></g><g v="Anph"></g><g v="femn"></g><g v="sing"></g><g v="loct"></g></l></v></tfr></token><token id="578005" text="луне"><tfr rev_id="4330989" t="луне"><v><l id="151474" t="луна"><g v="NOUN"></g><g v="inan"></g><g v="femn"></g><g v="sing"></g><g v="loct"></g></l></v></tfr></token><token id="578006" text="жизнь"><tfr rev_id="3861217" t="жизнь"><v><l id="97314" t="жизнь"><g v="NOUN"></g><g v="inan"></g><g v="femn"></g><g v="sing"></g><g v="accs"></g></l></v></tfr></token><token id="578007" text="возросли"><tfr rev_id="1411083" t="возросли"><v><l id="49618" t="возрос"><g v="VERB"></g><g v="perf"></g><g v="intr"></g><g v="plur"></g><g v="past"></g><g v="indc"></g></l></v></tfr></token><token id="578008" text=","><tfr rev_id="1411084" t=","><v><l id="0" t=","><g v="PNCT"></g></l></v></tfr></token><token id="578009" text="большинство"><tfr rev_id="4212696" t="большинство"><v><l id="32441" t="большинство"><g v="NOUN"></g><g v="inan"></g><g v="neut"></g><g v="Sgtm"></g><g v="sing"></g><g v="nomn"></g></l></v></tfr></token><token id="578010" text="ученых"><tfr rev_id="4465425" t="ученых"><v><l id="363100" t="учёный"><g v="NOUN"></g><g v="anim"></g><g v="masc"></g><g v="plur"></g><g v="gent"></g></l></v></tfr></token><token id="578011" text="считает"><tfr rev_id="1411087" t="считает"><v><l id="341320" t="считаю"><g v="VERB"></g><g v="impf"></g><g v="tran"></g><g v="sing"></g><g v="3per"></g><g v="pres"></g><g v="indc"></g></l></v><v><l id="341329" t="считал"><g v="VERB"></g><g v="perf"></g><g v="tran"></g><g v="sing"></g><g v="3per"></g><g v="futr"></g><g v="indc"></g></l></v></tfr></token><token id="578012" text=","><tfr rev_id="1411088" t=","><v><l id="0" t=","><g v="PNCT"></g></l></v></tfr></token><token id="578013" text="что"><tfr rev_id="3196593" t="что"><v><l id="377004" t="что"><g v="CONJ"></g></l></v><v><l id="377005" t="что"><g v="NPRO"></g><g v="neut"></g><g v="sing"></g><g v="nomn"></g></l></v><v><l id="377005" t="что"><g v="NPRO"></g><g v="neut"></g><g v="sing"></g><g v="accs"></g></l></v><v><l id="377006" t="что"><g v="ADVB"></g><g v="Ques"></g></l></v><v><l id="388695" t="что"><g v="PRCL"></g></l></v></tfr></token><token id="578014" text="даже"><tfr rev_id="4079099" t="даже"><v><l id="77849" t="даже"><g v="PRCL"></g></l></v></tfr></token><token id="578015" text="если"><tfr rev_id="1411091" t="если"><v><l id="95365" t="если"><g v="CONJ"></g></l></v></tfr></token><token id="578016" text="Энцелад"><tfr rev_id="1411092" t="Энцелад"><v><l id="0" t="энцелад"><g v="UNKN"></g></l></v></tfr></token><token id="578017" text="стал"><tfr rev_id="1411093" t="стал"><v><l id="335164" t="стал"><g v="VERB"></g><g v="perf"></g><g v="intr"></g><g v="masc"></g><g v="sing"></g><g v="past"></g><g v="indc"></g></l></v></tfr></token><token id="578018" text="прибежищем"><tfr rev_id="1411094" t="прибежищем"><v><l id="268741" t="прибежище"><g v="NOUN"></g><g v="inan"></g><g v="neut"></g><g v="sing"></g><g v="ablt"></g></l></v></tfr></token><token id="578019" text="жизни"><tfr rev_id="4178108" t="жизни"><v><l id="97314" t="жизнь"><g v="NOUN"></g><g v="inan"></g><g v="femn"></g><g v="sing"></g><g v="gent"></g></l></v></tfr></token><token id="578020" text=","><tfr rev_id="1411096" t=","><v><l id="0" t=","><g v="PNCT"></g></l></v></tfr></token><token id="578021" text="то"><tfr rev_id="3777474" t="то"><v><l id="346835" t="то"><g v="CONJ"></g></l></v><v><l id="346836" t="то"><g v="PRCL"></g></l></v><v><l id="348430" t="тот"><g v="ADJF"></g><g v="Subx"></g><g v="Apro"></g><g v="Anph"></g><g v="neut"></g><g v="sing"></g><g v="nomn"></g></l></v><v><l id="348430" t="тот"><g v="ADJF"></g><g v="Subx"></g><g v="Apro"></g><g v="Anph"></g><g v="neut"></g><g v="sing"></g><g v="accs"></g></l></v></tfr></token><token id="578022" text="скорее"><tfr rev_id="3423643" t="скорее"><v><l id="323379" t="скорее"><g v="COMP"></g><g v="Qual"></g></l></v><v><l id="388718" t="скорее"><g v="CONJ"></g><g v="Prnt"></g></l></v></tfr></token><token id="578023" text="всего"><tfr rev_id="4515618" t="всего"><v><l id="42156" t="весь"><g v="ADJF"></g><g v="Subx"></g><g v="Apro"></g><g v="neut"></g><g v="sing"></g><g v="gent"></g></l></v></tfr></token><token id="578024" text="она"><tfr rev_id="3586441" t="она"><v><l id="206544" t="она"><g v="NPRO"></g><g v="femn"></g><g v="3per"></g><g v="Anph"></g><g v="sing"></g><g v="nomn"></g></l></v></tfr></token><token id="578025" text="представляет"><tfr rev_id="1411101" t="представляет"><v><l id="267112" t="представляю"><g v="VERB"></g><g v="impf"></g><g v="tran"></g><g v="sing"></g><g v="3per"></g><g v="pres"></g><g v="indc"></g></l></v></tfr></token><token id="578026" text="собой"><tfr rev_id="3636369" t="собой"><v><l id="317456" t="себя"><g v="NPRO"></g><g v="Anph"></g><g v="sing"></g><g v="ablt"></g></l></v></tfr></token><token id="578027" text="микроорганизмы"><tfr rev_id="3756696" t="микроорганизмы"><v><l id="159910" t="микроорганизм"><g v="NOUN"></g><g v="inan"></g><g v="masc"></g><g v="plur"></g><g v="accs"></g></l></v></tfr></token><token id="578028" text="или"><tfr rev_id="3787158" t="или"><v><l id="121146" t="или"><g v="CONJ"></g></l></v></tfr></token><token id="578029" text="другие"><tfr rev_id="3747694" t="другие"><v><l id="92342" t="другой"><g v="ADJF"></g><g v="Apro"></g><g v="Subx"></g><g v="inan"></g><g v="plur"></g><g v="accs"></g></l></v></tfr></token><token id="578030" text="выносливые"><tfr rev_id="3825694" t="выносливые"><v><l id="59944" t="выносливый"><g v="ADJF"></g><g v="Qual"></g><g v="inan"></g><g v="plur"></g><g v="accs"></g></l></v></tfr></token><token id="578031" text="организмы"><tfr rev_id="3757386" t="организмы"><v><l id="208751" t="организм"><g v="NOUN"></g><g v="inan"></g><g v="masc"></g><g v="plur"></g><g v="accs"></g></l></v></tfr></token><token id="578032" text=","><tfr rev_id="1411108" t=","><v><l id="0" t=","><g v="PNCT"></g></l></v></tfr></token><token id="578033" text="способные"><tfr rev_id="4085735" t="способные"><v><l id="332837" t="способный"><g v="ADJF"></g><g v="Qual"></g><g v="inan"></g><g v="plur"></g><g v="accs"></g></l></v></tfr></token><token id="578034" text="жить"><tfr rev_id="1411110" t="жить"><v><l id="97604" t="жить"><g v="INFN"></g><g v="impf"></g><g v="intr"></g></l></v></tfr></token><token id="578035" text="в"><tfr rev_id="1411111" t="в"><v><l id="37409" t="в"><g v="PREP"></g></l></v></tfr></token><token id="578036" text="экстремальных"><tfr rev_id="4493021" t="экстремальных"><v><l id="383864" t="экстремальный"><g v="ADJF"></g><g v="Qual"></g><g v="plur"></g><g v="gent"></g></l></v><v><l id="383864" t="экстремальный"><g v="ADJF"></g><g v="Qual"></g><g v="anim"></g><g v="plur"></g><g v="accs"></g></l></v><v><l id="383864" t="экстремальный"><g v="ADJF"></g><g v="Qual"></g><g v="plur"></g><g v="loct"></g></l></v></tfr></token><token id="578037" text="условиях"><tfr rev_id="1411113" t="условиях"><v><l id="360556" t="условие"><g v="NOUN"></g><g v="inan"></g><g v="neut"></g><g v="plur"></g><g v="loct"></g></l></v></tfr></token><token id="578038" text="."><tfr rev_id="1411114" t="."><v><l id="0" t="."><g v="PNCT"></g></l></v></tfr></token></tokens></sentence><sentence id="32302"><source>Последние исследования говорят о том, что жизнь в других уголках вселенной может быть гораздо более вероятна, чем предполагалось ранее.</source><tokens><token id="578039" text="Последние"><tfr rev_id="4086529" t="Последние"><v><l id="261565" t="последний"><g v="ADJF"></g><g v="plur"></g><g v="nomn"></g></l></v></tfr></token><token id="578040" text="исследования"><tfr rev_id="3762264" t="исследования"><v><l id="125799" t="исследование"><g v="NOUN"></g><g v="inan"></g><g v="neut"></g><g v="plur"></g><g v="nomn"></g></l></v></tfr></token><token id="578041" text="говорят"><tfr rev_id="3797106" t="говорят"><v><l id="72053" t="говорю"><g v="VERB"></g><g v="impf"></g><g v="tran"></g><g v="plur"></g><g v="3per"></g><g v="pres"></g><g v="indc"></g></l></v></tfr></token><token id="578042" text="о"><tfr rev_id="3326841" t="о"><v><l id="192977" t="о"><g v="PREP"></g></l></v></tfr></token><token id="578043" text="том"><tfr rev_id="4376729" t="том"><v><l id="348430" t="тот"><g v="ADJF"></g><g v="Subx"></g><g v="Apro"></g><g v="Anph"></g><g v="neut"></g><g v="sing"></g><g v="loct"></g></l></v></tfr></token><token id="578044" text=","><tfr rev_id="1411120" t=","><v><l id="0" t=","><g v="PNCT"></g></l></v></tfr></token><token id="578045" text="что"><tfr rev_id="3196594" t="что"><v><l id="377004" t="что"><g v="CONJ"></g></l></v><v><l id="377005" t="что"><g v="NPRO"></g><g v="neut"></g><g v="sing"></g><g v="nomn"></g></l></v><v><l id="377005" t="что"><g v="NPRO"></g><g v="neut"></g><g v="sing"></g><g v="accs"></g></l></v><v><l id="377006" t="что"><g v="ADVB"></g><g v="Ques"></g></l></v><v><l id="388695" t="что"><g v="PRCL"></g></l></v></tfr></token><token id="578046" text="жизнь"><tfr rev_id="3537974" t="жизнь"><v><l id="97314" t="жизнь"><g v="NOUN"></g><g v="inan"></g><g v="femn"></g><g v="sing"></g><g v="nomn"></g></l></v></tfr></token><token id="578047" text="в"><tfr rev_id="1411123" t="в"><v><l id="37409" t="в"><g v="PREP"></g></l></v></tfr></token><token id="578048" text="других"><tfr rev_id="3562106" t="других"><v><l id="92342" t="другой"><g v="ADJF"></g><g v="Apro"></g><g v="Subx"></g><g v="plur"></g><g v="gent"></g></l></v><v><l id="92342" t="другой"><g v="ADJF"></g><g v="Apro"></g><g v="Subx"></g><g v="anim"></g><g v="plur"></g><g v="accs"></g></l></v><v><l id="92342" t="другой"><g v="ADJF"></g><g v="Apro"></g><g v="Subx"></g><g v="plur"></g><g v="loct"></g></l></v></tfr></token><token id="578049" text="уголках"><tfr rev_id="1411125" t="уголках"><v><l id="354327" t="уголок"><g v="NOUN"></g><g v="inan"></g><g v="masc"></g><g v="plur"></g><g v="loct"></g></l></v></tfr></token><token id="578050" text="вселенной"><tfr rev_id="1411126" t="вселенной"><v><l id="53406" t="вселенная"><g v="NOUN"></g><g v="inan"></g><g v="femn"></g><g v="sing"></g><g v="gent"></g></l></v><v><l id="53406" t="вселенная"><g v="NOUN"></g><g v="inan"></g><g v="femn"></g><g v="sing"></g><g v="datv"></g></l></v><v><l id="53406" t="вселенная"><g v="NOUN"></g><g v="inan"></g><g v="femn"></g><g v="sing"></g><g v="ablt"></g></l></v><v><l id="53406" t="вселенная"><g v="NOUN"></g><g v="inan"></g><g v="femn"></g><g v="sing"></g><g v="loct"></g></l></v><v><l id="53412" t="вселённый"><g v="PRTF"></g><g v="perf"></g><g v="tran"></g><g v="past"></g><g v="pssv"></g><g v="femn"></g><g v="sing"></g><g v="gent"></g></l></v><v><l id="53412" t="вселённый"><g v="PRTF"></g><g v="perf"></g><g v="tran"></g><g v="past"></g><g v="pssv"></g><g v="femn"></g><g v="sing"></g><g v="datv"></g></l></v><v><l id="53412" t="вселённый"><g v="PRTF"></g><g v="perf"></g><g v="tran"></g><g v="past"></g><g v="pssv"></g><g v="femn"></g><g v="sing"></g><g v="ablt"></g></l></v><v><l id="53412" t="вселённый"><g v="PRTF"></g><g v="perf"></g><g v="tran"></g><g v="past"></g><g v="pssv"></g><g v="femn"></g><g v="sing"></g><g v="loct"></g></l></v></tfr></token><token id="578051" text="может"><tfr rev_id="4223698" t="может"><v><l id="164485" t="могу"><g v="VERB"></g><g v="impf"></g><g v="intr"></g><g v="sing"></g><g v="3per"></g><g v="pres"></g><g v="indc"></g></l></v></tfr></token><token id="578052" text="быть"><tfr rev_id="1411128" t="быть"><v><l id="37266" t="быть"><g v="INFN"></g><g v="impf"></g><g v="intr"></g></l></v></tfr></token><token id="578053" text="гораздо"><tfr rev_id="1411129" t="гораздо"><v><l id="73047" t="горазд"><g v="ADJS"></g><g v="neut"></g><g v="sing"></g></l></v><v><l id="73048" t="гораздо"><g v="ADVB"></g></l></v></tfr></token><token id="578054" text="более"><tfr rev_id="1411130" t="более"><v><l id="32065" t="более"><g v="ADVB"></g></l></v></tfr></token><token id="578055" text="вероятна"><tfr rev_id="1411131" t="вероятна"><v><l id="41553" t="вероятен"><g v="ADJS"></g><g v="Qual"></g><g v="femn"></g><g v="sing"></g></l></v></tfr></token><token id="578056" text=","><tfr rev_id="1411132" t=","><v><l id="0" t=","><g v="PNCT"></g></l></v></tfr></token><token id="578057" text="чем"><tfr rev_id="4283296" t="чем"><v><l id="375161" t="чем"><g v="CONJ"></g></l></v></tfr></token><token id="578058" text="предполагалось"><tfr rev_id="1411134" t="предполагалось"><v><l id="266820" t="предполагаюсь"><g v="VERB"></g><g v="impf"></g><g v="intr"></g><g v="neut"></g><g v="sing"></g><g v="past"></g><g v="indc"></g></l></v></tfr></token><token id="578059" text="ранее"><tfr rev_id="1411135" t="ранее"><v><l id="297884" t="ранее"><g v="ADVB"></g></l></v></tfr></token><token id="578060" text="."><tfr rev_id="1411136" t="."><v><l id="0" t="."><g v="PNCT"></g></l></v></tfr></token></tokens></sentence></paragraph><paragraph id="10277"><sentence id="32303"><source>"Мы понимаем, что свидетельства существования жидкой воды на столь малом и холодном теле — довольно радикальное заключение",</source><tokens><token id="578061" text="&quot;"><tfr rev_id="1411137" t="&quot;"><v><l id="0" t="&quot;"><g v="PNCT"></g></l></v></tfr></token><token id="578062" text="Мы"><tfr rev_id="1411138" t="Мы"><v><l id="165750" t="мы"><g v="NPRO"></g><g v="1per"></g><g v="plur"></g><g v="nomn"></g></l></v></tfr></token><token id="578063" text="понимаем"><tfr rev_id="2635086" t="понимаем"><v><l id="258461" t="понимаю"><g v="VERB"></g><g v="impf"></g><g v="tran"></g><g v="plur"></g><g v="1per"></g><g v="pres"></g><g v="indc"></g></l></v></tfr></token><token id="578064" text=","><tfr rev_id="1411140" t=","><v><l id="0" t=","><g v="PNCT"></g></l></v></tfr></token><token id="578065" text="что"><tfr rev_id="3196595" t="что"><v><l id="377004" t="что"><g v="CONJ"></g></l></v><v><l id="377005" t="что"><g v="NPRO"></g><g v="neut"></g><g v="sing"></g><g v="nomn"></g></l></v><v><l id="377005" t="что"><g v="NPRO"></g><g v="neut"></g><g v="sing"></g><g v="accs"></g></l></v><v><l id="377006" t="что"><g v="ADVB"></g><g v="Ques"></g></l></v><v><l id="388695" t="что"><g v="PRCL"></g></l></v></tfr></token><token id="578066" text="свидетельства"><tfr rev_id="3802355" t="свидетельства"><v><l id="315885" t="свидетельство"><g v="NOUN"></g><g v="inan"></g><g v="neut"></g><g v="plur"></g><g v="nomn"></g></l></v></tfr></token><token id="578067" text="существования"><tfr rev_id="3468825" t="существования"><v><l id="340482" t="существование"><g v="NOUN"></g><g v="inan"></g><g v="neut"></g><g v="sing"></g><g v="gent"></g></l></v></tfr></token><token id="578068" text="жидкой"><tfr rev_id="4315862" t="жидкой"><v><l id="97208" t="жидкий"><g v="ADJF"></g><g v="Qual"></g><g v="femn"></g><g v="sing"></g><g v="gent"></g></l></v></tfr></token><token id="578069" text="воды"><tfr rev_id="3469673" t="воды"><v><l id="48014" t="вода"><g v="NOUN"></g><g v="inan"></g><g v="femn"></g><g v="sing"></g><g v="gent"></g></l></v></tfr></token><token id="578070" text="на"><tfr rev_id="3344901" t="на"><v><l id="166264" t="на"><g v="PREP"></g></l></v></tfr></token><token id="578071" text="столь"><tfr rev_id="1411147" t="столь"><v><l id="336669" t="столь"><g v="ADVB"></g></l></v></tfr></token><token id="578072" text="малом"><tfr rev_id="4309162" t="малом"><v><l id="154377" t="малый"><g v="ADJF"></g><g v="Qual"></g><g v="neut"></g><g v="sing"></g><g v="loct"></g></l></v></tfr></token><token id="578073" text="и"><tfr rev_id="1411149" t="и"><v><l id="116949" t="и"><g v="CONJ"></g></l></v><v><l id="116950" t="и"><g v="INTJ"></g></l></v></tfr></token><token id="578074" text="холодном"><tfr rev_id="4309146" t="холодном"><v><l id="371377" t="холодный"><g v="ADJF"></g><g v="Qual"></g><g v="neut"></g><g v="sing"></g><g v="loct"></g></l></v></tfr></token><token id="578075" text="теле"><tfr rev_id="1411151" t="теле"><v><l id="344407" t="тело"><g v="NOUN"></g><g v="inan"></g><g v="neut"></g><g v="sing"></g><g v="loct"></g></l></v></tfr></token><token id="578076" text="—"><tfr rev_id="2442738" t="—"><v><l id="0" t="—"><g v="PNCT"></g></l></v></tfr></token><token id="578077" text="довольно"><tfr rev_id="1411153" t="довольно"><v><l id="86034" t="довольно"><g v="ADVB"></g><g v="Prdx"></g></l></v><v><l id="86038" t="доволен"><g v="ADJS"></g><g v="Qual"></g><g v="neut"></g><g v="sing"></g></l></v></tfr></token><token id="578078" text="радикальное"><tfr rev_id="1411154" t="радикальное"><v><l id="290909" t="радикальный"><g v="ADJF"></g><g v="neut"></g><g v="sing"></g><g v="nomn"></g></l></v><v><l id="290909" t="радикальный"><g v="ADJF"></g><g v="neut"></g><g v="sing"></g><g v="accs"></g></l></v></tfr></token><token id="578079" text="заключение"><tfr rev_id="1411155" t="заключение"><v><l id="103480" t="заключение"><g v="NOUN"></g><g v="inan"></g><g v="neut"></g><g v="sing"></g><g v="nomn"></g></l></v><v><l id="103480" t="заключение"><g v="NOUN"></g><g v="inan"></g><g v="neut"></g><g v="sing"></g><g v="accs"></g></l></v></tfr></token><token id="578080" text="&quot;"><tfr rev_id="1411156" t="&quot;"><v><l id="0" t="&quot;"><g v="PNCT"></g></l></v></tfr></token><token id="578081" text=","><tfr rev_id="1411157" t=","><v><l id="0" t=","><g v="PNCT"></g></l></v></tfr></token></tokens></sentence><sentence id="32304"><source>— говорит руководитель группы обработки изображений Др. Кэролайн Порко из Института изучения космоса в г. Боулдер, штат Колорадо.</source><tokens><token id="578082" text="—"><tfr rev_id="2442739" t="—"><v><l id="0" t="—"><g v="PNCT"></g></l></v></tfr></token><token id="578083" text="говорит"><tfr rev_id="1411159" t="говорит"><v><l id="72053" t="говорю"><g v="VERB"></g><g v="impf"></g><g v="tran"></g><g v="sing"></g><g v="3per"></g><g v="pres"></g><g v="indc"></g></l></v></tfr></token><token id="578084" text="руководитель"><tfr rev_id="1411160" t="руководитель"><v><l id="309980" t="руководитель"><g v="NOUN"></g><g v="anim"></g><g v="masc"></g><g v="sing"></g><g v="nomn"></g></l></v></tfr></token><token id="578085" text="группы"><tfr rev_id="3457711" t="группы"><v><l id="76092" t="группа"><g v="NOUN"></g><g v="inan"></g><g v="femn"></g><g v="sing"></g><g v="gent"></g></l></v></tfr></token><token id="578086" text="обработки"><tfr rev_id="3457888" t="обработки"><v><l id="198758" t="обработка"><g v="NOUN"></g><g v="inan"></g><g v="femn"></g><g v="sing"></g><g v="gent"></g></l></v></tfr></token><token id="578087" text="изображений"><tfr rev_id="1411163" t="изображений"><v><l id="120148" t="изображение"><g v="NOUN"></g><g v="inan"></g><g v="neut"></g><g v="plur"></g><g v="gent"></g></l></v></tfr></token><token id="578088" text="Др"><tfr rev_id="1411164" t="Др"><v><l id="0" t="др"><g v="UNKN"></g></l></v></tfr></token><token id="578089" text="."><tfr rev_id="1411165" t="."><v><l id="0" t="."><g v="PNCT"></g></l></v></tfr></token><token id="578090" text="Кэролайн"><tfr rev_id="1411166" t="Кэролайн"><v><l id="0" t="кэролайн"><g v="UNKN"></g></l></v></tfr></token><token id="578091" text="Порко"><tfr rev_id="1411167" t="Порко"><v><l id="0" t="порко"><g v="UNKN"></g></l></v></tfr></token><token id="578092" text="из"><tfr rev_id="1717824" t="из"><v><l id="117677" t="из"><g v="PREP"></g></l></v></tfr></token><token id="578093" text="Института"><tfr rev_id="1411169" t="Института"><v><l id="122879" t="институт"><g v="NOUN"></g><g v="inan"></g><g v="masc"></g><g v="sing"></g><g v="gent"></g></l></v></tfr></token><token id="578094" text="изучения"><tfr rev_id="3484764" t="изучения"><v><l id="120795" t="изучение"><g v="NOUN"></g><g v="inan"></g><g v="neut"></g><g v="sing"></g><g v="gent"></g></l></v></tfr></token><token id="578095" text="космоса"><tfr rev_id="1411171" t="космоса"><v><l id="140637" t="космос"><g v="NOUN"></g><g v="inan"></g><g v="masc"></g><g v="sing"></g><g v="gent"></g></l></v></tfr></token><token id="578096" text="в"><tfr rev_id="1411172" t="в"><v><l id="37409" t="в"><g v="PREP"></g></l></v></tfr></token><token id="578097" text="г"><tfr rev_id="3680749" t="г"><v><l id="389596" t="г"><g v="NOUN"></g><g v="inan"></g><g v="masc"></g><g v="Fixd"></g><g v="Abbr"></g><g v="sing"></g><g v="nomn"></g></l></v><v><l id="389596" t="г"><g v="NOUN"></g><g v="inan"></g><g v="masc"></g><g v="Fixd"></g><g v="Abbr"></g><g v="sing"></g><g v="gent"></g></l></v><v><l id="389596" t="г"><g v="NOUN"></g><g v="inan"></g><g v="masc"></g><g v="Fixd"></g><g v="Abbr"></g><g v="sing"></g><g v="datv"></g></l></v><v><l id="389596" t="г"><g v="NOUN"></g><g v="inan"></g><g v="masc"></g><g v="Fixd"></g><g v="Abbr"></g><g v="sing"></g><g v="accs"></g></l></v><v><l id="389596" t="г"><g v="NOUN"></g><g v="inan"></g><g v="masc"></g><g v="Fixd"></g><g v="Abbr"></g><g v="sing"></g><g v="ablt"></g></l></v><v><l id="389596" t="г"><g v="NOUN"></g><g v="inan"></g><g v="masc"></g><g v="Fixd"></g><g v="Abbr"></g><g v="sing"></g><g v="loct"></g></l></v></tfr></token><token id="578098" text="."><tfr rev_id="1411174" t="."><v><l id="0" t="."><g v="PNCT"></g></l></v></tfr></token><token id="578099" text="Боулдер"><tfr rev_id="1411175" t="Боулдер"><v><l id="0" t="боулдер"><g v="UNKN"></g></l></v></tfr></token><token id="578100" text=","><tfr rev_id="1411176" t=","><v><l id="0" t=","><g v="PNCT"></g></l></v></tfr></token><token id="578101" text="штат"><tfr rev_id="3720125" t="штат"><v><l id="381334" t="штат"><g v="NOUN"></g><g v="inan"></g><g v="masc"></g><g v="sing"></g><g v="nomn"></g></l></v></tfr></token><token id="578102" text="Колорадо"><tfr rev_id="4266619" t="Колорадо"><v><l id="136312" t="колорадо"><g v="NOUN"></g><g v="inan"></g><g v="masc"></g><g v="Fixd"></g><g v="Geox"></g><g v="sing"></g><g v="nomn"></g></l></v></tfr></token><token id="578103" text="."><tfr rev_id="1411179" t="."><v><l id="0" t="."><g v="PNCT"></g></l></v></tfr></token></tokens></sentence><sentence id="32305"><source>"Однако, если мы окажемся правы, мы значительно расширим разнообразие околосолнечных сред, условия в которых приемлимы для существования живых организмов."</source><tokens><token id="578104" text="&quot;"><tfr rev_id="1411180" t="&quot;"><v><l id="0" t="&quot;"><g v="PNCT"></g></l></v></tfr></token><token id="578105" text="Однако"><tfr rev_id="3462563" t="Однако"><v><l id="203387" t="однако"><g v="CONJ"></g><g v="Prnt"></g></l></v></tfr></token><token id="578106" text=","><tfr rev_id="1411182" t=","><v><l id="0" t=","><g v="PNCT"></g></l></v></tfr></token><token id="578107" text="если"><tfr rev_id="1411183" t="если"><v><l id="95365" t="если"><g v="CONJ"></g></l></v></tfr></token><token id="578108" text="мы"><tfr rev_id="1411184" t="мы"><v><l id="165750" t="мы"><g v="NPRO"></g><g v="1per"></g><g v="plur"></g><g v="nomn"></g></l></v></tfr></token><token id="578109" text="окажемся"><tfr rev_id="1411185" t="окажемся"><v><l id="204462" t="оказался"><g v="VERB"></g><g v="perf"></g><g v="intr"></g><g v="plur"></g><g v="1per"></g><g v="futr"></g><g v="indc"></g></l></v><v><l id="204462" t="оказался"><g v="VERB"></g><g v="perf"></g><g v="intr"></g><g v="sing"></g><g v="impr"></g><g v="incl"></g></l></v></tfr></token><token id="578110" text="правы"><tfr rev_id="1411186" t="правы"><v><l id="265798" t="прав"><g v="ADJS"></g><g v="Qual"></g><g v="plur"></g></l></v></tfr></token><token id="578111" text=","><tfr rev_id="1411187" t=","><v><l id="0" t=","><g v="PNCT"></g></l></v></tfr></token><token id="578112" text="мы"><tfr rev_id="1411188" t="мы"><v><l id="165750" t="мы"><g v="NPRO"></g><g v="1per"></g><g v="plur"></g><g v="nomn"></g></l></v></tfr></token><token id="578113" text="значительно"><tfr rev_id="1411189" t="значительно"><v><l id="116024" t="значительно"><g v="ADVB"></g></l></v><v><l id="116028" t="значителен"><g v="ADJS"></g><g v="Qual"></g><g v="neut"></g><g v="sing"></g></l></v></tfr></token><token id="578114" text="расширим"><tfr rev_id="1411190" t="расширим"><v><l id="303640" t="расширил"><g v="VERB"></g><g v="perf"></g><g v="tran"></g><g v="plur"></g><g v="1per"></g><g v="futr"></g><g v="indc"></g></l></v><v><l id="303640" t="расширил"><g v="VERB"></g><g v="perf"></g><g v="tran"></g><g v="sing"></g><g v="impr"></g><g v="incl"></g></l></v></tfr></token><token id="578115" text="разнообразие"><tfr rev_id="3409492" t="разнообразие"><v><l id="295810" t="разнообразие"><g v="NOUN"></g><g v="inan"></g><g v="neut"></g><g v="sing"></g><g v="accs"></g></l></v></tfr></token><token id="578116" text="околосолнечных"><tfr rev_id="4356838" t="околосолнечных"><v><l id="205039" t="околосолнечный"><g v="ADJF"></g><g v="plur"></g><g v="gent"></g></l></v></tfr></token><token id="578117" text="сред"><tfr rev_id="1411193" t="сред"><v><l id="333471" t="среда"><g v="NOUN"></g><g v="inan"></g><g v="femn"></g><g v="plur"></g><g v="gent"></g></l></v></tfr></token><token id="578118" text=","><tfr rev_id="1411194" t=","><v><l id="0" t=","><g v="PNCT"></g></l></v></tfr></token><token id="578119" text="условия"><tfr rev_id="3743611" t="условия"><v><l id="360556" t="условие"><g v="NOUN"></g><g v="inan"></g><g v="neut"></g><g v="plur"></g><g v="nomn"></g></l></v></tfr></token><token id="578120" text="в"><tfr rev_id="1411196" t="в"><v><l id="37409" t="в"><g v="PREP"></g></l></v></tfr></token><token id="578121" text="которых"><tfr rev_id="3824130" t="которых"><v><l id="141203" t="который"><g v="ADJF"></g><g v="Apro"></g><g v="Subx"></g><g v="Anph"></g><g v="plur"></g><g v="loct"></g></l></v></tfr></token><token id="578122" text="приемлимы"><tfr rev_id="1411198" t="приемлимы"><v><l id="0" t="приемлимы"><g v="UNKN"></g></l></v></tfr></token><token id="578123" text="для"><tfr rev_id="2948553" t="для"><v><l id="85032" t="для"><g v="PREP"></g></l></v></tfr></token><token id="578124" text="существования"><tfr rev_id="3433674" t="существования"><v><l id="340482" t="существование"><g v="NOUN"></g><g v="inan"></g><g v="neut"></g><g v="sing"></g><g v="gent"></g></l></v></tfr></token><token id="578125" text="живых"><tfr rev_id="4390430" t="живых"><v><l id="97033" t="живой"><g v="ADJF"></g><g v="Qual"></g><g v="plur"></g><g v="gent"></g></l></v></tfr></token><token id="578126" text="организмов"><tfr rev_id="1411202" t="организмов"><v><l id="208751" t="организм"><g v="NOUN"></g><g v="inan"></g><g v="masc"></g><g v="plur"></g><g v="gent"></g></l></v></tfr></token><token id="578127" text="."><tfr rev_id="1411203" t="."><v><l id="0" t="."><g v="PNCT"></g></l></v></tfr></token><token id="578128" text="&quot;"><tfr rev_id="1411204" t="&quot;"><v><l id="0" t="&quot;"><g v="PNCT"></g></l></v></tfr></token></tokens></sentence></paragraph></paragraphs></text>