<?xml version="1.0" encoding="utf-8"?><text id="1057" parent="56" name="Теватрон отмечает 25 лет со дня первого столкновения частиц"><tags><tag>url:http://ru.wikinews.org/w/index.php?title=Теватрон_отмечает_25_лет_со_дня_первого_столкновения_частиц&amp;oldid=44528</tag><tag>Автор:http://ru.wikinews.org/wiki/Участник:Artem Korzhimanov</tag><tag>Дата:13/10</tag><tag>Год:2010</tag><tag>Тема:ВикиКатегория:Материалы РИА Новости</tag><tag>Тема:ВикиКатегория:Наука и технологии</tag><tag>Тема:ВикиКатегория:Физика</tag><tag>Гео:ВикиКатегория:США</tag></tags><paragraphs><paragraph id="10278"><sentence id="32306"><source>Второй по мощности после Большого адронного коллайдера (БАК) ускоритель частиц Теватрон отмечает 25-летие со дня первого успешного столкновения частиц.</source><tokens><token id="578129" text="Второй"><tfr rev_id="4216389" t="Второй"><v><l id="55043" t="второй"><g v="ADJF"></g><g v="Anum"></g><g v="masc"></g><g v="sing"></g><g v="nomn"></g></l></v><v><l id="55043" t="второй"><g v="ADJF"></g><g v="Anum"></g><g v="inan"></g><g v="masc"></g><g v="sing"></g><g v="accs"></g></l></v></tfr></token><token id="578130" text="по"><tfr rev_id="1411206" t="по"><v><l id="241240" t="по"><g v="PREP"></g></l></v></tfr></token><token id="578131" text="мощности"><tfr rev_id="4291877" t="мощности"><v><l id="164527" t="мощность"><g v="NOUN"></g><g v="inan"></g><g v="femn"></g><g v="sing"></g><g v="datv"></g></l></v></tfr></token><token id="578132" text="после"><tfr rev_id="4403840" t="после"><v><l id="261542" t="после"><g v="PREP"></g></l></v></tfr></token><token id="578133" text="Большого"><tfr rev_id="3481541" t="Большого"><v><l id="32445" t="большой"><g v="ADJF"></g><g v="Qual"></g><g v="masc"></g><g v="sing"></g><g v="gent"></g></l></v><v><l id="32445" t="большой"><g v="ADJF"></g><g v="Qual"></g><g v="anim"></g><g v="masc"></g><g v="sing"></g><g v="accs"></g></l></v></tfr></token><token id="578134" text="адронного"><tfr rev_id="4400201" t="адронного"><v><l id="388911" t="адронный"><g v="ADJF"></g><g v="masc"></g><g v="sing"></g><g v="gent"></g></l></v><v><l id="388911" t="адронный"><g v="ADJF"></g><g v="anim"></g><g v="masc"></g><g v="sing"></g><g v="accs"></g></l></v></tfr></token><token id="578135" text="коллайдера"><tfr rev_id="1411211" t="коллайдера"><v><l id="136001" t="коллайдер"><g v="NOUN"></g><g v="inan"></g><g v="masc"></g><g v="sing"></g><g v="gent"></g></l></v></tfr></token><token id="578136" text="("><tfr rev_id="1411212" t="("><v><l id="0" t="("><g v="PNCT"></g></l></v></tfr></token><token id="578137" text="БАК"><tfr rev_id="3806805" t="БАК"><v><l id="389992" t="бак"><g v="NOUN"></g><g v="inan"></g><g v="masc"></g><g v="Sgtm"></g><g v="Fixd"></g><g v="Abbr"></g><g v="sing"></g><g v="nomn"></g></l></v><v><l id="389992" t="бак"><g v="NOUN"></g><g v="inan"></g><g v="masc"></g><g v="Sgtm"></g><g v="Fixd"></g><g v="Abbr"></g><g v="sing"></g><g v="gent"></g></l></v></tfr></token><token id="578138" text=")"><tfr rev_id="1411214" t=")"><v><l id="0" t=")"><g v="PNCT"></g></l></v></tfr></token><token id="578139" text="ускоритель"><tfr rev_id="4355508" t="ускоритель"><v><l id="360454" t="ускоритель"><g v="NOUN"></g><g v="inan"></g><g v="masc"></g><g v="sing"></g><g v="nomn"></g></l></v></tfr></token><token id="578140" text="частиц"><tfr rev_id="1411216" t="частиц"><v><l id="374766" t="частица"><g v="NOUN"></g><g v="inan"></g><g v="femn"></g><g v="plur"></g><g v="gent"></g></l></v></tfr></token><token id="578141" text="Теватрон"><tfr rev_id="4167899" t="Теватрон"><v><l id="388975" t="теватрон"><g v="NOUN"></g><g v="inan"></g><g v="masc"></g><g v="sing"></g><g v="nomn"></g></l></v></tfr></token><token id="578142" text="отмечает"><tfr rev_id="1411218" t="отмечает"><v><l id="215600" t="отмечаю"><g v="VERB"></g><g v="impf"></g><g v="tran"></g><g v="sing"></g><g v="3per"></g><g v="pres"></g><g v="indc"></g></l></v></tfr></token><token id="578143" text="25-летие"><tfr rev_id="4566530" t="25-летие"><v><l id="393822" t="25-летие"><g v="NOUN"></g><g v="inan"></g><g v="neut"></g><g v="sing"></g><g v="accs"></g></l></v><v><l id="393822" t="25-летие"><g v="NOUN"></g><g v="inan"></g><g v="neut"></g><g v="sing"></g><g v="nomn"></g></l></v></tfr></token><token id="578144" text="со"><tfr rev_id="2919166" t="со"><v><l id="311151" t="с"><g v="PREP"></g><g v="Vpre"></g></l></v></tfr></token><token id="578145" text="дня"><tfr rev_id="1411221" t="дня"><v><l id="81427" t="день"><g v="NOUN"></g><g v="inan"></g><g v="masc"></g><g v="sing"></g><g v="gent"></g></l></v></tfr></token><token id="578146" text="первого"><tfr rev_id="4309179" t="первого"><v><l id="226359" t="первый"><g v="ADJF"></g><g v="Anum"></g><g v="neut"></g><g v="sing"></g><g v="gent"></g></l></v></tfr></token><token id="578147" text="успешного"><tfr rev_id="4165274" t="успешного"><v><l id="360843" t="успешный"><g v="ADJF"></g><g v="Qual"></g><g v="neut"></g><g v="sing"></g><g v="gent"></g></l></v></tfr></token><token id="578148" text="столкновения"><tfr rev_id="3505430" t="столкновения"><v><l id="336593" t="столкновение"><g v="NOUN"></g><g v="inan"></g><g v="neut"></g><g v="sing"></g><g v="gent"></g></l></v></tfr></token><token id="578149" text="частиц"><tfr rev_id="1411225" t="частиц"><v><l id="374766" t="частица"><g v="NOUN"></g><g v="inan"></g><g v="femn"></g><g v="plur"></g><g v="gent"></g></l></v></tfr></token><token id="578150" text="."><tfr rev_id="1411226" t="."><v><l id="0" t="."><g v="PNCT"></g></l></v></tfr></token></tokens></sentence><sentence id="32307"><source>Ускоритель был построен в 1983 году в Национальной ускорительной лаборатории имени Энрико Ферми (США), а первое столкновение произошло в 03:10 местного времени (12:10 мск) 13 октября 1985 года.</source><tokens><token id="578151" text="Ускоритель"><tfr rev_id="2782372" t="Ускоритель"><v><l id="360454" t="ускоритель"><g v="NOUN"></g><g v="inan"></g><g v="masc"></g><g v="sing"></g><g v="nomn"></g></l></v></tfr></token><token id="578152" text="был"><tfr rev_id="1411228" t="был"><v><l id="37265" t="есть"><g v="VERB"></g><g v="impf"></g><g v="intr"></g><g v="masc"></g><g v="sing"></g><g v="past"></g><g v="indc"></g></l></v></tfr></token><token id="578153" text="построен"><tfr rev_id="1411229" t="построен"><v><l id="262525" t="построен"><g v="PRTS"></g><g v="perf"></g><g v="past"></g><g v="pssv"></g><g v="masc"></g><g v="sing"></g></l></v></tfr></token><token id="578154" text="в"><tfr rev_id="1411230" t="в"><v><l id="37409" t="в"><g v="PREP"></g></l></v></tfr></token><token id="578155" text="1983"><tfr rev_id="2461245" t="1983"><v><l id="0" t="1983"><g v="NUMB"></g></l></v></tfr></token><token id="578156" text="году"><tfr rev_id="2827559" t="году"><v><l id="72149" t="год"><g v="NOUN"></g><g v="inan"></g><g v="masc"></g><g v="sing"></g><g v="loc2"></g></l></v></tfr></token><token id="578157" text="в"><tfr rev_id="1411233" t="в"><v><l id="37409" t="в"><g v="PREP"></g></l></v></tfr></token><token id="578158" text="Национальной"><tfr rev_id="3431476" t="Национальной"><v><l id="178150" t="национальный"><g v="ADJF"></g><g v="femn"></g><g v="sing"></g><g v="loct"></g></l></v></tfr></token><token id="578159" text="ускорительной"><tfr rev_id="4170912" t="ускорительной"><v><l id="360455" t="ускорительный"><g v="ADJF"></g><g v="femn"></g><g v="sing"></g><g v="loct"></g></l></v></tfr></token><token id="578160" text="лаборатории"><tfr rev_id="4179815" t="лаборатории"><v><l id="146146" t="лаборатория"><g v="NOUN"></g><g v="inan"></g><g v="femn"></g><g v="sing"></g><g v="loct"></g></l></v></tfr></token><token id="578161" text="имени"><tfr rev_id="3455699" t="имени"><v><l id="121947" t="имя"><g v="NOUN"></g><g v="inan"></g><g v="neut"></g><g v="sing"></g><g v="gent"></g></l></v></tfr></token><token id="578162" text="Энрико"><tfr rev_id="4287413" t="Энрико"><v><l id="385664" t="энрико"><g v="NOUN"></g><g v="anim"></g><g v="masc"></g><g v="Fixd"></g><g v="Name"></g><g v="sing"></g><g v="gent"></g></l></v></tfr></token><token id="578163" text="Ферми"><tfr rev_id="3433425" t="Ферми"><v><l id="0" t="Ферми"><g v="UNKN"></g></l></v></tfr></token><token id="578164" text="("><tfr rev_id="1411240" t="("><v><l id="0" t="("><g v="PNCT"></g></l></v></tfr></token><token id="578165" text="США"><tfr rev_id="4572866" t="США"><v><l id="341371" t="сша"><g v="NOUN"></g><g v="inan"></g><g v="GNdr"></g><g v="Pltm"></g><g v="Fixd"></g><g v="Abbr"></g><g v="Geox"></g><g v="plur"></g><g v="nomn"></g></l></v></tfr></token><token id="578166" text=")"><tfr rev_id="1411242" t=")"><v><l id="0" t=")"><g v="PNCT"></g></l></v></tfr></token><token id="578167" text=","><tfr rev_id="1411243" t=","><v><l id="0" t=","><g v="PNCT"></g></l></v></tfr></token><token id="578168" text="а"><tfr rev_id="1411244" t="а"><v><l id="51" t="а"><g v="CONJ"></g></l></v><v><l id="52" t="а"><g v="INTJ"></g></l></v><v><l id="53" t="а"><g v="PRCL"></g></l></v></tfr></token><token id="578169" text="первое"><tfr rev_id="4406906" t="первое"><v><l id="226359" t="первый"><g v="ADJF"></g><g v="Anum"></g><g v="neut"></g><g v="sing"></g><g v="nomn"></g></l></v></tfr></token><token id="578170" text="столкновение"><tfr rev_id="4103179" t="столкновение"><v><l id="336593" t="столкновение"><g v="NOUN"></g><g v="inan"></g><g v="neut"></g><g v="sing"></g><g v="nomn"></g></l></v></tfr></token><token id="578171" text="произошло"><tfr rev_id="1411247" t="произошло"><v><l id="280162" t="произошёл"><g v="VERB"></g><g v="perf"></g><g v="intr"></g><g v="neut"></g><g v="sing"></g><g v="past"></g><g v="indc"></g></l></v></tfr></token><token id="578172" text="в"><tfr rev_id="1411248" t="в"><v><l id="37409" t="в"><g v="PREP"></g></l></v></tfr></token><token id="578173" text="03:10"><tfr rev_id="4567391" t="03:10"><v><l id="0" t="03:10"><g v="TIME"></g></l></v></tfr></token><token id="578174" text="местного"><tfr rev_id="3448826" t="местного"><v><l id="158819" t="местный"><g v="ADJF"></g><g v="Qual"></g><g v="neut"></g><g v="sing"></g><g v="gent"></g></l></v></tfr></token><token id="578175" text="времени"><tfr rev_id="3546618" t="времени"><v><l id="53149" t="время"><g v="NOUN"></g><g v="inan"></g><g v="neut"></g><g v="sing"></g><g v="gent"></g></l></v></tfr></token><token id="578176" text="("><tfr rev_id="1411252" t="("><v><l id="0" t="("><g v="PNCT"></g></l></v></tfr></token><token id="578177" text="12:10"><tfr rev_id="4567392" t="12:10"><v><l id="0" t="12:10"><g v="TIME"></g></l></v></tfr></token><token id="578178" text="мск"><tfr rev_id="1411254" t="мск"><v><l id="0" t="мск"><g v="UNKN"></g></l></v></tfr></token><token id="578179" text=")"><tfr rev_id="1411255" t=")"><v><l id="0" t=")"><g v="PNCT"></g></l></v></tfr></token><token id="578180" text="13"><tfr rev_id="2461248" t="13"><v><l id="0" t="13"><g v="NUMB"></g></l></v></tfr></token><token id="578181" text="октября"><tfr rev_id="1411257" t="октября"><v><l id="205725" t="октябрь"><g v="NOUN"></g><g v="inan"></g><g v="masc"></g><g v="sing"></g><g v="gent"></g></l></v></tfr></token><token id="578182" text="1985"><tfr rev_id="2461249" t="1985"><v><l id="0" t="1985"><g v="NUMB"></g></l></v></tfr></token><token id="578183" text="года"><tfr rev_id="3463713" t="года"><v><l id="72149" t="год"><g v="NOUN"></g><g v="inan"></g><g v="masc"></g><g v="sing"></g><g v="gen1"></g></l></v></tfr></token><token id="578184" text="."><tfr rev_id="1411260" t="."><v><l id="0" t="."><g v="PNCT"></g></l></v></tfr></token></tokens></sentence></paragraph><paragraph id="10279"><sentence id="32308"><source>Теватрон представляет собой кольцевой синхротронный ускоритель-коллайдер протонов и антипротонов.</source><tokens><token id="578185" text="Теватрон"><tfr rev_id="3421241" t="Теватрон"><v><l id="388975" t="теватрон"><g v="NOUN"></g><g v="inan"></g><g v="masc"></g><g v="sing"></g><g v="nomn"></g></l></v><v><l id="388975" t="теватрон"><g v="NOUN"></g><g v="inan"></g><g v="masc"></g><g v="sing"></g><g v="accs"></g></l></v></tfr></token><token id="578186" text="представляет"><tfr rev_id="1411262" t="представляет"><v><l id="267112" t="представляю"><g v="VERB"></g><g v="impf"></g><g v="tran"></g><g v="sing"></g><g v="3per"></g><g v="pres"></g><g v="indc"></g></l></v></tfr></token><token id="578187" text="собой"><tfr rev_id="3636370" t="собой"><v><l id="317456" t="себя"><g v="NPRO"></g><g v="Anph"></g><g v="sing"></g><g v="ablt"></g></l></v></tfr></token><token id="578188" text="кольцевой"><tfr rev_id="2370295" t="кольцевой"><v><l id="136627" t="кольцевой"><g v="ADJF"></g><g v="masc"></g><g v="sing"></g><g v="nomn"></g></l></v><v><l id="136627" t="кольцевой"><g v="ADJF"></g><g v="inan"></g><g v="masc"></g><g v="sing"></g><g v="accs"></g></l></v></tfr></token><token id="578189" text="синхротронный"><tfr rev_id="3282668" t="синхротронный"><v><l id="321191" t="синхротронный"><g v="ADJF"></g><g v="inan"></g><g v="masc"></g><g v="sing"></g><g v="accs"></g></l></v></tfr></token><token id="578190" text="ускоритель"><tfr rev_id="3409456" t="ускоритель"><v><l id="360454" t="ускоритель"><g v="NOUN"></g><g v="inan"></g><g v="masc"></g><g v="sing"></g><g v="accs"></g></l></v></tfr></token><token id="578191" text="-"><tfr rev_id="1411267" t="-"><v><l id="0" t="-"><g v="PNCT"></g></l></v></tfr></token><token id="578192" text="коллайдер"><tfr rev_id="1411268" t="коллайдер"><v><l id="136001" t="коллайдер"><g v="NOUN"></g><g v="inan"></g><g v="masc"></g><g v="sing"></g><g v="nomn"></g></l></v><v><l id="136001" t="коллайдер"><g v="NOUN"></g><g v="inan"></g><g v="masc"></g><g v="sing"></g><g v="accs"></g></l></v></tfr></token><token id="578193" text="протонов"><tfr rev_id="1411269" t="протонов"><v><l id="286407" t="протон"><g v="NOUN"></g><g v="inan"></g><g v="masc"></g><g v="plur"></g><g v="gent"></g></l></v></tfr></token><token id="578194" text="и"><tfr rev_id="1411270" t="и"><v><l id="116949" t="и"><g v="CONJ"></g></l></v><v><l id="116950" t="и"><g v="INTJ"></g></l></v></tfr></token><token id="578195" text="антипротонов"><tfr rev_id="1411271" t="антипротонов"><v><l id="14431" t="антипротон"><g v="NOUN"></g><g v="inan"></g><g v="masc"></g><g v="plur"></g><g v="gent"></g></l></v></tfr></token><token id="578196" text="."><tfr rev_id="1411272" t="."><v><l id="0" t="."><g v="PNCT"></g></l></v></tfr></token></tokens></sentence><sentence id="32309"><source>Его название произошло от максимальной энергии, достигаемой частицами — 1 тераэлектрон-вольт.</source><tokens><token id="578197" text="Его"><tfr rev_id="4512989" t="Его"><v><l id="94208" t="его"><g v="ADJF"></g><g v="Fixd"></g><g v="Apro"></g><g v="Anph"></g><g v="neut"></g><g v="sing"></g><g v="nomn"></g></l></v><v><l id="94208" t="его"><g v="ADJF"></g><g v="Fixd"></g><g v="Apro"></g><g v="Anph"></g><g v="neut"></g><g v="sing"></g><g v="gent"></g></l></v><v><l id="94208" t="его"><g v="ADJF"></g><g v="Fixd"></g><g v="Apro"></g><g v="Anph"></g><g v="neut"></g><g v="sing"></g><g v="datv"></g></l></v><v><l id="94208" t="его"><g v="ADJF"></g><g v="Fixd"></g><g v="Apro"></g><g v="Anph"></g><g v="neut"></g><g v="sing"></g><g v="accs"></g></l></v><v><l id="94208" t="его"><g v="ADJF"></g><g v="Fixd"></g><g v="Apro"></g><g v="Anph"></g><g v="neut"></g><g v="sing"></g><g v="ablt"></g></l></v><v><l id="94208" t="его"><g v="ADJF"></g><g v="Fixd"></g><g v="Apro"></g><g v="Anph"></g><g v="neut"></g><g v="sing"></g><g v="loct"></g></l></v></tfr></token><token id="578198" text="название"><tfr rev_id="3661956" t="название"><v><l id="170336" t="название"><g v="NOUN"></g><g v="inan"></g><g v="neut"></g><g v="sing"></g><g v="nomn"></g></l></v></tfr></token><token id="578199" text="произошло"><tfr rev_id="1411275" t="произошло"><v><l id="280162" t="произошёл"><g v="VERB"></g><g v="perf"></g><g v="intr"></g><g v="neut"></g><g v="sing"></g><g v="past"></g><g v="indc"></g></l></v></tfr></token><token id="578200" text="от"><tfr rev_id="1411276" t="от"><v><l id="211644" t="от"><g v="PREP"></g></l></v></tfr></token><token id="578201" text="максимальной"><tfr rev_id="3711071" t="максимальной"><v><l id="153541" t="максимальный"><g v="ADJF"></g><g v="femn"></g><g v="sing"></g><g v="gent"></g></l></v></tfr></token><token id="578202" text="энергии"><tfr rev_id="4291878" t="энергии"><v><l id="385504" t="энергия"><g v="NOUN"></g><g v="inan"></g><g v="femn"></g><g v="sing"></g><g v="gent"></g></l></v></tfr></token><token id="578203" text=","><tfr rev_id="1411279" t=","><v><l id="0" t=","><g v="PNCT"></g></l></v></tfr></token><token id="578204" text="достигаемой"><tfr rev_id="4378654" t="достигаемой"><v><l id="90502" t="достигаемый"><g v="ADJF"></g><g v="Qual"></g><g v="femn"></g><g v="sing"></g><g v="gent"></g></l></v></tfr></token><token id="578205" text="частицами"><tfr rev_id="1411281" t="частицами"><v><l id="374766" t="частица"><g v="NOUN"></g><g v="inan"></g><g v="femn"></g><g v="plur"></g><g v="ablt"></g></l></v></tfr></token><token id="578206" text="—"><tfr rev_id="2442740" t="—"><v><l id="0" t="—"><g v="PNCT"></g></l></v></tfr></token><token id="578207" text="1"><tfr rev_id="2461250" t="1"><v><l id="0" t="1"><g v="NUMB"></g></l></v></tfr></token><token id="578208" text="тераэлектрон-вольт"><tfr rev_id="1411284" t="тераэлектрон-вольт"><v><l id="0" t="тераэлектрон-вольт"><g v="UNKN"></g></l></v></tfr></token><token id="578209" text="."><tfr rev_id="1411285" t="."><v><l id="0" t="."><g v="PNCT"></g></l></v></tfr></token></tokens></sentence><sentence id="32310"><source>Планировалось, что из-за запуска БАКа Теватрон завершит свою работу в 2011 году.</source><tokens><token id="578210" text="Планировалось"><tfr rev_id="1411286" t="Планировалось"><v><l id="239722" t="планируюсь"><g v="VERB"></g><g v="impf"></g><g v="intr"></g><g v="neut"></g><g v="sing"></g><g v="past"></g><g v="indc"></g></l></v></tfr></token><token id="578211" text=","><tfr rev_id="1411287" t=","><v><l id="0" t=","><g v="PNCT"></g></l></v></tfr></token><token id="578212" text="что"><tfr rev_id="3196596" t="что"><v><l id="377004" t="что"><g v="CONJ"></g></l></v><v><l id="377005" t="что"><g v="NPRO"></g><g v="neut"></g><g v="sing"></g><g v="nomn"></g></l></v><v><l id="377005" t="что"><g v="NPRO"></g><g v="neut"></g><g v="sing"></g><g v="accs"></g></l></v><v><l id="377006" t="что"><g v="ADVB"></g><g v="Ques"></g></l></v><v><l id="388695" t="что"><g v="PRCL"></g></l></v></tfr></token><token id="578213" text="из-за"><tfr rev_id="1411289" t="из-за"><v><l id="117678" t="из-за"><g v="PREP"></g></l></v></tfr></token><token id="578214" text="запуска"><tfr rev_id="1411290" t="запуска"><v><l id="108302" t="запуск"><g v="NOUN"></g><g v="inan"></g><g v="masc"></g><g v="sing"></g><g v="gent"></g></l></v></tfr></token><token id="578215" text="БАКа"><tfr rev_id="3806806" t="БАКа"><v><l id="389992" t="бак"><g v="NOUN"></g><g v="inan"></g><g v="masc"></g><g v="Sgtm"></g><g v="Fixd"></g><g v="Abbr"></g><g v="sing"></g><g v="gent"></g><g v="Infr"></g></l></v></tfr></token><token id="578216" text="Теватрон"><tfr rev_id="3421242" t="Теватрон"><v><l id="388975" t="теватрон"><g v="NOUN"></g><g v="inan"></g><g v="masc"></g><g v="sing"></g><g v="nomn"></g></l></v><v><l id="388975" t="теватрон"><g v="NOUN"></g><g v="inan"></g><g v="masc"></g><g v="sing"></g><g v="accs"></g></l></v></tfr></token><token id="578217" text="завершит"><tfr rev_id="1411293" t="завершит"><v><l id="99441" t="завершил"><g v="VERB"></g><g v="perf"></g><g v="tran"></g><g v="sing"></g><g v="3per"></g><g v="futr"></g><g v="indc"></g></l></v></tfr></token><token id="578218" text="свою"><tfr rev_id="3632235" t="свою"><v><l id="316379" t="свой"><g v="ADJF"></g><g v="Apro"></g><g v="Anph"></g><g v="femn"></g><g v="sing"></g><g v="accs"></g></l></v></tfr></token><token id="578219" text="работу"><tfr rev_id="1411295" t="работу"><v><l id="290501" t="работа"><g v="NOUN"></g><g v="inan"></g><g v="femn"></g><g v="sing"></g><g v="accs"></g></l></v></tfr></token><token id="578220" text="в"><tfr rev_id="1411296" t="в"><v><l id="37409" t="в"><g v="PREP"></g></l></v></tfr></token><token id="578221" text="2011"><tfr rev_id="2461251" t="2011"><v><l id="0" t="2011"><g v="NUMB"></g></l></v></tfr></token><token id="578222" text="году"><tfr rev_id="2927920" t="году"><v><l id="72149" t="год"><g v="NOUN"></g><g v="inan"></g><g v="masc"></g><g v="sing"></g><g v="loc2"></g></l></v></tfr></token><token id="578223" text="."><tfr rev_id="1411299" t="."><v><l id="0" t="."><g v="PNCT"></g></l></v></tfr></token></tokens></sentence><sentence id="32311"><source>Однако поскольку БАК более года простаивал из-за неполадок, многие учёные считают, что срок эксплуатации Теватрона следует продлить.</source><tokens><token id="578224" text="Однако"><tfr rev_id="2624511" t="Однако"><v><l id="203386" t="однако"><g v="INTJ"></g></l></v><v><l id="203387" t="однако"><g v="CONJ"></g><g v="Prnt"></g></l></v></tfr></token><token id="578225" text="поскольку"><tfr rev_id="1411301" t="поскольку"><v><l id="261429" t="поскольку"><g v="CONJ"></g></l></v></tfr></token><token id="578226" text="БАК"><tfr rev_id="3806807" t="БАК"><v><l id="389992" t="бак"><g v="NOUN"></g><g v="inan"></g><g v="masc"></g><g v="Sgtm"></g><g v="Fixd"></g><g v="Abbr"></g><g v="sing"></g><g v="nomn"></g></l></v></tfr></token><token id="578227" text="более"><tfr rev_id="1411303" t="более"><v><l id="32065" t="более"><g v="ADVB"></g></l></v></tfr></token><token id="578228" text="года"><tfr rev_id="3495009" t="года"><v><l id="72149" t="год"><g v="NOUN"></g><g v="inan"></g><g v="masc"></g><g v="sing"></g><g v="gen1"></g></l></v></tfr></token><token id="578229" text="простаивал"><tfr rev_id="1411305" t="простаивал"><v><l id="284886" t="простаиваю"><g v="VERB"></g><g v="impf"></g><g v="intr"></g><g v="masc"></g><g v="sing"></g><g v="past"></g><g v="indc"></g></l></v></tfr></token><token id="578230" text="из-за"><tfr rev_id="1411306" t="из-за"><v><l id="117678" t="из-за"><g v="PREP"></g></l></v></tfr></token><token id="578231" text="неполадок"><tfr rev_id="1411307" t="неполадок"><v><l id="186047" t="неполадка"><g v="NOUN"></g><g v="inan"></g><g v="femn"></g><g v="plur"></g><g v="gent"></g></l></v></tfr></token><token id="578232" text=","><tfr rev_id="1411308" t=","><v><l id="0" t=","><g v="PNCT"></g></l></v></tfr></token><token id="578233" text="многие"><tfr rev_id="4476463" t="многие"><v><l id="161427" t="многий"><g v="ADJF"></g><g v="Apro"></g><g v="plur"></g><g v="nomn"></g></l></v><v><l id="161427" t="многий"><g v="ADJF"></g><g v="Apro"></g><g v="inan"></g><g v="plur"></g><g v="accs"></g></l></v></tfr></token><token id="578234" text="учёные"><tfr rev_id="4151371" t="учёные"><v><l id="363100" t="учёный"><g v="NOUN"></g><g v="anim"></g><g v="masc"></g><g v="plur"></g><g v="nomn"></g></l></v></tfr></token><token id="578235" text="считают"><tfr rev_id="1411311" t="считают"><v><l id="341320" t="считаю"><g v="VERB"></g><g v="impf"></g><g v="tran"></g><g v="plur"></g><g v="3per"></g><g v="pres"></g><g v="indc"></g></l></v><v><l id="341329" t="считал"><g v="VERB"></g><g v="perf"></g><g v="tran"></g><g v="plur"></g><g v="3per"></g><g v="futr"></g><g v="indc"></g></l></v></tfr></token><token id="578236" text=","><tfr rev_id="1411312" t=","><v><l id="0" t=","><g v="PNCT"></g></l></v></tfr></token><token id="578237" text="что"><tfr rev_id="3196597" t="что"><v><l id="377004" t="что"><g v="CONJ"></g></l></v><v><l id="377005" t="что"><g v="NPRO"></g><g v="neut"></g><g v="sing"></g><g v="nomn"></g></l></v><v><l id="377005" t="что"><g v="NPRO"></g><g v="neut"></g><g v="sing"></g><g v="accs"></g></l></v><v><l id="377006" t="что"><g v="ADVB"></g><g v="Ques"></g></l></v><v><l id="388695" t="что"><g v="PRCL"></g></l></v></tfr></token><token id="578238" text="срок"><tfr rev_id="1411314" t="срок"><v><l id="333848" t="срок"><g v="NOUN"></g><g v="inan"></g><g v="masc"></g><g v="sing"></g><g v="nomn"></g></l></v><v><l id="333848" t="срок"><g v="NOUN"></g><g v="inan"></g><g v="masc"></g><g v="sing"></g><g v="accs"></g></l></v></tfr></token><token id="578239" text="эксплуатации"><tfr rev_id="4291879" t="эксплуатации"><v><l id="383628" t="эксплуатация"><g v="NOUN"></g><g v="inan"></g><g v="femn"></g><g v="sing"></g><g v="gent"></g></l></v></tfr></token><token id="578240" text="Теватрона"><tfr rev_id="3421243" t="Теватрона"><v><l id="388975" t="теватрон"><g v="NOUN"></g><g v="inan"></g><g v="masc"></g><g v="sing"></g><g v="gent"></g></l></v></tfr></token><token id="578241" text="следует"><tfr rev_id="3665425" t="следует"><v><l id="324747" t="следую"><g v="VERB"></g><g v="impf"></g><g v="intr"></g><g v="sing"></g><g v="3per"></g><g v="pres"></g><g v="indc"></g><g v="Impx"></g></l></v></tfr></token><token id="578242" text="продлить"><tfr rev_id="1411318" t="продлить"><v><l id="279161" t="продлить"><g v="INFN"></g><g v="perf"></g><g v="tran"></g></l></v></tfr></token><token id="578243" text="."><tfr rev_id="1411319" t="."><v><l id="0" t="."><g v="PNCT"></g></l></v></tfr></token></tokens></sentence><sentence id="32312"><source>Решение о возможности продления работы ускорителя должно быть принято в начале 2011 года.</source><tokens><token id="578244" text="Решение"><tfr rev_id="3301123" t="Решение"><v><l id="307350" t="решение"><g v="NOUN"></g><g v="inan"></g><g v="neut"></g><g v="sing"></g><g v="nomn"></g></l></v></tfr></token><token id="578245" text="о"><tfr rev_id="3326921" t="о"><v><l id="192977" t="о"><g v="PREP"></g></l></v></tfr></token><token id="578246" text="возможности"><tfr rev_id="4291880" t="возможности"><v><l id="49410" t="возможность"><g v="NOUN"></g><g v="inan"></g><g v="femn"></g><g v="sing"></g><g v="loct"></g></l></v></tfr></token><token id="578247" text="продления"><tfr rev_id="3283257" t="продления"><v><l id="279159" t="продление"><g v="NOUN"></g><g v="inan"></g><g v="neut"></g><g v="sing"></g><g v="gent"></g></l></v></tfr></token><token id="578248" text="работы"><tfr rev_id="3483708" t="работы"><v><l id="290501" t="работа"><g v="NOUN"></g><g v="inan"></g><g v="femn"></g><g v="sing"></g><g v="gent"></g></l></v></tfr></token><token id="578249" text="ускорителя"><tfr rev_id="1411325" t="ускорителя"><v><l id="360454" t="ускоритель"><g v="NOUN"></g><g v="inan"></g><g v="masc"></g><g v="sing"></g><g v="gent"></g></l></v></tfr></token><token id="578250" text="должно"><tfr rev_id="2559050" t="должно"><v><l id="87969" t="должно"><g v="PRED"></g><g v="pres"></g></l></v><v><l id="87975" t="должен"><g v="ADJS"></g><g v="neut"></g><g v="sing"></g></l></v></tfr></token><token id="578251" text="быть"><tfr rev_id="1411327" t="быть"><v><l id="37266" t="быть"><g v="INFN"></g><g v="impf"></g><g v="intr"></g></l></v></tfr></token><token id="578252" text="принято"><tfr rev_id="1411328" t="принято"><v><l id="272699" t="принят"><g v="ADJS"></g><g v="neut"></g><g v="sing"></g></l></v><v><l id="272704" t="принят"><g v="PRTS"></g><g v="perf"></g><g v="past"></g><g v="pssv"></g><g v="neut"></g><g v="sing"></g></l></v></tfr></token><token id="578253" text="в"><tfr rev_id="1411329" t="в"><v><l id="37409" t="в"><g v="PREP"></g></l></v></tfr></token><token id="578254" text="начале"><tfr rev_id="1411330" t="начале"><v><l id="178196" t="начало"><g v="NOUN"></g><g v="inan"></g><g v="neut"></g><g v="sing"></g><g v="loct"></g></l></v></tfr></token><token id="578255" text="2011"><tfr rev_id="2461252" t="2011"><v><l id="0" t="2011"><g v="NUMB"></g></l></v></tfr></token><token id="578256" text="года"><tfr rev_id="3500774" t="года"><v><l id="72149" t="год"><g v="NOUN"></g><g v="inan"></g><g v="masc"></g><g v="sing"></g><g v="gen1"></g></l></v></tfr></token><token id="578257" text="."><tfr rev_id="1411333" t="."><v><l id="0" t="."><g v="PNCT"></g></l></v></tfr></token></tokens></sentence></paragraph><paragraph id="10280"><sentence id="32313"><source>За время работы Теватрон стал главным источником новых открытий в области физики элементарных частиц.</source><tokens><token id="578258" text="За"><tfr rev_id="1411334" t="За"><v><l id="98043" t="за"><g v="PREP"></g></l></v></tfr></token><token id="578259" text="время"><tfr rev_id="1411335" t="время"><v><l id="53149" t="время"><g v="NOUN"></g><g v="inan"></g><g v="neut"></g><g v="sing"></g><g v="nomn"></g></l></v><v><l id="53149" t="время"><g v="NOUN"></g><g v="inan"></g><g v="neut"></g><g v="sing"></g><g v="accs"></g></l></v></tfr></token><token id="578260" text="работы"><tfr rev_id="3489966" t="работы"><v><l id="290501" t="работа"><g v="NOUN"></g><g v="inan"></g><g v="femn"></g><g v="sing"></g><g v="gent"></g></l></v></tfr></token><token id="578261" text="Теватрон"><tfr rev_id="3421244" t="Теватрон"><v><l id="388975" t="теватрон"><g v="NOUN"></g><g v="inan"></g><g v="masc"></g><g v="sing"></g><g v="nomn"></g></l></v><v><l id="388975" t="теватрон"><g v="NOUN"></g><g v="inan"></g><g v="masc"></g><g v="sing"></g><g v="accs"></g></l></v></tfr></token><token id="578262" text="стал"><tfr rev_id="1411338" t="стал"><v><l id="335164" t="стал"><g v="VERB"></g><g v="perf"></g><g v="intr"></g><g v="masc"></g><g v="sing"></g><g v="past"></g><g v="indc"></g></l></v></tfr></token><token id="578263" text="главным"><tfr rev_id="4310033" t="главным"><v><l id="70842" t="главный"><g v="ADJF"></g><g v="Qual"></g><g v="masc"></g><g v="sing"></g><g v="ablt"></g></l></v></tfr></token><token id="578264" text="источником"><tfr rev_id="1411340" t="источником"><v><l id="126464" t="источник"><g v="NOUN"></g><g v="inan"></g><g v="masc"></g><g v="sing"></g><g v="ablt"></g></l></v></tfr></token><token id="578265" text="новых"><tfr rev_id="4390426" t="новых"><v><l id="191918" t="новый"><g v="ADJF"></g><g v="Qual"></g><g v="plur"></g><g v="gent"></g></l></v></tfr></token><token id="578266" text="открытий"><tfr rev_id="1411342" t="открытий"><v><l id="214745" t="открытие"><g v="NOUN"></g><g v="inan"></g><g v="neut"></g><g v="plur"></g><g v="gent"></g></l></v></tfr></token><token id="578267" text="в"><tfr rev_id="1411343" t="в"><v><l id="37409" t="в"><g v="PREP"></g></l></v></tfr></token><token id="578268" text="области"><tfr rev_id="4314047" t="области"><v><l id="196229" t="область"><g v="NOUN"></g><g v="inan"></g><g v="femn"></g><g v="sing"></g><g v="loct"></g></l></v></tfr></token><token id="578269" text="физики"><tfr rev_id="3483529" t="физики"><v><l id="365704" t="физика"><g v="NOUN"></g><g v="inan"></g><g v="femn"></g><g v="sing"></g><g v="gent"></g></l></v></tfr></token><token id="578270" text="элементарных"><tfr rev_id="4356825" t="элементарных"><v><l id="384691" t="элементарный"><g v="ADJF"></g><g v="Qual"></g><g v="plur"></g><g v="gent"></g></l></v></tfr></token><token id="578271" text="частиц"><tfr rev_id="1411347" t="частиц"><v><l id="374766" t="частица"><g v="NOUN"></g><g v="inan"></g><g v="femn"></g><g v="plur"></g><g v="gent"></g></l></v></tfr></token><token id="578272" text="."><tfr rev_id="1411348" t="."><v><l id="0" t="."><g v="PNCT"></g></l></v></tfr></token></tokens></sentence><sentence id="32314"><source>Среди них особо можно выделить открытие в 1995 году последнего кварка, предсказываемого Стандартной Моделью — так называемого верхнего (top) или истинного кварка.</source><tokens><token id="578273" text="Среди"><tfr rev_id="1411349" t="Среди"><v><l id="333473" t="среди"><g v="PREP"></g></l></v></tfr></token><token id="578274" text="них"><tfr rev_id="3711592" t="них"><v><l id="206619" t="они"><g v="NPRO"></g><g v="3per"></g><g v="Anph"></g><g v="plur"></g><g v="gent"></g><g v="Af-p"></g></l></v></tfr></token><token id="578275" text="особо"><tfr rev_id="1411351" t="особо"><v><l id="210646" t="особо"><g v="ADVB"></g></l></v></tfr></token><token id="578276" text="можно"><tfr rev_id="1411352" t="можно"><v><l id="162467" t="можно"><g v="PRED"></g><g v="pres"></g></l></v></tfr></token><token id="578277" text="выделить"><tfr rev_id="1411353" t="выделить"><v><l id="57032" t="выделить"><g v="INFN"></g><g v="perf"></g><g v="tran"></g></l></v></tfr></token><token id="578278" text="открытие"><tfr rev_id="1411354" t="открытие"><v><l id="214745" t="открытие"><g v="NOUN"></g><g v="inan"></g><g v="neut"></g><g v="sing"></g><g v="nomn"></g></l></v><v><l id="214745" t="открытие"><g v="NOUN"></g><g v="inan"></g><g v="neut"></g><g v="sing"></g><g v="accs"></g></l></v></tfr></token><token id="578279" text="в"><tfr rev_id="1411355" t="в"><v><l id="37409" t="в"><g v="PREP"></g></l></v></tfr></token><token id="578280" text="1995"><tfr rev_id="2461253" t="1995"><v><l id="0" t="1995"><g v="NUMB"></g></l></v></tfr></token><token id="578281" text="году"><tfr rev_id="2927903" t="году"><v><l id="72149" t="год"><g v="NOUN"></g><g v="inan"></g><g v="masc"></g><g v="sing"></g><g v="loc2"></g></l></v></tfr></token><token id="578282" text="последнего"><tfr rev_id="4426152" t="последнего"><v><l id="261565" t="последний"><g v="ADJF"></g><g v="masc"></g><g v="sing"></g><g v="gent"></g></l></v></tfr></token><token id="578283" text="кварка"><tfr rev_id="1411359" t="кварка"><v><l id="132004" t="кварк"><g v="NOUN"></g><g v="inan"></g><g v="masc"></g><g v="sing"></g><g v="gent"></g></l></v></tfr></token><token id="578284" text=","><tfr rev_id="1411360" t=","><v><l id="0" t=","><g v="PNCT"></g></l></v></tfr></token><token id="578285" text="предсказываемого"><tfr rev_id="3443130" t="предсказываемого"><v><l id="267059" t="предсказываемый"><g v="PRTF"></g><g v="impf"></g><g v="tran"></g><g v="pres"></g><g v="pssv"></g><g v="masc"></g><g v="sing"></g><g v="gent"></g></l></v><v><l id="267059" t="предсказываемый"><g v="PRTF"></g><g v="impf"></g><g v="tran"></g><g v="pres"></g><g v="pssv"></g><g v="anim"></g><g v="masc"></g><g v="sing"></g><g v="accs"></g></l></v></tfr></token><token id="578286" text="Стандартной"><tfr rev_id="4423874" t="Стандартной"><v><l id="334613" t="стандартный"><g v="ADJF"></g><g v="Qual"></g><g v="femn"></g><g v="sing"></g><g v="ablt"></g></l></v></tfr></token><token id="578287" text="Моделью"><tfr rev_id="4455737" t="Моделью"><v><l id="162273" t="модель"><g v="NOUN"></g><g v="inan"></g><g v="femn"></g><g v="sing"></g><g v="ablt"></g></l></v></tfr></token><token id="578288" text="—"><tfr rev_id="2442741" t="—"><v><l id="0" t="—"><g v="PNCT"></g></l></v></tfr></token><token id="578289" text="так"><tfr rev_id="1411365" t="так"><v><l id="342451" t="так"><g v="CONJ"></g></l></v><v><l id="342452" t="так"><g v="PRCL"></g></l></v><v><l id="342453" t="так"><g v="ADVB"></g><g v="Dmns"></g></l></v></tfr></token><token id="578290" text="называемого"><tfr rev_id="3443131" t="называемого"><v><l id="170477" t="называемый"><g v="PRTF"></g><g v="impf"></g><g v="tran"></g><g v="pres"></g><g v="pssv"></g><g v="masc"></g><g v="sing"></g><g v="gent"></g></l></v><v><l id="170477" t="называемый"><g v="PRTF"></g><g v="impf"></g><g v="tran"></g><g v="pres"></g><g v="pssv"></g><g v="anim"></g><g v="masc"></g><g v="sing"></g><g v="accs"></g></l></v></tfr></token><token id="578291" text="верхнего"><tfr rev_id="3468750" t="верхнего"><v><l id="41787" t="верхний"><g v="ADJF"></g><g v="masc"></g><g v="sing"></g><g v="gent"></g></l></v><v><l id="41787" t="верхний"><g v="ADJF"></g><g v="anim"></g><g v="masc"></g><g v="sing"></g><g v="accs"></g></l></v></tfr></token><token id="578292" text="("><tfr rev_id="1411368" t="("><v><l id="0" t="("><g v="PNCT"></g></l></v></tfr></token><token id="578293" text="top"><tfr rev_id="2474428" t="top"><v><l id="0" t="top"><g v="LATN"></g></l></v></tfr></token><token id="578294" text=")"><tfr rev_id="1411370" t=")"><v><l id="0" t=")"><g v="PNCT"></g></l></v></tfr></token><token id="578295" text="или"><tfr rev_id="3787159" t="или"><v><l id="121146" t="или"><g v="CONJ"></g></l></v></tfr></token><token id="578296" text="истинного"><tfr rev_id="3408259" t="истинного"><v><l id="126213" t="истинный"><g v="ADJF"></g><g v="Qual"></g><g v="masc"></g><g v="sing"></g><g v="gent"></g></l></v><v><l id="126213" t="истинный"><g v="ADJF"></g><g v="Qual"></g><g v="anim"></g><g v="masc"></g><g v="sing"></g><g v="accs"></g></l></v></tfr></token><token id="578297" text="кварка"><tfr rev_id="1411373" t="кварка"><v><l id="132004" t="кварк"><g v="NOUN"></g><g v="inan"></g><g v="masc"></g><g v="sing"></g><g v="gent"></g></l></v></tfr></token><token id="578298" text="."><tfr rev_id="1411374" t="."><v><l id="0" t="."><g v="PNCT"></g></l></v></tfr></token></tokens></sentence></paragraph></paragraphs></text>