<?xml version="1.0" encoding="utf-8"?><text id="1072" parent="226" name="24163 ЧМ по футболу обойдётся России в 632 млрд рублей"><tags><tag>url:http://www.chaskor.ru/news/chm_po_futbolu_obojdetsya_rossii_v_632_mlrd_rublej_24163</tag><tag>Год:2011</tag><tag>Дата:21/07</tag><tag>Тема:ЧасКор:Общество</tag><tag>Тема:ЧасКор:Общество/Спорт</tag></tags><paragraphs><paragraph id="10403"><sentence id="32642"><source>ЧМ по футболу обойдётся России в 632 млрд рублей</source><tokens><token id="584565" text="ЧМ"><tfr rev_id="4265794" t="ЧМ"><v><l id="389977" t="чм"><g v="NOUN"></g><g v="inan"></g><g v="masc"></g><g v="Fixd"></g><g v="Abbr"></g><g v="sing"></g><g v="nomn"></g></l></v><v><l id="389977" t="чм"><g v="NOUN"></g><g v="inan"></g><g v="masc"></g><g v="Fixd"></g><g v="Abbr"></g><g v="sing"></g><g v="gent"></g></l></v><v><l id="389977" t="чм"><g v="NOUN"></g><g v="inan"></g><g v="masc"></g><g v="Fixd"></g><g v="Abbr"></g><g v="sing"></g><g v="datv"></g></l></v><v><l id="389977" t="чм"><g v="NOUN"></g><g v="inan"></g><g v="masc"></g><g v="Fixd"></g><g v="Abbr"></g><g v="sing"></g><g v="accs"></g></l></v><v><l id="389977" t="чм"><g v="NOUN"></g><g v="inan"></g><g v="masc"></g><g v="Fixd"></g><g v="Abbr"></g><g v="sing"></g><g v="ablt"></g></l></v><v><l id="389977" t="чм"><g v="NOUN"></g><g v="inan"></g><g v="masc"></g><g v="Fixd"></g><g v="Abbr"></g><g v="sing"></g><g v="loct"></g></l></v></tfr></token><token id="584566" text="по"><tfr rev_id="1417642" t="по"><v><l id="241240" t="по"><g v="PREP"></g></l></v></tfr></token><token id="584567" text="футболу"><tfr rev_id="1417643" t="футболу"><v><l id="368772" t="футбол"><g v="NOUN"></g><g v="inan"></g><g v="masc"></g><g v="sing"></g><g v="datv"></g></l></v></tfr></token><token id="584568" text="обойдётся"><tfr rev_id="1417644" t="обойдётся"><v><l id="198313" t="обошёлся"><g v="VERB"></g><g v="perf"></g><g v="intr"></g><g v="sing"></g><g v="3per"></g><g v="futr"></g><g v="indc"></g></l></v></tfr></token><token id="584569" text="России"><tfr rev_id="2627710" t="России"><v><l id="309322" t="россия"><g v="NOUN"></g><g v="inan"></g><g v="femn"></g><g v="Sgtm"></g><g v="Geox"></g><g v="sing"></g><g v="datv"></g></l></v></tfr></token><token id="584570" text="в"><tfr rev_id="1417646" t="в"><v><l id="37409" t="в"><g v="PREP"></g></l></v></tfr></token><token id="584571" text="632"><tfr rev_id="2461322" t="632"><v><l id="0" t="632"><g v="NUMB"></g></l></v></tfr></token><token id="584572" text="млрд"><tfr rev_id="4165571" t="млрд"><v><l id="389048" t="млрд"><g v="NOUN"></g><g v="inan"></g><g v="masc"></g><g v="Fixd"></g><g v="Abbr"></g><g v="sing"></g><g v="nomn"></g></l></v><v><l id="389048" t="млрд"><g v="NOUN"></g><g v="inan"></g><g v="masc"></g><g v="Fixd"></g><g v="Abbr"></g><g v="sing"></g><g v="gent"></g></l></v><v><l id="389048" t="млрд"><g v="NOUN"></g><g v="inan"></g><g v="masc"></g><g v="Fixd"></g><g v="Abbr"></g><g v="sing"></g><g v="datv"></g></l></v><v><l id="389048" t="млрд"><g v="NOUN"></g><g v="inan"></g><g v="masc"></g><g v="Fixd"></g><g v="Abbr"></g><g v="sing"></g><g v="accs"></g></l></v><v><l id="389048" t="млрд"><g v="NOUN"></g><g v="inan"></g><g v="masc"></g><g v="Fixd"></g><g v="Abbr"></g><g v="sing"></g><g v="ablt"></g></l></v><v><l id="389048" t="млрд"><g v="NOUN"></g><g v="inan"></g><g v="masc"></g><g v="Fixd"></g><g v="Abbr"></g><g v="sing"></g><g v="loct"></g></l></v></tfr></token><token id="584573" text="рублей"><tfr rev_id="1417649" t="рублей"><v><l id="309744" t="рубль"><g v="NOUN"></g><g v="inan"></g><g v="masc"></g><g v="plur"></g><g v="gent"></g></l></v></tfr></token></tokens></sentence><sentence id="32643"><source>Большинство расходов не связаны с турниром, а будут вложены в строительство дорог и стадионов, развитие средств связи и информтехнологий.</source><tokens><token id="584574" text="Большинство"><tfr rev_id="1417650" t="Большинство"><v><l id="32441" t="большинство"><g v="NOUN"></g><g v="inan"></g><g v="neut"></g><g v="Sgtm"></g><g v="sing"></g><g v="nomn"></g></l></v><v><l id="32441" t="большинство"><g v="NOUN"></g><g v="inan"></g><g v="neut"></g><g v="Sgtm"></g><g v="sing"></g><g v="accs"></g></l></v></tfr></token><token id="584575" text="расходов"><tfr rev_id="1417651" t="расходов"><v><l id="303036" t="расход"><g v="NOUN"></g><g v="inan"></g><g v="masc"></g><g v="plur"></g><g v="gent"></g></l></v></tfr></token><token id="584576" text="не"><tfr rev_id="1417652" t="не"><v><l id="178876" t="не"><g v="PRCL"></g></l></v></tfr></token><token id="584577" text="связаны"><tfr rev_id="1417653" t="связаны"><v><l id="316534" t="связан"><g v="PRTS"></g><g v="perf"></g><g v="past"></g><g v="pssv"></g><g v="plur"></g></l></v></tfr></token><token id="584578" text="с"><tfr rev_id="1417654" t="с"><v><l id="311151" t="с"><g v="PREP"></g></l></v></tfr></token><token id="584579" text="турниром"><tfr rev_id="1417655" t="турниром"><v><l id="351849" t="турнир"><g v="NOUN"></g><g v="inan"></g><g v="masc"></g><g v="sing"></g><g v="ablt"></g></l></v></tfr></token><token id="584580" text=","><tfr rev_id="1417656" t=","><v><l id="0" t=","><g v="PNCT"></g></l></v></tfr></token><token id="584581" text="а"><tfr rev_id="1417657" t="а"><v><l id="51" t="а"><g v="CONJ"></g></l></v><v><l id="52" t="а"><g v="INTJ"></g></l></v><v><l id="53" t="а"><g v="PRCL"></g></l></v></tfr></token><token id="584582" text="будут"><tfr rev_id="1417658" t="будут"><v><l id="37265" t="есть"><g v="VERB"></g><g v="impf"></g><g v="intr"></g><g v="plur"></g><g v="3per"></g><g v="futr"></g><g v="indc"></g></l></v></tfr></token><token id="584583" text="вложены"><tfr rev_id="1417659" t="вложены"><v><l id="46972" t="вложен"><g v="PRTS"></g><g v="perf"></g><g v="past"></g><g v="pssv"></g><g v="plur"></g></l></v></tfr></token><token id="584584" text="в"><tfr rev_id="1417660" t="в"><v><l id="37409" t="в"><g v="PREP"></g></l></v></tfr></token><token id="584585" text="строительство"><tfr rev_id="3465413" t="строительство"><v><l id="337671" t="строительство"><g v="NOUN"></g><g v="inan"></g><g v="neut"></g><g v="sing"></g><g v="accs"></g></l></v></tfr></token><token id="584586" text="дорог"><tfr rev_id="3478161" t="дорог"><v><l id="89707" t="дорога"><g v="NOUN"></g><g v="inan"></g><g v="femn"></g><g v="plur"></g><g v="gent"></g></l></v></tfr></token><token id="584587" text="и"><tfr rev_id="4082102" t="и"><v><l id="116949" t="и"><g v="CONJ"></g></l></v></tfr></token><token id="584588" text="стадионов"><tfr rev_id="1417664" t="стадионов"><v><l id="334413" t="стадион"><g v="NOUN"></g><g v="inan"></g><g v="masc"></g><g v="plur"></g><g v="gent"></g></l></v></tfr></token><token id="584589" text=","><tfr rev_id="1417665" t=","><v><l id="0" t=","><g v="PNCT"></g></l></v></tfr></token><token id="584590" text="развитие"><tfr rev_id="3547587" t="развитие"><v><l id="292545" t="развитие"><g v="NOUN"></g><g v="inan"></g><g v="neut"></g><g v="sing"></g><g v="accs"></g></l></v></tfr></token><token id="584591" text="средств"><tfr rev_id="1417667" t="средств"><v><l id="333716" t="средство"><g v="NOUN"></g><g v="inan"></g><g v="neut"></g><g v="plur"></g><g v="gent"></g></l></v></tfr></token><token id="584592" text="связи"><tfr rev_id="4393768" t="связи"><v><l id="316572" t="связь"><g v="NOUN"></g><g v="inan"></g><g v="femn"></g><g v="sing"></g><g v="gent"></g></l></v></tfr></token><token id="584593" text="и"><tfr rev_id="1417669" t="и"><v><l id="116949" t="и"><g v="CONJ"></g></l></v><v><l id="116950" t="и"><g v="INTJ"></g></l></v></tfr></token><token id="584594" text="информтехнологий"><tfr rev_id="1417670" t="информтехнологий"><v><l id="0" t="информтехнологий"><g v="UNKN"></g></l></v></tfr></token><token id="584595" text="."><tfr rev_id="1417671" t="."><v><l id="0" t="."><g v="PNCT"></g></l></v></tfr></token></tokens></sentence></paragraph><paragraph id="10404"><sentence id="32644"><source>Минспорттуризма обнародовало финансовое обоснование к законопроекту «Об организации и проведении в РФ чемпионата мира по футболу — 2018», включающее смету всех расходов, которые предстоят российскому бюджету и инвесторам при подготовке и проведении мирового первенства.</source><tokens><token id="584596" text="Минспорттуризма"><tfr rev_id="1417672" t="Минспорттуризма"><v><l id="0" t="минспорттуризма"><g v="UNKN"></g></l></v></tfr></token><token id="584597" text="обнародовало"><tfr rev_id="1417673" t="обнародовало"><v><l id="197753" t="обнародовал"><g v="VERB"></g><g v="perf"></g><g v="tran"></g><g v="neut"></g><g v="sing"></g><g v="past"></g><g v="indc"></g></l></v></tfr></token><token id="584598" text="финансовое"><tfr rev_id="3348608" t="финансовое"><v><l id="366103" t="финансовый"><g v="ADJF"></g><g v="neut"></g><g v="sing"></g><g v="nomn"></g></l></v><v><l id="366103" t="финансовый"><g v="ADJF"></g><g v="neut"></g><g v="sing"></g><g v="accs"></g></l></v></tfr></token><token id="584599" text="обоснование"><tfr rev_id="1417675" t="обоснование"><v><l id="198583" t="обоснование"><g v="NOUN"></g><g v="inan"></g><g v="neut"></g><g v="sing"></g><g v="nomn"></g></l></v><v><l id="198583" t="обоснование"><g v="NOUN"></g><g v="inan"></g><g v="neut"></g><g v="sing"></g><g v="accs"></g></l></v></tfr></token><token id="584600" text="к"><tfr rev_id="1417676" t="к"><v><l id="127460" t="к"><g v="PREP"></g></l></v></tfr></token><token id="584601" text="законопроекту"><tfr rev_id="1417677" t="законопроекту"><v><l id="103760" t="законопроект"><g v="NOUN"></g><g v="inan"></g><g v="masc"></g><g v="sing"></g><g v="datv"></g></l></v></tfr></token><token id="584602" text="«"><tfr rev_id="2442957" t="«"><v><l id="0" t="«"><g v="PNCT"></g></l></v></tfr></token><token id="584603" text="Об"><tfr rev_id="2921204" t="Об"><v><l id="192977" t="о"><g v="PREP"></g><g v="Vpre"></g></l></v></tfr></token><token id="584604" text="организации"><tfr rev_id="3558125" t="организации"><v><l id="208750" t="организация"><g v="NOUN"></g><g v="inan"></g><g v="femn"></g><g v="sing"></g><g v="loct"></g></l></v></tfr></token><token id="584605" text="и"><tfr rev_id="1417681" t="и"><v><l id="116949" t="и"><g v="CONJ"></g></l></v><v><l id="116950" t="и"><g v="INTJ"></g></l></v></tfr></token><token id="584606" text="проведении"><tfr rev_id="1417682" t="проведении"><v><l id="277705" t="проведение"><g v="NOUN"></g><g v="inan"></g><g v="neut"></g><g v="sing"></g><g v="loct"></g></l></v></tfr></token><token id="584607" text="в"><tfr rev_id="1417683" t="в"><v><l id="37409" t="в"><g v="PREP"></g></l></v></tfr></token><token id="584608" text="РФ"><tfr rev_id="4285684" t="РФ"><v><l id="310486" t="рф"><g v="NOUN"></g><g v="inan"></g><g v="femn"></g><g v="Sgtm"></g><g v="Fixd"></g><g v="Abbr"></g><g v="Geox"></g><g v="sing"></g><g v="loct"></g></l></v></tfr></token><token id="584609" text="чемпионата"><tfr rev_id="1417685" t="чемпионата"><v><l id="375186" t="чемпионат"><g v="NOUN"></g><g v="inan"></g><g v="masc"></g><g v="sing"></g><g v="gent"></g></l></v></tfr></token><token id="584610" text="мира"><tfr rev_id="3718532" t="мира"><v><l id="160807" t="мир"><g v="NOUN"></g><g v="inan"></g><g v="masc"></g><g v="sing"></g><g v="gen1"></g></l></v></tfr></token><token id="584611" text="по"><tfr rev_id="1417687" t="по"><v><l id="241240" t="по"><g v="PREP"></g></l></v></tfr></token><token id="584612" text="футболу"><tfr rev_id="1417688" t="футболу"><v><l id="368772" t="футбол"><g v="NOUN"></g><g v="inan"></g><g v="masc"></g><g v="sing"></g><g v="datv"></g></l></v></tfr></token><token id="584613" text="—"><tfr rev_id="2442958" t="—"><v><l id="0" t="—"><g v="PNCT"></g></l></v></tfr></token><token id="584614" text="2018"><tfr rev_id="2461323" t="2018"><v><l id="0" t="2018"><g v="NUMB"></g></l></v></tfr></token><token id="584615" text="»"><tfr rev_id="2442959" t="»"><v><l id="0" t="»"><g v="PNCT"></g></l></v></tfr></token><token id="584616" text=","><tfr rev_id="1417692" t=","><v><l id="0" t=","><g v="PNCT"></g></l></v></tfr></token><token id="584617" text="включающее"><tfr rev_id="1417693" t="включающее"><v><l id="46196" t="включающий"><g v="PRTF"></g><g v="impf"></g><g v="tran"></g><g v="pres"></g><g v="actv"></g><g v="neut"></g><g v="sing"></g><g v="nomn"></g></l></v><v><l id="46196" t="включающий"><g v="PRTF"></g><g v="impf"></g><g v="tran"></g><g v="pres"></g><g v="actv"></g><g v="neut"></g><g v="sing"></g><g v="accs"></g></l></v></tfr></token><token id="584618" text="смету"><tfr rev_id="1715853" t="смету"><v><l id="326205" t="смета"><g v="NOUN"></g><g v="inan"></g><g v="femn"></g><g v="sing"></g><g v="accs"></g></l></v></tfr></token><token id="584619" text="всех"><tfr rev_id="4135812" t="всех"><v><l id="42156" t="весь"><g v="ADJF"></g><g v="Subx"></g><g v="Apro"></g><g v="plur"></g><g v="gent"></g></l></v></tfr></token><token id="584620" text="расходов"><tfr rev_id="1417696" t="расходов"><v><l id="303036" t="расход"><g v="NOUN"></g><g v="inan"></g><g v="masc"></g><g v="plur"></g><g v="gent"></g></l></v></tfr></token><token id="584621" text=","><tfr rev_id="1417697" t=","><v><l id="0" t=","><g v="PNCT"></g></l></v></tfr></token><token id="584622" text="которые"><tfr rev_id="3819351" t="которые"><v><l id="141203" t="который"><g v="ADJF"></g><g v="Apro"></g><g v="Subx"></g><g v="Anph"></g><g v="plur"></g><g v="nomn"></g></l></v></tfr></token><token id="584623" text="предстоят"><tfr rev_id="1417699" t="предстоят"><v><l id="267143" t="предстою"><g v="VERB"></g><g v="impf"></g><g v="intr"></g><g v="plur"></g><g v="3per"></g><g v="pres"></g><g v="indc"></g></l></v></tfr></token><token id="584624" text="российскому"><tfr rev_id="3342839" t="российскому"><v><l id="309319" t="российский"><g v="ADJF"></g><g v="masc"></g><g v="sing"></g><g v="datv"></g></l></v></tfr></token><token id="584625" text="бюджету"><tfr rev_id="1417701" t="бюджету"><v><l id="37326" t="бюджет"><g v="NOUN"></g><g v="inan"></g><g v="masc"></g><g v="sing"></g><g v="datv"></g></l></v></tfr></token><token id="584626" text="и"><tfr rev_id="3544680" t="и"><v><l id="116949" t="и"><g v="CONJ"></g></l></v></tfr></token><token id="584627" text="инвесторам"><tfr rev_id="1417703" t="инвесторам"><v><l id="122092" t="инвестор"><g v="NOUN"></g><g v="anim"></g><g v="masc"></g><g v="plur"></g><g v="datv"></g></l></v></tfr></token><token id="584628" text="при"><tfr rev_id="2605150" t="при"><v><l id="268625" t="при"><g v="PREP"></g></l></v></tfr></token><token id="584629" text="подготовке"><tfr rev_id="3471979" t="подготовке"><v><l id="245114" t="подготовка"><g v="NOUN"></g><g v="inan"></g><g v="femn"></g><g v="sing"></g><g v="loct"></g></l></v></tfr></token><token id="584630" text="и"><tfr rev_id="1417706" t="и"><v><l id="116949" t="и"><g v="CONJ"></g></l></v><v><l id="116950" t="и"><g v="INTJ"></g></l></v></tfr></token><token id="584631" text="проведении"><tfr rev_id="1417707" t="проведении"><v><l id="277705" t="проведение"><g v="NOUN"></g><g v="inan"></g><g v="neut"></g><g v="sing"></g><g v="loct"></g></l></v></tfr></token><token id="584632" text="мирового"><tfr rev_id="4371603" t="мирового"><v><l id="160894" t="мировой"><g v="ADJF"></g><g v="neut"></g><g v="sing"></g><g v="gent"></g></l></v></tfr></token><token id="584633" text="первенства"><tfr rev_id="3501488" t="первенства"><v><l id="226198" t="первенство"><g v="NOUN"></g><g v="inan"></g><g v="neut"></g><g v="sing"></g><g v="gent"></g></l></v></tfr></token><token id="584634" text="."><tfr rev_id="1417710" t="."><v><l id="0" t="."><g v="PNCT"></g></l></v></tfr></token></tokens></sentence><sentence id="32645"><source>Общая сумма затрат составит 632,373 млрд рублей.</source><tokens><token id="584635" text="Общая"><tfr rev_id="1417711" t="Общая"><v><l id="201663" t="общий"><g v="ADJF"></g><g v="femn"></g><g v="sing"></g><g v="nomn"></g></l></v></tfr></token><token id="584636" text="сумма"><tfr rev_id="1417712" t="сумма"><v><l id="339516" t="сумма"><g v="NOUN"></g><g v="inan"></g><g v="femn"></g><g v="sing"></g><g v="nomn"></g></l></v></tfr></token><token id="584637" text="затрат"><tfr rev_id="1417713" t="затрат"><v><l id="111920" t="затрата"><g v="NOUN"></g><g v="inan"></g><g v="femn"></g><g v="plur"></g><g v="gent"></g></l></v></tfr></token><token id="584638" text="составит"><tfr rev_id="1417714" t="составит"><v><l id="330483" t="составил"><g v="VERB"></g><g v="perf"></g><g v="tran"></g><g v="sing"></g><g v="3per"></g><g v="futr"></g><g v="indc"></g></l></v></tfr></token><token id="584639" text="632,373"><tfr rev_id="2461324" t="632,373"><v><l id="0" t="632,373"><g v="NUMB"></g></l></v></tfr></token><token id="584640" text="млрд"><tfr rev_id="4174040" t="млрд"><v><l id="389048" t="млрд"><g v="NOUN"></g><g v="inan"></g><g v="masc"></g><g v="Fixd"></g><g v="Abbr"></g><g v="sing"></g><g v="gent"></g></l></v></tfr></token><token id="584641" text="рублей"><tfr rev_id="1417717" t="рублей"><v><l id="309744" t="рубль"><g v="NOUN"></g><g v="inan"></g><g v="masc"></g><g v="plur"></g><g v="gent"></g></l></v></tfr></token><token id="584642" text="."><tfr rev_id="1417718" t="."><v><l id="0" t="."><g v="PNCT"></g></l></v></tfr></token></tokens></sentence></paragraph><paragraph id="10405"><sentence id="32646"><source>Как пишут «Известия», в документе указано, что большинство расходов не связаны с самим чемпионатом, а будут вложены в инфраструктуру — строительство и реконструкцию дорог (241,59 млрд рублей), развитие средств связи и информтехнологий и, конечно, строительство стадионов.</source><tokens><token id="584643" text="Как"><tfr rev_id="1417719" t="Как"><v><l id="128190" t="как"><g v="CONJ"></g></l></v><v><l id="128191" t="как"><g v="PRCL"></g></l></v><v><l id="128192" t="как"><g v="ADVB"></g><g v="Ques"></g></l></v></tfr></token><token id="584644" text="пишут"><tfr rev_id="1417720" t="пишут"><v><l id="239101" t="пишу"><g v="VERB"></g><g v="impf"></g><g v="tran"></g><g v="plur"></g><g v="3per"></g><g v="pres"></g><g v="indc"></g></l></v></tfr></token><token id="584645" text="«"><tfr rev_id="2442960" t="«"><v><l id="0" t="«"><g v="PNCT"></g></l></v></tfr></token><token id="584646" text="Известия"><tfr rev_id="3802775" t="Известия"><v><l id="118103" t="известие"><g v="NOUN"></g><g v="inan"></g><g v="neut"></g><g v="plur"></g><g v="nomn"></g></l></v></tfr></token><token id="584647" text="»"><tfr rev_id="2442961" t="»"><v><l id="0" t="»"><g v="PNCT"></g></l></v></tfr></token><token id="584648" text=","><tfr rev_id="1417724" t=","><v><l id="0" t=","><g v="PNCT"></g></l></v></tfr></token><token id="584649" text="в"><tfr rev_id="1417725" t="в"><v><l id="37409" t="в"><g v="PREP"></g></l></v></tfr></token><token id="584650" text="документе"><tfr rev_id="1417726" t="документе"><v><l id="87509" t="документ"><g v="NOUN"></g><g v="inan"></g><g v="masc"></g><g v="sing"></g><g v="loct"></g></l></v></tfr></token><token id="584651" text="указано"><tfr rev_id="1417727" t="указано"><v><l id="355928" t="указан"><g v="PRTS"></g><g v="perf"></g><g v="past"></g><g v="pssv"></g><g v="neut"></g><g v="sing"></g></l></v></tfr></token><token id="584652" text=","><tfr rev_id="1417728" t=","><v><l id="0" t=","><g v="PNCT"></g></l></v></tfr></token><token id="584653" text="что"><tfr rev_id="3196660" t="что"><v><l id="377004" t="что"><g v="CONJ"></g></l></v><v><l id="377005" t="что"><g v="NPRO"></g><g v="neut"></g><g v="sing"></g><g v="nomn"></g></l></v><v><l id="377005" t="что"><g v="NPRO"></g><g v="neut"></g><g v="sing"></g><g v="accs"></g></l></v><v><l id="377006" t="что"><g v="ADVB"></g><g v="Ques"></g></l></v><v><l id="388695" t="что"><g v="PRCL"></g></l></v></tfr></token><token id="584654" text="большинство"><tfr rev_id="4100325" t="большинство"><v><l id="32441" t="большинство"><g v="NOUN"></g><g v="inan"></g><g v="neut"></g><g v="Sgtm"></g><g v="sing"></g><g v="nomn"></g></l></v></tfr></token><token id="584655" text="расходов"><tfr rev_id="1417731" t="расходов"><v><l id="303036" t="расход"><g v="NOUN"></g><g v="inan"></g><g v="masc"></g><g v="plur"></g><g v="gent"></g></l></v></tfr></token><token id="584656" text="не"><tfr rev_id="1417732" t="не"><v><l id="178876" t="не"><g v="PRCL"></g></l></v></tfr></token><token id="584657" text="связаны"><tfr rev_id="1417733" t="связаны"><v><l id="316534" t="связан"><g v="PRTS"></g><g v="perf"></g><g v="past"></g><g v="pssv"></g><g v="plur"></g></l></v></tfr></token><token id="584658" text="с"><tfr rev_id="1417734" t="с"><v><l id="311151" t="с"><g v="PREP"></g></l></v></tfr></token><token id="584659" text="самим"><tfr rev_id="4376700" t="самим"><v><l id="312034" t="сам"><g v="ADJF"></g><g v="Apro"></g><g v="masc"></g><g v="sing"></g><g v="ablt"></g></l></v></tfr></token><token id="584660" text="чемпионатом"><tfr rev_id="1417736" t="чемпионатом"><v><l id="375186" t="чемпионат"><g v="NOUN"></g><g v="inan"></g><g v="masc"></g><g v="sing"></g><g v="ablt"></g></l></v></tfr></token><token id="584661" text=","><tfr rev_id="1417737" t=","><v><l id="0" t=","><g v="PNCT"></g></l></v></tfr></token><token id="584662" text="а"><tfr rev_id="3962392" t="а"><v><l id="51" t="а"><g v="CONJ"></g></l></v></tfr></token><token id="584663" text="будут"><tfr rev_id="1417739" t="будут"><v><l id="37265" t="есть"><g v="VERB"></g><g v="impf"></g><g v="intr"></g><g v="plur"></g><g v="3per"></g><g v="futr"></g><g v="indc"></g></l></v></tfr></token><token id="584664" text="вложены"><tfr rev_id="1417740" t="вложены"><v><l id="46972" t="вложен"><g v="PRTS"></g><g v="perf"></g><g v="past"></g><g v="pssv"></g><g v="plur"></g></l></v></tfr></token><token id="584665" text="в"><tfr rev_id="1417741" t="в"><v><l id="37409" t="в"><g v="PREP"></g></l></v></tfr></token><token id="584666" text="инфраструктуру"><tfr rev_id="1417742" t="инфраструктуру"><v><l id="123617" t="инфраструктура"><g v="NOUN"></g><g v="inan"></g><g v="femn"></g><g v="sing"></g><g v="accs"></g></l></v></tfr></token><token id="584667" text="—"><tfr rev_id="2442962" t="—"><v><l id="0" t="—"><g v="PNCT"></g></l></v></tfr></token><token id="584668" text="строительство"><tfr rev_id="1417744" t="строительство"><v><l id="337671" t="строительство"><g v="NOUN"></g><g v="inan"></g><g v="neut"></g><g v="sing"></g><g v="nomn"></g></l></v><v><l id="337671" t="строительство"><g v="NOUN"></g><g v="inan"></g><g v="neut"></g><g v="sing"></g><g v="accs"></g></l></v></tfr></token><token id="584669" text="и"><tfr rev_id="3555575" t="и"><v><l id="116949" t="и"><g v="CONJ"></g></l></v></tfr></token><token id="584670" text="реконструкцию"><tfr rev_id="1417746" t="реконструкцию"><v><l id="305795" t="реконструкция"><g v="NOUN"></g><g v="inan"></g><g v="femn"></g><g v="sing"></g><g v="accs"></g></l></v></tfr></token><token id="584671" text="дорог"><tfr rev_id="3463499" t="дорог"><v><l id="89707" t="дорога"><g v="NOUN"></g><g v="inan"></g><g v="femn"></g><g v="plur"></g><g v="gent"></g></l></v></tfr></token><token id="584672" text="("><tfr rev_id="1417748" t="("><v><l id="0" t="("><g v="PNCT"></g></l></v></tfr></token><token id="584673" text="241,59"><tfr rev_id="2461325" t="241,59"><v><l id="0" t="241,59"><g v="NUMB"></g></l></v></tfr></token><token id="584674" text="млрд"><tfr rev_id="4230503" t="млрд"><v><l id="389048" t="млрд"><g v="NOUN"></g><g v="inan"></g><g v="masc"></g><g v="Fixd"></g><g v="Abbr"></g><g v="sing"></g><g v="nomn"></g></l></v><v><l id="389048" t="млрд"><g v="NOUN"></g><g v="inan"></g><g v="masc"></g><g v="Fixd"></g><g v="Abbr"></g><g v="sing"></g><g v="gent"></g></l></v><v><l id="389048" t="млрд"><g v="NOUN"></g><g v="inan"></g><g v="masc"></g><g v="Fixd"></g><g v="Abbr"></g><g v="sing"></g><g v="datv"></g></l></v><v><l id="389048" t="млрд"><g v="NOUN"></g><g v="inan"></g><g v="masc"></g><g v="Fixd"></g><g v="Abbr"></g><g v="sing"></g><g v="accs"></g></l></v><v><l id="389048" t="млрд"><g v="NOUN"></g><g v="inan"></g><g v="masc"></g><g v="Fixd"></g><g v="Abbr"></g><g v="sing"></g><g v="ablt"></g></l></v><v><l id="389048" t="млрд"><g v="NOUN"></g><g v="inan"></g><g v="masc"></g><g v="Fixd"></g><g v="Abbr"></g><g v="sing"></g><g v="loct"></g></l></v></tfr></token><token id="584675" text="рублей"><tfr rev_id="1417751" t="рублей"><v><l id="309744" t="рубль"><g v="NOUN"></g><g v="inan"></g><g v="masc"></g><g v="plur"></g><g v="gent"></g></l></v></tfr></token><token id="584676" text=")"><tfr rev_id="1417752" t=")"><v><l id="0" t=")"><g v="PNCT"></g></l></v></tfr></token><token id="584677" text=","><tfr rev_id="1417753" t=","><v><l id="0" t=","><g v="PNCT"></g></l></v></tfr></token><token id="584678" text="развитие"><tfr rev_id="3301241" t="развитие"><v><l id="292545" t="развитие"><g v="NOUN"></g><g v="inan"></g><g v="neut"></g><g v="sing"></g><g v="accs"></g></l></v></tfr></token><token id="584679" text="средств"><tfr rev_id="1417755" t="средств"><v><l id="333716" t="средство"><g v="NOUN"></g><g v="inan"></g><g v="neut"></g><g v="plur"></g><g v="gent"></g></l></v></tfr></token><token id="584680" text="связи"><tfr rev_id="4392322" t="связи"><v><l id="316572" t="связь"><g v="NOUN"></g><g v="inan"></g><g v="femn"></g><g v="sing"></g><g v="gent"></g></l></v></tfr></token><token id="584681" text="и"><tfr rev_id="1417757" t="и"><v><l id="116949" t="и"><g v="CONJ"></g></l></v><v><l id="116950" t="и"><g v="INTJ"></g></l></v></tfr></token><token id="584682" text="информтехнологий"><tfr rev_id="1417758" t="информтехнологий"><v><l id="0" t="информтехнологий"><g v="UNKN"></g></l></v></tfr></token><token id="584683" text="и"><tfr rev_id="1417759" t="и"><v><l id="116949" t="и"><g v="CONJ"></g></l></v><v><l id="116950" t="и"><g v="INTJ"></g></l></v></tfr></token><token id="584684" text=","><tfr rev_id="1417760" t=","><v><l id="0" t=","><g v="PNCT"></g></l></v></tfr></token><token id="584685" text="конечно"><tfr rev_id="1417761" t="конечно"><v><l id="137817" t="конечно"><g v="CONJ"></g><g v="Prnt"></g></l></v><v><l id="137818" t="конечно"><g v="PRCL"></g></l></v><v><l id="137822" t="конечен"><g v="ADJS"></g><g v="Qual"></g><g v="neut"></g><g v="sing"></g></l></v></tfr></token><token id="584686" text=","><tfr rev_id="1417762" t=","><v><l id="0" t=","><g v="PNCT"></g></l></v></tfr></token><token id="584687" text="строительство"><tfr rev_id="3340055" t="строительство"><v><l id="337671" t="строительство"><g v="NOUN"></g><g v="inan"></g><g v="neut"></g><g v="sing"></g><g v="accs"></g></l></v></tfr></token><token id="584688" text="стадионов"><tfr rev_id="1417764" t="стадионов"><v><l id="334413" t="стадион"><g v="NOUN"></g><g v="inan"></g><g v="masc"></g><g v="plur"></g><g v="gent"></g></l></v></tfr></token><token id="584689" text="."><tfr rev_id="1417765" t="."><v><l id="0" t="."><g v="PNCT"></g></l></v></tfr></token></tokens></sentence><sentence id="32647"><source>При постройке дорог из федерального бюджета будет выделено 66,6 млрд рублей, а регионалы добавят 81,9 млрд рублей.</source><tokens><token id="584690" text="При"><tfr rev_id="2601198" t="При"><v><l id="268625" t="при"><g v="PREP"></g></l></v></tfr></token><token id="584691" text="постройке"><tfr rev_id="3537334" t="постройке"><v><l id="262531" t="постройка"><g v="NOUN"></g><g v="inan"></g><g v="femn"></g><g v="sing"></g><g v="loct"></g></l></v></tfr></token><token id="584692" text="дорог"><tfr rev_id="2703320" t="дорог"><v><l id="89707" t="дорога"><g v="NOUN"></g><g v="inan"></g><g v="femn"></g><g v="plur"></g><g v="gent"></g></l></v></tfr></token><token id="584693" text="из"><tfr rev_id="2503540" t="из"><v><l id="117677" t="из"><g v="PREP"></g></l></v></tfr></token><token id="584694" text="федерального"><tfr rev_id="3550553" t="федерального"><v><l id="364933" t="федеральный"><g v="ADJF"></g><g v="masc"></g><g v="sing"></g><g v="gent"></g></l></v></tfr></token><token id="584695" text="бюджета"><tfr rev_id="1417771" t="бюджета"><v><l id="37326" t="бюджет"><g v="NOUN"></g><g v="inan"></g><g v="masc"></g><g v="sing"></g><g v="gent"></g></l></v></tfr></token><token id="584696" text="будет"><tfr rev_id="1417772" t="будет"><v><l id="37265" t="есть"><g v="VERB"></g><g v="impf"></g><g v="intr"></g><g v="sing"></g><g v="3per"></g><g v="futr"></g><g v="indc"></g></l></v></tfr></token><token id="584697" text="выделено"><tfr rev_id="1417773" t="выделено"><v><l id="57035" t="выделен"><g v="PRTS"></g><g v="perf"></g><g v="past"></g><g v="pssv"></g><g v="neut"></g><g v="sing"></g></l></v></tfr></token><token id="584698" text="66,6"><tfr rev_id="2461326" t="66,6"><v><l id="0" t="66,6"><g v="NUMB"></g></l></v></tfr></token><token id="584699" text="млрд"><tfr rev_id="4497109" t="млрд"><v><l id="389048" t="млрд"><g v="NOUN"></g><g v="inan"></g><g v="masc"></g><g v="Fixd"></g><g v="Abbr"></g><g v="plur"></g><g v="nomn"></g></l></v><v><l id="389048" t="млрд"><g v="NOUN"></g><g v="inan"></g><g v="masc"></g><g v="Fixd"></g><g v="Abbr"></g><g v="plur"></g><g v="gent"></g></l></v><v><l id="389048" t="млрд"><g v="NOUN"></g><g v="inan"></g><g v="masc"></g><g v="Fixd"></g><g v="Abbr"></g><g v="plur"></g><g v="datv"></g></l></v><v><l id="389048" t="млрд"><g v="NOUN"></g><g v="inan"></g><g v="masc"></g><g v="Fixd"></g><g v="Abbr"></g><g v="plur"></g><g v="accs"></g></l></v><v><l id="389048" t="млрд"><g v="NOUN"></g><g v="inan"></g><g v="masc"></g><g v="Fixd"></g><g v="Abbr"></g><g v="plur"></g><g v="ablt"></g></l></v><v><l id="389048" t="млрд"><g v="NOUN"></g><g v="inan"></g><g v="masc"></g><g v="Fixd"></g><g v="Abbr"></g><g v="plur"></g><g v="loct"></g></l></v></tfr></token><token id="584700" text="рублей"><tfr rev_id="1417776" t="рублей"><v><l id="309744" t="рубль"><g v="NOUN"></g><g v="inan"></g><g v="masc"></g><g v="plur"></g><g v="gent"></g></l></v></tfr></token><token id="584701" text=","><tfr rev_id="1417777" t=","><v><l id="0" t=","><g v="PNCT"></g></l></v></tfr></token><token id="584702" text="а"><tfr rev_id="1417778" t="а"><v><l id="51" t="а"><g v="CONJ"></g></l></v><v><l id="52" t="а"><g v="INTJ"></g></l></v><v><l id="53" t="а"><g v="PRCL"></g></l></v></tfr></token><token id="584703" text="регионалы"><tfr rev_id="1417779" t="регионалы"><v><l id="304809" t="регионал"><g v="NOUN"></g><g v="anim"></g><g v="masc"></g><g v="plur"></g><g v="nomn"></g></l></v></tfr></token><token id="584704" text="добавят"><tfr rev_id="1417780" t="добавят"><v><l id="85158" t="добавил"><g v="VERB"></g><g v="perf"></g><g v="tran"></g><g v="plur"></g><g v="3per"></g><g v="futr"></g><g v="indc"></g></l></v></tfr></token><token id="584705" text="81,9"><tfr rev_id="2461327" t="81,9"><v><l id="0" t="81,9"><g v="NUMB"></g></l></v></tfr></token><token id="584706" text="млрд"><tfr rev_id="4158865" t="млрд"><v><l id="389048" t="млрд"><g v="NOUN"></g><g v="inan"></g><g v="masc"></g><g v="Fixd"></g><g v="Abbr"></g><g v="sing"></g><g v="gent"></g></l></v></tfr></token><token id="584707" text="рублей"><tfr rev_id="1417783" t="рублей"><v><l id="309744" t="рубль"><g v="NOUN"></g><g v="inan"></g><g v="masc"></g><g v="plur"></g><g v="gent"></g></l></v></tfr></token><token id="584708" text="."><tfr rev_id="1417784" t="."><v><l id="0" t="."><g v="PNCT"></g></l></v></tfr></token></tokens></sentence><sentence id="32648"><source>Ещё 92,9 млрд поступят из внебюджетных источников.</source><tokens><token id="584709" text="Ещё"><tfr rev_id="1417785" t="Ещё"><v><l id="95551" t="ещё"><g v="PRCL"></g></l></v><v><l id="95552" t="ещё"><g v="ADVB"></g></l></v></tfr></token><token id="584710" text="92,9"><tfr rev_id="2461328" t="92,9"><v><l id="0" t="92,9"><g v="NUMB"></g></l></v></tfr></token><token id="584711" text="млрд"><tfr rev_id="4165488" t="млрд"><v><l id="389048" t="млрд"><g v="NOUN"></g><g v="inan"></g><g v="masc"></g><g v="Fixd"></g><g v="Abbr"></g><g v="sing"></g><g v="nomn"></g></l></v><v><l id="389048" t="млрд"><g v="NOUN"></g><g v="inan"></g><g v="masc"></g><g v="Fixd"></g><g v="Abbr"></g><g v="sing"></g><g v="gent"></g></l></v><v><l id="389048" t="млрд"><g v="NOUN"></g><g v="inan"></g><g v="masc"></g><g v="Fixd"></g><g v="Abbr"></g><g v="sing"></g><g v="datv"></g></l></v><v><l id="389048" t="млрд"><g v="NOUN"></g><g v="inan"></g><g v="masc"></g><g v="Fixd"></g><g v="Abbr"></g><g v="sing"></g><g v="accs"></g></l></v><v><l id="389048" t="млрд"><g v="NOUN"></g><g v="inan"></g><g v="masc"></g><g v="Fixd"></g><g v="Abbr"></g><g v="sing"></g><g v="ablt"></g></l></v><v><l id="389048" t="млрд"><g v="NOUN"></g><g v="inan"></g><g v="masc"></g><g v="Fixd"></g><g v="Abbr"></g><g v="sing"></g><g v="loct"></g></l></v></tfr></token><token id="584712" text="поступят"><tfr rev_id="1417788" t="поступят"><v><l id="262616" t="поступил"><g v="VERB"></g><g v="perf"></g><g v="intr"></g><g v="plur"></g><g v="3per"></g><g v="futr"></g><g v="indc"></g></l></v></tfr></token><token id="584713" text="из"><tfr rev_id="1717864" t="из"><v><l id="117677" t="из"><g v="PREP"></g></l></v></tfr></token><token id="584714" text="внебюджетных"><tfr rev_id="2762377" t="внебюджетных"><v><l id="47312" t="внебюджетный"><g v="ADJF"></g><g v="plur"></g><g v="gent"></g></l></v></tfr></token><token id="584715" text="источников"><tfr rev_id="1417791" t="источников"><v><l id="126464" t="источник"><g v="NOUN"></g><g v="inan"></g><g v="masc"></g><g v="plur"></g><g v="gent"></g></l></v></tfr></token><token id="584716" text="."><tfr rev_id="1417792" t="."><v><l id="0" t="."><g v="PNCT"></g></l></v></tfr></token></tokens></sentence><sentence id="32649"><source>Для обеспечения участников и гостей мундиаля средствами связи понадобится 75,6 млрд рублей, из которых львиная доля — 37,8 млрд — поступит из федерального бюджета.</source><tokens><token id="584717" text="Для"><tfr rev_id="3418260" t="Для"><v><l id="85032" t="для"><g v="PREP"></g></l></v></tfr></token><token id="584718" text="обеспечения"><tfr rev_id="3483674" t="обеспечения"><v><l id="194745" t="обеспечение"><g v="NOUN"></g><g v="inan"></g><g v="neut"></g><g v="sing"></g><g v="gent"></g></l></v></tfr></token><token id="584719" text="участников"><tfr rev_id="3704579" t="участников"><v><l id="363151" t="участник"><g v="NOUN"></g><g v="anim"></g><g v="masc"></g><g v="plur"></g><g v="gent"></g></l></v></tfr></token><token id="584720" text="и"><tfr rev_id="1417796" t="и"><v><l id="116949" t="и"><g v="CONJ"></g></l></v><v><l id="116950" t="и"><g v="INTJ"></g></l></v></tfr></token><token id="584721" text="гостей"><tfr rev_id="4382723" t="гостей"><v><l id="74145" t="гость"><g v="NOUN"></g><g v="anim"></g><g v="masc"></g><g v="plur"></g><g v="gent"></g></l></v></tfr></token><token id="584722" text="мундиаля"><tfr rev_id="4533837" t="мундиаля"><v><l id="392593" t="мундиаль"><g v="NOUN"></g><g v="inan"></g><g v="masc"></g><g v="sing"></g><g v="gent"></g></l></v></tfr></token><token id="584723" text="средствами"><tfr rev_id="1417799" t="средствами"><v><l id="333716" t="средство"><g v="NOUN"></g><g v="inan"></g><g v="neut"></g><g v="plur"></g><g v="ablt"></g></l></v></tfr></token><token id="584724" text="связи"><tfr rev_id="4392224" t="связи"><v><l id="316572" t="связь"><g v="NOUN"></g><g v="inan"></g><g v="femn"></g><g v="sing"></g><g v="gent"></g></l></v></tfr></token><token id="584725" text="понадобится"><tfr rev_id="1417801" t="понадобится"><v><l id="258276" t="понадобился"><g v="VERB"></g><g v="perf"></g><g v="intr"></g><g v="sing"></g><g v="3per"></g><g v="futr"></g><g v="indc"></g></l></v></tfr></token><token id="584726" text="75,6"><tfr rev_id="2461329" t="75,6"><v><l id="0" t="75,6"><g v="NUMB"></g></l></v></tfr></token><token id="584727" text="млрд"><tfr rev_id="4230454" t="млрд"><v><l id="389048" t="млрд"><g v="NOUN"></g><g v="inan"></g><g v="masc"></g><g v="Fixd"></g><g v="Abbr"></g><g v="plur"></g><g v="nomn"></g></l></v><v><l id="389048" t="млрд"><g v="NOUN"></g><g v="inan"></g><g v="masc"></g><g v="Fixd"></g><g v="Abbr"></g><g v="plur"></g><g v="gent"></g></l></v><v><l id="389048" t="млрд"><g v="NOUN"></g><g v="inan"></g><g v="masc"></g><g v="Fixd"></g><g v="Abbr"></g><g v="plur"></g><g v="datv"></g></l></v><v><l id="389048" t="млрд"><g v="NOUN"></g><g v="inan"></g><g v="masc"></g><g v="Fixd"></g><g v="Abbr"></g><g v="plur"></g><g v="accs"></g></l></v><v><l id="389048" t="млрд"><g v="NOUN"></g><g v="inan"></g><g v="masc"></g><g v="Fixd"></g><g v="Abbr"></g><g v="plur"></g><g v="ablt"></g></l></v><v><l id="389048" t="млрд"><g v="NOUN"></g><g v="inan"></g><g v="masc"></g><g v="Fixd"></g><g v="Abbr"></g><g v="plur"></g><g v="loct"></g></l></v></tfr></token><token id="584728" text="рублей"><tfr rev_id="1417804" t="рублей"><v><l id="309744" t="рубль"><g v="NOUN"></g><g v="inan"></g><g v="masc"></g><g v="plur"></g><g v="gent"></g></l></v></tfr></token><token id="584729" text=","><tfr rev_id="1417805" t=","><v><l id="0" t=","><g v="PNCT"></g></l></v></tfr></token><token id="584730" text="из"><tfr rev_id="1671364" t="из"><v><l id="117677" t="из"><g v="PREP"></g></l></v></tfr></token><token id="584731" text="которых"><tfr rev_id="4356235" t="которых"><v><l id="141203" t="который"><g v="ADJF"></g><g v="Apro"></g><g v="Subx"></g><g v="Anph"></g><g v="plur"></g><g v="gent"></g></l></v></tfr></token><token id="584732" text="львиная"><tfr rev_id="1417808" t="львиная"><v><l id="151756" t="львиный"><g v="ADJF"></g><g v="Qual"></g><g v="femn"></g><g v="sing"></g><g v="nomn"></g></l></v></tfr></token><token id="584733" text="доля"><tfr rev_id="1417809" t="доля"><v><l id="88151" t="доля"><g v="NOUN"></g><g v="inan"></g><g v="femn"></g><g v="sing"></g><g v="nomn"></g></l></v></tfr></token><token id="584734" text="—"><tfr rev_id="2442963" t="—"><v><l id="0" t="—"><g v="PNCT"></g></l></v></tfr></token><token id="584735" text="37,8"><tfr rev_id="2461330" t="37,8"><v><l id="0" t="37,8"><g v="NUMB"></g></l></v></tfr></token><token id="584736" text="млрд"><tfr rev_id="4180375" t="млрд"><v><l id="389048" t="млрд"><g v="NOUN"></g><g v="inan"></g><g v="masc"></g><g v="Fixd"></g><g v="Abbr"></g><g v="plur"></g><g v="gent"></g></l></v></tfr></token><token id="584737" text="—"><tfr rev_id="2442964" t="—"><v><l id="0" t="—"><g v="PNCT"></g></l></v></tfr></token><token id="584738" text="поступит"><tfr rev_id="1417814" t="поступит"><v><l id="262616" t="поступил"><g v="VERB"></g><g v="perf"></g><g v="intr"></g><g v="sing"></g><g v="3per"></g><g v="futr"></g><g v="indc"></g></l></v></tfr></token><token id="584739" text="из"><tfr rev_id="2602945" t="из"><v><l id="117677" t="из"><g v="PREP"></g></l></v></tfr></token><token id="584740" text="федерального"><tfr rev_id="4205134" t="федерального"><v><l id="364933" t="федеральный"><g v="ADJF"></g><g v="masc"></g><g v="sing"></g><g v="gent"></g></l></v><v><l id="364933" t="федеральный"><g v="ADJF"></g><g v="anim"></g><g v="masc"></g><g v="sing"></g><g v="accs"></g></l></v></tfr></token><token id="584741" text="бюджета"><tfr rev_id="1417817" t="бюджета"><v><l id="37326" t="бюджет"><g v="NOUN"></g><g v="inan"></g><g v="masc"></g><g v="sing"></g><g v="gent"></g></l></v></tfr></token><token id="584742" text="."><tfr rev_id="1417818" t="."><v><l id="0" t="."><g v="PNCT"></g></l></v></tfr></token></tokens></sentence></paragraph><paragraph id="10406"><sentence id="32650"><source>Строительство спортивных арен будет проведено с запасом: регламент FIFA предусматривает наличие 12 стадионов для проведения первенства, а в 13 российских городах будет построено 16 арен.</source><tokens><token id="584743" text="Строительство"><tfr rev_id="1417819" t="Строительство"><v><l id="337671" t="строительство"><g v="NOUN"></g><g v="inan"></g><g v="neut"></g><g v="sing"></g><g v="nomn"></g></l></v><v><l id="337671" t="строительство"><g v="NOUN"></g><g v="inan"></g><g v="neut"></g><g v="sing"></g><g v="accs"></g></l></v></tfr></token><token id="584744" text="спортивных"><tfr rev_id="2848510" t="спортивных"><v><l id="332798" t="спортивный"><g v="ADJF"></g><g v="Qual"></g><g v="plur"></g><g v="gent"></g></l></v></tfr></token><token id="584745" text="арен"><tfr rev_id="1717152" t="арен"><v><l id="16192" t="арена"><g v="NOUN"></g><g v="inan"></g><g v="femn"></g><g v="plur"></g><g v="gent"></g></l></v></tfr></token><token id="584746" text="будет"><tfr rev_id="1417822" t="будет"><v><l id="37265" t="есть"><g v="VERB"></g><g v="impf"></g><g v="intr"></g><g v="sing"></g><g v="3per"></g><g v="futr"></g><g v="indc"></g></l></v></tfr></token><token id="584747" text="проведено"><tfr rev_id="1417823" t="проведено"><v><l id="277834" t="проведён"><g v="PRTS"></g><g v="perf"></g><g v="past"></g><g v="pssv"></g><g v="neut"></g><g v="sing"></g></l></v></tfr></token><token id="584748" text="с"><tfr rev_id="1417824" t="с"><v><l id="311151" t="с"><g v="PREP"></g></l></v></tfr></token><token id="584749" text="запасом"><tfr rev_id="1417825" t="запасом"><v><l id="106867" t="запас"><g v="NOUN"></g><g v="inan"></g><g v="masc"></g><g v="sing"></g><g v="ablt"></g></l></v></tfr></token><token id="584750" text=":"><tfr rev_id="1417826" t=":"><v><l id="0" t=":"><g v="PNCT"></g></l></v></tfr></token><token id="584751" text="регламент"><tfr rev_id="4211124" t="регламент"><v><l id="304867" t="регламент"><g v="NOUN"></g><g v="inan"></g><g v="masc"></g><g v="sing"></g><g v="nomn"></g></l></v></tfr></token><token id="584752" text="FIFA"><tfr rev_id="2474437" t="FIFA"><v><l id="0" t="FIFA"><g v="LATN"></g></l></v></tfr></token><token id="584753" text="предусматривает"><tfr rev_id="1417829" t="предусматривает"><v><l id="267295" t="предусматриваю"><g v="VERB"></g><g v="impf"></g><g v="tran"></g><g v="sing"></g><g v="3per"></g><g v="pres"></g><g v="indc"></g></l></v></tfr></token><token id="584754" text="наличие"><tfr rev_id="3300316" t="наличие"><v><l id="172022" t="наличие"><g v="NOUN"></g><g v="inan"></g><g v="neut"></g><g v="sing"></g><g v="accs"></g></l></v></tfr></token><token id="584755" text="12"><tfr rev_id="2461331" t="12"><v><l id="0" t="12"><g v="NUMB"></g></l></v></tfr></token><token id="584756" text="стадионов"><tfr rev_id="1417832" t="стадионов"><v><l id="334413" t="стадион"><g v="NOUN"></g><g v="inan"></g><g v="masc"></g><g v="plur"></g><g v="gent"></g></l></v></tfr></token><token id="584757" text="для"><tfr rev_id="3445677" t="для"><v><l id="85032" t="для"><g v="PREP"></g></l></v></tfr></token><token id="584758" text="проведения"><tfr rev_id="3437567" t="проведения"><v><l id="277705" t="проведение"><g v="NOUN"></g><g v="inan"></g><g v="neut"></g><g v="sing"></g><g v="gent"></g></l></v></tfr></token><token id="584759" text="первенства"><tfr rev_id="3433763" t="первенства"><v><l id="226198" t="первенство"><g v="NOUN"></g><g v="inan"></g><g v="neut"></g><g v="sing"></g><g v="gent"></g></l></v></tfr></token><token id="584760" text=","><tfr rev_id="1417836" t=","><v><l id="0" t=","><g v="PNCT"></g></l></v></tfr></token><token id="584761" text="а"><tfr rev_id="3487565" t="а"><v><l id="51" t="а"><g v="CONJ"></g></l></v></tfr></token><token id="584762" text="в"><tfr rev_id="1417838" t="в"><v><l id="37409" t="в"><g v="PREP"></g></l></v></tfr></token><token id="584763" text="13"><tfr rev_id="2461332" t="13"><v><l id="0" t="13"><g v="NUMB"></g></l></v></tfr></token><token id="584764" text="российских"><tfr rev_id="4198181" t="российских"><v><l id="309319" t="российский"><g v="ADJF"></g><g v="plur"></g><g v="loct"></g></l></v></tfr></token><token id="584765" text="городах"><tfr rev_id="1417841" t="городах"><v><l id="73547" t="город"><g v="NOUN"></g><g v="inan"></g><g v="masc"></g><g v="plur"></g><g v="loct"></g></l></v></tfr></token><token id="584766" text="будет"><tfr rev_id="1417842" t="будет"><v><l id="37265" t="есть"><g v="VERB"></g><g v="impf"></g><g v="intr"></g><g v="sing"></g><g v="3per"></g><g v="futr"></g><g v="indc"></g></l></v></tfr></token><token id="584767" text="построено"><tfr rev_id="1417843" t="построено"><v><l id="262525" t="построен"><g v="PRTS"></g><g v="perf"></g><g v="past"></g><g v="pssv"></g><g v="neut"></g><g v="sing"></g></l></v></tfr></token><token id="584768" text="16"><tfr rev_id="2461333" t="16"><v><l id="0" t="16"><g v="NUMB"></g></l></v></tfr></token><token id="584769" text="арен"><tfr rev_id="4100147" t="арен"><v><l id="16192" t="арена"><g v="NOUN"></g><g v="inan"></g><g v="femn"></g><g v="plur"></g><g v="gent"></g></l></v></tfr></token><token id="584770" text="."><tfr rev_id="1417846" t="."><v><l id="0" t="."><g v="PNCT"></g></l></v></tfr></token></tokens></sentence><sentence id="32651"><source>Из федерального бюджета строительство 10 стадионов проспонсируют на 123 млрд рублей.</source><tokens><token id="584771" text="Из"><tfr rev_id="2602956" t="Из"><v><l id="117677" t="из"><g v="PREP"></g></l></v></tfr></token><token id="584772" text="федерального"><tfr rev_id="3430988" t="федерального"><v><l id="364933" t="федеральный"><g v="ADJF"></g><g v="masc"></g><g v="sing"></g><g v="gent"></g></l></v><v><l id="364933" t="федеральный"><g v="ADJF"></g><g v="anim"></g><g v="masc"></g><g v="sing"></g><g v="accs"></g></l></v></tfr></token><token id="584773" text="бюджета"><tfr rev_id="1417849" t="бюджета"><v><l id="37326" t="бюджет"><g v="NOUN"></g><g v="inan"></g><g v="masc"></g><g v="sing"></g><g v="gent"></g></l></v></tfr></token><token id="584774" text="строительство"><tfr rev_id="3488026" t="строительство"><v><l id="337671" t="строительство"><g v="NOUN"></g><g v="inan"></g><g v="neut"></g><g v="sing"></g><g v="accs"></g></l></v></tfr></token><token id="584775" text="10"><tfr rev_id="2461334" t="10"><v><l id="0" t="10"><g v="NUMB"></g></l></v></tfr></token><token id="584776" text="стадионов"><tfr rev_id="1417852" t="стадионов"><v><l id="334413" t="стадион"><g v="NOUN"></g><g v="inan"></g><g v="masc"></g><g v="plur"></g><g v="gent"></g></l></v></tfr></token><token id="584777" text="проспонсируют"><tfr rev_id="1417853" t="проспонсируют"><v><l id="0" t="проспонсируют"><g v="UNKN"></g></l></v></tfr></token><token id="584778" text="на"><tfr rev_id="3345316" t="на"><v><l id="166264" t="на"><g v="PREP"></g></l></v></tfr></token><token id="584779" text="123"><tfr rev_id="2461335" t="123"><v><l id="0" t="123"><g v="NUMB"></g></l></v></tfr></token><token id="584780" text="млрд"><tfr rev_id="4136750" t="млрд"><v><l id="389048" t="млрд"><g v="NOUN"></g><g v="inan"></g><g v="masc"></g><g v="Fixd"></g><g v="Abbr"></g><g v="sing"></g><g v="nomn"></g></l></v><v><l id="389048" t="млрд"><g v="NOUN"></g><g v="inan"></g><g v="masc"></g><g v="Fixd"></g><g v="Abbr"></g><g v="sing"></g><g v="gent"></g></l></v><v><l id="389048" t="млрд"><g v="NOUN"></g><g v="inan"></g><g v="masc"></g><g v="Fixd"></g><g v="Abbr"></g><g v="sing"></g><g v="datv"></g></l></v><v><l id="389048" t="млрд"><g v="NOUN"></g><g v="inan"></g><g v="masc"></g><g v="Fixd"></g><g v="Abbr"></g><g v="sing"></g><g v="accs"></g></l></v><v><l id="389048" t="млрд"><g v="NOUN"></g><g v="inan"></g><g v="masc"></g><g v="Fixd"></g><g v="Abbr"></g><g v="sing"></g><g v="ablt"></g></l></v><v><l id="389048" t="млрд"><g v="NOUN"></g><g v="inan"></g><g v="masc"></g><g v="Fixd"></g><g v="Abbr"></g><g v="sing"></g><g v="loct"></g></l></v></tfr></token><token id="584781" text="рублей"><tfr rev_id="1417857" t="рублей"><v><l id="309744" t="рубль"><g v="NOUN"></g><g v="inan"></g><g v="masc"></g><g v="plur"></g><g v="gent"></g></l></v></tfr></token><token id="584782" text="."><tfr rev_id="1417858" t="."><v><l id="0" t="."><g v="PNCT"></g></l></v></tfr></token></tokens></sentence><sentence id="32652"><source>Кроме того, для создания тренировочных баз для команд-участниц понадобится еще 46,35 млрд рублей.</source><tokens><token id="584783" text="Кроме"><tfr rev_id="1417859" t="Кроме"><v><l id="143259" t="кроме"><g v="PREP"></g></l></v></tfr></token><token id="584784" text="того"><tfr rev_id="3770784" t="того"><v><l id="348430" t="тот"><g v="ADJF"></g><g v="Subx"></g><g v="Apro"></g><g v="Anph"></g><g v="neut"></g><g v="sing"></g><g v="gent"></g></l></v></tfr></token><token id="584785" text=","><tfr rev_id="1417861" t=","><v><l id="0" t=","><g v="PNCT"></g></l></v></tfr></token><token id="584786" text="для"><tfr rev_id="3452787" t="для"><v><l id="85032" t="для"><g v="PREP"></g></l></v></tfr></token><token id="584787" text="создания"><tfr rev_id="4570947" t="создания"><v><l id="328580" t="создание"><g v="NOUN"></g><g v="inan"></g><g v="neut"></g><g v="Inmx"></g><g v="plur"></g><g v="accs"></g></l></v><v><l id="328580" t="создание"><g v="NOUN"></g><g v="inan"></g><g v="neut"></g><g v="Inmx"></g><g v="plur"></g><g v="nomn"></g></l></v><v><l id="328580" t="создание"><g v="NOUN"></g><g v="inan"></g><g v="neut"></g><g v="Inmx"></g><g v="sing"></g><g v="gent"></g></l></v></tfr></token><token id="584788" text="тренировочных"><tfr rev_id="4349563" t="тренировочных"><v><l id="349660" t="тренировочный"><g v="ADJF"></g><g v="plur"></g><g v="gent"></g></l></v></tfr></token><token id="584789" text="баз"><tfr rev_id="3432164" t="баз"><v><l id="22146" t="база"><g v="NOUN"></g><g v="inan"></g><g v="femn"></g><g v="plur"></g><g v="gent"></g></l></v></tfr></token><token id="584790" text="для"><tfr rev_id="3438815" t="для"><v><l id="85032" t="для"><g v="PREP"></g></l></v></tfr></token><token id="584791" text="команд"><tfr rev_id="1417867" t="команд"><v><l id="136706" t="команда"><g v="NOUN"></g><g v="inan"></g><g v="femn"></g><g v="plur"></g><g v="gent"></g></l></v></tfr></token><token id="584792" text="-"><tfr rev_id="1417868" t="-"><v><l id="0" t="-"><g v="PNCT"></g></l></v></tfr></token><token id="584793" text="участниц"><tfr rev_id="3547133" t="участниц"><v><l id="363152" t="участница"><g v="NOUN"></g><g v="anim"></g><g v="femn"></g><g v="plur"></g><g v="gent"></g></l></v></tfr></token><token id="584794" text="понадобится"><tfr rev_id="1417870" t="понадобится"><v><l id="258276" t="понадобился"><g v="VERB"></g><g v="perf"></g><g v="intr"></g><g v="sing"></g><g v="3per"></g><g v="futr"></g><g v="indc"></g></l></v></tfr></token><token id="584795" text="еще"><tfr rev_id="1417871" t="еще"><v><l id="95551" t="ещё"><g v="PRCL"></g></l></v><v><l id="95552" t="ещё"><g v="ADVB"></g></l></v></tfr></token><token id="584796" text="46,35"><tfr rev_id="2461336" t="46,35"><v><l id="0" t="46,35"><g v="NUMB"></g></l></v></tfr></token><token id="584797" text="млрд"><tfr rev_id="4153095" t="млрд"><v><l id="389048" t="млрд"><g v="NOUN"></g><g v="inan"></g><g v="masc"></g><g v="Fixd"></g><g v="Abbr"></g><g v="plur"></g><g v="gent"></g></l></v></tfr></token><token id="584798" text="рублей"><tfr rev_id="1417874" t="рублей"><v><l id="309744" t="рубль"><g v="NOUN"></g><g v="inan"></g><g v="masc"></g><g v="plur"></g><g v="gent"></g></l></v></tfr></token><token id="584799" text="."><tfr rev_id="1417875" t="."><v><l id="0" t="."><g v="PNCT"></g></l></v></tfr></token></tokens></sentence><sentence id="32653"><source>При спортивных базах будут построены и гостиницы.</source><tokens><token id="584800" text="При"><tfr rev_id="2601313" t="При"><v><l id="268625" t="при"><g v="PREP"></g></l></v></tfr></token><token id="584801" text="спортивных"><tfr rev_id="4197634" t="спортивных"><v><l id="332798" t="спортивный"><g v="ADJF"></g><g v="Qual"></g><g v="plur"></g><g v="loct"></g></l></v></tfr></token><token id="584802" text="базах"><tfr rev_id="4285352" t="базах"><v><l id="22146" t="база"><g v="NOUN"></g><g v="inan"></g><g v="femn"></g><g v="plur"></g><g v="loct"></g></l></v></tfr></token><token id="584803" text="будут"><tfr rev_id="1417879" t="будут"><v><l id="37265" t="есть"><g v="VERB"></g><g v="impf"></g><g v="intr"></g><g v="plur"></g><g v="3per"></g><g v="futr"></g><g v="indc"></g></l></v></tfr></token><token id="584804" text="построены"><tfr rev_id="1417880" t="построены"><v><l id="262525" t="построен"><g v="PRTS"></g><g v="perf"></g><g v="past"></g><g v="pssv"></g><g v="plur"></g></l></v></tfr></token><token id="584805" text="и"><tfr rev_id="1417881" t="и"><v><l id="116949" t="и"><g v="CONJ"></g></l></v><v><l id="116950" t="и"><g v="INTJ"></g></l></v></tfr></token><token id="584806" text="гостиницы"><tfr rev_id="3768727" t="гостиницы"><v><l id="74117" t="гостиница"><g v="NOUN"></g><g v="inan"></g><g v="femn"></g><g v="plur"></g><g v="nomn"></g></l></v></tfr></token><token id="584807" text="."><tfr rev_id="1417883" t="."><v><l id="0" t="."><g v="PNCT"></g></l></v></tfr></token></tokens></sentence></paragraph><paragraph id="10407"><sentence id="32654"><source>Возведение и реконструкция аэропортов требует вложения 45,9 млрд рублей, в железные дороги вложат ещё 43,8 млрд рублей, причём из федерального бюджета выделят 44,399 млрд.</source><tokens><token id="584808" text="Возведение"><tfr rev_id="4213361" t="Возведение"><v><l id="48731" t="возведение"><g v="NOUN"></g><g v="inan"></g><g v="neut"></g><g v="sing"></g><g v="nomn"></g></l></v></tfr></token><token id="584809" text="и"><tfr rev_id="3825496" t="и"><v><l id="116949" t="и"><g v="CONJ"></g></l></v></tfr></token><token id="584810" text="реконструкция"><tfr rev_id="1417886" t="реконструкция"><v><l id="305795" t="реконструкция"><g v="NOUN"></g><g v="inan"></g><g v="femn"></g><g v="sing"></g><g v="nomn"></g></l></v></tfr></token><token id="584811" text="аэропортов"><tfr rev_id="1417887" t="аэропортов"><v><l id="21366" t="аэропорт"><g v="NOUN"></g><g v="inan"></g><g v="masc"></g><g v="plur"></g><g v="gent"></g></l></v></tfr></token><token id="584812" text="требует"><tfr rev_id="1417888" t="требует"><v><l id="349467" t="требую"><g v="VERB"></g><g v="impf"></g><g v="tran"></g><g v="sing"></g><g v="3per"></g><g v="pres"></g><g v="indc"></g></l></v></tfr></token><token id="584813" text="вложения"><tfr rev_id="3433059" t="вложения"><v><l id="46966" t="вложение"><g v="NOUN"></g><g v="inan"></g><g v="neut"></g><g v="sing"></g><g v="gent"></g></l></v></tfr></token><token id="584814" text="45,9"><tfr rev_id="2461337" t="45,9"><v><l id="0" t="45,9"><g v="NUMB"></g></l></v></tfr></token><token id="584815" text="млрд"><tfr rev_id="4497104" t="млрд"><v><l id="389048" t="млрд"><g v="NOUN"></g><g v="inan"></g><g v="masc"></g><g v="Fixd"></g><g v="Abbr"></g><g v="plur"></g><g v="nomn"></g></l></v><v><l id="389048" t="млрд"><g v="NOUN"></g><g v="inan"></g><g v="masc"></g><g v="Fixd"></g><g v="Abbr"></g><g v="plur"></g><g v="gent"></g></l></v><v><l id="389048" t="млрд"><g v="NOUN"></g><g v="inan"></g><g v="masc"></g><g v="Fixd"></g><g v="Abbr"></g><g v="plur"></g><g v="datv"></g></l></v><v><l id="389048" t="млрд"><g v="NOUN"></g><g v="inan"></g><g v="masc"></g><g v="Fixd"></g><g v="Abbr"></g><g v="plur"></g><g v="accs"></g></l></v><v><l id="389048" t="млрд"><g v="NOUN"></g><g v="inan"></g><g v="masc"></g><g v="Fixd"></g><g v="Abbr"></g><g v="plur"></g><g v="ablt"></g></l></v><v><l id="389048" t="млрд"><g v="NOUN"></g><g v="inan"></g><g v="masc"></g><g v="Fixd"></g><g v="Abbr"></g><g v="plur"></g><g v="loct"></g></l></v></tfr></token><token id="584816" text="рублей"><tfr rev_id="1417892" t="рублей"><v><l id="309744" t="рубль"><g v="NOUN"></g><g v="inan"></g><g v="masc"></g><g v="plur"></g><g v="gent"></g></l></v></tfr></token><token id="584817" text=","><tfr rev_id="1417893" t=","><v><l id="0" t=","><g v="PNCT"></g></l></v></tfr></token><token id="584818" text="в"><tfr rev_id="1417894" t="в"><v><l id="37409" t="в"><g v="PREP"></g></l></v></tfr></token><token id="584819" text="железные"><tfr rev_id="3795167" t="железные"><v><l id="96343" t="железный"><g v="ADJF"></g><g v="Qual"></g><g v="inan"></g><g v="plur"></g><g v="accs"></g></l></v></tfr></token><token id="584820" text="дороги"><tfr rev_id="3801902" t="дороги"><v><l id="89707" t="дорога"><g v="NOUN"></g><g v="inan"></g><g v="femn"></g><g v="plur"></g><g v="accs"></g></l></v></tfr></token><token id="584821" text="вложат"><tfr rev_id="1417897" t="вложат"><v><l id="46968" t="вложил"><g v="VERB"></g><g v="perf"></g><g v="tran"></g><g v="plur"></g><g v="3per"></g><g v="futr"></g><g v="indc"></g></l></v></tfr></token><token id="584822" text="ещё"><tfr rev_id="1417898" t="ещё"><v><l id="95551" t="ещё"><g v="PRCL"></g></l></v><v><l id="95552" t="ещё"><g v="ADVB"></g></l></v></tfr></token><token id="584823" text="43,8"><tfr rev_id="2461338" t="43,8"><v><l id="0" t="43,8"><g v="NUMB"></g></l></v></tfr></token><token id="584824" text="млрд"><tfr rev_id="4250449" t="млрд"><v><l id="389048" t="млрд"><g v="NOUN"></g><g v="inan"></g><g v="masc"></g><g v="Fixd"></g><g v="Abbr"></g><g v="sing"></g><g v="gent"></g></l></v></tfr></token><token id="584825" text="рублей"><tfr rev_id="1417901" t="рублей"><v><l id="309744" t="рубль"><g v="NOUN"></g><g v="inan"></g><g v="masc"></g><g v="plur"></g><g v="gent"></g></l></v></tfr></token><token id="584826" text=","><tfr rev_id="1417902" t=","><v><l id="0" t=","><g v="PNCT"></g></l></v></tfr></token><token id="584827" text="причём"><tfr rev_id="1417903" t="причём"><v><l id="276410" t="причём"><g v="CONJ"></g></l></v></tfr></token><token id="584828" text="из"><tfr rev_id="1718051" t="из"><v><l id="117677" t="из"><g v="PREP"></g></l></v></tfr></token><token id="584829" text="федерального"><tfr rev_id="4162038" t="федерального"><v><l id="364933" t="федеральный"><g v="ADJF"></g><g v="masc"></g><g v="sing"></g><g v="gent"></g></l></v><v><l id="364933" t="федеральный"><g v="ADJF"></g><g v="anim"></g><g v="masc"></g><g v="sing"></g><g v="accs"></g></l></v></tfr></token><token id="584830" text="бюджета"><tfr rev_id="1417906" t="бюджета"><v><l id="37326" t="бюджет"><g v="NOUN"></g><g v="inan"></g><g v="masc"></g><g v="sing"></g><g v="gent"></g></l></v></tfr></token><token id="584831" text="выделят"><tfr rev_id="1417907" t="выделят"><v><l id="57031" t="выделил"><g v="VERB"></g><g v="perf"></g><g v="tran"></g><g v="plur"></g><g v="3per"></g><g v="futr"></g><g v="indc"></g></l></v></tfr></token><token id="584832" text="44,399"><tfr rev_id="2461339" t="44,399"><v><l id="0" t="44,399"><g v="NUMB"></g></l></v></tfr></token><token id="584835" text="млрд"><tfr rev_id="4497235" t="млрд"><v><l id="389048" t="млрд"><g v="NOUN"></g><g v="inan"></g><g v="masc"></g><g v="Fixd"></g><g v="Abbr"></g><g v="sing"></g><g v="nomn"></g></l></v><v><l id="389048" t="млрд"><g v="NOUN"></g><g v="inan"></g><g v="masc"></g><g v="Fixd"></g><g v="Abbr"></g><g v="sing"></g><g v="gent"></g></l></v><v><l id="389048" t="млрд"><g v="NOUN"></g><g v="inan"></g><g v="masc"></g><g v="Fixd"></g><g v="Abbr"></g><g v="sing"></g><g v="datv"></g></l></v><v><l id="389048" t="млрд"><g v="NOUN"></g><g v="inan"></g><g v="masc"></g><g v="Fixd"></g><g v="Abbr"></g><g v="sing"></g><g v="accs"></g></l></v><v><l id="389048" t="млрд"><g v="NOUN"></g><g v="inan"></g><g v="masc"></g><g v="Fixd"></g><g v="Abbr"></g><g v="sing"></g><g v="ablt"></g></l></v><v><l id="389048" t="млрд"><g v="NOUN"></g><g v="inan"></g><g v="masc"></g><g v="Fixd"></g><g v="Abbr"></g><g v="sing"></g><g v="loct"></g></l></v></tfr></token><token id="584836" text="."><tfr rev_id="1417910" t="."><v><l id="0" t="."><g v="PNCT"></g></l></v></tfr></token></tokens></sentence><sentence id="32655"><source>Отметим, что около 1 млн участников и зрителей мундиаля воспользуются транспортом бесплатно: такое обязательство закреплено в заявочной книге чемпионата.</source><tokens><token id="584837" text="Отметим"><tfr rev_id="1417911" t="Отметим"><v><l id="215584" t="отметил"><g v="VERB"></g><g v="perf"></g><g v="tran"></g><g v="plur"></g><g v="1per"></g><g v="futr"></g><g v="indc"></g></l></v><v><l id="215584" t="отметил"><g v="VERB"></g><g v="perf"></g><g v="tran"></g><g v="sing"></g><g v="impr"></g><g v="incl"></g></l></v></tfr></token><token id="584838" text=","><tfr rev_id="1417912" t=","><v><l id="0" t=","><g v="PNCT"></g></l></v></tfr></token><token id="584839" text="что"><tfr rev_id="3196661" t="что"><v><l id="377004" t="что"><g v="CONJ"></g></l></v><v><l id="377005" t="что"><g v="NPRO"></g><g v="neut"></g><g v="sing"></g><g v="nomn"></g></l></v><v><l id="377005" t="что"><g v="NPRO"></g><g v="neut"></g><g v="sing"></g><g v="accs"></g></l></v><v><l id="377006" t="что"><g v="ADVB"></g><g v="Ques"></g></l></v><v><l id="388695" t="что"><g v="PRCL"></g></l></v></tfr></token><token id="584840" text="около"><tfr rev_id="4421436" t="около"><v><l id="205005" t="около"><g v="PREP"></g></l></v></tfr></token><token id="584841" text="1"><tfr rev_id="2461340" t="1"><v><l id="0" t="1"><g v="NUMB"></g></l></v></tfr></token><token id="584842" text="млн"><tfr rev_id="4230344" t="млн"><v><l id="389040" t="млн"><g v="NOUN"></g><g v="inan"></g><g v="masc"></g><g v="Fixd"></g><g v="Abbr"></g><g v="sing"></g><g v="nomn"></g></l></v><v><l id="389040" t="млн"><g v="NOUN"></g><g v="inan"></g><g v="masc"></g><g v="Fixd"></g><g v="Abbr"></g><g v="sing"></g><g v="gent"></g></l></v><v><l id="389040" t="млн"><g v="NOUN"></g><g v="inan"></g><g v="masc"></g><g v="Fixd"></g><g v="Abbr"></g><g v="sing"></g><g v="datv"></g></l></v><v><l id="389040" t="млн"><g v="NOUN"></g><g v="inan"></g><g v="masc"></g><g v="Fixd"></g><g v="Abbr"></g><g v="sing"></g><g v="accs"></g></l></v><v><l id="389040" t="млн"><g v="NOUN"></g><g v="inan"></g><g v="masc"></g><g v="Fixd"></g><g v="Abbr"></g><g v="sing"></g><g v="ablt"></g></l></v><v><l id="389040" t="млн"><g v="NOUN"></g><g v="inan"></g><g v="masc"></g><g v="Fixd"></g><g v="Abbr"></g><g v="sing"></g><g v="loct"></g></l></v></tfr></token><token id="584843" text="участников"><tfr rev_id="3502435" t="участников"><v><l id="363151" t="участник"><g v="NOUN"></g><g v="anim"></g><g v="masc"></g><g v="plur"></g><g v="gent"></g></l></v></tfr></token><token id="584844" text="и"><tfr rev_id="3671951" t="и"><v><l id="116949" t="и"><g v="CONJ"></g></l></v></tfr></token><token id="584845" text="зрителей"><tfr rev_id="4459061" t="зрителей"><v><l id="116577" t="зритель"><g v="NOUN"></g><g v="anim"></g><g v="masc"></g><g v="plur"></g><g v="gent"></g></l></v></tfr></token><token id="584846" text="мундиаля"><tfr rev_id="4533838" t="мундиаля"><v><l id="392593" t="мундиаль"><g v="NOUN"></g><g v="inan"></g><g v="masc"></g><g v="sing"></g><g v="gent"></g></l></v></tfr></token><token id="584847" text="воспользуются"><tfr rev_id="1417921" t="воспользуются"><v><l id="51624" t="воспользовался"><g v="VERB"></g><g v="perf"></g><g v="intr"></g><g v="plur"></g><g v="3per"></g><g v="futr"></g><g v="indc"></g></l></v></tfr></token><token id="584848" text="транспортом"><tfr rev_id="1417922" t="транспортом"><v><l id="349139" t="транспорт"><g v="NOUN"></g><g v="inan"></g><g v="masc"></g><g v="sing"></g><g v="ablt"></g></l></v></tfr></token><token id="584849" text="бесплатно"><tfr rev_id="4092324" t="бесплатно"><v><l id="28391" t="бесплатно"><g v="ADVB"></g></l></v></tfr></token><token id="584850" text=":"><tfr rev_id="1417924" t=":"><v><l id="0" t=":"><g v="PNCT"></g></l></v></tfr></token><token id="584851" text="такое"><tfr rev_id="1417925" t="такое"><v><l id="342491" t="такой"><g v="ADJF"></g><g v="Apro"></g><g v="neut"></g><g v="sing"></g><g v="nomn"></g></l></v><v><l id="342491" t="такой"><g v="ADJF"></g><g v="Apro"></g><g v="neut"></g><g v="sing"></g><g v="accs"></g></l></v></tfr></token><token id="584852" text="обязательство"><tfr rev_id="4104135" t="обязательство"><v><l id="202094" t="обязательство"><g v="NOUN"></g><g v="inan"></g><g v="neut"></g><g v="sing"></g><g v="nomn"></g></l></v></tfr></token><token id="584853" text="закреплено"><tfr rev_id="1417927" t="закреплено"><v><l id="104042" t="закреплён"><g v="PRTS"></g><g v="perf"></g><g v="past"></g><g v="pssv"></g><g v="neut"></g><g v="sing"></g></l></v></tfr></token><token id="584854" text="в"><tfr rev_id="1417928" t="в"><v><l id="37409" t="в"><g v="PREP"></g></l></v></tfr></token><token id="584855" text="заявочной"><tfr rev_id="4172998" t="заявочной"><v><l id="114324" t="заявочный"><g v="ADJF"></g><g v="Qual"></g><g v="femn"></g><g v="sing"></g><g v="loct"></g></l></v></tfr></token><token id="584856" text="книге"><tfr rev_id="3447653" t="книге"><v><l id="134823" t="книга"><g v="NOUN"></g><g v="inan"></g><g v="femn"></g><g v="sing"></g><g v="loct"></g></l></v></tfr></token><token id="584857" text="чемпионата"><tfr rev_id="1417931" t="чемпионата"><v><l id="375186" t="чемпионат"><g v="NOUN"></g><g v="inan"></g><g v="masc"></g><g v="sing"></g><g v="gent"></g></l></v></tfr></token><token id="584858" text="."><tfr rev_id="1417932" t="."><v><l id="0" t="."><g v="PNCT"></g></l></v></tfr></token></tokens></sentence><sentence id="32656"><source>По словам главы Минспорттуризма Виталия Мутко, расходы на строительство дорог и аэропортов ни в коем случае не будут включены в расходы на проведение турнира, так как эти объекты в любом случае нуждаются в возведении, и спортивное первенство попросту выступит «катализатором» строительных работ.</source><tokens><token id="584859" text="По"><tfr rev_id="1417933" t="По"><v><l id="241240" t="по"><g v="PREP"></g></l></v></tfr></token><token id="584860" text="словам"><tfr rev_id="1417934" t="словам"><v><l id="325168" t="слово"><g v="NOUN"></g><g v="inan"></g><g v="neut"></g><g v="plur"></g><g v="datv"></g></l></v></tfr></token><token id="584861" text="главы"><tfr rev_id="4573357" t="главы"><v><l id="70790" t="глава"><g v="NOUN"></g><g v="anim"></g><g v="ms-f"></g><g v="sing"></g><g v="gent"></g></l></v></tfr></token><token id="584862" text="Минспорттуризма"><tfr rev_id="1417936" t="Минспорттуризма"><v><l id="0" t="минспорттуризма"><g v="UNKN"></g></l></v></tfr></token><token id="584863" text="Виталия"><tfr rev_id="4398826" t="Виталия"><v><l id="45637" t="виталий"><g v="NOUN"></g><g v="anim"></g><g v="masc"></g><g v="Name"></g><g v="sing"></g><g v="gent"></g></l></v></tfr></token><token id="584864" text="Мутко"><tfr rev_id="1417938" t="Мутко"><v><l id="0" t="мутко"><g v="UNKN"></g></l></v></tfr></token><token id="584865" text=","><tfr rev_id="1417939" t=","><v><l id="0" t=","><g v="PNCT"></g></l></v></tfr></token><token id="584866" text="расходы"><tfr rev_id="3727738" t="расходы"><v><l id="303036" t="расход"><g v="NOUN"></g><g v="inan"></g><g v="masc"></g><g v="plur"></g><g v="nomn"></g></l></v></tfr></token><token id="584867" text="на"><tfr rev_id="3343427" t="на"><v><l id="166264" t="на"><g v="PREP"></g></l></v></tfr></token><token id="584868" text="строительство"><tfr rev_id="1417942" t="строительство"><v><l id="337671" t="строительство"><g v="NOUN"></g><g v="inan"></g><g v="neut"></g><g v="sing"></g><g v="nomn"></g></l></v><v><l id="337671" t="строительство"><g v="NOUN"></g><g v="inan"></g><g v="neut"></g><g v="sing"></g><g v="accs"></g></l></v></tfr></token><token id="584869" text="дорог"><tfr rev_id="3450791" t="дорог"><v><l id="89707" t="дорога"><g v="NOUN"></g><g v="inan"></g><g v="femn"></g><g v="plur"></g><g v="gent"></g></l></v></tfr></token><token id="584870" text="и"><tfr rev_id="1417944" t="и"><v><l id="116949" t="и"><g v="CONJ"></g></l></v><v><l id="116950" t="и"><g v="INTJ"></g></l></v></tfr></token><token id="584871" text="аэропортов"><tfr rev_id="1417945" t="аэропортов"><v><l id="21366" t="аэропорт"><g v="NOUN"></g><g v="inan"></g><g v="masc"></g><g v="plur"></g><g v="gent"></g></l></v></tfr></token><token id="584872" text="ни"><tfr rev_id="1417946" t="ни"><v><l id="190307" t="ни"><g v="CONJ"></g></l></v><v><l id="190308" t="ни"><g v="PRCL"></g></l></v></tfr></token><token id="584873" text="в"><tfr rev_id="1417947" t="в"><v><l id="37409" t="в"><g v="PREP"></g></l></v></tfr></token><token id="584874" text="коем"><tfr rev_id="3342724" t="коем"><v><l id="135584" t="кой"><g v="ADJF"></g><g v="Apro"></g><g v="masc"></g><g v="sing"></g><g v="loct"></g></l></v></tfr></token><token id="584875" text="случае"><tfr rev_id="1417949" t="случае"><v><l id="325472" t="случай"><g v="NOUN"></g><g v="inan"></g><g v="masc"></g><g v="sing"></g><g v="loct"></g></l></v></tfr></token><token id="584876" text="не"><tfr rev_id="1417950" t="не"><v><l id="178876" t="не"><g v="PRCL"></g></l></v></tfr></token><token id="584877" text="будут"><tfr rev_id="1417951" t="будут"><v><l id="37265" t="есть"><g v="VERB"></g><g v="impf"></g><g v="intr"></g><g v="plur"></g><g v="3per"></g><g v="futr"></g><g v="indc"></g></l></v></tfr></token><token id="584878" text="включены"><tfr rev_id="1417952" t="включены"><v><l id="46214" t="включён"><g v="PRTS"></g><g v="perf"></g><g v="past"></g><g v="pssv"></g><g v="plur"></g></l></v></tfr></token><token id="584879" text="в"><tfr rev_id="1417953" t="в"><v><l id="37409" t="в"><g v="PREP"></g></l></v></tfr></token><token id="584880" text="расходы"><tfr rev_id="3727273" t="расходы"><v><l id="303036" t="расход"><g v="NOUN"></g><g v="inan"></g><g v="masc"></g><g v="plur"></g><g v="accs"></g></l></v></tfr></token><token id="584881" text="на"><tfr rev_id="3396059" t="на"><v><l id="166264" t="на"><g v="PREP"></g></l></v></tfr></token><token id="584882" text="проведение"><tfr rev_id="4105896" t="проведение"><v><l id="277705" t="проведение"><g v="NOUN"></g><g v="inan"></g><g v="neut"></g><g v="sing"></g><g v="accs"></g></l></v></tfr></token><token id="584883" text="турнира"><tfr rev_id="1417957" t="турнира"><v><l id="351849" t="турнир"><g v="NOUN"></g><g v="inan"></g><g v="masc"></g><g v="sing"></g><g v="gent"></g></l></v></tfr></token><token id="584884" text=","><tfr rev_id="1417958" t=","><v><l id="0" t=","><g v="PNCT"></g></l></v></tfr></token><token id="584885" text="так"><tfr rev_id="1417959" t="так"><v><l id="342451" t="так"><g v="CONJ"></g></l></v><v><l id="342452" t="так"><g v="PRCL"></g></l></v><v><l id="342453" t="так"><g v="ADVB"></g><g v="Dmns"></g></l></v></tfr></token><token id="584886" text="как"><tfr rev_id="1417960" t="как"><v><l id="128190" t="как"><g v="CONJ"></g></l></v><v><l id="128191" t="как"><g v="PRCL"></g></l></v><v><l id="128192" t="как"><g v="ADVB"></g><g v="Ques"></g></l></v></tfr></token><token id="584887" text="эти"><tfr rev_id="4446137" t="эти"><v><l id="386581" t="этот"><g v="ADJF"></g><g v="Subx"></g><g v="Apro"></g><g v="Anph"></g><g v="plur"></g><g v="nomn"></g></l></v></tfr></token><token id="584888" text="объекты"><tfr rev_id="2931014" t="объекты"><v><l id="201809" t="объект"><g v="NOUN"></g><g v="inan"></g><g v="masc"></g><g v="plur"></g><g v="nomn"></g></l></v></tfr></token><token id="584889" text="в"><tfr rev_id="1417963" t="в"><v><l id="37409" t="в"><g v="PREP"></g></l></v></tfr></token><token id="584890" text="любом"><tfr rev_id="4208971" t="любом"><v><l id="152026" t="любой"><g v="ADJF"></g><g v="Apro"></g><g v="masc"></g><g v="sing"></g><g v="loct"></g></l></v></tfr></token><token id="584891" text="случае"><tfr rev_id="1417965" t="случае"><v><l id="325472" t="случай"><g v="NOUN"></g><g v="inan"></g><g v="masc"></g><g v="sing"></g><g v="loct"></g></l></v></tfr></token><token id="584892" text="нуждаются"><tfr rev_id="1417966" t="нуждаются"><v><l id="192572" t="нуждаюсь"><g v="VERB"></g><g v="impf"></g><g v="intr"></g><g v="plur"></g><g v="3per"></g><g v="pres"></g><g v="indc"></g></l></v></tfr></token><token id="584893" text="в"><tfr rev_id="1417967" t="в"><v><l id="37409" t="в"><g v="PREP"></g></l></v></tfr></token><token id="584894" text="возведении"><tfr rev_id="1417968" t="возведении"><v><l id="48731" t="возведение"><g v="NOUN"></g><g v="inan"></g><g v="neut"></g><g v="sing"></g><g v="loct"></g></l></v></tfr></token><token id="584895" text=","><tfr rev_id="1417969" t=","><v><l id="0" t=","><g v="PNCT"></g></l></v></tfr></token><token id="584896" text="и"><tfr rev_id="1417970" t="и"><v><l id="116949" t="и"><g v="CONJ"></g></l></v><v><l id="116950" t="и"><g v="INTJ"></g></l></v></tfr></token><token id="584897" text="спортивное"><tfr rev_id="1417971" t="спортивное"><v><l id="332798" t="спортивный"><g v="ADJF"></g><g v="Qual"></g><g v="neut"></g><g v="sing"></g><g v="nomn"></g></l></v><v><l id="332798" t="спортивный"><g v="ADJF"></g><g v="Qual"></g><g v="neut"></g><g v="sing"></g><g v="accs"></g></l></v></tfr></token><token id="584898" text="первенство"><tfr rev_id="3230359" t="первенство"><v><l id="226198" t="первенство"><g v="NOUN"></g><g v="inan"></g><g v="neut"></g><g v="sing"></g><g v="nomn"></g></l></v></tfr></token><token id="584899" text="попросту"><tfr rev_id="1417973" t="попросту"><v><l id="259635" t="попросту"><g v="ADVB"></g></l></v></tfr></token><token id="584900" text="выступит"><tfr rev_id="1417974" t="выступит"><v><l id="62885" t="выступил"><g v="VERB"></g><g v="perf"></g><g v="intr"></g><g v="sing"></g><g v="3per"></g><g v="futr"></g><g v="indc"></g></l></v></tfr></token><token id="584901" text="«"><tfr rev_id="2442965" t="«"><v><l id="0" t="«"><g v="PNCT"></g></l></v></tfr></token><token id="584902" text="катализатором"><tfr rev_id="1417976" t="катализатором"><v><l id="131160" t="катализатор"><g v="NOUN"></g><g v="inan"></g><g v="masc"></g><g v="sing"></g><g v="ablt"></g></l></v></tfr></token><token id="584903" text="»"><tfr rev_id="2442966" t="»"><v><l id="0" t="»"><g v="PNCT"></g></l></v></tfr></token><token id="584904" text="строительных"><tfr rev_id="3945611" t="строительных"><v><l id="337667" t="строительный"><g v="ADJF"></g><g v="plur"></g><g v="gent"></g></l></v></tfr></token><token id="584905" text="работ"><tfr rev_id="1417979" t="работ"><v><l id="290501" t="работа"><g v="NOUN"></g><g v="inan"></g><g v="femn"></g><g v="plur"></g><g v="gent"></g></l></v></tfr></token><token id="584906" text="."><tfr rev_id="1417980" t="."><v><l id="0" t="."><g v="PNCT"></g></l></v></tfr></token></tokens></sentence><sentence id="32657"><source>Именно поэтому Минспорттуризма выделит отдельной строкой смету на проведение самого чемпионата.</source><tokens><token id="584907" text="Именно"><tfr rev_id="1417981" t="Именно"><v><l id="121584" t="именно"><g v="PRCL"></g></l></v></tfr></token><token id="584908" text="поэтому"><tfr rev_id="1417982" t="поэтому"><v><l id="265490" t="поэтому"><g v="ADVB"></g></l></v></tfr></token><token id="584909" text="Минспорттуризма"><tfr rev_id="1417983" t="Минспорттуризма"><v><l id="0" t="минспорттуризма"><g v="UNKN"></g></l></v></tfr></token><token id="584910" text="выделит"><tfr rev_id="1417984" t="выделит"><v><l id="57031" t="выделил"><g v="VERB"></g><g v="perf"></g><g v="tran"></g><g v="sing"></g><g v="3per"></g><g v="futr"></g><g v="indc"></g></l></v></tfr></token><token id="584911" text="отдельной"><tfr rev_id="3284615" t="отдельной"><v><l id="213415" t="отдельный"><g v="ADJF"></g><g v="Qual"></g><g v="femn"></g><g v="sing"></g><g v="ablt"></g></l></v></tfr></token><token id="584912" text="строкой"><tfr rev_id="1417986" t="строкой"><v><l id="337767" t="строка"><g v="NOUN"></g><g v="inan"></g><g v="femn"></g><g v="sing"></g><g v="ablt"></g></l></v></tfr></token><token id="584913" text="смету"><tfr rev_id="1715884" t="смету"><v><l id="326205" t="смета"><g v="NOUN"></g><g v="inan"></g><g v="femn"></g><g v="sing"></g><g v="accs"></g></l></v></tfr></token><token id="584914" text="на"><tfr rev_id="3330636" t="на"><v><l id="166264" t="на"><g v="PREP"></g></l></v></tfr></token><token id="584915" text="проведение"><tfr rev_id="2782571" t="проведение"><v><l id="277705" t="проведение"><g v="NOUN"></g><g v="inan"></g><g v="neut"></g><g v="sing"></g><g v="accs"></g></l></v></tfr></token><token id="584916" text="самого"><tfr rev_id="3550651" t="самого"><v><l id="312034" t="сам"><g v="ADJF"></g><g v="Apro"></g><g v="masc"></g><g v="sing"></g><g v="gent"></g></l></v><v><l id="313174" t="самый"><g v="ADJF"></g><g v="Apro"></g><g v="masc"></g><g v="sing"></g><g v="gent"></g></l></v></tfr></token><token id="584917" text="чемпионата"><tfr rev_id="1417991" t="чемпионата"><v><l id="375186" t="чемпионат"><g v="NOUN"></g><g v="inan"></g><g v="masc"></g><g v="sing"></g><g v="gent"></g></l></v></tfr></token><token id="584918" text="."><tfr rev_id="1417992" t="."><v><l id="0" t="."><g v="PNCT"></g></l></v></tfr></token></tokens></sentence><sentence id="32658"><source>Она составляет 299,39 млрд рублей.</source><tokens><token id="584919" text="Она"><tfr rev_id="3586445" t="Она"><v><l id="206544" t="она"><g v="NPRO"></g><g v="femn"></g><g v="3per"></g><g v="Anph"></g><g v="sing"></g><g v="nomn"></g></l></v></tfr></token><token id="584920" text="составляет"><tfr rev_id="1417994" t="составляет"><v><l id="330494" t="составляю"><g v="VERB"></g><g v="impf"></g><g v="tran"></g><g v="sing"></g><g v="3per"></g><g v="pres"></g><g v="indc"></g></l></v></tfr></token><token id="584921" text="299,39"><tfr rev_id="2461341" t="299,39"><v><l id="0" t="299,39"><g v="NUMB"></g></l></v></tfr></token><token id="584922" text="млрд"><tfr rev_id="4165582" t="млрд"><v><l id="389048" t="млрд"><g v="NOUN"></g><g v="inan"></g><g v="masc"></g><g v="Fixd"></g><g v="Abbr"></g><g v="plur"></g><g v="nomn"></g></l></v><v><l id="389048" t="млрд"><g v="NOUN"></g><g v="inan"></g><g v="masc"></g><g v="Fixd"></g><g v="Abbr"></g><g v="plur"></g><g v="gent"></g></l></v><v><l id="389048" t="млрд"><g v="NOUN"></g><g v="inan"></g><g v="masc"></g><g v="Fixd"></g><g v="Abbr"></g><g v="plur"></g><g v="datv"></g></l></v><v><l id="389048" t="млрд"><g v="NOUN"></g><g v="inan"></g><g v="masc"></g><g v="Fixd"></g><g v="Abbr"></g><g v="plur"></g><g v="accs"></g></l></v><v><l id="389048" t="млрд"><g v="NOUN"></g><g v="inan"></g><g v="masc"></g><g v="Fixd"></g><g v="Abbr"></g><g v="plur"></g><g v="ablt"></g></l></v><v><l id="389048" t="млрд"><g v="NOUN"></g><g v="inan"></g><g v="masc"></g><g v="Fixd"></g><g v="Abbr"></g><g v="plur"></g><g v="loct"></g></l></v></tfr></token><token id="584923" text="рублей"><tfr rev_id="1417997" t="рублей"><v><l id="309744" t="рубль"><g v="NOUN"></g><g v="inan"></g><g v="masc"></g><g v="plur"></g><g v="gent"></g></l></v></tfr></token><token id="584924" text="."><tfr rev_id="1417998" t="."><v><l id="0" t="."><g v="PNCT"></g></l></v></tfr></token></tokens></sentence></paragraph><paragraph id="10408"><sentence id="32659"><source>О том, кто и сколько заработал на предыдущем мундиале, читайте в статье Частного корреспондента «Мяч в икре»</source><tokens><token id="584925" text="О"><tfr rev_id="3417328" t="О"><v><l id="192977" t="о"><g v="PREP"></g></l></v></tfr></token><token id="584926" text="том"><tfr rev_id="4399841" t="том"><v><l id="348430" t="тот"><g v="ADJF"></g><g v="Subx"></g><g v="Apro"></g><g v="Anph"></g><g v="neut"></g><g v="sing"></g><g v="loct"></g></l></v></tfr></token><token id="584927" text=","><tfr rev_id="1418001" t=","><v><l id="0" t=","><g v="PNCT"></g></l></v></tfr></token><token id="584928" text="кто"><tfr rev_id="1418002" t="кто"><v><l id="144216" t="кто"><g v="NPRO"></g><g v="masc"></g><g v="sing"></g><g v="nomn"></g></l></v></tfr></token><token id="584929" text="и"><tfr rev_id="3880502" t="и"><v><l id="116949" t="и"><g v="CONJ"></g></l></v></tfr></token><token id="584930" text="сколько"><tfr rev_id="4516636" t="сколько"><v><l id="322911" t="сколько"><g v="NUMR"></g><g v="nomn"></g></l></v><v><l id="322911" t="сколько"><g v="NUMR"></g><g v="inan"></g><g v="accs"></g></l></v><v><l id="388694" t="сколько"><g v="CONJ"></g></l></v><v><l id="390965" t="сколько"><g v="ADVB"></g></l></v></tfr></token><token id="584931" text="заработал"><tfr rev_id="1418005" t="заработал"><v><l id="108485" t="заработал"><g v="VERB"></g><g v="perf"></g><g v="tran"></g><g v="masc"></g><g v="sing"></g><g v="past"></g><g v="indc"></g></l></v><v><l id="108491" t="заработал"><g v="VERB"></g><g v="perf"></g><g v="intr"></g><g v="masc"></g><g v="sing"></g><g v="past"></g><g v="indc"></g></l></v></tfr></token><token id="584932" text="на"><tfr rev_id="3475098" t="на"><v><l id="166264" t="на"><g v="PREP"></g></l></v></tfr></token><token id="584933" text="предыдущем"><tfr rev_id="4165329" t="предыдущем"><v><l id="267383" t="предыдущий"><g v="ADJF"></g><g v="masc"></g><g v="sing"></g><g v="loct"></g></l></v></tfr></token><token id="584934" text="мундиале"><tfr rev_id="4533839" t="мундиале"><v><l id="392593" t="мундиаль"><g v="NOUN"></g><g v="inan"></g><g v="masc"></g><g v="sing"></g><g v="loct"></g></l></v></tfr></token><token id="584935" text=","><tfr rev_id="1418009" t=","><v><l id="0" t=","><g v="PNCT"></g></l></v></tfr></token><token id="584936" text="читайте"><tfr rev_id="1418010" t="читайте"><v><l id="376719" t="читаю"><g v="VERB"></g><g v="impf"></g><g v="tran"></g><g v="plur"></g><g v="impr"></g><g v="excl"></g></l></v></tfr></token><token id="584937" text="в"><tfr rev_id="1418011" t="в"><v><l id="37409" t="в"><g v="PREP"></g></l></v></tfr></token><token id="584938" text="статье"><tfr rev_id="2737648" t="статье"><v><l id="335173" t="статья"><g v="NOUN"></g><g v="inan"></g><g v="femn"></g><g v="sing"></g><g v="loct"></g></l></v></tfr></token><token id="584939" text="Частного"><tfr rev_id="4176250" t="Частного"><v><l id="374795" t="частный"><g v="ADJF"></g><g v="Qual"></g><g v="masc"></g><g v="sing"></g><g v="gent"></g></l></v><v><l id="374795" t="частный"><g v="ADJF"></g><g v="Qual"></g><g v="anim"></g><g v="masc"></g><g v="sing"></g><g v="accs"></g></l></v><v><l id="374795" t="частный"><g v="ADJF"></g><g v="Qual"></g><g v="neut"></g><g v="sing"></g><g v="gent"></g></l></v></tfr></token><token id="584940" text="корреспондента"><tfr rev_id="4461579" t="корреспондента"><v><l id="140239" t="корреспондент"><g v="NOUN"></g><g v="anim"></g><g v="masc"></g><g v="sing"></g><g v="gent"></g></l></v></tfr></token><token id="584941" text="«"><tfr rev_id="2442967" t="«"><v><l id="0" t="«"><g v="PNCT"></g></l></v></tfr></token><token id="584942" text="Мяч"><tfr rev_id="3497502" t="Мяч"><v><l id="166248" t="мяч"><g v="NOUN"></g><g v="inan"></g><g v="masc"></g><g v="sing"></g><g v="nomn"></g></l></v></tfr></token><token id="584943" text="в"><tfr rev_id="1418017" t="в"><v><l id="37409" t="в"><g v="PREP"></g></l></v></tfr></token><token id="584944" text="икре"><tfr rev_id="1718579" t="икре"><v><l id="121079" t="икра"><g v="NOUN"></g><g v="inan"></g><g v="femn"></g><g v="sing"></g><g v="loct"></g></l></v></tfr></token><token id="584945" text="»"><tfr rev_id="2442968" t="»"><v><l id="0" t="»"><g v="PNCT"></g></l></v></tfr></token></tokens></sentence></paragraph></paragraphs></text>