<?xml version="1.0" encoding="utf-8"?><text id="1083" parent="56" name="Илюмжинов и Кок основали компанию «Глобал чесс» (Global Chess)"><tags><tag>url:http://ru.wikinews.org/w/index.php?title=Илюмжинов_и_Кок_основали_компанию_«Глобал_чесс»_(Global_Chess)&amp;oldid=57476</tag><tag>Автор:http://ru.wikinews.org/wiki/Участник:Ygrek</tag><tag>Дата:23/12</tag><tag>Год:2006</tag><tag>Тема:ВикиКатегория:Шахматы</tag><tag>Гео:ВикиКатегория:Чехия</tag></tags><paragraphs><paragraph id="10503"><sentence id="32991"><source>Они противостояли друг другу во время президентских выборов в июне 2006 года.</source><tokens><token id="591161" text="Они"><tfr rev_id="3599359" t="Они"><v><l id="206619" t="они"><g v="NPRO"></g><g v="3per"></g><g v="Anph"></g><g v="plur"></g><g v="nomn"></g></l></v></tfr></token><token id="591162" text="противостояли"><tfr rev_id="1424233" t="противостояли"><v><l id="286160" t="противостою"><g v="VERB"></g><g v="impf"></g><g v="intr"></g><g v="plur"></g><g v="past"></g><g v="indc"></g></l></v></tfr></token><token id="591163" text="друг"><tfr rev_id="1424234" t="друг"><v><l id="92341" t="друг"><g v="NOUN"></g><g v="anim"></g><g v="masc"></g><g v="sing"></g><g v="nomn"></g></l></v></tfr></token><token id="591164" text="другу"><tfr rev_id="1424235" t="другу"><v><l id="92341" t="друг"><g v="NOUN"></g><g v="anim"></g><g v="masc"></g><g v="sing"></g><g v="datv"></g></l></v></tfr></token><token id="591165" text="во"><tfr rev_id="2920225" t="во"><v><l id="37409" t="в"><g v="PREP"></g><g v="Vpre"></g></l></v></tfr></token><token id="591166" text="время"><tfr rev_id="3506530" t="время"><v><l id="53149" t="время"><g v="NOUN"></g><g v="inan"></g><g v="neut"></g><g v="sing"></g><g v="accs"></g></l></v></tfr></token><token id="591167" text="президентских"><tfr rev_id="4402597" t="президентских"><v><l id="267451" t="президентский"><g v="ADJF"></g><g v="plur"></g><g v="gent"></g></l></v></tfr></token><token id="591168" text="выборов"><tfr rev_id="4512726" t="выборов"><v><l id="55749" t="выборы"><g v="NOUN"></g><g v="inan"></g><g v="GNdr"></g><g v="Pltm"></g><g v="plur"></g><g v="gent"></g></l></v></tfr></token><token id="591169" text="в"><tfr rev_id="1424240" t="в"><v><l id="37409" t="в"><g v="PREP"></g></l></v></tfr></token><token id="591170" text="июне"><tfr rev_id="1424241" t="июне"><v><l id="127302" t="июнь"><g v="NOUN"></g><g v="inan"></g><g v="masc"></g><g v="sing"></g><g v="loct"></g></l></v></tfr></token><token id="591171" text="2006"><tfr rev_id="2461434" t="2006"><v><l id="0" t="2006"><g v="NUMB"></g></l></v></tfr></token><token id="591172" text="года"><tfr rev_id="3438069" t="года"><v><l id="72149" t="год"><g v="NOUN"></g><g v="inan"></g><g v="masc"></g><g v="sing"></g><g v="gen1"></g></l></v></tfr></token><token id="591173" text="."><tfr rev_id="1424244" t="."><v><l id="0" t="."><g v="PNCT"></g></l></v></tfr></token></tokens></sentence><sentence id="32992"><source>Тогда выиграл Илюмжинов, но ему настолько понравилась программа его соперника, что он вместе с ним основал компанию с 10-и миллионным капиталом.</source><tokens><token id="591174" text="Тогда"><tfr rev_id="1424245" t="Тогда"><v><l id="346921" t="тогда"><g v="ADVB"></g><g v="Dmns"></g></l></v></tfr></token><token id="591175" text="выиграл"><tfr rev_id="1424246" t="выиграл"><v><l id="57698" t="выиграл"><g v="VERB"></g><g v="perf"></g><g v="tran"></g><g v="masc"></g><g v="sing"></g><g v="past"></g><g v="indc"></g></l></v></tfr></token><token id="591176" text="Илюмжинов"><tfr rev_id="1424247" t="Илюмжинов"><v><l id="121490" t="илюмжинов"><g v="NOUN"></g><g v="anim"></g><g v="masc"></g><g v="Sgtm"></g><g v="Surn"></g><g v="sing"></g><g v="nomn"></g></l></v></tfr></token><token id="591177" text=","><tfr rev_id="1424248" t=","><v><l id="0" t=","><g v="PNCT"></g></l></v></tfr></token><token id="591178" text="но"><tfr rev_id="1424249" t="но"><v><l id="191429" t="но"><g v="CONJ"></g></l></v><v><l id="191430" t="но"><g v="INTJ"></g></l></v></tfr></token><token id="591179" text="ему"><tfr rev_id="4528890" t="ему"><v><l id="206541" t="он"><g v="NPRO"></g><g v="masc"></g><g v="3per"></g><g v="Anph"></g><g v="sing"></g><g v="datv"></g></l></v><v><l id="206649" t="оно"><g v="NPRO"></g><g v="neut"></g><g v="3per"></g><g v="Anph"></g><g v="sing"></g><g v="datv"></g></l></v></tfr></token><token id="591180" text="настолько"><tfr rev_id="1424251" t="настолько"><v><l id="176093" t="настолько"><g v="ADVB"></g><g v="Dmns"></g></l></v></tfr></token><token id="591181" text="понравилась"><tfr rev_id="1424252" t="понравилась"><v><l id="258554" t="понравился"><g v="VERB"></g><g v="perf"></g><g v="intr"></g><g v="femn"></g><g v="sing"></g><g v="past"></g><g v="indc"></g></l></v></tfr></token><token id="591182" text="программа"><tfr rev_id="1424253" t="программа"><v><l id="278686" t="программа"><g v="NOUN"></g><g v="inan"></g><g v="femn"></g><g v="sing"></g><g v="nomn"></g></l></v></tfr></token><token id="591183" text="его"><tfr rev_id="4472892" t="его"><v><l id="94208" t="его"><g v="ADJF"></g><g v="Fixd"></g><g v="Apro"></g><g v="Anph"></g><g v="masc"></g><g v="sing"></g><g v="nomn"></g></l></v><v><l id="94208" t="его"><g v="ADJF"></g><g v="Fixd"></g><g v="Apro"></g><g v="Anph"></g><g v="masc"></g><g v="sing"></g><g v="gent"></g></l></v><v><l id="94208" t="его"><g v="ADJF"></g><g v="Fixd"></g><g v="Apro"></g><g v="Anph"></g><g v="masc"></g><g v="sing"></g><g v="datv"></g></l></v><v><l id="94208" t="его"><g v="ADJF"></g><g v="Fixd"></g><g v="Apro"></g><g v="Anph"></g><g v="masc"></g><g v="sing"></g><g v="accs"></g></l></v><v><l id="94208" t="его"><g v="ADJF"></g><g v="Fixd"></g><g v="Apro"></g><g v="Anph"></g><g v="masc"></g><g v="sing"></g><g v="ablt"></g></l></v><v><l id="94208" t="его"><g v="ADJF"></g><g v="Fixd"></g><g v="Apro"></g><g v="Anph"></g><g v="masc"></g><g v="sing"></g><g v="loct"></g></l></v><v><l id="94208" t="его"><g v="ADJF"></g><g v="Fixd"></g><g v="Apro"></g><g v="Anph"></g><g v="femn"></g><g v="sing"></g><g v="nomn"></g></l></v><v><l id="94208" t="его"><g v="ADJF"></g><g v="Fixd"></g><g v="Apro"></g><g v="Anph"></g><g v="femn"></g><g v="sing"></g><g v="gent"></g></l></v><v><l id="94208" t="его"><g v="ADJF"></g><g v="Fixd"></g><g v="Apro"></g><g v="Anph"></g><g v="femn"></g><g v="sing"></g><g v="datv"></g></l></v><v><l id="94208" t="его"><g v="ADJF"></g><g v="Fixd"></g><g v="Apro"></g><g v="Anph"></g><g v="femn"></g><g v="sing"></g><g v="accs"></g></l></v><v><l id="94208" t="его"><g v="ADJF"></g><g v="Fixd"></g><g v="Apro"></g><g v="Anph"></g><g v="femn"></g><g v="sing"></g><g v="ablt"></g></l></v><v><l id="94208" t="его"><g v="ADJF"></g><g v="Fixd"></g><g v="Apro"></g><g v="Anph"></g><g v="femn"></g><g v="sing"></g><g v="loct"></g></l></v><v><l id="94208" t="его"><g v="ADJF"></g><g v="Fixd"></g><g v="Apro"></g><g v="Anph"></g><g v="neut"></g><g v="sing"></g><g v="nomn"></g></l></v><v><l id="94208" t="его"><g v="ADJF"></g><g v="Fixd"></g><g v="Apro"></g><g v="Anph"></g><g v="neut"></g><g v="sing"></g><g v="gent"></g></l></v><v><l id="94208" t="его"><g v="ADJF"></g><g v="Fixd"></g><g v="Apro"></g><g v="Anph"></g><g v="neut"></g><g v="sing"></g><g v="datv"></g></l></v><v><l id="94208" t="его"><g v="ADJF"></g><g v="Fixd"></g><g v="Apro"></g><g v="Anph"></g><g v="neut"></g><g v="sing"></g><g v="accs"></g></l></v><v><l id="94208" t="его"><g v="ADJF"></g><g v="Fixd"></g><g v="Apro"></g><g v="Anph"></g><g v="neut"></g><g v="sing"></g><g v="ablt"></g></l></v><v><l id="94208" t="его"><g v="ADJF"></g><g v="Fixd"></g><g v="Apro"></g><g v="Anph"></g><g v="neut"></g><g v="sing"></g><g v="loct"></g></l></v></tfr></token><token id="591184" text="соперника"><tfr rev_id="3302514" t="соперника"><v><l id="329690" t="соперник"><g v="NOUN"></g><g v="anim"></g><g v="masc"></g><g v="sing"></g><g v="gent"></g></l></v></tfr></token><token id="591185" text=","><tfr rev_id="1424256" t=","><v><l id="0" t=","><g v="PNCT"></g></l></v></tfr></token><token id="591186" text="что"><tfr rev_id="3196716" t="что"><v><l id="377004" t="что"><g v="CONJ"></g></l></v><v><l id="377005" t="что"><g v="NPRO"></g><g v="neut"></g><g v="sing"></g><g v="nomn"></g></l></v><v><l id="377005" t="что"><g v="NPRO"></g><g v="neut"></g><g v="sing"></g><g v="accs"></g></l></v><v><l id="377006" t="что"><g v="ADVB"></g><g v="Ques"></g></l></v><v><l id="388695" t="что"><g v="PRCL"></g></l></v></tfr></token><token id="591187" text="он"><tfr rev_id="3575542" t="он"><v><l id="206541" t="он"><g v="NPRO"></g><g v="masc"></g><g v="3per"></g><g v="Anph"></g><g v="sing"></g><g v="nomn"></g></l></v></tfr></token><token id="591188" text="вместе"><tfr rev_id="1424259" t="вместе"><v><l id="47122" t="вместе"><g v="ADVB"></g></l></v></tfr></token><token id="591189" text="с"><tfr rev_id="1424260" t="с"><v><l id="311151" t="с"><g v="PREP"></g></l></v></tfr></token><token id="591190" text="ним"><tfr rev_id="4530899" t="ним"><v><l id="206541" t="он"><g v="NPRO"></g><g v="masc"></g><g v="3per"></g><g v="Anph"></g><g v="sing"></g><g v="ablt"></g><g v="Af-p"></g></l></v><v><l id="206649" t="оно"><g v="NPRO"></g><g v="neut"></g><g v="3per"></g><g v="Anph"></g><g v="sing"></g><g v="ablt"></g><g v="Af-p"></g></l></v></tfr></token><token id="591191" text="основал"><tfr rev_id="1424262" t="основал"><v><l id="210584" t="основал"><g v="VERB"></g><g v="perf"></g><g v="tran"></g><g v="masc"></g><g v="sing"></g><g v="past"></g><g v="indc"></g></l></v></tfr></token><token id="591192" text="компанию"><tfr rev_id="1424263" t="компанию"><v><l id="137146" t="компания"><g v="NOUN"></g><g v="inan"></g><g v="femn"></g><g v="sing"></g><g v="accs"></g></l></v></tfr></token><token id="591193" text="с"><tfr rev_id="1424264" t="с"><v><l id="311151" t="с"><g v="PREP"></g></l></v></tfr></token><token id="591194" text="10-и"><tfr rev_id="1424265" t="10-и"><v><l id="0" t="10-и"><g v="UNKN"></g></l></v></tfr></token><token id="591195" text="миллионным"><tfr rev_id="4299197" t="миллионным"><v><l id="160264" t="миллионный"><g v="ADJF"></g><g v="Anum"></g><g v="masc"></g><g v="sing"></g><g v="ablt"></g></l></v></tfr></token><token id="591196" text="капиталом"><tfr rev_id="1424267" t="капиталом"><v><l id="129700" t="капитал"><g v="NOUN"></g><g v="inan"></g><g v="masc"></g><g v="sing"></g><g v="ablt"></g></l></v></tfr></token><token id="591197" text="."><tfr rev_id="1424268" t="."><v><l id="0" t="."><g v="PNCT"></g></l></v></tfr></token></tokens></sentence><sentence id="32993"><source>Эта компания будет ответственна за все главные мероприятия ФИДЕ, и за связанные с шахматами проекты.</source><tokens><token id="591198" text="Эта"><tfr rev_id="4437195" t="Эта"><v><l id="386581" t="этот"><g v="ADJF"></g><g v="Subx"></g><g v="Apro"></g><g v="Anph"></g><g v="femn"></g><g v="sing"></g><g v="nomn"></g></l></v></tfr></token><token id="591199" text="компания"><tfr rev_id="1424270" t="компания"><v><l id="137146" t="компания"><g v="NOUN"></g><g v="inan"></g><g v="femn"></g><g v="sing"></g><g v="nomn"></g></l></v></tfr></token><token id="591200" text="будет"><tfr rev_id="1424271" t="будет"><v><l id="37265" t="есть"><g v="VERB"></g><g v="impf"></g><g v="intr"></g><g v="sing"></g><g v="3per"></g><g v="futr"></g><g v="indc"></g></l></v></tfr></token><token id="591201" text="ответственна"><tfr rev_id="1424272" t="ответственна"><v><l id="212444" t="ответствен"><g v="ADJS"></g><g v="Qual"></g><g v="femn"></g><g v="sing"></g></l></v></tfr></token><token id="591202" text="за"><tfr rev_id="1424273" t="за"><v><l id="98043" t="за"><g v="PREP"></g></l></v></tfr></token><token id="591203" text="все"><tfr rev_id="4538130" t="все"><v><l id="42156" t="весь"><g v="ADJF"></g><g v="Subx"></g><g v="Apro"></g><g v="inan"></g><g v="plur"></g><g v="accs"></g></l></v><v><l id="42156" t="весь"><g v="ADJF"></g><g v="Subx"></g><g v="Apro"></g><g v="plur"></g><g v="nomn"></g></l></v></tfr></token><token id="591204" text="главные"><tfr rev_id="4195433" t="главные"><v><l id="70842" t="главный"><g v="ADJF"></g><g v="Qual"></g><g v="plur"></g><g v="nomn"></g></l></v><v><l id="70842" t="главный"><g v="ADJF"></g><g v="Qual"></g><g v="inan"></g><g v="plur"></g><g v="accs"></g></l></v></tfr></token><token id="591205" text="мероприятия"><tfr rev_id="3797896" t="мероприятия"><v><l id="158644" t="мероприятие"><g v="NOUN"></g><g v="inan"></g><g v="neut"></g><g v="plur"></g><g v="accs"></g></l></v></tfr></token><token id="591206" text="ФИДЕ"><tfr rev_id="4138249" t="ФИДЕ"><v><l id="388633" t="фиде"><g v="NOUN"></g><g v="inan"></g><g v="femn"></g><g v="Sgtm"></g><g v="Fixd"></g><g v="Abbr"></g><g v="Orgn"></g><g v="sing"></g><g v="gent"></g></l></v></tfr></token><token id="591207" text=","><tfr rev_id="1424278" t=","><v><l id="0" t=","><g v="PNCT"></g></l></v></tfr></token><token id="591208" text="и"><tfr rev_id="1424279" t="и"><v><l id="116949" t="и"><g v="CONJ"></g></l></v><v><l id="116950" t="и"><g v="INTJ"></g></l></v></tfr></token><token id="591209" text="за"><tfr rev_id="1424280" t="за"><v><l id="98043" t="за"><g v="PREP"></g></l></v></tfr></token><token id="591210" text="связанные"><tfr rev_id="1424281" t="связанные"><v><l id="316527" t="связанный"><g v="ADJF"></g><g v="Qual"></g><g v="plur"></g><g v="nomn"></g></l></v><v><l id="316527" t="связанный"><g v="ADJF"></g><g v="Qual"></g><g v="inan"></g><g v="plur"></g><g v="accs"></g></l></v><v><l id="316533" t="связанный"><g v="PRTF"></g><g v="perf"></g><g v="tran"></g><g v="past"></g><g v="pssv"></g><g v="plur"></g><g v="nomn"></g></l></v><v><l id="316533" t="связанный"><g v="PRTF"></g><g v="perf"></g><g v="tran"></g><g v="past"></g><g v="pssv"></g><g v="inan"></g><g v="plur"></g><g v="accs"></g></l></v></tfr></token><token id="591211" text="с"><tfr rev_id="1424282" t="с"><v><l id="311151" t="с"><g v="PREP"></g></l></v></tfr></token><token id="591212" text="шахматами"><tfr rev_id="1424283" t="шахматами"><v><l id="378578" t="шахматы"><g v="NOUN"></g><g v="inan"></g><g v="GNdr"></g><g v="Pltm"></g><g v="plur"></g><g v="ablt"></g></l></v></tfr></token><token id="591213" text="проекты"><tfr rev_id="3749432" t="проекты"><v><l id="279545" t="проект"><g v="NOUN"></g><g v="inan"></g><g v="masc"></g><g v="plur"></g><g v="accs"></g></l></v></tfr></token><token id="591214" text="."><tfr rev_id="1424285" t="."><v><l id="0" t="."><g v="PNCT"></g></l></v></tfr></token></tokens></sentence><sentence id="32994"><source>Новая дирекция для шахматного мира.</source><tokens><token id="591215" text="Новая"><tfr rev_id="1424286" t="Новая"><v><l id="191918" t="новый"><g v="ADJF"></g><g v="Qual"></g><g v="femn"></g><g v="sing"></g><g v="nomn"></g></l></v></tfr></token><token id="591216" text="дирекция"><tfr rev_id="1424287" t="дирекция"><v><l id="84229" t="дирекция"><g v="NOUN"></g><g v="inan"></g><g v="femn"></g><g v="sing"></g><g v="nomn"></g></l></v></tfr></token><token id="591217" text="для"><tfr rev_id="3442389" t="для"><v><l id="85032" t="для"><g v="PREP"></g></l></v></tfr></token><token id="591218" text="шахматного"><tfr rev_id="3481731" t="шахматного"><v><l id="378575" t="шахматный"><g v="ADJF"></g><g v="Qual"></g><g v="masc"></g><g v="sing"></g><g v="gent"></g></l></v><v><l id="378575" t="шахматный"><g v="ADJF"></g><g v="Qual"></g><g v="anim"></g><g v="masc"></g><g v="sing"></g><g v="accs"></g></l></v></tfr></token><token id="591219" text="мира"><tfr rev_id="3717753" t="мира"><v><l id="160807" t="мир"><g v="NOUN"></g><g v="inan"></g><g v="masc"></g><g v="sing"></g><g v="gen1"></g></l></v></tfr></token><token id="591220" text="."><tfr rev_id="1424291" t="."><v><l id="0" t="."><g v="PNCT"></g></l></v></tfr></token></tokens></sentence></paragraph><paragraph id="10504"><sentence id="32995"><source>Меморандум о взаимопонимании между Кирсаном Илюмжиновым и Бесселем Коком в Праге.</source><tokens><token id="591221" text="Меморандум"><tfr rev_id="4095539" t="Меморандум"><v><l id="158286" t="меморандум"><g v="NOUN"></g><g v="inan"></g><g v="masc"></g><g v="sing"></g><g v="nomn"></g></l></v></tfr></token><token id="591222" text="о"><tfr rev_id="3327156" t="о"><v><l id="192977" t="о"><g v="PREP"></g></l></v></tfr></token><token id="591223" text="взаимопонимании"><tfr rev_id="1424294" t="взаимопонимании"><v><l id="42671" t="взаимопонимание"><g v="NOUN"></g><g v="inan"></g><g v="neut"></g><g v="sing"></g><g v="loct"></g></l></v></tfr></token><token id="591224" text="между"><tfr rev_id="1424295" t="между"><v><l id="157306" t="между"><g v="PREP"></g></l></v></tfr></token><token id="591225" text="Кирсаном"><tfr rev_id="1424296" t="Кирсаном"><v><l id="133430" t="кирсан"><g v="NOUN"></g><g v="anim"></g><g v="masc"></g><g v="Name"></g><g v="sing"></g><g v="ablt"></g></l></v></tfr></token><token id="591226" text="Илюмжиновым"><tfr rev_id="3431768" t="Илюмжиновым"><v><l id="121490" t="илюмжинов"><g v="NOUN"></g><g v="anim"></g><g v="masc"></g><g v="Sgtm"></g><g v="Surn"></g><g v="sing"></g><g v="ablt"></g></l></v></tfr></token><token id="591227" text="и"><tfr rev_id="3724411" t="и"><v><l id="116949" t="и"><g v="CONJ"></g></l></v></tfr></token><token id="591228" text="Бесселем"><tfr rev_id="1424299" t="Бесселем"><v><l id="0" t="бесселем"><g v="UNKN"></g></l></v></tfr></token><token id="591229" text="Коком"><tfr rev_id="4575294" t="Коком"><v><l id="135601" t="кок"><g v="NOUN"></g><g v="anim"></g><g v="masc"></g><g v="sing"></g><g v="ablt"></g></l></v><v><l id="390942" t="кок"><g v="NOUN"></g><g v="anim"></g><g v="masc"></g><g v="Sgtm"></g><g v="Surn"></g><g v="sing"></g><g v="ablt"></g></l></v></tfr></token><token id="591230" text="в"><tfr rev_id="1424301" t="в"><v><l id="37409" t="в"><g v="PREP"></g></l></v></tfr></token><token id="591231" text="Праге"><tfr rev_id="3557854" t="Праге"><v><l id="265803" t="прага"><g v="NOUN"></g><g v="inan"></g><g v="femn"></g><g v="Sgtm"></g><g v="Geox"></g><g v="sing"></g><g v="loct"></g></l></v></tfr></token><token id="591232" text="."><tfr rev_id="1424303" t="."><v><l id="0" t="."><g v="PNCT"></g></l></v></tfr></token></tokens></sentence></paragraph><paragraph id="10505"><sentence id="32996"><source>Президент ФИДЕ Кирсан Илюмжинов и г-н Бессель Кок счастливы сообщить, что 21 декабря 2006 года на встрече в Праге был подписан меморандум о взаимопонимании.</source><tokens><token id="591233" text="Президент"><tfr rev_id="1424304" t="Президент"><v><l id="267449" t="президент"><g v="NOUN"></g><g v="anim"></g><g v="masc"></g><g v="sing"></g><g v="nomn"></g></l></v></tfr></token><token id="591234" text="ФИДЕ"><tfr rev_id="3652892" t="ФИДЕ"><v><l id="388633" t="фиде"><g v="NOUN"></g><g v="inan"></g><g v="femn"></g><g v="Sgtm"></g><g v="Fixd"></g><g v="Abbr"></g><g v="Orgn"></g><g v="sing"></g><g v="gent"></g></l></v></tfr></token><token id="591235" text="Кирсан"><tfr rev_id="1424306" t="Кирсан"><v><l id="133430" t="кирсан"><g v="NOUN"></g><g v="anim"></g><g v="masc"></g><g v="Name"></g><g v="sing"></g><g v="nomn"></g></l></v></tfr></token><token id="591236" text="Илюмжинов"><tfr rev_id="1424307" t="Илюмжинов"><v><l id="121490" t="илюмжинов"><g v="NOUN"></g><g v="anim"></g><g v="masc"></g><g v="Sgtm"></g><g v="Surn"></g><g v="sing"></g><g v="nomn"></g></l></v></tfr></token><token id="591237" text="и"><tfr rev_id="4106793" t="и"><v><l id="116949" t="и"><g v="CONJ"></g></l></v></tfr></token><token id="591238" text="г-н"><tfr rev_id="3718893" t="г-н"><v><l id="65247" t="г-н"><g v="NOUN"></g><g v="anim"></g><g v="masc"></g><g v="Sgtm"></g><g v="Abbr"></g><g v="sing"></g><g v="nomn"></g></l></v></tfr></token><token id="591239" text="Бессель"><tfr rev_id="1424310" t="Бессель"><v><l id="0" t="бессель"><g v="UNKN"></g></l></v></tfr></token><token id="591240" text="Кок"><tfr rev_id="4575284" t="Кок"><v><l id="135601" t="кок"><g v="NOUN"></g><g v="anim"></g><g v="masc"></g><g v="sing"></g><g v="nomn"></g></l></v><v><l id="135602" t="кок"><g v="NOUN"></g><g v="inan"></g><g v="masc"></g><g v="sing"></g><g v="nomn"></g></l></v><v><l id="135602" t="кок"><g v="NOUN"></g><g v="inan"></g><g v="masc"></g><g v="sing"></g><g v="accs"></g></l></v><v><l id="390942" t="кок"><g v="NOUN"></g><g v="anim"></g><g v="masc"></g><g v="Sgtm"></g><g v="Surn"></g><g v="sing"></g><g v="nomn"></g></l></v></tfr></token><token id="591241" text="счастливы"><tfr rev_id="1424312" t="счастливы"><v><l id="341185" t="счастлив"><g v="ADJS"></g><g v="Qual"></g><g v="plur"></g></l></v></tfr></token><token id="591242" text="сообщить"><tfr rev_id="1424313" t="сообщить"><v><l id="329557" t="сообщить"><g v="INFN"></g><g v="perf"></g><g v="tran"></g></l></v></tfr></token><token id="591243" text=","><tfr rev_id="1424314" t=","><v><l id="0" t=","><g v="PNCT"></g></l></v></tfr></token><token id="591244" text="что"><tfr rev_id="3196717" t="что"><v><l id="377004" t="что"><g v="CONJ"></g></l></v><v><l id="377005" t="что"><g v="NPRO"></g><g v="neut"></g><g v="sing"></g><g v="nomn"></g></l></v><v><l id="377005" t="что"><g v="NPRO"></g><g v="neut"></g><g v="sing"></g><g v="accs"></g></l></v><v><l id="377006" t="что"><g v="ADVB"></g><g v="Ques"></g></l></v><v><l id="388695" t="что"><g v="PRCL"></g></l></v></tfr></token><token id="591245" text="21"><tfr rev_id="2461435" t="21"><v><l id="0" t="21"><g v="NUMB"></g></l></v></tfr></token><token id="591246" text="декабря"><tfr rev_id="1424317" t="декабря"><v><l id="80133" t="декабрь"><g v="NOUN"></g><g v="inan"></g><g v="masc"></g><g v="sing"></g><g v="gent"></g></l></v></tfr></token><token id="591247" text="2006"><tfr rev_id="2461436" t="2006"><v><l id="0" t="2006"><g v="NUMB"></g></l></v></tfr></token><token id="591248" text="года"><tfr rev_id="3476246" t="года"><v><l id="72149" t="год"><g v="NOUN"></g><g v="inan"></g><g v="masc"></g><g v="sing"></g><g v="gen1"></g></l></v></tfr></token><token id="591249" text="на"><tfr rev_id="3343297" t="на"><v><l id="166264" t="на"><g v="PREP"></g></l></v></tfr></token><token id="591250" text="встрече"><tfr rev_id="3226299" t="встрече"><v><l id="54530" t="встреча"><g v="NOUN"></g><g v="inan"></g><g v="femn"></g><g v="sing"></g><g v="loct"></g></l></v></tfr></token><token id="591251" text="в"><tfr rev_id="1424322" t="в"><v><l id="37409" t="в"><g v="PREP"></g></l></v></tfr></token><token id="591252" text="Праге"><tfr rev_id="2605779" t="Праге"><v><l id="265803" t="прага"><g v="NOUN"></g><g v="inan"></g><g v="femn"></g><g v="Sgtm"></g><g v="Geox"></g><g v="sing"></g><g v="loct"></g></l></v></tfr></token><token id="591253" text="был"><tfr rev_id="1424324" t="был"><v><l id="37265" t="есть"><g v="VERB"></g><g v="impf"></g><g v="intr"></g><g v="masc"></g><g v="sing"></g><g v="past"></g><g v="indc"></g></l></v></tfr></token><token id="591254" text="подписан"><tfr rev_id="1424325" t="подписан"><v><l id="248887" t="подписан"><g v="PRTS"></g><g v="perf"></g><g v="past"></g><g v="pssv"></g><g v="masc"></g><g v="sing"></g></l></v></tfr></token><token id="591255" text="меморандум"><tfr rev_id="1424326" t="меморандум"><v><l id="158286" t="меморандум"><g v="NOUN"></g><g v="inan"></g><g v="masc"></g><g v="sing"></g><g v="nomn"></g></l></v><v><l id="158286" t="меморандум"><g v="NOUN"></g><g v="inan"></g><g v="masc"></g><g v="sing"></g><g v="accs"></g></l></v></tfr></token><token id="591256" text="о"><tfr rev_id="3284169" t="о"><v><l id="192977" t="о"><g v="PREP"></g></l></v></tfr></token><token id="591257" text="взаимопонимании"><tfr rev_id="1424328" t="взаимопонимании"><v><l id="42671" t="взаимопонимание"><g v="NOUN"></g><g v="inan"></g><g v="neut"></g><g v="sing"></g><g v="loct"></g></l></v></tfr></token><token id="591258" text="."><tfr rev_id="1424329" t="."><v><l id="0" t="."><g v="PNCT"></g></l></v></tfr></token></tokens></sentence><sentence id="32997"><source>Партнёры договорились основать компанию под названием «Глобал чесс» (Global Chess BV), которая будет базироваться в Амстердаме (Нидерланды).</source><tokens><token id="591259" text="Партнёры"><tfr rev_id="1424330" t="Партнёры"><v><l id="224438" t="партнёр"><g v="NOUN"></g><g v="anim"></g><g v="masc"></g><g v="plur"></g><g v="nomn"></g></l></v></tfr></token><token id="591260" text="договорились"><tfr rev_id="1424331" t="договорились"><v><l id="86275" t="договорился"><g v="VERB"></g><g v="perf"></g><g v="intr"></g><g v="plur"></g><g v="past"></g><g v="indc"></g></l></v></tfr></token><token id="591261" text="основать"><tfr rev_id="1424332" t="основать"><v><l id="210585" t="основать"><g v="INFN"></g><g v="perf"></g><g v="tran"></g></l></v></tfr></token><token id="591262" text="компанию"><tfr rev_id="1424333" t="компанию"><v><l id="137146" t="компания"><g v="NOUN"></g><g v="inan"></g><g v="femn"></g><g v="sing"></g><g v="accs"></g></l></v></tfr></token><token id="591263" text="под"><tfr rev_id="2603064" t="под"><v><l id="243755" t="под"><g v="PREP"></g></l></v></tfr></token><token id="591264" text="названием"><tfr rev_id="1424335" t="названием"><v><l id="170336" t="название"><g v="NOUN"></g><g v="inan"></g><g v="neut"></g><g v="sing"></g><g v="ablt"></g></l></v></tfr></token><token id="591265" text="«"><tfr rev_id="2443261" t="«"><v><l id="0" t="«"><g v="PNCT"></g></l></v></tfr></token><token id="591266" text="Глобал"><tfr rev_id="1424337" t="Глобал"><v><l id="0" t="глобал"><g v="UNKN"></g></l></v></tfr></token><token id="591267" text="чесс"><tfr rev_id="1424338" t="чесс"><v><l id="0" t="чесс"><g v="UNKN"></g></l></v></tfr></token><token id="591268" text="»"><tfr rev_id="2443262" t="»"><v><l id="0" t="»"><g v="PNCT"></g></l></v></tfr></token><token id="591269" text="("><tfr rev_id="1424340" t="("><v><l id="0" t="("><g v="PNCT"></g></l></v></tfr></token><token id="591270" text="Global"><tfr rev_id="2474538" t="Global"><v><l id="0" t="Global"><g v="LATN"></g></l></v></tfr></token><token id="591271" text="Chess"><tfr rev_id="2474539" t="Chess"><v><l id="0" t="Chess"><g v="LATN"></g></l></v></tfr></token><token id="591272" text="BV"><tfr rev_id="2474540" t="BV"><v><l id="0" t="BV"><g v="LATN"></g></l></v></tfr></token><token id="591273" text=")"><tfr rev_id="1424344" t=")"><v><l id="0" t=")"><g v="PNCT"></g></l></v></tfr></token><token id="591274" text=","><tfr rev_id="1424345" t=","><v><l id="0" t=","><g v="PNCT"></g></l></v></tfr></token><token id="591275" text="которая"><tfr rev_id="3639802" t="которая"><v><l id="141203" t="который"><g v="ADJF"></g><g v="Apro"></g><g v="Subx"></g><g v="Anph"></g><g v="femn"></g><g v="sing"></g><g v="nomn"></g></l></v></tfr></token><token id="591276" text="будет"><tfr rev_id="1424347" t="будет"><v><l id="37265" t="есть"><g v="VERB"></g><g v="impf"></g><g v="intr"></g><g v="sing"></g><g v="3per"></g><g v="futr"></g><g v="indc"></g></l></v></tfr></token><token id="591277" text="базироваться"><tfr rev_id="1424348" t="базироваться"><v><l id="22242" t="базироваться"><g v="INFN"></g><g v="impf"></g><g v="intr"></g></l></v></tfr></token><token id="591278" text="в"><tfr rev_id="1424349" t="в"><v><l id="37409" t="в"><g v="PREP"></g></l></v></tfr></token><token id="591279" text="Амстердаме"><tfr rev_id="1424350" t="Амстердаме"><v><l id="11984" t="амстердам"><g v="NOUN"></g><g v="inan"></g><g v="masc"></g><g v="Geox"></g><g v="sing"></g><g v="loct"></g></l></v></tfr></token><token id="591280" text="("><tfr rev_id="1424351" t="("><v><l id="0" t="("><g v="PNCT"></g></l></v></tfr></token><token id="591281" text="Нидерланды"><tfr rev_id="3284735" t="Нидерланды"><v><l id="190384" t="нидерланды"><g v="NOUN"></g><g v="inan"></g><g v="GNdr"></g><g v="Pltm"></g><g v="Geox"></g><g v="plur"></g><g v="nomn"></g></l></v></tfr></token><token id="591282" text=")"><tfr rev_id="1424353" t=")"><v><l id="0" t=")"><g v="PNCT"></g></l></v></tfr></token><token id="591283" text="."><tfr rev_id="1424354" t="."><v><l id="0" t="."><g v="PNCT"></g></l></v></tfr></token></tokens></sentence><sentence id="56747"><source>Были одобрены пятилетний бизнес-план, бюджет и проект устава новой компании.</source><tokens><token id="591284" text="Были"><tfr rev_id="1715519" t="Были"><v><l id="37265" t="есть"><g v="VERB"></g><g v="impf"></g><g v="intr"></g><g v="plur"></g><g v="past"></g><g v="indc"></g></l></v></tfr></token><token id="591285" text="одобрены"><tfr rev_id="1424356" t="одобрены"><v><l id="203499" t="одобрен"><g v="PRTS"></g><g v="perf"></g><g v="past"></g><g v="pssv"></g><g v="plur"></g></l></v></tfr></token><token id="591286" text="пятилетний"><tfr rev_id="4429026" t="пятилетний"><v><l id="390542" t="пятилетний"><g v="ADJF"></g><g v="inan"></g><g v="masc"></g><g v="sing"></g><g v="accs"></g></l></v><v><l id="390542" t="пятилетний"><g v="ADJF"></g><g v="masc"></g><g v="sing"></g><g v="nomn"></g></l></v></tfr></token><token id="591287" text="бизнес-план"><tfr rev_id="3478106" t="бизнес-план"><v><l id="29445" t="бизнес-план"><g v="NOUN"></g><g v="inan"></g><g v="masc"></g><g v="sing"></g><g v="nomn"></g></l></v></tfr></token><token id="591288" text=","><tfr rev_id="1424359" t=","><v><l id="0" t=","><g v="PNCT"></g></l></v></tfr></token><token id="591289" text="бюджет"><tfr rev_id="4103947" t="бюджет"><v><l id="37326" t="бюджет"><g v="NOUN"></g><g v="inan"></g><g v="masc"></g><g v="sing"></g><g v="nomn"></g></l></v></tfr></token><token id="591290" text="и"><tfr rev_id="4208352" t="и"><v><l id="116949" t="и"><g v="CONJ"></g></l></v></tfr></token><token id="591291" text="проект"><tfr rev_id="1424362" t="проект"><v><l id="279545" t="проект"><g v="NOUN"></g><g v="inan"></g><g v="masc"></g><g v="sing"></g><g v="nomn"></g></l></v><v><l id="279545" t="проект"><g v="NOUN"></g><g v="inan"></g><g v="masc"></g><g v="sing"></g><g v="accs"></g></l></v></tfr></token><token id="591292" text="устава"><tfr rev_id="1424363" t="устава"><v><l id="360912" t="устав"><g v="NOUN"></g><g v="inan"></g><g v="masc"></g><g v="sing"></g><g v="gent"></g></l></v></tfr></token><token id="591293" text="новой"><tfr rev_id="4316303" t="новой"><v><l id="191918" t="новый"><g v="ADJF"></g><g v="Qual"></g><g v="femn"></g><g v="sing"></g><g v="gent"></g></l></v></tfr></token><token id="591294" text="компании"><tfr rev_id="3887802" t="компании"><v><l id="137146" t="компания"><g v="NOUN"></g><g v="inan"></g><g v="femn"></g><g v="sing"></g><g v="gent"></g></l></v></tfr></token><token id="591295" text="."><tfr rev_id="1424366" t="."><v><l id="0" t="."><g v="PNCT"></g></l></v></tfr></token></tokens></sentence></paragraph><paragraph id="10506"><sentence id="32998"><source>За исключением тех соревнований, по которым ФИДЕ уже имеет контракты с организаторами, «Глобал чесс» будет ответственной за маркетинг, развитие и продвижение всех турниров и матчей ФИДЕ, связанных с циклами первенств мира среди мужчин, женщин, молодежи и юниоров.</source><tokens><token id="591296" text="За"><tfr rev_id="1424367" t="За"><v><l id="98043" t="за"><g v="PREP"></g></l></v></tfr></token><token id="591297" text="исключением"><tfr rev_id="1424368" t="исключением"><v><l id="124356" t="исключение"><g v="NOUN"></g><g v="inan"></g><g v="neut"></g><g v="sing"></g><g v="ablt"></g></l></v></tfr></token><token id="591298" text="тех"><tfr rev_id="4198009" t="тех"><v><l id="348430" t="тот"><g v="ADJF"></g><g v="Subx"></g><g v="Apro"></g><g v="Anph"></g><g v="plur"></g><g v="gent"></g></l></v></tfr></token><token id="591299" text="соревнований"><tfr rev_id="1424370" t="соревнований"><v><l id="330012" t="соревнование"><g v="NOUN"></g><g v="inan"></g><g v="neut"></g><g v="plur"></g><g v="gent"></g></l></v></tfr></token><token id="591300" text=","><tfr rev_id="1424371" t=","><v><l id="0" t=","><g v="PNCT"></g></l></v></tfr></token><token id="591301" text="по"><tfr rev_id="1424372" t="по"><v><l id="241240" t="по"><g v="PREP"></g></l></v></tfr></token><token id="591302" text="которым"><tfr rev_id="3860946" t="которым"><v><l id="141203" t="который"><g v="ADJF"></g><g v="Apro"></g><g v="Subx"></g><g v="Anph"></g><g v="plur"></g><g v="datv"></g></l></v></tfr></token><token id="591303" text="ФИДЕ"><tfr rev_id="4153677" t="ФИДЕ"><v><l id="388633" t="фиде"><g v="NOUN"></g><g v="inan"></g><g v="femn"></g><g v="Sgtm"></g><g v="Fixd"></g><g v="Abbr"></g><g v="Orgn"></g><g v="sing"></g><g v="nomn"></g></l></v></tfr></token><token id="591304" text="уже"><tfr rev_id="2692693" t="уже"><v><l id="355422" t="уж"><g v="NOUN"></g><g v="anim"></g><g v="masc"></g><g v="sing"></g><g v="loct"></g></l></v><v><l id="355498" t="уже"><g v="ADVB"></g></l></v><v><l id="355674" t="уже"><g v="COMP"></g><g v="Qual"></g></l></v><v><l id="388673" t="уже"><g v="PRCL"></g></l></v></tfr></token><token id="591305" text="имеет"><tfr rev_id="1424376" t="имеет"><v><l id="121610" t="имею"><g v="VERB"></g><g v="impf"></g><g v="tran"></g><g v="sing"></g><g v="3per"></g><g v="pres"></g><g v="indc"></g></l></v></tfr></token><token id="591306" text="контракты"><tfr rev_id="3727628" t="контракты"><v><l id="138412" t="контракт"><g v="NOUN"></g><g v="inan"></g><g v="masc"></g><g v="plur"></g><g v="accs"></g></l></v></tfr></token><token id="591307" text="с"><tfr rev_id="1424378" t="с"><v><l id="311151" t="с"><g v="PREP"></g></l></v></tfr></token><token id="591308" text="организаторами"><tfr rev_id="1424379" t="организаторами"><v><l id="208741" t="организатор"><g v="NOUN"></g><g v="anim"></g><g v="masc"></g><g v="plur"></g><g v="ablt"></g></l></v></tfr></token><token id="591309" text=","><tfr rev_id="1424380" t=","><v><l id="0" t=","><g v="PNCT"></g></l></v></tfr></token><token id="591310" text="«"><tfr rev_id="2443263" t="«"><v><l id="0" t="«"><g v="PNCT"></g></l></v></tfr></token><token id="591311" text="Глобал"><tfr rev_id="1424382" t="Глобал"><v><l id="0" t="глобал"><g v="UNKN"></g></l></v></tfr></token><token id="591312" text="чесс"><tfr rev_id="1424383" t="чесс"><v><l id="0" t="чесс"><g v="UNKN"></g></l></v></tfr></token><token id="591313" text="»"><tfr rev_id="2443264" t="»"><v><l id="0" t="»"><g v="PNCT"></g></l></v></tfr></token><token id="591314" text="будет"><tfr rev_id="1424385" t="будет"><v><l id="37265" t="есть"><g v="VERB"></g><g v="impf"></g><g v="intr"></g><g v="sing"></g><g v="3per"></g><g v="futr"></g><g v="indc"></g></l></v></tfr></token><token id="591315" text="ответственной"><tfr rev_id="4159599" t="ответственной"><v><l id="212443" t="ответственный"><g v="ADJF"></g><g v="Qual"></g><g v="femn"></g><g v="sing"></g><g v="ablt"></g></l></v></tfr></token><token id="591316" text="за"><tfr rev_id="1424387" t="за"><v><l id="98043" t="за"><g v="PREP"></g></l></v></tfr></token><token id="591317" text="маркетинг"><tfr rev_id="4095953" t="маркетинг"><v><l id="155287" t="маркетинг"><g v="NOUN"></g><g v="inan"></g><g v="masc"></g><g v="sing"></g><g v="accs"></g></l></v></tfr></token><token id="591318" text=","><tfr rev_id="1424389" t=","><v><l id="0" t=","><g v="PNCT"></g></l></v></tfr></token><token id="591319" text="развитие"><tfr rev_id="3702334" t="развитие"><v><l id="292545" t="развитие"><g v="NOUN"></g><g v="inan"></g><g v="neut"></g><g v="sing"></g><g v="accs"></g></l></v></tfr></token><token id="591320" text="и"><tfr rev_id="1424391" t="и"><v><l id="116949" t="и"><g v="CONJ"></g></l></v><v><l id="116950" t="и"><g v="INTJ"></g></l></v></tfr></token><token id="591321" text="продвижение"><tfr rev_id="3465989" t="продвижение"><v><l id="278994" t="продвижение"><g v="NOUN"></g><g v="inan"></g><g v="neut"></g><g v="sing"></g><g v="accs"></g></l></v></tfr></token><token id="591322" text="всех"><tfr rev_id="4356144" t="всех"><v><l id="42156" t="весь"><g v="ADJF"></g><g v="Subx"></g><g v="Apro"></g><g v="plur"></g><g v="gent"></g></l></v></tfr></token><token id="591323" text="турниров"><tfr rev_id="1424394" t="турниров"><v><l id="351849" t="турнир"><g v="NOUN"></g><g v="inan"></g><g v="masc"></g><g v="plur"></g><g v="gent"></g></l></v></tfr></token><token id="591324" text="и"><tfr rev_id="1424395" t="и"><v><l id="116949" t="и"><g v="CONJ"></g></l></v><v><l id="116950" t="и"><g v="INTJ"></g></l></v></tfr></token><token id="591325" text="матчей"><tfr rev_id="1424396" t="матчей"><v><l id="156440" t="матч"><g v="NOUN"></g><g v="inan"></g><g v="masc"></g><g v="plur"></g><g v="gent"></g></l></v></tfr></token><token id="591326" text="ФИДЕ"><tfr rev_id="4285672" t="ФИДЕ"><v><l id="388633" t="фиде"><g v="NOUN"></g><g v="inan"></g><g v="femn"></g><g v="Sgtm"></g><g v="Fixd"></g><g v="Abbr"></g><g v="Orgn"></g><g v="sing"></g><g v="gent"></g></l></v></tfr></token><token id="591327" text=","><tfr rev_id="1424398" t=","><v><l id="0" t=","><g v="PNCT"></g></l></v></tfr></token><token id="591328" text="связанных"><tfr rev_id="1424399" t="связанных"><v><l id="316527" t="связанный"><g v="ADJF"></g><g v="Qual"></g><g v="plur"></g><g v="gent"></g></l></v><v><l id="316527" t="связанный"><g v="ADJF"></g><g v="Qual"></g><g v="anim"></g><g v="plur"></g><g v="accs"></g></l></v><v><l id="316527" t="связанный"><g v="ADJF"></g><g v="Qual"></g><g v="plur"></g><g v="loct"></g></l></v><v><l id="316533" t="связанный"><g v="PRTF"></g><g v="perf"></g><g v="tran"></g><g v="past"></g><g v="pssv"></g><g v="plur"></g><g v="gent"></g></l></v><v><l id="316533" t="связанный"><g v="PRTF"></g><g v="perf"></g><g v="tran"></g><g v="past"></g><g v="pssv"></g><g v="anim"></g><g v="plur"></g><g v="accs"></g></l></v><v><l id="316533" t="связанный"><g v="PRTF"></g><g v="perf"></g><g v="tran"></g><g v="past"></g><g v="pssv"></g><g v="plur"></g><g v="loct"></g></l></v></tfr></token><token id="591329" text="с"><tfr rev_id="1424400" t="с"><v><l id="311151" t="с"><g v="PREP"></g></l></v></tfr></token><token id="591330" text="циклами"><tfr rev_id="1424401" t="циклами"><v><l id="373831" t="цикл"><g v="NOUN"></g><g v="inan"></g><g v="masc"></g><g v="plur"></g><g v="ablt"></g></l></v></tfr></token><token id="591331" text="первенств"><tfr rev_id="1424402" t="первенств"><v><l id="226198" t="первенство"><g v="NOUN"></g><g v="inan"></g><g v="neut"></g><g v="plur"></g><g v="gent"></g></l></v></tfr></token><token id="591332" text="мира"><tfr rev_id="3723439" t="мира"><v><l id="160807" t="мир"><g v="NOUN"></g><g v="inan"></g><g v="masc"></g><g v="sing"></g><g v="gen1"></g></l></v></tfr></token><token id="591333" text="среди"><tfr rev_id="1424404" t="среди"><v><l id="333473" t="среди"><g v="PREP"></g></l></v></tfr></token><token id="591334" text="мужчин"><tfr rev_id="4382635" t="мужчин"><v><l id="164766" t="мужчина"><g v="NOUN"></g><g v="anim"></g><g v="masc"></g><g v="plur"></g><g v="gent"></g></l></v></tfr></token><token id="591335" text=","><tfr rev_id="1424406" t=","><v><l id="0" t=","><g v="PNCT"></g></l></v></tfr></token><token id="591336" text="женщин"><tfr rev_id="4383127" t="женщин"><v><l id="96749" t="женщина"><g v="NOUN"></g><g v="anim"></g><g v="femn"></g><g v="plur"></g><g v="gent"></g></l></v></tfr></token><token id="591337" text=","><tfr rev_id="1424408" t=","><v><l id="0" t=","><g v="PNCT"></g></l></v></tfr></token><token id="591338" text="молодежи"><tfr rev_id="4291578" t="молодежи"><v><l id="162804" t="молодёжь"><g v="NOUN"></g><g v="inan"></g><g v="femn"></g><g v="sing"></g><g v="gent"></g></l></v></tfr></token><token id="591339" text="и"><tfr rev_id="1424410" t="и"><v><l id="116949" t="и"><g v="CONJ"></g></l></v><v><l id="116950" t="и"><g v="INTJ"></g></l></v></tfr></token><token id="591340" text="юниоров"><tfr rev_id="4358758" t="юниоров"><v><l id="387043" t="юниор"><g v="NOUN"></g><g v="anim"></g><g v="masc"></g><g v="plur"></g><g v="gent"></g></l></v></tfr></token><token id="591341" text="."><tfr rev_id="1424412" t="."><v><l id="0" t="."><g v="PNCT"></g></l></v></tfr></token></tokens></sentence></paragraph><paragraph id="10507"><sentence id="32999"><source>Компания будет также действовать как инвестор для, связанных с шахматами, проектов, которые будут выбираться правлением после детального технико-экономических обоснования.</source><tokens><token id="591342" text="Компания"><tfr rev_id="1424413" t="Компания"><v><l id="137146" t="компания"><g v="NOUN"></g><g v="inan"></g><g v="femn"></g><g v="sing"></g><g v="nomn"></g></l></v></tfr></token><token id="591343" text="будет"><tfr rev_id="1424414" t="будет"><v><l id="37265" t="есть"><g v="VERB"></g><g v="impf"></g><g v="intr"></g><g v="sing"></g><g v="3per"></g><g v="futr"></g><g v="indc"></g></l></v></tfr></token><token id="591344" text="также"><tfr rev_id="4267694" t="также"><v><l id="342482" t="также"><g v="PRCL"></g></l></v></tfr></token><token id="591345" text="действовать"><tfr rev_id="1424416" t="действовать"><v><l id="80104" t="действовать"><g v="INFN"></g><g v="impf"></g><g v="intr"></g></l></v></tfr></token><token id="591346" text="как"><tfr rev_id="1424417" t="как"><v><l id="128190" t="как"><g v="CONJ"></g></l></v><v><l id="128191" t="как"><g v="PRCL"></g></l></v><v><l id="128192" t="как"><g v="ADVB"></g><g v="Ques"></g></l></v></tfr></token><token id="591347" text="инвестор"><tfr rev_id="1424418" t="инвестор"><v><l id="122092" t="инвестор"><g v="NOUN"></g><g v="anim"></g><g v="masc"></g><g v="sing"></g><g v="nomn"></g></l></v></tfr></token><token id="591348" text="для"><tfr rev_id="3452936" t="для"><v><l id="85032" t="для"><g v="PREP"></g></l></v></tfr></token><token id="591349" text=","><tfr rev_id="1424420" t=","><v><l id="0" t=","><g v="PNCT"></g></l></v></tfr></token><token id="591350" text="связанных"><tfr rev_id="1424421" t="связанных"><v><l id="316527" t="связанный"><g v="ADJF"></g><g v="Qual"></g><g v="plur"></g><g v="gent"></g></l></v><v><l id="316527" t="связанный"><g v="ADJF"></g><g v="Qual"></g><g v="anim"></g><g v="plur"></g><g v="accs"></g></l></v><v><l id="316527" t="связанный"><g v="ADJF"></g><g v="Qual"></g><g v="plur"></g><g v="loct"></g></l></v><v><l id="316533" t="связанный"><g v="PRTF"></g><g v="perf"></g><g v="tran"></g><g v="past"></g><g v="pssv"></g><g v="plur"></g><g v="gent"></g></l></v><v><l id="316533" t="связанный"><g v="PRTF"></g><g v="perf"></g><g v="tran"></g><g v="past"></g><g v="pssv"></g><g v="anim"></g><g v="plur"></g><g v="accs"></g></l></v><v><l id="316533" t="связанный"><g v="PRTF"></g><g v="perf"></g><g v="tran"></g><g v="past"></g><g v="pssv"></g><g v="plur"></g><g v="loct"></g></l></v></tfr></token><token id="591351" text="с"><tfr rev_id="1424422" t="с"><v><l id="311151" t="с"><g v="PREP"></g></l></v></tfr></token><token id="591352" text="шахматами"><tfr rev_id="1424423" t="шахматами"><v><l id="378578" t="шахматы"><g v="NOUN"></g><g v="inan"></g><g v="GNdr"></g><g v="Pltm"></g><g v="plur"></g><g v="ablt"></g></l></v></tfr></token><token id="591353" text=","><tfr rev_id="1424424" t=","><v><l id="0" t=","><g v="PNCT"></g></l></v></tfr></token><token id="591354" text="проектов"><tfr rev_id="1424425" t="проектов"><v><l id="279545" t="проект"><g v="NOUN"></g><g v="inan"></g><g v="masc"></g><g v="plur"></g><g v="gent"></g></l></v></tfr></token><token id="591355" text=","><tfr rev_id="1424426" t=","><v><l id="0" t=","><g v="PNCT"></g></l></v></tfr></token><token id="591356" text="которые"><tfr rev_id="3767342" t="которые"><v><l id="141203" t="который"><g v="ADJF"></g><g v="Apro"></g><g v="Subx"></g><g v="Anph"></g><g v="plur"></g><g v="nomn"></g></l></v></tfr></token><token id="591357" text="будут"><tfr rev_id="1424428" t="будут"><v><l id="37265" t="есть"><g v="VERB"></g><g v="impf"></g><g v="intr"></g><g v="plur"></g><g v="3per"></g><g v="futr"></g><g v="indc"></g></l></v></tfr></token><token id="591358" text="выбираться"><tfr rev_id="1424429" t="выбираться"><v><l id="55647" t="выбираться"><g v="INFN"></g><g v="impf"></g><g v="intr"></g></l></v></tfr></token><token id="591359" text="правлением"><tfr rev_id="1424430" t="правлением"><v><l id="265668" t="правление"><g v="NOUN"></g><g v="inan"></g><g v="neut"></g><g v="sing"></g><g v="ablt"></g></l></v></tfr></token><token id="591360" text="после"><tfr rev_id="4407401" t="после"><v><l id="261542" t="после"><g v="PREP"></g></l></v></tfr></token><token id="591361" text="детального"><tfr rev_id="3454499" t="детального"><v><l id="82153" t="детальный"><g v="ADJF"></g><g v="Qual"></g><g v="neut"></g><g v="sing"></g><g v="gent"></g></l></v></tfr></token><token id="591362" text="технико-экономических"><tfr rev_id="1424433" t="технико-экономических"><v><l id="345939" t="технико-экономический"><g v="ADJF"></g><g v="plur"></g><g v="gent"></g></l></v><v><l id="345939" t="технико-экономический"><g v="ADJF"></g><g v="anim"></g><g v="plur"></g><g v="accs"></g></l></v><v><l id="345939" t="технико-экономический"><g v="ADJF"></g><g v="plur"></g><g v="loct"></g></l></v></tfr></token><token id="591363" text="обоснования"><tfr rev_id="3468949" t="обоснования"><v><l id="198583" t="обоснование"><g v="NOUN"></g><g v="inan"></g><g v="neut"></g><g v="sing"></g><g v="gent"></g></l></v></tfr></token><token id="591364" text="."><tfr rev_id="1424435" t="."><v><l id="0" t="."><g v="PNCT"></g></l></v></tfr></token></tokens></sentence><sentence id="33000"><source>Области, которые будут рассматриваться — тренировочные школы (академии), программное обеспечение, проекты в СМИ, которые помогут сделать шахматы более популярными во всём мире.</source><tokens><token id="591365" text="Области"><tfr rev_id="3726924" t="Области"><v><l id="196229" t="область"><g v="NOUN"></g><g v="inan"></g><g v="femn"></g><g v="plur"></g><g v="nomn"></g></l></v></tfr></token><token id="591366" text=","><tfr rev_id="1424437" t=","><v><l id="0" t=","><g v="PNCT"></g></l></v></tfr></token><token id="591367" text="которые"><tfr rev_id="3817254" t="которые"><v><l id="141203" t="который"><g v="ADJF"></g><g v="Apro"></g><g v="Subx"></g><g v="Anph"></g><g v="plur"></g><g v="nomn"></g></l></v></tfr></token><token id="591368" text="будут"><tfr rev_id="1424439" t="будут"><v><l id="37265" t="есть"><g v="VERB"></g><g v="impf"></g><g v="intr"></g><g v="plur"></g><g v="3per"></g><g v="futr"></g><g v="indc"></g></l></v></tfr></token><token id="591369" text="рассматриваться"><tfr rev_id="1424440" t="рассматриваться"><v><l id="301132" t="рассматриваться"><g v="INFN"></g><g v="impf"></g><g v="intr"></g></l></v></tfr></token><token id="591370" text="—"><tfr rev_id="2443265" t="—"><v><l id="0" t="—"><g v="PNCT"></g></l></v></tfr></token><token id="591371" text="тренировочные"><tfr rev_id="4086235" t="тренировочные"><v><l id="349660" t="тренировочный"><g v="ADJF"></g><g v="plur"></g><g v="nomn"></g></l></v></tfr></token><token id="591372" text="школы"><tfr rev_id="3800542" t="школы"><v><l id="380220" t="школа"><g v="NOUN"></g><g v="inan"></g><g v="femn"></g><g v="plur"></g><g v="nomn"></g></l></v></tfr></token><token id="591373" text="("><tfr rev_id="1424444" t="("><v><l id="0" t="("><g v="PNCT"></g></l></v></tfr></token><token id="591374" text="академии"><tfr rev_id="3795511" t="академии"><v><l id="6770" t="академия"><g v="NOUN"></g><g v="inan"></g><g v="femn"></g><g v="plur"></g><g v="nomn"></g></l></v></tfr></token><token id="591375" text=")"><tfr rev_id="1424446" t=")"><v><l id="0" t=")"><g v="PNCT"></g></l></v></tfr></token><token id="591376" text=","><tfr rev_id="1424447" t=","><v><l id="0" t=","><g v="PNCT"></g></l></v></tfr></token><token id="591377" text="программное"><tfr rev_id="1424448" t="программное"><v><l id="278710" t="программный"><g v="ADJF"></g><g v="neut"></g><g v="sing"></g><g v="nomn"></g></l></v><v><l id="278710" t="программный"><g v="ADJF"></g><g v="neut"></g><g v="sing"></g><g v="accs"></g></l></v></tfr></token><token id="591378" text="обеспечение"><tfr rev_id="1424449" t="обеспечение"><v><l id="194745" t="обеспечение"><g v="NOUN"></g><g v="inan"></g><g v="neut"></g><g v="sing"></g><g v="nomn"></g></l></v><v><l id="194745" t="обеспечение"><g v="NOUN"></g><g v="inan"></g><g v="neut"></g><g v="sing"></g><g v="accs"></g></l></v></tfr></token><token id="591379" text=","><tfr rev_id="1424450" t=","><v><l id="0" t=","><g v="PNCT"></g></l></v></tfr></token><token id="591380" text="проекты"><tfr rev_id="3701331" t="проекты"><v><l id="279545" t="проект"><g v="NOUN"></g><g v="inan"></g><g v="masc"></g><g v="plur"></g><g v="nomn"></g></l></v></tfr></token><token id="591381" text="в"><tfr rev_id="1424452" t="в"><v><l id="37409" t="в"><g v="PREP"></g></l></v></tfr></token><token id="591382" text="СМИ"><tfr rev_id="4489524" t="СМИ"><v><l id="326341" t="сми"><g v="NOUN"></g><g v="inan"></g><g v="GNdr"></g><g v="Pltm"></g><g v="Fixd"></g><g v="Abbr"></g><g v="plur"></g><g v="loct"></g></l></v></tfr></token><token id="591383" text=","><tfr rev_id="1424454" t=","><v><l id="0" t=","><g v="PNCT"></g></l></v></tfr></token><token id="591384" text="которые"><tfr rev_id="3860372" t="которые"><v><l id="141203" t="который"><g v="ADJF"></g><g v="Apro"></g><g v="Subx"></g><g v="Anph"></g><g v="plur"></g><g v="nomn"></g></l></v></tfr></token><token id="591385" text="помогут"><tfr rev_id="1424456" t="помогут"><v><l id="257948" t="помог"><g v="VERB"></g><g v="perf"></g><g v="intr"></g><g v="plur"></g><g v="3per"></g><g v="futr"></g><g v="indc"></g></l></v></tfr></token><token id="591386" text="сделать"><tfr rev_id="1424457" t="сделать"><v><l id="317247" t="сделать"><g v="INFN"></g><g v="perf"></g><g v="tran"></g></l></v></tfr></token><token id="591387" text="шахматы"><tfr rev_id="3750030" t="шахматы"><v><l id="378578" t="шахматы"><g v="NOUN"></g><g v="inan"></g><g v="GNdr"></g><g v="Pltm"></g><g v="plur"></g><g v="accs"></g></l></v></tfr></token><token id="591388" text="более"><tfr rev_id="1424459" t="более"><v><l id="32065" t="более"><g v="ADVB"></g></l></v></tfr></token><token id="591389" text="популярными"><tfr rev_id="1424460" t="популярными"><v><l id="259762" t="популярный"><g v="ADJF"></g><g v="Qual"></g><g v="plur"></g><g v="ablt"></g></l></v></tfr></token><token id="591390" text="во"><tfr rev_id="2920226" t="во"><v><l id="37409" t="в"><g v="PREP"></g><g v="Vpre"></g></l></v></tfr></token><token id="591391" text="всём"><tfr rev_id="4385534" t="всём"><v><l id="42156" t="весь"><g v="ADJF"></g><g v="Subx"></g><g v="Apro"></g><g v="masc"></g><g v="sing"></g><g v="loct"></g></l></v></tfr></token><token id="591392" text="мире"><tfr rev_id="3723457" t="мире"><v><l id="160807" t="мир"><g v="NOUN"></g><g v="inan"></g><g v="masc"></g><g v="sing"></g><g v="loc1"></g></l></v></tfr></token><token id="591393" text="."><tfr rev_id="1424464" t="."><v><l id="0" t="."><g v="PNCT"></g></l></v></tfr></token></tokens></sentence></paragraph><paragraph id="10508"><sentence id="33001"><source>«Глобал чесс» будет работать в соответствии с лицензионным соглашением с ФИДЕ.</source><tokens><token id="591394" text="«"><tfr rev_id="2443266" t="«"><v><l id="0" t="«"><g v="PNCT"></g></l></v></tfr></token><token id="591395" text="Глобал"><tfr rev_id="1424466" t="Глобал"><v><l id="0" t="глобал"><g v="UNKN"></g></l></v></tfr></token><token id="591396" text="чесс"><tfr rev_id="1424467" t="чесс"><v><l id="0" t="чесс"><g v="UNKN"></g></l></v></tfr></token><token id="591397" text="»"><tfr rev_id="2443267" t="»"><v><l id="0" t="»"><g v="PNCT"></g></l></v></tfr></token><token id="591398" text="будет"><tfr rev_id="1424469" t="будет"><v><l id="37265" t="есть"><g v="VERB"></g><g v="impf"></g><g v="intr"></g><g v="sing"></g><g v="3per"></g><g v="futr"></g><g v="indc"></g></l></v></tfr></token><token id="591399" text="работать"><tfr rev_id="1424470" t="работать"><v><l id="290503" t="работать"><g v="INFN"></g><g v="impf"></g><g v="intr"></g></l></v></tfr></token><token id="591400" text="в"><tfr rev_id="1424471" t="в"><v><l id="37409" t="в"><g v="PREP"></g></l></v></tfr></token><token id="591401" text="соответствии"><tfr rev_id="1424472" t="соответствии"><v><l id="329623" t="соответствие"><g v="NOUN"></g><g v="inan"></g><g v="neut"></g><g v="sing"></g><g v="loct"></g></l></v></tfr></token><token id="591402" text="с"><tfr rev_id="1424473" t="с"><v><l id="311151" t="с"><g v="PREP"></g></l></v></tfr></token><token id="591403" text="лицензионным"><tfr rev_id="3459162" t="лицензионным"><v><l id="150152" t="лицензионный"><g v="ADJF"></g><g v="neut"></g><g v="sing"></g><g v="ablt"></g></l></v></tfr></token><token id="591404" text="соглашением"><tfr rev_id="1424475" t="соглашением"><v><l id="328305" t="соглашение"><g v="NOUN"></g><g v="inan"></g><g v="neut"></g><g v="sing"></g><g v="ablt"></g></l></v></tfr></token><token id="591405" text="с"><tfr rev_id="1424476" t="с"><v><l id="311151" t="с"><g v="PREP"></g></l></v></tfr></token><token id="591406" text="ФИДЕ"><tfr rev_id="3652895" t="ФИДЕ"><v><l id="388633" t="фиде"><g v="NOUN"></g><g v="inan"></g><g v="femn"></g><g v="Sgtm"></g><g v="Fixd"></g><g v="Abbr"></g><g v="Orgn"></g><g v="sing"></g><g v="ablt"></g></l></v></tfr></token><token id="591407" text="."><tfr rev_id="1424478" t="."><v><l id="0" t="."><g v="PNCT"></g></l></v></tfr></token></tokens></sentence><sentence id="33002"><source>Это соглашение было обсуждено на заседании правления ФИДЕ в Элисте.</source><tokens><token id="591408" text="Это"><tfr rev_id="4441506" t="Это"><v><l id="386574" t="это"><g v="PRCL"></g></l></v><v><l id="386575" t="это"><g v="NPRO"></g><g v="neut"></g><g v="sing"></g><g v="nomn"></g></l></v><v><l id="386575" t="это"><g v="NPRO"></g><g v="neut"></g><g v="sing"></g><g v="accs"></g></l></v><v><l id="386581" t="этот"><g v="ADJF"></g><g v="Subx"></g><g v="Apro"></g><g v="Anph"></g><g v="neut"></g><g v="sing"></g><g v="nomn"></g></l></v><v><l id="386581" t="этот"><g v="ADJF"></g><g v="Subx"></g><g v="Apro"></g><g v="Anph"></g><g v="neut"></g><g v="sing"></g><g v="accs"></g></l></v></tfr></token><token id="591409" text="соглашение"><tfr rev_id="1424480" t="соглашение"><v><l id="328305" t="соглашение"><g v="NOUN"></g><g v="inan"></g><g v="neut"></g><g v="sing"></g><g v="nomn"></g></l></v><v><l id="328305" t="соглашение"><g v="NOUN"></g><g v="inan"></g><g v="neut"></g><g v="sing"></g><g v="accs"></g></l></v></tfr></token><token id="591410" text="было"><tfr rev_id="3124392" t="было"><v><l id="37265" t="есть"><g v="VERB"></g><g v="impf"></g><g v="intr"></g><g v="neut"></g><g v="sing"></g><g v="past"></g><g v="indc"></g></l></v></tfr></token><token id="591411" text="обсуждено"><tfr rev_id="1424482" t="обсуждено"><v><l id="200166" t="обсуждён"><g v="PRTS"></g><g v="perf"></g><g v="past"></g><g v="pssv"></g><g v="neut"></g><g v="sing"></g></l></v></tfr></token><token id="591412" text="на"><tfr rev_id="3395473" t="на"><v><l id="166264" t="на"><g v="PREP"></g></l></v></tfr></token><token id="591413" text="заседании"><tfr rev_id="1424484" t="заседании"><v><l id="109402" t="заседание"><g v="NOUN"></g><g v="inan"></g><g v="neut"></g><g v="sing"></g><g v="loct"></g></l></v></tfr></token><token id="591414" text="правления"><tfr rev_id="3470869" t="правления"><v><l id="265668" t="правление"><g v="NOUN"></g><g v="inan"></g><g v="neut"></g><g v="sing"></g><g v="gent"></g></l></v></tfr></token><token id="591415" text="ФИДЕ"><tfr rev_id="3652896" t="ФИДЕ"><v><l id="388633" t="фиде"><g v="NOUN"></g><g v="inan"></g><g v="femn"></g><g v="Sgtm"></g><g v="Fixd"></g><g v="Abbr"></g><g v="Orgn"></g><g v="sing"></g><g v="gent"></g></l></v></tfr></token><token id="591416" text="в"><tfr rev_id="1424487" t="в"><v><l id="37409" t="в"><g v="PREP"></g></l></v></tfr></token><token id="591417" text="Элисте"><tfr rev_id="3555152" t="Элисте"><v><l id="384804" t="элиста"><g v="NOUN"></g><g v="inan"></g><g v="femn"></g><g v="Sgtm"></g><g v="Geox"></g><g v="sing"></g><g v="loct"></g></l></v></tfr></token><token id="591418" text="."><tfr rev_id="1424489" t="."><v><l id="0" t="."><g v="PNCT"></g></l></v></tfr></token></tokens></sentence></paragraph><paragraph id="10509"><sentence id="33003"><source>Начальный капитал «Глобал чесс» составит 4,5 миллиона евро, к которым будут добавлены дополнительные 5,5 миллионов евро, для поддержки будущих мероприятий, в связанных с шахматами проектах.</source><tokens><token id="591419" text="Начальный"><tfr rev_id="1424490" t="Начальный"><v><l id="178202" t="начальный"><g v="ADJF"></g><g v="Qual"></g><g v="masc"></g><g v="sing"></g><g v="nomn"></g></l></v><v><l id="178202" t="начальный"><g v="ADJF"></g><g v="Qual"></g><g v="inan"></g><g v="masc"></g><g v="sing"></g><g v="accs"></g></l></v></tfr></token><token id="591420" text="капитал"><tfr rev_id="1424491" t="капитал"><v><l id="129700" t="капитал"><g v="NOUN"></g><g v="inan"></g><g v="masc"></g><g v="sing"></g><g v="nomn"></g></l></v><v><l id="129700" t="капитал"><g v="NOUN"></g><g v="inan"></g><g v="masc"></g><g v="sing"></g><g v="accs"></g></l></v></tfr></token><token id="591421" text="«"><tfr rev_id="2443268" t="«"><v><l id="0" t="«"><g v="PNCT"></g></l></v></tfr></token><token id="591422" text="Глобал"><tfr rev_id="1424493" t="Глобал"><v><l id="0" t="глобал"><g v="UNKN"></g></l></v></tfr></token><token id="591423" text="чесс"><tfr rev_id="1424494" t="чесс"><v><l id="0" t="чесс"><g v="UNKN"></g></l></v></tfr></token><token id="591424" text="»"><tfr rev_id="2443269" t="»"><v><l id="0" t="»"><g v="PNCT"></g></l></v></tfr></token><token id="591425" text="составит"><tfr rev_id="1424496" t="составит"><v><l id="330483" t="составил"><g v="VERB"></g><g v="perf"></g><g v="tran"></g><g v="sing"></g><g v="3per"></g><g v="futr"></g><g v="indc"></g></l></v></tfr></token><token id="591426" text="4,5"><tfr rev_id="2461437" t="4,5"><v><l id="0" t="4,5"><g v="NUMB"></g></l></v></tfr></token><token id="591427" text="миллиона"><tfr rev_id="1424498" t="миллиона"><v><l id="160260" t="миллион"><g v="NOUN"></g><g v="inan"></g><g v="masc"></g><g v="sing"></g><g v="gent"></g></l></v></tfr></token><token id="591428" text="евро"><tfr rev_id="3807476" t="евро"><v><l id="94004" t="евро"><g v="NOUN"></g><g v="inan"></g><g v="neut"></g><g v="Fixd"></g><g v="plur"></g><g v="gent"></g></l></v></tfr></token><token id="591429" text=","><tfr rev_id="1424500" t=","><v><l id="0" t=","><g v="PNCT"></g></l></v></tfr></token><token id="591430" text="к"><tfr rev_id="1424501" t="к"><v><l id="127460" t="к"><g v="PREP"></g></l></v></tfr></token><token id="591431" text="которым"><tfr rev_id="3638952" t="которым"><v><l id="141203" t="который"><g v="ADJF"></g><g v="Apro"></g><g v="Subx"></g><g v="Anph"></g><g v="plur"></g><g v="datv"></g></l></v></tfr></token><token id="591432" text="будут"><tfr rev_id="1424503" t="будут"><v><l id="37265" t="есть"><g v="VERB"></g><g v="impf"></g><g v="intr"></g><g v="plur"></g><g v="3per"></g><g v="futr"></g><g v="indc"></g></l></v></tfr></token><token id="591433" text="добавлены"><tfr rev_id="1424504" t="добавлены"><v><l id="85162" t="добавлен"><g v="PRTS"></g><g v="perf"></g><g v="past"></g><g v="pssv"></g><g v="plur"></g></l></v></tfr></token><token id="591434" text="дополнительные"><tfr rev_id="3821400" t="дополнительные"><v><l id="89300" t="дополнительный"><g v="ADJF"></g><g v="plur"></g><g v="nomn"></g></l></v></tfr></token><token id="591435" text="5,5"><tfr rev_id="2461438" t="5,5"><v><l id="0" t="5,5"><g v="NUMB"></g></l></v></tfr></token><token id="591436" text="миллионов"><tfr rev_id="1424507" t="миллионов"><v><l id="160260" t="миллион"><g v="NOUN"></g><g v="inan"></g><g v="masc"></g><g v="plur"></g><g v="gent"></g></l></v></tfr></token><token id="591437" text="евро"><tfr rev_id="4162662" t="евро"><v><l id="94004" t="евро"><g v="NOUN"></g><g v="inan"></g><g v="neut"></g><g v="Fixd"></g><g v="plur"></g><g v="gent"></g></l></v></tfr></token><token id="591438" text=","><tfr rev_id="1424509" t=","><v><l id="0" t=","><g v="PNCT"></g></l></v></tfr></token><token id="591439" text="для"><tfr rev_id="2601838" t="для"><v><l id="85032" t="для"><g v="PREP"></g></l></v></tfr></token><token id="591440" text="поддержки"><tfr rev_id="3448215" t="поддержки"><v><l id="245415" t="поддержка"><g v="NOUN"></g><g v="inan"></g><g v="femn"></g><g v="sing"></g><g v="gent"></g></l></v></tfr></token><token id="591441" text="будущих"><tfr rev_id="4427356" t="будущих"><v><l id="35164" t="будущий"><g v="ADJF"></g><g v="plur"></g><g v="gent"></g></l></v></tfr></token><token id="591442" text="мероприятий"><tfr rev_id="1424513" t="мероприятий"><v><l id="158644" t="мероприятие"><g v="NOUN"></g><g v="inan"></g><g v="neut"></g><g v="plur"></g><g v="gent"></g></l></v></tfr></token><token id="591443" text=","><tfr rev_id="1424514" t=","><v><l id="0" t=","><g v="PNCT"></g></l></v></tfr></token><token id="591444" text="в"><tfr rev_id="1424515" t="в"><v><l id="37409" t="в"><g v="PREP"></g></l></v></tfr></token><token id="591445" text="связанных"><tfr rev_id="1424516" t="связанных"><v><l id="316527" t="связанный"><g v="ADJF"></g><g v="Qual"></g><g v="plur"></g><g v="gent"></g></l></v><v><l id="316527" t="связанный"><g v="ADJF"></g><g v="Qual"></g><g v="anim"></g><g v="plur"></g><g v="accs"></g></l></v><v><l id="316527" t="связанный"><g v="ADJF"></g><g v="Qual"></g><g v="plur"></g><g v="loct"></g></l></v><v><l id="316533" t="связанный"><g v="PRTF"></g><g v="perf"></g><g v="tran"></g><g v="past"></g><g v="pssv"></g><g v="plur"></g><g v="gent"></g></l></v><v><l id="316533" t="связанный"><g v="PRTF"></g><g v="perf"></g><g v="tran"></g><g v="past"></g><g v="pssv"></g><g v="anim"></g><g v="plur"></g><g v="accs"></g></l></v><v><l id="316533" t="связанный"><g v="PRTF"></g><g v="perf"></g><g v="tran"></g><g v="past"></g><g v="pssv"></g><g v="plur"></g><g v="loct"></g></l></v></tfr></token><token id="591446" text="с"><tfr rev_id="1424517" t="с"><v><l id="311151" t="с"><g v="PREP"></g></l></v></tfr></token><token id="591447" text="шахматами"><tfr rev_id="1424518" t="шахматами"><v><l id="378578" t="шахматы"><g v="NOUN"></g><g v="inan"></g><g v="GNdr"></g><g v="Pltm"></g><g v="plur"></g><g v="ablt"></g></l></v></tfr></token><token id="591448" text="проектах"><tfr rev_id="1424519" t="проектах"><v><l id="279545" t="проект"><g v="NOUN"></g><g v="inan"></g><g v="masc"></g><g v="plur"></g><g v="loct"></g></l></v></tfr></token><token id="591449" text="."><tfr rev_id="1424520" t="."><v><l id="0" t="."><g v="PNCT"></g></l></v></tfr></token></tokens></sentence><sentence id="33004"><source>В совет директоров будут входить Кирсан Илюмжинов, Бессель Кок и Алексей Орлов.</source><tokens><token id="591450" text="В"><tfr rev_id="1424521" t="В"><v><l id="37409" t="в"><g v="PREP"></g></l></v></tfr></token><token id="591451" text="совет"><tfr rev_id="2560740" t="совет"><v><l id="327955" t="совет"><g v="NOUN"></g><g v="inan"></g><g v="masc"></g><g v="sing"></g><g v="accs"></g></l></v></tfr></token><token id="591452" text="директоров"><tfr rev_id="3464904" t="директоров"><v><l id="84214" t="директор"><g v="NOUN"></g><g v="anim"></g><g v="masc"></g><g v="plur"></g><g v="gent"></g></l></v></tfr></token><token id="591453" text="будут"><tfr rev_id="1424524" t="будут"><v><l id="37265" t="есть"><g v="VERB"></g><g v="impf"></g><g v="intr"></g><g v="plur"></g><g v="3per"></g><g v="futr"></g><g v="indc"></g></l></v></tfr></token><token id="591454" text="входить"><tfr rev_id="1424525" t="входить"><v><l id="55355" t="входить"><g v="INFN"></g><g v="impf"></g><g v="intr"></g></l></v></tfr></token><token id="591455" text="Кирсан"><tfr rev_id="1424526" t="Кирсан"><v><l id="133430" t="кирсан"><g v="NOUN"></g><g v="anim"></g><g v="masc"></g><g v="Name"></g><g v="sing"></g><g v="nomn"></g></l></v></tfr></token><token id="591456" text="Илюмжинов"><tfr rev_id="1424527" t="Илюмжинов"><v><l id="121490" t="илюмжинов"><g v="NOUN"></g><g v="anim"></g><g v="masc"></g><g v="Sgtm"></g><g v="Surn"></g><g v="sing"></g><g v="nomn"></g></l></v></tfr></token><token id="591457" text=","><tfr rev_id="1424528" t=","><v><l id="0" t=","><g v="PNCT"></g></l></v></tfr></token><token id="591458" text="Бессель"><tfr rev_id="1424529" t="Бессель"><v><l id="0" t="бессель"><g v="UNKN"></g></l></v></tfr></token><token id="591459" text="Кок"><tfr rev_id="4575285" t="Кок"><v><l id="390942" t="кок"><g v="NOUN"></g><g v="anim"></g><g v="masc"></g><g v="Sgtm"></g><g v="Surn"></g><g v="sing"></g><g v="nomn"></g></l></v></tfr></token><token id="591460" text="и"><tfr rev_id="1424531" t="и"><v><l id="116949" t="и"><g v="CONJ"></g></l></v><v><l id="116950" t="и"><g v="INTJ"></g></l></v></tfr></token><token id="591461" text="Алексей"><tfr rev_id="1424532" t="Алексей"><v><l id="8618" t="алексей"><g v="NOUN"></g><g v="anim"></g><g v="masc"></g><g v="Name"></g><g v="sing"></g><g v="nomn"></g></l></v></tfr></token><token id="591462" text="Орлов"><tfr rev_id="3501620" t="Орлов"><v><l id="209140" t="орлов"><g v="NOUN"></g><g v="anim"></g><g v="masc"></g><g v="Sgtm"></g><g v="Surn"></g><g v="sing"></g><g v="nomn"></g></l></v></tfr></token><token id="591463" text="."><tfr rev_id="1424534" t="."><v><l id="0" t="."><g v="PNCT"></g></l></v></tfr></token></tokens></sentence><sentence id="33005"><source>Правление попросило, чтобы г-н Бессель Кок действовал как Председатель совета, Кок принял это предложение.</source><tokens><token id="591464" text="Правление"><tfr rev_id="3552295" t="Правление"><v><l id="265668" t="правление"><g v="NOUN"></g><g v="inan"></g><g v="neut"></g><g v="sing"></g><g v="nomn"></g></l></v></tfr></token><token id="591465" text="попросило"><tfr rev_id="1424536" t="попросило"><v><l id="259617" t="попросил"><g v="VERB"></g><g v="perf"></g><g v="tran"></g><g v="neut"></g><g v="sing"></g><g v="past"></g><g v="indc"></g></l></v></tfr></token><token id="591466" text=","><tfr rev_id="1424537" t=","><v><l id="0" t=","><g v="PNCT"></g></l></v></tfr></token><token id="591467" text="чтобы"><tfr rev_id="1424538" t="чтобы"><v><l id="377013" t="чтобы"><g v="CONJ"></g></l></v><v><l id="377014" t="чтобы"><g v="PRCL"></g></l></v></tfr></token><token id="591468" text="г-н"><tfr rev_id="3718894" t="г-н"><v><l id="65247" t="г-н"><g v="NOUN"></g><g v="anim"></g><g v="masc"></g><g v="Sgtm"></g><g v="Abbr"></g><g v="sing"></g><g v="nomn"></g></l></v></tfr></token><token id="591469" text="Бессель"><tfr rev_id="1424540" t="Бессель"><v><l id="0" t="бессель"><g v="UNKN"></g></l></v></tfr></token><token id="591470" text="Кок"><tfr rev_id="4575286" t="Кок"><v><l id="135601" t="кок"><g v="NOUN"></g><g v="anim"></g><g v="masc"></g><g v="sing"></g><g v="nomn"></g></l></v><v><l id="135602" t="кок"><g v="NOUN"></g><g v="inan"></g><g v="masc"></g><g v="sing"></g><g v="nomn"></g></l></v><v><l id="390942" t="кок"><g v="NOUN"></g><g v="anim"></g><g v="masc"></g><g v="Sgtm"></g><g v="Surn"></g><g v="sing"></g><g v="nomn"></g></l></v></tfr></token><token id="591471" text="действовал"><tfr rev_id="1424542" t="действовал"><v><l id="80103" t="действую"><g v="VERB"></g><g v="impf"></g><g v="intr"></g><g v="masc"></g><g v="sing"></g><g v="past"></g><g v="indc"></g></l></v></tfr></token><token id="591472" text="как"><tfr rev_id="1424543" t="как"><v><l id="128190" t="как"><g v="CONJ"></g></l></v><v><l id="128191" t="как"><g v="PRCL"></g></l></v><v><l id="128192" t="как"><g v="ADVB"></g><g v="Ques"></g></l></v></tfr></token><token id="591473" text="Председатель"><tfr rev_id="1424544" t="Председатель"><v><l id="267015" t="председатель"><g v="NOUN"></g><g v="anim"></g><g v="masc"></g><g v="sing"></g><g v="nomn"></g></l></v></tfr></token><token id="591474" text="совета"><tfr rev_id="1424545" t="совета"><v><l id="327955" t="совет"><g v="NOUN"></g><g v="inan"></g><g v="masc"></g><g v="sing"></g><g v="gent"></g></l></v></tfr></token><token id="591475" text=","><tfr rev_id="1424546" t=","><v><l id="0" t=","><g v="PNCT"></g></l></v></tfr></token><token id="591476" text="Кок"><tfr rev_id="4575287" t="Кок"><v><l id="390942" t="кок"><g v="NOUN"></g><g v="anim"></g><g v="masc"></g><g v="Sgtm"></g><g v="Surn"></g><g v="sing"></g><g v="nomn"></g></l></v></tfr></token><token id="591477" text="принял"><tfr rev_id="1424548" t="принял"><v><l id="272700" t="принял"><g v="VERB"></g><g v="perf"></g><g v="tran"></g><g v="masc"></g><g v="sing"></g><g v="past"></g><g v="indc"></g></l></v></tfr></token><token id="591478" text="это"><tfr rev_id="4441507" t="это"><v><l id="386581" t="этот"><g v="ADJF"></g><g v="Subx"></g><g v="Apro"></g><g v="Anph"></g><g v="neut"></g><g v="sing"></g><g v="nomn"></g></l></v><v><l id="386581" t="этот"><g v="ADJF"></g><g v="Subx"></g><g v="Apro"></g><g v="Anph"></g><g v="neut"></g><g v="sing"></g><g v="accs"></g></l></v></tfr></token><token id="591479" text="предложение"><tfr rev_id="3300574" t="предложение"><v><l id="266539" t="предложение"><g v="NOUN"></g><g v="inan"></g><g v="neut"></g><g v="sing"></g><g v="accs"></g></l></v></tfr></token><token id="591480" text="."><tfr rev_id="1424551" t="."><v><l id="0" t="."><g v="PNCT"></g></l></v></tfr></token></tokens></sentence></paragraph></paragraphs></text>