<?xml version="1.0" encoding="utf-8"?><text id="109" parent="56" name="В Исландии проснулся ещё один вулкан"><tags><tag>url:http://ru.wikinews.org/w/index.php?title=В_Исландии_проснулся_ещё_один_вулкан&amp;oldid=56436</tag><tag>Гео:ВикиКатегория:Европа/Исландия</tag><tag>Тема:ВикиКатегория:Вулканы</tag><tag>Дата:22/05</tag><tag>Год:2011</tag><tag>Автор:http://ru.wikinews.org/wiki/Участник:Schekinov Alexey Victorovich</tag></tags><paragraphs><paragraph id="2485"><sentence id="7816"><source>Началось извержение самого активного вулкана Исландии под названием Гримсвотн, он выбросил в атмосферу столб дыма высотой в 11 километров.</source><tokens><token id="150257" text="Началось"><tfr rev_id="985078" t="Началось"><v><l id="178230" t="начался"><g v="VERB"></g><g v="perf"></g><g v="intr"></g><g v="neut"></g><g v="sing"></g><g v="past"></g><g v="indc"></g></l></v></tfr></token><token id="150258" text="извержение"><tfr rev_id="3300729" t="извержение"><v><l id="118068" t="извержение"><g v="NOUN"></g><g v="inan"></g><g v="neut"></g><g v="sing"></g><g v="nomn"></g></l></v></tfr></token><token id="150259" text="самого"><tfr rev_id="3946452" t="самого"><v><l id="312034" t="сам"><g v="ADJF"></g><g v="Apro"></g><g v="masc"></g><g v="sing"></g><g v="gent"></g></l></v><v><l id="312034" t="сам"><g v="ADJF"></g><g v="Apro"></g><g v="anim"></g><g v="masc"></g><g v="sing"></g><g v="accs"></g></l></v><v><l id="313174" t="самый"><g v="ADJF"></g><g v="Apro"></g><g v="masc"></g><g v="sing"></g><g v="gent"></g></l></v><v><l id="313174" t="самый"><g v="ADJF"></g><g v="Apro"></g><g v="anim"></g><g v="masc"></g><g v="sing"></g><g v="accs"></g></l></v></tfr></token><token id="150260" text="активного"><tfr rev_id="4094216" t="активного"><v><l id="7665" t="активный"><g v="ADJF"></g><g v="Qual"></g><g v="masc"></g><g v="sing"></g><g v="gent"></g></l></v><v><l id="7665" t="активный"><g v="ADJF"></g><g v="Qual"></g><g v="anim"></g><g v="masc"></g><g v="sing"></g><g v="accs"></g></l></v></tfr></token><token id="150261" text="вулкана"><tfr rev_id="985082" t="вулкана"><v><l id="55258" t="вулкан"><g v="NOUN"></g><g v="inan"></g><g v="masc"></g><g v="sing"></g><g v="gent"></g></l></v></tfr></token><token id="150262" text="Исландии"><tfr rev_id="3456799" t="Исландии"><v><l id="124943" t="исландия"><g v="NOUN"></g><g v="inan"></g><g v="femn"></g><g v="Sgtm"></g><g v="Geox"></g><g v="sing"></g><g v="gent"></g></l></v></tfr></token><token id="150263" text="под"><tfr rev_id="2604234" t="под"><v><l id="243755" t="под"><g v="PREP"></g></l></v></tfr></token><token id="150264" text="названием"><tfr rev_id="985085" t="названием"><v><l id="170336" t="название"><g v="NOUN"></g><g v="inan"></g><g v="neut"></g><g v="sing"></g><g v="ablt"></g></l></v></tfr></token><token id="150265" text="Гримсвотн"><tfr rev_id="985086" t="Гримсвотн"><v><l id="0" t="гримсвотн"><g v="UNKN"></g></l></v></tfr></token><token id="150266" text=","><tfr rev_id="985087" t=","><v><l id="0" t=","><g v="PNCT"></g></l></v></tfr></token><token id="150267" text="он"><tfr rev_id="3574508" t="он"><v><l id="206541" t="он"><g v="NPRO"></g><g v="masc"></g><g v="3per"></g><g v="Anph"></g><g v="sing"></g><g v="nomn"></g></l></v></tfr></token><token id="150268" text="выбросил"><tfr rev_id="985089" t="выбросил"><v><l id="55856" t="выбросил"><g v="VERB"></g><g v="perf"></g><g v="tran"></g><g v="masc"></g><g v="sing"></g><g v="past"></g><g v="indc"></g></l></v></tfr></token><token id="150269" text="в"><tfr rev_id="985090" t="в"><v><l id="37409" t="в"><g v="PREP"></g></l></v></tfr></token><token id="150270" text="атмосферу"><tfr rev_id="985091" t="атмосферу"><v><l id="19555" t="атмосфера"><g v="NOUN"></g><g v="inan"></g><g v="femn"></g><g v="sing"></g><g v="accs"></g></l></v></tfr></token><token id="150271" text="столб"><tfr rev_id="985092" t="столб"><v><l id="336522" t="столб"><g v="NOUN"></g><g v="inan"></g><g v="masc"></g><g v="sing"></g><g v="nomn"></g></l></v><v><l id="336522" t="столб"><g v="NOUN"></g><g v="inan"></g><g v="masc"></g><g v="sing"></g><g v="accs"></g></l></v></tfr></token><token id="150272" text="дыма"><tfr rev_id="985093" t="дыма"><v><l id="93471" t="дым"><g v="NOUN"></g><g v="inan"></g><g v="masc"></g><g v="sing"></g><g v="gen1"></g></l></v></tfr></token><token id="150273" text="высотой"><tfr rev_id="985094" t="высотой"><v><l id="62492" t="высота"><g v="NOUN"></g><g v="inan"></g><g v="femn"></g><g v="sing"></g><g v="ablt"></g></l></v></tfr></token><token id="150274" text="в"><tfr rev_id="985095" t="в"><v><l id="37409" t="в"><g v="PREP"></g></l></v></tfr></token><token id="150275" text="11"><tfr rev_id="2456097" t="11"><v><l id="0" t="11"><g v="NUMB"></g></l></v></tfr></token><token id="150276" text="километров"><tfr rev_id="2703273" t="километров"><v><l id="132850" t="километр"><g v="NOUN"></g><g v="inan"></g><g v="masc"></g><g v="plur"></g><g v="gent"></g></l></v></tfr></token><token id="150277" text="."><tfr rev_id="985098" t="."><v><l id="0" t="."><g v="PNCT"></g></l></v></tfr></token></tokens></sentence><sentence id="7817"><source>Учёные, однако, полагают, что это извержение никак не помешает авиационным перевозкам в небе над Европой, в отличие от прошлогодних гигантских выбросов пепла другого исландского вулкана с труднопроизносимым названием Эйяфьятлайокудль.</source><tokens><token id="150278" text="Учёные"><tfr rev_id="4154501" t="Учёные"><v><l id="363100" t="учёный"><g v="NOUN"></g><g v="anim"></g><g v="masc"></g><g v="plur"></g><g v="nomn"></g></l></v></tfr></token><token id="150279" text=","><tfr rev_id="985100" t=","><v><l id="0" t=","><g v="PNCT"></g></l></v></tfr></token><token id="150280" text="однако"><tfr rev_id="2624130" t="однако"><v><l id="203386" t="однако"><g v="INTJ"></g></l></v><v><l id="203387" t="однако"><g v="CONJ"></g><g v="Prnt"></g></l></v></tfr></token><token id="150281" text=","><tfr rev_id="985102" t=","><v><l id="0" t=","><g v="PNCT"></g></l></v></tfr></token><token id="150282" text="полагают"><tfr rev_id="985103" t="полагают"><v><l id="255118" t="полагаю"><g v="VERB"></g><g v="impf"></g><g v="tran"></g><g v="plur"></g><g v="3per"></g><g v="pres"></g><g v="indc"></g></l></v></tfr></token><token id="150283" text=","><tfr rev_id="985104" t=","><v><l id="0" t=","><g v="PNCT"></g></l></v></tfr></token><token id="150284" text="что"><tfr rev_id="3192377" t="что"><v><l id="377004" t="что"><g v="CONJ"></g></l></v><v><l id="377005" t="что"><g v="NPRO"></g><g v="neut"></g><g v="sing"></g><g v="nomn"></g></l></v><v><l id="377005" t="что"><g v="NPRO"></g><g v="neut"></g><g v="sing"></g><g v="accs"></g></l></v><v><l id="377006" t="что"><g v="ADVB"></g><g v="Ques"></g></l></v><v><l id="388695" t="что"><g v="PRCL"></g></l></v></tfr></token><token id="150285" text="это"><tfr rev_id="4439662" t="это"><v><l id="386574" t="это"><g v="PRCL"></g></l></v><v><l id="386575" t="это"><g v="NPRO"></g><g v="neut"></g><g v="sing"></g><g v="nomn"></g></l></v><v><l id="386575" t="это"><g v="NPRO"></g><g v="neut"></g><g v="sing"></g><g v="accs"></g></l></v><v><l id="386581" t="этот"><g v="ADJF"></g><g v="Subx"></g><g v="Apro"></g><g v="Anph"></g><g v="neut"></g><g v="sing"></g><g v="nomn"></g></l></v><v><l id="386581" t="этот"><g v="ADJF"></g><g v="Subx"></g><g v="Apro"></g><g v="Anph"></g><g v="neut"></g><g v="sing"></g><g v="accs"></g></l></v></tfr></token><token id="150286" text="извержение"><tfr rev_id="985107" t="извержение"><v><l id="118068" t="извержение"><g v="NOUN"></g><g v="inan"></g><g v="neut"></g><g v="sing"></g><g v="nomn"></g></l></v><v><l id="118068" t="извержение"><g v="NOUN"></g><g v="inan"></g><g v="neut"></g><g v="sing"></g><g v="accs"></g></l></v></tfr></token><token id="150287" text="никак"><tfr rev_id="985108" t="никак"><v><l id="190839" t="никак"><g v="ADVB"></g></l></v><v><l id="190840" t="никак"><g v="PRCL"></g></l></v></tfr></token><token id="150288" text="не"><tfr rev_id="985109" t="не"><v><l id="178876" t="не"><g v="PRCL"></g></l></v></tfr></token><token id="150289" text="помешает"><tfr rev_id="985110" t="помешает"><v><l id="257649" t="помешал"><g v="VERB"></g><g v="perf"></g><g v="tran"></g><g v="sing"></g><g v="3per"></g><g v="futr"></g><g v="indc"></g></l></v><v><l id="257655" t="помешал"><g v="VERB"></g><g v="perf"></g><g v="intr"></g><g v="sing"></g><g v="3per"></g><g v="futr"></g><g v="indc"></g></l></v></tfr></token><token id="150290" text="авиационным"><tfr rev_id="2627250" t="авиационным"><v><l id="2727" t="авиационный"><g v="ADJF"></g><g v="plur"></g><g v="datv"></g></l></v></tfr></token><token id="150291" text="перевозкам"><tfr rev_id="985112" t="перевозкам"><v><l id="227321" t="перевозка"><g v="NOUN"></g><g v="inan"></g><g v="femn"></g><g v="plur"></g><g v="datv"></g></l></v></tfr></token><token id="150292" text="в"><tfr rev_id="985113" t="в"><v><l id="37409" t="в"><g v="PREP"></g></l></v></tfr></token><token id="150293" text="небе"><tfr rev_id="985114" t="небе"><v><l id="179438" t="небо"><g v="NOUN"></g><g v="inan"></g><g v="neut"></g><g v="sing"></g><g v="loct"></g></l></v></tfr></token><token id="150294" text="над"><tfr rev_id="985115" t="над"><v><l id="168356" t="над"><g v="PREP"></g></l></v></tfr></token><token id="150295" text="Европой"><tfr rev_id="985116" t="Европой"><v><l id="94019" t="европа"><g v="NOUN"></g><g v="inan"></g><g v="femn"></g><g v="Sgtm"></g><g v="Geox"></g><g v="sing"></g><g v="ablt"></g></l></v></tfr></token><token id="150296" text=","><tfr rev_id="985117" t=","><v><l id="0" t=","><g v="PNCT"></g></l></v></tfr></token><token id="150297" text="в"><tfr rev_id="985118" t="в"><v><l id="37409" t="в"><g v="PREP"></g></l></v></tfr></token><token id="150298" text="отличие"><tfr rev_id="4105691" t="отличие"><v><l id="215156" t="отличие"><g v="NOUN"></g><g v="inan"></g><g v="neut"></g><g v="sing"></g><g v="accs"></g></l></v></tfr></token><token id="150299" text="от"><tfr rev_id="985120" t="от"><v><l id="211644" t="от"><g v="PREP"></g></l></v></tfr></token><token id="150300" text="прошлогодних"><tfr rev_id="2927744" t="прошлогодних"><v><l id="287711" t="прошлогодний"><g v="ADJF"></g><g v="plur"></g><g v="gent"></g></l></v></tfr></token><token id="150301" text="гигантских"><tfr rev_id="4394133" t="гигантских"><v><l id="69549" t="гигантский"><g v="ADJF"></g><g v="plur"></g><g v="gent"></g></l></v></tfr></token><token id="150302" text="выбросов"><tfr rev_id="985123" t="выбросов"><v><l id="55849" t="выброс"><g v="NOUN"></g><g v="inan"></g><g v="masc"></g><g v="plur"></g><g v="gent"></g></l></v></tfr></token><token id="150303" text="пепла"><tfr rev_id="985124" t="пепла"><v><l id="226148" t="пепел"><g v="NOUN"></g><g v="inan"></g><g v="masc"></g><g v="sing"></g><g v="gen1"></g></l></v></tfr></token><token id="150304" text="другого"><tfr rev_id="3560386" t="другого"><v><l id="92342" t="другой"><g v="ADJF"></g><g v="Apro"></g><g v="Subx"></g><g v="masc"></g><g v="sing"></g><g v="gent"></g></l></v><v><l id="92342" t="другой"><g v="ADJF"></g><g v="Apro"></g><g v="Subx"></g><g v="anim"></g><g v="masc"></g><g v="sing"></g><g v="accs"></g></l></v></tfr></token><token id="150305" text="исландского"><tfr rev_id="4206073" t="исландского"><v><l id="124946" t="исландский"><g v="ADJF"></g><g v="masc"></g><g v="sing"></g><g v="gent"></g></l></v><v><l id="124946" t="исландский"><g v="ADJF"></g><g v="anim"></g><g v="masc"></g><g v="sing"></g><g v="accs"></g></l></v></tfr></token><token id="150306" text="вулкана"><tfr rev_id="985127" t="вулкана"><v><l id="55258" t="вулкан"><g v="NOUN"></g><g v="inan"></g><g v="masc"></g><g v="sing"></g><g v="gent"></g></l></v></tfr></token><token id="150307" text="с"><tfr rev_id="985128" t="с"><v><l id="311151" t="с"><g v="PREP"></g></l></v></tfr></token><token id="150308" text="труднопроизносимым"><tfr rev_id="4375332" t="труднопроизносимым"><v><l id="350825" t="труднопроизносимый"><g v="ADJF"></g><g v="neut"></g><g v="sing"></g><g v="ablt"></g></l></v></tfr></token><token id="150309" text="названием"><tfr rev_id="985130" t="названием"><v><l id="170336" t="название"><g v="NOUN"></g><g v="inan"></g><g v="neut"></g><g v="sing"></g><g v="ablt"></g></l></v></tfr></token><token id="150310" text="Эйяфьятлайокудль"><tfr rev_id="985131" t="Эйяфьятлайокудль"><v><l id="0" t="эйяфьятлайокудль"><g v="UNKN"></g></l></v></tfr></token><token id="150311" text="."><tfr rev_id="985132" t="."><v><l id="0" t="."><g v="PNCT"></g></l></v></tfr></token></tokens></sentence><sentence id="7818"><source>Тогда, из-за этого облака пепла, накрывшего небо над Европой, авиакомпаниям разных стран пришлось отменить сотни рейсов.</source><tokens><token id="150312" text="Тогда"><tfr rev_id="985133" t="Тогда"><v><l id="346921" t="тогда"><g v="ADVB"></g><g v="Dmns"></g></l></v></tfr></token><token id="150313" text=","><tfr rev_id="985134" t=","><v><l id="0" t=","><g v="PNCT"></g></l></v></tfr></token><token id="150314" text="из-за"><tfr rev_id="985135" t="из-за"><v><l id="117678" t="из-за"><g v="PREP"></g></l></v></tfr></token><token id="150315" text="этого"><tfr rev_id="4433000" t="этого"><v><l id="386581" t="этот"><g v="ADJF"></g><g v="Subx"></g><g v="Apro"></g><g v="Anph"></g><g v="neut"></g><g v="sing"></g><g v="gent"></g></l></v></tfr></token><token id="150316" text="облака"><tfr rev_id="3495205" t="облака"><v><l id="196150" t="облако"><g v="NOUN"></g><g v="inan"></g><g v="neut"></g><g v="sing"></g><g v="gent"></g></l></v></tfr></token><token id="150317" text="пепла"><tfr rev_id="985138" t="пепла"><v><l id="226148" t="пепел"><g v="NOUN"></g><g v="inan"></g><g v="masc"></g><g v="sing"></g><g v="gen1"></g></l></v></tfr></token><token id="150318" text=","><tfr rev_id="985139" t=","><v><l id="0" t=","><g v="PNCT"></g></l></v></tfr></token><token id="150319" text="накрывшего"><tfr rev_id="3442631" t="накрывшего"><v><l id="171609" t="накрывший"><g v="PRTF"></g><g v="perf"></g><g v="tran"></g><g v="past"></g><g v="actv"></g><g v="neut"></g><g v="sing"></g><g v="gent"></g></l></v></tfr></token><token id="150320" text="небо"><tfr rev_id="985141" t="небо"><v><l id="179438" t="небо"><g v="NOUN"></g><g v="inan"></g><g v="neut"></g><g v="sing"></g><g v="nomn"></g></l></v><v><l id="179438" t="небо"><g v="NOUN"></g><g v="inan"></g><g v="neut"></g><g v="sing"></g><g v="accs"></g></l></v></tfr></token><token id="150321" text="над"><tfr rev_id="985142" t="над"><v><l id="168356" t="над"><g v="PREP"></g></l></v></tfr></token><token id="150322" text="Европой"><tfr rev_id="985143" t="Европой"><v><l id="94019" t="европа"><g v="NOUN"></g><g v="inan"></g><g v="femn"></g><g v="Sgtm"></g><g v="Geox"></g><g v="sing"></g><g v="ablt"></g></l></v></tfr></token><token id="150323" text=","><tfr rev_id="985144" t=","><v><l id="0" t=","><g v="PNCT"></g></l></v></tfr></token><token id="150324" text="авиакомпаниям"><tfr rev_id="985145" t="авиакомпаниям"><v><l id="2611" t="авиакомпания"><g v="NOUN"></g><g v="inan"></g><g v="femn"></g><g v="plur"></g><g v="datv"></g></l></v></tfr></token><token id="150325" text="разных"><tfr rev_id="4359469" t="разных"><v><l id="296007" t="разный"><g v="ADJF"></g><g v="Qual"></g><g v="plur"></g><g v="gent"></g></l></v></tfr></token><token id="150326" text="стран"><tfr rev_id="985147" t="стран"><v><l id="337100" t="страна"><g v="NOUN"></g><g v="inan"></g><g v="femn"></g><g v="plur"></g><g v="gent"></g></l></v></tfr></token><token id="150327" text="пришлось"><tfr rev_id="985148" t="пришлось"><v><l id="270741" t="пришёлся"><g v="VERB"></g><g v="perf"></g><g v="intr"></g><g v="neut"></g><g v="sing"></g><g v="past"></g><g v="indc"></g></l></v></tfr></token><token id="150328" text="отменить"><tfr rev_id="985149" t="отменить"><v><l id="215484" t="отменить"><g v="INFN"></g><g v="perf"></g><g v="tran"></g></l></v></tfr></token><token id="150329" text="сотни"><tfr rev_id="3762163" t="сотни"><v><l id="330847" t="сотня"><g v="NOUN"></g><g v="inan"></g><g v="femn"></g><g v="plur"></g><g v="accs"></g></l></v></tfr></token><token id="150330" text="рейсов"><tfr rev_id="3450798" t="рейсов"><v><l id="305589" t="рейс"><g v="NOUN"></g><g v="inan"></g><g v="masc"></g><g v="plur"></g><g v="gent"></g></l></v></tfr></token><token id="150331" text="."><tfr rev_id="985152" t="."><v><l id="0" t="."><g v="PNCT"></g></l></v></tfr></token></tokens></sentence><sentence id="7819"><source>Вулканический пепел обладает абразивными свойствами.</source><tokens><token id="150332" text="Вулканический"><tfr rev_id="985153" t="Вулканический"><v><l id="55298" t="вулканический"><g v="ADJF"></g><g v="masc"></g><g v="sing"></g><g v="nomn"></g></l></v><v><l id="55298" t="вулканический"><g v="ADJF"></g><g v="inan"></g><g v="masc"></g><g v="sing"></g><g v="accs"></g></l></v></tfr></token><token id="150333" text="пепел"><tfr rev_id="985154" t="пепел"><v><l id="226148" t="пепел"><g v="NOUN"></g><g v="inan"></g><g v="masc"></g><g v="sing"></g><g v="nomn"></g></l></v><v><l id="226148" t="пепел"><g v="NOUN"></g><g v="inan"></g><g v="masc"></g><g v="sing"></g><g v="accs"></g></l></v></tfr></token><token id="150334" text="обладает"><tfr rev_id="985155" t="обладает"><v><l id="196101" t="обладаю"><g v="VERB"></g><g v="impf"></g><g v="intr"></g><g v="sing"></g><g v="3per"></g><g v="pres"></g><g v="indc"></g></l></v></tfr></token><token id="150335" text="абразивными"><tfr rev_id="985156" t="абразивными"><v><l id="1664" t="абразивный"><g v="ADJF"></g><g v="plur"></g><g v="ablt"></g></l></v></tfr></token><token id="150336" text="свойствами"><tfr rev_id="985157" t="свойствами"><v><l id="316394" t="свойство"><g v="NOUN"></g><g v="inan"></g><g v="neut"></g><g v="plur"></g><g v="ablt"></g></l></v></tfr></token><token id="150337" text="."><tfr rev_id="985158" t="."><v><l id="0" t="."><g v="PNCT"></g></l></v></tfr></token></tokens></sentence><sentence id="7820"><source>Его попадание в самолетные двигатели может привести к их выходу из строя и остановке.</source><tokens><token id="150338" text="Его"><tfr rev_id="4473044" t="Его"><v><l id="94208" t="его"><g v="ADJF"></g><g v="Fixd"></g><g v="Apro"></g><g v="Anph"></g><g v="masc"></g><g v="sing"></g><g v="nomn"></g></l></v><v><l id="94208" t="его"><g v="ADJF"></g><g v="Fixd"></g><g v="Apro"></g><g v="Anph"></g><g v="masc"></g><g v="sing"></g><g v="gent"></g></l></v><v><l id="94208" t="его"><g v="ADJF"></g><g v="Fixd"></g><g v="Apro"></g><g v="Anph"></g><g v="masc"></g><g v="sing"></g><g v="datv"></g></l></v><v><l id="94208" t="его"><g v="ADJF"></g><g v="Fixd"></g><g v="Apro"></g><g v="Anph"></g><g v="masc"></g><g v="sing"></g><g v="accs"></g></l></v><v><l id="94208" t="его"><g v="ADJF"></g><g v="Fixd"></g><g v="Apro"></g><g v="Anph"></g><g v="masc"></g><g v="sing"></g><g v="ablt"></g></l></v><v><l id="94208" t="его"><g v="ADJF"></g><g v="Fixd"></g><g v="Apro"></g><g v="Anph"></g><g v="masc"></g><g v="sing"></g><g v="loct"></g></l></v><v><l id="94208" t="его"><g v="ADJF"></g><g v="Fixd"></g><g v="Apro"></g><g v="Anph"></g><g v="femn"></g><g v="sing"></g><g v="nomn"></g></l></v><v><l id="94208" t="его"><g v="ADJF"></g><g v="Fixd"></g><g v="Apro"></g><g v="Anph"></g><g v="femn"></g><g v="sing"></g><g v="gent"></g></l></v><v><l id="94208" t="его"><g v="ADJF"></g><g v="Fixd"></g><g v="Apro"></g><g v="Anph"></g><g v="femn"></g><g v="sing"></g><g v="datv"></g></l></v><v><l id="94208" t="его"><g v="ADJF"></g><g v="Fixd"></g><g v="Apro"></g><g v="Anph"></g><g v="femn"></g><g v="sing"></g><g v="accs"></g></l></v><v><l id="94208" t="его"><g v="ADJF"></g><g v="Fixd"></g><g v="Apro"></g><g v="Anph"></g><g v="femn"></g><g v="sing"></g><g v="ablt"></g></l></v><v><l id="94208" t="его"><g v="ADJF"></g><g v="Fixd"></g><g v="Apro"></g><g v="Anph"></g><g v="femn"></g><g v="sing"></g><g v="loct"></g></l></v><v><l id="94208" t="его"><g v="ADJF"></g><g v="Fixd"></g><g v="Apro"></g><g v="Anph"></g><g v="neut"></g><g v="sing"></g><g v="nomn"></g></l></v><v><l id="94208" t="его"><g v="ADJF"></g><g v="Fixd"></g><g v="Apro"></g><g v="Anph"></g><g v="neut"></g><g v="sing"></g><g v="gent"></g></l></v><v><l id="94208" t="его"><g v="ADJF"></g><g v="Fixd"></g><g v="Apro"></g><g v="Anph"></g><g v="neut"></g><g v="sing"></g><g v="datv"></g></l></v><v><l id="94208" t="его"><g v="ADJF"></g><g v="Fixd"></g><g v="Apro"></g><g v="Anph"></g><g v="neut"></g><g v="sing"></g><g v="accs"></g></l></v><v><l id="94208" t="его"><g v="ADJF"></g><g v="Fixd"></g><g v="Apro"></g><g v="Anph"></g><g v="neut"></g><g v="sing"></g><g v="ablt"></g></l></v><v><l id="94208" t="его"><g v="ADJF"></g><g v="Fixd"></g><g v="Apro"></g><g v="Anph"></g><g v="neut"></g><g v="sing"></g><g v="loct"></g></l></v></tfr></token><token id="150339" text="попадание"><tfr rev_id="4212847" t="попадание"><v><l id="258941" t="попадание"><g v="NOUN"></g><g v="inan"></g><g v="neut"></g><g v="sing"></g><g v="nomn"></g></l></v></tfr></token><token id="150340" text="в"><tfr rev_id="985161" t="в"><v><l id="37409" t="в"><g v="PREP"></g></l></v></tfr></token><token id="150341" text="самолетные"><tfr rev_id="4074838" t="самолетные"><v><l id="312515" t="самолётный"><g v="ADJF"></g><g v="Qual"></g><g v="inan"></g><g v="plur"></g><g v="accs"></g></l></v></tfr></token><token id="150342" text="двигатели"><tfr rev_id="3728170" t="двигатели"><v><l id="78813" t="двигатель"><g v="NOUN"></g><g v="inan"></g><g v="masc"></g><g v="plur"></g><g v="accs"></g></l></v></tfr></token><token id="150343" text="может"><tfr rev_id="4232856" t="может"><v><l id="164485" t="могу"><g v="VERB"></g><g v="impf"></g><g v="intr"></g><g v="sing"></g><g v="3per"></g><g v="pres"></g><g v="indc"></g></l></v></tfr></token><token id="150344" text="привести"><tfr rev_id="985165" t="привести"><v><l id="269206" t="привести"><g v="INFN"></g><g v="perf"></g><g v="tran"></g></l></v></tfr></token><token id="150345" text="к"><tfr rev_id="985166" t="к"><v><l id="127460" t="к"><g v="PREP"></g></l></v></tfr></token><token id="150346" text="их"><tfr rev_id="4457283" t="их"><v><l id="127205" t="их"><g v="ADJF"></g><g v="Fixd"></g><g v="Apro"></g><g v="Anph"></g><g v="masc"></g><g v="sing"></g><g v="nomn"></g></l></v><v><l id="127205" t="их"><g v="ADJF"></g><g v="Fixd"></g><g v="Apro"></g><g v="Anph"></g><g v="masc"></g><g v="sing"></g><g v="gent"></g></l></v><v><l id="127205" t="их"><g v="ADJF"></g><g v="Fixd"></g><g v="Apro"></g><g v="Anph"></g><g v="masc"></g><g v="sing"></g><g v="datv"></g></l></v><v><l id="127205" t="их"><g v="ADJF"></g><g v="Fixd"></g><g v="Apro"></g><g v="Anph"></g><g v="masc"></g><g v="sing"></g><g v="accs"></g></l></v><v><l id="127205" t="их"><g v="ADJF"></g><g v="Fixd"></g><g v="Apro"></g><g v="Anph"></g><g v="masc"></g><g v="sing"></g><g v="ablt"></g></l></v><v><l id="127205" t="их"><g v="ADJF"></g><g v="Fixd"></g><g v="Apro"></g><g v="Anph"></g><g v="masc"></g><g v="sing"></g><g v="loct"></g></l></v></tfr></token><token id="150347" text="выходу"><tfr rev_id="985168" t="выходу"><v><l id="63960" t="выход"><g v="NOUN"></g><g v="inan"></g><g v="masc"></g><g v="sing"></g><g v="datv"></g></l></v></tfr></token><token id="150348" text="из"><tfr rev_id="2557407" t="из"><v><l id="117677" t="из"><g v="PREP"></g></l></v></tfr></token><token id="150349" text="строя"><tfr rev_id="2634340" t="строя"><v><l id="337692" t="строй"><g v="NOUN"></g><g v="inan"></g><g v="masc"></g><g v="sing"></g><g v="gent"></g></l></v></tfr></token><token id="150350" text="и"><tfr rev_id="985171" t="и"><v><l id="116949" t="и"><g v="CONJ"></g></l></v><v><l id="116950" t="и"><g v="INTJ"></g></l></v></tfr></token><token id="150351" text="остановке"><tfr rev_id="3551291" t="остановке"><v><l id="210869" t="остановка"><g v="NOUN"></g><g v="inan"></g><g v="femn"></g><g v="sing"></g><g v="datv"></g></l></v></tfr></token><token id="150352" text="."><tfr rev_id="985173" t="."><v><l id="0" t="."><g v="PNCT"></g></l></v></tfr></token></tokens></sentence><sentence id="7821"><source>Авиасообщение в ряде европейских стран было парализовано полностью.</source><tokens><token id="150353" text="Авиасообщение"><tfr rev_id="985174" t="Авиасообщение"><v><l id="2691" t="авиасообщение"><g v="NOUN"></g><g v="inan"></g><g v="neut"></g><g v="Sgtm"></g><g v="sing"></g><g v="nomn"></g></l></v><v><l id="2691" t="авиасообщение"><g v="NOUN"></g><g v="inan"></g><g v="neut"></g><g v="Sgtm"></g><g v="sing"></g><g v="accs"></g></l></v></tfr></token><token id="150354" text="в"><tfr rev_id="985175" t="в"><v><l id="37409" t="в"><g v="PREP"></g></l></v></tfr></token><token id="150355" text="ряде"><tfr rev_id="985176" t="ряде"><v><l id="311045" t="ряд"><g v="NOUN"></g><g v="inan"></g><g v="masc"></g><g v="sing"></g><g v="loc1"></g></l></v></tfr></token><token id="150356" text="европейских"><tfr rev_id="3668585" t="европейских"><v><l id="94034" t="европейский"><g v="ADJF"></g><g v="plur"></g><g v="gent"></g></l></v></tfr></token><token id="150357" text="стран"><tfr rev_id="985178" t="стран"><v><l id="337100" t="страна"><g v="NOUN"></g><g v="inan"></g><g v="femn"></g><g v="plur"></g><g v="gent"></g></l></v></tfr></token><token id="150358" text="было"><tfr rev_id="3094379" t="было"><v><l id="37265" t="есть"><g v="VERB"></g><g v="impf"></g><g v="intr"></g><g v="neut"></g><g v="sing"></g><g v="past"></g><g v="indc"></g></l></v></tfr></token><token id="150359" text="парализовано"><tfr rev_id="985180" t="парализовано"><v><l id="223739" t="парализован"><g v="PRTS"></g><g v="perf"></g><g v="past"></g><g v="pssv"></g><g v="neut"></g><g v="sing"></g></l></v><v><l id="223740" t="парализован"><g v="PRTS"></g><g v="impf"></g><g v="past"></g><g v="pssv"></g><g v="neut"></g><g v="sing"></g></l></v></tfr></token><token id="150360" text="полностью"><tfr rev_id="985181" t="полностью"><v><l id="256145" t="полностью"><g v="ADVB"></g></l></v></tfr></token><token id="150361" text="."><tfr rev_id="985182" t="."><v><l id="0" t="."><g v="PNCT"></g></l></v></tfr></token></tokens></sentence><sentence id="7822"><source>Миллионы пассажиров оказались в ловушке.</source><tokens><token id="150362" text="Миллионы"><tfr rev_id="3751411" t="Миллионы"><v><l id="160260" t="миллион"><g v="NOUN"></g><g v="inan"></g><g v="masc"></g><g v="plur"></g><g v="nomn"></g></l></v></tfr></token><token id="150363" text="пассажиров"><tfr rev_id="4202397" t="пассажиров"><v><l id="224760" t="пассажир"><g v="NOUN"></g><g v="anim"></g><g v="masc"></g><g v="plur"></g><g v="gent"></g></l></v></tfr></token><token id="150364" text="оказались"><tfr rev_id="985185" t="оказались"><v><l id="204462" t="оказался"><g v="VERB"></g><g v="perf"></g><g v="intr"></g><g v="plur"></g><g v="past"></g><g v="indc"></g></l></v></tfr></token><token id="150365" text="в"><tfr rev_id="985186" t="в"><v><l id="37409" t="в"><g v="PREP"></g></l></v></tfr></token><token id="150366" text="ловушке"><tfr rev_id="3534784" t="ловушке"><v><l id="150402" t="ловушка"><g v="NOUN"></g><g v="inan"></g><g v="femn"></g><g v="sing"></g><g v="loct"></g></l></v></tfr></token><token id="150367" text="."><tfr rev_id="985188" t="."><v><l id="0" t="."><g v="PNCT"></g></l></v></tfr></token></tokens></sentence></paragraph><paragraph id="2486"><sentence id="7823"><source>Метеорологическая служба Исландии сообщила, что в субботу Гримсвотн, находящийся под самым большим в стране ледником Ватнайокулл, выбросил столб дыма высотой в одиннадцать километров.</source><tokens><token id="150368" text="Метеорологическая"><tfr rev_id="985189" t="Метеорологическая"><v><l id="159174" t="метеорологический"><g v="ADJF"></g><g v="femn"></g><g v="sing"></g><g v="nomn"></g></l></v></tfr></token><token id="150369" text="служба"><tfr rev_id="985190" t="служба"><v><l id="325377" t="служба"><g v="NOUN"></g><g v="inan"></g><g v="femn"></g><g v="sing"></g><g v="nomn"></g></l></v></tfr></token><token id="150370" text="Исландии"><tfr rev_id="3455415" t="Исландии"><v><l id="124943" t="исландия"><g v="NOUN"></g><g v="inan"></g><g v="femn"></g><g v="Sgtm"></g><g v="Geox"></g><g v="sing"></g><g v="gent"></g></l></v></tfr></token><token id="150371" text="сообщила"><tfr rev_id="985192" t="сообщила"><v><l id="329556" t="сообщил"><g v="VERB"></g><g v="perf"></g><g v="tran"></g><g v="femn"></g><g v="sing"></g><g v="past"></g><g v="indc"></g></l></v></tfr></token><token id="150372" text=","><tfr rev_id="985193" t=","><v><l id="0" t=","><g v="PNCT"></g></l></v></tfr></token><token id="150373" text="что"><tfr rev_id="3192378" t="что"><v><l id="377004" t="что"><g v="CONJ"></g></l></v><v><l id="377005" t="что"><g v="NPRO"></g><g v="neut"></g><g v="sing"></g><g v="nomn"></g></l></v><v><l id="377005" t="что"><g v="NPRO"></g><g v="neut"></g><g v="sing"></g><g v="accs"></g></l></v><v><l id="377006" t="что"><g v="ADVB"></g><g v="Ques"></g></l></v><v><l id="388695" t="что"><g v="PRCL"></g></l></v></tfr></token><token id="150374" text="в"><tfr rev_id="985195" t="в"><v><l id="37409" t="в"><g v="PREP"></g></l></v></tfr></token><token id="150375" text="субботу"><tfr rev_id="985196" t="субботу"><v><l id="338556" t="суббота"><g v="NOUN"></g><g v="inan"></g><g v="femn"></g><g v="sing"></g><g v="accs"></g></l></v></tfr></token><token id="150376" text="Гримсвотн"><tfr rev_id="985197" t="Гримсвотн"><v><l id="0" t="гримсвотн"><g v="UNKN"></g></l></v></tfr></token><token id="150377" text=","><tfr rev_id="985198" t=","><v><l id="0" t=","><g v="PNCT"></g></l></v></tfr></token><token id="150378" text="находящийся"><tfr rev_id="985199" t="находящийся"><v><l id="177900" t="находящийся"><g v="PRTF"></g><g v="impf"></g><g v="intr"></g><g v="pres"></g><g v="actv"></g><g v="masc"></g><g v="sing"></g><g v="nomn"></g></l></v><v><l id="177900" t="находящийся"><g v="PRTF"></g><g v="impf"></g><g v="intr"></g><g v="pres"></g><g v="actv"></g><g v="inan"></g><g v="masc"></g><g v="sing"></g><g v="accs"></g></l></v></tfr></token><token id="150379" text="под"><tfr rev_id="2561270" t="под"><v><l id="243755" t="под"><g v="PREP"></g></l></v></tfr></token><token id="150380" text="самым"><tfr rev_id="4351782" t="самым"><v><l id="313174" t="самый"><g v="ADJF"></g><g v="Apro"></g><g v="masc"></g><g v="sing"></g><g v="ablt"></g></l></v></tfr></token><token id="150381" text="большим"><tfr rev_id="4534042" t="большим"><v><l id="32439" t="больший"><g v="ADJF"></g><g v="Qual"></g><g v="masc"></g><g v="sing"></g><g v="ablt"></g></l></v><v><l id="32445" t="большой"><g v="ADJF"></g><g v="Qual"></g><g v="masc"></g><g v="sing"></g><g v="ablt"></g></l></v></tfr></token><token id="150382" text="в"><tfr rev_id="985203" t="в"><v><l id="37409" t="в"><g v="PREP"></g></l></v></tfr></token><token id="150383" text="стране"><tfr rev_id="3472022" t="стране"><v><l id="337100" t="страна"><g v="NOUN"></g><g v="inan"></g><g v="femn"></g><g v="sing"></g><g v="loct"></g></l></v></tfr></token><token id="150384" text="ледником"><tfr rev_id="985205" t="ледником"><v><l id="147719" t="ледник"><g v="NOUN"></g><g v="inan"></g><g v="masc"></g><g v="sing"></g><g v="ablt"></g></l></v></tfr></token><token id="150385" text="Ватнайокулл"><tfr rev_id="985206" t="Ватнайокулл"><v><l id="0" t="ватнайокулл"><g v="UNKN"></g></l></v></tfr></token><token id="150386" text=","><tfr rev_id="985207" t=","><v><l id="0" t=","><g v="PNCT"></g></l></v></tfr></token><token id="150387" text="выбросил"><tfr rev_id="985208" t="выбросил"><v><l id="55856" t="выбросил"><g v="VERB"></g><g v="perf"></g><g v="tran"></g><g v="masc"></g><g v="sing"></g><g v="past"></g><g v="indc"></g></l></v></tfr></token><token id="150388" text="столб"><tfr rev_id="2584154" t="столб"><v><l id="336522" t="столб"><g v="NOUN"></g><g v="inan"></g><g v="masc"></g><g v="sing"></g><g v="accs"></g></l></v></tfr></token><token id="150389" text="дыма"><tfr rev_id="985210" t="дыма"><v><l id="93471" t="дым"><g v="NOUN"></g><g v="inan"></g><g v="masc"></g><g v="sing"></g><g v="gen1"></g></l></v></tfr></token><token id="150390" text="высотой"><tfr rev_id="985211" t="высотой"><v><l id="62492" t="высота"><g v="NOUN"></g><g v="inan"></g><g v="femn"></g><g v="sing"></g><g v="ablt"></g></l></v></tfr></token><token id="150391" text="в"><tfr rev_id="985212" t="в"><v><l id="37409" t="в"><g v="PREP"></g></l></v></tfr></token><token id="150392" text="одиннадцать"><tfr rev_id="985213" t="одиннадцать"><v><l id="203338" t="одиннадцать"><g v="NUMR"></g><g v="nomn"></g></l></v><v><l id="203338" t="одиннадцать"><g v="NUMR"></g><g v="accs"></g></l></v></tfr></token><token id="150393" text="километров"><tfr rev_id="2703431" t="километров"><v><l id="132850" t="километр"><g v="NOUN"></g><g v="inan"></g><g v="masc"></g><g v="plur"></g><g v="gent"></g></l></v></tfr></token><token id="150394" text="."><tfr rev_id="985215" t="."><v><l id="0" t="."><g v="PNCT"></g></l></v></tfr></token></tokens></sentence><sentence id="7824"><source>Территория Исландии в районе этого ледника необитаема.</source><tokens><token id="150395" text="Территория"><tfr rev_id="985216" t="Территория"><v><l id="345621" t="территория"><g v="NOUN"></g><g v="inan"></g><g v="femn"></g><g v="sing"></g><g v="nomn"></g></l></v></tfr></token><token id="150396" text="Исландии"><tfr rev_id="3455695" t="Исландии"><v><l id="124943" t="исландия"><g v="NOUN"></g><g v="inan"></g><g v="femn"></g><g v="Sgtm"></g><g v="Geox"></g><g v="sing"></g><g v="gent"></g></l></v></tfr></token><token id="150397" text="в"><tfr rev_id="985218" t="в"><v><l id="37409" t="в"><g v="PREP"></g></l></v></tfr></token><token id="150398" text="районе"><tfr rev_id="985219" t="районе"><v><l id="297595" t="район"><g v="NOUN"></g><g v="inan"></g><g v="masc"></g><g v="sing"></g><g v="loct"></g></l></v></tfr></token><token id="150399" text="этого"><tfr rev_id="4433001" t="этого"><v><l id="386581" t="этот"><g v="ADJF"></g><g v="Subx"></g><g v="Apro"></g><g v="Anph"></g><g v="masc"></g><g v="sing"></g><g v="gent"></g></l></v><v><l id="386581" t="этот"><g v="ADJF"></g><g v="Subx"></g><g v="Apro"></g><g v="Anph"></g><g v="anim"></g><g v="masc"></g><g v="sing"></g><g v="accs"></g></l></v></tfr></token><token id="150400" text="ледника"><tfr rev_id="985221" t="ледника"><v><l id="147719" t="ледник"><g v="NOUN"></g><g v="inan"></g><g v="masc"></g><g v="sing"></g><g v="gent"></g></l></v></tfr></token><token id="150401" text="необитаема"><tfr rev_id="985222" t="необитаема"><v><l id="184684" t="необитаем"><g v="ADJS"></g><g v="femn"></g><g v="sing"></g></l></v></tfr></token><token id="150402" text="."><tfr rev_id="985223" t="."><v><l id="0" t="."><g v="PNCT"></g></l></v></tfr></token></tokens></sentence><sentence id="7825"><source>В последний раз Гримсвотн просыпался в 2004 году.</source><tokens><token id="150403" text="В"><tfr rev_id="985224" t="В"><v><l id="37409" t="в"><g v="PREP"></g></l></v></tfr></token><token id="150404" text="последний"><tfr rev_id="985225" t="последний"><v><l id="261565" t="последний"><g v="ADJF"></g><g v="masc"></g><g v="sing"></g><g v="nomn"></g></l></v><v><l id="261565" t="последний"><g v="ADJF"></g><g v="inan"></g><g v="masc"></g><g v="sing"></g><g v="accs"></g></l></v></tfr></token><token id="150405" text="раз"><tfr rev_id="4460225" t="раз"><v><l id="291500" t="раз"><g v="NOUN"></g><g v="inan"></g><g v="masc"></g><g v="sing"></g><g v="nomn"></g></l></v><v><l id="291500" t="раз"><g v="NOUN"></g><g v="inan"></g><g v="masc"></g><g v="sing"></g><g v="accs"></g></l></v></tfr></token><token id="150406" text="Гримсвотн"><tfr rev_id="985227" t="Гримсвотн"><v><l id="0" t="гримсвотн"><g v="UNKN"></g></l></v></tfr></token><token id="150407" text="просыпался"><tfr rev_id="985228" t="просыпался"><v><l id="285444" t="просыпаюсь"><g v="VERB"></g><g v="impf"></g><g v="intr"></g><g v="masc"></g><g v="sing"></g><g v="past"></g><g v="indc"></g></l></v><v><l id="285449" t="просыпался"><g v="VERB"></g><g v="perf"></g><g v="intr"></g><g v="masc"></g><g v="sing"></g><g v="past"></g><g v="indc"></g></l></v></tfr></token><token id="150408" text="в"><tfr rev_id="985229" t="в"><v><l id="37409" t="в"><g v="PREP"></g></l></v></tfr></token><token id="150409" text="2004"><tfr rev_id="2456098" t="2004"><v><l id="0" t="2004"><g v="NUMB"></g></l></v></tfr></token><token id="150410" text="году"><tfr rev_id="3045860" t="году"><v><l id="72149" t="год"><g v="NOUN"></g><g v="inan"></g><g v="masc"></g><g v="sing"></g><g v="loc2"></g></l></v></tfr></token><token id="150411" text="."><tfr rev_id="985232" t="."><v><l id="0" t="."><g v="PNCT"></g></l></v></tfr></token></tokens></sentence><sentence id="7826"><source>Вулканологи заявляют, что нынешнее его извержение относительно небольшое.</source><tokens><token id="150412" text="Вулканологи"><tfr rev_id="985233" t="Вулканологи"><v><l id="55302" t="вулканолог"><g v="NOUN"></g><g v="anim"></g><g v="masc"></g><g v="plur"></g><g v="nomn"></g></l></v></tfr></token><token id="150413" text="заявляют"><tfr rev_id="985234" t="заявляют"><v><l id="114312" t="заявляю"><g v="VERB"></g><g v="impf"></g><g v="tran"></g><g v="plur"></g><g v="3per"></g><g v="pres"></g><g v="indc"></g></l></v></tfr></token><token id="150414" text=","><tfr rev_id="985235" t=","><v><l id="0" t=","><g v="PNCT"></g></l></v></tfr></token><token id="150415" text="что"><tfr rev_id="3192379" t="что"><v><l id="377004" t="что"><g v="CONJ"></g></l></v><v><l id="377005" t="что"><g v="NPRO"></g><g v="neut"></g><g v="sing"></g><g v="nomn"></g></l></v><v><l id="377005" t="что"><g v="NPRO"></g><g v="neut"></g><g v="sing"></g><g v="accs"></g></l></v><v><l id="377006" t="что"><g v="ADVB"></g><g v="Ques"></g></l></v><v><l id="388695" t="что"><g v="PRCL"></g></l></v></tfr></token><token id="150416" text="нынешнее"><tfr rev_id="3810692" t="нынешнее"><v><l id="192793" t="нынешний"><g v="ADJF"></g><g v="neut"></g><g v="sing"></g><g v="nomn"></g></l></v><v><l id="192793" t="нынешний"><g v="ADJF"></g><g v="neut"></g><g v="sing"></g><g v="accs"></g></l></v></tfr></token><token id="150417" text="его"><tfr rev_id="4457523" t="его"><v><l id="94208" t="его"><g v="ADJF"></g><g v="Fixd"></g><g v="Apro"></g><g v="Anph"></g><g v="neut"></g><g v="sing"></g><g v="nomn"></g></l></v><v><l id="94208" t="его"><g v="ADJF"></g><g v="Fixd"></g><g v="Apro"></g><g v="Anph"></g><g v="neut"></g><g v="sing"></g><g v="gent"></g></l></v><v><l id="94208" t="его"><g v="ADJF"></g><g v="Fixd"></g><g v="Apro"></g><g v="Anph"></g><g v="neut"></g><g v="sing"></g><g v="datv"></g></l></v><v><l id="94208" t="его"><g v="ADJF"></g><g v="Fixd"></g><g v="Apro"></g><g v="Anph"></g><g v="neut"></g><g v="sing"></g><g v="accs"></g></l></v><v><l id="94208" t="его"><g v="ADJF"></g><g v="Fixd"></g><g v="Apro"></g><g v="Anph"></g><g v="neut"></g><g v="sing"></g><g v="ablt"></g></l></v><v><l id="94208" t="его"><g v="ADJF"></g><g v="Fixd"></g><g v="Apro"></g><g v="Anph"></g><g v="neut"></g><g v="sing"></g><g v="loct"></g></l></v></tfr></token><token id="150418" text="извержение"><tfr rev_id="985239" t="извержение"><v><l id="118068" t="извержение"><g v="NOUN"></g><g v="inan"></g><g v="neut"></g><g v="sing"></g><g v="nomn"></g></l></v><v><l id="118068" t="извержение"><g v="NOUN"></g><g v="inan"></g><g v="neut"></g><g v="sing"></g><g v="accs"></g></l></v></tfr></token><token id="150419" text="относительно"><tfr rev_id="4492028" t="относительно"><v><l id="215909" t="относительно"><g v="ADVB"></g></l></v></tfr></token><token id="150420" text="небольшое"><tfr rev_id="985241" t="небольшое"><v><l id="179467" t="небольшой"><g v="ADJF"></g><g v="neut"></g><g v="sing"></g><g v="nomn"></g></l></v><v><l id="179467" t="небольшой"><g v="ADJF"></g><g v="neut"></g><g v="sing"></g><g v="accs"></g></l></v></tfr></token><token id="150421" text="."><tfr rev_id="985242" t="."><v><l id="0" t="."><g v="PNCT"></g></l></v></tfr></token></tokens></sentence><sentence id="7827"><source>Сейчас в этот район направлена группа экспертов-вулканологов.</source><tokens><token id="150422" text="Сейчас"><tfr rev_id="985243" t="Сейчас"><v><l id="317975" t="сейчас"><g v="ADVB"></g></l></v></tfr></token><token id="150423" text="в"><tfr rev_id="985244" t="в"><v><l id="37409" t="в"><g v="PREP"></g></l></v></tfr></token><token id="150424" text="этот"><tfr rev_id="4431718" t="этот"><v><l id="386581" t="этот"><g v="ADJF"></g><g v="Subx"></g><g v="Apro"></g><g v="Anph"></g><g v="masc"></g><g v="sing"></g><g v="nomn"></g></l></v><v><l id="386581" t="этот"><g v="ADJF"></g><g v="Subx"></g><g v="Apro"></g><g v="Anph"></g><g v="inan"></g><g v="masc"></g><g v="sing"></g><g v="accs"></g></l></v></tfr></token><token id="150425" text="район"><tfr rev_id="3949220" t="район"><v><l id="297595" t="район"><g v="NOUN"></g><g v="inan"></g><g v="masc"></g><g v="sing"></g><g v="accs"></g></l></v></tfr></token><token id="150426" text="направлена"><tfr rev_id="985247" t="направлена"><v><l id="173956" t="направлен"><g v="PRTS"></g><g v="perf"></g><g v="past"></g><g v="pssv"></g><g v="femn"></g><g v="sing"></g></l></v></tfr></token><token id="150427" text="группа"><tfr rev_id="985248" t="группа"><v><l id="76092" t="группа"><g v="NOUN"></g><g v="inan"></g><g v="femn"></g><g v="sing"></g><g v="nomn"></g></l></v></tfr></token><token id="150428" text="экспертов"><tfr rev_id="3502337" t="экспертов"><v><l id="383582" t="эксперт"><g v="NOUN"></g><g v="anim"></g><g v="masc"></g><g v="plur"></g><g v="gent"></g></l></v></tfr></token><token id="150429" text="-"><tfr rev_id="985250" t="-"><v><l id="0" t="-"><g v="PNCT"></g></l></v></tfr></token><token id="150430" text="вулканологов"><tfr rev_id="4200075" t="вулканологов"><v><l id="55302" t="вулканолог"><g v="NOUN"></g><g v="anim"></g><g v="masc"></g><g v="plur"></g><g v="gent"></g></l></v></tfr></token><token id="150431" text="."><tfr rev_id="985252" t="."><v><l id="0" t="."><g v="PNCT"></g></l></v></tfr></token></tokens></sentence></paragraph></paragraphs></text>