<?xml version="1.0" encoding="utf-8"?><text id="1090" parent="226" name="16475 До глубокой ночи"><tags><tag>url:http://www.chaskor.ru/news/do_glubokoj_nochi_16475</tag><tag>Год:2010</tag><tag>Дата:03/04</tag><tag>Тема:ЧасКор:Общество</tag><tag>Тема:ЧасКор:Общество/Инфраструктура</tag></tags><paragraphs><paragraph id="10541"><sentence id="33102"><source>До глубокой ночи</source><tokens><token id="593336" text="До"><tfr rev_id="1426407" t="До"><v><l id="85153" t="до"><g v="PREP"></g></l></v></tfr></token><token id="593337" text="глубокой"><tfr rev_id="3861942" t="глубокой"><v><l id="71442" t="глубокий"><g v="ADJF"></g><g v="Qual"></g><g v="femn"></g><g v="sing"></g><g v="gent"></g></l></v></tfr></token><token id="593338" text="ночи"><tfr rev_id="4463558" t="ночи"><v><l id="192469" t="ночь"><g v="NOUN"></g><g v="inan"></g><g v="femn"></g><g v="sing"></g><g v="gent"></g></l></v></tfr></token></tokens></sentence><sentence id="33103"><source>В Пасхальную ночь московское метро будет работать дольше.</source><tokens><token id="593339" text="В"><tfr rev_id="1426410" t="В"><v><l id="37409" t="в"><g v="PREP"></g></l></v></tfr></token><token id="593340" text="Пасхальную"><tfr rev_id="1426411" t="Пасхальную"><v><l id="224930" t="пасхальный"><g v="ADJF"></g><g v="Qual"></g><g v="femn"></g><g v="sing"></g><g v="accs"></g></l></v></tfr></token><token id="593341" text="ночь"><tfr rev_id="1426412" t="ночь"><v><l id="192469" t="ночь"><g v="NOUN"></g><g v="inan"></g><g v="femn"></g><g v="sing"></g><g v="nomn"></g></l></v><v><l id="192469" t="ночь"><g v="NOUN"></g><g v="inan"></g><g v="femn"></g><g v="sing"></g><g v="accs"></g></l></v></tfr></token><token id="593342" text="московское"><tfr rev_id="1426413" t="московское"><v><l id="163933" t="московский"><g v="ADJF"></g><g v="neut"></g><g v="sing"></g><g v="nomn"></g></l></v><v><l id="163933" t="московский"><g v="ADJF"></g><g v="neut"></g><g v="sing"></g><g v="accs"></g></l></v></tfr></token><token id="593343" text="метро"><tfr rev_id="4166314" t="метро"><v><l id="159307" t="метро"><g v="NOUN"></g><g v="inan"></g><g v="neut"></g><g v="Fixd"></g><g v="sing"></g><g v="nomn"></g></l></v></tfr></token><token id="593344" text="будет"><tfr rev_id="1426415" t="будет"><v><l id="37265" t="есть"><g v="VERB"></g><g v="impf"></g><g v="intr"></g><g v="sing"></g><g v="3per"></g><g v="futr"></g><g v="indc"></g></l></v></tfr></token><token id="593345" text="работать"><tfr rev_id="1426416" t="работать"><v><l id="290503" t="работать"><g v="INFN"></g><g v="impf"></g><g v="intr"></g></l></v></tfr></token><token id="593346" text="дольше"><tfr rev_id="1426417" t="дольше"><v><l id="87738" t="дольше"><g v="COMP"></g><g v="Qual"></g></l></v></tfr></token><token id="593347" text="."><tfr rev_id="1426418" t="."><v><l id="0" t="."><g v="PNCT"></g></l></v></tfr></token></tokens></sentence></paragraph><paragraph id="10542"><sentence id="33104"><source>В пасхальную ночь в Москве общественный транспорт будет работать по особому расписанию.</source><tokens><token id="593348" text="В"><tfr rev_id="1426419" t="В"><v><l id="37409" t="в"><g v="PREP"></g></l></v></tfr></token><token id="593349" text="пасхальную"><tfr rev_id="1426420" t="пасхальную"><v><l id="224930" t="пасхальный"><g v="ADJF"></g><g v="Qual"></g><g v="femn"></g><g v="sing"></g><g v="accs"></g></l></v></tfr></token><token id="593350" text="ночь"><tfr rev_id="3473854" t="ночь"><v><l id="192469" t="ночь"><g v="NOUN"></g><g v="inan"></g><g v="femn"></g><g v="sing"></g><g v="accs"></g></l></v></tfr></token><token id="593351" text="в"><tfr rev_id="1426422" t="в"><v><l id="37409" t="в"><g v="PREP"></g></l></v></tfr></token><token id="593352" text="Москве"><tfr rev_id="3556968" t="Москве"><v><l id="163901" t="москва"><g v="NOUN"></g><g v="inan"></g><g v="femn"></g><g v="Sgtm"></g><g v="Geox"></g><g v="sing"></g><g v="loct"></g></l></v></tfr></token><token id="593353" text="общественный"><tfr rev_id="1426424" t="общественный"><v><l id="201612" t="общественный"><g v="ADJF"></g><g v="masc"></g><g v="sing"></g><g v="nomn"></g></l></v><v><l id="201612" t="общественный"><g v="ADJF"></g><g v="inan"></g><g v="masc"></g><g v="sing"></g><g v="accs"></g></l></v></tfr></token><token id="593354" text="транспорт"><tfr rev_id="4107282" t="транспорт"><v><l id="349139" t="транспорт"><g v="NOUN"></g><g v="inan"></g><g v="masc"></g><g v="sing"></g><g v="nomn"></g></l></v></tfr></token><token id="593355" text="будет"><tfr rev_id="1426426" t="будет"><v><l id="37265" t="есть"><g v="VERB"></g><g v="impf"></g><g v="intr"></g><g v="sing"></g><g v="3per"></g><g v="futr"></g><g v="indc"></g></l></v></tfr></token><token id="593356" text="работать"><tfr rev_id="1426427" t="работать"><v><l id="290503" t="работать"><g v="INFN"></g><g v="impf"></g><g v="intr"></g></l></v></tfr></token><token id="593357" text="по"><tfr rev_id="1426428" t="по"><v><l id="241240" t="по"><g v="PREP"></g></l></v></tfr></token><token id="593358" text="особому"><tfr rev_id="4076670" t="особому"><v><l id="210653" t="особый"><g v="ADJF"></g><g v="neut"></g><g v="sing"></g><g v="datv"></g></l></v></tfr></token><token id="593359" text="расписанию"><tfr rev_id="1426430" t="расписанию"><v><l id="299736" t="расписание"><g v="NOUN"></g><g v="inan"></g><g v="neut"></g><g v="sing"></g><g v="datv"></g></l></v></tfr></token><token id="593360" text="."><tfr rev_id="1426431" t="."><v><l id="0" t="."><g v="PNCT"></g></l></v></tfr></token></tokens></sentence><sentence id="33105"><source>Как сообщила пресс-служба городского департамента транспорта и связи, поезда метро будут ходить до 02:30.</source><tokens><token id="593361" text="Как"><tfr rev_id="1426432" t="Как"><v><l id="128190" t="как"><g v="CONJ"></g></l></v><v><l id="128191" t="как"><g v="PRCL"></g></l></v><v><l id="128192" t="как"><g v="ADVB"></g><g v="Ques"></g></l></v></tfr></token><token id="593362" text="сообщила"><tfr rev_id="1426433" t="сообщила"><v><l id="329556" t="сообщил"><g v="VERB"></g><g v="perf"></g><g v="tran"></g><g v="femn"></g><g v="sing"></g><g v="past"></g><g v="indc"></g></l></v></tfr></token><token id="593363" text="пресс-служба"><tfr rev_id="1426434" t="пресс-служба"><v><l id="268250" t="пресс-служба"><g v="NOUN"></g><g v="inan"></g><g v="femn"></g><g v="sing"></g><g v="nomn"></g></l></v></tfr></token><token id="593364" text="городского"><tfr rev_id="4317763" t="городского"><v><l id="73611" t="городской"><g v="ADJF"></g><g v="masc"></g><g v="sing"></g><g v="gent"></g></l></v><v><l id="73611" t="городской"><g v="ADJF"></g><g v="anim"></g><g v="masc"></g><g v="sing"></g><g v="accs"></g></l></v></tfr></token><token id="593365" text="департамента"><tfr rev_id="1426436" t="департамента"><v><l id="81458" t="департамент"><g v="NOUN"></g><g v="inan"></g><g v="masc"></g><g v="sing"></g><g v="gent"></g></l></v></tfr></token><token id="593366" text="транспорта"><tfr rev_id="1426437" t="транспорта"><v><l id="349139" t="транспорт"><g v="NOUN"></g><g v="inan"></g><g v="masc"></g><g v="sing"></g><g v="gent"></g></l></v></tfr></token><token id="593367" text="и"><tfr rev_id="1426438" t="и"><v><l id="116949" t="и"><g v="CONJ"></g></l></v><v><l id="116950" t="и"><g v="INTJ"></g></l></v></tfr></token><token id="593368" text="связи"><tfr rev_id="4392820" t="связи"><v><l id="316572" t="связь"><g v="NOUN"></g><g v="inan"></g><g v="femn"></g><g v="sing"></g><g v="gent"></g></l></v></tfr></token><token id="593369" text=","><tfr rev_id="1426440" t=","><v><l id="0" t=","><g v="PNCT"></g></l></v></tfr></token><token id="593370" text="поезда"><tfr rev_id="3797943" t="поезда"><v><l id="252961" t="поезд"><g v="NOUN"></g><g v="inan"></g><g v="masc"></g><g v="plur"></g><g v="nomn"></g></l></v></tfr></token><token id="593371" text="метро"><tfr rev_id="4178730" t="метро"><v><l id="159307" t="метро"><g v="NOUN"></g><g v="inan"></g><g v="neut"></g><g v="Fixd"></g><g v="sing"></g><g v="gent"></g></l></v></tfr></token><token id="593372" text="будут"><tfr rev_id="1426443" t="будут"><v><l id="37265" t="есть"><g v="VERB"></g><g v="impf"></g><g v="intr"></g><g v="plur"></g><g v="3per"></g><g v="futr"></g><g v="indc"></g></l></v></tfr></token><token id="593373" text="ходить"><tfr rev_id="1426444" t="ходить"><v><l id="371114" t="ходить"><g v="INFN"></g><g v="impf"></g><g v="intr"></g></l></v></tfr></token><token id="593374" text="до"><tfr rev_id="1426445" t="до"><v><l id="85153" t="до"><g v="PREP"></g></l></v></tfr></token><token id="593375" text="02:30"><tfr rev_id="4567423" t="02:30"><v><l id="0" t="02:30"><g v="TIME"></g></l></v></tfr></token><token id="593376" text="."><tfr rev_id="1426447" t="."><v><l id="0" t="."><g v="PNCT"></g></l></v></tfr></token></tokens></sentence><sentence id="33106"><source>Наземный транспорт, связывающий станции метро и железной дороги со"спальными"районами, будет работать до 03:30.</source><tokens><token id="593377" text="Наземный"><tfr rev_id="1426448" t="Наземный"><v><l id="170372" t="наземный"><g v="ADJF"></g><g v="Qual"></g><g v="masc"></g><g v="sing"></g><g v="nomn"></g></l></v><v><l id="170372" t="наземный"><g v="ADJF"></g><g v="Qual"></g><g v="inan"></g><g v="masc"></g><g v="sing"></g><g v="accs"></g></l></v></tfr></token><token id="593378" text="транспорт"><tfr rev_id="4348407" t="транспорт"><v><l id="349139" t="транспорт"><g v="NOUN"></g><g v="inan"></g><g v="masc"></g><g v="sing"></g><g v="nomn"></g></l></v></tfr></token><token id="593379" text=","><tfr rev_id="1426450" t=","><v><l id="0" t=","><g v="PNCT"></g></l></v></tfr></token><token id="593380" text="связывающий"><tfr rev_id="1426451" t="связывающий"><v><l id="316562" t="связывающий"><g v="PRTF"></g><g v="impf"></g><g v="tran"></g><g v="pres"></g><g v="actv"></g><g v="masc"></g><g v="sing"></g><g v="nomn"></g></l></v><v><l id="316562" t="связывающий"><g v="PRTF"></g><g v="impf"></g><g v="tran"></g><g v="pres"></g><g v="actv"></g><g v="inan"></g><g v="masc"></g><g v="sing"></g><g v="accs"></g></l></v></tfr></token><token id="593381" text="станции"><tfr rev_id="3757830" t="станции"><v><l id="334704" t="станция"><g v="NOUN"></g><g v="inan"></g><g v="femn"></g><g v="plur"></g><g v="accs"></g></l></v></tfr></token><token id="593382" text="метро"><tfr rev_id="4178694" t="метро"><v><l id="159307" t="метро"><g v="NOUN"></g><g v="inan"></g><g v="neut"></g><g v="Fixd"></g><g v="sing"></g><g v="gent"></g></l></v></tfr></token><token id="593383" text="и"><tfr rev_id="1426454" t="и"><v><l id="116949" t="и"><g v="CONJ"></g></l></v><v><l id="116950" t="и"><g v="INTJ"></g></l></v></tfr></token><token id="593384" text="железной"><tfr rev_id="4424299" t="железной"><v><l id="96343" t="железный"><g v="ADJF"></g><g v="Qual"></g><g v="femn"></g><g v="sing"></g><g v="gent"></g></l></v></tfr></token><token id="593385" text="дороги"><tfr rev_id="3532417" t="дороги"><v><l id="89707" t="дорога"><g v="NOUN"></g><g v="inan"></g><g v="femn"></g><g v="sing"></g><g v="gent"></g></l></v></tfr></token><token id="593386" text="со"><tfr rev_id="2919181" t="со"><v><l id="311151" t="с"><g v="PREP"></g><g v="Vpre"></g></l></v></tfr></token><token id="593387" text="&quot;"><tfr rev_id="1426458" t="&quot;"><v><l id="0" t="&quot;"><g v="PNCT"></g></l></v></tfr></token><token id="593388" text="спальными"><tfr rev_id="4160751" t="спальными"><v><l id="331458" t="спальный"><g v="ADJF"></g><g v="Qual"></g><g v="plur"></g><g v="ablt"></g></l></v></tfr></token><token id="593389" text="&quot;"><tfr rev_id="1426460" t="&quot;"><v><l id="0" t="&quot;"><g v="PNCT"></g></l></v></tfr></token><token id="593390" text="районами"><tfr rev_id="1426461" t="районами"><v><l id="297595" t="район"><g v="NOUN"></g><g v="inan"></g><g v="masc"></g><g v="plur"></g><g v="ablt"></g></l></v></tfr></token><token id="593391" text=","><tfr rev_id="1426462" t=","><v><l id="0" t=","><g v="PNCT"></g></l></v></tfr></token><token id="593392" text="будет"><tfr rev_id="1426463" t="будет"><v><l id="37265" t="есть"><g v="VERB"></g><g v="impf"></g><g v="intr"></g><g v="sing"></g><g v="3per"></g><g v="futr"></g><g v="indc"></g></l></v></tfr></token><token id="593393" text="работать"><tfr rev_id="1426464" t="работать"><v><l id="290503" t="работать"><g v="INFN"></g><g v="impf"></g><g v="intr"></g></l></v></tfr></token><token id="593394" text="до"><tfr rev_id="1426465" t="до"><v><l id="85153" t="до"><g v="PREP"></g></l></v></tfr></token><token id="593395" text="03:30"><tfr rev_id="4567424" t="03:30"><v><l id="0" t="03:30"><g v="TIME"></g></l></v></tfr></token><token id="593396" text="."><tfr rev_id="1426467" t="."><v><l id="0" t="."><g v="PNCT"></g></l></v></tfr></token></tokens></sentence><sentence id="33107"><source>Столичные власти надеются, что благодаря этим мерам москвичи смогут без проблем разъехаться по домам после праздничной службы.</source><tokens><token id="593397" text="Столичные"><tfr rev_id="3742202" t="Столичные"><v><l id="336589" t="столичный"><g v="ADJF"></g><g v="Qual"></g><g v="plur"></g><g v="nomn"></g></l></v></tfr></token><token id="593398" text="власти"><tfr rev_id="3796735" t="власти"><v><l id="46816" t="власть"><g v="NOUN"></g><g v="inan"></g><g v="femn"></g><g v="plur"></g><g v="nomn"></g></l></v></tfr></token><token id="593399" text="надеются"><tfr rev_id="1426470" t="надеются"><v><l id="168805" t="надеюсь"><g v="VERB"></g><g v="impf"></g><g v="intr"></g><g v="plur"></g><g v="3per"></g><g v="pres"></g><g v="indc"></g></l></v></tfr></token><token id="593400" text=","><tfr rev_id="1426471" t=","><v><l id="0" t=","><g v="PNCT"></g></l></v></tfr></token><token id="593401" text="что"><tfr rev_id="3196734" t="что"><v><l id="377004" t="что"><g v="CONJ"></g></l></v><v><l id="377005" t="что"><g v="NPRO"></g><g v="neut"></g><g v="sing"></g><g v="nomn"></g></l></v><v><l id="377005" t="что"><g v="NPRO"></g><g v="neut"></g><g v="sing"></g><g v="accs"></g></l></v><v><l id="377006" t="что"><g v="ADVB"></g><g v="Ques"></g></l></v><v><l id="388695" t="что"><g v="PRCL"></g></l></v></tfr></token><token id="593402" text="благодаря"><tfr rev_id="3325432" t="благодаря"><v><l id="30404" t="благодаря"><g v="PREP"></g></l></v></tfr></token><token id="593403" text="этим"><tfr rev_id="4434870" t="этим"><v><l id="386581" t="этот"><g v="ADJF"></g><g v="Subx"></g><g v="Apro"></g><g v="Anph"></g><g v="plur"></g><g v="datv"></g></l></v></tfr></token><token id="593404" text="мерам"><tfr rev_id="1426475" t="мерам"><v><l id="158460" t="мера"><g v="NOUN"></g><g v="inan"></g><g v="femn"></g><g v="plur"></g><g v="datv"></g></l></v></tfr></token><token id="593405" text="москвичи"><tfr rev_id="4282354" t="москвичи"><v><l id="163910" t="москвич"><g v="NOUN"></g><g v="anim"></g><g v="masc"></g><g v="plur"></g><g v="nomn"></g></l></v></tfr></token><token id="593406" text="смогут"><tfr rev_id="1426477" t="смогут"><v><l id="326830" t="смог"><g v="VERB"></g><g v="perf"></g><g v="intr"></g><g v="plur"></g><g v="3per"></g><g v="futr"></g><g v="indc"></g></l></v></tfr></token><token id="593407" text="без"><tfr rev_id="1426478" t="без"><v><l id="25481" t="без"><g v="PREP"></g></l></v></tfr></token><token id="593408" text="проблем"><tfr rev_id="1426479" t="проблем"><v><l id="277255" t="проблема"><g v="NOUN"></g><g v="inan"></g><g v="femn"></g><g v="plur"></g><g v="gent"></g></l></v></tfr></token><token id="593409" text="разъехаться"><tfr rev_id="1426480" t="разъехаться"><v><l id="297333" t="разъехаться"><g v="INFN"></g><g v="perf"></g><g v="intr"></g></l></v></tfr></token><token id="593410" text="по"><tfr rev_id="1426481" t="по"><v><l id="241240" t="по"><g v="PREP"></g></l></v></tfr></token><token id="593411" text="домам"><tfr rev_id="1426482" t="домам"><v><l id="88152" t="дом"><g v="NOUN"></g><g v="inan"></g><g v="masc"></g><g v="plur"></g><g v="datv"></g></l></v></tfr></token><token id="593412" text="после"><tfr rev_id="4403650" t="после"><v><l id="261542" t="после"><g v="PREP"></g></l></v></tfr></token><token id="593413" text="праздничной"><tfr rev_id="4076608" t="праздничной"><v><l id="265831" t="праздничный"><g v="ADJF"></g><g v="Qual"></g><g v="femn"></g><g v="sing"></g><g v="gent"></g></l></v></tfr></token><token id="593414" text="службы"><tfr rev_id="3471733" t="службы"><v><l id="325377" t="служба"><g v="NOUN"></g><g v="inan"></g><g v="femn"></g><g v="sing"></g><g v="gent"></g></l></v></tfr></token><token id="593415" text="."><tfr rev_id="1426486" t="."><v><l id="0" t="."><g v="PNCT"></g></l></v></tfr></token></tokens></sentence><sentence id="33108"><source>По данным МВД, в пасхальных службах, которые состоятся более чем в 9 тысячах храмов, примут участие около 5 миллионов человек.</source><tokens><token id="593416" text="По"><tfr rev_id="1426487" t="По"><v><l id="241240" t="по"><g v="PREP"></g></l></v></tfr></token><token id="593417" text="данным"><tfr rev_id="4535644" t="данным"><v><l id="78302" t="данные"><g v="NOUN"></g><g v="inan"></g><g v="GNdr"></g><g v="Pltm"></g><g v="plur"></g><g v="datv"></g></l></v></tfr></token><token id="593418" text="МВД"><tfr rev_id="2781122" t="МВД"><v><l id="156839" t="мвд"><g v="NOUN"></g><g v="inan"></g><g v="neut"></g><g v="Sgtm"></g><g v="Fixd"></g><g v="Abbr"></g><g v="Orgn"></g><g v="sing"></g><g v="gent"></g></l></v></tfr></token><token id="593419" text=","><tfr rev_id="1426490" t=","><v><l id="0" t=","><g v="PNCT"></g></l></v></tfr></token><token id="593420" text="в"><tfr rev_id="1426491" t="в"><v><l id="37409" t="в"><g v="PREP"></g></l></v></tfr></token><token id="593421" text="пасхальных"><tfr rev_id="4408083" t="пасхальных"><v><l id="224930" t="пасхальный"><g v="ADJF"></g><g v="Qual"></g><g v="plur"></g><g v="loct"></g></l></v></tfr></token><token id="593422" text="службах"><tfr rev_id="1426493" t="службах"><v><l id="325377" t="служба"><g v="NOUN"></g><g v="inan"></g><g v="femn"></g><g v="plur"></g><g v="loct"></g></l></v></tfr></token><token id="593423" text=","><tfr rev_id="1426494" t=","><v><l id="0" t=","><g v="PNCT"></g></l></v></tfr></token><token id="593424" text="которые"><tfr rev_id="3818899" t="которые"><v><l id="141203" t="который"><g v="ADJF"></g><g v="Apro"></g><g v="Subx"></g><g v="Anph"></g><g v="plur"></g><g v="nomn"></g></l></v></tfr></token><token id="593425" text="состоятся"><tfr rev_id="1426496" t="состоятся"><v><l id="330568" t="состоялся"><g v="VERB"></g><g v="perf"></g><g v="intr"></g><g v="plur"></g><g v="3per"></g><g v="futr"></g><g v="indc"></g></l></v></tfr></token><token id="593426" text="более"><tfr rev_id="1426497" t="более"><v><l id="32065" t="более"><g v="ADVB"></g></l></v></tfr></token><token id="593427" text="чем"><tfr rev_id="4320167" t="чем"><v><l id="375161" t="чем"><g v="CONJ"></g></l></v></tfr></token><token id="593428" text="в"><tfr rev_id="1426499" t="в"><v><l id="37409" t="в"><g v="PREP"></g></l></v></tfr></token><token id="593429" text="9"><tfr rev_id="2461477" t="9"><v><l id="0" t="9"><g v="NUMB"></g></l></v></tfr></token><token id="593430" text="тысячах"><tfr rev_id="1426501" t="тысячах"><v><l id="352230" t="тысяча"><g v="NOUN"></g><g v="inan"></g><g v="femn"></g><g v="plur"></g><g v="loct"></g></l></v></tfr></token><token id="593431" text="храмов"><tfr rev_id="3494769" t="храмов"><v><l id="371841" t="храм"><g v="NOUN"></g><g v="inan"></g><g v="masc"></g><g v="plur"></g><g v="gent"></g></l></v></tfr></token><token id="593432" text=","><tfr rev_id="1426503" t=","><v><l id="0" t=","><g v="PNCT"></g></l></v></tfr></token><token id="593433" text="примут"><tfr rev_id="1426504" t="примут"><v><l id="272700" t="принял"><g v="VERB"></g><g v="perf"></g><g v="tran"></g><g v="plur"></g><g v="3per"></g><g v="futr"></g><g v="indc"></g></l></v></tfr></token><token id="593434" text="участие"><tfr rev_id="4210328" t="участие"><v><l id="363132" t="участие"><g v="NOUN"></g><g v="inan"></g><g v="neut"></g><g v="sing"></g><g v="accs"></g></l></v></tfr></token><token id="593435" text="около"><tfr rev_id="4320061" t="около"><v><l id="205005" t="около"><g v="PREP"></g></l></v></tfr></token><token id="593436" text="5"><tfr rev_id="2461478" t="5"><v><l id="0" t="5"><g v="NUMB"></g></l></v></tfr></token><token id="593437" text="миллионов"><tfr rev_id="1426508" t="миллионов"><v><l id="160260" t="миллион"><g v="NOUN"></g><g v="inan"></g><g v="masc"></g><g v="plur"></g><g v="gent"></g></l></v></tfr></token><token id="593438" text="человек"><tfr rev_id="3500814" t="человек"><v><l id="375073" t="человек"><g v="NOUN"></g><g v="anim"></g><g v="masc"></g><g v="plur"></g><g v="gent"></g></l></v></tfr></token><token id="593439" text="."><tfr rev_id="1426510" t="."><v><l id="0" t="."><g v="PNCT"></g></l></v></tfr></token></tokens></sentence><sentence id="33109"><source>В Москве крестные ходы и торжественные литургии пройдут в 260 храмах, на этих службах ожидается присутствие более полумиллиона человек.</source><tokens><token id="593440" text="В"><tfr rev_id="1426511" t="В"><v><l id="37409" t="в"><g v="PREP"></g></l></v></tfr></token><token id="593441" text="Москве"><tfr rev_id="3557856" t="Москве"><v><l id="163901" t="москва"><g v="NOUN"></g><g v="inan"></g><g v="femn"></g><g v="Sgtm"></g><g v="Geox"></g><g v="sing"></g><g v="loct"></g></l></v></tfr></token><token id="593442" text="крестные"><tfr rev_id="4575218" t="крестные"><v><l id="142520" t="крестный"><g v="ADJF"></g><g v="plur"></g><g v="nomn"></g></l></v><v><l id="142520" t="крестный"><g v="ADJF"></g><g v="inan"></g><g v="plur"></g><g v="accs"></g></l></v><v><l id="393874" t="крёстный"><g v="ADJF"></g><g v="Subx"></g><g v="inan"></g><g v="plur"></g><g v="accs"></g></l></v><v><l id="393874" t="крёстный"><g v="ADJF"></g><g v="Subx"></g><g v="plur"></g><g v="nomn"></g></l></v></tfr></token><token id="593443" text="ходы"><tfr rev_id="3727491" t="ходы"><v><l id="371078" t="ход"><g v="NOUN"></g><g v="inan"></g><g v="masc"></g><g v="plur"></g><g v="nomn"></g></l></v></tfr></token><token id="593444" text="и"><tfr rev_id="1426515" t="и"><v><l id="116949" t="и"><g v="CONJ"></g></l></v><v><l id="116950" t="и"><g v="INTJ"></g></l></v></tfr></token><token id="593445" text="торжественные"><tfr rev_id="3817380" t="торжественные"><v><l id="348068" t="торжественный"><g v="ADJF"></g><g v="Qual"></g><g v="plur"></g><g v="nomn"></g></l></v></tfr></token><token id="593446" text="литургии"><tfr rev_id="3793438" t="литургии"><v><l id="149984" t="литургия"><g v="NOUN"></g><g v="inan"></g><g v="femn"></g><g v="plur"></g><g v="nomn"></g></l></v></tfr></token><token id="593447" text="пройдут"><tfr rev_id="1426518" t="пройдут"><v><l id="280310" t="прошёл"><g v="VERB"></g><g v="perf"></g><g v="tran"></g><g v="plur"></g><g v="3per"></g><g v="futr"></g><g v="indc"></g></l></v></tfr></token><token id="593448" text="в"><tfr rev_id="1426519" t="в"><v><l id="37409" t="в"><g v="PREP"></g></l></v></tfr></token><token id="593449" text="260"><tfr rev_id="2461479" t="260"><v><l id="0" t="260"><g v="NUMB"></g></l></v></tfr></token><token id="593450" text="храмах"><tfr rev_id="1426521" t="храмах"><v><l id="371841" t="храм"><g v="NOUN"></g><g v="inan"></g><g v="masc"></g><g v="plur"></g><g v="loct"></g></l></v></tfr></token><token id="593451" text=","><tfr rev_id="1426522" t=","><v><l id="0" t=","><g v="PNCT"></g></l></v></tfr></token><token id="593452" text="на"><tfr rev_id="3338000" t="на"><v><l id="166264" t="на"><g v="PREP"></g></l></v></tfr></token><token id="593453" text="этих"><tfr rev_id="4447091" t="этих"><v><l id="386581" t="этот"><g v="ADJF"></g><g v="Subx"></g><g v="Apro"></g><g v="Anph"></g><g v="plur"></g><g v="loct"></g></l></v></tfr></token><token id="593454" text="службах"><tfr rev_id="1426525" t="службах"><v><l id="325377" t="служба"><g v="NOUN"></g><g v="inan"></g><g v="femn"></g><g v="plur"></g><g v="loct"></g></l></v></tfr></token><token id="593455" text="ожидается"><tfr rev_id="1426526" t="ожидается"><v><l id="203952" t="ожидаюсь"><g v="VERB"></g><g v="impf"></g><g v="intr"></g><g v="sing"></g><g v="3per"></g><g v="pres"></g><g v="indc"></g></l></v></tfr></token><token id="593456" text="присутствие"><tfr rev_id="3488361" t="присутствие"><v><l id="275035" t="присутствие"><g v="NOUN"></g><g v="inan"></g><g v="neut"></g><g v="sing"></g><g v="nomn"></g></l></v></tfr></token><token id="593457" text="более"><tfr rev_id="1426528" t="более"><v><l id="32065" t="более"><g v="ADVB"></g></l></v></tfr></token><token id="593458" text="полумиллиона"><tfr rev_id="3536209" t="полумиллиона"><v><l id="389089" t="полмиллиона"><g v="NOUN"></g><g v="inan"></g><g v="neut"></g><g v="Sgtm"></g><g v="sing"></g><g v="gent"></g><g v="Infr"></g></l></v></tfr></token><token id="593459" text="человек"><tfr rev_id="3433010" t="человек"><v><l id="375073" t="человек"><g v="NOUN"></g><g v="anim"></g><g v="masc"></g><g v="plur"></g><g v="gent"></g></l></v></tfr></token><token id="593460" text="."><tfr rev_id="1426531" t="."><v><l id="0" t="."><g v="PNCT"></g></l></v></tfr></token></tokens></sentence></paragraph></paragraphs></text>