<?xml version="1.0" encoding="utf-8"?><text id="1091" parent="226" name="05144 Большой театр откроется в 2011 году"><tags><tag>url:http://www.chaskor.ru/news/bolshoj_teatr_otkroetsya_v_2011_godu_5144</tag><tag>Год:2009</tag><tag>Дата:07/04</tag><tag>Тема:ЧасКор:Культура</tag><tag>Тема:ЧасКор:Культура/Музыкальный театр</tag></tags><paragraphs><paragraph id="10543"><sentence id="33110"><source>Большой театр откроется в 2011 году</source><tokens><token id="593461" text="Большой"><tfr rev_id="2370327" t="Большой"><v><l id="32445" t="большой"><g v="ADJF"></g><g v="Qual"></g><g v="masc"></g><g v="sing"></g><g v="nomn"></g></l></v><v><l id="32445" t="большой"><g v="ADJF"></g><g v="Qual"></g><g v="inan"></g><g v="masc"></g><g v="sing"></g><g v="accs"></g></l></v></tfr></token><token id="593462" text="театр"><tfr rev_id="1426533" t="театр"><v><l id="343862" t="театр"><g v="NOUN"></g><g v="inan"></g><g v="masc"></g><g v="sing"></g><g v="nomn"></g></l></v><v><l id="343862" t="театр"><g v="NOUN"></g><g v="inan"></g><g v="masc"></g><g v="sing"></g><g v="accs"></g></l></v></tfr></token><token id="593463" text="откроется"><tfr rev_id="1426534" t="откроется"><v><l id="214760" t="открылся"><g v="VERB"></g><g v="perf"></g><g v="intr"></g><g v="sing"></g><g v="3per"></g><g v="futr"></g><g v="indc"></g></l></v></tfr></token><token id="593464" text="в"><tfr rev_id="1426535" t="в"><v><l id="37409" t="в"><g v="PREP"></g></l></v></tfr></token><token id="593465" text="2011"><tfr rev_id="2461480" t="2011"><v><l id="0" t="2011"><g v="NUMB"></g></l></v></tfr></token><token id="593466" text="году"><tfr rev_id="2928036" t="году"><v><l id="72149" t="год"><g v="NOUN"></g><g v="inan"></g><g v="masc"></g><g v="sing"></g><g v="loc2"></g></l></v></tfr></token></tokens></sentence><sentence id="33111"><source>Сейчас стройка идет полным ходом.</source><tokens><token id="593467" text="Сейчас"><tfr rev_id="1426538" t="Сейчас"><v><l id="317975" t="сейчас"><g v="ADVB"></g></l></v></tfr></token><token id="593468" text="стройка"><tfr rev_id="1426539" t="стройка"><v><l id="337713" t="стройка"><g v="NOUN"></g><g v="inan"></g><g v="femn"></g><g v="sing"></g><g v="nomn"></g></l></v></tfr></token><token id="593469" text="идет"><tfr rev_id="1426540" t="идет"><v><l id="117566" t="иду"><g v="VERB"></g><g v="impf"></g><g v="intr"></g><g v="sing"></g><g v="3per"></g><g v="pres"></g><g v="indc"></g></l></v></tfr></token><token id="593470" text="полным"><tfr rev_id="4376930" t="полным"><v><l id="256169" t="полный"><g v="ADJF"></g><g v="Qual"></g><g v="masc"></g><g v="sing"></g><g v="ablt"></g></l></v></tfr></token><token id="593471" text="ходом"><tfr rev_id="1426542" t="ходом"><v><l id="371078" t="ход"><g v="NOUN"></g><g v="inan"></g><g v="masc"></g><g v="sing"></g><g v="ablt"></g></l></v></tfr></token><token id="593472" text="."><tfr rev_id="1426543" t="."><v><l id="0" t="."><g v="PNCT"></g></l></v></tfr></token></tokens></sentence></paragraph><paragraph id="10544"><sentence id="33112"><source>Министр культуры России Александр Авдеев сообщил, что Большой театр откроется после реставрации осенью 2011 года.</source><tokens><token id="593473" text="Министр"><tfr rev_id="1426544" t="Министр"><v><l id="160614" t="министр"><g v="NOUN"></g><g v="anim"></g><g v="masc"></g><g v="sing"></g><g v="nomn"></g></l></v></tfr></token><token id="593474" text="культуры"><tfr rev_id="3493854" t="культуры"><v><l id="144838" t="культура"><g v="NOUN"></g><g v="inan"></g><g v="femn"></g><g v="sing"></g><g v="gent"></g></l></v></tfr></token><token id="593475" text="России"><tfr rev_id="3455586" t="России"><v><l id="309322" t="россия"><g v="NOUN"></g><g v="inan"></g><g v="femn"></g><g v="Sgtm"></g><g v="Geox"></g><g v="sing"></g><g v="gent"></g></l></v></tfr></token><token id="593476" text="Александр"><tfr rev_id="3440280" t="Александр"><v><l id="8527" t="александр"><g v="NOUN"></g><g v="anim"></g><g v="masc"></g><g v="Name"></g><g v="sing"></g><g v="nomn"></g></l></v></tfr></token><token id="593477" text="Авдеев"><tfr rev_id="2371003" t="Авдеев"><v><l id="2390" t="авдеев"><g v="NOUN"></g><g v="anim"></g><g v="masc"></g><g v="Sgtm"></g><g v="Surn"></g><g v="sing"></g><g v="nomn"></g></l></v></tfr></token><token id="593478" text="сообщил"><tfr rev_id="1426549" t="сообщил"><v><l id="329556" t="сообщил"><g v="VERB"></g><g v="perf"></g><g v="tran"></g><g v="masc"></g><g v="sing"></g><g v="past"></g><g v="indc"></g></l></v></tfr></token><token id="593479" text=","><tfr rev_id="1426550" t=","><v><l id="0" t=","><g v="PNCT"></g></l></v></tfr></token><token id="593480" text="что"><tfr rev_id="3196735" t="что"><v><l id="377004" t="что"><g v="CONJ"></g></l></v><v><l id="377005" t="что"><g v="NPRO"></g><g v="neut"></g><g v="sing"></g><g v="nomn"></g></l></v><v><l id="377005" t="что"><g v="NPRO"></g><g v="neut"></g><g v="sing"></g><g v="accs"></g></l></v><v><l id="377006" t="что"><g v="ADVB"></g><g v="Ques"></g></l></v><v><l id="388695" t="что"><g v="PRCL"></g></l></v></tfr></token><token id="593481" text="Большой"><tfr rev_id="2370328" t="Большой"><v><l id="32445" t="большой"><g v="ADJF"></g><g v="Qual"></g><g v="masc"></g><g v="sing"></g><g v="nomn"></g></l></v><v><l id="32445" t="большой"><g v="ADJF"></g><g v="Qual"></g><g v="inan"></g><g v="masc"></g><g v="sing"></g><g v="accs"></g></l></v></tfr></token><token id="593482" text="театр"><tfr rev_id="3272595" t="театр"><v><l id="343862" t="театр"><g v="NOUN"></g><g v="inan"></g><g v="masc"></g><g v="sing"></g><g v="nomn"></g></l></v></tfr></token><token id="593483" text="откроется"><tfr rev_id="1426554" t="откроется"><v><l id="214760" t="открылся"><g v="VERB"></g><g v="perf"></g><g v="intr"></g><g v="sing"></g><g v="3per"></g><g v="futr"></g><g v="indc"></g></l></v></tfr></token><token id="593484" text="после"><tfr rev_id="4406818" t="после"><v><l id="261542" t="после"><g v="PREP"></g></l></v></tfr></token><token id="593485" text="реставрации"><tfr rev_id="3505663" t="реставрации"><v><l id="306797" t="реставрация"><g v="NOUN"></g><g v="inan"></g><g v="femn"></g><g v="sing"></g><g v="gent"></g></l></v><v><l id="306797" t="реставрация"><g v="NOUN"></g><g v="inan"></g><g v="femn"></g><g v="sing"></g><g v="datv"></g></l></v><v><l id="306797" t="реставрация"><g v="NOUN"></g><g v="inan"></g><g v="femn"></g><g v="sing"></g><g v="loct"></g></l></v></tfr></token><token id="593486" text="осенью"><tfr rev_id="3947946" t="осенью"><v><l id="209823" t="осень"><g v="NOUN"></g><g v="inan"></g><g v="femn"></g><g v="sing"></g><g v="ablt"></g></l></v></tfr></token><token id="593487" text="2011"><tfr rev_id="2461481" t="2011"><v><l id="0" t="2011"><g v="NUMB"></g></l></v></tfr></token><token id="593488" text="года"><tfr rev_id="3487417" t="года"><v><l id="72149" t="год"><g v="NOUN"></g><g v="inan"></g><g v="masc"></g><g v="sing"></g><g v="gen1"></g></l></v></tfr></token><token id="593489" text="."><tfr rev_id="1426560" t="."><v><l id="0" t="."><g v="PNCT"></g></l></v></tfr></token></tokens></sentence></paragraph><paragraph id="10545"><sentence id="33113"><source>«То, какими темпами сейчас идет стройка, внушает мне оптимизм и позволяет говорить, что первые спектакли в отреставрированном театре состоятся уже осенью 2011 года»,</source><tokens><token id="593490" text="«"><tfr rev_id="2443312" t="«"><v><l id="0" t="«"><g v="PNCT"></g></l></v></tfr></token><token id="593491" text="То"><tfr rev_id="3777509" t="То"><v><l id="346835" t="то"><g v="CONJ"></g></l></v><v><l id="346836" t="то"><g v="PRCL"></g></l></v><v><l id="348430" t="тот"><g v="ADJF"></g><g v="Subx"></g><g v="Apro"></g><g v="Anph"></g><g v="neut"></g><g v="sing"></g><g v="nomn"></g></l></v><v><l id="348430" t="тот"><g v="ADJF"></g><g v="Subx"></g><g v="Apro"></g><g v="Anph"></g><g v="neut"></g><g v="sing"></g><g v="accs"></g></l></v></tfr></token><token id="593492" text=","><tfr rev_id="1426563" t=","><v><l id="0" t=","><g v="PNCT"></g></l></v></tfr></token><token id="593493" text="какими"><tfr rev_id="1426564" t="какими"><v><l id="128224" t="какой"><g v="ADJF"></g><g v="Apro"></g><g v="plur"></g><g v="ablt"></g></l></v></tfr></token><token id="593494" text="темпами"><tfr rev_id="1426565" t="темпами"><v><l id="344595" t="темп"><g v="NOUN"></g><g v="inan"></g><g v="masc"></g><g v="plur"></g><g v="ablt"></g></l></v></tfr></token><token id="593495" text="сейчас"><tfr rev_id="1426566" t="сейчас"><v><l id="317975" t="сейчас"><g v="ADVB"></g></l></v></tfr></token><token id="593496" text="идет"><tfr rev_id="1426567" t="идет"><v><l id="117566" t="иду"><g v="VERB"></g><g v="impf"></g><g v="intr"></g><g v="sing"></g><g v="3per"></g><g v="pres"></g><g v="indc"></g></l></v></tfr></token><token id="593497" text="стройка"><tfr rev_id="1426568" t="стройка"><v><l id="337713" t="стройка"><g v="NOUN"></g><g v="inan"></g><g v="femn"></g><g v="sing"></g><g v="nomn"></g></l></v></tfr></token><token id="593498" text=","><tfr rev_id="1426569" t=","><v><l id="0" t=","><g v="PNCT"></g></l></v></tfr></token><token id="593499" text="внушает"><tfr rev_id="1426570" t="внушает"><v><l id="47882" t="внушаю"><g v="VERB"></g><g v="impf"></g><g v="tran"></g><g v="sing"></g><g v="3per"></g><g v="pres"></g><g v="indc"></g></l></v></tfr></token><token id="593500" text="мне"><tfr rev_id="4236648" t="мне"><v><l id="387317" t="я"><g v="NPRO"></g><g v="1per"></g><g v="sing"></g><g v="datv"></g></l></v></tfr></token><token id="593501" text="оптимизм"><tfr rev_id="3544010" t="оптимизм"><v><l id="208313" t="оптимизм"><g v="NOUN"></g><g v="inan"></g><g v="masc"></g><g v="sing"></g><g v="accs"></g></l></v></tfr></token><token id="593502" text="и"><tfr rev_id="3554399" t="и"><v><l id="116949" t="и"><g v="CONJ"></g></l></v></tfr></token><token id="593503" text="позволяет"><tfr rev_id="1426574" t="позволяет"><v><l id="253431" t="позволяю"><g v="VERB"></g><g v="impf"></g><g v="tran"></g><g v="sing"></g><g v="3per"></g><g v="pres"></g><g v="indc"></g></l></v></tfr></token><token id="593504" text="говорить"><tfr rev_id="1426575" t="говорить"><v><l id="72054" t="говорить"><g v="INFN"></g><g v="impf"></g><g v="tran"></g></l></v></tfr></token><token id="593505" text=","><tfr rev_id="1426576" t=","><v><l id="0" t=","><g v="PNCT"></g></l></v></tfr></token><token id="593506" text="что"><tfr rev_id="3196736" t="что"><v><l id="377004" t="что"><g v="CONJ"></g></l></v><v><l id="377005" t="что"><g v="NPRO"></g><g v="neut"></g><g v="sing"></g><g v="nomn"></g></l></v><v><l id="377005" t="что"><g v="NPRO"></g><g v="neut"></g><g v="sing"></g><g v="accs"></g></l></v><v><l id="377006" t="что"><g v="ADVB"></g><g v="Ques"></g></l></v><v><l id="388695" t="что"><g v="PRCL"></g></l></v></tfr></token><token id="593507" text="первые"><tfr rev_id="4160753" t="первые"><v><l id="226359" t="первый"><g v="ADJF"></g><g v="Anum"></g><g v="plur"></g><g v="nomn"></g></l></v><v><l id="226359" t="первый"><g v="ADJF"></g><g v="Anum"></g><g v="inan"></g><g v="plur"></g><g v="accs"></g></l></v></tfr></token><token id="593508" text="спектакли"><tfr rev_id="3744003" t="спектакли"><v><l id="331679" t="спектакль"><g v="NOUN"></g><g v="inan"></g><g v="masc"></g><g v="plur"></g><g v="nomn"></g></l></v></tfr></token><token id="593509" text="в"><tfr rev_id="1426580" t="в"><v><l id="37409" t="в"><g v="PREP"></g></l></v></tfr></token><token id="593510" text="отреставрированном"><tfr rev_id="3443150" t="отреставрированном"><v><l id="217505" t="отреставрированный"><g v="PRTF"></g><g v="perf"></g><g v="tran"></g><g v="past"></g><g v="pssv"></g><g v="masc"></g><g v="sing"></g><g v="loct"></g></l></v></tfr></token><token id="593511" text="театре"><tfr rev_id="1426582" t="театре"><v><l id="343862" t="театр"><g v="NOUN"></g><g v="inan"></g><g v="masc"></g><g v="sing"></g><g v="loct"></g></l></v></tfr></token><token id="593512" text="состоятся"><tfr rev_id="1426583" t="состоятся"><v><l id="330568" t="состоялся"><g v="VERB"></g><g v="perf"></g><g v="intr"></g><g v="plur"></g><g v="3per"></g><g v="futr"></g><g v="indc"></g></l></v></tfr></token><token id="593513" text="уже"><tfr rev_id="2692698" t="уже"><v><l id="355422" t="уж"><g v="NOUN"></g><g v="anim"></g><g v="masc"></g><g v="sing"></g><g v="loct"></g></l></v><v><l id="355498" t="уже"><g v="ADVB"></g></l></v><v><l id="355674" t="уже"><g v="COMP"></g><g v="Qual"></g></l></v><v><l id="388673" t="уже"><g v="PRCL"></g></l></v></tfr></token><token id="593514" text="осенью"><tfr rev_id="4264671" t="осенью"><v><l id="209823" t="осень"><g v="NOUN"></g><g v="inan"></g><g v="femn"></g><g v="sing"></g><g v="ablt"></g></l></v></tfr></token><token id="593515" text="2011"><tfr rev_id="2461482" t="2011"><v><l id="0" t="2011"><g v="NUMB"></g></l></v></tfr></token><token id="593516" text="года"><tfr rev_id="3484443" t="года"><v><l id="72149" t="год"><g v="NOUN"></g><g v="inan"></g><g v="masc"></g><g v="sing"></g><g v="gen1"></g></l></v></tfr></token><token id="593517" text="»"><tfr rev_id="2443313" t="»"><v><l id="0" t="»"><g v="PNCT"></g></l></v></tfr></token><token id="593518" text=","><tfr rev_id="1426589" t=","><v><l id="0" t=","><g v="PNCT"></g></l></v></tfr></token></tokens></sentence><sentence id="33114"><source>— сказал Авдеев, выступая на заседании комитета Госдумы по культуре, передает ИТАР-ТАСС.</source><tokens><token id="593519" text="—"><tfr rev_id="2443314" t="—"><v><l id="0" t="—"><g v="PNCT"></g></l></v></tfr></token><token id="593520" text="сказал"><tfr rev_id="1426591" t="сказал"><v><l id="321532" t="сказал"><g v="VERB"></g><g v="perf"></g><g v="tran"></g><g v="masc"></g><g v="sing"></g><g v="past"></g><g v="indc"></g></l></v></tfr></token><token id="593521" text="Авдеев"><tfr rev_id="3446747" t="Авдеев"><v><l id="2390" t="авдеев"><g v="NOUN"></g><g v="anim"></g><g v="masc"></g><g v="Sgtm"></g><g v="Surn"></g><g v="sing"></g><g v="nomn"></g></l></v></tfr></token><token id="593522" text=","><tfr rev_id="1426593" t=","><v><l id="0" t=","><g v="PNCT"></g></l></v></tfr></token><token id="593523" text="выступая"><tfr rev_id="1426594" t="выступая"><v><l id="62884" t="выступая"><g v="GRND"></g><g v="impf"></g><g v="intr"></g><g v="pres"></g></l></v></tfr></token><token id="593524" text="на"><tfr rev_id="3333865" t="на"><v><l id="166264" t="на"><g v="PREP"></g></l></v></tfr></token><token id="593525" text="заседании"><tfr rev_id="1426596" t="заседании"><v><l id="109402" t="заседание"><g v="NOUN"></g><g v="inan"></g><g v="neut"></g><g v="sing"></g><g v="loct"></g></l></v></tfr></token><token id="593526" text="комитета"><tfr rev_id="1426597" t="комитета"><v><l id="136923" t="комитет"><g v="NOUN"></g><g v="inan"></g><g v="masc"></g><g v="sing"></g><g v="gent"></g></l></v></tfr></token><token id="593527" text="Госдумы"><tfr rev_id="3478429" t="Госдумы"><v><l id="73922" t="госдума"><g v="NOUN"></g><g v="inan"></g><g v="femn"></g><g v="Orgn"></g><g v="Sgtm"></g><g v="sing"></g><g v="gent"></g></l></v></tfr></token><token id="593528" text="по"><tfr rev_id="1426599" t="по"><v><l id="241240" t="по"><g v="PREP"></g></l></v></tfr></token><token id="593529" text="культуре"><tfr rev_id="3551772" t="культуре"><v><l id="144838" t="культура"><g v="NOUN"></g><g v="inan"></g><g v="femn"></g><g v="sing"></g><g v="datv"></g></l></v></tfr></token><token id="593530" text=","><tfr rev_id="1426601" t=","><v><l id="0" t=","><g v="PNCT"></g></l></v></tfr></token><token id="593531" text="передает"><tfr rev_id="1426602" t="передает"><v><l id="228101" t="передаю"><g v="VERB"></g><g v="impf"></g><g v="tran"></g><g v="sing"></g><g v="3per"></g><g v="pres"></g><g v="indc"></g></l></v><v><l id="228108" t="передавал"><g v="VERB"></g><g v="perf"></g><g v="tran"></g><g v="sing"></g><g v="3per"></g><g v="futr"></g><g v="indc"></g></l></v></tfr></token><token id="593532" text="ИТАР-ТАСС"><tfr rev_id="4489303" t="ИТАР-ТАСС"><v><l id="127107" t="итар-тасс"><g v="NOUN"></g><g v="inan"></g><g v="masc"></g><g v="Sgtm"></g><g v="Abbr"></g><g v="Orgn"></g><g v="sing"></g><g v="nomn"></g></l></v><v><l id="127107" t="итар-тасс"><g v="NOUN"></g><g v="inan"></g><g v="masc"></g><g v="Sgtm"></g><g v="Abbr"></g><g v="Orgn"></g><g v="sing"></g><g v="accs"></g></l></v></tfr></token><token id="593533" text="."><tfr rev_id="1426604" t="."><v><l id="0" t="."><g v="PNCT"></g></l></v></tfr></token></tokens></sentence></paragraph><paragraph id="10546"><sentence id="33115"><source>По его словам, сейчас стройка идет полным ходом.</source><tokens><token id="593534" text="По"><tfr rev_id="1426605" t="По"><v><l id="241240" t="по"><g v="PREP"></g></l></v></tfr></token><token id="593535" text="его"><tfr rev_id="4291933" t="его"><v><l id="94208" t="его"><g v="ADJF"></g><g v="Fixd"></g><g v="Apro"></g><g v="Anph"></g><g v="plur"></g><g v="nomn"></g></l></v><v><l id="94208" t="его"><g v="ADJF"></g><g v="Fixd"></g><g v="Apro"></g><g v="Anph"></g><g v="plur"></g><g v="gent"></g></l></v><v><l id="94208" t="его"><g v="ADJF"></g><g v="Fixd"></g><g v="Apro"></g><g v="Anph"></g><g v="plur"></g><g v="datv"></g></l></v><v><l id="94208" t="его"><g v="ADJF"></g><g v="Fixd"></g><g v="Apro"></g><g v="Anph"></g><g v="plur"></g><g v="accs"></g></l></v><v><l id="94208" t="его"><g v="ADJF"></g><g v="Fixd"></g><g v="Apro"></g><g v="Anph"></g><g v="plur"></g><g v="ablt"></g></l></v><v><l id="94208" t="его"><g v="ADJF"></g><g v="Fixd"></g><g v="Apro"></g><g v="Anph"></g><g v="plur"></g><g v="loct"></g></l></v></tfr></token><token id="593536" text="словам"><tfr rev_id="1426607" t="словам"><v><l id="325168" t="слово"><g v="NOUN"></g><g v="inan"></g><g v="neut"></g><g v="plur"></g><g v="datv"></g></l></v></tfr></token><token id="593537" text=","><tfr rev_id="1426608" t=","><v><l id="0" t=","><g v="PNCT"></g></l></v></tfr></token><token id="593538" text="сейчас"><tfr rev_id="1426609" t="сейчас"><v><l id="317975" t="сейчас"><g v="ADVB"></g></l></v></tfr></token><token id="593539" text="стройка"><tfr rev_id="1426610" t="стройка"><v><l id="337713" t="стройка"><g v="NOUN"></g><g v="inan"></g><g v="femn"></g><g v="sing"></g><g v="nomn"></g></l></v></tfr></token><token id="593540" text="идет"><tfr rev_id="1426611" t="идет"><v><l id="117566" t="иду"><g v="VERB"></g><g v="impf"></g><g v="intr"></g><g v="sing"></g><g v="3per"></g><g v="pres"></g><g v="indc"></g></l></v></tfr></token><token id="593541" text="полным"><tfr rev_id="4378229" t="полным"><v><l id="256169" t="полный"><g v="ADJF"></g><g v="Qual"></g><g v="masc"></g><g v="sing"></g><g v="ablt"></g></l></v></tfr></token><token id="593542" text="ходом"><tfr rev_id="1426613" t="ходом"><v><l id="371078" t="ход"><g v="NOUN"></g><g v="inan"></g><g v="masc"></g><g v="sing"></g><g v="ablt"></g></l></v></tfr></token><token id="593543" text="."><tfr rev_id="1426614" t="."><v><l id="0" t="."><g v="PNCT"></g></l></v></tfr></token></tokens></sentence><sentence id="33116"><source>«Устанавливаются плиты по всему периметру котлована, на котором будет держаться всё здание,</source><tokens><token id="593544" text="«"><tfr rev_id="2443315" t="«"><v><l id="0" t="«"><g v="PNCT"></g></l></v></tfr></token><token id="593545" text="Устанавливаются"><tfr rev_id="1426616" t="Устанавливаются"><v><l id="360974" t="устанавливаюсь"><g v="VERB"></g><g v="impf"></g><g v="intr"></g><g v="plur"></g><g v="3per"></g><g v="pres"></g><g v="indc"></g></l></v></tfr></token><token id="593546" text="плиты"><tfr rev_id="3747584" t="плиты"><v><l id="240517" t="плита"><g v="NOUN"></g><g v="inan"></g><g v="femn"></g><g v="plur"></g><g v="nomn"></g></l></v></tfr></token><token id="593547" text="по"><tfr rev_id="1426618" t="по"><v><l id="241240" t="по"><g v="PREP"></g></l></v></tfr></token><token id="593548" text="всему"><tfr rev_id="4130230" t="всему"><v><l id="42156" t="весь"><g v="ADJF"></g><g v="Subx"></g><g v="Apro"></g><g v="masc"></g><g v="sing"></g><g v="datv"></g></l></v></tfr></token><token id="593549" text="периметру"><tfr rev_id="1426620" t="периметру"><v><l id="237143" t="периметр"><g v="NOUN"></g><g v="inan"></g><g v="masc"></g><g v="sing"></g><g v="datv"></g></l></v></tfr></token><token id="593550" text="котлована"><tfr rev_id="1426621" t="котлована"><v><l id="141129" t="котлован"><g v="NOUN"></g><g v="inan"></g><g v="masc"></g><g v="sing"></g><g v="gent"></g></l></v></tfr></token><token id="593551" text=","><tfr rev_id="1426622" t=","><v><l id="0" t=","><g v="PNCT"></g></l></v></tfr></token><token id="593552" text="на"><tfr rev_id="3342948" t="на"><v><l id="166264" t="на"><g v="PREP"></g></l></v></tfr></token><token id="593553" text="котором"><tfr rev_id="4462435" t="котором"><v><l id="141203" t="который"><g v="ADJF"></g><g v="Apro"></g><g v="Subx"></g><g v="Anph"></g><g v="masc"></g><g v="sing"></g><g v="loct"></g></l></v></tfr></token><token id="593554" text="будет"><tfr rev_id="1426625" t="будет"><v><l id="37265" t="есть"><g v="VERB"></g><g v="impf"></g><g v="intr"></g><g v="sing"></g><g v="3per"></g><g v="futr"></g><g v="indc"></g></l></v></tfr></token><token id="593555" text="держаться"><tfr rev_id="1426626" t="держаться"><v><l id="81748" t="держаться"><g v="INFN"></g><g v="impf"></g><g v="intr"></g></l></v></tfr></token><token id="593556" text="всё"><tfr rev_id="4504100" t="всё"><v><l id="42156" t="весь"><g v="ADJF"></g><g v="Subx"></g><g v="Apro"></g><g v="neut"></g><g v="sing"></g><g v="accs"></g></l></v><v><l id="42156" t="весь"><g v="ADJF"></g><g v="Subx"></g><g v="Apro"></g><g v="neut"></g><g v="sing"></g><g v="nomn"></g></l></v></tfr></token><token id="593557" text="здание"><tfr rev_id="3530870" t="здание"><v><l id="114695" t="здание"><g v="NOUN"></g><g v="inan"></g><g v="neut"></g><g v="sing"></g><g v="nomn"></g></l></v></tfr></token><token id="593558" text=","><tfr rev_id="1426629" t=","><v><l id="0" t=","><g v="PNCT"></g></l></v></tfr></token></tokens></sentence><sentence id="33117"><source>— пояснил он.</source><tokens><token id="593559" text="—"><tfr rev_id="2443316" t="—"><v><l id="0" t="—"><g v="PNCT"></g></l></v></tfr></token><token id="593560" text="пояснил"><tfr rev_id="1426631" t="пояснил"><v><l id="265535" t="пояснил"><g v="VERB"></g><g v="perf"></g><g v="tran"></g><g v="masc"></g><g v="sing"></g><g v="past"></g><g v="indc"></g></l></v></tfr></token><token id="593561" text="он"><tfr rev_id="3575547" t="он"><v><l id="206541" t="он"><g v="NPRO"></g><g v="masc"></g><g v="3per"></g><g v="Anph"></g><g v="sing"></g><g v="nomn"></g></l></v></tfr></token><token id="593562" text="."><tfr rev_id="1426633" t="."><v><l id="0" t="."><g v="PNCT"></g></l></v></tfr></token></tokens></sentence><sentence id="33118"><source>— Строителям удалось стабилизировать почву и воды».</source><tokens><token id="593563" text="—"><tfr rev_id="2443317" t="—"><v><l id="0" t="—"><g v="PNCT"></g></l></v></tfr></token><token id="593564" text="Строителям"><tfr rev_id="1426635" t="Строителям"><v><l id="337664" t="строитель"><g v="NOUN"></g><g v="anim"></g><g v="masc"></g><g v="plur"></g><g v="datv"></g></l></v></tfr></token><token id="593565" text="удалось"><tfr rev_id="1426636" t="удалось"><v><l id="354717" t="удался"><g v="VERB"></g><g v="perf"></g><g v="intr"></g><g v="neut"></g><g v="sing"></g><g v="past"></g><g v="indc"></g></l></v></tfr></token><token id="593566" text="стабилизировать"><tfr rev_id="1426637" t="стабилизировать"><v><l id="334253" t="стабилизировать"><g v="INFN"></g><g v="perf"></g><g v="tran"></g></l></v><v><l id="334254" t="стабилизировать"><g v="INFN"></g><g v="impf"></g><g v="tran"></g></l></v></tfr></token><token id="593567" text="почву"><tfr rev_id="1426638" t="почву"><v><l id="264656" t="почва"><g v="NOUN"></g><g v="inan"></g><g v="femn"></g><g v="sing"></g><g v="accs"></g></l></v></tfr></token><token id="593568" text="и"><tfr rev_id="4208499" t="и"><v><l id="116949" t="и"><g v="CONJ"></g></l></v></tfr></token><token id="593569" text="воды"><tfr rev_id="4280803" t="воды"><v><l id="48014" t="вода"><g v="NOUN"></g><g v="inan"></g><g v="femn"></g><g v="plur"></g><g v="accs"></g></l></v></tfr></token><token id="593570" text="»"><tfr rev_id="2443318" t="»"><v><l id="0" t="»"><g v="PNCT"></g></l></v></tfr></token><token id="593571" text="."><tfr rev_id="1426642" t="."><v><l id="0" t="."><g v="PNCT"></g></l></v></tfr></token></tokens></sentence></paragraph><paragraph id="10547"><sentence id="33119"><source>В конце апреля, пообещал Авдеев, он сам приедет на осмотр стройплощадки.</source><tokens><token id="593572" text="В"><tfr rev_id="1426643" t="В"><v><l id="37409" t="в"><g v="PREP"></g></l></v></tfr></token><token id="593573" text="конце"><tfr rev_id="1426644" t="конце"><v><l id="137815" t="конец"><g v="NOUN"></g><g v="inan"></g><g v="masc"></g><g v="sing"></g><g v="loct"></g></l></v></tfr></token><token id="593574" text="апреля"><tfr rev_id="1426645" t="апреля"><v><l id="15509" t="апрель"><g v="NOUN"></g><g v="inan"></g><g v="masc"></g><g v="sing"></g><g v="gent"></g></l></v></tfr></token><token id="593575" text=","><tfr rev_id="1426646" t=","><v><l id="0" t=","><g v="PNCT"></g></l></v></tfr></token><token id="593576" text="пообещал"><tfr rev_id="1426647" t="пообещал"><v><l id="258747" t="пообещал"><g v="VERB"></g><g v="perf"></g><g v="tran"></g><g v="masc"></g><g v="sing"></g><g v="past"></g><g v="indc"></g></l></v></tfr></token><token id="593577" text="Авдеев"><tfr rev_id="3437885" t="Авдеев"><v><l id="2390" t="авдеев"><g v="NOUN"></g><g v="anim"></g><g v="masc"></g><g v="Sgtm"></g><g v="Surn"></g><g v="sing"></g><g v="nomn"></g></l></v></tfr></token><token id="593578" text=","><tfr rev_id="1426649" t=","><v><l id="0" t=","><g v="PNCT"></g></l></v></tfr></token><token id="593579" text="он"><tfr rev_id="3575548" t="он"><v><l id="206541" t="он"><g v="NPRO"></g><g v="masc"></g><g v="3per"></g><g v="Anph"></g><g v="sing"></g><g v="nomn"></g></l></v></tfr></token><token id="593580" text="сам"><tfr rev_id="1426651" t="сам"><v><l id="312034" t="сам"><g v="ADJF"></g><g v="Apro"></g><g v="masc"></g><g v="sing"></g><g v="nomn"></g></l></v><v><l id="312034" t="сам"><g v="ADJF"></g><g v="Apro"></g><g v="inan"></g><g v="masc"></g><g v="sing"></g><g v="accs"></g></l></v></tfr></token><token id="593581" text="приедет"><tfr rev_id="1426652" t="приедет"><v><l id="270371" t="приехал"><g v="VERB"></g><g v="perf"></g><g v="intr"></g><g v="sing"></g><g v="3per"></g><g v="futr"></g><g v="indc"></g></l></v></tfr></token><token id="593582" text="на"><tfr rev_id="3344351" t="на"><v><l id="166264" t="на"><g v="PREP"></g></l></v></tfr></token><token id="593583" text="осмотр"><tfr rev_id="3486418" t="осмотр"><v><l id="210497" t="осмотр"><g v="NOUN"></g><g v="inan"></g><g v="masc"></g><g v="sing"></g><g v="accs"></g></l></v></tfr></token><token id="593584" text="стройплощадки"><tfr rev_id="3476387" t="стройплощадки"><v><l id="337748" t="стройплощадка"><g v="NOUN"></g><g v="inan"></g><g v="femn"></g><g v="sing"></g><g v="gent"></g></l></v></tfr></token><token id="593585" text="."><tfr rev_id="1426656" t="."><v><l id="0" t="."><g v="PNCT"></g></l></v></tfr></token></tokens></sentence></paragraph><paragraph id="10548"><sentence id="33120"><source>«Предполагается, что все строительные работы завершатся в последние дни 2010 года,</source><tokens><token id="593586" text="«"><tfr rev_id="2443319" t="«"><v><l id="0" t="«"><g v="PNCT"></g></l></v></tfr></token><token id="593587" text="Предполагается"><tfr rev_id="1426658" t="Предполагается"><v><l id="266820" t="предполагаюсь"><g v="VERB"></g><g v="impf"></g><g v="intr"></g><g v="sing"></g><g v="3per"></g><g v="pres"></g><g v="indc"></g></l></v></tfr></token><token id="593588" text=","><tfr rev_id="1426659" t=","><v><l id="0" t=","><g v="PNCT"></g></l></v></tfr></token><token id="593589" text="что"><tfr rev_id="3196737" t="что"><v><l id="377004" t="что"><g v="CONJ"></g></l></v><v><l id="377005" t="что"><g v="NPRO"></g><g v="neut"></g><g v="sing"></g><g v="nomn"></g></l></v><v><l id="377005" t="что"><g v="NPRO"></g><g v="neut"></g><g v="sing"></g><g v="accs"></g></l></v><v><l id="377006" t="что"><g v="ADVB"></g><g v="Ques"></g></l></v><v><l id="388695" t="что"><g v="PRCL"></g></l></v></tfr></token><token id="593590" text="все"><tfr rev_id="4410369" t="все"><v><l id="42156" t="весь"><g v="ADJF"></g><g v="Subx"></g><g v="Apro"></g><g v="inan"></g><g v="plur"></g><g v="accs"></g></l></v><v><l id="42156" t="весь"><g v="ADJF"></g><g v="Subx"></g><g v="Apro"></g><g v="neut"></g><g v="sing"></g><g v="accs"></g></l></v><v><l id="42156" t="весь"><g v="ADJF"></g><g v="Subx"></g><g v="Apro"></g><g v="neut"></g><g v="sing"></g><g v="nomn"></g></l></v><v><l id="42156" t="весь"><g v="ADJF"></g><g v="Subx"></g><g v="Apro"></g><g v="plur"></g><g v="nomn"></g></l></v></tfr></token><token id="593591" text="строительные"><tfr rev_id="3474545" t="строительные"><v><l id="337667" t="строительный"><g v="ADJF"></g><g v="plur"></g><g v="nomn"></g></l></v></tfr></token><token id="593592" text="работы"><tfr rev_id="3802810" t="работы"><v><l id="290501" t="работа"><g v="NOUN"></g><g v="inan"></g><g v="femn"></g><g v="plur"></g><g v="nomn"></g></l></v></tfr></token><token id="593593" text="завершатся"><tfr rev_id="1426664" t="завершатся"><v><l id="99447" t="завершился"><g v="VERB"></g><g v="perf"></g><g v="intr"></g><g v="plur"></g><g v="3per"></g><g v="futr"></g><g v="indc"></g></l></v></tfr></token><token id="593594" text="в"><tfr rev_id="1426665" t="в"><v><l id="37409" t="в"><g v="PREP"></g></l></v></tfr></token><token id="593595" text="последние"><tfr rev_id="3765605" t="последние"><v><l id="261565" t="последний"><g v="ADJF"></g><g v="inan"></g><g v="plur"></g><g v="accs"></g></l></v></tfr></token><token id="593596" text="дни"><tfr rev_id="3716354" t="дни"><v><l id="81427" t="день"><g v="NOUN"></g><g v="inan"></g><g v="masc"></g><g v="plur"></g><g v="accs"></g></l></v></tfr></token><token id="593597" text="2010"><tfr rev_id="2461483" t="2010"><v><l id="0" t="2010"><g v="NUMB"></g></l></v></tfr></token><token id="593598" text="года"><tfr rev_id="3440288" t="года"><v><l id="72149" t="год"><g v="NOUN"></g><g v="inan"></g><g v="masc"></g><g v="sing"></g><g v="gen1"></g></l></v></tfr></token><token id="593599" text=","><tfr rev_id="1426670" t=","><v><l id="0" t=","><g v="PNCT"></g></l></v></tfr></token></tokens></sentence><sentence id="33121"><source>— заявил Авдеев.</source><tokens><token id="593600" text="—"><tfr rev_id="2443320" t="—"><v><l id="0" t="—"><g v="PNCT"></g></l></v></tfr></token><token id="593601" text="заявил"><tfr rev_id="1426672" t="заявил"><v><l id="114300" t="заявил"><g v="VERB"></g><g v="perf"></g><g v="tran"></g><g v="masc"></g><g v="sing"></g><g v="past"></g><g v="indc"></g></l></v></tfr></token><token id="593602" text="Авдеев"><tfr rev_id="3470019" t="Авдеев"><v><l id="2390" t="авдеев"><g v="NOUN"></g><g v="anim"></g><g v="masc"></g><g v="Sgtm"></g><g v="Surn"></g><g v="sing"></g><g v="nomn"></g></l></v></tfr></token><token id="593603" text="."><tfr rev_id="1426674" t="."><v><l id="0" t="."><g v="PNCT"></g></l></v></tfr></token></tokens></sentence><sentence id="33122"><source>— В первой половине 2011 года будет осуществляться установка оборудования и пройдут некоторые реставрационные доработки».</source><tokens><token id="593604" text="—"><tfr rev_id="2443321" t="—"><v><l id="0" t="—"><g v="PNCT"></g></l></v></tfr></token><token id="593605" text="В"><tfr rev_id="1426676" t="В"><v><l id="37409" t="в"><g v="PREP"></g></l></v></tfr></token><token id="593606" text="первой"><tfr rev_id="4495139" t="первой"><v><l id="226359" t="первый"><g v="ADJF"></g><g v="Anum"></g><g v="femn"></g><g v="sing"></g><g v="loct"></g></l></v></tfr></token><token id="593607" text="половине"><tfr rev_id="4322763" t="половине"><v><l id="256181" t="половина"><g v="NOUN"></g><g v="inan"></g><g v="femn"></g><g v="sing"></g><g v="loct"></g></l></v></tfr></token><token id="593608" text="2011"><tfr rev_id="2461484" t="2011"><v><l id="0" t="2011"><g v="NUMB"></g></l></v></tfr></token><token id="593609" text="года"><tfr rev_id="3484710" t="года"><v><l id="72149" t="год"><g v="NOUN"></g><g v="inan"></g><g v="masc"></g><g v="sing"></g><g v="gen1"></g></l></v></tfr></token><token id="593610" text="будет"><tfr rev_id="1426681" t="будет"><v><l id="37265" t="есть"><g v="VERB"></g><g v="impf"></g><g v="intr"></g><g v="sing"></g><g v="3per"></g><g v="futr"></g><g v="indc"></g></l></v></tfr></token><token id="593611" text="осуществляться"><tfr rev_id="1426682" t="осуществляться"><v><l id="211547" t="осуществляться"><g v="INFN"></g><g v="impf"></g><g v="intr"></g></l></v></tfr></token><token id="593612" text="установка"><tfr rev_id="1426683" t="установка"><v><l id="360991" t="установка"><g v="NOUN"></g><g v="inan"></g><g v="femn"></g><g v="sing"></g><g v="nomn"></g></l></v></tfr></token><token id="593613" text="оборудования"><tfr rev_id="3502566" t="оборудования"><v><l id="198558" t="оборудование"><g v="NOUN"></g><g v="inan"></g><g v="neut"></g><g v="sing"></g><g v="gent"></g></l></v></tfr></token><token id="593614" text="и"><tfr rev_id="3542290" t="и"><v><l id="116949" t="и"><g v="CONJ"></g></l></v></tfr></token><token id="593615" text="пройдут"><tfr rev_id="1426686" t="пройдут"><v><l id="280310" t="прошёл"><g v="VERB"></g><g v="perf"></g><g v="tran"></g><g v="plur"></g><g v="3per"></g><g v="futr"></g><g v="indc"></g></l></v></tfr></token><token id="593616" text="некоторые"><tfr rev_id="4475614" t="некоторые"><v><l id="183542" t="некоторый"><g v="ADJF"></g><g v="Apro"></g><g v="plur"></g><g v="nomn"></g></l></v><v><l id="183542" t="некоторый"><g v="ADJF"></g><g v="Apro"></g><g v="inan"></g><g v="plur"></g><g v="accs"></g></l></v></tfr></token><token id="593617" text="реставрационные"><tfr rev_id="3474353" t="реставрационные"><v><l id="306794" t="реставрационный"><g v="ADJF"></g><g v="plur"></g><g v="nomn"></g></l></v></tfr></token><token id="593618" text="доработки"><tfr rev_id="3804886" t="доработки"><v><l id="89555" t="доработка"><g v="NOUN"></g><g v="inan"></g><g v="femn"></g><g v="plur"></g><g v="nomn"></g></l></v></tfr></token><token id="593619" text="»"><tfr rev_id="2443322" t="»"><v><l id="0" t="»"><g v="PNCT"></g></l></v></tfr></token><token id="593620" text="."><tfr rev_id="1426691" t="."><v><l id="0" t="."><g v="PNCT"></g></l></v></tfr></token></tokens></sentence></paragraph></paragraphs></text>