<?xml version="1.0" encoding="utf-8"?><text id="1096" parent="226" name="05229 Компьютерную игру станцуют в Большом театре"><tags><tag>url:http://www.chaskor.ru/news/kompyuternuyu_igru_stantsuyut_v_bolshom_teatre_5229</tag><tag>Год:2009</tag><tag>Дата:09/04</tag><tag>Тема:ЧасКор:Культура</tag><tag>Тема:ЧасКор:Культура/Музыкальный театр</tag></tags><paragraphs><paragraph id="10571"><sentence id="33178"><source>Компьютерную игру станцуют в Большом театре</source><tokens><token id="594637" text="Компьютерную"><tfr rev_id="1427708" t="Компьютерную"><v><l id="137452" t="компьютерный"><g v="ADJF"></g><g v="femn"></g><g v="sing"></g><g v="accs"></g></l></v></tfr></token><token id="594638" text="игру"><tfr rev_id="1427709" t="игру"><v><l id="117293" t="игра"><g v="NOUN"></g><g v="inan"></g><g v="femn"></g><g v="sing"></g><g v="accs"></g></l></v></tfr></token><token id="594639" text="станцуют"><tfr rev_id="1427710" t="станцуют"><v><l id="334693" t="станцевал"><g v="VERB"></g><g v="perf"></g><g v="tran"></g><g v="plur"></g><g v="3per"></g><g v="futr"></g><g v="indc"></g></l></v></tfr></token><token id="594640" text="в"><tfr rev_id="1427711" t="в"><v><l id="37409" t="в"><g v="PREP"></g></l></v></tfr></token><token id="594641" text="Большом"><tfr rev_id="4208327" t="Большом"><v><l id="32445" t="большой"><g v="ADJF"></g><g v="Qual"></g><g v="masc"></g><g v="sing"></g><g v="loct"></g></l></v></tfr></token><token id="594642" text="театре"><tfr rev_id="1427713" t="театре"><v><l id="343862" t="театр"><g v="NOUN"></g><g v="inan"></g><g v="masc"></g><g v="sing"></g><g v="loct"></g></l></v></tfr></token></tokens></sentence></paragraph><paragraph id="10572"><sentence id="33179"><source>На Новой сцене Большого театра состоится мировая премьера балета «Захарова: суперигра».</source><tokens><token id="594643" text="На"><tfr rev_id="3395082" t="На"><v><l id="166264" t="на"><g v="PREP"></g></l></v></tfr></token><token id="594644" text="Новой"><tfr rev_id="2637293" t="Новой"><v><l id="191918" t="новый"><g v="ADJF"></g><g v="Qual"></g><g v="femn"></g><g v="sing"></g><g v="loct"></g></l></v></tfr></token><token id="594645" text="сцене"><tfr rev_id="3447146" t="сцене"><v><l id="341041" t="сцена"><g v="NOUN"></g><g v="inan"></g><g v="femn"></g><g v="sing"></g><g v="loct"></g></l></v></tfr></token><token id="594646" text="Большого"><tfr rev_id="3468658" t="Большого"><v><l id="32445" t="большой"><g v="ADJF"></g><g v="Qual"></g><g v="masc"></g><g v="sing"></g><g v="gent"></g></l></v><v><l id="32445" t="большой"><g v="ADJF"></g><g v="Qual"></g><g v="anim"></g><g v="masc"></g><g v="sing"></g><g v="accs"></g></l></v></tfr></token><token id="594647" text="театра"><tfr rev_id="1427718" t="театра"><v><l id="343862" t="театр"><g v="NOUN"></g><g v="inan"></g><g v="masc"></g><g v="sing"></g><g v="gent"></g></l></v></tfr></token><token id="594648" text="состоится"><tfr rev_id="1427719" t="состоится"><v><l id="330568" t="состоялся"><g v="VERB"></g><g v="perf"></g><g v="intr"></g><g v="sing"></g><g v="3per"></g><g v="futr"></g><g v="indc"></g></l></v></tfr></token><token id="594649" text="мировая"><tfr rev_id="1427720" t="мировая"><v><l id="160894" t="мировой"><g v="ADJF"></g><g v="femn"></g><g v="sing"></g><g v="nomn"></g></l></v></tfr></token><token id="594650" text="премьера"><tfr rev_id="4221923" t="премьера"><v><l id="267777" t="премьера"><g v="NOUN"></g><g v="inan"></g><g v="femn"></g><g v="sing"></g><g v="nomn"></g></l></v></tfr></token><token id="594651" text="балета"><tfr rev_id="1427722" t="балета"><v><l id="23093" t="балет"><g v="NOUN"></g><g v="inan"></g><g v="masc"></g><g v="sing"></g><g v="gent"></g></l></v></tfr></token><token id="594652" text="«"><tfr rev_id="2443349" t="«"><v><l id="0" t="«"><g v="PNCT"></g></l></v></tfr></token><token id="594653" text="Захарова"><tfr rev_id="4286529" t="Захарова"><v><l id="112626" t="захарова"><g v="NOUN"></g><g v="anim"></g><g v="femn"></g><g v="Sgtm"></g><g v="Surn"></g><g v="sing"></g><g v="nomn"></g></l></v></tfr></token><token id="594654" text=":"><tfr rev_id="1427725" t=":"><v><l id="0" t=":"><g v="PNCT"></g></l></v></tfr></token><token id="594655" text="суперигра"><tfr rev_id="1427726" t="суперигра"><v><l id="339643" t="суперигра"><g v="NOUN"></g><g v="inan"></g><g v="femn"></g><g v="sing"></g><g v="nomn"></g></l></v></tfr></token><token id="594656" text="»"><tfr rev_id="2443350" t="»"><v><l id="0" t="»"><g v="PNCT"></g></l></v></tfr></token><token id="594657" text="."><tfr rev_id="1427728" t="."><v><l id="0" t="."><g v="PNCT"></g></l></v></tfr></token></tokens></sentence></paragraph><paragraph id="10573"><sentence id="33180"><source>Балет придумал и поставил итальянский хореограф и солист театра «Ла Скала» Франческо Вентрилья специально для примы-балерины Большого театра Светланы Захаровой.</source><tokens><token id="594658" text="Балет"><tfr rev_id="4212833" t="Балет"><v><l id="23093" t="балет"><g v="NOUN"></g><g v="inan"></g><g v="masc"></g><g v="sing"></g><g v="accs"></g></l></v></tfr></token><token id="594659" text="придумал"><tfr rev_id="1427730" t="придумал"><v><l id="270270" t="придумал"><g v="VERB"></g><g v="perf"></g><g v="tran"></g><g v="masc"></g><g v="sing"></g><g v="past"></g><g v="indc"></g></l></v></tfr></token><token id="594660" text="и"><tfr rev_id="1427731" t="и"><v><l id="116949" t="и"><g v="CONJ"></g></l></v><v><l id="116950" t="и"><g v="INTJ"></g></l></v></tfr></token><token id="594661" text="поставил"><tfr rev_id="1427732" t="поставил"><v><l id="262088" t="поставил"><g v="VERB"></g><g v="perf"></g><g v="tran"></g><g v="masc"></g><g v="sing"></g><g v="past"></g><g v="indc"></g></l></v></tfr></token><token id="594662" text="итальянский"><tfr rev_id="1427733" t="итальянский"><v><l id="127104" t="итальянский"><g v="ADJF"></g><g v="masc"></g><g v="sing"></g><g v="nomn"></g></l></v><v><l id="127104" t="итальянский"><g v="ADJF"></g><g v="inan"></g><g v="masc"></g><g v="sing"></g><g v="accs"></g></l></v></tfr></token><token id="594663" text="хореограф"><tfr rev_id="1427734" t="хореограф"><v><l id="371576" t="хореограф"><g v="NOUN"></g><g v="anim"></g><g v="masc"></g><g v="sing"></g><g v="nomn"></g></l></v></tfr></token><token id="594664" text="и"><tfr rev_id="1427735" t="и"><v><l id="116949" t="и"><g v="CONJ"></g></l></v><v><l id="116950" t="и"><g v="INTJ"></g></l></v></tfr></token><token id="594665" text="солист"><tfr rev_id="1427736" t="солист"><v><l id="329035" t="солист"><g v="NOUN"></g><g v="anim"></g><g v="masc"></g><g v="sing"></g><g v="nomn"></g></l></v></tfr></token><token id="594666" text="театра"><tfr rev_id="1427737" t="театра"><v><l id="343862" t="театр"><g v="NOUN"></g><g v="inan"></g><g v="masc"></g><g v="sing"></g><g v="gent"></g></l></v></tfr></token><token id="594667" text="«"><tfr rev_id="2443351" t="«"><v><l id="0" t="«"><g v="PNCT"></g></l></v></tfr></token><token id="594668" text="Ла"><tfr rev_id="4449415" t="Ла"><v><l id="390590" t="ла"><g v="PRCL"></g></l></v></tfr></token><token id="594669" text="Скала"><tfr rev_id="3483572" t="Скала"><v><l id="0" t="Скала"><g v="UNKN"></g></l></v></tfr></token><token id="594670" text="»"><tfr rev_id="2443352" t="»"><v><l id="0" t="»"><g v="PNCT"></g></l></v></tfr></token><token id="594671" text="Франческо"><tfr rev_id="4285702" t="Франческо"><v><l id="368082" t="франческо"><g v="NOUN"></g><g v="anim"></g><g v="masc"></g><g v="Sgtm"></g><g v="Fixd"></g><g v="Name"></g><g v="sing"></g><g v="nomn"></g></l></v></tfr></token><token id="594672" text="Вентрилья"><tfr rev_id="1427743" t="Вентрилья"><v><l id="0" t="вентрилья"><g v="UNKN"></g></l></v></tfr></token><token id="594673" text="специально"><tfr rev_id="1427744" t="специально"><v><l id="331873" t="специально"><g v="ADVB"></g></l></v><v><l id="331877" t="специален"><g v="ADJS"></g><g v="neut"></g><g v="sing"></g></l></v></tfr></token><token id="594674" text="для"><tfr rev_id="3445589" t="для"><v><l id="85032" t="для"><g v="PREP"></g></l></v></tfr></token><token id="594675" text="примы"><tfr rev_id="4336645" t="примы"><v><l id="271782" t="прима"><g v="NOUN"></g><g v="anim"></g><g v="femn"></g><g v="sing"></g><g v="gent"></g></l></v></tfr></token><token id="594676" text="-"><tfr rev_id="1427747" t="-"><v><l id="0" t="-"><g v="PNCT"></g></l></v></tfr></token><token id="594677" text="балерины"><tfr rev_id="3479762" t="балерины"><v><l id="23091" t="балерина"><g v="NOUN"></g><g v="anim"></g><g v="femn"></g><g v="sing"></g><g v="gent"></g></l></v></tfr></token><token id="594678" text="Большого"><tfr rev_id="3946416" t="Большого"><v><l id="32445" t="большой"><g v="ADJF"></g><g v="Qual"></g><g v="masc"></g><g v="sing"></g><g v="gent"></g></l></v><v><l id="32445" t="большой"><g v="ADJF"></g><g v="Qual"></g><g v="anim"></g><g v="masc"></g><g v="sing"></g><g v="accs"></g></l></v></tfr></token><token id="594679" text="театра"><tfr rev_id="1427750" t="театра"><v><l id="343862" t="театр"><g v="NOUN"></g><g v="inan"></g><g v="masc"></g><g v="sing"></g><g v="gent"></g></l></v></tfr></token><token id="594680" text="Светланы"><tfr rev_id="3497184" t="Светланы"><v><l id="315513" t="светлана"><g v="NOUN"></g><g v="anim"></g><g v="femn"></g><g v="Name"></g><g v="sing"></g><g v="gent"></g></l></v></tfr></token><token id="594681" text="Захаровой"><tfr rev_id="4354265" t="Захаровой"><v><l id="112626" t="захарова"><g v="NOUN"></g><g v="anim"></g><g v="femn"></g><g v="Sgtm"></g><g v="Surn"></g><g v="sing"></g><g v="gent"></g></l></v></tfr></token><token id="594682" text="."><tfr rev_id="1427753" t="."><v><l id="0" t="."><g v="PNCT"></g></l></v></tfr></token></tokens></sentence></paragraph><paragraph id="10574"><sentence id="33181"><source>В спектакле нет декораций — балет целиком построен на видеопроекции.</source><tokens><token id="594683" text="В"><tfr rev_id="1427754" t="В"><v><l id="37409" t="в"><g v="PREP"></g></l></v></tfr></token><token id="594684" text="спектакле"><tfr rev_id="1427755" t="спектакле"><v><l id="331679" t="спектакль"><g v="NOUN"></g><g v="inan"></g><g v="masc"></g><g v="sing"></g><g v="loct"></g></l></v></tfr></token><token id="594685" text="нет"><tfr rev_id="3756320" t="нет"><v><l id="389552" t="нет"><g v="PRED"></g><g v="pres"></g></l></v></tfr></token><token id="594686" text="декораций"><tfr rev_id="1427757" t="декораций"><v><l id="80442" t="декорация"><g v="NOUN"></g><g v="inan"></g><g v="femn"></g><g v="plur"></g><g v="gent"></g></l></v></tfr></token><token id="594687" text="—"><tfr rev_id="2443353" t="—"><v><l id="0" t="—"><g v="PNCT"></g></l></v></tfr></token><token id="594688" text="балет"><tfr rev_id="1427759" t="балет"><v><l id="23093" t="балет"><g v="NOUN"></g><g v="inan"></g><g v="masc"></g><g v="sing"></g><g v="nomn"></g></l></v><v><l id="23093" t="балет"><g v="NOUN"></g><g v="inan"></g><g v="masc"></g><g v="sing"></g><g v="accs"></g></l></v></tfr></token><token id="594689" text="целиком"><tfr rev_id="4150708" t="целиком"><v><l id="373108" t="целиком"><g v="ADVB"></g></l></v></tfr></token><token id="594690" text="построен"><tfr rev_id="1427761" t="построен"><v><l id="262525" t="построен"><g v="PRTS"></g><g v="perf"></g><g v="past"></g><g v="pssv"></g><g v="masc"></g><g v="sing"></g></l></v></tfr></token><token id="594691" text="на"><tfr rev_id="3337608" t="на"><v><l id="166264" t="на"><g v="PREP"></g></l></v></tfr></token><token id="594692" text="видеопроекции"><tfr rev_id="1427763" t="видеопроекции"><v><l id="0" t="видеопроекции"><g v="UNKN"></g></l></v></tfr></token><token id="594693" text="."><tfr rev_id="1427764" t="."><v><l id="0" t="."><g v="PNCT"></g></l></v></tfr></token></tokens></sentence><sentence id="33182"><source>Звезда балета Светлана Захарова будет существовать внутри виртуального мира, став героиней компьютерной игры.</source><tokens><token id="594694" text="Звезда"><tfr rev_id="4257795" t="Звезда"><v><l id="114379" t="звезда"><g v="NOUN"></g><g v="anim"></g><g v="femn"></g><g v="sing"></g><g v="nomn"></g></l></v></tfr></token><token id="594695" text="балета"><tfr rev_id="1427766" t="балета"><v><l id="23093" t="балет"><g v="NOUN"></g><g v="inan"></g><g v="masc"></g><g v="sing"></g><g v="gent"></g></l></v></tfr></token><token id="594696" text="Светлана"><tfr rev_id="1427767" t="Светлана"><v><l id="315513" t="светлана"><g v="NOUN"></g><g v="anim"></g><g v="femn"></g><g v="Name"></g><g v="sing"></g><g v="nomn"></g></l></v></tfr></token><token id="594697" text="Захарова"><tfr rev_id="4082940" t="Захарова"><v><l id="112626" t="захарова"><g v="NOUN"></g><g v="anim"></g><g v="femn"></g><g v="Sgtm"></g><g v="Surn"></g><g v="sing"></g><g v="nomn"></g></l></v></tfr></token><token id="594698" text="будет"><tfr rev_id="1427769" t="будет"><v><l id="37265" t="есть"><g v="VERB"></g><g v="impf"></g><g v="intr"></g><g v="sing"></g><g v="3per"></g><g v="futr"></g><g v="indc"></g></l></v></tfr></token><token id="594699" text="существовать"><tfr rev_id="1427770" t="существовать"><v><l id="340485" t="существовать"><g v="INFN"></g><g v="impf"></g><g v="intr"></g></l></v></tfr></token><token id="594700" text="внутри"><tfr rev_id="4231612" t="внутри"><v><l id="47670" t="внутри"><g v="PREP"></g></l></v></tfr></token><token id="594701" text="виртуального"><tfr rev_id="3430968" t="виртуального"><v><l id="45483" t="виртуальный"><g v="ADJF"></g><g v="Qual"></g><g v="masc"></g><g v="sing"></g><g v="gent"></g></l></v><v><l id="45483" t="виртуальный"><g v="ADJF"></g><g v="Qual"></g><g v="anim"></g><g v="masc"></g><g v="sing"></g><g v="accs"></g></l></v></tfr></token><token id="594702" text="мира"><tfr rev_id="3723179" t="мира"><v><l id="160807" t="мир"><g v="NOUN"></g><g v="inan"></g><g v="masc"></g><g v="sing"></g><g v="gen1"></g></l></v></tfr></token><token id="594703" text=","><tfr rev_id="1427774" t=","><v><l id="0" t=","><g v="PNCT"></g></l></v></tfr></token><token id="594704" text="став"><tfr rev_id="2634510" t="став"><v><l id="335167" t="став"><g v="GRND"></g><g v="perf"></g><g v="intr"></g><g v="past"></g></l></v></tfr></token><token id="594705" text="героиней"><tfr rev_id="1427776" t="героиней"><v><l id="69209" t="героиня"><g v="NOUN"></g><g v="anim"></g><g v="femn"></g><g v="sing"></g><g v="ablt"></g></l></v></tfr></token><token id="594706" text="компьютерной"><tfr rev_id="4172928" t="компьютерной"><v><l id="137452" t="компьютерный"><g v="ADJF"></g><g v="femn"></g><g v="sing"></g><g v="gent"></g></l></v></tfr></token><token id="594707" text="игры"><tfr rev_id="3410086" t="игры"><v><l id="117293" t="игра"><g v="NOUN"></g><g v="inan"></g><g v="femn"></g><g v="sing"></g><g v="gent"></g></l></v></tfr></token><token id="594708" text="."><tfr rev_id="1427779" t="."><v><l id="0" t="."><g v="PNCT"></g></l></v></tfr></token></tokens></sentence></paragraph><paragraph id="10575"><sentence id="33183"><source>«Для меня всё это ново и необычно.</source><tokens><token id="594709" text="«"><tfr rev_id="2443354" t="«"><v><l id="0" t="«"><g v="PNCT"></g></l></v></tfr></token><token id="594710" text="Для"><tfr rev_id="2844818" t="Для"><v><l id="85032" t="для"><g v="PREP"></g></l></v></tfr></token><token id="594711" text="меня"><tfr rev_id="3541415" t="меня"><v><l id="387317" t="я"><g v="NPRO"></g><g v="1per"></g><g v="sing"></g><g v="gent"></g></l></v></tfr></token><token id="594712" text="всё"><tfr rev_id="4503814" t="всё"><v><l id="42156" t="весь"><g v="ADJF"></g><g v="Subx"></g><g v="Apro"></g><g v="neut"></g><g v="sing"></g><g v="accs"></g></l></v><v><l id="42156" t="весь"><g v="ADJF"></g><g v="Subx"></g><g v="Apro"></g><g v="neut"></g><g v="sing"></g><g v="nomn"></g></l></v></tfr></token><token id="594713" text="это"><tfr rev_id="4342799" t="это"><v><l id="386575" t="это"><g v="NPRO"></g><g v="neut"></g><g v="sing"></g><g v="nomn"></g></l></v><v><l id="386575" t="это"><g v="NPRO"></g><g v="neut"></g><g v="sing"></g><g v="accs"></g></l></v></tfr></token><token id="594714" text="ново"><tfr rev_id="4092404" t="ново"><v><l id="191921" t="нов"><g v="ADJS"></g><g v="Qual"></g><g v="neut"></g><g v="sing"></g></l></v></tfr></token><token id="594715" text="и"><tfr rev_id="1427786" t="и"><v><l id="116949" t="и"><g v="CONJ"></g></l></v><v><l id="116950" t="и"><g v="INTJ"></g></l></v></tfr></token><token id="594716" text="необычно"><tfr rev_id="1427787" t="необычно"><v><l id="184864" t="необычно"><g v="ADVB"></g></l></v><v><l id="184868" t="необычен"><g v="ADJS"></g><g v="Qual"></g><g v="neut"></g><g v="sing"></g></l></v></tfr></token><token id="594717" text="."><tfr rev_id="1427788" t="."><v><l id="0" t="."><g v="PNCT"></g></l></v></tfr></token></tokens></sentence><sentence id="33184"><source>Я перетанцевала весь классический балетный репертуар, но, несмотря на приоритет для меня классики, мне захотелось более широко использовать свои возможности.</source><tokens><token id="594718" text="Я"><tfr rev_id="1427789" t="Я"><v><l id="387317" t="я"><g v="NPRO"></g><g v="1per"></g><g v="sing"></g><g v="nomn"></g></l></v></tfr></token><token id="594719" text="перетанцевала"><tfr rev_id="1427790" t="перетанцевала"><v><l id="235196" t="перетанцевал"><g v="VERB"></g><g v="perf"></g><g v="tran"></g><g v="femn"></g><g v="sing"></g><g v="past"></g><g v="indc"></g></l></v></tfr></token><token id="594720" text="весь"><tfr rev_id="4283678" t="весь"><v><l id="42156" t="весь"><g v="ADJF"></g><g v="Subx"></g><g v="Apro"></g><g v="masc"></g><g v="sing"></g><g v="nomn"></g></l></v><v><l id="42156" t="весь"><g v="ADJF"></g><g v="Subx"></g><g v="Apro"></g><g v="inan"></g><g v="masc"></g><g v="sing"></g><g v="accs"></g></l></v></tfr></token><token id="594721" text="классический"><tfr rev_id="1427792" t="классический"><v><l id="133924" t="классический"><g v="ADJF"></g><g v="masc"></g><g v="sing"></g><g v="nomn"></g></l></v><v><l id="133924" t="классический"><g v="ADJF"></g><g v="inan"></g><g v="masc"></g><g v="sing"></g><g v="accs"></g></l></v></tfr></token><token id="594722" text="балетный"><tfr rev_id="1427793" t="балетный"><v><l id="23098" t="балетный"><g v="ADJF"></g><g v="Qual"></g><g v="masc"></g><g v="sing"></g><g v="nomn"></g></l></v><v><l id="23098" t="балетный"><g v="ADJF"></g><g v="Qual"></g><g v="inan"></g><g v="masc"></g><g v="sing"></g><g v="accs"></g></l></v></tfr></token><token id="594723" text="репертуар"><tfr rev_id="4105287" t="репертуар"><v><l id="306494" t="репертуар"><g v="NOUN"></g><g v="inan"></g><g v="masc"></g><g v="sing"></g><g v="accs"></g></l></v></tfr></token><token id="594724" text=","><tfr rev_id="1427795" t=","><v><l id="0" t=","><g v="PNCT"></g></l></v></tfr></token><token id="594725" text="но"><tfr rev_id="1427796" t="но"><v><l id="191429" t="но"><g v="CONJ"></g></l></v><v><l id="191430" t="но"><g v="INTJ"></g></l></v></tfr></token><token id="594726" text=","><tfr rev_id="1427797" t=","><v><l id="0" t=","><g v="PNCT"></g></l></v></tfr></token><token id="594727" text="несмотря"><tfr rev_id="1427798" t="несмотря"><v><l id="188286" t="несмотря"><g v="PREP"></g></l></v></tfr></token><token id="594728" text="на"><tfr rev_id="3394006" t="на"><v><l id="166264" t="на"><g v="PREP"></g></l></v></tfr></token><token id="594729" text="приоритет"><tfr rev_id="1427800" t="приоритет"><v><l id="272826" t="приоритет"><g v="NOUN"></g><g v="inan"></g><g v="masc"></g><g v="sing"></g><g v="nomn"></g></l></v><v><l id="272826" t="приоритет"><g v="NOUN"></g><g v="inan"></g><g v="masc"></g><g v="sing"></g><g v="accs"></g></l></v></tfr></token><token id="594730" text="для"><tfr rev_id="3458773" t="для"><v><l id="85032" t="для"><g v="PREP"></g></l></v></tfr></token><token id="594731" text="меня"><tfr rev_id="3460715" t="меня"><v><l id="387317" t="я"><g v="NPRO"></g><g v="1per"></g><g v="sing"></g><g v="gent"></g></l></v></tfr></token><token id="594732" text="классики"><tfr rev_id="3496926" t="классики"><v><l id="133891" t="классика"><g v="NOUN"></g><g v="inan"></g><g v="femn"></g><g v="sing"></g><g v="gent"></g></l></v></tfr></token><token id="594733" text=","><tfr rev_id="1427804" t=","><v><l id="0" t=","><g v="PNCT"></g></l></v></tfr></token><token id="594734" text="мне"><tfr rev_id="4236653" t="мне"><v><l id="387317" t="я"><g v="NPRO"></g><g v="1per"></g><g v="sing"></g><g v="datv"></g></l></v></tfr></token><token id="594735" text="захотелось"><tfr rev_id="1427806" t="захотелось"><v><l id="112970" t="захочется"><g v="VERB"></g><g v="perf"></g><g v="intr"></g><g v="Impe"></g><g v="neut"></g><g v="sing"></g><g v="past"></g><g v="indc"></g></l></v></tfr></token><token id="594736" text="более"><tfr rev_id="1427807" t="более"><v><l id="32065" t="более"><g v="ADVB"></g></l></v></tfr></token><token id="594737" text="широко"><tfr rev_id="1427808" t="широко"><v><l id="379818" t="широк"><g v="ADJS"></g><g v="Qual"></g><g v="neut"></g><g v="sing"></g></l></v><v><l id="379823" t="широко"><g v="ADVB"></g></l></v></tfr></token><token id="594738" text="использовать"><tfr rev_id="1427809" t="использовать"><v><l id="125420" t="использовать"><g v="INFN"></g><g v="perf"></g><g v="tran"></g></l></v><v><l id="125421" t="использовать"><g v="INFN"></g><g v="impf"></g><g v="tran"></g></l></v></tfr></token><token id="594739" text="свои"><tfr rev_id="3765494" t="свои"><v><l id="316379" t="свой"><g v="ADJF"></g><g v="Apro"></g><g v="Anph"></g><g v="inan"></g><g v="plur"></g><g v="accs"></g></l></v></tfr></token><token id="594740" text="возможности"><tfr rev_id="3795931" t="возможности"><v><l id="49410" t="возможность"><g v="NOUN"></g><g v="inan"></g><g v="femn"></g><g v="plur"></g><g v="accs"></g></l></v></tfr></token><token id="594741" text="."><tfr rev_id="1427812" t="."><v><l id="0" t="."><g v="PNCT"></g></l></v></tfr></token></tokens></sentence><sentence id="33185"><source>Балет «Суперигра», где специально для меня сочинена хореография и написана музыка, — огромное событие, одно из самых важных в моей жизни»,</source><tokens><token id="594742" text="Балет"><tfr rev_id="1427813" t="Балет"><v><l id="23093" t="балет"><g v="NOUN"></g><g v="inan"></g><g v="masc"></g><g v="sing"></g><g v="nomn"></g></l></v><v><l id="23093" t="балет"><g v="NOUN"></g><g v="inan"></g><g v="masc"></g><g v="sing"></g><g v="accs"></g></l></v></tfr></token><token id="594743" text="«"><tfr rev_id="2443355" t="«"><v><l id="0" t="«"><g v="PNCT"></g></l></v></tfr></token><token id="594744" text="Суперигра"><tfr rev_id="1427815" t="Суперигра"><v><l id="339643" t="суперигра"><g v="NOUN"></g><g v="inan"></g><g v="femn"></g><g v="sing"></g><g v="nomn"></g></l></v></tfr></token><token id="594745" text="»"><tfr rev_id="2443356" t="»"><v><l id="0" t="»"><g v="PNCT"></g></l></v></tfr></token><token id="594746" text=","><tfr rev_id="1427817" t=","><v><l id="0" t=","><g v="PNCT"></g></l></v></tfr></token><token id="594747" text="где"><tfr rev_id="2636452" t="где"><v><l id="67984" t="где"><g v="ADVB"></g><g v="Ques"></g></l></v><v><l id="388669" t="где"><g v="CONJ"></g></l></v></tfr></token><token id="594748" text="специально"><tfr rev_id="1427819" t="специально"><v><l id="331873" t="специально"><g v="ADVB"></g></l></v><v><l id="331877" t="специален"><g v="ADJS"></g><g v="neut"></g><g v="sing"></g></l></v></tfr></token><token id="594749" text="для"><tfr rev_id="3452664" t="для"><v><l id="85032" t="для"><g v="PREP"></g></l></v></tfr></token><token id="594750" text="меня"><tfr rev_id="3547773" t="меня"><v><l id="387317" t="я"><g v="NPRO"></g><g v="1per"></g><g v="sing"></g><g v="gent"></g></l></v></tfr></token><token id="594751" text="сочинена"><tfr rev_id="1427822" t="сочинена"><v><l id="331151" t="сочинён"><g v="PRTS"></g><g v="perf"></g><g v="past"></g><g v="pssv"></g><g v="femn"></g><g v="sing"></g></l></v></tfr></token><token id="594752" text="хореография"><tfr rev_id="1427823" t="хореография"><v><l id="371578" t="хореография"><g v="NOUN"></g><g v="inan"></g><g v="femn"></g><g v="sing"></g><g v="nomn"></g></l></v></tfr></token><token id="594753" text="и"><tfr rev_id="3690565" t="и"><v><l id="116949" t="и"><g v="CONJ"></g></l></v></tfr></token><token id="594754" text="написана"><tfr rev_id="1427825" t="написана"><v><l id="173438" t="написан"><g v="PRTS"></g><g v="perf"></g><g v="past"></g><g v="pssv"></g><g v="femn"></g><g v="sing"></g></l></v></tfr></token><token id="594755" text="музыка"><tfr rev_id="1427826" t="музыка"><v><l id="164802" t="музыка"><g v="NOUN"></g><g v="inan"></g><g v="femn"></g><g v="sing"></g><g v="nomn"></g></l></v></tfr></token><token id="594756" text=","><tfr rev_id="1427827" t=","><v><l id="0" t=","><g v="PNCT"></g></l></v></tfr></token><token id="594757" text="—"><tfr rev_id="2443357" t="—"><v><l id="0" t="—"><g v="PNCT"></g></l></v></tfr></token><token id="594758" text="огромное"><tfr rev_id="4369892" t="огромное"><v><l id="203009" t="огромный"><g v="ADJF"></g><g v="Qual"></g><g v="neut"></g><g v="sing"></g><g v="nomn"></g></l></v></tfr></token><token id="594759" text="событие"><tfr rev_id="4104188" t="событие"><v><l id="327850" t="событие"><g v="NOUN"></g><g v="inan"></g><g v="neut"></g><g v="sing"></g><g v="nomn"></g></l></v></tfr></token><token id="594760" text=","><tfr rev_id="1427831" t=","><v><l id="0" t=","><g v="PNCT"></g></l></v></tfr></token><token id="594761" text="одно"><tfr rev_id="4303075" t="одно"><v><l id="203319" t="один"><g v="ADJF"></g><g v="Apro"></g><g v="Anum"></g><g v="neut"></g><g v="sing"></g><g v="nomn"></g></l></v><v><l id="203319" t="один"><g v="ADJF"></g><g v="Apro"></g><g v="Anum"></g><g v="neut"></g><g v="sing"></g><g v="accs"></g></l></v></tfr></token><token id="594762" text="из"><tfr rev_id="2602831" t="из"><v><l id="117677" t="из"><g v="PREP"></g></l></v></tfr></token><token id="594763" text="самых"><tfr rev_id="3646606" t="самых"><v><l id="313174" t="самый"><g v="ADJF"></g><g v="Apro"></g><g v="plur"></g><g v="gent"></g></l></v></tfr></token><token id="594764" text="важных"><tfr rev_id="4402515" t="важных"><v><l id="37722" t="важный"><g v="ADJF"></g><g v="Qual"></g><g v="plur"></g><g v="gent"></g></l></v></tfr></token><token id="594765" text="в"><tfr rev_id="1427836" t="в"><v><l id="37409" t="в"><g v="PREP"></g></l></v></tfr></token><token id="594766" text="моей"><tfr rev_id="4161696" t="моей"><v><l id="162570" t="мой"><g v="ADJF"></g><g v="Apro"></g><g v="femn"></g><g v="sing"></g><g v="loct"></g></l></v></tfr></token><token id="594767" text="жизни"><tfr rev_id="3490256" t="жизни"><v><l id="97314" t="жизнь"><g v="NOUN"></g><g v="inan"></g><g v="femn"></g><g v="sing"></g><g v="gent"></g></l></v><v><l id="97314" t="жизнь"><g v="NOUN"></g><g v="inan"></g><g v="femn"></g><g v="sing"></g><g v="datv"></g></l></v><v><l id="97314" t="жизнь"><g v="NOUN"></g><g v="inan"></g><g v="femn"></g><g v="sing"></g><g v="loct"></g></l></v></tfr></token><token id="594768" text="»"><tfr rev_id="2443358" t="»"><v><l id="0" t="»"><g v="PNCT"></g></l></v></tfr></token><token id="594769" text=","><tfr rev_id="1427840" t=","><v><l id="0" t=","><g v="PNCT"></g></l></v></tfr></token></tokens></sentence><sentence id="33186"><source>— сказала Захарова.</source><tokens><token id="594770" text="—"><tfr rev_id="2443359" t="—"><v><l id="0" t="—"><g v="PNCT"></g></l></v></tfr></token><token id="594771" text="сказала"><tfr rev_id="1427842" t="сказала"><v><l id="321532" t="сказал"><g v="VERB"></g><g v="perf"></g><g v="tran"></g><g v="femn"></g><g v="sing"></g><g v="past"></g><g v="indc"></g></l></v></tfr></token><token id="594772" text="Захарова"><tfr rev_id="4177567" t="Захарова"><v><l id="112626" t="захарова"><g v="NOUN"></g><g v="anim"></g><g v="femn"></g><g v="Sgtm"></g><g v="Surn"></g><g v="sing"></g><g v="nomn"></g></l></v></tfr></token><token id="594773" text="."><tfr rev_id="1427844" t="."><v><l id="0" t="."><g v="PNCT"></g></l></v></tfr></token></tokens></sentence></paragraph><paragraph id="10576"><sentence id="33187"><source>«Захарова, которой мы все восхищаемся, настолько совершенна в танце, что подчас это кажется чем-то нереальным.</source><tokens><token id="594774" text="«"><tfr rev_id="2443360" t="«"><v><l id="0" t="«"><g v="PNCT"></g></l></v></tfr></token><token id="594775" text="Захарова"><tfr rev_id="4082562" t="Захарова"><v><l id="112626" t="захарова"><g v="NOUN"></g><g v="anim"></g><g v="femn"></g><g v="Sgtm"></g><g v="Surn"></g><g v="sing"></g><g v="nomn"></g></l></v></tfr></token><token id="594776" text=","><tfr rev_id="1427847" t=","><v><l id="0" t=","><g v="PNCT"></g></l></v></tfr></token><token id="594777" text="которой"><tfr rev_id="3640450" t="которой"><v><l id="141203" t="который"><g v="ADJF"></g><g v="Apro"></g><g v="Subx"></g><g v="Anph"></g><g v="femn"></g><g v="sing"></g><g v="ablt"></g></l></v></tfr></token><token id="594778" text="мы"><tfr rev_id="1427849" t="мы"><v><l id="165750" t="мы"><g v="NPRO"></g><g v="1per"></g><g v="plur"></g><g v="nomn"></g></l></v></tfr></token><token id="594779" text="все"><tfr rev_id="4516946" t="все"><v><l id="42156" t="весь"><g v="ADJF"></g><g v="Subx"></g><g v="Apro"></g><g v="inan"></g><g v="plur"></g><g v="accs"></g></l></v><v><l id="42156" t="весь"><g v="ADJF"></g><g v="Subx"></g><g v="Apro"></g><g v="neut"></g><g v="sing"></g><g v="accs"></g></l></v><v><l id="42156" t="весь"><g v="ADJF"></g><g v="Subx"></g><g v="Apro"></g><g v="neut"></g><g v="sing"></g><g v="nomn"></g></l></v><v><l id="42156" t="весь"><g v="ADJF"></g><g v="Subx"></g><g v="Apro"></g><g v="plur"></g><g v="nomn"></g></l></v></tfr></token><token id="594780" text="восхищаемся"><tfr rev_id="1427851" t="восхищаемся"><v><l id="52096" t="восхищаюсь"><g v="VERB"></g><g v="impf"></g><g v="intr"></g><g v="plur"></g><g v="1per"></g><g v="pres"></g><g v="indc"></g></l></v></tfr></token><token id="594781" text=","><tfr rev_id="1427852" t=","><v><l id="0" t=","><g v="PNCT"></g></l></v></tfr></token><token id="594782" text="настолько"><tfr rev_id="1427853" t="настолько"><v><l id="176093" t="настолько"><g v="ADVB"></g><g v="Dmns"></g></l></v></tfr></token><token id="594783" text="совершенна"><tfr rev_id="1427854" t="совершенна"><v><l id="327905" t="совершенен"><g v="ADJS"></g><g v="Qual"></g><g v="femn"></g><g v="sing"></g></l></v></tfr></token><token id="594784" text="в"><tfr rev_id="1427855" t="в"><v><l id="37409" t="в"><g v="PREP"></g></l></v></tfr></token><token id="594785" text="танце"><tfr rev_id="1427856" t="танце"><v><l id="342927" t="танец"><g v="NOUN"></g><g v="inan"></g><g v="masc"></g><g v="sing"></g><g v="loct"></g></l></v></tfr></token><token id="594786" text=","><tfr rev_id="1427857" t=","><v><l id="0" t=","><g v="PNCT"></g></l></v></tfr></token><token id="594787" text="что"><tfr rev_id="3196748" t="что"><v><l id="377004" t="что"><g v="CONJ"></g></l></v><v><l id="377005" t="что"><g v="NPRO"></g><g v="neut"></g><g v="sing"></g><g v="nomn"></g></l></v><v><l id="377005" t="что"><g v="NPRO"></g><g v="neut"></g><g v="sing"></g><g v="accs"></g></l></v><v><l id="377006" t="что"><g v="ADVB"></g><g v="Ques"></g></l></v><v><l id="388695" t="что"><g v="PRCL"></g></l></v></tfr></token><token id="594788" text="подчас"><tfr rev_id="1427859" t="подчас"><v><l id="252343" t="подчас"><g v="ADVB"></g></l></v></tfr></token><token id="594789" text="это"><tfr rev_id="4441519" t="это"><v><l id="386574" t="это"><g v="PRCL"></g></l></v><v><l id="386575" t="это"><g v="NPRO"></g><g v="neut"></g><g v="sing"></g><g v="nomn"></g></l></v><v><l id="386575" t="это"><g v="NPRO"></g><g v="neut"></g><g v="sing"></g><g v="accs"></g></l></v><v><l id="386581" t="этот"><g v="ADJF"></g><g v="Subx"></g><g v="Apro"></g><g v="Anph"></g><g v="neut"></g><g v="sing"></g><g v="nomn"></g></l></v><v><l id="386581" t="этот"><g v="ADJF"></g><g v="Subx"></g><g v="Apro"></g><g v="Anph"></g><g v="neut"></g><g v="sing"></g><g v="accs"></g></l></v></tfr></token><token id="594790" text="кажется"><tfr rev_id="4220717" t="кажется"><v><l id="127940" t="кажусь"><g v="VERB"></g><g v="impf"></g><g v="intr"></g><g v="sing"></g><g v="3per"></g><g v="pres"></g><g v="indc"></g></l></v></tfr></token><token id="594791" text="чем-то"><tfr rev_id="2693988" t="чем-то"><v><l id="377010" t="что-то"><g v="NPRO"></g><g v="neut"></g><g v="sing"></g><g v="ablt"></g></l></v></tfr></token><token id="594792" text="нереальным"><tfr rev_id="4206847" t="нереальным"><v><l id="187536" t="нереальный"><g v="ADJF"></g><g v="Qual"></g><g v="neut"></g><g v="sing"></g><g v="ablt"></g></l></v></tfr></token><token id="594793" text="."><tfr rev_id="1427864" t="."><v><l id="0" t="."><g v="PNCT"></g></l></v></tfr></token></tokens></sentence><sentence id="33188"><source>И мне захотелось сочинить для нее балет, где она жила бы в виртуальном пространстве и была героиней компьютерной игры»,</source><tokens><token id="594794" text="И"><tfr rev_id="3446032" t="И"><v><l id="116949" t="и"><g v="CONJ"></g></l></v></tfr></token><token id="594795" text="мне"><tfr rev_id="4201748" t="мне"><v><l id="387317" t="я"><g v="NPRO"></g><g v="1per"></g><g v="sing"></g><g v="datv"></g></l></v></tfr></token><token id="594796" text="захотелось"><tfr rev_id="1427867" t="захотелось"><v><l id="112970" t="захочется"><g v="VERB"></g><g v="perf"></g><g v="intr"></g><g v="Impe"></g><g v="neut"></g><g v="sing"></g><g v="past"></g><g v="indc"></g></l></v></tfr></token><token id="594797" text="сочинить"><tfr rev_id="1427868" t="сочинить"><v><l id="331148" t="сочинить"><g v="INFN"></g><g v="perf"></g><g v="tran"></g></l></v></tfr></token><token id="594798" text="для"><tfr rev_id="3452962" t="для"><v><l id="85032" t="для"><g v="PREP"></g></l></v></tfr></token><token id="594799" text="нее"><tfr rev_id="3726315" t="нее"><v><l id="206544" t="она"><g v="NPRO"></g><g v="femn"></g><g v="3per"></g><g v="Anph"></g><g v="sing"></g><g v="gent"></g><g v="Af-p"></g></l></v><v><l id="206544" t="она"><g v="NPRO"></g><g v="femn"></g><g v="3per"></g><g v="Anph"></g><g v="sing"></g><g v="accs"></g><g v="Af-p"></g></l></v></tfr></token><token id="594800" text="балет"><tfr rev_id="1427871" t="балет"><v><l id="23093" t="балет"><g v="NOUN"></g><g v="inan"></g><g v="masc"></g><g v="sing"></g><g v="nomn"></g></l></v><v><l id="23093" t="балет"><g v="NOUN"></g><g v="inan"></g><g v="masc"></g><g v="sing"></g><g v="accs"></g></l></v></tfr></token><token id="594801" text=","><tfr rev_id="1427872" t=","><v><l id="0" t=","><g v="PNCT"></g></l></v></tfr></token><token id="594802" text="где"><tfr rev_id="2636453" t="где"><v><l id="67984" t="где"><g v="ADVB"></g><g v="Ques"></g></l></v><v><l id="388669" t="где"><g v="CONJ"></g></l></v></tfr></token><token id="594803" text="она"><tfr rev_id="3586448" t="она"><v><l id="206544" t="она"><g v="NPRO"></g><g v="femn"></g><g v="3per"></g><g v="Anph"></g><g v="sing"></g><g v="nomn"></g></l></v></tfr></token><token id="594804" text="жила"><tfr rev_id="1716174" t="жила"><v><l id="97603" t="живу"><g v="VERB"></g><g v="impf"></g><g v="intr"></g><g v="femn"></g><g v="sing"></g><g v="past"></g><g v="indc"></g></l></v></tfr></token><token id="594805" text="бы"><tfr rev_id="1427876" t="бы"><v><l id="36985" t="бы"><g v="PRCL"></g></l></v></tfr></token><token id="594806" text="в"><tfr rev_id="1427877" t="в"><v><l id="37409" t="в"><g v="PREP"></g></l></v></tfr></token><token id="594807" text="виртуальном"><tfr rev_id="4097006" t="виртуальном"><v><l id="45483" t="виртуальный"><g v="ADJF"></g><g v="Qual"></g><g v="neut"></g><g v="sing"></g><g v="loct"></g></l></v></tfr></token><token id="594808" text="пространстве"><tfr rev_id="1427879" t="пространстве"><v><l id="285122" t="пространство"><g v="NOUN"></g><g v="inan"></g><g v="neut"></g><g v="sing"></g><g v="loct"></g></l></v></tfr></token><token id="594809" text="и"><tfr rev_id="3688537" t="и"><v><l id="116949" t="и"><g v="CONJ"></g></l></v></tfr></token><token id="594810" text="была"><tfr rev_id="1427881" t="была"><v><l id="37265" t="есть"><g v="VERB"></g><g v="impf"></g><g v="intr"></g><g v="femn"></g><g v="sing"></g><g v="past"></g><g v="indc"></g></l></v></tfr></token><token id="594811" text="героиней"><tfr rev_id="1427882" t="героиней"><v><l id="69209" t="героиня"><g v="NOUN"></g><g v="anim"></g><g v="femn"></g><g v="sing"></g><g v="ablt"></g></l></v></tfr></token><token id="594812" text="компьютерной"><tfr rev_id="4425541" t="компьютерной"><v><l id="137452" t="компьютерный"><g v="ADJF"></g><g v="femn"></g><g v="sing"></g><g v="gent"></g></l></v></tfr></token><token id="594813" text="игры"><tfr rev_id="3482182" t="игры"><v><l id="117293" t="игра"><g v="NOUN"></g><g v="inan"></g><g v="femn"></g><g v="sing"></g><g v="gent"></g></l></v></tfr></token><token id="594814" text="»"><tfr rev_id="2443361" t="»"><v><l id="0" t="»"><g v="PNCT"></g></l></v></tfr></token><token id="594815" text=","><tfr rev_id="1427886" t=","><v><l id="0" t=","><g v="PNCT"></g></l></v></tfr></token></tokens></sentence><sentence id="33189"><source>— отметил Вентрилья.</source><tokens><token id="594816" text="—"><tfr rev_id="2443362" t="—"><v><l id="0" t="—"><g v="PNCT"></g></l></v></tfr></token><token id="594817" text="отметил"><tfr rev_id="1427888" t="отметил"><v><l id="215584" t="отметил"><g v="VERB"></g><g v="perf"></g><g v="tran"></g><g v="masc"></g><g v="sing"></g><g v="past"></g><g v="indc"></g></l></v></tfr></token><token id="594818" text="Вентрилья"><tfr rev_id="1427889" t="Вентрилья"><v><l id="0" t="вентрилья"><g v="UNKN"></g></l></v></tfr></token><token id="594819" text="."><tfr rev_id="1427890" t="."><v><l id="0" t="."><g v="PNCT"></g></l></v></tfr></token></tokens></sentence></paragraph><paragraph id="10577"><sentence id="33190"><source>Вентрилья назвал Захарову «настоящей иконой классического балета», сказав, что она обладает таким потрясающим телом, которому абсолютно подвластны все приемы современного танца.</source><tokens><token id="594820" text="Вентрилья"><tfr rev_id="1427891" t="Вентрилья"><v><l id="0" t="вентрилья"><g v="UNKN"></g></l></v></tfr></token><token id="594821" text="назвал"><tfr rev_id="1427892" t="назвал"><v><l id="170342" t="назвал"><g v="VERB"></g><g v="perf"></g><g v="tran"></g><g v="masc"></g><g v="sing"></g><g v="past"></g><g v="indc"></g></l></v></tfr></token><token id="594822" text="Захарову"><tfr rev_id="4175915" t="Захарову"><v><l id="112626" t="захарова"><g v="NOUN"></g><g v="anim"></g><g v="femn"></g><g v="Sgtm"></g><g v="Surn"></g><g v="sing"></g><g v="accs"></g></l></v></tfr></token><token id="594823" text="«"><tfr rev_id="2443363" t="«"><v><l id="0" t="«"><g v="PNCT"></g></l></v></tfr></token><token id="594824" text="настоящей"><tfr rev_id="4380443" t="настоящей"><v><l id="176151" t="настоящий"><g v="ADJF"></g><g v="femn"></g><g v="sing"></g><g v="ablt"></g></l></v></tfr></token><token id="594825" text="иконой"><tfr rev_id="1427896" t="иконой"><v><l id="121042" t="икона"><g v="NOUN"></g><g v="inan"></g><g v="femn"></g><g v="sing"></g><g v="ablt"></g></l></v></tfr></token><token id="594826" text="классического"><tfr rev_id="3449369" t="классического"><v><l id="133924" t="классический"><g v="ADJF"></g><g v="masc"></g><g v="sing"></g><g v="gent"></g></l></v><v><l id="133924" t="классический"><g v="ADJF"></g><g v="anim"></g><g v="masc"></g><g v="sing"></g><g v="accs"></g></l></v></tfr></token><token id="594827" text="балета"><tfr rev_id="1427898" t="балета"><v><l id="23093" t="балет"><g v="NOUN"></g><g v="inan"></g><g v="masc"></g><g v="sing"></g><g v="gent"></g></l></v></tfr></token><token id="594828" text="»"><tfr rev_id="2443364" t="»"><v><l id="0" t="»"><g v="PNCT"></g></l></v></tfr></token><token id="594829" text=","><tfr rev_id="1427900" t=","><v><l id="0" t=","><g v="PNCT"></g></l></v></tfr></token><token id="594830" text="сказав"><tfr rev_id="1427901" t="сказав"><v><l id="321537" t="сказав"><g v="GRND"></g><g v="perf"></g><g v="tran"></g><g v="past"></g></l></v></tfr></token><token id="594831" text=","><tfr rev_id="1427902" t=","><v><l id="0" t=","><g v="PNCT"></g></l></v></tfr></token><token id="594832" text="что"><tfr rev_id="3196749" t="что"><v><l id="377004" t="что"><g v="CONJ"></g></l></v><v><l id="377005" t="что"><g v="NPRO"></g><g v="neut"></g><g v="sing"></g><g v="nomn"></g></l></v><v><l id="377005" t="что"><g v="NPRO"></g><g v="neut"></g><g v="sing"></g><g v="accs"></g></l></v><v><l id="377006" t="что"><g v="ADVB"></g><g v="Ques"></g></l></v><v><l id="388695" t="что"><g v="PRCL"></g></l></v></tfr></token><token id="594833" text="она"><tfr rev_id="3586449" t="она"><v><l id="206544" t="она"><g v="NPRO"></g><g v="femn"></g><g v="3per"></g><g v="Anph"></g><g v="sing"></g><g v="nomn"></g></l></v></tfr></token><token id="594834" text="обладает"><tfr rev_id="1427905" t="обладает"><v><l id="196101" t="обладаю"><g v="VERB"></g><g v="impf"></g><g v="intr"></g><g v="sing"></g><g v="3per"></g><g v="pres"></g><g v="indc"></g></l></v></tfr></token><token id="594835" text="таким"><tfr rev_id="4414730" t="таким"><v><l id="342491" t="такой"><g v="ADJF"></g><g v="Apro"></g><g v="neut"></g><g v="sing"></g><g v="ablt"></g></l></v></tfr></token><token id="594836" text="потрясающим"><tfr rev_id="4360192" t="потрясающим"><v><l id="263671" t="потрясающий"><g v="PRTF"></g><g v="impf"></g><g v="tran"></g><g v="pres"></g><g v="actv"></g><g v="Adjx"></g><g v="neut"></g><g v="sing"></g><g v="ablt"></g></l></v></tfr></token><token id="594837" text="телом"><tfr rev_id="1427908" t="телом"><v><l id="344407" t="тело"><g v="NOUN"></g><g v="inan"></g><g v="neut"></g><g v="sing"></g><g v="ablt"></g></l></v></tfr></token><token id="594838" text=","><tfr rev_id="1427909" t=","><v><l id="0" t=","><g v="PNCT"></g></l></v></tfr></token><token id="594839" text="которому"><tfr rev_id="4162140" t="которому"><v><l id="141203" t="который"><g v="ADJF"></g><g v="Apro"></g><g v="Subx"></g><g v="Anph"></g><g v="neut"></g><g v="sing"></g><g v="datv"></g></l></v></tfr></token><token id="594840" text="абсолютно"><tfr rev_id="1427911" t="абсолютно"><v><l id="1847" t="абсолютно"><g v="ADVB"></g></l></v><v><l id="1850" t="абсолютен"><g v="ADJS"></g><g v="neut"></g><g v="sing"></g></l></v></tfr></token><token id="594841" text="подвластны"><tfr rev_id="1427912" t="подвластны"><v><l id="244619" t="подвластен"><g v="ADJS"></g><g v="plur"></g></l></v></tfr></token><token id="594842" text="все"><tfr rev_id="4512133" t="все"><v><l id="42156" t="весь"><g v="ADJF"></g><g v="Subx"></g><g v="Apro"></g><g v="inan"></g><g v="plur"></g><g v="accs"></g></l></v><v><l id="42156" t="весь"><g v="ADJF"></g><g v="Subx"></g><g v="Apro"></g><g v="plur"></g><g v="nomn"></g></l></v></tfr></token><token id="594843" text="приемы"><tfr rev_id="3727220" t="приемы"><v><l id="268626" t="приём"><g v="NOUN"></g><g v="inan"></g><g v="masc"></g><g v="plur"></g><g v="nomn"></g></l></v></tfr></token><token id="594844" text="современного"><tfr rev_id="4205082" t="современного"><v><l id="328217" t="современный"><g v="ADJF"></g><g v="Qual"></g><g v="masc"></g><g v="sing"></g><g v="gent"></g></l></v><v><l id="328217" t="современный"><g v="ADJF"></g><g v="Qual"></g><g v="anim"></g><g v="masc"></g><g v="sing"></g><g v="accs"></g></l></v></tfr></token><token id="594845" text="танца"><tfr rev_id="1427916" t="танца"><v><l id="342927" t="танец"><g v="NOUN"></g><g v="inan"></g><g v="masc"></g><g v="sing"></g><g v="gent"></g></l></v></tfr></token><token id="594846" text="."><tfr rev_id="1427917" t="."><v><l id="0" t="."><g v="PNCT"></g></l></v></tfr></token></tokens></sentence></paragraph><paragraph id="10578"><sentence id="33191"><source>«Виртуальный мир, интернет, вторая жизнь — очень большая игра.</source><tokens><token id="594847" text="«"><tfr rev_id="2443365" t="«"><v><l id="0" t="«"><g v="PNCT"></g></l></v></tfr></token><token id="594848" text="Виртуальный"><tfr rev_id="1427919" t="Виртуальный"><v><l id="45483" t="виртуальный"><g v="ADJF"></g><g v="Qual"></g><g v="masc"></g><g v="sing"></g><g v="nomn"></g></l></v><v><l id="45483" t="виртуальный"><g v="ADJF"></g><g v="Qual"></g><g v="inan"></g><g v="masc"></g><g v="sing"></g><g v="accs"></g></l></v></tfr></token><token id="594849" text="мир"><tfr rev_id="4380201" t="мир"><v><l id="160807" t="мир"><g v="NOUN"></g><g v="inan"></g><g v="masc"></g><g v="sing"></g><g v="nomn"></g></l></v></tfr></token><token id="594850" text=","><tfr rev_id="1427921" t=","><v><l id="0" t=","><g v="PNCT"></g></l></v></tfr></token><token id="594851" text="интернет"><tfr rev_id="4212069" t="интернет"><v><l id="123255" t="интернет"><g v="NOUN"></g><g v="inan"></g><g v="masc"></g><g v="sing"></g><g v="nomn"></g></l></v></tfr></token><token id="594852" text=","><tfr rev_id="1427923" t=","><v><l id="0" t=","><g v="PNCT"></g></l></v></tfr></token><token id="594853" text="вторая"><tfr rev_id="1427924" t="вторая"><v><l id="55043" t="второй"><g v="ADJF"></g><g v="Anum"></g><g v="femn"></g><g v="sing"></g><g v="nomn"></g></l></v></tfr></token><token id="594854" text="жизнь"><tfr rev_id="1427925" t="жизнь"><v><l id="97314" t="жизнь"><g v="NOUN"></g><g v="inan"></g><g v="femn"></g><g v="sing"></g><g v="nomn"></g></l></v><v><l id="97314" t="жизнь"><g v="NOUN"></g><g v="inan"></g><g v="femn"></g><g v="sing"></g><g v="accs"></g></l></v></tfr></token><token id="594855" text="—"><tfr rev_id="2443366" t="—"><v><l id="0" t="—"><g v="PNCT"></g></l></v></tfr></token><token id="594856" text="очень"><tfr rev_id="1427927" t="очень"><v><l id="221681" t="очень"><g v="ADVB"></g></l></v></tfr></token><token id="594857" text="большая"><tfr rev_id="4534197" t="большая"><v><l id="32439" t="больший"><g v="ADJF"></g><g v="Qual"></g><g v="femn"></g><g v="sing"></g><g v="nomn"></g></l></v><v><l id="32445" t="большой"><g v="ADJF"></g><g v="Qual"></g><g v="femn"></g><g v="sing"></g><g v="nomn"></g></l></v></tfr></token><token id="594858" text="игра"><tfr rev_id="1427929" t="игра"><v><l id="117293" t="игра"><g v="NOUN"></g><g v="inan"></g><g v="femn"></g><g v="sing"></g><g v="nomn"></g></l></v></tfr></token><token id="594859" text="."><tfr rev_id="1427930" t="."><v><l id="0" t="."><g v="PNCT"></g></l></v></tfr></token></tokens></sentence><sentence id="33192"><source>Героиня нашей игры хочет иметь власть над временем, чтобы остановить его.</source><tokens><token id="594860" text="Героиня"><tfr rev_id="1427931" t="Героиня"><v><l id="69209" t="героиня"><g v="NOUN"></g><g v="anim"></g><g v="femn"></g><g v="sing"></g><g v="nomn"></g></l></v></tfr></token><token id="594861" text="нашей"><tfr rev_id="4404365" t="нашей"><v><l id="178492" t="наш"><g v="ADJF"></g><g v="Apro"></g><g v="femn"></g><g v="sing"></g><g v="gent"></g></l></v></tfr></token><token id="594862" text="игры"><tfr rev_id="3495201" t="игры"><v><l id="117293" t="игра"><g v="NOUN"></g><g v="inan"></g><g v="femn"></g><g v="sing"></g><g v="gent"></g></l></v></tfr></token><token id="594863" text="хочет"><tfr rev_id="1427934" t="хочет"><v><l id="371713" t="хочу"><g v="VERB"></g><g v="impf"></g><g v="tran"></g><g v="sing"></g><g v="3per"></g><g v="pres"></g><g v="indc"></g></l></v></tfr></token><token id="594864" text="иметь"><tfr rev_id="1427935" t="иметь"><v><l id="121611" t="иметь"><g v="INFN"></g><g v="impf"></g><g v="tran"></g></l></v></tfr></token><token id="594865" text="власть"><tfr rev_id="1427936" t="власть"><v><l id="46816" t="власть"><g v="NOUN"></g><g v="inan"></g><g v="femn"></g><g v="sing"></g><g v="nomn"></g></l></v><v><l id="46816" t="власть"><g v="NOUN"></g><g v="inan"></g><g v="femn"></g><g v="sing"></g><g v="accs"></g></l></v></tfr></token><token id="594866" text="над"><tfr rev_id="1427937" t="над"><v><l id="168356" t="над"><g v="PREP"></g></l></v></tfr></token><token id="594867" text="временем"><tfr rev_id="1427938" t="временем"><v><l id="53149" t="время"><g v="NOUN"></g><g v="inan"></g><g v="neut"></g><g v="sing"></g><g v="ablt"></g></l></v></tfr></token><token id="594868" text=","><tfr rev_id="1427939" t=","><v><l id="0" t=","><g v="PNCT"></g></l></v></tfr></token><token id="594869" text="чтобы"><tfr rev_id="1427940" t="чтобы"><v><l id="377013" t="чтобы"><g v="CONJ"></g></l></v><v><l id="377014" t="чтобы"><g v="PRCL"></g></l></v></tfr></token><token id="594870" text="остановить"><tfr rev_id="1427941" t="остановить"><v><l id="210860" t="остановить"><g v="INFN"></g><g v="perf"></g><g v="tran"></g></l></v></tfr></token><token id="594871" text="его"><tfr rev_id="4527834" t="его"><v><l id="206541" t="он"><g v="NPRO"></g><g v="masc"></g><g v="3per"></g><g v="Anph"></g><g v="sing"></g><g v="gent"></g></l></v><v><l id="206541" t="он"><g v="NPRO"></g><g v="masc"></g><g v="3per"></g><g v="Anph"></g><g v="sing"></g><g v="accs"></g></l></v><v><l id="206649" t="оно"><g v="NPRO"></g><g v="neut"></g><g v="3per"></g><g v="Anph"></g><g v="sing"></g><g v="gent"></g></l></v><v><l id="206649" t="оно"><g v="NPRO"></g><g v="neut"></g><g v="3per"></g><g v="Anph"></g><g v="sing"></g><g v="accs"></g></l></v></tfr></token><token id="594872" text="."><tfr rev_id="1427943" t="."><v><l id="0" t="."><g v="PNCT"></g></l></v></tfr></token></tokens></sentence><sentence id="33193"><source>Все на свете танцовщики хотели бы сделать это в реальности.</source><tokens><token id="594873" text="Все"><tfr rev_id="4538300" t="Все"><v><l id="42156" t="весь"><g v="ADJF"></g><g v="Subx"></g><g v="Apro"></g><g v="inan"></g><g v="plur"></g><g v="accs"></g></l></v><v><l id="42156" t="весь"><g v="ADJF"></g><g v="Subx"></g><g v="Apro"></g><g v="plur"></g><g v="nomn"></g></l></v></tfr></token><token id="594874" text="на"><tfr rev_id="3475804" t="на"><v><l id="166264" t="на"><g v="PREP"></g></l></v></tfr></token><token id="594875" text="свете"><tfr rev_id="4138489" t="свете"><v><l id="315472" t="свет"><g v="NOUN"></g><g v="inan"></g><g v="masc"></g><g v="Sgtm"></g><g v="sing"></g><g v="loc1"></g></l></v></tfr></token><token id="594876" text="танцовщики"><tfr rev_id="1427947" t="танцовщики"><v><l id="343026" t="танцовщик"><g v="NOUN"></g><g v="anim"></g><g v="masc"></g><g v="plur"></g><g v="nomn"></g></l></v></tfr></token><token id="594877" text="хотели"><tfr rev_id="1427948" t="хотели"><v><l id="371713" t="хочу"><g v="VERB"></g><g v="impf"></g><g v="tran"></g><g v="plur"></g><g v="past"></g><g v="indc"></g></l></v></tfr></token><token id="594878" text="бы"><tfr rev_id="1427949" t="бы"><v><l id="36985" t="бы"><g v="PRCL"></g></l></v></tfr></token><token id="594879" text="сделать"><tfr rev_id="1427950" t="сделать"><v><l id="317247" t="сделать"><g v="INFN"></g><g v="perf"></g><g v="tran"></g></l></v></tfr></token><token id="594880" text="это"><tfr rev_id="4441520" t="это"><v><l id="386574" t="это"><g v="PRCL"></g></l></v><v><l id="386575" t="это"><g v="NPRO"></g><g v="neut"></g><g v="sing"></g><g v="nomn"></g></l></v><v><l id="386575" t="это"><g v="NPRO"></g><g v="neut"></g><g v="sing"></g><g v="accs"></g></l></v><v><l id="386581" t="этот"><g v="ADJF"></g><g v="Subx"></g><g v="Apro"></g><g v="Anph"></g><g v="neut"></g><g v="sing"></g><g v="nomn"></g></l></v><v><l id="386581" t="этот"><g v="ADJF"></g><g v="Subx"></g><g v="Apro"></g><g v="Anph"></g><g v="neut"></g><g v="sing"></g><g v="accs"></g></l></v></tfr></token><token id="594881" text="в"><tfr rev_id="1427952" t="в"><v><l id="37409" t="в"><g v="PREP"></g></l></v></tfr></token><token id="594882" text="реальности"><tfr rev_id="4178011" t="реальности"><v><l id="304457" t="реальность"><g v="NOUN"></g><g v="inan"></g><g v="femn"></g><g v="sing"></g><g v="loct"></g></l></v></tfr></token><token id="594883" text="."><tfr rev_id="1427954" t="."><v><l id="0" t="."><g v="PNCT"></g></l></v></tfr></token></tokens></sentence><sentence id="33194"><source>Вот отправная точка балета «Захарова: суперигра», его посыл, его главная идея»,</source><tokens><token id="594884" text="Вот"><tfr rev_id="3363339" t="Вот"><v><l id="52157" t="вот"><g v="PRCL"></g></l></v></tfr></token><token id="594885" text="отправная"><tfr rev_id="1427956" t="отправная"><v><l id="216962" t="отправной"><g v="ADJF"></g><g v="femn"></g><g v="sing"></g><g v="nomn"></g></l></v></tfr></token><token id="594886" text="точка"><tfr rev_id="1427957" t="точка"><v><l id="348511" t="точка"><g v="NOUN"></g><g v="inan"></g><g v="femn"></g><g v="sing"></g><g v="nomn"></g></l></v></tfr></token><token id="594887" text="балета"><tfr rev_id="1427958" t="балета"><v><l id="23093" t="балет"><g v="NOUN"></g><g v="inan"></g><g v="masc"></g><g v="sing"></g><g v="gent"></g></l></v></tfr></token><token id="594888" text="«"><tfr rev_id="2443367" t="«"><v><l id="0" t="«"><g v="PNCT"></g></l></v></tfr></token><token id="594889" text="Захарова"><tfr rev_id="4281867" t="Захарова"><v><l id="112626" t="захарова"><g v="NOUN"></g><g v="anim"></g><g v="femn"></g><g v="Sgtm"></g><g v="Surn"></g><g v="sing"></g><g v="nomn"></g></l></v></tfr></token><token id="594890" text=":"><tfr rev_id="1427961" t=":"><v><l id="0" t=":"><g v="PNCT"></g></l></v></tfr></token><token id="594891" text="суперигра"><tfr rev_id="1427962" t="суперигра"><v><l id="339643" t="суперигра"><g v="NOUN"></g><g v="inan"></g><g v="femn"></g><g v="sing"></g><g v="nomn"></g></l></v></tfr></token><token id="594892" text="»"><tfr rev_id="2443368" t="»"><v><l id="0" t="»"><g v="PNCT"></g></l></v></tfr></token><token id="594893" text=","><tfr rev_id="1427964" t=","><v><l id="0" t=","><g v="PNCT"></g></l></v></tfr></token><token id="594894" text="его"><tfr rev_id="4457805" t="его"><v><l id="94208" t="его"><g v="ADJF"></g><g v="Fixd"></g><g v="Apro"></g><g v="Anph"></g><g v="masc"></g><g v="sing"></g><g v="nomn"></g></l></v><v><l id="94208" t="его"><g v="ADJF"></g><g v="Fixd"></g><g v="Apro"></g><g v="Anph"></g><g v="masc"></g><g v="sing"></g><g v="gent"></g></l></v><v><l id="94208" t="его"><g v="ADJF"></g><g v="Fixd"></g><g v="Apro"></g><g v="Anph"></g><g v="masc"></g><g v="sing"></g><g v="datv"></g></l></v><v><l id="94208" t="его"><g v="ADJF"></g><g v="Fixd"></g><g v="Apro"></g><g v="Anph"></g><g v="masc"></g><g v="sing"></g><g v="accs"></g></l></v><v><l id="94208" t="его"><g v="ADJF"></g><g v="Fixd"></g><g v="Apro"></g><g v="Anph"></g><g v="masc"></g><g v="sing"></g><g v="ablt"></g></l></v><v><l id="94208" t="его"><g v="ADJF"></g><g v="Fixd"></g><g v="Apro"></g><g v="Anph"></g><g v="masc"></g><g v="sing"></g><g v="loct"></g></l></v></tfr></token><token id="594895" text="посыл"><tfr rev_id="4108093" t="посыл"><v><l id="262793" t="посыл"><g v="NOUN"></g><g v="inan"></g><g v="masc"></g><g v="sing"></g><g v="nomn"></g></l></v></tfr></token><token id="594896" text=","><tfr rev_id="1427967" t=","><v><l id="0" t=","><g v="PNCT"></g></l></v></tfr></token><token id="594897" text="его"><tfr rev_id="4514904" t="его"><v><l id="94208" t="его"><g v="ADJF"></g><g v="Fixd"></g><g v="Apro"></g><g v="Anph"></g><g v="femn"></g><g v="sing"></g><g v="nomn"></g></l></v><v><l id="94208" t="его"><g v="ADJF"></g><g v="Fixd"></g><g v="Apro"></g><g v="Anph"></g><g v="femn"></g><g v="sing"></g><g v="gent"></g></l></v><v><l id="94208" t="его"><g v="ADJF"></g><g v="Fixd"></g><g v="Apro"></g><g v="Anph"></g><g v="femn"></g><g v="sing"></g><g v="datv"></g></l></v><v><l id="94208" t="его"><g v="ADJF"></g><g v="Fixd"></g><g v="Apro"></g><g v="Anph"></g><g v="femn"></g><g v="sing"></g><g v="accs"></g></l></v><v><l id="94208" t="его"><g v="ADJF"></g><g v="Fixd"></g><g v="Apro"></g><g v="Anph"></g><g v="femn"></g><g v="sing"></g><g v="ablt"></g></l></v><v><l id="94208" t="его"><g v="ADJF"></g><g v="Fixd"></g><g v="Apro"></g><g v="Anph"></g><g v="femn"></g><g v="sing"></g><g v="loct"></g></l></v></tfr></token><token id="594898" text="главная"><tfr rev_id="1427969" t="главная"><v><l id="70842" t="главный"><g v="ADJF"></g><g v="Qual"></g><g v="femn"></g><g v="sing"></g><g v="nomn"></g></l></v></tfr></token><token id="594899" text="идея"><tfr rev_id="1427970" t="идея"><v><l id="117499" t="идея"><g v="NOUN"></g><g v="inan"></g><g v="femn"></g><g v="sing"></g><g v="nomn"></g></l></v></tfr></token><token id="594900" text="»"><tfr rev_id="2443369" t="»"><v><l id="0" t="»"><g v="PNCT"></g></l></v></tfr></token><token id="594901" text=","><tfr rev_id="1427972" t=","><v><l id="0" t=","><g v="PNCT"></g></l></v></tfr></token></tokens></sentence><sentence id="33195"><source>— пояснил хореограф.</source><tokens><token id="594902" text="—"><tfr rev_id="2443370" t="—"><v><l id="0" t="—"><g v="PNCT"></g></l></v></tfr></token><token id="594903" text="пояснил"><tfr rev_id="1427974" t="пояснил"><v><l id="265535" t="пояснил"><g v="VERB"></g><g v="perf"></g><g v="tran"></g><g v="masc"></g><g v="sing"></g><g v="past"></g><g v="indc"></g></l></v></tfr></token><token id="594904" text="хореограф"><tfr rev_id="1427975" t="хореограф"><v><l id="371576" t="хореограф"><g v="NOUN"></g><g v="anim"></g><g v="masc"></g><g v="sing"></g><g v="nomn"></g></l></v></tfr></token><token id="594905" text="."><tfr rev_id="1427976" t="."><v><l id="0" t="."><g v="PNCT"></g></l></v></tfr></token></tokens></sentence></paragraph><paragraph id="10579"><sentence id="33196"><source>Для балета специально была написана музыка итальянским композитором Эмильяно Пальмьери.</source><tokens><token id="594906" text="Для"><tfr rev_id="2601858" t="Для"><v><l id="85032" t="для"><g v="PREP"></g></l></v></tfr></token><token id="594907" text="балета"><tfr rev_id="1427978" t="балета"><v><l id="23093" t="балет"><g v="NOUN"></g><g v="inan"></g><g v="masc"></g><g v="sing"></g><g v="gent"></g></l></v></tfr></token><token id="594908" text="специально"><tfr rev_id="1427979" t="специально"><v><l id="331873" t="специально"><g v="ADVB"></g></l></v><v><l id="331877" t="специален"><g v="ADJS"></g><g v="neut"></g><g v="sing"></g></l></v></tfr></token><token id="594909" text="была"><tfr rev_id="1427980" t="была"><v><l id="37265" t="есть"><g v="VERB"></g><g v="impf"></g><g v="intr"></g><g v="femn"></g><g v="sing"></g><g v="past"></g><g v="indc"></g></l></v></tfr></token><token id="594910" text="написана"><tfr rev_id="1427981" t="написана"><v><l id="173438" t="написан"><g v="PRTS"></g><g v="perf"></g><g v="past"></g><g v="pssv"></g><g v="femn"></g><g v="sing"></g></l></v></tfr></token><token id="594911" text="музыка"><tfr rev_id="1427982" t="музыка"><v><l id="164802" t="музыка"><g v="NOUN"></g><g v="inan"></g><g v="femn"></g><g v="sing"></g><g v="nomn"></g></l></v></tfr></token><token id="594912" text="итальянским"><tfr rev_id="4210743" t="итальянским"><v><l id="127104" t="итальянский"><g v="ADJF"></g><g v="masc"></g><g v="sing"></g><g v="ablt"></g></l></v></tfr></token><token id="594913" text="композитором"><tfr rev_id="1427984" t="композитором"><v><l id="137299" t="композитор"><g v="NOUN"></g><g v="anim"></g><g v="masc"></g><g v="sing"></g><g v="ablt"></g></l></v></tfr></token><token id="594914" text="Эмильяно"><tfr rev_id="1427985" t="Эмильяно"><v><l id="0" t="эмильяно"><g v="UNKN"></g></l></v></tfr></token><token id="594915" text="Пальмьери"><tfr rev_id="1427986" t="Пальмьери"><v><l id="0" t="пальмьери"><g v="UNKN"></g></l></v></tfr></token><token id="594916" text="."><tfr rev_id="1427987" t="."><v><l id="0" t="."><g v="PNCT"></g></l></v></tfr></token></tokens></sentence></paragraph></paragraphs></text>