<?xml version="1.0" encoding="utf-8"?><text id="1099" parent="56" name="«Аэроэкспресс» в Шереметьево сломался в первый день"><tags><tag>url:http://ru.wikinews.org/w/index.php?title=«Аэроэкспресс»_в_Шереметьево_сломался_в_первый_день&amp;oldid=62265</tag><tag>Автор:http://ru.wikinews.org/wiki/Участник:Ssr</tag><tag>Дата:10/06</tag><tag>Год:2008</tag><tag>Тема:ВикиКатегория:Аварии на железных дорогах</tag><tag>Тема:ВикиКатегория:Происшествия</tag><tag>Тема:ВикиКатегория:Железнодорожный транспорт</tag></tags><paragraphs><paragraph id="10589"><sentence id="33218"><source>10 июня состоялись первые пробные рейсы скоростных электропоездов от Савёловского вокзала в Москве до аэропорта «Шереметьево» по вновь построенной ветке к реконструируемым терминалам от станции Лобня.</source><tokens><token id="595212" text="10"><tfr rev_id="2461510" t="10"><v><l id="0" t="10"><g v="NUMB"></g></l></v></tfr></token><token id="595213" text="июня"><tfr rev_id="1428284" t="июня"><v><l id="127302" t="июнь"><g v="NOUN"></g><g v="inan"></g><g v="masc"></g><g v="sing"></g><g v="gent"></g></l></v></tfr></token><token id="595214" text="состоялись"><tfr rev_id="1428285" t="состоялись"><v><l id="330568" t="состоялся"><g v="VERB"></g><g v="perf"></g><g v="intr"></g><g v="plur"></g><g v="past"></g><g v="indc"></g></l></v></tfr></token><token id="595215" text="первые"><tfr rev_id="4374586" t="первые"><v><l id="226359" t="первый"><g v="ADJF"></g><g v="Anum"></g><g v="plur"></g><g v="nomn"></g></l></v></tfr></token><token id="595216" text="пробные"><tfr rev_id="4086614" t="пробные"><v><l id="277292" t="пробный"><g v="ADJF"></g><g v="Qual"></g><g v="plur"></g><g v="nomn"></g></l></v></tfr></token><token id="595217" text="рейсы"><tfr rev_id="3749444" t="рейсы"><v><l id="305589" t="рейс"><g v="NOUN"></g><g v="inan"></g><g v="masc"></g><g v="plur"></g><g v="nomn"></g></l></v></tfr></token><token id="595218" text="скоростных"><tfr rev_id="3497648" t="скоростных"><v><l id="323326" t="скоростной"><g v="ADJF"></g><g v="plur"></g><g v="gent"></g></l></v></tfr></token><token id="595219" text="электропоездов"><tfr rev_id="1428290" t="электропоездов"><v><l id="384444" t="электропоезд"><g v="NOUN"></g><g v="inan"></g><g v="masc"></g><g v="plur"></g><g v="gent"></g></l></v></tfr></token><token id="595220" text="от"><tfr rev_id="1428291" t="от"><v><l id="211644" t="от"><g v="PREP"></g></l></v></tfr></token><token id="595221" text="Савёловского"><tfr rev_id="4501063" t="Савёловского"><v><l id="311305" t="савёловский"><g v="ADJF"></g><g v="masc"></g><g v="sing"></g><g v="gent"></g></l></v><v><l id="311305" t="савёловский"><g v="ADJF"></g><g v="anim"></g><g v="masc"></g><g v="sing"></g><g v="accs"></g></l></v></tfr></token><token id="595222" text="вокзала"><tfr rev_id="1428293" t="вокзала"><v><l id="49806" t="вокзал"><g v="NOUN"></g><g v="inan"></g><g v="masc"></g><g v="sing"></g><g v="gent"></g></l></v></tfr></token><token id="595223" text="в"><tfr rev_id="1428294" t="в"><v><l id="37409" t="в"><g v="PREP"></g></l></v></tfr></token><token id="595224" text="Москве"><tfr rev_id="3540082" t="Москве"><v><l id="163901" t="москва"><g v="NOUN"></g><g v="inan"></g><g v="femn"></g><g v="Sgtm"></g><g v="Geox"></g><g v="sing"></g><g v="loct"></g></l></v></tfr></token><token id="595225" text="до"><tfr rev_id="1428296" t="до"><v><l id="85153" t="до"><g v="PREP"></g></l></v></tfr></token><token id="595226" text="аэропорта"><tfr rev_id="1428297" t="аэропорта"><v><l id="21366" t="аэропорт"><g v="NOUN"></g><g v="inan"></g><g v="masc"></g><g v="sing"></g><g v="gent"></g></l></v></tfr></token><token id="595227" text="«"><tfr rev_id="2443401" t="«"><v><l id="0" t="«"><g v="PNCT"></g></l></v></tfr></token><token id="595228" text="Шереметьево"><tfr rev_id="3531451" t="Шереметьево"><v><l id="379215" t="шереметьево"><g v="NOUN"></g><g v="inan"></g><g v="neut"></g><g v="Sgtm"></g><g v="Geox"></g><g v="sing"></g><g v="nomn"></g></l></v></tfr></token><token id="595229" text="»"><tfr rev_id="2443402" t="»"><v><l id="0" t="»"><g v="PNCT"></g></l></v></tfr></token><token id="595230" text="по"><tfr rev_id="1428301" t="по"><v><l id="241240" t="по"><g v="PREP"></g></l></v></tfr></token><token id="595231" text="вновь"><tfr rev_id="1428302" t="вновь"><v><l id="47640" t="вновь"><g v="ADVB"></g></l></v></tfr></token><token id="595232" text="построенной"><tfr rev_id="3419384" t="построенной"><v><l id="262524" t="построенный"><g v="PRTF"></g><g v="perf"></g><g v="tran"></g><g v="past"></g><g v="pssv"></g><g v="femn"></g><g v="sing"></g><g v="datv"></g></l></v></tfr></token><token id="595233" text="ветке"><tfr rev_id="2737698" t="ветке"><v><l id="42202" t="ветка"><g v="NOUN"></g><g v="inan"></g><g v="femn"></g><g v="sing"></g><g v="datv"></g></l></v></tfr></token><token id="595234" text="к"><tfr rev_id="1428305" t="к"><v><l id="127460" t="к"><g v="PREP"></g></l></v></tfr></token><token id="595235" text="реконструируемым"><tfr rev_id="2369228" t="реконструируемым"><v><l id="305779" t="реконструируемый"><g v="PRTF"></g><g v="impf"></g><g v="tran"></g><g v="pres"></g><g v="pssv"></g><g v="plur"></g><g v="datv"></g></l></v></tfr></token><token id="595236" text="терминалам"><tfr rev_id="1428307" t="терминалам"><v><l id="345266" t="терминал"><g v="NOUN"></g><g v="inan"></g><g v="masc"></g><g v="plur"></g><g v="datv"></g></l></v></tfr></token><token id="595237" text="от"><tfr rev_id="1428308" t="от"><v><l id="211644" t="от"><g v="PREP"></g></l></v></tfr></token><token id="595238" text="станции"><tfr rev_id="4286299" t="станции"><v><l id="334704" t="станция"><g v="NOUN"></g><g v="inan"></g><g v="femn"></g><g v="sing"></g><g v="gent"></g></l></v></tfr></token><token id="595239" text="Лобня"><tfr rev_id="1428310" t="Лобня"><v><l id="150329" t="лобня"><g v="NOUN"></g><g v="inan"></g><g v="femn"></g><g v="Sgtm"></g><g v="Geox"></g><g v="sing"></g><g v="nomn"></g></l></v></tfr></token><token id="595240" text="."><tfr rev_id="1428311" t="."><v><l id="0" t="."><g v="PNCT"></g></l></v></tfr></token></tokens></sentence></paragraph><paragraph id="10590"><sentence id="33219"><source>Два состава новой, специально сконструированной для этой линии модели «ЭД4МКМ-Аэро», везли высокопоставленных гостей и прессу на осмотр новой станции Шереметьево, построенной в аэропорту за минувшие 3 года.</source><tokens><token id="595241" text="Два"><tfr rev_id="4450416" t="Два"><v><l id="78668" t="два"><g v="NUMR"></g><g v="masc"></g><g v="nomn"></g></l></v><v><l id="78668" t="два"><g v="NUMR"></g><g v="inan"></g><g v="masc"></g><g v="accs"></g></l></v><v><l id="78668" t="два"><g v="NUMR"></g><g v="neut"></g><g v="nomn"></g></l></v><v><l id="78668" t="два"><g v="NUMR"></g><g v="inan"></g><g v="neut"></g><g v="accs"></g></l></v></tfr></token><token id="595242" text="состава"><tfr rev_id="1428313" t="состава"><v><l id="330479" t="состав"><g v="NOUN"></g><g v="inan"></g><g v="masc"></g><g v="sing"></g><g v="gent"></g></l></v></tfr></token><token id="595243" text="новой"><tfr rev_id="2948720" t="новой"><v><l id="191918" t="новый"><g v="ADJF"></g><g v="Qual"></g><g v="femn"></g><g v="sing"></g><g v="gent"></g></l></v></tfr></token><token id="595244" text=","><tfr rev_id="1428315" t=","><v><l id="0" t=","><g v="PNCT"></g></l></v></tfr></token><token id="595245" text="специально"><tfr rev_id="1428316" t="специально"><v><l id="331873" t="специально"><g v="ADVB"></g></l></v><v><l id="331877" t="специален"><g v="ADJS"></g><g v="neut"></g><g v="sing"></g></l></v></tfr></token><token id="595246" text="сконструированной"><tfr rev_id="3419397" t="сконструированной"><v><l id="323023" t="сконструированный"><g v="PRTF"></g><g v="perf"></g><g v="tran"></g><g v="past"></g><g v="pssv"></g><g v="femn"></g><g v="sing"></g><g v="gent"></g></l></v></tfr></token><token id="595247" text="для"><tfr rev_id="3418162" t="для"><v><l id="85032" t="для"><g v="PREP"></g></l></v></tfr></token><token id="595248" text="этой"><tfr rev_id="4437993" t="этой"><v><l id="386581" t="этот"><g v="ADJF"></g><g v="Subx"></g><g v="Apro"></g><g v="Anph"></g><g v="femn"></g><g v="sing"></g><g v="gent"></g></l></v></tfr></token><token id="595249" text="линии"><tfr rev_id="4240243" t="линии"><v><l id="149420" t="линия"><g v="NOUN"></g><g v="inan"></g><g v="femn"></g><g v="sing"></g><g v="gent"></g></l></v></tfr></token><token id="595250" text="модели"><tfr rev_id="4456468" t="модели"><v><l id="162273" t="модель"><g v="NOUN"></g><g v="inan"></g><g v="femn"></g><g v="sing"></g><g v="gent"></g></l></v></tfr></token><token id="595251" text="«"><tfr rev_id="2443403" t="«"><v><l id="0" t="«"><g v="PNCT"></g></l></v></tfr></token><token id="595252" text="ЭД4МКМ-Аэро"><tfr rev_id="1428323" t="ЭД4МКМ-Аэро"><v><l id="0" t="ЭД4МКМ-Аэро"><g v="UNKN"></g></l></v></tfr></token><token id="595254" text="»"><tfr rev_id="2443404" t="»"><v><l id="0" t="»"><g v="PNCT"></g></l></v></tfr></token><token id="595255" text=","><tfr rev_id="1428325" t=","><v><l id="0" t=","><g v="PNCT"></g></l></v></tfr></token><token id="595256" text="везли"><tfr rev_id="1428326" t="везли"><v><l id="40429" t="везу"><g v="VERB"></g><g v="impf"></g><g v="tran"></g><g v="plur"></g><g v="past"></g><g v="indc"></g></l></v></tfr></token><token id="595257" text="высокопоставленных"><tfr rev_id="4359423" t="высокопоставленных"><v><l id="62325" t="высокопоставленный"><g v="ADJF"></g><g v="anim"></g><g v="plur"></g><g v="accs"></g></l></v></tfr></token><token id="595258" text="гостей"><tfr rev_id="4382908" t="гостей"><v><l id="74145" t="гость"><g v="NOUN"></g><g v="anim"></g><g v="masc"></g><g v="plur"></g><g v="accs"></g></l></v></tfr></token><token id="595259" text="и"><tfr rev_id="4106684" t="и"><v><l id="116949" t="и"><g v="CONJ"></g></l></v></tfr></token><token id="595260" text="прессу"><tfr rev_id="3859719" t="прессу"><v><l id="268254" t="пресса"><g v="NOUN"></g><g v="inan"></g><g v="femn"></g><g v="sing"></g><g v="accs"></g></l></v></tfr></token><token id="595261" text="на"><tfr rev_id="3336637" t="на"><v><l id="166264" t="на"><g v="PREP"></g></l></v></tfr></token><token id="595262" text="осмотр"><tfr rev_id="1428332" t="осмотр"><v><l id="210497" t="осмотр"><g v="NOUN"></g><g v="inan"></g><g v="masc"></g><g v="sing"></g><g v="nomn"></g></l></v><v><l id="210497" t="осмотр"><g v="NOUN"></g><g v="inan"></g><g v="masc"></g><g v="sing"></g><g v="accs"></g></l></v></tfr></token><token id="595263" text="новой"><tfr rev_id="2633861" t="новой"><v><l id="191918" t="новый"><g v="ADJF"></g><g v="Qual"></g><g v="femn"></g><g v="sing"></g><g v="gent"></g></l></v></tfr></token><token id="595264" text="станции"><tfr rev_id="4286363" t="станции"><v><l id="334704" t="станция"><g v="NOUN"></g><g v="inan"></g><g v="femn"></g><g v="sing"></g><g v="gent"></g></l></v></tfr></token><token id="595265" text="Шереметьево"><tfr rev_id="4355350" t="Шереметьево"><v><l id="379215" t="шереметьево"><g v="NOUN"></g><g v="inan"></g><g v="neut"></g><g v="Sgtm"></g><g v="Geox"></g><g v="sing"></g><g v="nomn"></g></l></v></tfr></token><token id="595266" text=","><tfr rev_id="1428336" t=","><v><l id="0" t=","><g v="PNCT"></g></l></v></tfr></token><token id="595267" text="построенной"><tfr rev_id="4342059" t="построенной"><v><l id="262524" t="построенный"><g v="PRTF"></g><g v="perf"></g><g v="tran"></g><g v="past"></g><g v="pssv"></g><g v="femn"></g><g v="sing"></g><g v="gent"></g></l></v></tfr></token><token id="595268" text="в"><tfr rev_id="1428338" t="в"><v><l id="37409" t="в"><g v="PREP"></g></l></v></tfr></token><token id="595269" text="аэропорту"><tfr rev_id="3045688" t="аэропорту"><v><l id="21366" t="аэропорт"><g v="NOUN"></g><g v="inan"></g><g v="masc"></g><g v="sing"></g><g v="loc2"></g></l></v></tfr></token><token id="595270" text="за"><tfr rev_id="1428340" t="за"><v><l id="98043" t="за"><g v="PREP"></g></l></v></tfr></token><token id="595271" text="минувшие"><tfr rev_id="1428341" t="минувшие"><v><l id="160723" t="минувший"><g v="ADJF"></g><g v="plur"></g><g v="nomn"></g></l></v><v><l id="160723" t="минувший"><g v="ADJF"></g><g v="inan"></g><g v="plur"></g><g v="accs"></g></l></v><v><l id="160759" t="минувший"><g v="PRTF"></g><g v="perf"></g><g v="tran"></g><g v="past"></g><g v="actv"></g><g v="plur"></g><g v="nomn"></g></l></v><v><l id="160759" t="минувший"><g v="PRTF"></g><g v="perf"></g><g v="tran"></g><g v="past"></g><g v="actv"></g><g v="inan"></g><g v="plur"></g><g v="accs"></g></l></v></tfr></token><token id="595272" text="3"><tfr rev_id="2461511" t="3"><v><l id="0" t="3"><g v="NUMB"></g></l></v></tfr></token><token id="595273" text="года"><tfr rev_id="3471391" t="года"><v><l id="72149" t="год"><g v="NOUN"></g><g v="inan"></g><g v="masc"></g><g v="sing"></g><g v="gen1"></g></l></v></tfr></token><token id="595274" text="."><tfr rev_id="1428344" t="."><v><l id="0" t="."><g v="PNCT"></g></l></v></tfr></token></tokens></sentence></paragraph><paragraph id="10591"><sentence id="33220"><source>При прибытии состав с высокопоставленными лицами не вписался в габариты платформы новой станции и был повреждён.</source><tokens><token id="595275" text="При"><tfr rev_id="2628901" t="При"><v><l id="268625" t="при"><g v="PREP"></g></l></v></tfr></token><token id="595276" text="прибытии"><tfr rev_id="1428346" t="прибытии"><v><l id="268961" t="прибытие"><g v="NOUN"></g><g v="inan"></g><g v="neut"></g><g v="sing"></g><g v="loct"></g></l></v></tfr></token><token id="595277" text="состав"><tfr rev_id="4105635" t="состав"><v><l id="330479" t="состав"><g v="NOUN"></g><g v="inan"></g><g v="masc"></g><g v="sing"></g><g v="nomn"></g></l></v></tfr></token><token id="595278" text="с"><tfr rev_id="1428348" t="с"><v><l id="311151" t="с"><g v="PREP"></g></l></v></tfr></token><token id="595279" text="высокопоставленными"><tfr rev_id="1428349" t="высокопоставленными"><v><l id="62325" t="высокопоставленный"><g v="ADJF"></g><g v="plur"></g><g v="ablt"></g></l></v></tfr></token><token id="595280" text="лицами"><tfr rev_id="3494353" t="лицами"><v><l id="150189" t="лицо"><g v="NOUN"></g><g v="anim"></g><g v="neut"></g><g v="plur"></g><g v="ablt"></g></l></v></tfr></token><token id="595281" text="не"><tfr rev_id="1428351" t="не"><v><l id="178876" t="не"><g v="PRCL"></g></l></v></tfr></token><token id="595282" text="вписался"><tfr rev_id="1428352" t="вписался"><v><l id="52475" t="вписался"><g v="VERB"></g><g v="perf"></g><g v="intr"></g><g v="masc"></g><g v="sing"></g><g v="past"></g><g v="indc"></g></l></v></tfr></token><token id="595283" text="в"><tfr rev_id="1428353" t="в"><v><l id="37409" t="в"><g v="PREP"></g></l></v></tfr></token><token id="595284" text="габариты"><tfr rev_id="3727237" t="габариты"><v><l id="65263" t="габарит"><g v="NOUN"></g><g v="inan"></g><g v="masc"></g><g v="plur"></g><g v="accs"></g></l></v></tfr></token><token id="595285" text="платформы"><tfr rev_id="3452104" t="платформы"><v><l id="240062" t="платформа"><g v="NOUN"></g><g v="inan"></g><g v="femn"></g><g v="sing"></g><g v="gent"></g></l></v></tfr></token><token id="595286" text="новой"><tfr rev_id="4423551" t="новой"><v><l id="191918" t="новый"><g v="ADJF"></g><g v="Qual"></g><g v="femn"></g><g v="sing"></g><g v="gent"></g></l></v></tfr></token><token id="595287" text="станции"><tfr rev_id="3496351" t="станции"><v><l id="334704" t="станция"><g v="NOUN"></g><g v="inan"></g><g v="femn"></g><g v="sing"></g><g v="gent"></g></l></v><v><l id="334704" t="станция"><g v="NOUN"></g><g v="inan"></g><g v="femn"></g><g v="sing"></g><g v="datv"></g></l></v><v><l id="334704" t="станция"><g v="NOUN"></g><g v="inan"></g><g v="femn"></g><g v="sing"></g><g v="loct"></g></l></v></tfr></token><token id="595288" text="и"><tfr rev_id="3690656" t="и"><v><l id="116949" t="и"><g v="CONJ"></g></l></v></tfr></token><token id="595289" text="был"><tfr rev_id="1428359" t="был"><v><l id="37265" t="есть"><g v="VERB"></g><g v="impf"></g><g v="intr"></g><g v="masc"></g><g v="sing"></g><g v="past"></g><g v="indc"></g></l></v></tfr></token><token id="595290" text="повреждён"><tfr rev_id="1428360" t="повреждён"><v><l id="242728" t="повреждён"><g v="PRTS"></g><g v="perf"></g><g v="past"></g><g v="pssv"></g><g v="masc"></g><g v="sing"></g></l></v></tfr></token><token id="595291" text="."><tfr rev_id="1428361" t="."><v><l id="0" t="."><g v="PNCT"></g></l></v></tfr></token></tokens></sentence><sentence id="33221"><source>Это, однако, не помешало проведению торжественной церемонии.</source><tokens><token id="595292" text="Это"><tfr rev_id="4441522" t="Это"><v><l id="386574" t="это"><g v="PRCL"></g></l></v><v><l id="386575" t="это"><g v="NPRO"></g><g v="neut"></g><g v="sing"></g><g v="nomn"></g></l></v><v><l id="386575" t="это"><g v="NPRO"></g><g v="neut"></g><g v="sing"></g><g v="accs"></g></l></v><v><l id="386581" t="этот"><g v="ADJF"></g><g v="Subx"></g><g v="Apro"></g><g v="Anph"></g><g v="neut"></g><g v="sing"></g><g v="nomn"></g></l></v><v><l id="386581" t="этот"><g v="ADJF"></g><g v="Subx"></g><g v="Apro"></g><g v="Anph"></g><g v="neut"></g><g v="sing"></g><g v="accs"></g></l></v></tfr></token><token id="595293" text=","><tfr rev_id="1428363" t=","><v><l id="0" t=","><g v="PNCT"></g></l></v></tfr></token><token id="595294" text="однако"><tfr rev_id="2624526" t="однако"><v><l id="203386" t="однако"><g v="INTJ"></g></l></v><v><l id="203387" t="однако"><g v="CONJ"></g><g v="Prnt"></g></l></v></tfr></token><token id="595295" text=","><tfr rev_id="1428365" t=","><v><l id="0" t=","><g v="PNCT"></g></l></v></tfr></token><token id="595296" text="не"><tfr rev_id="1428366" t="не"><v><l id="178876" t="не"><g v="PRCL"></g></l></v></tfr></token><token id="595297" text="помешало"><tfr rev_id="1428367" t="помешало"><v><l id="257649" t="помешал"><g v="VERB"></g><g v="perf"></g><g v="tran"></g><g v="neut"></g><g v="sing"></g><g v="past"></g><g v="indc"></g></l></v><v><l id="257655" t="помешал"><g v="VERB"></g><g v="perf"></g><g v="intr"></g><g v="neut"></g><g v="sing"></g><g v="past"></g><g v="indc"></g></l></v></tfr></token><token id="595298" text="проведению"><tfr rev_id="1428368" t="проведению"><v><l id="277705" t="проведение"><g v="NOUN"></g><g v="inan"></g><g v="neut"></g><g v="sing"></g><g v="datv"></g></l></v></tfr></token><token id="595299" text="торжественной"><tfr rev_id="4315194" t="торжественной"><v><l id="348068" t="торжественный"><g v="ADJF"></g><g v="Qual"></g><g v="femn"></g><g v="sing"></g><g v="gent"></g></l></v></tfr></token><token id="595300" text="церемонии"><tfr rev_id="4174765" t="церемонии"><v><l id="373652" t="церемония"><g v="NOUN"></g><g v="inan"></g><g v="femn"></g><g v="sing"></g><g v="gent"></g></l></v></tfr></token><token id="595301" text="."><tfr rev_id="1428371" t="."><v><l id="0" t="."><g v="PNCT"></g></l></v></tfr></token></tokens></sentence></paragraph><paragraph id="10592"><sentence id="33222"><source>На обратном пути между станцией Дегунино и платформой «Окружная» состав вышел из строя и остановился с применением экстренного торможения.</source><tokens><token id="595302" text="На"><tfr rev_id="3345303" t="На"><v><l id="166264" t="на"><g v="PREP"></g></l></v></tfr></token><token id="595303" text="обратном"><tfr rev_id="3454678" t="обратном"><v><l id="198939" t="обратный"><g v="ADJF"></g><g v="Qual"></g><g v="masc"></g><g v="sing"></g><g v="loct"></g></l></v></tfr></token><token id="595304" text="пути"><tfr rev_id="3764721" t="пути"><v><l id="289625" t="путь"><g v="NOUN"></g><g v="inan"></g><g v="masc"></g><g v="sing"></g><g v="loct"></g></l></v></tfr></token><token id="595305" text="между"><tfr rev_id="1428375" t="между"><v><l id="157306" t="между"><g v="PREP"></g></l></v></tfr></token><token id="595306" text="станцией"><tfr rev_id="1428376" t="станцией"><v><l id="334704" t="станция"><g v="NOUN"></g><g v="inan"></g><g v="femn"></g><g v="sing"></g><g v="ablt"></g></l></v></tfr></token><token id="595307" text="Дегунино"><tfr rev_id="4348571" t="Дегунино"><v><l id="79672" t="дегунино"><g v="NOUN"></g><g v="inan"></g><g v="neut"></g><g v="Sgtm"></g><g v="Geox"></g><g v="sing"></g><g v="nomn"></g></l></v></tfr></token><token id="595308" text="и"><tfr rev_id="1428378" t="и"><v><l id="116949" t="и"><g v="CONJ"></g></l></v><v><l id="116950" t="и"><g v="INTJ"></g></l></v></tfr></token><token id="595309" text="платформой"><tfr rev_id="1428379" t="платформой"><v><l id="240062" t="платформа"><g v="NOUN"></g><g v="inan"></g><g v="femn"></g><g v="sing"></g><g v="ablt"></g></l></v></tfr></token><token id="595310" text="«"><tfr rev_id="2443405" t="«"><v><l id="0" t="«"><g v="PNCT"></g></l></v></tfr></token><token id="595311" text="Окружная"><tfr rev_id="1428381" t="Окружная"><v><l id="205545" t="окружной"><g v="ADJF"></g><g v="femn"></g><g v="sing"></g><g v="nomn"></g></l></v><v><l id="205548" t="окружный"><g v="ADJF"></g><g v="Qual"></g><g v="femn"></g><g v="sing"></g><g v="nomn"></g></l></v></tfr></token><token id="595312" text="»"><tfr rev_id="2443406" t="»"><v><l id="0" t="»"><g v="PNCT"></g></l></v></tfr></token><token id="595313" text="состав"><tfr rev_id="4212772" t="состав"><v><l id="330479" t="состав"><g v="NOUN"></g><g v="inan"></g><g v="masc"></g><g v="sing"></g><g v="nomn"></g></l></v></tfr></token><token id="595314" text="вышел"><tfr rev_id="1428384" t="вышел"><v><l id="57749" t="вышел"><g v="VERB"></g><g v="perf"></g><g v="intr"></g><g v="masc"></g><g v="sing"></g><g v="past"></g><g v="indc"></g></l></v></tfr></token><token id="595315" text="из"><tfr rev_id="2503430" t="из"><v><l id="117677" t="из"><g v="PREP"></g></l></v></tfr></token><token id="595316" text="строя"><tfr rev_id="2634511" t="строя"><v><l id="337692" t="строй"><g v="NOUN"></g><g v="inan"></g><g v="masc"></g><g v="sing"></g><g v="gent"></g></l></v></tfr></token><token id="595317" text="и"><tfr rev_id="1428387" t="и"><v><l id="116949" t="и"><g v="CONJ"></g></l></v><v><l id="116950" t="и"><g v="INTJ"></g></l></v></tfr></token><token id="595318" text="остановился"><tfr rev_id="1428388" t="остановился"><v><l id="210865" t="остановился"><g v="VERB"></g><g v="perf"></g><g v="intr"></g><g v="masc"></g><g v="sing"></g><g v="past"></g><g v="indc"></g></l></v></tfr></token><token id="595319" text="с"><tfr rev_id="1428389" t="с"><v><l id="311151" t="с"><g v="PREP"></g></l></v></tfr></token><token id="595320" text="применением"><tfr rev_id="1428390" t="применением"><v><l id="271946" t="применение"><g v="NOUN"></g><g v="inan"></g><g v="neut"></g><g v="sing"></g><g v="ablt"></g></l></v></tfr></token><token id="595321" text="экстренного"><tfr rev_id="3285144" t="экстренного"><v><l id="383872" t="экстренный"><g v="ADJF"></g><g v="Qual"></g><g v="neut"></g><g v="sing"></g><g v="gent"></g></l></v></tfr></token><token id="595322" text="торможения"><tfr rev_id="3473965" t="торможения"><v><l id="348136" t="торможение"><g v="NOUN"></g><g v="inan"></g><g v="neut"></g><g v="sing"></g><g v="gent"></g></l></v></tfr></token><token id="595323" text="."><tfr rev_id="1428393" t="."><v><l id="0" t="."><g v="PNCT"></g></l></v></tfr></token></tokens></sentence><sentence id="33223"><source>После около получаса стоянки состав был отбуксирован на некототорое расстояние проходящим электропоездом, после чего был доведён до Савёловского вокзала маневровым тепловозом (что вызвало задержку в нормальной работе вокзала).</source><tokens><token id="595324" text="После"><tfr rev_id="4406503" t="После"><v><l id="261542" t="после"><g v="PREP"></g></l></v></tfr></token><token id="595325" text="около"><tfr rev_id="4231484" t="около"><v><l id="205005" t="около"><g v="PREP"></g></l></v></tfr></token><token id="595326" text="получаса"><tfr rev_id="3807017" t="получаса"><v><l id="257020" t="полчаса"><g v="NOUN"></g><g v="inan"></g><g v="neut"></g><g v="sing"></g><g v="gent"></g></l></v></tfr></token><token id="595327" text="стоянки"><tfr rev_id="3493668" t="стоянки"><v><l id="336976" t="стоянка"><g v="NOUN"></g><g v="inan"></g><g v="femn"></g><g v="sing"></g><g v="gent"></g></l></v></tfr></token><token id="595328" text="состав"><tfr rev_id="1428398" t="состав"><v><l id="330479" t="состав"><g v="NOUN"></g><g v="inan"></g><g v="masc"></g><g v="sing"></g><g v="nomn"></g></l></v><v><l id="330479" t="состав"><g v="NOUN"></g><g v="inan"></g><g v="masc"></g><g v="sing"></g><g v="accs"></g></l></v></tfr></token><token id="595329" text="был"><tfr rev_id="1428399" t="был"><v><l id="37265" t="есть"><g v="VERB"></g><g v="impf"></g><g v="intr"></g><g v="masc"></g><g v="sing"></g><g v="past"></g><g v="indc"></g></l></v></tfr></token><token id="595330" text="отбуксирован"><tfr rev_id="1428400" t="отбуксирован"><v><l id="212042" t="отбуксирован"><g v="PRTS"></g><g v="perf"></g><g v="past"></g><g v="pssv"></g><g v="masc"></g><g v="sing"></g></l></v></tfr></token><token id="595331" text="на"><tfr rev_id="3337808" t="на"><v><l id="166264" t="на"><g v="PREP"></g></l></v></tfr></token><token id="595332" text="некототорое"><tfr rev_id="1428402" t="некототорое"><v><l id="0" t="некототорое"><g v="UNKN"></g></l></v></tfr></token><token id="595333" text="расстояние"><tfr rev_id="4102056" t="расстояние"><v><l id="301496" t="расстояние"><g v="NOUN"></g><g v="inan"></g><g v="neut"></g><g v="sing"></g><g v="accs"></g></l></v></tfr></token><token id="595334" text="проходящим"><tfr rev_id="2761058" t="проходящим"><v><l id="287185" t="проходящий"><g v="PRTF"></g><g v="impf"></g><g v="tran"></g><g v="pres"></g><g v="actv"></g><g v="masc"></g><g v="sing"></g><g v="ablt"></g></l></v></tfr></token><token id="595335" text="электропоездом"><tfr rev_id="1428405" t="электропоездом"><v><l id="384444" t="электропоезд"><g v="NOUN"></g><g v="inan"></g><g v="masc"></g><g v="sing"></g><g v="ablt"></g></l></v></tfr></token><token id="595336" text=","><tfr rev_id="1428406" t=","><v><l id="0" t=","><g v="PNCT"></g></l></v></tfr></token><token id="595337" text="после"><tfr rev_id="4455986" t="после"><v><l id="261542" t="после"><g v="PREP"></g></l></v></tfr></token><token id="595338" text="чего"><tfr rev_id="1428408" t="чего"><v><l id="374963" t="чего"><g v="ADVB"></g><g v="Ques"></g></l></v><v><l id="377005" t="что"><g v="NPRO"></g><g v="neut"></g><g v="sing"></g><g v="gent"></g></l></v></tfr></token><token id="595339" text="был"><tfr rev_id="1428409" t="был"><v><l id="37265" t="есть"><g v="VERB"></g><g v="impf"></g><g v="intr"></g><g v="masc"></g><g v="sing"></g><g v="past"></g><g v="indc"></g></l></v></tfr></token><token id="595340" text="доведён"><tfr rev_id="1428410" t="доведён"><v><l id="85820" t="доведён"><g v="PRTS"></g><g v="perf"></g><g v="past"></g><g v="pssv"></g><g v="masc"></g><g v="sing"></g></l></v></tfr></token><token id="595341" text="до"><tfr rev_id="1428411" t="до"><v><l id="85153" t="до"><g v="PREP"></g></l></v></tfr></token><token id="595342" text="Савёловского"><tfr rev_id="4501064" t="Савёловского"><v><l id="311305" t="савёловский"><g v="ADJF"></g><g v="masc"></g><g v="sing"></g><g v="gent"></g></l></v></tfr></token><token id="595343" text="вокзала"><tfr rev_id="1428413" t="вокзала"><v><l id="49806" t="вокзал"><g v="NOUN"></g><g v="inan"></g><g v="masc"></g><g v="sing"></g><g v="gent"></g></l></v></tfr></token><token id="595344" text="маневровым"><tfr rev_id="4309531" t="маневровым"><v><l id="154662" t="маневровый"><g v="ADJF"></g><g v="masc"></g><g v="sing"></g><g v="ablt"></g></l></v></tfr></token><token id="595345" text="тепловозом"><tfr rev_id="1428415" t="тепловозом"><v><l id="344924" t="тепловоз"><g v="NOUN"></g><g v="inan"></g><g v="masc"></g><g v="sing"></g><g v="ablt"></g></l></v></tfr></token><token id="595346" text="("><tfr rev_id="1428416" t="("><v><l id="0" t="("><g v="PNCT"></g></l></v></tfr></token><token id="595347" text="что"><tfr rev_id="3196752" t="что"><v><l id="377004" t="что"><g v="CONJ"></g></l></v><v><l id="377005" t="что"><g v="NPRO"></g><g v="neut"></g><g v="sing"></g><g v="nomn"></g></l></v><v><l id="377005" t="что"><g v="NPRO"></g><g v="neut"></g><g v="sing"></g><g v="accs"></g></l></v><v><l id="377006" t="что"><g v="ADVB"></g><g v="Ques"></g></l></v><v><l id="388695" t="что"><g v="PRCL"></g></l></v></tfr></token><token id="595348" text="вызвало"><tfr rev_id="1428418" t="вызвало"><v><l id="57525" t="вызвал"><g v="VERB"></g><g v="perf"></g><g v="tran"></g><g v="neut"></g><g v="sing"></g><g v="past"></g><g v="indc"></g></l></v></tfr></token><token id="595349" text="задержку"><tfr rev_id="1428419" t="задержку"><v><l id="101592" t="задержка"><g v="NOUN"></g><g v="inan"></g><g v="femn"></g><g v="sing"></g><g v="accs"></g></l></v></tfr></token><token id="595350" text="в"><tfr rev_id="1428420" t="в"><v><l id="37409" t="в"><g v="PREP"></g></l></v></tfr></token><token id="595351" text="нормальной"><tfr rev_id="4315881" t="нормальной"><v><l id="192218" t="нормальный"><g v="ADJF"></g><g v="Qual"></g><g v="femn"></g><g v="sing"></g><g v="loct"></g></l></v></tfr></token><token id="595352" text="работе"><tfr rev_id="3551365" t="работе"><v><l id="290501" t="работа"><g v="NOUN"></g><g v="inan"></g><g v="femn"></g><g v="sing"></g><g v="loct"></g></l></v></tfr></token><token id="595353" text="вокзала"><tfr rev_id="1428423" t="вокзала"><v><l id="49806" t="вокзал"><g v="NOUN"></g><g v="inan"></g><g v="masc"></g><g v="sing"></g><g v="gent"></g></l></v></tfr></token><token id="595354" text=")"><tfr rev_id="1428424" t=")"><v><l id="0" t=")"><g v="PNCT"></g></l></v></tfr></token><token id="595355" text="."><tfr rev_id="1428425" t="."><v><l id="0" t="."><g v="PNCT"></g></l></v></tfr></token></tokens></sentence></paragraph><paragraph id="10593"><sentence id="33224"><source>Несмотря на многочисленные свидетельства, через некоторое время после этого представитель РЖД заявил прессе, что поломки не было.</source><tokens><token id="595356" text="Несмотря"><tfr rev_id="1428426" t="Несмотря"><v><l id="188286" t="несмотря"><g v="PREP"></g></l></v></tfr></token><token id="595357" text="на"><tfr rev_id="3395773" t="на"><v><l id="166264" t="на"><g v="PREP"></g></l></v></tfr></token><token id="595358" text="многочисленные"><tfr rev_id="4082740" t="многочисленные"><v><l id="162068" t="многочисленный"><g v="ADJF"></g><g v="Qual"></g><g v="inan"></g><g v="plur"></g><g v="accs"></g></l></v></tfr></token><token id="595359" text="свидетельства"><tfr rev_id="3743334" t="свидетельства"><v><l id="315885" t="свидетельство"><g v="NOUN"></g><g v="inan"></g><g v="neut"></g><g v="plur"></g><g v="accs"></g></l></v></tfr></token><token id="595360" text=","><tfr rev_id="1428430" t=","><v><l id="0" t=","><g v="PNCT"></g></l></v></tfr></token><token id="595361" text="через"><tfr rev_id="1428431" t="через"><v><l id="375333" t="через"><g v="PREP"></g></l></v></tfr></token><token id="595362" text="некоторое"><tfr rev_id="1428432" t="некоторое"><v><l id="183542" t="некоторый"><g v="ADJF"></g><g v="Apro"></g><g v="neut"></g><g v="sing"></g><g v="nomn"></g></l></v><v><l id="183542" t="некоторый"><g v="ADJF"></g><g v="Apro"></g><g v="neut"></g><g v="sing"></g><g v="accs"></g></l></v></tfr></token><token id="595363" text="время"><tfr rev_id="4099626" t="время"><v><l id="53149" t="время"><g v="NOUN"></g><g v="inan"></g><g v="neut"></g><g v="sing"></g><g v="accs"></g></l></v></tfr></token><token id="595364" text="после"><tfr rev_id="4407403" t="после"><v><l id="261542" t="после"><g v="PREP"></g></l></v></tfr></token><token id="595365" text="этого"><tfr rev_id="4471337" t="этого"><v><l id="386575" t="это"><g v="NPRO"></g><g v="neut"></g><g v="sing"></g><g v="gent"></g></l></v></tfr></token><token id="595366" text="представитель"><tfr rev_id="1428436" t="представитель"><v><l id="267083" t="представитель"><g v="NOUN"></g><g v="anim"></g><g v="masc"></g><g v="sing"></g><g v="nomn"></g></l></v></tfr></token><token id="595367" text="РЖД"><tfr rev_id="3676466" t="РЖД"><v><l id="307542" t="ржд"><g v="NOUN"></g><g v="inan"></g><g v="masc"></g><g v="Sgtm"></g><g v="Fixd"></g><g v="Abbr"></g><g v="Orgn"></g><g v="sing"></g><g v="gent"></g></l></v></tfr></token><token id="595368" text="заявил"><tfr rev_id="1428438" t="заявил"><v><l id="114300" t="заявил"><g v="VERB"></g><g v="perf"></g><g v="tran"></g><g v="masc"></g><g v="sing"></g><g v="past"></g><g v="indc"></g></l></v></tfr></token><token id="595369" text="прессе"><tfr rev_id="3447289" t="прессе"><v><l id="268254" t="пресса"><g v="NOUN"></g><g v="inan"></g><g v="femn"></g><g v="sing"></g><g v="datv"></g></l></v></tfr></token><token id="595370" text=","><tfr rev_id="1428440" t=","><v><l id="0" t=","><g v="PNCT"></g></l></v></tfr></token><token id="595371" text="что"><tfr rev_id="3196753" t="что"><v><l id="377004" t="что"><g v="CONJ"></g></l></v><v><l id="377005" t="что"><g v="NPRO"></g><g v="neut"></g><g v="sing"></g><g v="nomn"></g></l></v><v><l id="377005" t="что"><g v="NPRO"></g><g v="neut"></g><g v="sing"></g><g v="accs"></g></l></v><v><l id="377006" t="что"><g v="ADVB"></g><g v="Ques"></g></l></v><v><l id="388695" t="что"><g v="PRCL"></g></l></v></tfr></token><token id="595372" text="поломки"><tfr rev_id="3433628" t="поломки"><v><l id="256315" t="поломка"><g v="NOUN"></g><g v="inan"></g><g v="femn"></g><g v="sing"></g><g v="gent"></g></l></v></tfr></token><token id="595373" text="не"><tfr rev_id="1428443" t="не"><v><l id="178876" t="не"><g v="PRCL"></g></l></v></tfr></token><token id="595374" text="было"><tfr rev_id="3946831" t="было"><v><l id="37265" t="есть"><g v="VERB"></g><g v="impf"></g><g v="intr"></g><g v="neut"></g><g v="sing"></g><g v="past"></g><g v="indc"></g></l></v></tfr></token><token id="595375" text="."><tfr rev_id="1428445" t="."><v><l id="0" t="."><g v="PNCT"></g></l></v></tfr></token></tokens></sentence></paragraph><paragraph id="10594"><sentence id="33225"><source>В связи с инцидентами расписание «Аэроэкспрессов» на ближайшее время было значительно сокращено.</source><tokens><token id="595376" text="В"><tfr rev_id="1428446" t="В"><v><l id="37409" t="в"><g v="PREP"></g></l></v></tfr></token><token id="595377" text="связи"><tfr rev_id="4464457" t="связи"><v><l id="316572" t="связь"><g v="NOUN"></g><g v="inan"></g><g v="femn"></g><g v="sing"></g><g v="loc1"></g></l></v><v><l id="316572" t="связь"><g v="NOUN"></g><g v="inan"></g><g v="femn"></g><g v="sing"></g><g v="loc2"></g></l></v></tfr></token><token id="595378" text="с"><tfr rev_id="1428448" t="с"><v><l id="311151" t="с"><g v="PREP"></g></l></v></tfr></token><token id="595379" text="инцидентами"><tfr rev_id="1428449" t="инцидентами"><v><l id="123629" t="инцидент"><g v="NOUN"></g><g v="inan"></g><g v="masc"></g><g v="plur"></g><g v="ablt"></g></l></v></tfr></token><token id="595380" text="расписание"><tfr rev_id="3547689" t="расписание"><v><l id="299736" t="расписание"><g v="NOUN"></g><g v="inan"></g><g v="neut"></g><g v="sing"></g><g v="nomn"></g></l></v></tfr></token><token id="595381" text="«"><tfr rev_id="2443407" t="«"><v><l id="0" t="«"><g v="PNCT"></g></l></v></tfr></token><token id="595382" text="Аэроэкспрессов"><tfr rev_id="2508296" t="Аэроэкспрессов"><v><l id="388544" t="аэроэкспресс"><g v="NOUN"></g><g v="inan"></g><g v="masc"></g><g v="plur"></g><g v="gent"></g></l></v></tfr></token><token id="595383" text="»"><tfr rev_id="2443408" t="»"><v><l id="0" t="»"><g v="PNCT"></g></l></v></tfr></token><token id="595384" text="на"><tfr rev_id="3340960" t="на"><v><l id="166264" t="на"><g v="PREP"></g></l></v></tfr></token><token id="595385" text="ближайшее"><tfr rev_id="4430845" t="ближайшее"><v><l id="30857" t="ближайший"><g v="ADJF"></g><g v="Supr"></g><g v="Qual"></g><g v="neut"></g><g v="sing"></g><g v="nomn"></g></l></v><v><l id="30857" t="ближайший"><g v="ADJF"></g><g v="Supr"></g><g v="Qual"></g><g v="neut"></g><g v="sing"></g><g v="accs"></g></l></v></tfr></token><token id="595386" text="время"><tfr rev_id="4107531" t="время"><v><l id="53149" t="время"><g v="NOUN"></g><g v="inan"></g><g v="neut"></g><g v="sing"></g><g v="accs"></g></l></v></tfr></token><token id="595387" text="было"><tfr rev_id="3335495" t="было"><v><l id="37265" t="есть"><g v="VERB"></g><g v="impf"></g><g v="intr"></g><g v="neut"></g><g v="sing"></g><g v="past"></g><g v="indc"></g></l></v></tfr></token><token id="595388" text="значительно"><tfr rev_id="1428458" t="значительно"><v><l id="116024" t="значительно"><g v="ADVB"></g></l></v><v><l id="116028" t="значителен"><g v="ADJS"></g><g v="Qual"></g><g v="neut"></g><g v="sing"></g></l></v></tfr></token><token id="595389" text="сокращено"><tfr rev_id="1428459" t="сокращено"><v><l id="328822" t="сокращён"><g v="PRTS"></g><g v="perf"></g><g v="past"></g><g v="pssv"></g><g v="neut"></g><g v="sing"></g></l></v></tfr></token><token id="595390" text="."><tfr rev_id="1428460" t="."><v><l id="0" t="."><g v="PNCT"></g></l></v></tfr></token></tokens></sentence><sentence id="33226"><source>Планируется, что поезда должны курсировать каждые полчаса, время в пути составляет 35 минут.</source><tokens><token id="595391" text="Планируется"><tfr rev_id="1428461" t="Планируется"><v><l id="239722" t="планируюсь"><g v="VERB"></g><g v="impf"></g><g v="intr"></g><g v="sing"></g><g v="3per"></g><g v="pres"></g><g v="indc"></g></l></v></tfr></token><token id="595392" text=","><tfr rev_id="1428462" t=","><v><l id="0" t=","><g v="PNCT"></g></l></v></tfr></token><token id="595393" text="что"><tfr rev_id="3196754" t="что"><v><l id="377004" t="что"><g v="CONJ"></g></l></v><v><l id="377005" t="что"><g v="NPRO"></g><g v="neut"></g><g v="sing"></g><g v="nomn"></g></l></v><v><l id="377005" t="что"><g v="NPRO"></g><g v="neut"></g><g v="sing"></g><g v="accs"></g></l></v><v><l id="377006" t="что"><g v="ADVB"></g><g v="Ques"></g></l></v><v><l id="388695" t="что"><g v="PRCL"></g></l></v></tfr></token><token id="595394" text="поезда"><tfr rev_id="3794146" t="поезда"><v><l id="252961" t="поезд"><g v="NOUN"></g><g v="inan"></g><g v="masc"></g><g v="plur"></g><g v="nomn"></g></l></v></tfr></token><token id="595395" text="должны"><tfr rev_id="2559306" t="должны"><v><l id="87975" t="должен"><g v="ADJS"></g><g v="plur"></g></l></v></tfr></token><token id="595396" text="курсировать"><tfr rev_id="1428466" t="курсировать"><v><l id="145496" t="курсировать"><g v="INFN"></g><g v="impf"></g><g v="intr"></g></l></v></tfr></token><token id="595397" text="каждые"><tfr rev_id="4430674" t="каждые"><v><l id="127875" t="каждый"><g v="ADJF"></g><g v="Subx"></g><g v="Apro"></g><g v="inan"></g><g v="plur"></g><g v="accs"></g></l></v></tfr></token><token id="595398" text="полчаса"><tfr rev_id="3806999" t="полчаса"><v><l id="257020" t="полчаса"><g v="NOUN"></g><g v="inan"></g><g v="neut"></g><g v="sing"></g><g v="nomn"></g></l></v><v><l id="257020" t="полчаса"><g v="NOUN"></g><g v="inan"></g><g v="neut"></g><g v="sing"></g><g v="accs"></g></l></v><v><l id="257020" t="полчаса"><g v="NOUN"></g><g v="inan"></g><g v="neut"></g><g v="plur"></g><g v="nomn"></g></l></v><v><l id="257020" t="полчаса"><g v="NOUN"></g><g v="inan"></g><g v="neut"></g><g v="plur"></g><g v="accs"></g></l></v></tfr></token><token id="595399" text=","><tfr rev_id="1428469" t=","><v><l id="0" t=","><g v="PNCT"></g></l></v></tfr></token><token id="595400" text="время"><tfr rev_id="1428470" t="время"><v><l id="53149" t="время"><g v="NOUN"></g><g v="inan"></g><g v="neut"></g><g v="sing"></g><g v="nomn"></g></l></v><v><l id="53149" t="время"><g v="NOUN"></g><g v="inan"></g><g v="neut"></g><g v="sing"></g><g v="accs"></g></l></v></tfr></token><token id="595401" text="в"><tfr rev_id="1428471" t="в"><v><l id="37409" t="в"><g v="PREP"></g></l></v></tfr></token><token id="595402" text="пути"><tfr rev_id="4238796" t="пути"><v><l id="289625" t="путь"><g v="NOUN"></g><g v="inan"></g><g v="masc"></g><g v="sing"></g><g v="loct"></g></l></v></tfr></token><token id="595403" text="составляет"><tfr rev_id="1428473" t="составляет"><v><l id="330494" t="составляю"><g v="VERB"></g><g v="impf"></g><g v="tran"></g><g v="sing"></g><g v="3per"></g><g v="pres"></g><g v="indc"></g></l></v></tfr></token><token id="595404" text="35"><tfr rev_id="2461512" t="35"><v><l id="0" t="35"><g v="NUMB"></g></l></v></tfr></token><token id="595405" text="минут"><tfr rev_id="1715102" t="минут"><v><l id="160750" t="минута"><g v="NOUN"></g><g v="inan"></g><g v="femn"></g><g v="plur"></g><g v="gent"></g></l></v></tfr></token><token id="595406" text="."><tfr rev_id="1428476" t="."><v><l id="0" t="."><g v="PNCT"></g></l></v></tfr></token></tokens></sentence><sentence id="33227"><source>Цена билета — 250 рублей (во многих сообщениях фигурировала цифра 200), что дороже действующих экспрессов во «Внуково» (120 руб.) и «Домодедово» (150 руб.).</source><tokens><token id="595407" text="Цена"><tfr rev_id="1428477" t="Цена"><v><l id="373297" t="цена"><g v="NOUN"></g><g v="inan"></g><g v="femn"></g><g v="sing"></g><g v="nomn"></g></l></v></tfr></token><token id="595408" text="билета"><tfr rev_id="1428478" t="билета"><v><l id="29580" t="билет"><g v="NOUN"></g><g v="inan"></g><g v="masc"></g><g v="sing"></g><g v="gent"></g></l></v></tfr></token><token id="595409" text="—"><tfr rev_id="2443409" t="—"><v><l id="0" t="—"><g v="PNCT"></g></l></v></tfr></token><token id="595410" text="250"><tfr rev_id="2461513" t="250"><v><l id="0" t="250"><g v="NUMB"></g></l></v></tfr></token><token id="595411" text="рублей"><tfr rev_id="1428481" t="рублей"><v><l id="309744" t="рубль"><g v="NOUN"></g><g v="inan"></g><g v="masc"></g><g v="plur"></g><g v="gent"></g></l></v></tfr></token><token id="595412" text="("><tfr rev_id="1428482" t="("><v><l id="0" t="("><g v="PNCT"></g></l></v></tfr></token><token id="595413" text="во"><tfr rev_id="2920228" t="во"><v><l id="37409" t="в"><g v="PREP"></g><g v="Vpre"></g></l></v></tfr></token><token id="595414" text="многих"><tfr rev_id="3272932" t="многих"><v><l id="161427" t="многий"><g v="ADJF"></g><g v="Apro"></g><g v="plur"></g><g v="gent"></g></l></v><v><l id="161427" t="многий"><g v="ADJF"></g><g v="Apro"></g><g v="anim"></g><g v="plur"></g><g v="accs"></g></l></v><v><l id="161427" t="многий"><g v="ADJF"></g><g v="Apro"></g><g v="plur"></g><g v="loct"></g></l></v></tfr></token><token id="595415" text="сообщениях"><tfr rev_id="1428485" t="сообщениях"><v><l id="329550" t="сообщение"><g v="NOUN"></g><g v="inan"></g><g v="neut"></g><g v="plur"></g><g v="loct"></g></l></v></tfr></token><token id="595416" text="фигурировала"><tfr rev_id="1428486" t="фигурировала"><v><l id="365648" t="фигурирую"><g v="VERB"></g><g v="impf"></g><g v="intr"></g><g v="femn"></g><g v="sing"></g><g v="past"></g><g v="indc"></g></l></v></tfr></token><token id="595417" text="цифра"><tfr rev_id="1428487" t="цифра"><v><l id="374165" t="цифра"><g v="NOUN"></g><g v="inan"></g><g v="femn"></g><g v="sing"></g><g v="nomn"></g></l></v></tfr></token><token id="595418" text="200"><tfr rev_id="2461514" t="200"><v><l id="0" t="200"><g v="NUMB"></g></l></v></tfr></token><token id="595419" text=")"><tfr rev_id="1428489" t=")"><v><l id="0" t=")"><g v="PNCT"></g></l></v></tfr></token><token id="595420" text=","><tfr rev_id="1428490" t=","><v><l id="0" t=","><g v="PNCT"></g></l></v></tfr></token><token id="595421" text="что"><tfr rev_id="3196755" t="что"><v><l id="377004" t="что"><g v="CONJ"></g></l></v><v><l id="377005" t="что"><g v="NPRO"></g><g v="neut"></g><g v="sing"></g><g v="nomn"></g></l></v><v><l id="377005" t="что"><g v="NPRO"></g><g v="neut"></g><g v="sing"></g><g v="accs"></g></l></v><v><l id="377006" t="что"><g v="ADVB"></g><g v="Ques"></g></l></v><v><l id="388695" t="что"><g v="PRCL"></g></l></v></tfr></token><token id="595422" text="дороже"><tfr rev_id="1428492" t="дороже"><v><l id="89726" t="дороже"><g v="COMP"></g><g v="Qual"></g></l></v></tfr></token><token id="595423" text="действующих"><tfr rev_id="1428493" t="действующих"><v><l id="80105" t="действующий"><g v="PRTF"></g><g v="impf"></g><g v="intr"></g><g v="pres"></g><g v="actv"></g><g v="plur"></g><g v="gent"></g></l></v><v><l id="80105" t="действующий"><g v="PRTF"></g><g v="impf"></g><g v="intr"></g><g v="pres"></g><g v="actv"></g><g v="anim"></g><g v="plur"></g><g v="accs"></g></l></v><v><l id="80105" t="действующий"><g v="PRTF"></g><g v="impf"></g><g v="intr"></g><g v="pres"></g><g v="actv"></g><g v="plur"></g><g v="loct"></g></l></v><v><l id="80108" t="действующий"><g v="ADJF"></g><g v="plur"></g><g v="gent"></g></l></v><v><l id="80108" t="действующий"><g v="ADJF"></g><g v="anim"></g><g v="plur"></g><g v="accs"></g></l></v><v><l id="80108" t="действующий"><g v="ADJF"></g><g v="plur"></g><g v="loct"></g></l></v></tfr></token><token id="595424" text="экспрессов"><tfr rev_id="1428494" t="экспрессов"><v><l id="383720" t="экспресс"><g v="NOUN"></g><g v="inan"></g><g v="masc"></g><g v="plur"></g><g v="gent"></g></l></v></tfr></token><token id="595425" text="во"><tfr rev_id="2920229" t="во"><v><l id="37409" t="в"><g v="PREP"></g><g v="Vpre"></g></l></v></tfr></token><token id="595426" text="«"><tfr rev_id="2443410" t="«"><v><l id="0" t="«"><g v="PNCT"></g></l></v></tfr></token><token id="595427" text="Внуково"><tfr rev_id="3765004" t="Внуково"><v><l id="47661" t="внуково"><g v="NOUN"></g><g v="inan"></g><g v="neut"></g><g v="Sgtm"></g><g v="Geox"></g><g v="sing"></g><g v="nomn"></g></l></v><v><l id="47661" t="внуково"><g v="NOUN"></g><g v="inan"></g><g v="neut"></g><g v="Sgtm"></g><g v="Geox"></g><g v="sing"></g><g v="accs"></g></l></v><v><l id="47661" t="внуково"><g v="NOUN"></g><g v="inan"></g><g v="neut"></g><g v="Sgtm"></g><g v="Geox"></g><g v="sing"></g><g v="loct"></g><g v="Infr"></g></l></v></tfr></token><token id="595428" text="»"><tfr rev_id="2443411" t="»"><v><l id="0" t="»"><g v="PNCT"></g></l></v></tfr></token><token id="595429" text="("><tfr rev_id="1428499" t="("><v><l id="0" t="("><g v="PNCT"></g></l></v></tfr></token><token id="595430" text="120"><tfr rev_id="2461515" t="120"><v><l id="0" t="120"><g v="NUMB"></g></l></v></tfr></token><token id="595431" text="руб"><tfr rev_id="4497292" t="руб"><v><l id="389046" t="руб"><g v="NOUN"></g><g v="inan"></g><g v="masc"></g><g v="Fixd"></g><g v="Abbr"></g><g v="plur"></g><g v="nomn"></g></l></v><v><l id="389046" t="руб"><g v="NOUN"></g><g v="inan"></g><g v="masc"></g><g v="Fixd"></g><g v="Abbr"></g><g v="plur"></g><g v="gent"></g></l></v><v><l id="389046" t="руб"><g v="NOUN"></g><g v="inan"></g><g v="masc"></g><g v="Fixd"></g><g v="Abbr"></g><g v="plur"></g><g v="datv"></g></l></v><v><l id="389046" t="руб"><g v="NOUN"></g><g v="inan"></g><g v="masc"></g><g v="Fixd"></g><g v="Abbr"></g><g v="plur"></g><g v="accs"></g></l></v><v><l id="389046" t="руб"><g v="NOUN"></g><g v="inan"></g><g v="masc"></g><g v="Fixd"></g><g v="Abbr"></g><g v="plur"></g><g v="ablt"></g></l></v><v><l id="389046" t="руб"><g v="NOUN"></g><g v="inan"></g><g v="masc"></g><g v="Fixd"></g><g v="Abbr"></g><g v="plur"></g><g v="loct"></g></l></v></tfr></token><token id="595432" text="."><tfr rev_id="1428502" t="."><v><l id="0" t="."><g v="PNCT"></g></l></v></tfr></token><token id="595433" text=")"><tfr rev_id="1428503" t=")"><v><l id="0" t=")"><g v="PNCT"></g></l></v></tfr></token><token id="595434" text="и"><tfr rev_id="1428504" t="и"><v><l id="116949" t="и"><g v="CONJ"></g></l></v><v><l id="116950" t="и"><g v="INTJ"></g></l></v></tfr></token><token id="595435" text="«"><tfr rev_id="2443412" t="«"><v><l id="0" t="«"><g v="PNCT"></g></l></v></tfr></token><token id="595436" text="Домодедово"><tfr rev_id="4413509" t="Домодедово"><v><l id="88423" t="домодедово"><g v="NOUN"></g><g v="inan"></g><g v="neut"></g><g v="Sgtm"></g><g v="Geox"></g><g v="sing"></g><g v="accs"></g></l></v></tfr></token><token id="595437" text="»"><tfr rev_id="2443413" t="»"><v><l id="0" t="»"><g v="PNCT"></g></l></v></tfr></token><token id="595438" text="("><tfr rev_id="1428508" t="("><v><l id="0" t="("><g v="PNCT"></g></l></v></tfr></token><token id="595439" text="150"><tfr rev_id="2461516" t="150"><v><l id="0" t="150"><g v="NUMB"></g></l></v></tfr></token><token id="595440" text="руб"><tfr rev_id="4497024" t="руб"><v><l id="389046" t="руб"><g v="NOUN"></g><g v="inan"></g><g v="masc"></g><g v="Fixd"></g><g v="Abbr"></g><g v="plur"></g><g v="nomn"></g></l></v><v><l id="389046" t="руб"><g v="NOUN"></g><g v="inan"></g><g v="masc"></g><g v="Fixd"></g><g v="Abbr"></g><g v="plur"></g><g v="gent"></g></l></v><v><l id="389046" t="руб"><g v="NOUN"></g><g v="inan"></g><g v="masc"></g><g v="Fixd"></g><g v="Abbr"></g><g v="plur"></g><g v="datv"></g></l></v><v><l id="389046" t="руб"><g v="NOUN"></g><g v="inan"></g><g v="masc"></g><g v="Fixd"></g><g v="Abbr"></g><g v="plur"></g><g v="accs"></g></l></v><v><l id="389046" t="руб"><g v="NOUN"></g><g v="inan"></g><g v="masc"></g><g v="Fixd"></g><g v="Abbr"></g><g v="plur"></g><g v="ablt"></g></l></v><v><l id="389046" t="руб"><g v="NOUN"></g><g v="inan"></g><g v="masc"></g><g v="Fixd"></g><g v="Abbr"></g><g v="plur"></g><g v="loct"></g></l></v></tfr></token><token id="595441" text="."><tfr rev_id="1428511" t="."><v><l id="0" t="."><g v="PNCT"></g></l></v></tfr></token><token id="595442" text=")"><tfr rev_id="1428512" t=")"><v><l id="0" t=")"><g v="PNCT"></g></l></v></tfr></token><token id="595443" text="."><tfr rev_id="1428513" t="."><v><l id="0" t="."><g v="PNCT"></g></l></v></tfr></token></tokens></sentence></paragraph></paragraphs></text>