<?xml version="1.0" encoding="utf-8"?><text id="1115" parent="56" name="Коровы вместо компаса"><tags><tag>Автор:http://ru.wikinews.org/wiki/Участник:Potupin</tag><tag>Дата:26/08</tag><tag>Тема:ВикиКатегория:Биология</tag><tag>url:http://ru.wikinews.org/w/index.php?title=Коровы_вместо_компаса&amp;oldid=59749</tag><tag>Тема:ВикиКатегория:Материалы Lenta.ru</tag><tag>Год:2008</tag></tags><paragraphs><paragraph id="10686"><sentence id="33442"><source>Как выяснили исследователи из Германии и Чехии, коровы в своем большинстве проводят время на пастбищах, ориентируясь на северный магнитный полюс.</source><tokens><token id="599018" text="Как"><tfr rev_id="1432088" t="Как"><v><l id="128190" t="как"><g v="CONJ"></g></l></v><v><l id="128191" t="как"><g v="PRCL"></g></l></v><v><l id="128192" t="как"><g v="ADVB"></g><g v="Ques"></g></l></v></tfr></token><token id="599019" text="выяснили"><tfr rev_id="1432089" t="выяснили"><v><l id="64901" t="выяснил"><g v="VERB"></g><g v="perf"></g><g v="tran"></g><g v="plur"></g><g v="past"></g><g v="indc"></g></l></v></tfr></token><token id="599020" text="исследователи"><tfr rev_id="1432090" t="исследователи"><v><l id="125801" t="исследователь"><g v="NOUN"></g><g v="anim"></g><g v="masc"></g><g v="plur"></g><g v="nomn"></g></l></v></tfr></token><token id="599021" text="из"><tfr rev_id="2603422" t="из"><v><l id="117677" t="из"><g v="PREP"></g></l></v></tfr></token><token id="599022" text="Германии"><tfr rev_id="4281998" t="Германии"><v><l id="69099" t="германия"><g v="NOUN"></g><g v="inan"></g><g v="femn"></g><g v="Sgtm"></g><g v="Geox"></g><g v="sing"></g><g v="gent"></g></l></v><v><l id="69099" t="германия"><g v="NOUN"></g><g v="inan"></g><g v="femn"></g><g v="Sgtm"></g><g v="Geox"></g><g v="sing"></g><g v="datv"></g></l></v><v><l id="69099" t="германия"><g v="NOUN"></g><g v="inan"></g><g v="femn"></g><g v="Sgtm"></g><g v="Geox"></g><g v="sing"></g><g v="loct"></g></l></v></tfr></token><token id="599023" text="и"><tfr rev_id="1432093" t="и"><v><l id="116949" t="и"><g v="CONJ"></g></l></v><v><l id="116950" t="и"><g v="INTJ"></g></l></v></tfr></token><token id="599024" text="Чехии"><tfr rev_id="2627813" t="Чехии"><v><l id="376221" t="чехия"><g v="NOUN"></g><g v="inan"></g><g v="femn"></g><g v="Sgtm"></g><g v="Geox"></g><g v="sing"></g><g v="gent"></g></l></v></tfr></token><token id="599025" text=","><tfr rev_id="1432095" t=","><v><l id="0" t=","><g v="PNCT"></g></l></v></tfr></token><token id="599026" text="коровы"><tfr rev_id="3269708" t="коровы"><v><l id="139893" t="корова"><g v="NOUN"></g><g v="anim"></g><g v="femn"></g><g v="plur"></g><g v="nomn"></g></l></v></tfr></token><token id="599027" text="в"><tfr rev_id="1432097" t="в"><v><l id="37409" t="в"><g v="PREP"></g></l></v></tfr></token><token id="599028" text="своем"><tfr rev_id="3946301" t="своем"><v><l id="316379" t="свой"><g v="ADJF"></g><g v="Apro"></g><g v="Anph"></g><g v="neut"></g><g v="sing"></g><g v="loct"></g></l></v></tfr></token><token id="599029" text="большинстве"><tfr rev_id="1432099" t="большинстве"><v><l id="32441" t="большинство"><g v="NOUN"></g><g v="inan"></g><g v="neut"></g><g v="Sgtm"></g><g v="sing"></g><g v="loct"></g></l></v></tfr></token><token id="599030" text="проводят"><tfr rev_id="1432100" t="проводят"><v><l id="278002" t="провожу"><g v="VERB"></g><g v="impf"></g><g v="tran"></g><g v="plur"></g><g v="3per"></g><g v="pres"></g><g v="indc"></g></l></v><v><l id="278009" t="проводил"><g v="VERB"></g><g v="perf"></g><g v="tran"></g><g v="plur"></g><g v="3per"></g><g v="futr"></g><g v="indc"></g></l></v></tfr></token><token id="599031" text="время"><tfr rev_id="3689141" t="время"><v><l id="53149" t="время"><g v="NOUN"></g><g v="inan"></g><g v="neut"></g><g v="sing"></g><g v="accs"></g></l></v></tfr></token><token id="599032" text="на"><tfr rev_id="3336744" t="на"><v><l id="166264" t="на"><g v="PREP"></g></l></v></tfr></token><token id="599033" text="пастбищах"><tfr rev_id="1432103" t="пастбищах"><v><l id="224819" t="пастбище"><g v="NOUN"></g><g v="inan"></g><g v="neut"></g><g v="plur"></g><g v="loct"></g></l></v></tfr></token><token id="599034" text=","><tfr rev_id="1432104" t=","><v><l id="0" t=","><g v="PNCT"></g></l></v></tfr></token><token id="599035" text="ориентируясь"><tfr rev_id="1432105" t="ориентируясь"><v><l id="209068" t="ориентируясь"><g v="GRND"></g><g v="impf"></g><g v="intr"></g><g v="pres"></g></l></v></tfr></token><token id="599036" text="на"><tfr rev_id="3344948" t="на"><v><l id="166264" t="на"><g v="PREP"></g></l></v></tfr></token><token id="599037" text="северный"><tfr rev_id="1432107" t="северный"><v><l id="317517" t="северный"><g v="ADJF"></g><g v="Qual"></g><g v="masc"></g><g v="sing"></g><g v="nomn"></g></l></v><v><l id="317517" t="северный"><g v="ADJF"></g><g v="Qual"></g><g v="inan"></g><g v="masc"></g><g v="sing"></g><g v="accs"></g></l></v></tfr></token><token id="599038" text="магнитный"><tfr rev_id="1432108" t="магнитный"><v><l id="152713" t="магнитный"><g v="ADJF"></g><g v="Qual"></g><g v="masc"></g><g v="sing"></g><g v="nomn"></g></l></v><v><l id="152713" t="магнитный"><g v="ADJF"></g><g v="Qual"></g><g v="inan"></g><g v="masc"></g><g v="sing"></g><g v="accs"></g></l></v></tfr></token><token id="599039" text="полюс"><tfr rev_id="2782564" t="полюс"><v><l id="257143" t="полюс"><g v="NOUN"></g><g v="inan"></g><g v="masc"></g><g v="sing"></g><g v="accs"></g></l></v></tfr></token><token id="599040" text="."><tfr rev_id="1432110" t="."><v><l id="0" t="."><g v="PNCT"></g></l></v></tfr></token></tokens></sentence></paragraph><paragraph id="10687"><sentence id="33443"><source>Открытие было сделано в результате обработки подробных космических снимков сервиса Google Earth.</source><tokens><token id="599041" text="Открытие"><tfr rev_id="4107489" t="Открытие"><v><l id="214745" t="открытие"><g v="NOUN"></g><g v="inan"></g><g v="neut"></g><g v="sing"></g><g v="nomn"></g></l></v></tfr></token><token id="599042" text="было"><tfr rev_id="4256786" t="было"><v><l id="37265" t="есть"><g v="VERB"></g><g v="impf"></g><g v="intr"></g><g v="neut"></g><g v="sing"></g><g v="past"></g><g v="indc"></g></l></v></tfr></token><token id="599043" text="сделано"><tfr rev_id="1432113" t="сделано"><v><l id="317250" t="сделан"><g v="PRTS"></g><g v="perf"></g><g v="past"></g><g v="pssv"></g><g v="neut"></g><g v="sing"></g></l></v></tfr></token><token id="599044" text="в"><tfr rev_id="1432114" t="в"><v><l id="37409" t="в"><g v="PREP"></g></l></v></tfr></token><token id="599045" text="результате"><tfr rev_id="1432115" t="результате"><v><l id="305391" t="результат"><g v="NOUN"></g><g v="inan"></g><g v="masc"></g><g v="sing"></g><g v="loct"></g></l></v></tfr></token><token id="599046" text="обработки"><tfr rev_id="3433645" t="обработки"><v><l id="198758" t="обработка"><g v="NOUN"></g><g v="inan"></g><g v="femn"></g><g v="sing"></g><g v="gent"></g></l></v></tfr></token><token id="599047" text="подробных"><tfr rev_id="3703427" t="подробных"><v><l id="249802" t="подробный"><g v="ADJF"></g><g v="plur"></g><g v="gent"></g></l></v></tfr></token><token id="599048" text="космических"><tfr rev_id="4359323" t="космических"><v><l id="140606" t="космический"><g v="ADJF"></g><g v="plur"></g><g v="gent"></g></l></v></tfr></token><token id="599049" text="снимков"><tfr rev_id="1432119" t="снимков"><v><l id="327414" t="снимок"><g v="NOUN"></g><g v="inan"></g><g v="masc"></g><g v="plur"></g><g v="gent"></g></l></v></tfr></token><token id="599050" text="сервиса"><tfr rev_id="1432120" t="сервиса"><v><l id="319025" t="сервис"><g v="NOUN"></g><g v="inan"></g><g v="masc"></g><g v="sing"></g><g v="gent"></g></l></v></tfr></token><token id="599051" text="Google"><tfr rev_id="2474593" t="Google"><v><l id="0" t="Google"><g v="LATN"></g></l></v></tfr></token><token id="599052" text="Earth"><tfr rev_id="2474594" t="Earth"><v><l id="0" t="Earth"><g v="LATN"></g></l></v></tfr></token><token id="599053" text="."><tfr rev_id="1432123" t="."><v><l id="0" t="."><g v="PNCT"></g></l></v></tfr></token></tokens></sentence><sentence id="33444"><source>Были собраны сведения о 8510 коровах их 308 районов мира, в том числе и приполярных.</source><tokens><token id="599054" text="Были"><tfr rev_id="1714701" t="Были"><v><l id="37265" t="есть"><g v="VERB"></g><g v="impf"></g><g v="intr"></g><g v="plur"></g><g v="past"></g><g v="indc"></g></l></v></tfr></token><token id="599055" text="собраны"><tfr rev_id="1432125" t="собраны"><v><l id="327821" t="собран"><g v="PRTS"></g><g v="perf"></g><g v="past"></g><g v="pssv"></g><g v="plur"></g></l></v></tfr></token><token id="599056" text="сведения"><tfr rev_id="3807311" t="сведения"><v><l id="314794" t="сведение"><g v="NOUN"></g><g v="inan"></g><g v="neut"></g><g v="plur"></g><g v="nomn"></g></l></v><v><l id="314795" t="сведение"><g v="NOUN"></g><g v="inan"></g><g v="neut"></g><g v="plur"></g><g v="nomn"></g></l></v></tfr></token><token id="599057" text="о"><tfr rev_id="3327496" t="о"><v><l id="192977" t="о"><g v="PREP"></g></l></v></tfr></token><token id="599058" text="8510"><tfr rev_id="2461600" t="8510"><v><l id="0" t="8510"><g v="NUMB"></g></l></v></tfr></token><token id="599059" text="коровах"><tfr rev_id="1432129" t="коровах"><v><l id="139893" t="корова"><g v="NOUN"></g><g v="anim"></g><g v="femn"></g><g v="plur"></g><g v="loct"></g></l></v></tfr></token><token id="599060" text="их"><tfr rev_id="3613230" t="их"><v><l id="127205" t="их"><g v="ADJF"></g><g v="Fixd"></g><g v="Apro"></g><g v="Anph"></g><g v="masc"></g><g v="sing"></g><g v="nomn"></g></l></v><v><l id="127205" t="их"><g v="ADJF"></g><g v="Fixd"></g><g v="Apro"></g><g v="Anph"></g><g v="masc"></g><g v="sing"></g><g v="gent"></g></l></v><v><l id="127205" t="их"><g v="ADJF"></g><g v="Fixd"></g><g v="Apro"></g><g v="Anph"></g><g v="masc"></g><g v="sing"></g><g v="datv"></g></l></v><v><l id="127205" t="их"><g v="ADJF"></g><g v="Fixd"></g><g v="Apro"></g><g v="Anph"></g><g v="masc"></g><g v="sing"></g><g v="accs"></g></l></v><v><l id="127205" t="их"><g v="ADJF"></g><g v="Fixd"></g><g v="Apro"></g><g v="Anph"></g><g v="masc"></g><g v="sing"></g><g v="ablt"></g></l></v><v><l id="127205" t="их"><g v="ADJF"></g><g v="Fixd"></g><g v="Apro"></g><g v="Anph"></g><g v="masc"></g><g v="sing"></g><g v="loct"></g></l></v><v><l id="127205" t="их"><g v="ADJF"></g><g v="Fixd"></g><g v="Apro"></g><g v="Anph"></g><g v="femn"></g><g v="sing"></g><g v="nomn"></g></l></v><v><l id="127205" t="их"><g v="ADJF"></g><g v="Fixd"></g><g v="Apro"></g><g v="Anph"></g><g v="femn"></g><g v="sing"></g><g v="gent"></g></l></v><v><l id="127205" t="их"><g v="ADJF"></g><g v="Fixd"></g><g v="Apro"></g><g v="Anph"></g><g v="femn"></g><g v="sing"></g><g v="datv"></g></l></v><v><l id="127205" t="их"><g v="ADJF"></g><g v="Fixd"></g><g v="Apro"></g><g v="Anph"></g><g v="femn"></g><g v="sing"></g><g v="accs"></g></l></v><v><l id="127205" t="их"><g v="ADJF"></g><g v="Fixd"></g><g v="Apro"></g><g v="Anph"></g><g v="femn"></g><g v="sing"></g><g v="ablt"></g></l></v><v><l id="127205" t="их"><g v="ADJF"></g><g v="Fixd"></g><g v="Apro"></g><g v="Anph"></g><g v="femn"></g><g v="sing"></g><g v="loct"></g></l></v><v><l id="127205" t="их"><g v="ADJF"></g><g v="Fixd"></g><g v="Apro"></g><g v="Anph"></g><g v="neut"></g><g v="sing"></g><g v="nomn"></g></l></v><v><l id="127205" t="их"><g v="ADJF"></g><g v="Fixd"></g><g v="Apro"></g><g v="Anph"></g><g v="neut"></g><g v="sing"></g><g v="gent"></g></l></v><v><l id="127205" t="их"><g v="ADJF"></g><g v="Fixd"></g><g v="Apro"></g><g v="Anph"></g><g v="neut"></g><g v="sing"></g><g v="datv"></g></l></v><v><l id="127205" t="их"><g v="ADJF"></g><g v="Fixd"></g><g v="Apro"></g><g v="Anph"></g><g v="neut"></g><g v="sing"></g><g v="accs"></g></l></v><v><l id="127205" t="их"><g v="ADJF"></g><g v="Fixd"></g><g v="Apro"></g><g v="Anph"></g><g v="neut"></g><g v="sing"></g><g v="ablt"></g></l></v><v><l id="127205" t="их"><g v="ADJF"></g><g v="Fixd"></g><g v="Apro"></g><g v="Anph"></g><g v="neut"></g><g v="sing"></g><g v="loct"></g></l></v><v><l id="127205" t="их"><g v="ADJF"></g><g v="Fixd"></g><g v="Apro"></g><g v="Anph"></g><g v="plur"></g><g v="nomn"></g></l></v><v><l id="127205" t="их"><g v="ADJF"></g><g v="Fixd"></g><g v="Apro"></g><g v="Anph"></g><g v="plur"></g><g v="gent"></g></l></v><v><l id="127205" t="их"><g v="ADJF"></g><g v="Fixd"></g><g v="Apro"></g><g v="Anph"></g><g v="plur"></g><g v="datv"></g></l></v><v><l id="127205" t="их"><g v="ADJF"></g><g v="Fixd"></g><g v="Apro"></g><g v="Anph"></g><g v="plur"></g><g v="accs"></g></l></v><v><l id="127205" t="их"><g v="ADJF"></g><g v="Fixd"></g><g v="Apro"></g><g v="Anph"></g><g v="plur"></g><g v="ablt"></g></l></v><v><l id="127205" t="их"><g v="ADJF"></g><g v="Fixd"></g><g v="Apro"></g><g v="Anph"></g><g v="plur"></g><g v="loct"></g></l></v><v><l id="206619" t="они"><g v="NPRO"></g><g v="3per"></g><g v="Anph"></g><g v="plur"></g><g v="gent"></g></l></v><v><l id="206619" t="они"><g v="NPRO"></g><g v="3per"></g><g v="Anph"></g><g v="plur"></g><g v="accs"></g></l></v></tfr></token><token id="599061" text="308"><tfr rev_id="2461601" t="308"><v><l id="0" t="308"><g v="NUMB"></g></l></v></tfr></token><token id="599062" text="районов"><tfr rev_id="1432132" t="районов"><v><l id="297595" t="район"><g v="NOUN"></g><g v="inan"></g><g v="masc"></g><g v="plur"></g><g v="gent"></g></l></v></tfr></token><token id="599063" text="мира"><tfr rev_id="3723111" t="мира"><v><l id="160807" t="мир"><g v="NOUN"></g><g v="inan"></g><g v="masc"></g><g v="sing"></g><g v="gen1"></g></l></v></tfr></token><token id="599064" text=","><tfr rev_id="1432134" t=","><v><l id="0" t=","><g v="PNCT"></g></l></v></tfr></token><token id="599065" text="в"><tfr rev_id="1432135" t="в"><v><l id="37409" t="в"><g v="PREP"></g></l></v></tfr></token><token id="599066" text="том"><tfr rev_id="4376935" t="том"><v><l id="348430" t="тот"><g v="ADJF"></g><g v="Subx"></g><g v="Apro"></g><g v="Anph"></g><g v="neut"></g><g v="sing"></g><g v="loct"></g></l></v></tfr></token><token id="599067" text="числе"><tfr rev_id="1432137" t="числе"><v><l id="376585" t="число"><g v="NOUN"></g><g v="inan"></g><g v="neut"></g><g v="sing"></g><g v="loct"></g></l></v></tfr></token><token id="599068" text="и"><tfr rev_id="4082079" t="и"><v><l id="116949" t="и"><g v="CONJ"></g></l></v></tfr></token><token id="599069" text="приполярных"><tfr rev_id="2762280" t="приполярных"><v><l id="273465" t="приполярный"><g v="ADJF"></g><g v="plur"></g><g v="gent"></g></l></v></tfr></token><token id="599070" text="."><tfr rev_id="1432140" t="."><v><l id="0" t="."><g v="PNCT"></g></l></v></tfr></token></tokens></sentence></paragraph><paragraph id="10688"><sentence id="33445"><source>Оказалось, что даже „северные“ коровы стоят по направлению к магнитному, а не географическому полюсу планеты.</source><tokens><token id="599071" text="Оказалось"><tfr rev_id="1432141" t="Оказалось"><v><l id="204462" t="оказался"><g v="VERB"></g><g v="perf"></g><g v="intr"></g><g v="neut"></g><g v="sing"></g><g v="past"></g><g v="indc"></g></l></v></tfr></token><token id="599072" text=","><tfr rev_id="1432142" t=","><v><l id="0" t=","><g v="PNCT"></g></l></v></tfr></token><token id="599073" text="что"><tfr rev_id="3196786" t="что"><v><l id="377004" t="что"><g v="CONJ"></g></l></v><v><l id="377005" t="что"><g v="NPRO"></g><g v="neut"></g><g v="sing"></g><g v="nomn"></g></l></v><v><l id="377005" t="что"><g v="NPRO"></g><g v="neut"></g><g v="sing"></g><g v="accs"></g></l></v><v><l id="377006" t="что"><g v="ADVB"></g><g v="Ques"></g></l></v><v><l id="388695" t="что"><g v="PRCL"></g></l></v></tfr></token><token id="599074" text="даже"><tfr rev_id="4079125" t="даже"><v><l id="77849" t="даже"><g v="PRCL"></g></l></v></tfr></token><token id="599075" text="„"><tfr rev_id="2443520" t="„"><v><l id="0" t="„"><g v="PNCT"></g></l></v></tfr></token><token id="599076" text="северные"><tfr rev_id="3795140" t="северные"><v><l id="317517" t="северный"><g v="ADJF"></g><g v="Qual"></g><g v="plur"></g><g v="nomn"></g></l></v></tfr></token><token id="599077" text="“"><tfr rev_id="2443521" t="“"><v><l id="0" t="“"><g v="PNCT"></g></l></v></tfr></token><token id="599078" text="коровы"><tfr rev_id="2699343" t="коровы"><v><l id="139893" t="корова"><g v="NOUN"></g><g v="anim"></g><g v="femn"></g><g v="plur"></g><g v="nomn"></g></l></v></tfr></token><token id="599079" text="стоят"><tfr rev_id="1432149" t="стоят"><v><l id="336464" t="стою"><g v="VERB"></g><g v="impf"></g><g v="tran"></g><g v="plur"></g><g v="3per"></g><g v="pres"></g><g v="indc"></g></l></v><v><l id="336980" t="стою"><g v="VERB"></g><g v="impf"></g><g v="intr"></g><g v="plur"></g><g v="3per"></g><g v="pres"></g><g v="indc"></g></l></v></tfr></token><token id="599080" text="по"><tfr rev_id="1432150" t="по"><v><l id="241240" t="по"><g v="PREP"></g></l></v></tfr></token><token id="599081" text="направлению"><tfr rev_id="1432151" t="направлению"><v><l id="173963" t="направление"><g v="NOUN"></g><g v="inan"></g><g v="neut"></g><g v="sing"></g><g v="datv"></g></l></v></tfr></token><token id="599082" text="к"><tfr rev_id="1432152" t="к"><v><l id="127460" t="к"><g v="PREP"></g></l></v></tfr></token><token id="599083" text="магнитному"><tfr rev_id="4165111" t="магнитному"><v><l id="152713" t="магнитный"><g v="ADJF"></g><g v="Qual"></g><g v="masc"></g><g v="sing"></g><g v="datv"></g></l></v></tfr></token><token id="599084" text=","><tfr rev_id="1432154" t=","><v><l id="0" t=","><g v="PNCT"></g></l></v></tfr></token><token id="599085" text="а"><tfr rev_id="3487635" t="а"><v><l id="51" t="а"><g v="CONJ"></g></l></v></tfr></token><token id="599086" text="не"><tfr rev_id="1432156" t="не"><v><l id="178876" t="не"><g v="PRCL"></g></l></v></tfr></token><token id="599087" text="географическому"><tfr rev_id="3468462" t="географическому"><v><l id="68712" t="географический"><g v="ADJF"></g><g v="masc"></g><g v="sing"></g><g v="datv"></g></l></v></tfr></token><token id="599088" text="полюсу"><tfr rev_id="1432158" t="полюсу"><v><l id="257143" t="полюс"><g v="NOUN"></g><g v="inan"></g><g v="masc"></g><g v="sing"></g><g v="datv"></g></l></v></tfr></token><token id="599089" text="планеты"><tfr rev_id="1717650" t="планеты"><v><l id="239690" t="планета"><g v="NOUN"></g><g v="inan"></g><g v="femn"></g><g v="sing"></g><g v="gent"></g></l></v></tfr></token><token id="599090" text="."><tfr rev_id="1432160" t="."><v><l id="0" t="."><g v="PNCT"></g></l></v></tfr></token></tokens></sentence></paragraph></paragraphs></text>