<?xml version="1.0" encoding="utf-8"?><text id="1116" parent="56" name="Украина пытается разыскать бывшего депутата Лозинского"><tags><tag>Автор:http://ru.wikinews.org/wiki/Участник:Velopilger</tag><tag>Дата:03/07</tag><tag>Гео:ВикиКатегория:Кировоградская область</tag><tag>Тема:ВикиКатегория:Преступность и право</tag><tag>url:http://ru.wikinews.org/w/index.php?title=Украина_пытается_разыскать_бывшего_депутата_Лозинского&amp;oldid=23012</tag><tag>Год:2009</tag></tags><paragraphs><paragraph id="10689"><sentence id="33446"><source>История, случившаяся в украинском истеблишменте, запутанная и тёмная.</source><tokens><token id="599091" text="История"><tfr rev_id="1432161" t="История"><v><l id="126437" t="история"><g v="NOUN"></g><g v="inan"></g><g v="femn"></g><g v="sing"></g><g v="nomn"></g></l></v></tfr></token><token id="599092" text=","><tfr rev_id="1432162" t=","><v><l id="0" t=","><g v="PNCT"></g></l></v></tfr></token><token id="599093" text="случившаяся"><tfr rev_id="1432163" t="случившаяся"><v><l id="325500" t="случившийся"><g v="PRTF"></g><g v="perf"></g><g v="intr"></g><g v="past"></g><g v="actv"></g><g v="femn"></g><g v="sing"></g><g v="nomn"></g></l></v></tfr></token><token id="599094" text="в"><tfr rev_id="1432164" t="в"><v><l id="37409" t="в"><g v="PREP"></g></l></v></tfr></token><token id="599095" text="украинском"><tfr rev_id="1432165" t="украинском"><v><l id="356394" t="украинск"><g v="NOUN"></g><g v="inan"></g><g v="masc"></g><g v="Geox"></g><g v="sing"></g><g v="ablt"></g></l></v><v><l id="356396" t="украинский"><g v="ADJF"></g><g v="Geox"></g><g v="masc"></g><g v="sing"></g><g v="loct"></g></l></v><v><l id="356396" t="украинский"><g v="ADJF"></g><g v="Geox"></g><g v="neut"></g><g v="sing"></g><g v="loct"></g></l></v></tfr></token><token id="599096" text="истеблишменте"><tfr rev_id="1432166" t="истеблишменте"><v><l id="126157" t="истеблишмент"><g v="NOUN"></g><g v="inan"></g><g v="masc"></g><g v="sing"></g><g v="loct"></g></l></v></tfr></token><token id="599097" text=","><tfr rev_id="1432167" t=","><v><l id="0" t=","><g v="PNCT"></g></l></v></tfr></token><token id="599098" text="запутанная"><tfr rev_id="1432168" t="запутанная"><v><l id="108336" t="запутанный"><g v="ADJF"></g><g v="Qual"></g><g v="femn"></g><g v="sing"></g><g v="nomn"></g></l></v><v><l id="108342" t="запутанный"><g v="PRTF"></g><g v="perf"></g><g v="tran"></g><g v="past"></g><g v="pssv"></g><g v="femn"></g><g v="sing"></g><g v="nomn"></g></l></v></tfr></token><token id="599099" text="и"><tfr rev_id="1432169" t="и"><v><l id="116949" t="и"><g v="CONJ"></g></l></v><v><l id="116950" t="и"><g v="INTJ"></g></l></v></tfr></token><token id="599100" text="тёмная"><tfr rev_id="1432170" t="тёмная"><v><l id="341988" t="тёмный"><g v="ADJF"></g><g v="Qual"></g><g v="femn"></g><g v="sing"></g><g v="nomn"></g></l></v></tfr></token><token id="599101" text="."><tfr rev_id="1432171" t="."><v><l id="0" t="."><g v="PNCT"></g></l></v></tfr></token></tokens></sentence><sentence id="33447"><source>До сих пор на официальном уровне не публикуются результаты расследования происшествия, в результате которого был убит некий Валерий Олейник, ничем не примечательный тихий, беззащитный, даже немного душевнобольной житель Голованевского района Кировоградской области...</source><tokens><token id="599102" text="До"><tfr rev_id="1432172" t="До"><v><l id="85153" t="до"><g v="PREP"></g></l></v></tfr></token><token id="599103" text="сих"><tfr rev_id="2557734" t="сих"><v><l id="317879" t="сей"><g v="ADJF"></g><g v="Apro"></g><g v="Subx"></g><g v="plur"></g><g v="gent"></g></l></v><v><l id="317879" t="сей"><g v="ADJF"></g><g v="Apro"></g><g v="Subx"></g><g v="anim"></g><g v="plur"></g><g v="accs"></g></l></v><v><l id="317879" t="сей"><g v="ADJF"></g><g v="Apro"></g><g v="Subx"></g><g v="plur"></g><g v="loct"></g></l></v></tfr></token><token id="599104" text="пор"><tfr rev_id="1432174" t="пор"><v><l id="259871" t="пора"><g v="NOUN"></g><g v="inan"></g><g v="femn"></g><g v="plur"></g><g v="gent"></g></l></v></tfr></token><token id="599105" text="на"><tfr rev_id="3345787" t="на"><v><l id="166264" t="на"><g v="PREP"></g></l></v></tfr></token><token id="599106" text="официальном"><tfr rev_id="3448919" t="официальном"><v><l id="220939" t="официальный"><g v="ADJF"></g><g v="masc"></g><g v="sing"></g><g v="loct"></g></l></v></tfr></token><token id="599107" text="уровне"><tfr rev_id="1432177" t="уровне"><v><l id="359953" t="уровень"><g v="NOUN"></g><g v="inan"></g><g v="masc"></g><g v="sing"></g><g v="loct"></g></l></v></tfr></token><token id="599108" text="не"><tfr rev_id="1432178" t="не"><v><l id="178876" t="не"><g v="PRCL"></g></l></v></tfr></token><token id="599109" text="публикуются"><tfr rev_id="1432179" t="публикуются"><v><l id="288839" t="публикуюсь"><g v="VERB"></g><g v="impf"></g><g v="intr"></g><g v="plur"></g><g v="3per"></g><g v="pres"></g><g v="indc"></g></l></v></tfr></token><token id="599110" text="результаты"><tfr rev_id="2757351" t="результаты"><v><l id="305391" t="результат"><g v="NOUN"></g><g v="inan"></g><g v="masc"></g><g v="plur"></g><g v="nomn"></g></l></v></tfr></token><token id="599111" text="расследования"><tfr rev_id="3439356" t="расследования"><v><l id="301076" t="расследование"><g v="NOUN"></g><g v="inan"></g><g v="neut"></g><g v="sing"></g><g v="gent"></g></l></v></tfr></token><token id="599112" text="происшествия"><tfr rev_id="3448586" t="происшествия"><v><l id="280293" t="происшествие"><g v="NOUN"></g><g v="inan"></g><g v="neut"></g><g v="sing"></g><g v="gent"></g></l></v></tfr></token><token id="599113" text=","><tfr rev_id="1432183" t=","><v><l id="0" t=","><g v="PNCT"></g></l></v></tfr></token><token id="599114" text="в"><tfr rev_id="1432184" t="в"><v><l id="37409" t="в"><g v="PREP"></g></l></v></tfr></token><token id="599115" text="результате"><tfr rev_id="1432185" t="результате"><v><l id="305391" t="результат"><g v="NOUN"></g><g v="inan"></g><g v="masc"></g><g v="sing"></g><g v="loct"></g></l></v></tfr></token><token id="599116" text="которого"><tfr rev_id="4096914" t="которого"><v><l id="141203" t="который"><g v="ADJF"></g><g v="Apro"></g><g v="Subx"></g><g v="Anph"></g><g v="neut"></g><g v="sing"></g><g v="gent"></g></l></v></tfr></token><token id="599117" text="был"><tfr rev_id="1432187" t="был"><v><l id="37265" t="есть"><g v="VERB"></g><g v="impf"></g><g v="intr"></g><g v="masc"></g><g v="sing"></g><g v="past"></g><g v="indc"></g></l></v></tfr></token><token id="599118" text="убит"><tfr rev_id="1432188" t="убит"><v><l id="353018" t="убит"><g v="ADJS"></g><g v="Qual"></g><g v="masc"></g><g v="sing"></g></l></v><v><l id="353024" t="убит"><g v="PRTS"></g><g v="perf"></g><g v="past"></g><g v="pssv"></g><g v="masc"></g><g v="sing"></g></l></v></tfr></token><token id="599119" text="некий"><tfr rev_id="1432189" t="некий"><v><l id="183295" t="некий"><g v="ADJF"></g><g v="Apro"></g><g v="masc"></g><g v="sing"></g><g v="nomn"></g></l></v><v><l id="183295" t="некий"><g v="ADJF"></g><g v="Apro"></g><g v="inan"></g><g v="masc"></g><g v="sing"></g><g v="accs"></g></l></v></tfr></token><token id="599120" text="Валерий"><tfr rev_id="3434327" t="Валерий"><v><l id="38160" t="валерий"><g v="NOUN"></g><g v="anim"></g><g v="masc"></g><g v="Name"></g><g v="sing"></g><g v="nomn"></g></l></v></tfr></token><token id="599121" text="Олейник"><tfr rev_id="4287693" t="Олейник"><v><l id="206002" t="олейник"><g v="NOUN"></g><g v="anim"></g><g v="masc"></g><g v="Sgtm"></g><g v="Surn"></g><g v="sing"></g><g v="nomn"></g></l></v></tfr></token><token id="599122" text=","><tfr rev_id="1432192" t=","><v><l id="0" t=","><g v="PNCT"></g></l></v></tfr></token><token id="599123" text="ничем"><tfr rev_id="1432193" t="ничем"><v><l id="191386" t="ничто"><g v="NPRO"></g><g v="neut"></g><g v="sing"></g><g v="ablt"></g></l></v></tfr></token><token id="599124" text="не"><tfr rev_id="1432194" t="не"><v><l id="178876" t="не"><g v="PRCL"></g></l></v></tfr></token><token id="599125" text="примечательный"><tfr rev_id="1432195" t="примечательный"><v><l id="272097" t="примечательный"><g v="ADJF"></g><g v="masc"></g><g v="sing"></g><g v="nomn"></g></l></v><v><l id="272097" t="примечательный"><g v="ADJF"></g><g v="inan"></g><g v="masc"></g><g v="sing"></g><g v="accs"></g></l></v></tfr></token><token id="599126" text="тихий"><tfr rev_id="1432196" t="тихий"><v><l id="346645" t="тихий"><g v="ADJF"></g><g v="Qual"></g><g v="masc"></g><g v="sing"></g><g v="nomn"></g></l></v><v><l id="346645" t="тихий"><g v="ADJF"></g><g v="Qual"></g><g v="inan"></g><g v="masc"></g><g v="sing"></g><g v="accs"></g></l></v></tfr></token><token id="599127" text=","><tfr rev_id="1432197" t=","><v><l id="0" t=","><g v="PNCT"></g></l></v></tfr></token><token id="599128" text="беззащитный"><tfr rev_id="3667703" t="беззащитный"><v><l id="25948" t="беззащитный"><g v="ADJF"></g><g v="Qual"></g><g v="masc"></g><g v="sing"></g><g v="nomn"></g></l></v></tfr></token><token id="599129" text=","><tfr rev_id="1432199" t=","><v><l id="0" t=","><g v="PNCT"></g></l></v></tfr></token><token id="599130" text="даже"><tfr rev_id="4079126" t="даже"><v><l id="77849" t="даже"><g v="PRCL"></g></l></v></tfr></token><token id="599131" text="немного"><tfr rev_id="4176469" t="немного"><v><l id="184140" t="немного"><g v="ADVB"></g></l></v></tfr></token><token id="599132" text="душевнобольной"><tfr rev_id="2370339" t="душевнобольной"><v><l id="93367" t="душевнобольной"><g v="ADJF"></g><g v="Subx"></g><g v="masc"></g><g v="sing"></g><g v="nomn"></g></l></v><v><l id="93367" t="душевнобольной"><g v="ADJF"></g><g v="Subx"></g><g v="inan"></g><g v="masc"></g><g v="sing"></g><g v="accs"></g></l></v></tfr></token><token id="599133" text="житель"><tfr rev_id="1432203" t="житель"><v><l id="97562" t="житель"><g v="NOUN"></g><g v="anim"></g><g v="masc"></g><g v="sing"></g><g v="nomn"></g></l></v></tfr></token><token id="599134" text="Голованевского"><tfr rev_id="1432204" t="Голованевского"><v><l id="0" t="голованевского"><g v="UNKN"></g></l></v></tfr></token><token id="599135" text="района"><tfr rev_id="1432205" t="района"><v><l id="297595" t="район"><g v="NOUN"></g><g v="inan"></g><g v="masc"></g><g v="sing"></g><g v="gent"></g></l></v></tfr></token><token id="599136" text="Кировоградской"><tfr rev_id="4173164" t="Кировоградской"><v><l id="133405" t="кировоградский"><g v="ADJF"></g><g v="femn"></g><g v="sing"></g><g v="gent"></g></l></v></tfr></token><token id="599137" text="области"><tfr rev_id="4025654" t="области"><v><l id="196229" t="область"><g v="NOUN"></g><g v="inan"></g><g v="femn"></g><g v="sing"></g><g v="gent"></g></l></v></tfr></token><token id="599138" text="..."><tfr rev_id="1432208" t="..."><v><l id="0" t="..."><g v="PNCT"></g></l></v></tfr></token></tokens></sentence><sentence id="33448"><source>Убит, как к тому склоняется следствие, высокими чинами: прокурором района Евгением Горбенко, начальником райотдела милиции милиции Михаилом Ковальским, в компании с депутатом Верховной рады Украины, членом правящей коалиции Виктором Лозинским.</source><tokens><token id="599139" text="Убит"><tfr rev_id="1432209" t="Убит"><v><l id="353018" t="убит"><g v="ADJS"></g><g v="Qual"></g><g v="masc"></g><g v="sing"></g></l></v><v><l id="353024" t="убит"><g v="PRTS"></g><g v="perf"></g><g v="past"></g><g v="pssv"></g><g v="masc"></g><g v="sing"></g></l></v></tfr></token><token id="599140" text=","><tfr rev_id="1432210" t=","><v><l id="0" t=","><g v="PNCT"></g></l></v></tfr></token><token id="599141" text="как"><tfr rev_id="1432211" t="как"><v><l id="128190" t="как"><g v="CONJ"></g></l></v><v><l id="128191" t="как"><g v="PRCL"></g></l></v><v><l id="128192" t="как"><g v="ADVB"></g><g v="Ques"></g></l></v></tfr></token><token id="599142" text="к"><tfr rev_id="1432212" t="к"><v><l id="127460" t="к"><g v="PREP"></g></l></v></tfr></token><token id="599143" text="тому"><tfr rev_id="4412892" t="тому"><v><l id="348430" t="тот"><g v="ADJF"></g><g v="Subx"></g><g v="Apro"></g><g v="Anph"></g><g v="neut"></g><g v="sing"></g><g v="datv"></g></l></v></tfr></token><token id="599144" text="склоняется"><tfr rev_id="1432214" t="склоняется"><v><l id="322609" t="склоняюсь"><g v="VERB"></g><g v="impf"></g><g v="intr"></g><g v="sing"></g><g v="3per"></g><g v="pres"></g><g v="indc"></g></l></v></tfr></token><token id="599145" text="следствие"><tfr rev_id="3677153" t="следствие"><v><l id="324765" t="следствие"><g v="NOUN"></g><g v="inan"></g><g v="neut"></g><g v="sing"></g><g v="nomn"></g></l></v></tfr></token><token id="599146" text=","><tfr rev_id="1432216" t=","><v><l id="0" t=","><g v="PNCT"></g></l></v></tfr></token><token id="599147" text="высокими"><tfr rev_id="1432217" t="высокими"><v><l id="62135" t="высокий"><g v="ADJF"></g><g v="Qual"></g><g v="plur"></g><g v="ablt"></g></l></v></tfr></token><token id="599148" text="чинами"><tfr rev_id="3470612" t="чинами"><v><l id="376432" t="чин"><g v="NOUN"></g><g v="anim"></g><g v="masc"></g><g v="plur"></g><g v="ablt"></g></l></v></tfr></token><token id="599149" text=":"><tfr rev_id="1432219" t=":"><v><l id="0" t=":"><g v="PNCT"></g></l></v></tfr></token><token id="599150" text="прокурором"><tfr rev_id="1432220" t="прокурором"><v><l id="281274" t="прокурор"><g v="NOUN"></g><g v="anim"></g><g v="masc"></g><g v="sing"></g><g v="ablt"></g></l></v></tfr></token><token id="599151" text="района"><tfr rev_id="1432221" t="района"><v><l id="297595" t="район"><g v="NOUN"></g><g v="inan"></g><g v="masc"></g><g v="sing"></g><g v="gent"></g></l></v></tfr></token><token id="599152" text="Евгением"><tfr rev_id="1432222" t="Евгением"><v><l id="93848" t="евгений"><g v="NOUN"></g><g v="anim"></g><g v="masc"></g><g v="Name"></g><g v="sing"></g><g v="ablt"></g></l></v></tfr></token><token id="599153" text="Горбенко"><tfr rev_id="4326925" t="Горбенко"><v><l id="73111" t="горбенко"><g v="NOUN"></g><g v="anim"></g><g v="ms-f"></g><g v="Fixd"></g><g v="Surn"></g><g v="sing"></g><g v="ablt"></g></l></v></tfr></token><token id="599154" text=","><tfr rev_id="1432224" t=","><v><l id="0" t=","><g v="PNCT"></g></l></v></tfr></token><token id="599155" text="начальником"><tfr rev_id="1432225" t="начальником"><v><l id="178197" t="начальник"><g v="NOUN"></g><g v="anim"></g><g v="masc"></g><g v="sing"></g><g v="ablt"></g></l></v></tfr></token><token id="599156" text="райотдела"><tfr rev_id="1432226" t="райотдела"><v><l id="297615" t="райотдел"><g v="NOUN"></g><g v="inan"></g><g v="masc"></g><g v="Orgn"></g><g v="sing"></g><g v="gent"></g></l></v></tfr></token><token id="599157" text="милиции"><tfr rev_id="3524748" t="милиции"><v><l id="160225" t="милиция"><g v="NOUN"></g><g v="inan"></g><g v="femn"></g><g v="sing"></g><g v="gent"></g></l></v><v><l id="160225" t="милиция"><g v="NOUN"></g><g v="inan"></g><g v="femn"></g><g v="sing"></g><g v="datv"></g></l></v><v><l id="160225" t="милиция"><g v="NOUN"></g><g v="inan"></g><g v="femn"></g><g v="sing"></g><g v="loct"></g></l></v></tfr></token><token id="599158" text="милиции"><tfr rev_id="3438927" t="милиции"><v><l id="160225" t="милиция"><g v="NOUN"></g><g v="inan"></g><g v="femn"></g><g v="sing"></g><g v="gent"></g></l></v><v><l id="160225" t="милиция"><g v="NOUN"></g><g v="inan"></g><g v="femn"></g><g v="sing"></g><g v="datv"></g></l></v><v><l id="160225" t="милиция"><g v="NOUN"></g><g v="inan"></g><g v="femn"></g><g v="sing"></g><g v="loct"></g></l></v></tfr></token><token id="599159" text="Михаилом"><tfr rev_id="1432229" t="Михаилом"><v><l id="161195" t="михаил"><g v="NOUN"></g><g v="anim"></g><g v="masc"></g><g v="Name"></g><g v="sing"></g><g v="ablt"></g></l></v></tfr></token><token id="599160" text="Ковальским"><tfr rev_id="3440248" t="Ковальским"><v><l id="135065" t="ковальский"><g v="NOUN"></g><g v="anim"></g><g v="masc"></g><g v="Sgtm"></g><g v="Surn"></g><g v="sing"></g><g v="ablt"></g></l></v></tfr></token><token id="599161" text=","><tfr rev_id="1432231" t=","><v><l id="0" t=","><g v="PNCT"></g></l></v></tfr></token><token id="599162" text="в"><tfr rev_id="1432232" t="в"><v><l id="37409" t="в"><g v="PREP"></g></l></v></tfr></token><token id="599163" text="компании"><tfr rev_id="4314075" t="компании"><v><l id="137146" t="компания"><g v="NOUN"></g><g v="inan"></g><g v="femn"></g><g v="sing"></g><g v="loct"></g></l></v></tfr></token><token id="599164" text="с"><tfr rev_id="1432234" t="с"><v><l id="311151" t="с"><g v="PREP"></g></l></v></tfr></token><token id="599165" text="депутатом"><tfr rev_id="1432235" t="депутатом"><v><l id="81561" t="депутат"><g v="NOUN"></g><g v="anim"></g><g v="masc"></g><g v="sing"></g><g v="ablt"></g></l></v></tfr></token><token id="599166" text="Верховной"><tfr rev_id="4166691" t="Верховной"><v><l id="41800" t="верховный"><g v="ADJF"></g><g v="Qual"></g><g v="femn"></g><g v="sing"></g><g v="gent"></g></l></v></tfr></token><token id="599167" text="рады"><tfr rev_id="3692763" t="рады"><v><l id="290792" t="рада"><g v="NOUN"></g><g v="inan"></g><g v="femn"></g><g v="sing"></g><g v="gent"></g></l></v></tfr></token><token id="599168" text="Украины"><tfr rev_id="1432238" t="Украины"><v><l id="356365" t="украина"><g v="NOUN"></g><g v="inan"></g><g v="femn"></g><g v="Sgtm"></g><g v="Geox"></g><g v="sing"></g><g v="gent"></g></l></v></tfr></token><token id="599169" text=","><tfr rev_id="1432239" t=","><v><l id="0" t=","><g v="PNCT"></g></l></v></tfr></token><token id="599170" text="членом"><tfr rev_id="3470602" t="членом"><v><l id="376827" t="член"><g v="NOUN"></g><g v="anim"></g><g v="masc"></g><g v="sing"></g><g v="ablt"></g></l></v></tfr></token><token id="599171" text="правящей"><tfr rev_id="4331509" t="правящей"><v><l id="265649" t="правящий"><g v="PRTF"></g><g v="impf"></g><g v="tran"></g><g v="pres"></g><g v="actv"></g><g v="femn"></g><g v="sing"></g><g v="gent"></g></l></v><v><l id="265649" t="правящий"><g v="PRTF"></g><g v="impf"></g><g v="tran"></g><g v="pres"></g><g v="actv"></g><g v="femn"></g><g v="sing"></g><g v="datv"></g></l></v><v><l id="265649" t="правящий"><g v="PRTF"></g><g v="impf"></g><g v="tran"></g><g v="pres"></g><g v="actv"></g><g v="femn"></g><g v="sing"></g><g v="ablt"></g></l></v><v><l id="265649" t="правящий"><g v="PRTF"></g><g v="impf"></g><g v="tran"></g><g v="pres"></g><g v="actv"></g><g v="femn"></g><g v="sing"></g><g v="loct"></g></l></v><v><l id="265658" t="правящий"><g v="PRTF"></g><g v="impf"></g><g v="intr"></g><g v="pres"></g><g v="actv"></g><g v="femn"></g><g v="sing"></g><g v="gent"></g></l></v><v><l id="265658" t="правящий"><g v="PRTF"></g><g v="impf"></g><g v="intr"></g><g v="pres"></g><g v="actv"></g><g v="femn"></g><g v="sing"></g><g v="datv"></g></l></v><v><l id="265658" t="правящий"><g v="PRTF"></g><g v="impf"></g><g v="intr"></g><g v="pres"></g><g v="actv"></g><g v="femn"></g><g v="sing"></g><g v="ablt"></g></l></v><v><l id="265658" t="правящий"><g v="PRTF"></g><g v="impf"></g><g v="intr"></g><g v="pres"></g><g v="actv"></g><g v="femn"></g><g v="sing"></g><g v="loct"></g></l></v><v><l id="265800" t="правящий"><g v="ADJF"></g><g v="femn"></g><g v="sing"></g><g v="gent"></g></l></v><v><l id="265800" t="правящий"><g v="ADJF"></g><g v="femn"></g><g v="sing"></g><g v="datv"></g></l></v><v><l id="265800" t="правящий"><g v="ADJF"></g><g v="femn"></g><g v="sing"></g><g v="ablt"></g></l></v><v><l id="265800" t="правящий"><g v="ADJF"></g><g v="femn"></g><g v="sing"></g><g v="loct"></g></l></v></tfr></token><token id="599172" text="коалиции"><tfr rev_id="3494980" t="коалиции"><v><l id="134963" t="коалиция"><g v="NOUN"></g><g v="inan"></g><g v="femn"></g><g v="sing"></g><g v="gent"></g></l></v><v><l id="134963" t="коалиция"><g v="NOUN"></g><g v="inan"></g><g v="femn"></g><g v="sing"></g><g v="datv"></g></l></v><v><l id="134963" t="коалиция"><g v="NOUN"></g><g v="inan"></g><g v="femn"></g><g v="sing"></g><g v="loct"></g></l></v></tfr></token><token id="599173" text="Виктором"><tfr rev_id="1432243" t="Виктором"><v><l id="44808" t="виктор"><g v="NOUN"></g><g v="anim"></g><g v="masc"></g><g v="Name"></g><g v="sing"></g><g v="ablt"></g></l></v></tfr></token><token id="599174" text="Лозинским"><tfr rev_id="3495835" t="Лозинским"><v><l id="150585" t="лозинский"><g v="NOUN"></g><g v="anim"></g><g v="masc"></g><g v="Sgtm"></g><g v="Surn"></g><g v="sing"></g><g v="ablt"></g></l></v></tfr></token><token id="599175" text="."><tfr rev_id="1432245" t="."><v><l id="0" t="."><g v="PNCT"></g></l></v></tfr></token></tokens></sentence><sentence id="33449"><source>В этой, по некоторым данным подвыпившей, команде присутствовала и некая женщина, чьё имя сейчас выясняется.</source><tokens><token id="599176" text="В"><tfr rev_id="1432246" t="В"><v><l id="37409" t="в"><g v="PREP"></g></l></v></tfr></token><token id="599177" text="этой"><tfr rev_id="4437994" t="этой"><v><l id="386581" t="этот"><g v="ADJF"></g><g v="Subx"></g><g v="Apro"></g><g v="Anph"></g><g v="femn"></g><g v="sing"></g><g v="loct"></g></l></v></tfr></token><token id="599178" text=","><tfr rev_id="1432248" t=","><v><l id="0" t=","><g v="PNCT"></g></l></v></tfr></token><token id="599179" text="по"><tfr rev_id="1432249" t="по"><v><l id="241240" t="по"><g v="PREP"></g></l></v></tfr></token><token id="599180" text="некоторым"><tfr rev_id="4341138" t="некоторым"><v><l id="183542" t="некоторый"><g v="ADJF"></g><g v="Apro"></g><g v="plur"></g><g v="datv"></g></l></v></tfr></token><token id="599181" text="данным"><tfr rev_id="4576990" t="данным"><v><l id="78302" t="данные"><g v="NOUN"></g><g v="inan"></g><g v="GNdr"></g><g v="Pltm"></g><g v="plur"></g><g v="datv"></g></l></v></tfr></token><token id="599182" text="подвыпившей"><tfr rev_id="2561035" t="подвыпившей"><v><l id="244774" t="подвыпивший"><g v="PRTF"></g><g v="perf"></g><g v="intr"></g><g v="past"></g><g v="actv"></g><g v="femn"></g><g v="sing"></g><g v="loct"></g></l></v></tfr></token><token id="599183" text=","><tfr rev_id="1432253" t=","><v><l id="0" t=","><g v="PNCT"></g></l></v></tfr></token><token id="599184" text="команде"><tfr rev_id="3446956" t="команде"><v><l id="136706" t="команда"><g v="NOUN"></g><g v="inan"></g><g v="femn"></g><g v="sing"></g><g v="loct"></g></l></v></tfr></token><token id="599185" text="присутствовала"><tfr rev_id="1432255" t="присутствовала"><v><l id="275036" t="присутствую"><g v="VERB"></g><g v="impf"></g><g v="intr"></g><g v="femn"></g><g v="sing"></g><g v="past"></g><g v="indc"></g></l></v></tfr></token><token id="599186" text="и"><tfr rev_id="1432256" t="и"><v><l id="116949" t="и"><g v="CONJ"></g></l></v><v><l id="116950" t="и"><g v="INTJ"></g></l></v></tfr></token><token id="599187" text="некая"><tfr rev_id="1432257" t="некая"><v><l id="183295" t="некий"><g v="ADJF"></g><g v="Apro"></g><g v="femn"></g><g v="sing"></g><g v="nomn"></g></l></v></tfr></token><token id="599188" text="женщина"><tfr rev_id="1432258" t="женщина"><v><l id="96749" t="женщина"><g v="NOUN"></g><g v="anim"></g><g v="femn"></g><g v="sing"></g><g v="nomn"></g></l></v></tfr></token><token id="599189" text=","><tfr rev_id="1432259" t=","><v><l id="0" t=","><g v="PNCT"></g></l></v></tfr></token><token id="599190" text="чьё"><tfr rev_id="4369898" t="чьё"><v><l id="374967" t="чей"><g v="ADJF"></g><g v="Apro"></g><g v="neut"></g><g v="sing"></g><g v="nomn"></g></l></v></tfr></token><token id="599191" text="имя"><tfr rev_id="3702344" t="имя"><v><l id="121947" t="имя"><g v="NOUN"></g><g v="inan"></g><g v="neut"></g><g v="sing"></g><g v="nomn"></g></l></v></tfr></token><token id="599192" text="сейчас"><tfr rev_id="1432262" t="сейчас"><v><l id="317975" t="сейчас"><g v="ADVB"></g></l></v></tfr></token><token id="599193" text="выясняется"><tfr rev_id="1432263" t="выясняется"><v><l id="64918" t="выясняюсь"><g v="VERB"></g><g v="impf"></g><g v="intr"></g><g v="sing"></g><g v="3per"></g><g v="pres"></g><g v="indc"></g></l></v></tfr></token><token id="599194" text="."><tfr rev_id="1432264" t="."><v><l id="0" t="."><g v="PNCT"></g></l></v></tfr></token></tokens></sentence></paragraph><paragraph id="10690"><sentence id="33450"><source>Есть основания подозревать, что это уже не первый труп в районе Голованевска.</source><tokens><token id="599195" text="Есть"><tfr rev_id="4395126" t="Есть"><v><l id="37265" t="есть"><g v="VERB"></g><g v="impf"></g><g v="intr"></g><g v="sing"></g><g v="3per"></g><g v="pres"></g><g v="indc"></g></l></v><v><l id="37265" t="есть"><g v="VERB"></g><g v="impf"></g><g v="intr"></g><g v="plur"></g><g v="3per"></g><g v="pres"></g><g v="indc"></g></l></v></tfr></token><token id="599196" text="основания"><tfr rev_id="3795051" t="основания"><v><l id="210575" t="основание"><g v="NOUN"></g><g v="inan"></g><g v="neut"></g><g v="plur"></g><g v="nomn"></g></l></v></tfr></token><token id="599197" text="подозревать"><tfr rev_id="1432267" t="подозревать"><v><l id="248454" t="подозревать"><g v="INFN"></g><g v="impf"></g><g v="tran"></g></l></v></tfr></token><token id="599198" text=","><tfr rev_id="1432268" t=","><v><l id="0" t=","><g v="PNCT"></g></l></v></tfr></token><token id="599199" text="что"><tfr rev_id="3196787" t="что"><v><l id="377004" t="что"><g v="CONJ"></g></l></v><v><l id="377005" t="что"><g v="NPRO"></g><g v="neut"></g><g v="sing"></g><g v="nomn"></g></l></v><v><l id="377005" t="что"><g v="NPRO"></g><g v="neut"></g><g v="sing"></g><g v="accs"></g></l></v><v><l id="377006" t="что"><g v="ADVB"></g><g v="Ques"></g></l></v><v><l id="388695" t="что"><g v="PRCL"></g></l></v></tfr></token><token id="599200" text="это"><tfr rev_id="4510168" t="это"><v><l id="386575" t="это"><g v="NPRO"></g><g v="neut"></g><g v="sing"></g><g v="nomn"></g></l></v><v><l id="386575" t="это"><g v="NPRO"></g><g v="neut"></g><g v="sing"></g><g v="accs"></g></l></v></tfr></token><token id="599201" text="уже"><tfr rev_id="2692708" t="уже"><v><l id="355422" t="уж"><g v="NOUN"></g><g v="anim"></g><g v="masc"></g><g v="sing"></g><g v="loct"></g></l></v><v><l id="355498" t="уже"><g v="ADVB"></g></l></v><v><l id="355674" t="уже"><g v="COMP"></g><g v="Qual"></g></l></v><v><l id="388673" t="уже"><g v="PRCL"></g></l></v></tfr></token><token id="599202" text="не"><tfr rev_id="1432272" t="не"><v><l id="178876" t="не"><g v="PRCL"></g></l></v></tfr></token><token id="599203" text="первый"><tfr rev_id="1432273" t="первый"><v><l id="226359" t="первый"><g v="ADJF"></g><g v="Anum"></g><g v="masc"></g><g v="sing"></g><g v="nomn"></g></l></v><v><l id="226359" t="первый"><g v="ADJF"></g><g v="Anum"></g><g v="inan"></g><g v="masc"></g><g v="sing"></g><g v="accs"></g></l></v></tfr></token><token id="599204" text="труп"><tfr rev_id="1432274" t="труп"><v><l id="350933" t="труп"><g v="NOUN"></g><g v="inan"></g><g v="masc"></g><g v="sing"></g><g v="nomn"></g></l></v><v><l id="350933" t="труп"><g v="NOUN"></g><g v="inan"></g><g v="masc"></g><g v="sing"></g><g v="accs"></g></l></v></tfr></token><token id="599205" text="в"><tfr rev_id="1432275" t="в"><v><l id="37409" t="в"><g v="PREP"></g></l></v></tfr></token><token id="599206" text="районе"><tfr rev_id="1432276" t="районе"><v><l id="297595" t="район"><g v="NOUN"></g><g v="inan"></g><g v="masc"></g><g v="sing"></g><g v="loct"></g></l></v></tfr></token><token id="599207" text="Голованевска"><tfr rev_id="1432277" t="Голованевска"><v><l id="0" t="голованевска"><g v="UNKN"></g></l></v></tfr></token><token id="599208" text="."><tfr rev_id="1432278" t="."><v><l id="0" t="."><g v="PNCT"></g></l></v></tfr></token></tokens></sentence><sentence id="33451"><source>Дело получило настолько широкую огласку, что в дополнение к происшествию с главой МВД Украины Юрием Луценко в немецком Франкфурте-на-Майне, грозит стать катастрофическим для имиджа Украины на международном уровне.</source><tokens><token id="599209" text="Дело"><tfr rev_id="1715546" t="Дело"><v><l id="80628" t="дело"><g v="NOUN"></g><g v="inan"></g><g v="neut"></g><g v="sing"></g><g v="nomn"></g></l></v><v><l id="80628" t="дело"><g v="NOUN"></g><g v="inan"></g><g v="neut"></g><g v="sing"></g><g v="accs"></g></l></v></tfr></token><token id="599210" text="получило"><tfr rev_id="1432280" t="получило"><v><l id="256959" t="получил"><g v="VERB"></g><g v="perf"></g><g v="tran"></g><g v="neut"></g><g v="sing"></g><g v="past"></g><g v="indc"></g></l></v></tfr></token><token id="599211" text="настолько"><tfr rev_id="1432281" t="настолько"><v><l id="176093" t="настолько"><g v="ADVB"></g><g v="Dmns"></g></l></v></tfr></token><token id="599212" text="широкую"><tfr rev_id="1432282" t="широкую"><v><l id="379815" t="широкий"><g v="ADJF"></g><g v="Qual"></g><g v="femn"></g><g v="sing"></g><g v="accs"></g></l></v></tfr></token><token id="599213" text="огласку"><tfr rev_id="1432283" t="огласку"><v><l id="202459" t="огласка"><g v="NOUN"></g><g v="inan"></g><g v="femn"></g><g v="sing"></g><g v="accs"></g></l></v></tfr></token><token id="599214" text=","><tfr rev_id="1432284" t=","><v><l id="0" t=","><g v="PNCT"></g></l></v></tfr></token><token id="599215" text="что"><tfr rev_id="3196788" t="что"><v><l id="377004" t="что"><g v="CONJ"></g></l></v><v><l id="377005" t="что"><g v="NPRO"></g><g v="neut"></g><g v="sing"></g><g v="nomn"></g></l></v><v><l id="377005" t="что"><g v="NPRO"></g><g v="neut"></g><g v="sing"></g><g v="accs"></g></l></v><v><l id="377006" t="что"><g v="ADVB"></g><g v="Ques"></g></l></v><v><l id="388695" t="что"><g v="PRCL"></g></l></v></tfr></token><token id="599216" text="в"><tfr rev_id="1432286" t="в"><v><l id="37409" t="в"><g v="PREP"></g></l></v></tfr></token><token id="599217" text="дополнение"><tfr rev_id="3715358" t="дополнение"><v><l id="89295" t="дополнение"><g v="NOUN"></g><g v="inan"></g><g v="neut"></g><g v="sing"></g><g v="accs"></g></l></v></tfr></token><token id="599218" text="к"><tfr rev_id="1432288" t="к"><v><l id="127460" t="к"><g v="PREP"></g></l></v></tfr></token><token id="599219" text="происшествию"><tfr rev_id="1432289" t="происшествию"><v><l id="280293" t="происшествие"><g v="NOUN"></g><g v="inan"></g><g v="neut"></g><g v="sing"></g><g v="datv"></g></l></v></tfr></token><token id="599220" text="с"><tfr rev_id="1432290" t="с"><v><l id="311151" t="с"><g v="PREP"></g></l></v></tfr></token><token id="599221" text="главой"><tfr rev_id="4525990" t="главой"><v><l id="70790" t="глава"><g v="NOUN"></g><g v="anim"></g><g v="ms-f"></g><g v="sing"></g><g v="ablt"></g></l></v></tfr></token><token id="599222" text="МВД"><tfr rev_id="3676458" t="МВД"><v><l id="156839" t="мвд"><g v="NOUN"></g><g v="inan"></g><g v="neut"></g><g v="Sgtm"></g><g v="Fixd"></g><g v="Abbr"></g><g v="Orgn"></g><g v="sing"></g><g v="gent"></g></l></v></tfr></token><token id="599223" text="Украины"><tfr rev_id="1432293" t="Украины"><v><l id="356365" t="украина"><g v="NOUN"></g><g v="inan"></g><g v="femn"></g><g v="Sgtm"></g><g v="Geox"></g><g v="sing"></g><g v="gent"></g></l></v></tfr></token><token id="599224" text="Юрием"><tfr rev_id="1432294" t="Юрием"><v><l id="387110" t="юрий"><g v="NOUN"></g><g v="anim"></g><g v="masc"></g><g v="Name"></g><g v="sing"></g><g v="ablt"></g></l></v></tfr></token><token id="599225" text="Луценко"><tfr rev_id="4496954" t="Луценко"><v><l id="389087" t="луценко"><g v="NOUN"></g><g v="anim"></g><g v="ms-f"></g><g v="Fixd"></g><g v="Surn"></g><g v="sing"></g><g v="nomn"></g></l></v><v><l id="389087" t="луценко"><g v="NOUN"></g><g v="anim"></g><g v="ms-f"></g><g v="Fixd"></g><g v="Surn"></g><g v="sing"></g><g v="gent"></g></l></v><v><l id="389087" t="луценко"><g v="NOUN"></g><g v="anim"></g><g v="ms-f"></g><g v="Fixd"></g><g v="Surn"></g><g v="sing"></g><g v="datv"></g></l></v><v><l id="389087" t="луценко"><g v="NOUN"></g><g v="anim"></g><g v="ms-f"></g><g v="Fixd"></g><g v="Surn"></g><g v="sing"></g><g v="accs"></g></l></v><v><l id="389087" t="луценко"><g v="NOUN"></g><g v="anim"></g><g v="ms-f"></g><g v="Fixd"></g><g v="Surn"></g><g v="sing"></g><g v="ablt"></g></l></v><v><l id="389087" t="луценко"><g v="NOUN"></g><g v="anim"></g><g v="ms-f"></g><g v="Fixd"></g><g v="Surn"></g><g v="sing"></g><g v="loct"></g></l></v></tfr></token><token id="599226" text="в"><tfr rev_id="1432296" t="в"><v><l id="37409" t="в"><g v="PREP"></g></l></v></tfr></token><token id="599227" text="немецком"><tfr rev_id="3472541" t="немецком"><v><l id="184078" t="немецкий"><g v="ADJF"></g><g v="masc"></g><g v="sing"></g><g v="loct"></g></l></v></tfr></token><token id="599228" text="Франкфурте-на-Майне"><tfr rev_id="4543105" t="Франкфурте-на-Майне"><v><l id="393452" t="франкфурт-на-майне"><g v="NOUN"></g><g v="inan"></g><g v="masc"></g><g v="Geox"></g><g v="sing"></g><g v="loct"></g></l></v></tfr></token><token id="599229" text=","><tfr rev_id="1432299" t=","><v><l id="0" t=","><g v="PNCT"></g></l></v></tfr></token><token id="599230" text="грозит"><tfr rev_id="1432300" t="грозит"><v><l id="75593" t="грожу"><g v="VERB"></g><g v="impf"></g><g v="intr"></g><g v="sing"></g><g v="3per"></g><g v="pres"></g><g v="indc"></g></l></v></tfr></token><token id="599231" text="стать"><tfr rev_id="1712932" t="стать"><v><l id="335165" t="стать"><g v="INFN"></g><g v="perf"></g><g v="intr"></g></l></v></tfr></token><token id="599232" text="катастрофическим"><tfr rev_id="4309620" t="катастрофическим"><v><l id="131284" t="катастрофический"><g v="ADJF"></g><g v="neut"></g><g v="sing"></g><g v="ablt"></g></l></v></tfr></token><token id="599233" text="для"><tfr rev_id="3453162" t="для"><v><l id="85032" t="для"><g v="PREP"></g></l></v></tfr></token><token id="599234" text="имиджа"><tfr rev_id="1432304" t="имиджа"><v><l id="121624" t="имидж"><g v="NOUN"></g><g v="inan"></g><g v="masc"></g><g v="sing"></g><g v="gent"></g></l></v></tfr></token><token id="599235" text="Украины"><tfr rev_id="1432305" t="Украины"><v><l id="356365" t="украина"><g v="NOUN"></g><g v="inan"></g><g v="femn"></g><g v="Sgtm"></g><g v="Geox"></g><g v="sing"></g><g v="gent"></g></l></v></tfr></token><token id="599236" text="на"><tfr rev_id="3343531" t="на"><v><l id="166264" t="на"><g v="PREP"></g></l></v></tfr></token><token id="599237" text="международном"><tfr rev_id="3549169" t="международном"><v><l id="157346" t="международный"><g v="ADJF"></g><g v="masc"></g><g v="sing"></g><g v="loct"></g></l></v></tfr></token><token id="599238" text="уровне"><tfr rev_id="1432308" t="уровне"><v><l id="359953" t="уровень"><g v="NOUN"></g><g v="inan"></g><g v="masc"></g><g v="sing"></g><g v="loct"></g></l></v></tfr></token><token id="599239" text="."><tfr rev_id="1432309" t="."><v><l id="0" t="."><g v="PNCT"></g></l></v></tfr></token></tokens></sentence></paragraph><paragraph id="10691"><sentence id="33452"><source>Первое время следствие было введено в заблуждение тем, что к трупу убитого были подброшены пистолеты.</source><tokens><token id="599240" text="Первое"><tfr rev_id="4176077" t="Первое"><v><l id="226359" t="первый"><g v="ADJF"></g><g v="Anum"></g><g v="neut"></g><g v="sing"></g><g v="nomn"></g></l></v><v><l id="226359" t="первый"><g v="ADJF"></g><g v="Anum"></g><g v="neut"></g><g v="sing"></g><g v="accs"></g></l></v></tfr></token><token id="599241" text="время"><tfr rev_id="1432311" t="время"><v><l id="53149" t="время"><g v="NOUN"></g><g v="inan"></g><g v="neut"></g><g v="sing"></g><g v="nomn"></g></l></v><v><l id="53149" t="время"><g v="NOUN"></g><g v="inan"></g><g v="neut"></g><g v="sing"></g><g v="accs"></g></l></v></tfr></token><token id="599242" text="следствие"><tfr rev_id="4098716" t="следствие"><v><l id="324765" t="следствие"><g v="NOUN"></g><g v="inan"></g><g v="neut"></g><g v="sing"></g><g v="nomn"></g></l></v></tfr></token><token id="599243" text="было"><tfr rev_id="3124520" t="было"><v><l id="37265" t="есть"><g v="VERB"></g><g v="impf"></g><g v="intr"></g><g v="neut"></g><g v="sing"></g><g v="past"></g><g v="indc"></g></l></v></tfr></token><token id="599244" text="введено"><tfr rev_id="1432314" t="введено"><v><l id="39719" t="введён"><g v="PRTS"></g><g v="perf"></g><g v="past"></g><g v="pssv"></g><g v="neut"></g><g v="sing"></g></l></v></tfr></token><token id="599245" text="в"><tfr rev_id="1432315" t="в"><v><l id="37409" t="в"><g v="PREP"></g></l></v></tfr></token><token id="599246" text="заблуждение"><tfr rev_id="4102842" t="заблуждение"><v><l id="98669" t="заблуждение"><g v="NOUN"></g><g v="inan"></g><g v="neut"></g><g v="sing"></g><g v="accs"></g></l></v></tfr></token><token id="599247" text="тем"><tfr rev_id="4502953" t="тем"><v><l id="348430" t="тот"><g v="ADJF"></g><g v="Subx"></g><g v="Apro"></g><g v="Anph"></g><g v="masc"></g><g v="sing"></g><g v="ablt"></g></l></v><v><l id="348430" t="тот"><g v="ADJF"></g><g v="Subx"></g><g v="Apro"></g><g v="Anph"></g><g v="neut"></g><g v="sing"></g><g v="ablt"></g></l></v></tfr></token><token id="599248" text=","><tfr rev_id="1432318" t=","><v><l id="0" t=","><g v="PNCT"></g></l></v></tfr></token><token id="599249" text="что"><tfr rev_id="3196789" t="что"><v><l id="377004" t="что"><g v="CONJ"></g></l></v><v><l id="377005" t="что"><g v="NPRO"></g><g v="neut"></g><g v="sing"></g><g v="nomn"></g></l></v><v><l id="377005" t="что"><g v="NPRO"></g><g v="neut"></g><g v="sing"></g><g v="accs"></g></l></v><v><l id="377006" t="что"><g v="ADVB"></g><g v="Ques"></g></l></v><v><l id="388695" t="что"><g v="PRCL"></g></l></v></tfr></token><token id="599250" text="к"><tfr rev_id="1432320" t="к"><v><l id="127460" t="к"><g v="PREP"></g></l></v></tfr></token><token id="599251" text="трупу"><tfr rev_id="1432321" t="трупу"><v><l id="350933" t="труп"><g v="NOUN"></g><g v="inan"></g><g v="masc"></g><g v="sing"></g><g v="datv"></g></l></v></tfr></token><token id="599252" text="убитого"><tfr rev_id="4319925" t="убитого"><v><l id="353017" t="убитый"><g v="ADJF"></g><g v="Qual"></g><g v="masc"></g><g v="sing"></g><g v="gent"></g></l></v><v><l id="353017" t="убитый"><g v="ADJF"></g><g v="Qual"></g><g v="anim"></g><g v="masc"></g><g v="sing"></g><g v="accs"></g></l></v><v><l id="353017" t="убитый"><g v="ADJF"></g><g v="Qual"></g><g v="neut"></g><g v="sing"></g><g v="gent"></g></l></v><v><l id="353023" t="убитый"><g v="PRTF"></g><g v="Subx"></g><g v="perf"></g><g v="tran"></g><g v="past"></g><g v="pssv"></g><g v="masc"></g><g v="sing"></g><g v="gent"></g></l></v><v><l id="353023" t="убитый"><g v="PRTF"></g><g v="Subx"></g><g v="perf"></g><g v="tran"></g><g v="past"></g><g v="pssv"></g><g v="anim"></g><g v="masc"></g><g v="sing"></g><g v="accs"></g></l></v><v><l id="353023" t="убитый"><g v="PRTF"></g><g v="Subx"></g><g v="perf"></g><g v="tran"></g><g v="past"></g><g v="pssv"></g><g v="neut"></g><g v="sing"></g><g v="gent"></g></l></v></tfr></token><token id="599253" text="были"><tfr rev_id="1714715" t="были"><v><l id="37265" t="есть"><g v="VERB"></g><g v="impf"></g><g v="intr"></g><g v="plur"></g><g v="past"></g><g v="indc"></g></l></v></tfr></token><token id="599254" text="подброшены"><tfr rev_id="1432324" t="подброшены"><v><l id="244176" t="подброшен"><g v="PRTS"></g><g v="perf"></g><g v="past"></g><g v="pssv"></g><g v="plur"></g></l></v></tfr></token><token id="599255" text="пистолеты"><tfr rev_id="3727618" t="пистолеты"><v><l id="239152" t="пистолет"><g v="NOUN"></g><g v="inan"></g><g v="masc"></g><g v="plur"></g><g v="nomn"></g></l></v></tfr></token><token id="599256" text="."><tfr rev_id="1432326" t="."><v><l id="0" t="."><g v="PNCT"></g></l></v></tfr></token></tokens></sentence><sentence id="33453"><source>Но когда делом вплотную занялся президент Украины Виктор Ющенко, то народным депутатам не оставалось ничего другого, как лишить Лозинского депутатского мандата, то есть статуса неприкосновенности.</source><tokens><token id="599257" text="Но"><tfr rev_id="1432327" t="Но"><v><l id="191429" t="но"><g v="CONJ"></g></l></v><v><l id="191430" t="но"><g v="INTJ"></g></l></v></tfr></token><token id="599258" text="когда"><tfr rev_id="1432328" t="когда"><v><l id="135239" t="когда"><g v="CONJ"></g></l></v><v><l id="135240" t="когда"><g v="ADVB"></g><g v="Ques"></g></l></v></tfr></token><token id="599259" text="делом"><tfr rev_id="1432329" t="делом"><v><l id="80628" t="дело"><g v="NOUN"></g><g v="inan"></g><g v="neut"></g><g v="sing"></g><g v="ablt"></g></l></v></tfr></token><token id="599260" text="вплотную"><tfr rev_id="1432330" t="вплотную"><v><l id="52622" t="вплотную"><g v="ADVB"></g></l></v></tfr></token><token id="599261" text="занялся"><tfr rev_id="1432331" t="занялся"><v><l id="106590" t="занялся"><g v="VERB"></g><g v="perf"></g><g v="intr"></g><g v="masc"></g><g v="sing"></g><g v="past"></g><g v="indc"></g></l></v></tfr></token><token id="599262" text="президент"><tfr rev_id="1432332" t="президент"><v><l id="267449" t="президент"><g v="NOUN"></g><g v="anim"></g><g v="masc"></g><g v="sing"></g><g v="nomn"></g></l></v></tfr></token><token id="599263" text="Украины"><tfr rev_id="1432333" t="Украины"><v><l id="356365" t="украина"><g v="NOUN"></g><g v="inan"></g><g v="femn"></g><g v="Sgtm"></g><g v="Geox"></g><g v="sing"></g><g v="gent"></g></l></v></tfr></token><token id="599264" text="Виктор"><tfr rev_id="1432334" t="Виктор"><v><l id="44808" t="виктор"><g v="NOUN"></g><g v="anim"></g><g v="masc"></g><g v="Name"></g><g v="sing"></g><g v="nomn"></g></l></v></tfr></token><token id="599265" text="Ющенко"><tfr rev_id="4327189" t="Ющенко"><v><l id="387315" t="ющенко"><g v="NOUN"></g><g v="anim"></g><g v="ms-f"></g><g v="Fixd"></g><g v="Surn"></g><g v="sing"></g><g v="nomn"></g></l></v></tfr></token><token id="599266" text=","><tfr rev_id="1432336" t=","><v><l id="0" t=","><g v="PNCT"></g></l></v></tfr></token><token id="599267" text="то"><tfr rev_id="3777515" t="то"><v><l id="346835" t="то"><g v="CONJ"></g></l></v><v><l id="346836" t="то"><g v="PRCL"></g></l></v><v><l id="348430" t="тот"><g v="ADJF"></g><g v="Subx"></g><g v="Apro"></g><g v="Anph"></g><g v="neut"></g><g v="sing"></g><g v="nomn"></g></l></v><v><l id="348430" t="тот"><g v="ADJF"></g><g v="Subx"></g><g v="Apro"></g><g v="Anph"></g><g v="neut"></g><g v="sing"></g><g v="accs"></g></l></v></tfr></token><token id="599268" text="народным"><tfr rev_id="3470436" t="народным"><v><l id="174724" t="народный"><g v="ADJF"></g><g v="Qual"></g><g v="plur"></g><g v="datv"></g></l></v></tfr></token><token id="599269" text="депутатам"><tfr rev_id="1432339" t="депутатам"><v><l id="81561" t="депутат"><g v="NOUN"></g><g v="anim"></g><g v="masc"></g><g v="plur"></g><g v="datv"></g></l></v></tfr></token><token id="599270" text="не"><tfr rev_id="1432340" t="не"><v><l id="178876" t="не"><g v="PRCL"></g></l></v></tfr></token><token id="599271" text="оставалось"><tfr rev_id="1432341" t="оставалось"><v><l id="210812" t="остаюсь"><g v="VERB"></g><g v="impf"></g><g v="intr"></g><g v="neut"></g><g v="sing"></g><g v="past"></g><g v="indc"></g></l></v></tfr></token><token id="599272" text="ничего"><tfr rev_id="4465644" t="ничего"><v><l id="191376" t="ничего"><g v="ADVB"></g></l></v><v><l id="191377" t="ничего"><g v="PRCL"></g></l></v><v><l id="191386" t="ничто"><g v="NPRO"></g><g v="neut"></g><g v="sing"></g><g v="gent"></g></l></v><v><l id="390659" t="ничего"><g v="NPRO"></g><g v="neut"></g><g v="sing"></g><g v="nomn"></g></l></v></tfr></token><token id="599273" text="другого"><tfr rev_id="4103481" t="другого"><v><l id="92342" t="другой"><g v="ADJF"></g><g v="Apro"></g><g v="Subx"></g><g v="neut"></g><g v="sing"></g><g v="gent"></g></l></v></tfr></token><token id="599274" text=","><tfr rev_id="1432344" t=","><v><l id="0" t=","><g v="PNCT"></g></l></v></tfr></token><token id="599275" text="как"><tfr rev_id="1432345" t="как"><v><l id="128190" t="как"><g v="CONJ"></g></l></v><v><l id="128191" t="как"><g v="PRCL"></g></l></v><v><l id="128192" t="как"><g v="ADVB"></g><g v="Ques"></g></l></v></tfr></token><token id="599276" text="лишить"><tfr rev_id="1432346" t="лишить"><v><l id="150247" t="лишить"><g v="INFN"></g><g v="perf"></g><g v="tran"></g></l></v></tfr></token><token id="599277" text="Лозинского"><tfr rev_id="3721625" t="Лозинского"><v><l id="150585" t="лозинский"><g v="NOUN"></g><g v="anim"></g><g v="masc"></g><g v="Sgtm"></g><g v="Surn"></g><g v="sing"></g><g v="accs"></g></l></v></tfr></token><token id="599278" text="депутатского"><tfr rev_id="3448710" t="депутатского"><v><l id="81563" t="депутатский"><g v="ADJF"></g><g v="masc"></g><g v="sing"></g><g v="gent"></g></l></v><v><l id="81563" t="депутатский"><g v="ADJF"></g><g v="anim"></g><g v="masc"></g><g v="sing"></g><g v="accs"></g></l></v></tfr></token><token id="599279" text="мандата"><tfr rev_id="1432349" t="мандата"><v><l id="154630" t="мандат"><g v="NOUN"></g><g v="inan"></g><g v="masc"></g><g v="sing"></g><g v="gent"></g></l></v></tfr></token><token id="599280" text=","><tfr rev_id="1432350" t=","><v><l id="0" t=","><g v="PNCT"></g></l></v></tfr></token><token id="599281" text="то"><tfr rev_id="3777516" t="то"><v><l id="346835" t="то"><g v="CONJ"></g></l></v><v><l id="346836" t="то"><g v="PRCL"></g></l></v><v><l id="348430" t="тот"><g v="ADJF"></g><g v="Subx"></g><g v="Apro"></g><g v="Anph"></g><g v="neut"></g><g v="sing"></g><g v="nomn"></g></l></v><v><l id="348430" t="тот"><g v="ADJF"></g><g v="Subx"></g><g v="Apro"></g><g v="Anph"></g><g v="neut"></g><g v="sing"></g><g v="accs"></g></l></v></tfr></token><token id="599282" text="есть"><tfr rev_id="4394485" t="есть"><v><l id="37265" t="есть"><g v="VERB"></g><g v="impf"></g><g v="intr"></g><g v="sing"></g><g v="3per"></g><g v="pres"></g><g v="indc"></g></l></v><v><l id="37265" t="есть"><g v="VERB"></g><g v="impf"></g><g v="intr"></g><g v="plur"></g><g v="3per"></g><g v="pres"></g><g v="indc"></g></l></v></tfr></token><token id="599283" text="статуса"><tfr rev_id="1432353" t="статуса"><v><l id="335151" t="статус"><g v="NOUN"></g><g v="inan"></g><g v="masc"></g><g v="sing"></g><g v="gent"></g></l></v></tfr></token><token id="599284" text="неприкосновенности"><tfr rev_id="4178085" t="неприкосновенности"><v><l id="186625" t="неприкосновенность"><g v="NOUN"></g><g v="inan"></g><g v="femn"></g><g v="sing"></g><g v="gent"></g></l></v></tfr></token><token id="599285" text="."><tfr rev_id="1432355" t="."><v><l id="0" t="."><g v="PNCT"></g></l></v></tfr></token></tokens></sentence></paragraph><paragraph id="10692"><sentence id="33454"><source>И тут выяснилось, что бывший нардеп исчез в неизвестном напрвлении.</source><tokens><token id="599286" text="И"><tfr rev_id="3825482" t="И"><v><l id="116949" t="и"><g v="CONJ"></g></l></v></tfr></token><token id="599287" text="тут"><tfr rev_id="4264713" t="тут"><v><l id="351923" t="тут"><g v="ADVB"></g><g v="Dmns"></g></l></v></tfr></token><token id="599288" text="выяснилось"><tfr rev_id="1432358" t="выяснилось"><v><l id="64907" t="выяснился"><g v="VERB"></g><g v="perf"></g><g v="intr"></g><g v="neut"></g><g v="sing"></g><g v="past"></g><g v="indc"></g></l></v></tfr></token><token id="599289" text=","><tfr rev_id="1432359" t=","><v><l id="0" t=","><g v="PNCT"></g></l></v></tfr></token><token id="599290" text="что"><tfr rev_id="3196790" t="что"><v><l id="377004" t="что"><g v="CONJ"></g></l></v><v><l id="377005" t="что"><g v="NPRO"></g><g v="neut"></g><g v="sing"></g><g v="nomn"></g></l></v><v><l id="377005" t="что"><g v="NPRO"></g><g v="neut"></g><g v="sing"></g><g v="accs"></g></l></v><v><l id="377006" t="что"><g v="ADVB"></g><g v="Ques"></g></l></v><v><l id="388695" t="что"><g v="PRCL"></g></l></v></tfr></token><token id="599291" text="бывший"><tfr rev_id="1432361" t="бывший"><v><l id="37002" t="бывший"><g v="ADJF"></g><g v="masc"></g><g v="sing"></g><g v="nomn"></g></l></v><v><l id="37002" t="бывший"><g v="ADJF"></g><g v="inan"></g><g v="masc"></g><g v="sing"></g><g v="accs"></g></l></v><v><l id="37267" t="бывший"><g v="PRTF"></g><g v="impf"></g><g v="intr"></g><g v="past"></g><g v="actv"></g><g v="masc"></g><g v="sing"></g><g v="nomn"></g></l></v><v><l id="37267" t="бывший"><g v="PRTF"></g><g v="impf"></g><g v="intr"></g><g v="past"></g><g v="actv"></g><g v="inan"></g><g v="masc"></g><g v="sing"></g><g v="accs"></g></l></v></tfr></token><token id="599292" text="нардеп"><tfr rev_id="4540186" t="нардеп"><v><l id="392193" t="нардеп"><g v="NOUN"></g><g v="anim"></g><g v="masc"></g><g v="sing"></g><g v="nomn"></g></l></v></tfr></token><token id="599293" text="исчез"><tfr rev_id="1432363" t="исчез"><v><l id="126888" t="исчез"><g v="VERB"></g><g v="perf"></g><g v="intr"></g><g v="masc"></g><g v="sing"></g><g v="past"></g><g v="indc"></g></l></v></tfr></token><token id="599294" text="в"><tfr rev_id="1432364" t="в"><v><l id="37409" t="в"><g v="PREP"></g></l></v></tfr></token><token id="599295" text="неизвестном"><tfr rev_id="2585493" t="неизвестном"><v><l id="182657" t="неизвестный"><g v="ADJF"></g><g v="Qual"></g><g v="neut"></g><g v="sing"></g><g v="loct"></g></l></v></tfr></token><token id="599296" text="напрвлении"><tfr rev_id="1432366" t="напрвлении"><v><l id="0" t="напрвлении"><g v="UNKN"></g></l></v></tfr></token><token id="599297" text="."><tfr rev_id="1432367" t="."><v><l id="0" t="."><g v="PNCT"></g></l></v></tfr></token></tokens></sentence><sentence id="33455"><source>Генеральная прокуратура ведёт активные поиски, но они не приносят результатов и уже обнародовано мнение, что Лозинский выехал за пределы Украины и вернуть его назад будет непросто, если не невозможно.</source><tokens><token id="599298" text="Генеральная"><tfr rev_id="1432368" t="Генеральная"><v><l id="68532" t="генеральный"><g v="ADJF"></g><g v="femn"></g><g v="sing"></g><g v="nomn"></g></l></v></tfr></token><token id="599299" text="прокуратура"><tfr rev_id="1432369" t="прокуратура"><v><l id="281246" t="прокуратура"><g v="NOUN"></g><g v="inan"></g><g v="femn"></g><g v="sing"></g><g v="nomn"></g></l></v></tfr></token><token id="599300" text="ведёт"><tfr rev_id="1432370" t="ведёт"><v><l id="42110" t="веду"><g v="VERB"></g><g v="impf"></g><g v="tran"></g><g v="sing"></g><g v="3per"></g><g v="pres"></g><g v="indc"></g></l></v></tfr></token><token id="599301" text="активные"><tfr rev_id="3751970" t="активные"><v><l id="7665" t="активный"><g v="ADJF"></g><g v="Qual"></g><g v="inan"></g><g v="plur"></g><g v="accs"></g></l></v></tfr></token><token id="599302" text="поиски"><tfr rev_id="3409768" t="поиски"><v><l id="253880" t="поиск"><g v="NOUN"></g><g v="inan"></g><g v="masc"></g><g v="plur"></g><g v="accs"></g></l></v></tfr></token><token id="599303" text=","><tfr rev_id="1432373" t=","><v><l id="0" t=","><g v="PNCT"></g></l></v></tfr></token><token id="599304" text="но"><tfr rev_id="1432374" t="но"><v><l id="191429" t="но"><g v="CONJ"></g></l></v><v><l id="191430" t="но"><g v="INTJ"></g></l></v></tfr></token><token id="599305" text="они"><tfr rev_id="3599367" t="они"><v><l id="206619" t="они"><g v="NPRO"></g><g v="3per"></g><g v="Anph"></g><g v="plur"></g><g v="nomn"></g></l></v></tfr></token><token id="599306" text="не"><tfr rev_id="1432376" t="не"><v><l id="178876" t="не"><g v="PRCL"></g></l></v></tfr></token><token id="599307" text="приносят"><tfr rev_id="1432377" t="приносят"><v><l id="272630" t="приношу"><g v="VERB"></g><g v="impf"></g><g v="tran"></g><g v="plur"></g><g v="3per"></g><g v="pres"></g><g v="indc"></g></l></v></tfr></token><token id="599308" text="результатов"><tfr rev_id="1432378" t="результатов"><v><l id="305391" t="результат"><g v="NOUN"></g><g v="inan"></g><g v="masc"></g><g v="plur"></g><g v="gent"></g></l></v></tfr></token><token id="599309" text="и"><tfr rev_id="1432379" t="и"><v><l id="116949" t="и"><g v="CONJ"></g></l></v><v><l id="116950" t="и"><g v="INTJ"></g></l></v></tfr></token><token id="599310" text="уже"><tfr rev_id="2692709" t="уже"><v><l id="355422" t="уж"><g v="NOUN"></g><g v="anim"></g><g v="masc"></g><g v="sing"></g><g v="loct"></g></l></v><v><l id="355498" t="уже"><g v="ADVB"></g></l></v><v><l id="355674" t="уже"><g v="COMP"></g><g v="Qual"></g></l></v><v><l id="388673" t="уже"><g v="PRCL"></g></l></v></tfr></token><token id="599311" text="обнародовано"><tfr rev_id="1432381" t="обнародовано"><v><l id="197757" t="обнародован"><g v="PRTS"></g><g v="perf"></g><g v="past"></g><g v="pssv"></g><g v="neut"></g><g v="sing"></g></l></v></tfr></token><token id="599312" text="мнение"><tfr rev_id="4102951" t="мнение"><v><l id="161395" t="мнение"><g v="NOUN"></g><g v="inan"></g><g v="neut"></g><g v="sing"></g><g v="nomn"></g></l></v></tfr></token><token id="599313" text=","><tfr rev_id="1432383" t=","><v><l id="0" t=","><g v="PNCT"></g></l></v></tfr></token><token id="599314" text="что"><tfr rev_id="3196791" t="что"><v><l id="377004" t="что"><g v="CONJ"></g></l></v><v><l id="377005" t="что"><g v="NPRO"></g><g v="neut"></g><g v="sing"></g><g v="nomn"></g></l></v><v><l id="377005" t="что"><g v="NPRO"></g><g v="neut"></g><g v="sing"></g><g v="accs"></g></l></v><v><l id="377006" t="что"><g v="ADVB"></g><g v="Ques"></g></l></v><v><l id="388695" t="что"><g v="PRCL"></g></l></v></tfr></token><token id="599315" text="Лозинский"><tfr rev_id="1432385" t="Лозинский"><v><l id="150585" t="лозинский"><g v="NOUN"></g><g v="anim"></g><g v="masc"></g><g v="Sgtm"></g><g v="Surn"></g><g v="sing"></g><g v="nomn"></g></l></v></tfr></token><token id="599316" text="выехал"><tfr rev_id="1432386" t="выехал"><v><l id="57335" t="выехал"><g v="VERB"></g><g v="perf"></g><g v="intr"></g><g v="masc"></g><g v="sing"></g><g v="past"></g><g v="indc"></g></l></v></tfr></token><token id="599317" text="за"><tfr rev_id="1432387" t="за"><v><l id="98043" t="за"><g v="PREP"></g></l></v></tfr></token><token id="599318" text="пределы"><tfr rev_id="3752207" t="пределы"><v><l id="266447" t="предел"><g v="NOUN"></g><g v="inan"></g><g v="masc"></g><g v="plur"></g><g v="accs"></g></l></v></tfr></token><token id="599319" text="Украины"><tfr rev_id="1432389" t="Украины"><v><l id="356365" t="украина"><g v="NOUN"></g><g v="inan"></g><g v="femn"></g><g v="Sgtm"></g><g v="Geox"></g><g v="sing"></g><g v="gent"></g></l></v></tfr></token><token id="599320" text="и"><tfr rev_id="3533075" t="и"><v><l id="116949" t="и"><g v="CONJ"></g></l></v></tfr></token><token id="599321" text="вернуть"><tfr rev_id="1432391" t="вернуть"><v><l id="41480" t="вернуть"><g v="INFN"></g><g v="perf"></g><g v="tran"></g></l></v></tfr></token><token id="599322" text="его"><tfr rev_id="4531410" t="его"><v><l id="206541" t="он"><g v="NPRO"></g><g v="masc"></g><g v="3per"></g><g v="Anph"></g><g v="sing"></g><g v="gent"></g></l></v><v><l id="206541" t="он"><g v="NPRO"></g><g v="masc"></g><g v="3per"></g><g v="Anph"></g><g v="sing"></g><g v="accs"></g></l></v><v><l id="206649" t="оно"><g v="NPRO"></g><g v="neut"></g><g v="3per"></g><g v="Anph"></g><g v="sing"></g><g v="gent"></g></l></v><v><l id="206649" t="оно"><g v="NPRO"></g><g v="neut"></g><g v="3per"></g><g v="Anph"></g><g v="sing"></g><g v="accs"></g></l></v></tfr></token><token id="599323" text="назад"><tfr rev_id="1432393" t="назад"><v><l id="170252" t="назад"><g v="ADVB"></g></l></v></tfr></token><token id="599324" text="будет"><tfr rev_id="1432394" t="будет"><v><l id="37265" t="есть"><g v="VERB"></g><g v="impf"></g><g v="intr"></g><g v="sing"></g><g v="3per"></g><g v="futr"></g><g v="indc"></g></l></v></tfr></token><token id="599325" text="непросто"><tfr rev_id="1432395" t="непросто"><v><l id="186950" t="непросто"><g v="ADVB"></g></l></v><v><l id="186954" t="непрост"><g v="ADJS"></g><g v="neut"></g><g v="sing"></g></l></v></tfr></token><token id="599326" text=","><tfr rev_id="1432396" t=","><v><l id="0" t=","><g v="PNCT"></g></l></v></tfr></token><token id="599327" text="если"><tfr rev_id="1432397" t="если"><v><l id="95365" t="если"><g v="CONJ"></g></l></v></tfr></token><token id="599328" text="не"><tfr rev_id="1432398" t="не"><v><l id="178876" t="не"><g v="PRCL"></g></l></v></tfr></token><token id="599329" text="невозможно"><tfr rev_id="3880899" t="невозможно"><v><l id="179947" t="невозможно"><g v="ADVB"></g><g v="Prdx"></g></l></v></tfr></token><token id="599330" text="."><tfr rev_id="1432400" t="."><v><l id="0" t="."><g v="PNCT"></g></l></v></tfr></token></tokens></sentence></paragraph><paragraph id="10693"><sentence id="33456"><source>В условиях неофициально начавшейся избирательной президентской гонки, этот инцидент каждая политическая сила на Украине спешит использовать с максимальной выгодой.</source><tokens><token id="599331" text="В"><tfr rev_id="1432401" t="В"><v><l id="37409" t="в"><g v="PREP"></g></l></v></tfr></token><token id="599332" text="условиях"><tfr rev_id="1432402" t="условиях"><v><l id="360556" t="условие"><g v="NOUN"></g><g v="inan"></g><g v="neut"></g><g v="plur"></g><g v="loct"></g></l></v></tfr></token><token id="599333" text="неофициально"><tfr rev_id="3526393" t="неофициально"><v><l id="185484" t="неофициально"><g v="ADVB"></g></l></v></tfr></token><token id="599334" text="начавшейся"><tfr rev_id="3445780" t="начавшейся"><v><l id="178232" t="начавшийся"><g v="PRTF"></g><g v="perf"></g><g v="intr"></g><g v="past"></g><g v="actv"></g><g v="femn"></g><g v="sing"></g><g v="gent"></g></l></v></tfr></token><token id="599335" text="избирательной"><tfr rev_id="4095047" t="избирательной"><v><l id="117814" t="избирательный"><g v="ADJF"></g><g v="Qual"></g><g v="femn"></g><g v="sing"></g><g v="gent"></g></l></v></tfr></token><token id="599336" text="президентской"><tfr rev_id="1432406" t="президентской"><v><l id="267451" t="президентский"><g v="ADJF"></g><g v="femn"></g><g v="sing"></g><g v="gent"></g></l></v><v><l id="267451" t="президентский"><g v="ADJF"></g><g v="femn"></g><g v="sing"></g><g v="datv"></g></l></v><v><l id="267451" t="президентский"><g v="ADJF"></g><g v="femn"></g><g v="sing"></g><g v="ablt"></g></l></v><v><l id="267451" t="президентский"><g v="ADJF"></g><g v="femn"></g><g v="sing"></g><g v="loct"></g></l></v></tfr></token><token id="599337" text="гонки"><tfr rev_id="4203686" t="гонки"><v><l id="72927" t="гонка"><g v="NOUN"></g><g v="inan"></g><g v="femn"></g><g v="sing"></g><g v="gent"></g></l></v></tfr></token><token id="599338" text=","><tfr rev_id="1432408" t=","><v><l id="0" t=","><g v="PNCT"></g></l></v></tfr></token><token id="599339" text="этот"><tfr rev_id="4432080" t="этот"><v><l id="386581" t="этот"><g v="ADJF"></g><g v="Subx"></g><g v="Apro"></g><g v="Anph"></g><g v="masc"></g><g v="sing"></g><g v="nomn"></g></l></v><v><l id="386581" t="этот"><g v="ADJF"></g><g v="Subx"></g><g v="Apro"></g><g v="Anph"></g><g v="inan"></g><g v="masc"></g><g v="sing"></g><g v="accs"></g></l></v></tfr></token><token id="599340" text="инцидент"><tfr rev_id="3282358" t="инцидент"><v><l id="123629" t="инцидент"><g v="NOUN"></g><g v="inan"></g><g v="masc"></g><g v="sing"></g><g v="accs"></g></l></v></tfr></token><token id="599341" text="каждая"><tfr rev_id="4430335" t="каждая"><v><l id="127875" t="каждый"><g v="ADJF"></g><g v="Subx"></g><g v="Apro"></g><g v="femn"></g><g v="sing"></g><g v="nomn"></g></l></v></tfr></token><token id="599342" text="политическая"><tfr rev_id="1432412" t="политическая"><v><l id="255870" t="политический"><g v="ADJF"></g><g v="femn"></g><g v="sing"></g><g v="nomn"></g></l></v></tfr></token><token id="599343" text="сила"><tfr rev_id="3714781" t="сила"><v><l id="320333" t="сила"><g v="NOUN"></g><g v="inan"></g><g v="femn"></g><g v="sing"></g><g v="nomn"></g></l></v></tfr></token><token id="599344" text="на"><tfr rev_id="3343403" t="на"><v><l id="166264" t="на"><g v="PREP"></g></l></v></tfr></token><token id="599345" text="Украине"><tfr rev_id="3447465" t="Украине"><v><l id="356365" t="украина"><g v="NOUN"></g><g v="inan"></g><g v="femn"></g><g v="Sgtm"></g><g v="Geox"></g><g v="sing"></g><g v="loct"></g></l></v></tfr></token><token id="599346" text="спешит"><tfr rev_id="1432416" t="спешит"><v><l id="332065" t="спешу"><g v="VERB"></g><g v="impf"></g><g v="intr"></g><g v="sing"></g><g v="3per"></g><g v="pres"></g><g v="indc"></g></l></v><v><l id="332070" t="спешил"><g v="VERB"></g><g v="perf"></g><g v="tran"></g><g v="sing"></g><g v="3per"></g><g v="futr"></g><g v="indc"></g></l></v></tfr></token><token id="599347" text="использовать"><tfr rev_id="1432417" t="использовать"><v><l id="125420" t="использовать"><g v="INFN"></g><g v="perf"></g><g v="tran"></g></l></v><v><l id="125421" t="использовать"><g v="INFN"></g><g v="impf"></g><g v="tran"></g></l></v></tfr></token><token id="599348" text="с"><tfr rev_id="1432418" t="с"><v><l id="311151" t="с"><g v="PREP"></g></l></v></tfr></token><token id="599349" text="максимальной"><tfr rev_id="4167603" t="максимальной"><v><l id="153541" t="максимальный"><g v="ADJF"></g><g v="femn"></g><g v="sing"></g><g v="ablt"></g></l></v></tfr></token><token id="599350" text="выгодой"><tfr rev_id="1432420" t="выгодой"><v><l id="56669" t="выгода"><g v="NOUN"></g><g v="inan"></g><g v="femn"></g><g v="sing"></g><g v="ablt"></g></l></v></tfr></token><token id="599351" text="."><tfr rev_id="1432421" t="."><v><l id="0" t="."><g v="PNCT"></g></l></v></tfr></token></tokens></sentence></paragraph></paragraphs></text>