<?xml version="1.0" encoding="utf-8"?><text id="1118" parent="56" name="Через три года в Арктике может не остаться многолетнего льда"><tags><tag>Автор:http://ru.wikinews.org/wiki/Участник:Velopilger</tag><tag>Дата:11/07</tag><tag>Тема:ВикиКатегория:Глобальное потепление</tag><tag>Тема:ВикиКатегория:Гляциология</tag><tag>Год:2009</tag><tag>Тема:ВикиКатегория:Климат</tag><tag>Тема:ВикиКатегория:Наука и технологии</tag><tag>Гео:ВикиКатегория:Арктика</tag><tag>Тема:ВикиКатегория:Полюса</tag><tag>url:http://ru.wikinews.org/w/index.php?title=Через_три_года_в_Арктике_может_не_остаться_многолетнего_льда&amp;oldid=78721</tag></tags><paragraphs><paragraph id="10708"><sentence id="33507"><source>Ещё несколько лет назад учёные утверждали, что несмотря на процесс глобального потепления, льды в Арктике могут растаять не ранее 2050 года.</source><tokens><token id="600521" text="Ещё"><tfr rev_id="1433591" t="Ещё"><v><l id="95551" t="ещё"><g v="PRCL"></g></l></v><v><l id="95552" t="ещё"><g v="ADVB"></g></l></v></tfr></token><token id="600522" text="несколько"><tfr rev_id="4084542" t="несколько"><v><l id="188126" t="несколько"><g v="NUMR"></g><g v="nomn"></g></l></v><v><l id="188126" t="несколько"><g v="NUMR"></g><g v="inan"></g><g v="accs"></g></l></v></tfr></token><token id="600523" text="лет"><tfr rev_id="3463744" t="лет"><v><l id="72149" t="год"><g v="NOUN"></g><g v="inan"></g><g v="masc"></g><g v="plur"></g><g v="gent"></g></l></v></tfr></token><token id="600524" text="назад"><tfr rev_id="1433594" t="назад"><v><l id="170252" t="назад"><g v="ADVB"></g></l></v></tfr></token><token id="600525" text="учёные"><tfr rev_id="4176084" t="учёные"><v><l id="363100" t="учёный"><g v="NOUN"></g><g v="anim"></g><g v="masc"></g><g v="plur"></g><g v="nomn"></g></l></v></tfr></token><token id="600526" text="утверждали"><tfr rev_id="1433596" t="утверждали"><v><l id="361706" t="утверждаю"><g v="VERB"></g><g v="impf"></g><g v="tran"></g><g v="plur"></g><g v="past"></g><g v="indc"></g></l></v><v><l id="361713" t="утверждаю"><g v="VERB"></g><g v="impf"></g><g v="intr"></g><g v="plur"></g><g v="past"></g><g v="indc"></g></l></v></tfr></token><token id="600527" text=","><tfr rev_id="1433597" t=","><v><l id="0" t=","><g v="PNCT"></g></l></v></tfr></token><token id="600528" text="что"><tfr rev_id="3196803" t="что"><v><l id="377004" t="что"><g v="CONJ"></g></l></v><v><l id="377005" t="что"><g v="NPRO"></g><g v="neut"></g><g v="sing"></g><g v="nomn"></g></l></v><v><l id="377005" t="что"><g v="NPRO"></g><g v="neut"></g><g v="sing"></g><g v="accs"></g></l></v><v><l id="377006" t="что"><g v="ADVB"></g><g v="Ques"></g></l></v><v><l id="388695" t="что"><g v="PRCL"></g></l></v></tfr></token><token id="600529" text="несмотря"><tfr rev_id="1433599" t="несмотря"><v><l id="188286" t="несмотря"><g v="PREP"></g></l></v></tfr></token><token id="600530" text="на"><tfr rev_id="3342638" t="на"><v><l id="166264" t="на"><g v="PREP"></g></l></v></tfr></token><token id="600531" text="процесс"><tfr rev_id="4108146" t="процесс"><v><l id="287363" t="процесс"><g v="NOUN"></g><g v="inan"></g><g v="masc"></g><g v="sing"></g><g v="accs"></g></l></v></tfr></token><token id="600532" text="глобального"><tfr rev_id="4164053" t="глобального"><v><l id="71322" t="глобальный"><g v="ADJF"></g><g v="Qual"></g><g v="neut"></g><g v="sing"></g><g v="gent"></g></l></v></tfr></token><token id="600533" text="потепления"><tfr rev_id="3431872" t="потепления"><v><l id="263114" t="потепление"><g v="NOUN"></g><g v="inan"></g><g v="neut"></g><g v="sing"></g><g v="gent"></g></l></v></tfr></token><token id="600534" text=","><tfr rev_id="1433604" t=","><v><l id="0" t=","><g v="PNCT"></g></l></v></tfr></token><token id="600535" text="льды"><tfr rev_id="3727685" t="льды"><v><l id="146061" t="лёд"><g v="NOUN"></g><g v="inan"></g><g v="masc"></g><g v="plur"></g><g v="nomn"></g></l></v></tfr></token><token id="600536" text="в"><tfr rev_id="1433606" t="в"><v><l id="37409" t="в"><g v="PREP"></g></l></v></tfr></token><token id="600537" text="Арктике"><tfr rev_id="2737685" t="Арктике"><v><l id="16703" t="арктика"><g v="NOUN"></g><g v="inan"></g><g v="femn"></g><g v="Sgtm"></g><g v="Geox"></g><g v="sing"></g><g v="loct"></g></l></v></tfr></token><token id="600538" text="могут"><tfr rev_id="1433608" t="могут"><v><l id="164485" t="могу"><g v="VERB"></g><g v="impf"></g><g v="intr"></g><g v="plur"></g><g v="3per"></g><g v="pres"></g><g v="indc"></g></l></v></tfr></token><token id="600539" text="растаять"><tfr rev_id="1433609" t="растаять"><v><l id="301894" t="растаять"><g v="INFN"></g><g v="perf"></g><g v="intr"></g></l></v></tfr></token><token id="600540" text="не"><tfr rev_id="1433610" t="не"><v><l id="178876" t="не"><g v="PRCL"></g></l></v></tfr></token><token id="600541" text="ранее"><tfr rev_id="1433611" t="ранее"><v><l id="297884" t="ранее"><g v="ADVB"></g></l></v></tfr></token><token id="600542" text="2050"><tfr rev_id="2461624" t="2050"><v><l id="0" t="2050"><g v="NUMB"></g></l></v></tfr></token><token id="600543" text="года"><tfr rev_id="3446788" t="года"><v><l id="72149" t="год"><g v="NOUN"></g><g v="inan"></g><g v="masc"></g><g v="sing"></g><g v="gen1"></g></l></v></tfr></token><token id="600544" text="."><tfr rev_id="1433614" t="."><v><l id="0" t="."><g v="PNCT"></g></l></v></tfr></token></tokens></sentence><sentence id="33508"><source>Но данные, на днях опубликованные НАСА, полностью опровергают предполагавшуюся скорость таяния льдов и приводят к заключению, что многолетние льды в северном океаническом бассейне могут исчезнуть уже через три года.</source><tokens><token id="600545" text="Но"><tfr rev_id="1433615" t="Но"><v><l id="191429" t="но"><g v="CONJ"></g></l></v><v><l id="191430" t="но"><g v="INTJ"></g></l></v></tfr></token><token id="600546" text="данные"><tfr rev_id="4576649" t="данные"><v><l id="78302" t="данные"><g v="NOUN"></g><g v="inan"></g><g v="GNdr"></g><g v="Pltm"></g><g v="plur"></g><g v="nomn"></g></l></v><v><l id="78302" t="данные"><g v="NOUN"></g><g v="inan"></g><g v="GNdr"></g><g v="Pltm"></g><g v="plur"></g><g v="accs"></g></l></v></tfr></token><token id="600547" text=","><tfr rev_id="1433617" t=","><v><l id="0" t=","><g v="PNCT"></g></l></v></tfr></token><token id="600548" text="на"><tfr rev_id="3338173" t="на"><v><l id="166264" t="на"><g v="PREP"></g></l></v></tfr></token><token id="600549" text="днях"><tfr rev_id="1433619" t="днях"><v><l id="81427" t="день"><g v="NOUN"></g><g v="inan"></g><g v="masc"></g><g v="plur"></g><g v="loct"></g></l></v></tfr></token><token id="600550" text="опубликованные"><tfr rev_id="1433620" t="опубликованные"><v><l id="208372" t="опубликованный"><g v="PRTF"></g><g v="perf"></g><g v="tran"></g><g v="past"></g><g v="pssv"></g><g v="plur"></g><g v="nomn"></g></l></v><v><l id="208372" t="опубликованный"><g v="PRTF"></g><g v="perf"></g><g v="tran"></g><g v="past"></g><g v="pssv"></g><g v="inan"></g><g v="plur"></g><g v="accs"></g></l></v></tfr></token><token id="600551" text="НАСА"><tfr rev_id="3691769" t="НАСА"><v><l id="388632" t="наса"><g v="NOUN"></g><g v="inan"></g><g v="neut"></g><g v="Sgtm"></g><g v="Fixd"></g><g v="Abbr"></g><g v="Orgn"></g><g v="sing"></g><g v="ablt"></g></l></v></tfr></token><token id="600552" text=","><tfr rev_id="1433622" t=","><v><l id="0" t=","><g v="PNCT"></g></l></v></tfr></token><token id="600553" text="полностью"><tfr rev_id="1433623" t="полностью"><v><l id="256145" t="полностью"><g v="ADVB"></g></l></v></tfr></token><token id="600554" text="опровергают"><tfr rev_id="1433624" t="опровергают"><v><l id="208091" t="опровергаю"><g v="VERB"></g><g v="impf"></g><g v="tran"></g><g v="plur"></g><g v="3per"></g><g v="pres"></g><g v="indc"></g></l></v></tfr></token><token id="600555" text="предполагавшуюся"><tfr rev_id="1433625" t="предполагавшуюся"><v><l id="266823" t="предполагавшийся"><g v="PRTF"></g><g v="impf"></g><g v="intr"></g><g v="past"></g><g v="actv"></g><g v="femn"></g><g v="sing"></g><g v="accs"></g></l></v></tfr></token><token id="600556" text="скорость"><tfr rev_id="4364000" t="скорость"><v><l id="323333" t="скорость"><g v="NOUN"></g><g v="inan"></g><g v="femn"></g><g v="sing"></g><g v="accs"></g></l></v></tfr></token><token id="600557" text="таяния"><tfr rev_id="3269869" t="таяния"><v><l id="343668" t="таяние"><g v="NOUN"></g><g v="inan"></g><g v="neut"></g><g v="sing"></g><g v="gent"></g></l></v></tfr></token><token id="600558" text="льдов"><tfr rev_id="1433628" t="льдов"><v><l id="146061" t="лёд"><g v="NOUN"></g><g v="inan"></g><g v="masc"></g><g v="plur"></g><g v="gent"></g></l></v></tfr></token><token id="600559" text="и"><tfr rev_id="1433629" t="и"><v><l id="116949" t="и"><g v="CONJ"></g></l></v><v><l id="116950" t="и"><g v="INTJ"></g></l></v></tfr></token><token id="600560" text="приводят"><tfr rev_id="1433630" t="приводят"><v><l id="269406" t="привожу"><g v="VERB"></g><g v="impf"></g><g v="tran"></g><g v="plur"></g><g v="3per"></g><g v="pres"></g><g v="indc"></g></l></v></tfr></token><token id="600561" text="к"><tfr rev_id="1433631" t="к"><v><l id="127460" t="к"><g v="PREP"></g></l></v></tfr></token><token id="600562" text="заключению"><tfr rev_id="1433632" t="заключению"><v><l id="103480" t="заключение"><g v="NOUN"></g><g v="inan"></g><g v="neut"></g><g v="sing"></g><g v="datv"></g></l></v></tfr></token><token id="600563" text=","><tfr rev_id="1433633" t=","><v><l id="0" t=","><g v="PNCT"></g></l></v></tfr></token><token id="600564" text="что"><tfr rev_id="3196804" t="что"><v><l id="377004" t="что"><g v="CONJ"></g></l></v><v><l id="377005" t="что"><g v="NPRO"></g><g v="neut"></g><g v="sing"></g><g v="nomn"></g></l></v><v><l id="377005" t="что"><g v="NPRO"></g><g v="neut"></g><g v="sing"></g><g v="accs"></g></l></v><v><l id="377006" t="что"><g v="ADVB"></g><g v="Ques"></g></l></v><v><l id="388695" t="что"><g v="PRCL"></g></l></v></tfr></token><token id="600565" text="многолетние"><tfr rev_id="3821455" t="многолетние"><v><l id="161660" t="многолетний"><g v="ADJF"></g><g v="plur"></g><g v="nomn"></g></l></v></tfr></token><token id="600566" text="льды"><tfr rev_id="3284786" t="льды"><v><l id="146061" t="лёд"><g v="NOUN"></g><g v="inan"></g><g v="masc"></g><g v="plur"></g><g v="nomn"></g></l></v></tfr></token><token id="600567" text="в"><tfr rev_id="1433637" t="в"><v><l id="37409" t="в"><g v="PREP"></g></l></v></tfr></token><token id="600568" text="северном"><tfr rev_id="4209554" t="северном"><v><l id="317517" t="северный"><g v="ADJF"></g><g v="Qual"></g><g v="masc"></g><g v="sing"></g><g v="loct"></g></l></v></tfr></token><token id="600569" text="океаническом"><tfr rev_id="4167736" t="океаническом"><v><l id="204682" t="океанический"><g v="ADJF"></g><g v="masc"></g><g v="sing"></g><g v="loct"></g></l></v></tfr></token><token id="600570" text="бассейне"><tfr rev_id="1433640" t="бассейне"><v><l id="24397" t="бассейн"><g v="NOUN"></g><g v="inan"></g><g v="masc"></g><g v="sing"></g><g v="loct"></g></l></v></tfr></token><token id="600571" text="могут"><tfr rev_id="1433641" t="могут"><v><l id="164485" t="могу"><g v="VERB"></g><g v="impf"></g><g v="intr"></g><g v="plur"></g><g v="3per"></g><g v="pres"></g><g v="indc"></g></l></v></tfr></token><token id="600572" text="исчезнуть"><tfr rev_id="1433642" t="исчезнуть"><v><l id="126889" t="исчезнуть"><g v="INFN"></g><g v="perf"></g><g v="intr"></g></l></v></tfr></token><token id="600573" text="уже"><tfr rev_id="2692713" t="уже"><v><l id="355422" t="уж"><g v="NOUN"></g><g v="anim"></g><g v="masc"></g><g v="sing"></g><g v="loct"></g></l></v><v><l id="355498" t="уже"><g v="ADVB"></g></l></v><v><l id="355674" t="уже"><g v="COMP"></g><g v="Qual"></g></l></v><v><l id="388673" t="уже"><g v="PRCL"></g></l></v></tfr></token><token id="600574" text="через"><tfr rev_id="1433644" t="через"><v><l id="375333" t="через"><g v="PREP"></g></l></v></tfr></token><token id="600575" text="три"><tfr rev_id="2635369" t="три"><v><l id="349973" t="три"><g v="NUMR"></g><g v="nomn"></g></l></v><v><l id="349973" t="три"><g v="NUMR"></g><g v="inan"></g><g v="accs"></g></l></v></tfr></token><token id="600576" text="года"><tfr rev_id="3495636" t="года"><v><l id="72149" t="год"><g v="NOUN"></g><g v="inan"></g><g v="masc"></g><g v="sing"></g><g v="gen1"></g></l></v></tfr></token><token id="600577" text="."><tfr rev_id="1433647" t="."><v><l id="0" t="."><g v="PNCT"></g></l></v></tfr></token></tokens></sentence><sentence id="33509"><source>А это грозит непредсказуемыми последствиями.</source><tokens><token id="600578" text="А"><tfr rev_id="1433648" t="А"><v><l id="51" t="а"><g v="CONJ"></g></l></v><v><l id="52" t="а"><g v="INTJ"></g></l></v><v><l id="53" t="а"><g v="PRCL"></g></l></v></tfr></token><token id="600579" text="это"><tfr rev_id="4441537" t="это"><v><l id="386574" t="это"><g v="PRCL"></g></l></v><v><l id="386575" t="это"><g v="NPRO"></g><g v="neut"></g><g v="sing"></g><g v="nomn"></g></l></v><v><l id="386575" t="это"><g v="NPRO"></g><g v="neut"></g><g v="sing"></g><g v="accs"></g></l></v><v><l id="386581" t="этот"><g v="ADJF"></g><g v="Subx"></g><g v="Apro"></g><g v="Anph"></g><g v="neut"></g><g v="sing"></g><g v="nomn"></g></l></v><v><l id="386581" t="этот"><g v="ADJF"></g><g v="Subx"></g><g v="Apro"></g><g v="Anph"></g><g v="neut"></g><g v="sing"></g><g v="accs"></g></l></v></tfr></token><token id="600580" text="грозит"><tfr rev_id="1433650" t="грозит"><v><l id="75593" t="грожу"><g v="VERB"></g><g v="impf"></g><g v="intr"></g><g v="sing"></g><g v="3per"></g><g v="pres"></g><g v="indc"></g></l></v></tfr></token><token id="600581" text="непредсказуемыми"><tfr rev_id="4578273" t="непредсказуемыми"><v><l id="186430" t="непредсказуемый"><g v="ADJF"></g><g v="Qual"></g><g v="plur"></g><g v="ablt"></g></l></v></tfr></token><token id="600582" text="последствиями"><tfr rev_id="1433652" t="последствиями"><v><l id="261587" t="последствие"><g v="NOUN"></g><g v="inan"></g><g v="neut"></g><g v="plur"></g><g v="ablt"></g></l></v></tfr></token><token id="600583" text="."><tfr rev_id="1433653" t="."><v><l id="0" t="."><g v="PNCT"></g></l></v></tfr></token></tokens></sentence></paragraph><paragraph id="10709"><sentence id="33510"><source>Исследователи из вашингтонского университета обработали информацию, поступавшую с американского спутника ICESat, фотографировавшего Арктику в период 2003-2008 годов.</source><tokens><token id="600584" text="Исследователи"><tfr rev_id="1433654" t="Исследователи"><v><l id="125801" t="исследователь"><g v="NOUN"></g><g v="anim"></g><g v="masc"></g><g v="plur"></g><g v="nomn"></g></l></v></tfr></token><token id="600585" text="из"><tfr rev_id="2503340" t="из"><v><l id="117677" t="из"><g v="PREP"></g></l></v></tfr></token><token id="600586" text="вашингтонского"><tfr rev_id="4165194" t="вашингтонского"><v><l id="39409" t="вашингтонский"><g v="ADJF"></g><g v="masc"></g><g v="sing"></g><g v="gent"></g></l></v><v><l id="39409" t="вашингтонский"><g v="ADJF"></g><g v="anim"></g><g v="masc"></g><g v="sing"></g><g v="accs"></g></l></v></tfr></token><token id="600587" text="университета"><tfr rev_id="1433657" t="университета"><v><l id="358281" t="университет"><g v="NOUN"></g><g v="inan"></g><g v="masc"></g><g v="sing"></g><g v="gent"></g></l></v></tfr></token><token id="600588" text="обработали"><tfr rev_id="1433658" t="обработали"><v><l id="198748" t="обработал"><g v="VERB"></g><g v="perf"></g><g v="tran"></g><g v="plur"></g><g v="past"></g><g v="indc"></g></l></v></tfr></token><token id="600589" text="информацию"><tfr rev_id="1433659" t="информацию"><v><l id="123576" t="информация"><g v="NOUN"></g><g v="inan"></g><g v="femn"></g><g v="sing"></g><g v="accs"></g></l></v></tfr></token><token id="600590" text=","><tfr rev_id="1433660" t=","><v><l id="0" t=","><g v="PNCT"></g></l></v></tfr></token><token id="600591" text="поступавшую"><tfr rev_id="1433661" t="поступавшую"><v><l id="262609" t="поступавший"><g v="PRTF"></g><g v="impf"></g><g v="intr"></g><g v="past"></g><g v="actv"></g><g v="femn"></g><g v="sing"></g><g v="accs"></g></l></v></tfr></token><token id="600592" text="с"><tfr rev_id="1433662" t="с"><v><l id="311151" t="с"><g v="PREP"></g></l></v></tfr></token><token id="600593" text="американского"><tfr rev_id="4205615" t="американского"><v><l id="11429" t="американский"><g v="ADJF"></g><g v="masc"></g><g v="sing"></g><g v="gent"></g></l></v><v><l id="11429" t="американский"><g v="ADJF"></g><g v="anim"></g><g v="masc"></g><g v="sing"></g><g v="accs"></g></l></v></tfr></token><token id="600594" text="спутника"><tfr rev_id="4282356" t="спутника"><v><l id="333235" t="спутник"><g v="NOUN"></g><g v="inan"></g><g v="masc"></g><g v="sing"></g><g v="gent"></g></l></v></tfr></token><token id="600595" text="ICESat"><tfr rev_id="2474595" t="ICESat"><v><l id="0" t="ICESat"><g v="LATN"></g></l></v></tfr></token><token id="600596" text=","><tfr rev_id="1433666" t=","><v><l id="0" t=","><g v="PNCT"></g></l></v></tfr></token><token id="600597" text="фотографировавшего"><tfr rev_id="3443158" t="фотографировавшего"><v><l id="367476" t="фотографировавший"><g v="PRTF"></g><g v="impf"></g><g v="tran"></g><g v="past"></g><g v="actv"></g><g v="masc"></g><g v="sing"></g><g v="gent"></g></l></v><v><l id="367476" t="фотографировавший"><g v="PRTF"></g><g v="impf"></g><g v="tran"></g><g v="past"></g><g v="actv"></g><g v="anim"></g><g v="masc"></g><g v="sing"></g><g v="accs"></g></l></v></tfr></token><token id="600598" text="Арктику"><tfr rev_id="1433668" t="Арктику"><v><l id="16703" t="арктика"><g v="NOUN"></g><g v="inan"></g><g v="femn"></g><g v="Sgtm"></g><g v="Geox"></g><g v="sing"></g><g v="accs"></g></l></v></tfr></token><token id="600599" text="в"><tfr rev_id="1433669" t="в"><v><l id="37409" t="в"><g v="PREP"></g></l></v></tfr></token><token id="600600" text="период"><tfr rev_id="4209778" t="период"><v><l id="237159" t="период"><g v="NOUN"></g><g v="inan"></g><g v="masc"></g><g v="sing"></g><g v="accs"></g></l></v></tfr></token><token id="600601" text="2003"><tfr rev_id="2461625" t="2003"><v><l id="0" t="2003"><g v="NUMB"></g></l></v></tfr></token><token id="600602" text="-"><tfr rev_id="1433672" t="-"><v><l id="0" t="-"><g v="PNCT"></g></l></v></tfr></token><token id="600603" text="2008"><tfr rev_id="2461626" t="2008"><v><l id="0" t="2008"><g v="NUMB"></g></l></v></tfr></token><token id="600604" text="годов"><tfr rev_id="1433674" t="годов"><v><l id="72149" t="год"><g v="NOUN"></g><g v="inan"></g><g v="masc"></g><g v="plur"></g><g v="gent"></g></l></v></tfr></token><token id="600605" text="."><tfr rev_id="1433675" t="."><v><l id="0" t="."><g v="PNCT"></g></l></v></tfr></token></tokens></sentence><sentence id="33511"><source>Результаты оказались обескураживающими.</source><tokens><token id="600606" text="Результаты"><tfr rev_id="3749446" t="Результаты"><v><l id="305391" t="результат"><g v="NOUN"></g><g v="inan"></g><g v="masc"></g><g v="plur"></g><g v="nomn"></g></l></v></tfr></token><token id="600607" text="оказались"><tfr rev_id="1433677" t="оказались"><v><l id="204462" t="оказался"><g v="VERB"></g><g v="perf"></g><g v="intr"></g><g v="plur"></g><g v="past"></g><g v="indc"></g></l></v></tfr></token><token id="600608" text="обескураживающими"><tfr rev_id="1433678" t="обескураживающими"><v><l id="194724" t="обескураживающий"><g v="PRTF"></g><g v="impf"></g><g v="tran"></g><g v="pres"></g><g v="actv"></g><g v="plur"></g><g v="ablt"></g></l></v></tfr></token><token id="600609" text="."><tfr rev_id="1433679" t="."><v><l id="0" t="."><g v="PNCT"></g></l></v></tfr></token></tokens></sentence><sentence id="33512"><source>Ежегодно толщина ледового покрова уменьшалась в среднем на 17,8 см, что составило в сумме 67 см за последние четыре зимы.</source><tokens><token id="600610" text="Ежегодно"><tfr rev_id="1433680" t="Ежегодно"><v><l id="94443" t="ежегодно"><g v="ADVB"></g></l></v><v><l id="94445" t="ежегоден"><g v="ADJS"></g><g v="Qual"></g><g v="neut"></g><g v="sing"></g></l></v></tfr></token><token id="600611" text="толщина"><tfr rev_id="1433681" t="толщина"><v><l id="347390" t="толщина"><g v="NOUN"></g><g v="inan"></g><g v="femn"></g><g v="sing"></g><g v="nomn"></g></l></v></tfr></token><token id="600612" text="ледового"><tfr rev_id="3472537" t="ледового"><v><l id="147731" t="ледовый"><g v="ADJF"></g><g v="Qual"></g><g v="masc"></g><g v="sing"></g><g v="gent"></g></l></v><v><l id="147731" t="ледовый"><g v="ADJF"></g><g v="Qual"></g><g v="anim"></g><g v="masc"></g><g v="sing"></g><g v="accs"></g></l></v></tfr></token><token id="600613" text="покрова"><tfr rev_id="1433683" t="покрова"><v><l id="254811" t="покров"><g v="NOUN"></g><g v="inan"></g><g v="masc"></g><g v="sing"></g><g v="gent"></g></l></v></tfr></token><token id="600614" text="уменьшалась"><tfr rev_id="1433684" t="уменьшалась"><v><l id="357487" t="уменьшаюсь"><g v="VERB"></g><g v="impf"></g><g v="intr"></g><g v="femn"></g><g v="sing"></g><g v="past"></g><g v="indc"></g></l></v></tfr></token><token id="600615" text="в"><tfr rev_id="1433685" t="в"><v><l id="37409" t="в"><g v="PREP"></g></l></v></tfr></token><token id="600616" text="среднем"><tfr rev_id="4176085" t="среднем"><v><l id="333541" t="среднее"><g v="NOUN"></g><g v="inan"></g><g v="neut"></g><g v="sing"></g><g v="loct"></g></l></v></tfr></token><token id="600617" text="на"><tfr rev_id="3393947" t="на"><v><l id="166264" t="на"><g v="PREP"></g></l></v></tfr></token><token id="600618" text="17,8"><tfr rev_id="2461627" t="17,8"><v><l id="0" t="17,8"><g v="NUMB"></g></l></v></tfr></token><token id="600619" text="см"><tfr rev_id="4203810" t="см"><v><l id="389044" t="см"><g v="NOUN"></g><g v="inan"></g><g v="masc"></g><g v="Fixd"></g><g v="Abbr"></g><g v="plur"></g><g v="nomn"></g></l></v><v><l id="389044" t="см"><g v="NOUN"></g><g v="inan"></g><g v="masc"></g><g v="Fixd"></g><g v="Abbr"></g><g v="plur"></g><g v="gent"></g></l></v><v><l id="389044" t="см"><g v="NOUN"></g><g v="inan"></g><g v="masc"></g><g v="Fixd"></g><g v="Abbr"></g><g v="plur"></g><g v="datv"></g></l></v><v><l id="389044" t="см"><g v="NOUN"></g><g v="inan"></g><g v="masc"></g><g v="Fixd"></g><g v="Abbr"></g><g v="plur"></g><g v="accs"></g></l></v><v><l id="389044" t="см"><g v="NOUN"></g><g v="inan"></g><g v="masc"></g><g v="Fixd"></g><g v="Abbr"></g><g v="plur"></g><g v="ablt"></g></l></v><v><l id="389044" t="см"><g v="NOUN"></g><g v="inan"></g><g v="masc"></g><g v="Fixd"></g><g v="Abbr"></g><g v="plur"></g><g v="loct"></g></l></v></tfr></token><token id="600620" text=","><tfr rev_id="1433690" t=","><v><l id="0" t=","><g v="PNCT"></g></l></v></tfr></token><token id="600621" text="что"><tfr rev_id="3196805" t="что"><v><l id="377004" t="что"><g v="CONJ"></g></l></v><v><l id="377005" t="что"><g v="NPRO"></g><g v="neut"></g><g v="sing"></g><g v="nomn"></g></l></v><v><l id="377005" t="что"><g v="NPRO"></g><g v="neut"></g><g v="sing"></g><g v="accs"></g></l></v><v><l id="377006" t="что"><g v="ADVB"></g><g v="Ques"></g></l></v><v><l id="388695" t="что"><g v="PRCL"></g></l></v></tfr></token><token id="600622" text="составило"><tfr rev_id="1433692" t="составило"><v><l id="330483" t="составил"><g v="VERB"></g><g v="perf"></g><g v="tran"></g><g v="neut"></g><g v="sing"></g><g v="past"></g><g v="indc"></g></l></v></tfr></token><token id="600623" text="в"><tfr rev_id="1433693" t="в"><v><l id="37409" t="в"><g v="PREP"></g></l></v></tfr></token><token id="600624" text="сумме"><tfr rev_id="3541136" t="сумме"><v><l id="339516" t="сумма"><g v="NOUN"></g><g v="inan"></g><g v="femn"></g><g v="sing"></g><g v="loct"></g></l></v></tfr></token><token id="600625" text="67"><tfr rev_id="2461628" t="67"><v><l id="0" t="67"><g v="NUMB"></g></l></v></tfr></token><token id="600626" text="см"><tfr rev_id="4209131" t="см"><v><l id="389044" t="см"><g v="NOUN"></g><g v="inan"></g><g v="masc"></g><g v="Fixd"></g><g v="Abbr"></g><g v="plur"></g><g v="nomn"></g></l></v><v><l id="389044" t="см"><g v="NOUN"></g><g v="inan"></g><g v="masc"></g><g v="Fixd"></g><g v="Abbr"></g><g v="plur"></g><g v="gent"></g></l></v><v><l id="389044" t="см"><g v="NOUN"></g><g v="inan"></g><g v="masc"></g><g v="Fixd"></g><g v="Abbr"></g><g v="plur"></g><g v="datv"></g></l></v><v><l id="389044" t="см"><g v="NOUN"></g><g v="inan"></g><g v="masc"></g><g v="Fixd"></g><g v="Abbr"></g><g v="plur"></g><g v="accs"></g></l></v><v><l id="389044" t="см"><g v="NOUN"></g><g v="inan"></g><g v="masc"></g><g v="Fixd"></g><g v="Abbr"></g><g v="plur"></g><g v="ablt"></g></l></v><v><l id="389044" t="см"><g v="NOUN"></g><g v="inan"></g><g v="masc"></g><g v="Fixd"></g><g v="Abbr"></g><g v="plur"></g><g v="loct"></g></l></v></tfr></token><token id="600627" text="за"><tfr rev_id="1433697" t="за"><v><l id="98043" t="за"><g v="PREP"></g></l></v></tfr></token><token id="600628" text="последние"><tfr rev_id="3817275" t="последние"><v><l id="261565" t="последний"><g v="ADJF"></g><g v="inan"></g><g v="plur"></g><g v="accs"></g></l></v></tfr></token><token id="600629" text="четыре"><tfr rev_id="1433699" t="четыре"><v><l id="376181" t="четыре"><g v="NUMR"></g><g v="nomn"></g></l></v><v><l id="376181" t="четыре"><g v="NUMR"></g><g v="inan"></g><g v="accs"></g></l></v></tfr></token><token id="600630" text="зимы"><tfr rev_id="3409953" t="зимы"><v><l id="115412" t="зима"><g v="NOUN"></g><g v="inan"></g><g v="femn"></g><g v="sing"></g><g v="gent"></g></l></v></tfr></token><token id="600631" text="."><tfr rev_id="1433701" t="."><v><l id="0" t="."><g v="PNCT"></g></l></v></tfr></token></tokens></sentence><sentence id="33513"><source>Для сравнения: обычно сезонный лед достигает толщины около 1,8 метра, а толщина многолетнего льда составляет в среднем 2,7 метра.</source><tokens><token id="600632" text="Для"><tfr rev_id="3418149" t="Для"><v><l id="85032" t="для"><g v="PREP"></g></l></v></tfr></token><token id="600633" text="сравнения"><tfr rev_id="3469047" t="сравнения"><v><l id="333307" t="сравнение"><g v="NOUN"></g><g v="inan"></g><g v="neut"></g><g v="sing"></g><g v="gent"></g></l></v></tfr></token><token id="600634" text=":"><tfr rev_id="1433704" t=":"><v><l id="0" t=":"><g v="PNCT"></g></l></v></tfr></token><token id="600635" text="обычно"><tfr rev_id="3526602" t="обычно"><v><l id="202047" t="обычно"><g v="ADVB"></g></l></v></tfr></token><token id="600636" text="сезонный"><tfr rev_id="4567819" t="сезонный"><v><l id="317863" t="сезонный"><g v="ADJF"></g><g v="masc"></g><g v="sing"></g><g v="nomn"></g></l></v><v><l id="317863" t="сезонный"><g v="ADJF"></g><g v="inan"></g><g v="masc"></g><g v="sing"></g><g v="accs"></g></l></v></tfr></token><token id="600637" text="лед"><tfr rev_id="4095582" t="лед"><v><l id="146061" t="лёд"><g v="NOUN"></g><g v="inan"></g><g v="masc"></g><g v="sing"></g><g v="nomn"></g></l></v></tfr></token><token id="600638" text="достигает"><tfr rev_id="1433708" t="достигает"><v><l id="90508" t="достигаю"><g v="VERB"></g><g v="impf"></g><g v="tran"></g><g v="sing"></g><g v="3per"></g><g v="pres"></g><g v="indc"></g></l></v></tfr></token><token id="600639" text="толщины"><tfr rev_id="3432681" t="толщины"><v><l id="347390" t="толщина"><g v="NOUN"></g><g v="inan"></g><g v="femn"></g><g v="sing"></g><g v="gent"></g></l></v></tfr></token><token id="600640" text="около"><tfr rev_id="4422227" t="около"><v><l id="205005" t="около"><g v="PREP"></g></l></v></tfr></token><token id="600641" text="1,8"><tfr rev_id="2461629" t="1,8"><v><l id="0" t="1,8"><g v="NUMB"></g></l></v></tfr></token><token id="600642" text="метра"><tfr rev_id="4282357" t="метра"><v><l id="159296" t="метр"><g v="NOUN"></g><g v="inan"></g><g v="masc"></g><g v="sing"></g><g v="gent"></g></l></v></tfr></token><token id="600643" text=","><tfr rev_id="1433713" t=","><v><l id="0" t=","><g v="PNCT"></g></l></v></tfr></token><token id="600644" text="а"><tfr rev_id="1433714" t="а"><v><l id="51" t="а"><g v="CONJ"></g></l></v><v><l id="52" t="а"><g v="INTJ"></g></l></v><v><l id="53" t="а"><g v="PRCL"></g></l></v></tfr></token><token id="600645" text="толщина"><tfr rev_id="1433715" t="толщина"><v><l id="347390" t="толщина"><g v="NOUN"></g><g v="inan"></g><g v="femn"></g><g v="sing"></g><g v="nomn"></g></l></v></tfr></token><token id="600646" text="многолетнего"><tfr rev_id="3449272" t="многолетнего"><v><l id="161660" t="многолетний"><g v="ADJF"></g><g v="masc"></g><g v="sing"></g><g v="gent"></g></l></v><v><l id="161660" t="многолетний"><g v="ADJF"></g><g v="anim"></g><g v="masc"></g><g v="sing"></g><g v="accs"></g></l></v></tfr></token><token id="600647" text="льда"><tfr rev_id="1433717" t="льда"><v><l id="146061" t="лёд"><g v="NOUN"></g><g v="inan"></g><g v="masc"></g><g v="sing"></g><g v="gen1"></g></l></v></tfr></token><token id="600648" text="составляет"><tfr rev_id="1433718" t="составляет"><v><l id="330494" t="составляю"><g v="VERB"></g><g v="impf"></g><g v="tran"></g><g v="sing"></g><g v="3per"></g><g v="pres"></g><g v="indc"></g></l></v></tfr></token><token id="600649" text="в"><tfr rev_id="1433719" t="в"><v><l id="37409" t="в"><g v="PREP"></g></l></v></tfr></token><token id="600650" text="среднем"><tfr rev_id="4176086" t="среднем"><v><l id="333541" t="среднее"><g v="NOUN"></g><g v="inan"></g><g v="neut"></g><g v="sing"></g><g v="loct"></g></l></v></tfr></token><token id="600651" text="2,7"><tfr rev_id="2461630" t="2,7"><v><l id="0" t="2,7"><g v="NUMB"></g></l></v></tfr></token><token id="600652" text="метра"><tfr rev_id="4410591" t="метра"><v><l id="159296" t="метр"><g v="NOUN"></g><g v="inan"></g><g v="masc"></g><g v="sing"></g><g v="gent"></g></l></v></tfr></token><token id="600653" text="."><tfr rev_id="1433723" t="."><v><l id="0" t="."><g v="PNCT"></g></l></v></tfr></token></tokens></sentence></paragraph><paragraph id="10710"><sentence id="33514"><source>Получается, что за последние пять лет количество льда в Актике стало на 40% меньше.</source><tokens><token id="600654" text="Получается"><tfr rev_id="1433724" t="Получается"><v><l id="256950" t="получаюсь"><g v="VERB"></g><g v="impf"></g><g v="intr"></g><g v="sing"></g><g v="3per"></g><g v="pres"></g><g v="indc"></g></l></v></tfr></token><token id="600655" text=","><tfr rev_id="1433725" t=","><v><l id="0" t=","><g v="PNCT"></g></l></v></tfr></token><token id="600656" text="что"><tfr rev_id="3196806" t="что"><v><l id="377004" t="что"><g v="CONJ"></g></l></v><v><l id="377005" t="что"><g v="NPRO"></g><g v="neut"></g><g v="sing"></g><g v="nomn"></g></l></v><v><l id="377005" t="что"><g v="NPRO"></g><g v="neut"></g><g v="sing"></g><g v="accs"></g></l></v><v><l id="377006" t="что"><g v="ADVB"></g><g v="Ques"></g></l></v><v><l id="388695" t="что"><g v="PRCL"></g></l></v></tfr></token><token id="600657" text="за"><tfr rev_id="1433727" t="за"><v><l id="98043" t="за"><g v="PREP"></g></l></v></tfr></token><token id="600658" text="последние"><tfr rev_id="3813353" t="последние"><v><l id="261565" t="последний"><g v="ADJF"></g><g v="inan"></g><g v="plur"></g><g v="accs"></g></l></v></tfr></token><token id="600659" text="пять"><tfr rev_id="1433729" t="пять"><v><l id="290440" t="пять"><g v="NUMR"></g><g v="nomn"></g></l></v><v><l id="290440" t="пять"><g v="NUMR"></g><g v="accs"></g></l></v></tfr></token><token id="600660" text="лет"><tfr rev_id="3437728" t="лет"><v><l id="72149" t="год"><g v="NOUN"></g><g v="inan"></g><g v="masc"></g><g v="plur"></g><g v="gent"></g></l></v></tfr></token><token id="600661" text="количество"><tfr rev_id="1433731" t="количество"><v><l id="135983" t="количество"><g v="NOUN"></g><g v="inan"></g><g v="neut"></g><g v="sing"></g><g v="nomn"></g></l></v><v><l id="135983" t="количество"><g v="NOUN"></g><g v="inan"></g><g v="neut"></g><g v="sing"></g><g v="accs"></g></l></v></tfr></token><token id="600662" text="льда"><tfr rev_id="1433732" t="льда"><v><l id="146061" t="лёд"><g v="NOUN"></g><g v="inan"></g><g v="masc"></g><g v="sing"></g><g v="gen1"></g></l></v></tfr></token><token id="600663" text="в"><tfr rev_id="1433733" t="в"><v><l id="37409" t="в"><g v="PREP"></g></l></v></tfr></token><token id="600664" text="Актике"><tfr rev_id="1433734" t="Актике"><v><l id="0" t="актике"><g v="UNKN"></g></l></v></tfr></token><token id="600665" text="стало"><tfr rev_id="1433735" t="стало"><v><l id="335164" t="стал"><g v="VERB"></g><g v="perf"></g><g v="intr"></g><g v="neut"></g><g v="sing"></g><g v="past"></g><g v="indc"></g></l></v></tfr></token><token id="600666" text="на"><tfr rev_id="3334561" t="на"><v><l id="166264" t="на"><g v="PREP"></g></l></v></tfr></token><token id="600667" text="40"><tfr rev_id="2461631" t="40"><v><l id="0" t="40"><g v="NUMB"></g></l></v></tfr></token><token id="600668" text="%"><tfr rev_id="2443531" t="%"><v><l id="0" t="%"><g v="PNCT"></g></l></v></tfr></token><token id="600669" text="меньше"><tfr rev_id="4266747" t="меньше"><v><l id="153697" t="меньше"><g v="COMP"></g><g v="Qual"></g></l></v></tfr></token><token id="600670" text="."><tfr rev_id="1433740" t="."><v><l id="0" t="."><g v="PNCT"></g></l></v></tfr></token></tokens></sentence><sentence id="33515"><source>Ситуацию прокомментировал заведующий лабораторией мониторинга изменений климата Института океанологии РАН Сергей Гулев:</source><tokens><token id="600671" text="Ситуацию"><tfr rev_id="1433741" t="Ситуацию"><v><l id="321441" t="ситуация"><g v="NOUN"></g><g v="inan"></g><g v="femn"></g><g v="sing"></g><g v="accs"></g></l></v></tfr></token><token id="600672" text="прокомментировал"><tfr rev_id="1433742" t="прокомментировал"><v><l id="280912" t="прокомментировал"><g v="VERB"></g><g v="perf"></g><g v="tran"></g><g v="masc"></g><g v="sing"></g><g v="past"></g><g v="indc"></g></l></v></tfr></token><token id="600673" text="заведующий"><tfr rev_id="1433743" t="заведующий"><v><l id="99336" t="заведующий"><g v="PRTF"></g><g v="Subx"></g><g v="impf"></g><g v="intr"></g><g v="pres"></g><g v="actv"></g><g v="masc"></g><g v="sing"></g><g v="nomn"></g></l></v><v><l id="99336" t="заведующий"><g v="PRTF"></g><g v="Subx"></g><g v="impf"></g><g v="intr"></g><g v="pres"></g><g v="actv"></g><g v="inan"></g><g v="masc"></g><g v="sing"></g><g v="accs"></g></l></v></tfr></token><token id="600674" text="лабораторией"><tfr rev_id="1433744" t="лабораторией"><v><l id="146146" t="лаборатория"><g v="NOUN"></g><g v="inan"></g><g v="femn"></g><g v="sing"></g><g v="ablt"></g></l></v></tfr></token><token id="600675" text="мониторинга"><tfr rev_id="1433745" t="мониторинга"><v><l id="163149" t="мониторинг"><g v="NOUN"></g><g v="inan"></g><g v="masc"></g><g v="sing"></g><g v="gent"></g></l></v></tfr></token><token id="600676" text="изменений"><tfr rev_id="1433746" t="изменений"><v><l id="119487" t="изменение"><g v="NOUN"></g><g v="inan"></g><g v="neut"></g><g v="plur"></g><g v="gent"></g></l></v></tfr></token><token id="600677" text="климата"><tfr rev_id="1433747" t="климата"><v><l id="134343" t="климат"><g v="NOUN"></g><g v="inan"></g><g v="masc"></g><g v="sing"></g><g v="gent"></g></l></v></tfr></token><token id="600678" text="Института"><tfr rev_id="1433748" t="Института"><v><l id="122879" t="институт"><g v="NOUN"></g><g v="inan"></g><g v="masc"></g><g v="sing"></g><g v="gent"></g></l></v></tfr></token><token id="600679" text="океанологии"><tfr rev_id="3494156" t="океанологии"><v><l id="204689" t="океанология"><g v="NOUN"></g><g v="inan"></g><g v="femn"></g><g v="sing"></g><g v="gent"></g></l></v><v><l id="204689" t="океанология"><g v="NOUN"></g><g v="inan"></g><g v="femn"></g><g v="sing"></g><g v="datv"></g></l></v><v><l id="204689" t="океанология"><g v="NOUN"></g><g v="inan"></g><g v="femn"></g><g v="sing"></g><g v="loct"></g></l></v></tfr></token><token id="600680" text="РАН"><tfr rev_id="4179072" t="РАН"><v><l id="297861" t="ран"><g v="NOUN"></g><g v="inan"></g><g v="femn"></g><g v="Sgtm"></g><g v="Fixd"></g><g v="Orgn"></g><g v="Abbr"></g><g v="sing"></g><g v="gent"></g></l></v></tfr></token><token id="600681" text="Сергей"><tfr rev_id="1433751" t="Сергей"><v><l id="319056" t="сергей"><g v="NOUN"></g><g v="anim"></g><g v="masc"></g><g v="Name"></g><g v="sing"></g><g v="nomn"></g></l></v></tfr></token><token id="600682" text="Гулев"><tfr rev_id="1433752" t="Гулев"><v><l id="0" t="гулев"><g v="UNKN"></g></l></v></tfr></token><token id="600683" text=":"><tfr rev_id="1433753" t=":"><v><l id="0" t=":"><g v="PNCT"></g></l></v></tfr></token></tokens></sentence></paragraph><paragraph id="10711"><sentence id="33516"><source>- Перестраивается вся циркуляция атмосферы Северного полушария, и значительная часть тепла переносится и в Европу, и в Арктику.</source><tokens><token id="600684" text="-"><tfr rev_id="1433754" t="-"><v><l id="0" t="-"><g v="PNCT"></g></l></v></tfr></token><token id="600685" text="Перестраивается"><tfr rev_id="1433755" t="Перестраивается"><v><l id="234780" t="перестраиваюсь"><g v="VERB"></g><g v="impf"></g><g v="intr"></g><g v="sing"></g><g v="3per"></g><g v="pres"></g><g v="indc"></g></l></v></tfr></token><token id="600686" text="вся"><tfr rev_id="4130842" t="вся"><v><l id="42156" t="весь"><g v="ADJF"></g><g v="Subx"></g><g v="Apro"></g><g v="femn"></g><g v="sing"></g><g v="nomn"></g></l></v></tfr></token><token id="600687" text="циркуляция"><tfr rev_id="1433757" t="циркуляция"><v><l id="374060" t="циркуляция"><g v="NOUN"></g><g v="inan"></g><g v="femn"></g><g v="sing"></g><g v="nomn"></g></l></v></tfr></token><token id="600688" text="атмосферы"><tfr rev_id="1716884" t="атмосферы"><v><l id="19555" t="атмосфера"><g v="NOUN"></g><g v="inan"></g><g v="femn"></g><g v="sing"></g><g v="gent"></g></l></v></tfr></token><token id="600689" text="Северного"><tfr rev_id="4164216" t="Северного"><v><l id="317517" t="северный"><g v="ADJF"></g><g v="Qual"></g><g v="neut"></g><g v="sing"></g><g v="gent"></g></l></v></tfr></token><token id="600690" text="полушария"><tfr rev_id="3489592" t="полушария"><v><l id="256975" t="полушарие"><g v="NOUN"></g><g v="inan"></g><g v="neut"></g><g v="sing"></g><g v="gent"></g></l></v></tfr></token><token id="600691" text=","><tfr rev_id="1433761" t=","><v><l id="0" t=","><g v="PNCT"></g></l></v></tfr></token><token id="600692" text="и"><tfr rev_id="1433762" t="и"><v><l id="116949" t="и"><g v="CONJ"></g></l></v><v><l id="116950" t="и"><g v="INTJ"></g></l></v></tfr></token><token id="600693" text="значительная"><tfr rev_id="1433763" t="значительная"><v><l id="116026" t="значительный"><g v="ADJF"></g><g v="Qual"></g><g v="femn"></g><g v="sing"></g><g v="nomn"></g></l></v></tfr></token><token id="600694" text="часть"><tfr rev_id="3710604" t="часть"><v><l id="374820" t="часть"><g v="NOUN"></g><g v="inan"></g><g v="femn"></g><g v="sing"></g><g v="nomn"></g></l></v></tfr></token><token id="600695" text="тепла"><tfr rev_id="2703212" t="тепла"><v><l id="344897" t="тепло"><g v="NOUN"></g><g v="inan"></g><g v="neut"></g><g v="Sgtm"></g><g v="sing"></g><g v="gent"></g></l></v></tfr></token><token id="600696" text="переносится"><tfr rev_id="1433766" t="переносится"><v><l id="231882" t="переношусь"><g v="VERB"></g><g v="impf"></g><g v="intr"></g><g v="sing"></g><g v="3per"></g><g v="pres"></g><g v="indc"></g></l></v><v><l id="231887" t="переносился"><g v="VERB"></g><g v="perf"></g><g v="intr"></g><g v="sing"></g><g v="3per"></g><g v="futr"></g><g v="indc"></g></l></v></tfr></token><token id="600697" text="и"><tfr rev_id="3677858" t="и"><v><l id="116949" t="и"><g v="CONJ"></g></l></v></tfr></token><token id="600698" text="в"><tfr rev_id="1433768" t="в"><v><l id="37409" t="в"><g v="PREP"></g></l></v></tfr></token><token id="600699" text="Европу"><tfr rev_id="1433769" t="Европу"><v><l id="94019" t="европа"><g v="NOUN"></g><g v="inan"></g><g v="femn"></g><g v="Sgtm"></g><g v="Geox"></g><g v="sing"></g><g v="accs"></g></l></v></tfr></token><token id="600700" text=","><tfr rev_id="1433770" t=","><v><l id="0" t=","><g v="PNCT"></g></l></v></tfr></token><token id="600701" text="и"><tfr rev_id="3688626" t="и"><v><l id="116949" t="и"><g v="CONJ"></g></l></v></tfr></token><token id="600702" text="в"><tfr rev_id="1433772" t="в"><v><l id="37409" t="в"><g v="PREP"></g></l></v></tfr></token><token id="600703" text="Арктику"><tfr rev_id="1433773" t="Арктику"><v><l id="16703" t="арктика"><g v="NOUN"></g><g v="inan"></g><g v="femn"></g><g v="Sgtm"></g><g v="Geox"></g><g v="sing"></g><g v="accs"></g></l></v></tfr></token><token id="600704" text="."><tfr rev_id="1433774" t="."><v><l id="0" t="."><g v="PNCT"></g></l></v></tfr></token></tokens></sentence><sentence id="33517"><source>То есть у нас зимы будут постепенно становится все более мягкими -"сиротскими"- а лето будет все менее жарким.</source><tokens><token id="600705" text="То"><tfr rev_id="4463464" t="То"><v><l id="346835" t="то"><g v="CONJ"></g></l></v></tfr></token><token id="600706" text="есть"><tfr rev_id="4385261" t="есть"><v><l id="37265" t="есть"><g v="VERB"></g><g v="impf"></g><g v="intr"></g><g v="sing"></g><g v="3per"></g><g v="pres"></g><g v="indc"></g></l></v><v><l id="37265" t="есть"><g v="VERB"></g><g v="impf"></g><g v="intr"></g><g v="plur"></g><g v="3per"></g><g v="pres"></g><g v="indc"></g></l></v></tfr></token><token id="600707" text="у"><tfr rev_id="1433777" t="у"><v><l id="352818" t="у"><g v="PREP"></g></l></v><v><l id="352819" t="у"><g v="INTJ"></g></l></v></tfr></token><token id="600708" text="нас"><tfr rev_id="4199243" t="нас"><v><l id="165750" t="мы"><g v="NPRO"></g><g v="1per"></g><g v="plur"></g><g v="gent"></g></l></v></tfr></token><token id="600709" text="зимы"><tfr rev_id="3800827" t="зимы"><v><l id="115412" t="зима"><g v="NOUN"></g><g v="inan"></g><g v="femn"></g><g v="plur"></g><g v="nomn"></g></l></v></tfr></token><token id="600710" text="будут"><tfr rev_id="1433780" t="будут"><v><l id="37265" t="есть"><g v="VERB"></g><g v="impf"></g><g v="intr"></g><g v="plur"></g><g v="3per"></g><g v="futr"></g><g v="indc"></g></l></v></tfr></token><token id="600711" text="постепенно"><tfr rev_id="1433781" t="постепенно"><v><l id="262234" t="постепенно"><g v="ADVB"></g></l></v><v><l id="262238" t="постепенен"><g v="ADJS"></g><g v="Qual"></g><g v="neut"></g><g v="sing"></g></l></v></tfr></token><token id="600712" text="становится"><tfr rev_id="1433782" t="становится"><v><l id="334671" t="становлюсь"><g v="VERB"></g><g v="impf"></g><g v="intr"></g><g v="sing"></g><g v="3per"></g><g v="pres"></g><g v="indc"></g></l></v></tfr></token><token id="600713" text="все"><tfr rev_id="4535502" t="все"><v><l id="390209" t="всё"><g v="PRCL"></g></l></v></tfr></token><token id="600714" text="более"><tfr rev_id="1433784" t="более"><v><l id="32065" t="более"><g v="ADVB"></g></l></v></tfr></token><token id="600715" text="мягкими"><tfr rev_id="1433785" t="мягкими"><v><l id="166042" t="мягкий"><g v="ADJF"></g><g v="Qual"></g><g v="plur"></g><g v="ablt"></g></l></v></tfr></token><token id="600716" text="-"><tfr rev_id="1433786" t="-"><v><l id="0" t="-"><g v="PNCT"></g></l></v></tfr></token><token id="600717" text="&quot;"><tfr rev_id="1433787" t="&quot;"><v><l id="0" t="&quot;"><g v="PNCT"></g></l></v></tfr></token><token id="600718" text="сиротскими"><tfr rev_id="1433788" t="сиротскими"><v><l id="321334" t="сиротский"><g v="ADJF"></g><g v="plur"></g><g v="ablt"></g></l></v></tfr></token><token id="600719" text="&quot;"><tfr rev_id="1433789" t="&quot;"><v><l id="0" t="&quot;"><g v="PNCT"></g></l></v></tfr></token><token id="600720" text="-"><tfr rev_id="1433790" t="-"><v><l id="0" t="-"><g v="PNCT"></g></l></v></tfr></token><token id="600721" text="а"><tfr rev_id="1433791" t="а"><v><l id="51" t="а"><g v="CONJ"></g></l></v><v><l id="52" t="а"><g v="INTJ"></g></l></v><v><l id="53" t="а"><g v="PRCL"></g></l></v></tfr></token><token id="600722" text="лето"><tfr rev_id="3706333" t="лето"><v><l id="148693" t="лето"><g v="NOUN"></g><g v="inan"></g><g v="neut"></g><g v="Sgtm"></g><g v="sing"></g><g v="nomn"></g></l></v></tfr></token><token id="600723" text="будет"><tfr rev_id="1433793" t="будет"><v><l id="37265" t="есть"><g v="VERB"></g><g v="impf"></g><g v="intr"></g><g v="sing"></g><g v="3per"></g><g v="futr"></g><g v="indc"></g></l></v></tfr></token><token id="600724" text="все"><tfr rev_id="4537330" t="все"><v><l id="390209" t="всё"><g v="PRCL"></g></l></v></tfr></token><token id="600725" text="менее"><tfr rev_id="1433795" t="менее"><v><l id="158343" t="менее"><g v="ADVB"></g></l></v></tfr></token><token id="600726" text="жарким"><tfr rev_id="4405351" t="жарким"><v><l id="96020" t="жаркий"><g v="ADJF"></g><g v="Qual"></g><g v="neut"></g><g v="sing"></g><g v="ablt"></g></l></v></tfr></token><token id="600727" text="."><tfr rev_id="1433797" t="."><v><l id="0" t="."><g v="PNCT"></g></l></v></tfr></token></tokens></sentence></paragraph><paragraph id="10712"><sentence id="33518"><source>Американские учёные установили важную закономерность: даже в те годы, когда общий объем льда остается стабильным или даже немного увеличивается, толщина ледового покрова продолжает уменьшаться.</source><tokens><token id="600728" text="Американские"><tfr rev_id="3812804" t="Американские"><v><l id="11429" t="американский"><g v="ADJF"></g><g v="plur"></g><g v="nomn"></g></l></v></tfr></token><token id="600729" text="учёные"><tfr rev_id="4176088" t="учёные"><v><l id="363100" t="учёный"><g v="NOUN"></g><g v="anim"></g><g v="masc"></g><g v="plur"></g><g v="nomn"></g></l></v></tfr></token><token id="600730" text="установили"><tfr rev_id="1433800" t="установили"><v><l id="360981" t="установил"><g v="VERB"></g><g v="perf"></g><g v="tran"></g><g v="plur"></g><g v="past"></g><g v="indc"></g></l></v></tfr></token><token id="600731" text="важную"><tfr rev_id="1433801" t="важную"><v><l id="37722" t="важный"><g v="ADJF"></g><g v="Qual"></g><g v="femn"></g><g v="sing"></g><g v="accs"></g></l></v></tfr></token><token id="600732" text="закономерность"><tfr rev_id="4233545" t="закономерность"><v><l id="103726" t="закономерность"><g v="NOUN"></g><g v="inan"></g><g v="femn"></g><g v="sing"></g><g v="accs"></g></l></v></tfr></token><token id="600733" text=":"><tfr rev_id="1433803" t=":"><v><l id="0" t=":"><g v="PNCT"></g></l></v></tfr></token><token id="600734" text="даже"><tfr rev_id="4079127" t="даже"><v><l id="77849" t="даже"><g v="PRCL"></g></l></v></tfr></token><token id="600735" text="в"><tfr rev_id="1433805" t="в"><v><l id="37409" t="в"><g v="PREP"></g></l></v></tfr></token><token id="600736" text="те"><tfr rev_id="4083198" t="те"><v><l id="348430" t="тот"><g v="ADJF"></g><g v="Subx"></g><g v="Apro"></g><g v="Anph"></g><g v="inan"></g><g v="plur"></g><g v="accs"></g></l></v></tfr></token><token id="600737" text="годы"><tfr rev_id="3749892" t="годы"><v><l id="72149" t="год"><g v="NOUN"></g><g v="inan"></g><g v="masc"></g><g v="plur"></g><g v="accs"></g></l></v></tfr></token><token id="600738" text=","><tfr rev_id="1433808" t=","><v><l id="0" t=","><g v="PNCT"></g></l></v></tfr></token><token id="600739" text="когда"><tfr rev_id="1433809" t="когда"><v><l id="135239" t="когда"><g v="CONJ"></g></l></v><v><l id="135240" t="когда"><g v="ADVB"></g><g v="Ques"></g></l></v></tfr></token><token id="600740" text="общий"><tfr rev_id="1433810" t="общий"><v><l id="201663" t="общий"><g v="ADJF"></g><g v="masc"></g><g v="sing"></g><g v="nomn"></g></l></v><v><l id="201663" t="общий"><g v="ADJF"></g><g v="inan"></g><g v="masc"></g><g v="sing"></g><g v="accs"></g></l></v></tfr></token><token id="600741" text="объем"><tfr rev_id="1714750" t="объем"><v><l id="201701" t="объём"><g v="NOUN"></g><g v="inan"></g><g v="masc"></g><g v="sing"></g><g v="nomn"></g></l></v><v><l id="201701" t="объём"><g v="NOUN"></g><g v="inan"></g><g v="masc"></g><g v="sing"></g><g v="accs"></g></l></v></tfr></token><token id="600742" text="льда"><tfr rev_id="1433812" t="льда"><v><l id="146061" t="лёд"><g v="NOUN"></g><g v="inan"></g><g v="masc"></g><g v="sing"></g><g v="gen1"></g></l></v></tfr></token><token id="600743" text="остается"><tfr rev_id="1433813" t="остается"><v><l id="210812" t="остаюсь"><g v="VERB"></g><g v="impf"></g><g v="intr"></g><g v="sing"></g><g v="3per"></g><g v="pres"></g><g v="indc"></g></l></v></tfr></token><token id="600744" text="стабильным"><tfr rev_id="4370464" t="стабильным"><v><l id="334297" t="стабильный"><g v="ADJF"></g><g v="Qual"></g><g v="masc"></g><g v="sing"></g><g v="ablt"></g></l></v></tfr></token><token id="600745" text="или"><tfr rev_id="3787184" t="или"><v><l id="121146" t="или"><g v="CONJ"></g></l></v></tfr></token><token id="600746" text="даже"><tfr rev_id="4079128" t="даже"><v><l id="77849" t="даже"><g v="PRCL"></g></l></v></tfr></token><token id="600747" text="немного"><tfr rev_id="4084657" t="немного"><v><l id="184140" t="немного"><g v="ADVB"></g></l></v></tfr></token><token id="600748" text="увеличивается"><tfr rev_id="1433818" t="увеличивается"><v><l id="353388" t="увеличиваюсь"><g v="VERB"></g><g v="impf"></g><g v="intr"></g><g v="sing"></g><g v="3per"></g><g v="pres"></g><g v="indc"></g></l></v></tfr></token><token id="600749" text=","><tfr rev_id="1433819" t=","><v><l id="0" t=","><g v="PNCT"></g></l></v></tfr></token><token id="600750" text="толщина"><tfr rev_id="1433820" t="толщина"><v><l id="347390" t="толщина"><g v="NOUN"></g><g v="inan"></g><g v="femn"></g><g v="sing"></g><g v="nomn"></g></l></v></tfr></token><token id="600751" text="ледового"><tfr rev_id="4096977" t="ледового"><v><l id="147731" t="ледовый"><g v="ADJF"></g><g v="Qual"></g><g v="masc"></g><g v="sing"></g><g v="gent"></g></l></v><v><l id="147731" t="ледовый"><g v="ADJF"></g><g v="Qual"></g><g v="anim"></g><g v="masc"></g><g v="sing"></g><g v="accs"></g></l></v></tfr></token><token id="600752" text="покрова"><tfr rev_id="1433822" t="покрова"><v><l id="254811" t="покров"><g v="NOUN"></g><g v="inan"></g><g v="masc"></g><g v="sing"></g><g v="gent"></g></l></v></tfr></token><token id="600753" text="продолжает"><tfr rev_id="1433823" t="продолжает"><v><l id="279215" t="продолжаю"><g v="VERB"></g><g v="impf"></g><g v="tran"></g><g v="sing"></g><g v="3per"></g><g v="pres"></g><g v="indc"></g></l></v></tfr></token><token id="600754" text="уменьшаться"><tfr rev_id="1433824" t="уменьшаться"><v><l id="357488" t="уменьшаться"><g v="INFN"></g><g v="impf"></g><g v="intr"></g></l></v></tfr></token><token id="600755" text="."><tfr rev_id="1433825" t="."><v><l id="0" t="."><g v="PNCT"></g></l></v></tfr></token></tokens></sentence><sentence id="33519"><source>И ещё несколько цифр.</source><tokens><token id="600756" text="И"><tfr rev_id="1433826" t="И"><v><l id="116949" t="и"><g v="CONJ"></g></l></v><v><l id="116950" t="и"><g v="INTJ"></g></l></v></tfr></token><token id="600757" text="ещё"><tfr rev_id="1433827" t="ещё"><v><l id="95551" t="ещё"><g v="PRCL"></g></l></v><v><l id="95552" t="ещё"><g v="ADVB"></g></l></v></tfr></token><token id="600758" text="несколько"><tfr rev_id="4179124" t="несколько"><v><l id="188126" t="несколько"><g v="NUMR"></g><g v="nomn"></g></l></v><v><l id="188126" t="несколько"><g v="NUMR"></g><g v="inan"></g><g v="accs"></g></l></v></tfr></token><token id="600759" text="цифр"><tfr rev_id="1433829" t="цифр"><v><l id="374165" t="цифра"><g v="NOUN"></g><g v="inan"></g><g v="femn"></g><g v="plur"></g><g v="gent"></g></l></v></tfr></token><token id="600760" text="."><tfr rev_id="1433830" t="."><v><l id="0" t="."><g v="PNCT"></g></l></v></tfr></token></tokens></sentence><sentence id="33520"><source>В 2003 году 62 % льдов в Арктике составляли вечные льды, 38% - льды, образовавшиеся за зиму.</source><tokens><token id="600761" text="В"><tfr rev_id="1433831" t="В"><v><l id="37409" t="в"><g v="PREP"></g></l></v></tfr></token><token id="600762" text="2003"><tfr rev_id="2461632" t="2003"><v><l id="0" t="2003"><g v="NUMB"></g></l></v></tfr></token><token id="600763" text="году"><tfr rev_id="2964136" t="году"><v><l id="72149" t="год"><g v="NOUN"></g><g v="inan"></g><g v="masc"></g><g v="sing"></g><g v="loc2"></g></l></v></tfr></token><token id="600764" text="62"><tfr rev_id="2461633" t="62"><v><l id="0" t="62"><g v="NUMB"></g></l></v></tfr></token><token id="600765" text="%"><tfr rev_id="2443532" t="%"><v><l id="0" t="%"><g v="PNCT"></g></l></v></tfr></token><token id="600766" text="льдов"><tfr rev_id="1433836" t="льдов"><v><l id="146061" t="лёд"><g v="NOUN"></g><g v="inan"></g><g v="masc"></g><g v="plur"></g><g v="gent"></g></l></v></tfr></token><token id="600767" text="в"><tfr rev_id="1433837" t="в"><v><l id="37409" t="в"><g v="PREP"></g></l></v></tfr></token><token id="600768" text="Арктике"><tfr rev_id="3472021" t="Арктике"><v><l id="16703" t="арктика"><g v="NOUN"></g><g v="inan"></g><g v="femn"></g><g v="Sgtm"></g><g v="Geox"></g><g v="sing"></g><g v="loct"></g></l></v></tfr></token><token id="600769" text="составляли"><tfr rev_id="1433839" t="составляли"><v><l id="330494" t="составляю"><g v="VERB"></g><g v="impf"></g><g v="tran"></g><g v="plur"></g><g v="past"></g><g v="indc"></g></l></v></tfr></token><token id="600770" text="вечные"><tfr rev_id="4086640" t="вечные"><v><l id="42414" t="вечный"><g v="ADJF"></g><g v="Qual"></g><g v="plur"></g><g v="nomn"></g></l></v></tfr></token><token id="600771" text="льды"><tfr rev_id="3727613" t="льды"><v><l id="146061" t="лёд"><g v="NOUN"></g><g v="inan"></g><g v="masc"></g><g v="plur"></g><g v="nomn"></g></l></v></tfr></token><token id="600772" text=","><tfr rev_id="1433842" t=","><v><l id="0" t=","><g v="PNCT"></g></l></v></tfr></token><token id="600773" text="38"><tfr rev_id="2461634" t="38"><v><l id="0" t="38"><g v="NUMB"></g></l></v></tfr></token><token id="600774" text="%"><tfr rev_id="2443533" t="%"><v><l id="0" t="%"><g v="PNCT"></g></l></v></tfr></token><token id="600775" text="-"><tfr rev_id="1433845" t="-"><v><l id="0" t="-"><g v="PNCT"></g></l></v></tfr></token><token id="600776" text="льды"><tfr rev_id="3749988" t="льды"><v><l id="146061" t="лёд"><g v="NOUN"></g><g v="inan"></g><g v="masc"></g><g v="plur"></g><g v="nomn"></g></l></v></tfr></token><token id="600777" text=","><tfr rev_id="1433847" t=","><v><l id="0" t=","><g v="PNCT"></g></l></v></tfr></token><token id="600778" text="образовавшиеся"><tfr rev_id="1433848" t="образовавшиеся"><v><l id="198830" t="образовавшийся"><g v="PRTF"></g><g v="perf"></g><g v="intr"></g><g v="past"></g><g v="actv"></g><g v="plur"></g><g v="nomn"></g></l></v><v><l id="198830" t="образовавшийся"><g v="PRTF"></g><g v="perf"></g><g v="intr"></g><g v="past"></g><g v="actv"></g><g v="inan"></g><g v="plur"></g><g v="accs"></g></l></v><v><l id="198831" t="образовавшийся"><g v="PRTF"></g><g v="impf"></g><g v="intr"></g><g v="past"></g><g v="actv"></g><g v="plur"></g><g v="nomn"></g></l></v><v><l id="198831" t="образовавшийся"><g v="PRTF"></g><g v="impf"></g><g v="intr"></g><g v="past"></g><g v="actv"></g><g v="inan"></g><g v="plur"></g><g v="accs"></g></l></v></tfr></token><token id="600779" text="за"><tfr rev_id="1433849" t="за"><v><l id="98043" t="за"><g v="PREP"></g></l></v></tfr></token><token id="600780" text="зиму"><tfr rev_id="1433850" t="зиму"><v><l id="115412" t="зима"><g v="NOUN"></g><g v="inan"></g><g v="femn"></g><g v="sing"></g><g v="accs"></g></l></v></tfr></token><token id="600781" text="."><tfr rev_id="1433851" t="."><v><l id="0" t="."><g v="PNCT"></g></l></v></tfr></token></tokens></sentence><sentence id="33521"><source>В 2008 году соотношение изменилось в обратную сторону – сезонные льды составляли уже 68%, а вечных льдов оставалось 32%.</source><tokens><token id="600782" text="В"><tfr rev_id="1433852" t="В"><v><l id="37409" t="в"><g v="PREP"></g></l></v></tfr></token><token id="600783" text="2008"><tfr rev_id="2461635" t="2008"><v><l id="0" t="2008"><g v="NUMB"></g></l></v></tfr></token><token id="600784" text="году"><tfr rev_id="3045855" t="году"><v><l id="72149" t="год"><g v="NOUN"></g><g v="inan"></g><g v="masc"></g><g v="sing"></g><g v="loc2"></g></l></v></tfr></token><token id="600785" text="соотношение"><tfr rev_id="1433855" t="соотношение"><v><l id="329661" t="соотношение"><g v="NOUN"></g><g v="inan"></g><g v="neut"></g><g v="sing"></g><g v="nomn"></g></l></v><v><l id="329661" t="соотношение"><g v="NOUN"></g><g v="inan"></g><g v="neut"></g><g v="sing"></g><g v="accs"></g></l></v></tfr></token><token id="600786" text="изменилось"><tfr rev_id="1433856" t="изменилось"><v><l id="119498" t="изменился"><g v="VERB"></g><g v="perf"></g><g v="intr"></g><g v="neut"></g><g v="sing"></g><g v="past"></g><g v="indc"></g></l></v></tfr></token><token id="600787" text="в"><tfr rev_id="1433857" t="в"><v><l id="37409" t="в"><g v="PREP"></g></l></v></tfr></token><token id="600788" text="обратную"><tfr rev_id="1433858" t="обратную"><v><l id="198939" t="обратный"><g v="ADJF"></g><g v="Qual"></g><g v="femn"></g><g v="sing"></g><g v="accs"></g></l></v></tfr></token><token id="600789" text="сторону"><tfr rev_id="1433859" t="сторону"><v><l id="336894" t="сторона"><g v="NOUN"></g><g v="inan"></g><g v="femn"></g><g v="sing"></g><g v="accs"></g></l></v></tfr></token><token id="600790" text="–"><tfr rev_id="2443534" t="–"><v><l id="0" t="–"><g v="PNCT"></g></l></v></tfr></token><token id="600791" text="сезонные"><tfr rev_id="4567825" t="сезонные"><v><l id="317863" t="сезонный"><g v="ADJF"></g><g v="plur"></g><g v="nomn"></g></l></v></tfr></token><token id="600792" text="льды"><tfr rev_id="3728000" t="льды"><v><l id="146061" t="лёд"><g v="NOUN"></g><g v="inan"></g><g v="masc"></g><g v="plur"></g><g v="nomn"></g></l></v></tfr></token><token id="600793" text="составляли"><tfr rev_id="1433863" t="составляли"><v><l id="330494" t="составляю"><g v="VERB"></g><g v="impf"></g><g v="tran"></g><g v="plur"></g><g v="past"></g><g v="indc"></g></l></v></tfr></token><token id="600794" text="уже"><tfr rev_id="2692714" t="уже"><v><l id="355422" t="уж"><g v="NOUN"></g><g v="anim"></g><g v="masc"></g><g v="sing"></g><g v="loct"></g></l></v><v><l id="355498" t="уже"><g v="ADVB"></g></l></v><v><l id="355674" t="уже"><g v="COMP"></g><g v="Qual"></g></l></v><v><l id="388673" t="уже"><g v="PRCL"></g></l></v></tfr></token><token id="600795" text="68"><tfr rev_id="2461636" t="68"><v><l id="0" t="68"><g v="NUMB"></g></l></v></tfr></token><token id="600796" text="%"><tfr rev_id="2443535" t="%"><v><l id="0" t="%"><g v="PNCT"></g></l></v></tfr></token><token id="600797" text=","><tfr rev_id="1433867" t=","><v><l id="0" t=","><g v="PNCT"></g></l></v></tfr></token><token id="600798" text="а"><tfr rev_id="1433868" t="а"><v><l id="51" t="а"><g v="CONJ"></g></l></v><v><l id="52" t="а"><g v="INTJ"></g></l></v><v><l id="53" t="а"><g v="PRCL"></g></l></v></tfr></token><token id="600799" text="вечных"><tfr rev_id="3671062" t="вечных"><v><l id="42414" t="вечный"><g v="ADJF"></g><g v="Qual"></g><g v="plur"></g><g v="gent"></g></l></v></tfr></token><token id="600800" text="льдов"><tfr rev_id="1433870" t="льдов"><v><l id="146061" t="лёд"><g v="NOUN"></g><g v="inan"></g><g v="masc"></g><g v="plur"></g><g v="gent"></g></l></v></tfr></token><token id="600801" text="оставалось"><tfr rev_id="1433871" t="оставалось"><v><l id="210812" t="остаюсь"><g v="VERB"></g><g v="impf"></g><g v="intr"></g><g v="neut"></g><g v="sing"></g><g v="past"></g><g v="indc"></g></l></v></tfr></token><token id="600802" text="32"><tfr rev_id="2461637" t="32"><v><l id="0" t="32"><g v="NUMB"></g></l></v></tfr></token><token id="600803" text="%"><tfr rev_id="2443536" t="%"><v><l id="0" t="%"><g v="PNCT"></g></l></v></tfr></token><token id="600804" text="."><tfr rev_id="1433874" t="."><v><l id="0" t="."><g v="PNCT"></g></l></v></tfr></token></tokens></sentence></paragraph><paragraph id="10713"><sentence id="33522"><source>Но это ещё не всё.</source><tokens><token id="600805" text="Но"><tfr rev_id="3486558" t="Но"><v><l id="191429" t="но"><g v="CONJ"></g></l></v></tfr></token><token id="600806" text="это"><tfr rev_id="4441538" t="это"><v><l id="386574" t="это"><g v="PRCL"></g></l></v><v><l id="386575" t="это"><g v="NPRO"></g><g v="neut"></g><g v="sing"></g><g v="nomn"></g></l></v><v><l id="386575" t="это"><g v="NPRO"></g><g v="neut"></g><g v="sing"></g><g v="accs"></g></l></v><v><l id="386581" t="этот"><g v="ADJF"></g><g v="Subx"></g><g v="Apro"></g><g v="Anph"></g><g v="neut"></g><g v="sing"></g><g v="nomn"></g></l></v><v><l id="386581" t="этот"><g v="ADJF"></g><g v="Subx"></g><g v="Apro"></g><g v="Anph"></g><g v="neut"></g><g v="sing"></g><g v="accs"></g></l></v></tfr></token><token id="600807" text="ещё"><tfr rev_id="1433877" t="ещё"><v><l id="95551" t="ещё"><g v="PRCL"></g></l></v><v><l id="95552" t="ещё"><g v="ADVB"></g></l></v></tfr></token><token id="600808" text="не"><tfr rev_id="1433878" t="не"><v><l id="178876" t="не"><g v="PRCL"></g></l></v></tfr></token><token id="600809" text="всё"><tfr rev_id="4516429" t="всё"><v><l id="42156" t="весь"><g v="ADJF"></g><g v="Subx"></g><g v="Apro"></g><g v="neut"></g><g v="sing"></g><g v="accs"></g></l></v><v><l id="42156" t="весь"><g v="ADJF"></g><g v="Subx"></g><g v="Apro"></g><g v="neut"></g><g v="sing"></g><g v="nomn"></g></l></v></tfr></token><token id="600810" text="."><tfr rev_id="1433880" t="."><v><l id="0" t="."><g v="PNCT"></g></l></v></tfr></token></tokens></sentence><sentence id="33523"><source>Другие учёные, независимо друг от друга установили, что в вечной мерзлоте и льдах Земли сконцентрировано в замороженном виде примерно в два раза больше углекислого газа, чем во всей атмосфере.</source><tokens><token id="600811" text="Другие"><tfr rev_id="3747749" t="Другие"><v><l id="92342" t="другой"><g v="ADJF"></g><g v="Apro"></g><g v="Subx"></g><g v="plur"></g><g v="nomn"></g></l></v></tfr></token><token id="600812" text="учёные"><tfr rev_id="4176089" t="учёные"><v><l id="363100" t="учёный"><g v="NOUN"></g><g v="anim"></g><g v="masc"></g><g v="plur"></g><g v="nomn"></g></l></v></tfr></token><token id="600813" text=","><tfr rev_id="1433883" t=","><v><l id="0" t=","><g v="PNCT"></g></l></v></tfr></token><token id="600814" text="независимо"><tfr rev_id="4239178" t="независимо"><v><l id="182129" t="независимо"><g v="ADVB"></g></l></v></tfr></token><token id="600815" text="друг"><tfr rev_id="1433885" t="друг"><v><l id="92341" t="друг"><g v="NOUN"></g><g v="anim"></g><g v="masc"></g><g v="sing"></g><g v="nomn"></g></l></v></tfr></token><token id="600816" text="от"><tfr rev_id="1433886" t="от"><v><l id="211644" t="от"><g v="PREP"></g></l></v></tfr></token><token id="600817" text="друга"><tfr rev_id="3676084" t="друга"><v><l id="92341" t="друг"><g v="NOUN"></g><g v="anim"></g><g v="masc"></g><g v="sing"></g><g v="gent"></g></l></v></tfr></token><token id="600818" text="установили"><tfr rev_id="1433888" t="установили"><v><l id="360981" t="установил"><g v="VERB"></g><g v="perf"></g><g v="tran"></g><g v="plur"></g><g v="past"></g><g v="indc"></g></l></v></tfr></token><token id="600819" text=","><tfr rev_id="1433889" t=","><v><l id="0" t=","><g v="PNCT"></g></l></v></tfr></token><token id="600820" text="что"><tfr rev_id="3196807" t="что"><v><l id="377004" t="что"><g v="CONJ"></g></l></v><v><l id="377005" t="что"><g v="NPRO"></g><g v="neut"></g><g v="sing"></g><g v="nomn"></g></l></v><v><l id="377005" t="что"><g v="NPRO"></g><g v="neut"></g><g v="sing"></g><g v="accs"></g></l></v><v><l id="377006" t="что"><g v="ADVB"></g><g v="Ques"></g></l></v><v><l id="388695" t="что"><g v="PRCL"></g></l></v></tfr></token><token id="600821" text="в"><tfr rev_id="1433891" t="в"><v><l id="37409" t="в"><g v="PREP"></g></l></v></tfr></token><token id="600822" text="вечной"><tfr rev_id="3553977" t="вечной"><v><l id="42414" t="вечный"><g v="ADJF"></g><g v="Qual"></g><g v="femn"></g><g v="sing"></g><g v="loct"></g></l></v></tfr></token><token id="600823" text="мерзлоте"><tfr rev_id="3549959" t="мерзлоте"><v><l id="158522" t="мерзлота"><g v="NOUN"></g><g v="inan"></g><g v="femn"></g><g v="Sgtm"></g><g v="sing"></g><g v="loct"></g></l></v></tfr></token><token id="600824" text="и"><tfr rev_id="1433894" t="и"><v><l id="116949" t="и"><g v="CONJ"></g></l></v><v><l id="116950" t="и"><g v="INTJ"></g></l></v></tfr></token><token id="600825" text="льдах"><tfr rev_id="1433895" t="льдах"><v><l id="146061" t="лёд"><g v="NOUN"></g><g v="inan"></g><g v="masc"></g><g v="plur"></g><g v="loct"></g></l></v></tfr></token><token id="600826" text="Земли"><tfr rev_id="3285662" t="Земли"><v><l id="115091" t="земля"><g v="NOUN"></g><g v="inan"></g><g v="femn"></g><g v="sing"></g><g v="gent"></g></l></v></tfr></token><token id="600827" text="сконцентрировано"><tfr rev_id="1433897" t="сконцентрировано"><v><l id="323048" t="сконцентрирован"><g v="PRTS"></g><g v="perf"></g><g v="past"></g><g v="pssv"></g><g v="neut"></g><g v="sing"></g></l></v></tfr></token><token id="600828" text="в"><tfr rev_id="1433898" t="в"><v><l id="37409" t="в"><g v="PREP"></g></l></v></tfr></token><token id="600829" text="замороженном"><tfr rev_id="3443159" t="замороженном"><v><l id="105828" t="замороженный"><g v="PRTF"></g><g v="perf"></g><g v="tran"></g><g v="past"></g><g v="pssv"></g><g v="masc"></g><g v="sing"></g><g v="loct"></g></l></v></tfr></token><token id="600830" text="виде"><tfr rev_id="1433900" t="виде"><v><l id="44437" t="вид"><g v="NOUN"></g><g v="inan"></g><g v="masc"></g><g v="sing"></g><g v="loc1"></g></l></v></tfr></token><token id="600831" text="примерно"><tfr rev_id="2691011" t="примерно"><v><l id="272014" t="примерно"><g v="ADVB"></g></l></v><v><l id="272017" t="примерен"><g v="ADJS"></g><g v="Qual"></g><g v="neut"></g><g v="sing"></g></l></v><v><l id="388671" t="примерно"><g v="PRCL"></g></l></v></tfr></token><token id="600832" text="в"><tfr rev_id="1433902" t="в"><v><l id="37409" t="в"><g v="PREP"></g></l></v></tfr></token><token id="600833" text="два"><tfr rev_id="4450418" t="два"><v><l id="78668" t="два"><g v="NUMR"></g><g v="masc"></g><g v="nomn"></g></l></v><v><l id="78668" t="два"><g v="NUMR"></g><g v="inan"></g><g v="masc"></g><g v="accs"></g></l></v><v><l id="78668" t="два"><g v="NUMR"></g><g v="neut"></g><g v="nomn"></g></l></v><v><l id="78668" t="два"><g v="NUMR"></g><g v="inan"></g><g v="neut"></g><g v="accs"></g></l></v></tfr></token><token id="600834" text="раза"><tfr rev_id="3421614" t="раза"><v><l id="291500" t="раз"><g v="NOUN"></g><g v="inan"></g><g v="masc"></g><g v="sing"></g><g v="gen1"></g></l></v></tfr></token><token id="600835" text="больше"><tfr rev_id="2558469" t="больше"><v><l id="32325" t="больше"><g v="ADVB"></g></l></v><v><l id="32447" t="больше"><g v="COMP"></g><g v="Qual"></g></l></v></tfr></token><token id="600836" text="углекислого"><tfr rev_id="4205176" t="углекислого"><v><l id="354079" t="углекислый"><g v="ADJF"></g><g v="Qual"></g><g v="masc"></g><g v="sing"></g><g v="gent"></g></l></v><v><l id="354079" t="углекислый"><g v="ADJF"></g><g v="Qual"></g><g v="anim"></g><g v="masc"></g><g v="sing"></g><g v="accs"></g></l></v></tfr></token><token id="600837" text="газа"><tfr rev_id="4181376" t="газа"><v><l id="65788" t="газ"><g v="NOUN"></g><g v="inan"></g><g v="masc"></g><g v="sing"></g><g v="gen1"></g></l></v></tfr></token><token id="600838" text=","><tfr rev_id="1433908" t=","><v><l id="0" t=","><g v="PNCT"></g></l></v></tfr></token><token id="600839" text="чем"><tfr rev_id="4336490" t="чем"><v><l id="375161" t="чем"><g v="CONJ"></g></l></v></tfr></token><token id="600840" text="во"><tfr rev_id="2920236" t="во"><v><l id="37409" t="в"><g v="PREP"></g><g v="Vpre"></g></l></v></tfr></token><token id="600841" text="всей"><tfr rev_id="4405663" t="всей"><v><l id="42156" t="весь"><g v="ADJF"></g><g v="Subx"></g><g v="Apro"></g><g v="femn"></g><g v="sing"></g><g v="loct"></g></l></v></tfr></token><token id="600842" text="атмосфере"><tfr rev_id="2737465" t="атмосфере"><v><l id="19555" t="атмосфера"><g v="NOUN"></g><g v="inan"></g><g v="femn"></g><g v="sing"></g><g v="loct"></g></l></v></tfr></token><token id="600843" text="."><tfr rev_id="1433913" t="."><v><l id="0" t="."><g v="PNCT"></g></l></v></tfr></token></tokens></sentence><sentence id="33524"><source>И в условиях мощного таяния, при освобождении огромных количеств углекислоты, парниковый эффект только усиливается.</source><tokens><token id="600844" text="И"><tfr rev_id="4288968" t="И"><v><l id="116949" t="и"><g v="CONJ"></g></l></v></tfr></token><token id="600845" text="в"><tfr rev_id="1433915" t="в"><v><l id="37409" t="в"><g v="PREP"></g></l></v></tfr></token><token id="600846" text="условиях"><tfr rev_id="1433916" t="условиях"><v><l id="360556" t="условие"><g v="NOUN"></g><g v="inan"></g><g v="neut"></g><g v="plur"></g><g v="loct"></g></l></v></tfr></token><token id="600847" text="мощного"><tfr rev_id="3430911" t="мощного"><v><l id="164528" t="мощный"><g v="ADJF"></g><g v="Qual"></g><g v="neut"></g><g v="sing"></g><g v="gent"></g></l></v></tfr></token><token id="600848" text="таяния"><tfr rev_id="3523006" t="таяния"><v><l id="343668" t="таяние"><g v="NOUN"></g><g v="inan"></g><g v="neut"></g><g v="sing"></g><g v="gent"></g></l></v></tfr></token><token id="600849" text=","><tfr rev_id="1433919" t=","><v><l id="0" t=","><g v="PNCT"></g></l></v></tfr></token><token id="600850" text="при"><tfr rev_id="2699795" t="при"><v><l id="268625" t="при"><g v="PREP"></g></l></v></tfr></token><token id="600851" text="освобождении"><tfr rev_id="1433921" t="освобождении"><v><l id="209718" t="освобождение"><g v="NOUN"></g><g v="inan"></g><g v="neut"></g><g v="sing"></g><g v="loct"></g></l></v></tfr></token><token id="600852" text="огромных"><tfr rev_id="3671065" t="огромных"><v><l id="203009" t="огромный"><g v="ADJF"></g><g v="Qual"></g><g v="plur"></g><g v="gent"></g></l></v></tfr></token><token id="600853" text="количеств"><tfr rev_id="1433923" t="количеств"><v><l id="135983" t="количество"><g v="NOUN"></g><g v="inan"></g><g v="neut"></g><g v="plur"></g><g v="gent"></g></l></v></tfr></token><token id="600854" text="углекислоты"><tfr rev_id="3497162" t="углекислоты"><v><l id="354077" t="углекислота"><g v="NOUN"></g><g v="inan"></g><g v="femn"></g><g v="sing"></g><g v="gent"></g></l></v></tfr></token><token id="600855" text=","><tfr rev_id="1433925" t=","><v><l id="0" t=","><g v="PNCT"></g></l></v></tfr></token><token id="600856" text="парниковый"><tfr rev_id="1433926" t="парниковый"><v><l id="224185" t="парниковый"><g v="ADJF"></g><g v="Qual"></g><g v="masc"></g><g v="sing"></g><g v="nomn"></g></l></v><v><l id="224185" t="парниковый"><g v="ADJF"></g><g v="Qual"></g><g v="inan"></g><g v="masc"></g><g v="sing"></g><g v="accs"></g></l></v></tfr></token><token id="600857" text="эффект"><tfr rev_id="4093130" t="эффект"><v><l id="386657" t="эффект"><g v="NOUN"></g><g v="inan"></g><g v="masc"></g><g v="sing"></g><g v="nomn"></g></l></v></tfr></token><token id="600858" text="только"><tfr rev_id="3784056" t="только"><v><l id="347395" t="только"><g v="CONJ"></g></l></v><v><l id="347396" t="только"><g v="PRCL"></g></l></v><v><l id="390053" t="только"><g v="ADVB"></g></l></v></tfr></token><token id="600859" text="усиливается"><tfr rev_id="1433929" t="усиливается"><v><l id="360401" t="усиливаюсь"><g v="VERB"></g><g v="impf"></g><g v="intr"></g><g v="sing"></g><g v="3per"></g><g v="pres"></g><g v="indc"></g></l></v></tfr></token><token id="600860" text="."><tfr rev_id="1433930" t="."><v><l id="0" t="."><g v="PNCT"></g></l></v></tfr></token></tokens></sentence></paragraph></paragraphs></text>