<?xml version="1.0" encoding="utf-8"?><text id="1125" parent="604" name="0026090 Нужен QA lead в Петербурге"><tags><tag>url:http://yakov-sirotkin.livejournal.com/26090.html</tag><tag>Год:2005</tag><tag>Время:11:35</tag><tag>Дата:18/10</tag></tags><paragraphs><paragraph id="10731"><sentence id="33552"><source>Нужен QA lead в Петербурге</source><tokens><token id="601246" text="Нужен"><tfr rev_id="1434313" t="Нужен"><v><l id="192584" t="нужен"><g v="ADJS"></g><g v="Qual"></g><g v="masc"></g><g v="sing"></g></l></v></tfr></token><token id="601247" text="QA"><tfr rev_id="2474624" t="QA"><v><l id="0" t="QA"><g v="LATN"></g></l></v></tfr></token><token id="601248" text="lead"><tfr rev_id="2474625" t="lead"><v><l id="0" t="lead"><g v="LATN"></g></l></v></tfr></token><token id="601249" text="в"><tfr rev_id="1434316" t="в"><v><l id="37409" t="в"><g v="PREP"></g></l></v></tfr></token><token id="601250" text="Петербурге"><tfr rev_id="1434317" t="Петербурге"><v><l id="237887" t="петербург"><g v="NOUN"></g><g v="inan"></g><g v="masc"></g><g v="Geox"></g><g v="sing"></g><g v="loct"></g></l></v></tfr></token></tokens></sentence></paragraph><paragraph id="10732"><sentence id="33553"><source>Датская компания interresearch a|s много лет занимается предоставлением сервиса для проведения опросов через Интернет по модели ASP.</source><tokens><token id="601251" text="Датская"><tfr rev_id="1434318" t="Датская"><v><l id="78538" t="датский"><g v="ADJF"></g><g v="femn"></g><g v="sing"></g><g v="nomn"></g></l></v></tfr></token><token id="601252" text="компания"><tfr rev_id="1434319" t="компания"><v><l id="137146" t="компания"><g v="NOUN"></g><g v="inan"></g><g v="femn"></g><g v="sing"></g><g v="nomn"></g></l></v></tfr></token><token id="601253" text="interresearch"><tfr rev_id="2474626" t="interresearch"><v><l id="0" t="interresearch"><g v="LATN"></g></l></v></tfr></token><token id="601254" text="a|s"><tfr rev_id="1434321" t="a|s"><v><l id="0" t="a|s"><g v="UNKN"></g></l></v></tfr></token><token id="601255" text="много"><tfr rev_id="4170679" t="много"><v><l id="389079" t="много"><g v="NUMR"></g><g v="nomn"></g></l></v><v><l id="389079" t="много"><g v="NUMR"></g><g v="accs"></g></l></v></tfr></token><token id="601256" text="лет"><tfr rev_id="3498529" t="лет"><v><l id="72149" t="год"><g v="NOUN"></g><g v="inan"></g><g v="masc"></g><g v="plur"></g><g v="gent"></g></l></v></tfr></token><token id="601257" text="занимается"><tfr rev_id="1434324" t="занимается"><v><l id="106419" t="занимаюсь"><g v="VERB"></g><g v="impf"></g><g v="intr"></g><g v="sing"></g><g v="3per"></g><g v="pres"></g><g v="indc"></g></l></v></tfr></token><token id="601258" text="предоставлением"><tfr rev_id="1434325" t="предоставлением"><v><l id="266670" t="предоставление"><g v="NOUN"></g><g v="inan"></g><g v="neut"></g><g v="sing"></g><g v="ablt"></g></l></v></tfr></token><token id="601259" text="сервиса"><tfr rev_id="1434326" t="сервиса"><v><l id="319025" t="сервис"><g v="NOUN"></g><g v="inan"></g><g v="masc"></g><g v="sing"></g><g v="gent"></g></l></v></tfr></token><token id="601260" text="для"><tfr rev_id="2707367" t="для"><v><l id="85032" t="для"><g v="PREP"></g></l></v></tfr></token><token id="601261" text="проведения"><tfr rev_id="2756966" t="проведения"><v><l id="277705" t="проведение"><g v="NOUN"></g><g v="inan"></g><g v="neut"></g><g v="sing"></g><g v="gent"></g></l></v></tfr></token><token id="601262" text="опросов"><tfr rev_id="1434329" t="опросов"><v><l id="208143" t="опрос"><g v="NOUN"></g><g v="inan"></g><g v="masc"></g><g v="plur"></g><g v="gent"></g></l></v></tfr></token><token id="601263" text="через"><tfr rev_id="1434330" t="через"><v><l id="375333" t="через"><g v="PREP"></g></l></v></tfr></token><token id="601264" text="Интернет"><tfr rev_id="1434331" t="Интернет"><v><l id="123255" t="интернет"><g v="NOUN"></g><g v="inan"></g><g v="masc"></g><g v="sing"></g><g v="nomn"></g></l></v><v><l id="123255" t="интернет"><g v="NOUN"></g><g v="inan"></g><g v="masc"></g><g v="sing"></g><g v="accs"></g></l></v></tfr></token><token id="601265" text="по"><tfr rev_id="1434332" t="по"><v><l id="241240" t="по"><g v="PREP"></g></l></v></tfr></token><token id="601266" text="модели"><tfr rev_id="4456778" t="модели"><v><l id="162273" t="модель"><g v="NOUN"></g><g v="inan"></g><g v="femn"></g><g v="sing"></g><g v="datv"></g></l></v></tfr></token><token id="601267" text="ASP"><tfr rev_id="2474627" t="ASP"><v><l id="0" t="ASP"><g v="LATN"></g></l></v></tfr></token><token id="601268" text="."><tfr rev_id="1434335" t="."><v><l id="0" t="."><g v="PNCT"></g></l></v></tfr></token></tokens></sentence><sentence id="33554"><source>В связи с развитием центра разработки в Петербурге требуется QA lead, который будет</source><tokens><token id="601269" text="В"><tfr rev_id="1434336" t="В"><v><l id="37409" t="в"><g v="PREP"></g></l></v></tfr></token><token id="601270" text="связи"><tfr rev_id="4463561" t="связи"><v><l id="316572" t="связь"><g v="NOUN"></g><g v="inan"></g><g v="femn"></g><g v="sing"></g><g v="loc1"></g></l></v><v><l id="316572" t="связь"><g v="NOUN"></g><g v="inan"></g><g v="femn"></g><g v="sing"></g><g v="loc2"></g></l></v></tfr></token><token id="601271" text="с"><tfr rev_id="1434338" t="с"><v><l id="311151" t="с"><g v="PREP"></g></l></v></tfr></token><token id="601272" text="развитием"><tfr rev_id="1434339" t="развитием"><v><l id="292545" t="развитие"><g v="NOUN"></g><g v="inan"></g><g v="neut"></g><g v="sing"></g><g v="ablt"></g></l></v></tfr></token><token id="601273" text="центра"><tfr rev_id="1434340" t="центра"><v><l id="373369" t="центр"><g v="NOUN"></g><g v="inan"></g><g v="masc"></g><g v="sing"></g><g v="gent"></g></l></v></tfr></token><token id="601274" text="разработки"><tfr rev_id="3494871" t="разработки"><v><l id="296485" t="разработка"><g v="NOUN"></g><g v="inan"></g><g v="femn"></g><g v="sing"></g><g v="gent"></g></l></v></tfr></token><token id="601275" text="в"><tfr rev_id="1434342" t="в"><v><l id="37409" t="в"><g v="PREP"></g></l></v></tfr></token><token id="601276" text="Петербурге"><tfr rev_id="1434343" t="Петербурге"><v><l id="237887" t="петербург"><g v="NOUN"></g><g v="inan"></g><g v="masc"></g><g v="Geox"></g><g v="sing"></g><g v="loct"></g></l></v></tfr></token><token id="601277" text="требуется"><tfr rev_id="1434344" t="требуется"><v><l id="349476" t="требуюсь"><g v="VERB"></g><g v="impf"></g><g v="intr"></g><g v="sing"></g><g v="3per"></g><g v="pres"></g><g v="indc"></g></l></v></tfr></token><token id="601278" text="QA"><tfr rev_id="2474628" t="QA"><v><l id="0" t="QA"><g v="LATN"></g></l></v></tfr></token><token id="601279" text="lead"><tfr rev_id="2474629" t="lead"><v><l id="0" t="lead"><g v="LATN"></g></l></v></tfr></token><token id="601280" text=","><tfr rev_id="1434347" t=","><v><l id="0" t=","><g v="PNCT"></g></l></v></tfr></token><token id="601281" text="который"><tfr rev_id="3637399" t="который"><v><l id="141203" t="который"><g v="ADJF"></g><g v="Apro"></g><g v="Subx"></g><g v="Anph"></g><g v="masc"></g><g v="sing"></g><g v="nomn"></g></l></v><v><l id="141203" t="который"><g v="ADJF"></g><g v="Apro"></g><g v="Subx"></g><g v="Anph"></g><g v="inan"></g><g v="masc"></g><g v="sing"></g><g v="accs"></g></l></v></tfr></token><token id="601282" text="будет"><tfr rev_id="1434349" t="будет"><v><l id="37265" t="есть"><g v="VERB"></g><g v="impf"></g><g v="intr"></g><g v="sing"></g><g v="3per"></g><g v="futr"></g><g v="indc"></g></l></v></tfr></token></tokens></sentence></paragraph><paragraph id="10733"><sentence id="33555"><source>• повышать качество программного обеспечения</source><tokens><token id="601283" text="•"><tfr rev_id="2443543" t="•"><v><l id="0" t="•"><g v="PNCT"></g></l></v></tfr></token><token id="601284" text="повышать"><tfr rev_id="1434351" t="повышать"><v><l id="243052" t="повышать"><g v="INFN"></g><g v="impf"></g><g v="tran"></g></l></v></tfr></token><token id="601285" text="качество"><tfr rev_id="1434352" t="качество"><v><l id="131638" t="качество"><g v="NOUN"></g><g v="inan"></g><g v="neut"></g><g v="sing"></g><g v="nomn"></g></l></v><v><l id="131638" t="качество"><g v="NOUN"></g><g v="inan"></g><g v="neut"></g><g v="sing"></g><g v="accs"></g></l></v></tfr></token><token id="601286" text="программного"><tfr rev_id="3454297" t="программного"><v><l id="278710" t="программный"><g v="ADJF"></g><g v="neut"></g><g v="sing"></g><g v="gent"></g></l></v></tfr></token><token id="601287" text="обеспечения"><tfr rev_id="3445267" t="обеспечения"><v><l id="194745" t="обеспечение"><g v="NOUN"></g><g v="inan"></g><g v="neut"></g><g v="sing"></g><g v="gent"></g></l></v></tfr></token></tokens></sentence><sentence id="33556"><source>• координировать некоторые производственные процессы</source><tokens><token id="601288" text="•"><tfr rev_id="2443544" t="•"><v><l id="0" t="•"><g v="PNCT"></g></l></v></tfr></token><token id="601289" text="координировать"><tfr rev_id="1434356" t="координировать"><v><l id="139138" t="координировать"><g v="INFN"></g><g v="impf"></g><g v="tran"></g></l></v></tfr></token><token id="601290" text="некоторые"><tfr rev_id="4475641" t="некоторые"><v><l id="183542" t="некоторый"><g v="ADJF"></g><g v="Apro"></g><g v="plur"></g><g v="nomn"></g></l></v><v><l id="183542" t="некоторый"><g v="ADJF"></g><g v="Apro"></g><g v="inan"></g><g v="plur"></g><g v="accs"></g></l></v></tfr></token><token id="601291" text="производственные"><tfr rev_id="3813436" t="производственные"><v><l id="280124" t="производственный"><g v="ADJF"></g><g v="inan"></g><g v="plur"></g><g v="accs"></g></l></v></tfr></token><token id="601292" text="процессы"><tfr rev_id="3748118" t="процессы"><v><l id="287363" t="процесс"><g v="NOUN"></g><g v="inan"></g><g v="masc"></g><g v="plur"></g><g v="accs"></g></l></v></tfr></token></tokens></sentence><sentence id="33557"><source>• участвовать в планировании дальнейшего развития</source><tokens><token id="601293" text="•"><tfr rev_id="2443545" t="•"><v><l id="0" t="•"><g v="PNCT"></g></l></v></tfr></token><token id="601294" text="участвовать"><tfr rev_id="1434361" t="участвовать"><v><l id="363128" t="участвовать"><g v="INFN"></g><g v="impf"></g><g v="intr"></g></l></v></tfr></token><token id="601295" text="в"><tfr rev_id="1434362" t="в"><v><l id="37409" t="в"><g v="PREP"></g></l></v></tfr></token><token id="601296" text="планировании"><tfr rev_id="1434363" t="планировании"><v><l id="239712" t="планирование"><g v="NOUN"></g><g v="inan"></g><g v="neut"></g><g v="sing"></g><g v="loct"></g></l></v></tfr></token><token id="601297" text="дальнейшего"><tfr rev_id="3430893" t="дальнейшего"><v><l id="77996" t="дальнейший"><g v="ADJF"></g><g v="neut"></g><g v="sing"></g><g v="gent"></g></l></v></tfr></token><token id="601298" text="развития"><tfr rev_id="3474661" t="развития"><v><l id="292545" t="развитие"><g v="NOUN"></g><g v="inan"></g><g v="neut"></g><g v="sing"></g><g v="gent"></g></l></v></tfr></token></tokens></sentence></paragraph><paragraph id="10734"><sentence id="33558"><source>Зарплата от $1200 до $1800 после всех налогов.</source><tokens><token id="601299" text="Зарплата"><tfr rev_id="1434366" t="Зарплата"><v><l id="108951" t="зарплата"><g v="NOUN"></g><g v="inan"></g><g v="femn"></g><g v="sing"></g><g v="nomn"></g></l></v></tfr></token><token id="601300" text="от"><tfr rev_id="1434367" t="от"><v><l id="211644" t="от"><g v="PREP"></g></l></v></tfr></token><token id="601301" text="$"><tfr rev_id="4334332" t="$"><v><l id="0" t="$"><g v="SYMB"></g></l></v></tfr></token><token id="601302" text="1200"><tfr rev_id="2461648" t="1200"><v><l id="0" t="1200"><g v="NUMB"></g></l></v></tfr></token><token id="601303" text="до"><tfr rev_id="1434370" t="до"><v><l id="85153" t="до"><g v="PREP"></g></l></v></tfr></token><token id="601304" text="$"><tfr rev_id="4334333" t="$"><v><l id="0" t="$"><g v="SYMB"></g></l></v></tfr></token><token id="601305" text="1800"><tfr rev_id="2461649" t="1800"><v><l id="0" t="1800"><g v="NUMB"></g></l></v></tfr></token><token id="601306" text="после"><tfr rev_id="4407487" t="после"><v><l id="261542" t="после"><g v="PREP"></g></l></v></tfr></token><token id="601307" text="всех"><tfr rev_id="4135823" t="всех"><v><l id="42156" t="весь"><g v="ADJF"></g><g v="Subx"></g><g v="Apro"></g><g v="plur"></g><g v="gent"></g></l></v></tfr></token><token id="601308" text="налогов"><tfr rev_id="2703340" t="налогов"><v><l id="172050" t="налог"><g v="NOUN"></g><g v="inan"></g><g v="masc"></g><g v="plur"></g><g v="gent"></g></l></v></tfr></token><token id="601309" text="."><tfr rev_id="1434376" t="."><v><l id="0" t="."><g v="PNCT"></g></l></v></tfr></token></tokens></sentence></paragraph><paragraph id="10735"><sentence id="33559"><source>Резюме на английском языке присылайте на hr@interresearch.dk.</source><tokens><token id="601310" text="Резюме"><tfr rev_id="1434377" t="Резюме"><v><l id="305433" t="резюме"><g v="NOUN"></g><g v="inan"></g><g v="neut"></g><g v="Fixd"></g><g v="sing"></g><g v="nomn"></g></l></v><v><l id="305433" t="резюме"><g v="NOUN"></g><g v="inan"></g><g v="neut"></g><g v="Fixd"></g><g v="sing"></g><g v="gent"></g></l></v><v><l id="305433" t="резюме"><g v="NOUN"></g><g v="inan"></g><g v="neut"></g><g v="Fixd"></g><g v="sing"></g><g v="datv"></g></l></v><v><l id="305433" t="резюме"><g v="NOUN"></g><g v="inan"></g><g v="neut"></g><g v="Fixd"></g><g v="sing"></g><g v="accs"></g></l></v><v><l id="305433" t="резюме"><g v="NOUN"></g><g v="inan"></g><g v="neut"></g><g v="Fixd"></g><g v="sing"></g><g v="ablt"></g></l></v><v><l id="305433" t="резюме"><g v="NOUN"></g><g v="inan"></g><g v="neut"></g><g v="Fixd"></g><g v="sing"></g><g v="loct"></g></l></v><v><l id="305433" t="резюме"><g v="NOUN"></g><g v="inan"></g><g v="neut"></g><g v="Fixd"></g><g v="plur"></g><g v="nomn"></g></l></v><v><l id="305433" t="резюме"><g v="NOUN"></g><g v="inan"></g><g v="neut"></g><g v="Fixd"></g><g v="plur"></g><g v="gent"></g></l></v><v><l id="305433" t="резюме"><g v="NOUN"></g><g v="inan"></g><g v="neut"></g><g v="Fixd"></g><g v="plur"></g><g v="datv"></g></l></v><v><l id="305433" t="резюме"><g v="NOUN"></g><g v="inan"></g><g v="neut"></g><g v="Fixd"></g><g v="plur"></g><g v="accs"></g></l></v><v><l id="305433" t="резюме"><g v="NOUN"></g><g v="inan"></g><g v="neut"></g><g v="Fixd"></g><g v="plur"></g><g v="ablt"></g></l></v><v><l id="305433" t="резюме"><g v="NOUN"></g><g v="inan"></g><g v="neut"></g><g v="Fixd"></g><g v="plur"></g><g v="loct"></g></l></v></tfr></token><token id="601311" text="на"><tfr rev_id="3342176" t="на"><v><l id="166264" t="на"><g v="PREP"></g></l></v></tfr></token><token id="601312" text="английском"><tfr rev_id="3408280" t="английском"><v><l id="12733" t="английский"><g v="ADJF"></g><g v="masc"></g><g v="sing"></g><g v="loct"></g></l></v></tfr></token><token id="601313" text="языке"><tfr rev_id="4337595" t="языке"><v><l id="387573" t="язык"><g v="NOUN"></g><g v="inan"></g><g v="masc"></g><g v="sing"></g><g v="loc1"></g></l></v></tfr></token><token id="601314" text="присылайте"><tfr rev_id="1434381" t="присылайте"><v><l id="275114" t="присылаю"><g v="VERB"></g><g v="impf"></g><g v="tran"></g><g v="plur"></g><g v="impr"></g><g v="excl"></g></l></v></tfr></token><token id="601315" text="на"><tfr rev_id="3337600" t="на"><v><l id="166264" t="на"><g v="PREP"></g></l></v></tfr></token><token id="601316" text="hr@interresearch.dk"><tfr rev_id="1434383" t="hr@interresearch.dk"><v><l id="0" t="hr@interresearch.dk"><g v="UNKN"></g></l></v></tfr></token><token id="601317" text="."><tfr rev_id="1434384" t="."><v><l id="0" t="."><g v="PNCT"></g></l></v></tfr></token></tokens></sentence></paragraph></paragraphs></text>