<?xml version="1.0" encoding="utf-8"?><text id="1131" parent="56" name="Кандидаты на пост Генерального секретаря ООН"><tags><tag>Автор:http://ru.wikinews.org/wiki/Участник:Ygrek</tag><tag>url:http://ru.wikinews.org/w/index.php?title=Кандидаты_на_пост_Генерального_секретаря_ООН&amp;oldid=79893</tag><tag>Тема:ВикиКатегория:ООН</tag><tag>Тема:ВикиКатегория:Политика</tag><tag>Дата:29/07</tag><tag>Год:2006</tag></tags><paragraphs><paragraph id="10762"><sentence id="33655"><source>25 июля в Совете безопасности ООН было проведена предварительная номинация кандидатов на пост Генерального секретаря ООН.</source><tokens><token id="602909" text="25"><tfr rev_id="2461679" t="25"><v><l id="0" t="25"><g v="NUMB"></g></l></v></tfr></token><token id="602910" text="июля"><tfr rev_id="1435657" t="июля"><v><l id="127299" t="июль"><g v="NOUN"></g><g v="inan"></g><g v="masc"></g><g v="sing"></g><g v="gent"></g></l></v></tfr></token><token id="602911" text="в"><tfr rev_id="1435658" t="в"><v><l id="37409" t="в"><g v="PREP"></g></l></v></tfr></token><token id="602912" text="Совете"><tfr rev_id="1435659" t="Совете"><v><l id="327955" t="совет"><g v="NOUN"></g><g v="inan"></g><g v="masc"></g><g v="sing"></g><g v="loct"></g></l></v></tfr></token><token id="602913" text="безопасности"><tfr rev_id="3497087" t="безопасности"><v><l id="26215" t="безопасность"><g v="NOUN"></g><g v="inan"></g><g v="femn"></g><g v="sing"></g><g v="gent"></g></l></v><v><l id="26215" t="безопасность"><g v="NOUN"></g><g v="inan"></g><g v="femn"></g><g v="sing"></g><g v="datv"></g></l></v><v><l id="26215" t="безопасность"><g v="NOUN"></g><g v="inan"></g><g v="femn"></g><g v="sing"></g><g v="loct"></g></l></v></tfr></token><token id="602914" text="ООН"><tfr rev_id="4138808" t="ООН"><v><l id="206695" t="оон"><g v="NOUN"></g><g v="inan"></g><g v="femn"></g><g v="Sgtm"></g><g v="Fixd"></g><g v="Abbr"></g><g v="Orgn"></g><g v="sing"></g><g v="nomn"></g></l></v><v><l id="206695" t="оон"><g v="NOUN"></g><g v="inan"></g><g v="femn"></g><g v="Sgtm"></g><g v="Fixd"></g><g v="Abbr"></g><g v="Orgn"></g><g v="sing"></g><g v="gent"></g></l></v><v><l id="206695" t="оон"><g v="NOUN"></g><g v="inan"></g><g v="femn"></g><g v="Sgtm"></g><g v="Fixd"></g><g v="Abbr"></g><g v="Orgn"></g><g v="sing"></g><g v="datv"></g></l></v><v><l id="206695" t="оон"><g v="NOUN"></g><g v="inan"></g><g v="femn"></g><g v="Sgtm"></g><g v="Fixd"></g><g v="Abbr"></g><g v="Orgn"></g><g v="sing"></g><g v="accs"></g></l></v><v><l id="206695" t="оон"><g v="NOUN"></g><g v="inan"></g><g v="femn"></g><g v="Sgtm"></g><g v="Fixd"></g><g v="Abbr"></g><g v="Orgn"></g><g v="sing"></g><g v="ablt"></g></l></v><v><l id="206695" t="оон"><g v="NOUN"></g><g v="inan"></g><g v="femn"></g><g v="Sgtm"></g><g v="Fixd"></g><g v="Abbr"></g><g v="Orgn"></g><g v="sing"></g><g v="loct"></g></l></v></tfr></token><token id="602915" text="было"><tfr rev_id="1435662" t="было"><v><l id="37044" t="было"><g v="PRCL"></g></l></v><v><l id="37265" t="есть"><g v="VERB"></g><g v="impf"></g><g v="intr"></g><g v="neut"></g><g v="sing"></g><g v="past"></g><g v="indc"></g></l></v></tfr></token><token id="602916" text="проведена"><tfr rev_id="1435663" t="проведена"><v><l id="277834" t="проведён"><g v="PRTS"></g><g v="perf"></g><g v="past"></g><g v="pssv"></g><g v="femn"></g><g v="sing"></g></l></v></tfr></token><token id="602917" text="предварительная"><tfr rev_id="1435664" t="предварительная"><v><l id="266249" t="предварительный"><g v="ADJF"></g><g v="femn"></g><g v="sing"></g><g v="nomn"></g></l></v></tfr></token><token id="602918" text="номинация"><tfr rev_id="1435665" t="номинация"><v><l id="192102" t="номинация"><g v="NOUN"></g><g v="inan"></g><g v="femn"></g><g v="sing"></g><g v="nomn"></g></l></v></tfr></token><token id="602919" text="кандидатов"><tfr rev_id="3945000" t="кандидатов"><v><l id="129326" t="кандидат"><g v="NOUN"></g><g v="anim"></g><g v="masc"></g><g v="plur"></g><g v="gent"></g></l></v></tfr></token><token id="602920" text="на"><tfr rev_id="3337437" t="на"><v><l id="166264" t="на"><g v="PREP"></g></l></v></tfr></token><token id="602921" text="пост"><tfr rev_id="4359971" t="пост"><v><l id="262073" t="пост"><g v="NOUN"></g><g v="inan"></g><g v="masc"></g><g v="sing"></g><g v="accs"></g></l></v></tfr></token><token id="602922" text="Генерального"><tfr rev_id="4415090" t="Генерального"><v><l id="68532" t="генеральный"><g v="ADJF"></g><g v="masc"></g><g v="sing"></g><g v="gent"></g></l></v></tfr></token><token id="602923" text="секретаря"><tfr rev_id="4361455" t="секретаря"><v><l id="318046" t="секретарь"><g v="NOUN"></g><g v="anim"></g><g v="masc"></g><g v="sing"></g><g v="gent"></g></l></v></tfr></token><token id="602924" text="ООН"><tfr rev_id="4138809" t="ООН"><v><l id="206695" t="оон"><g v="NOUN"></g><g v="inan"></g><g v="femn"></g><g v="Sgtm"></g><g v="Fixd"></g><g v="Abbr"></g><g v="Orgn"></g><g v="sing"></g><g v="nomn"></g></l></v><v><l id="206695" t="оон"><g v="NOUN"></g><g v="inan"></g><g v="femn"></g><g v="Sgtm"></g><g v="Fixd"></g><g v="Abbr"></g><g v="Orgn"></g><g v="sing"></g><g v="gent"></g></l></v><v><l id="206695" t="оон"><g v="NOUN"></g><g v="inan"></g><g v="femn"></g><g v="Sgtm"></g><g v="Fixd"></g><g v="Abbr"></g><g v="Orgn"></g><g v="sing"></g><g v="datv"></g></l></v><v><l id="206695" t="оон"><g v="NOUN"></g><g v="inan"></g><g v="femn"></g><g v="Sgtm"></g><g v="Fixd"></g><g v="Abbr"></g><g v="Orgn"></g><g v="sing"></g><g v="accs"></g></l></v><v><l id="206695" t="оон"><g v="NOUN"></g><g v="inan"></g><g v="femn"></g><g v="Sgtm"></g><g v="Fixd"></g><g v="Abbr"></g><g v="Orgn"></g><g v="sing"></g><g v="ablt"></g></l></v><v><l id="206695" t="оон"><g v="NOUN"></g><g v="inan"></g><g v="femn"></g><g v="Sgtm"></g><g v="Fixd"></g><g v="Abbr"></g><g v="Orgn"></g><g v="sing"></g><g v="loct"></g></l></v></tfr></token><token id="602925" text="."><tfr rev_id="1435672" t="."><v><l id="0" t="."><g v="PNCT"></g></l></v></tfr></token></tokens></sentence><sentence id="33656"><source>Наибольшую поддержку получили министр иностранных дел Южной Кореи Бан Ки Мун (Ban Ki Moon) и заместитель нынешнего генерального секретаря Кофи Аннана — индиец Шаши Тарур (Shashi Tharoor).</source><tokens><token id="602926" text="Наибольшую"><tfr rev_id="1435673" t="Наибольшую"><v><l id="32448" t="наибольший"><g v="ADJF"></g><g v="Supr"></g><g v="Qual"></g><g v="femn"></g><g v="sing"></g><g v="accs"></g></l></v></tfr></token><token id="602927" text="поддержку"><tfr rev_id="1435674" t="поддержку"><v><l id="245415" t="поддержка"><g v="NOUN"></g><g v="inan"></g><g v="femn"></g><g v="sing"></g><g v="accs"></g></l></v></tfr></token><token id="602928" text="получили"><tfr rev_id="1435675" t="получили"><v><l id="256959" t="получил"><g v="VERB"></g><g v="perf"></g><g v="tran"></g><g v="plur"></g><g v="past"></g><g v="indc"></g></l></v></tfr></token><token id="602929" text="министр"><tfr rev_id="1435676" t="министр"><v><l id="160614" t="министр"><g v="NOUN"></g><g v="anim"></g><g v="masc"></g><g v="sing"></g><g v="nomn"></g></l></v></tfr></token><token id="602930" text="иностранных"><tfr rev_id="3666652" t="иностранных"><v><l id="122754" t="иностранный"><g v="ADJF"></g><g v="plur"></g><g v="gent"></g></l></v></tfr></token><token id="602931" text="дел"><tfr rev_id="1715634" t="дел"><v><l id="80628" t="дело"><g v="NOUN"></g><g v="inan"></g><g v="neut"></g><g v="plur"></g><g v="gent"></g></l></v></tfr></token><token id="602932" text="Южной"><tfr rev_id="4315959" t="Южной"><v><l id="386888" t="южный"><g v="ADJF"></g><g v="Qual"></g><g v="femn"></g><g v="sing"></g><g v="gent"></g></l></v></tfr></token><token id="602933" text="Кореи"><tfr rev_id="4558125" t="Кореи"><v><l id="139593" t="корея"><g v="NOUN"></g><g v="inan"></g><g v="femn"></g><g v="Geox"></g><g v="sing"></g><g v="gent"></g></l></v></tfr></token><token id="602934" text="Бан"><tfr rev_id="1435681" t="Бан"><v><l id="0" t="бан"><g v="UNKN"></g></l></v></tfr></token><token id="602935" text="Ки"><tfr rev_id="1435682" t="Ки"><v><l id="0" t="ки"><g v="UNKN"></g></l></v></tfr></token><token id="602936" text="Мун"><tfr rev_id="4452912" t="Мун"><v><l id="390566" t="мун"><g v="NOUN"></g><g v="anim"></g><g v="masc"></g><g v="Name"></g><g v="sing"></g><g v="nomn"></g></l></v></tfr></token><token id="602937" text="("><tfr rev_id="1435684" t="("><v><l id="0" t="("><g v="PNCT"></g></l></v></tfr></token><token id="602938" text="Ban"><tfr rev_id="2474652" t="Ban"><v><l id="0" t="Ban"><g v="LATN"></g></l></v></tfr></token><token id="602939" text="Ki"><tfr rev_id="2474653" t="Ki"><v><l id="0" t="Ki"><g v="LATN"></g></l></v></tfr></token><token id="602940" text="Moon"><tfr rev_id="2474654" t="Moon"><v><l id="0" t="Moon"><g v="LATN"></g></l></v></tfr></token><token id="602941" text=")"><tfr rev_id="1435688" t=")"><v><l id="0" t=")"><g v="PNCT"></g></l></v></tfr></token><token id="602942" text="и"><tfr rev_id="1435689" t="и"><v><l id="116949" t="и"><g v="CONJ"></g></l></v><v><l id="116950" t="и"><g v="INTJ"></g></l></v></tfr></token><token id="602943" text="заместитель"><tfr rev_id="1435690" t="заместитель"><v><l id="105492" t="заместитель"><g v="NOUN"></g><g v="anim"></g><g v="masc"></g><g v="sing"></g><g v="nomn"></g></l></v></tfr></token><token id="602944" text="нынешнего"><tfr rev_id="3454184" t="нынешнего"><v><l id="192793" t="нынешний"><g v="ADJF"></g><g v="masc"></g><g v="sing"></g><g v="gent"></g></l></v><v><l id="192793" t="нынешний"><g v="ADJF"></g><g v="anim"></g><g v="masc"></g><g v="sing"></g><g v="accs"></g></l></v></tfr></token><token id="602945" text="генерального"><tfr rev_id="3430931" t="генерального"><v><l id="68532" t="генеральный"><g v="ADJF"></g><g v="masc"></g><g v="sing"></g><g v="gent"></g></l></v><v><l id="68532" t="генеральный"><g v="ADJF"></g><g v="anim"></g><g v="masc"></g><g v="sing"></g><g v="accs"></g></l></v></tfr></token><token id="602946" text="секретаря"><tfr rev_id="4361487" t="секретаря"><v><l id="318046" t="секретарь"><g v="NOUN"></g><g v="anim"></g><g v="masc"></g><g v="sing"></g><g v="gent"></g></l></v></tfr></token><token id="602947" text="Кофи"><tfr rev_id="3490503" t="Кофи"><v><l id="141242" t="кофи"><g v="NOUN"></g><g v="anim"></g><g v="masc"></g><g v="Sgtm"></g><g v="Fixd"></g><g v="Name"></g><g v="sing"></g><g v="gent"></g></l></v></tfr></token><token id="602948" text="Аннана"><tfr rev_id="1435695" t="Аннана"><v><l id="0" t="аннана"><g v="UNKN"></g></l></v></tfr></token><token id="602949" text="—"><tfr rev_id="2443611" t="—"><v><l id="0" t="—"><g v="PNCT"></g></l></v></tfr></token><token id="602950" text="индиец"><tfr rev_id="1435697" t="индиец"><v><l id="122230" t="индиец"><g v="NOUN"></g><g v="anim"></g><g v="masc"></g><g v="sing"></g><g v="nomn"></g></l></v></tfr></token><token id="602951" text="Шаши"><tfr rev_id="1435698" t="Шаши"><v><l id="0" t="шаши"><g v="UNKN"></g></l></v></tfr></token><token id="602952" text="Тарур"><tfr rev_id="1435699" t="Тарур"><v><l id="0" t="тарур"><g v="UNKN"></g></l></v></tfr></token><token id="602953" text="("><tfr rev_id="1435700" t="("><v><l id="0" t="("><g v="PNCT"></g></l></v></tfr></token><token id="602954" text="Shashi"><tfr rev_id="2474655" t="Shashi"><v><l id="0" t="Shashi"><g v="LATN"></g></l></v></tfr></token><token id="602955" text="Tharoor"><tfr rev_id="2474656" t="Tharoor"><v><l id="0" t="Tharoor"><g v="LATN"></g></l></v></tfr></token><token id="602956" text=")"><tfr rev_id="1435703" t=")"><v><l id="0" t=")"><g v="PNCT"></g></l></v></tfr></token><token id="602957" text="."><tfr rev_id="1435704" t="."><v><l id="0" t="."><g v="PNCT"></g></l></v></tfr></token></tokens></sentence></paragraph><paragraph id="10763"><sentence id="33657"><source>Кроме Бан Ки Мун и Шаши Татур были номинированы ещё два кандидата: заместитель премьер-министра Таиланда Суракиарт Сатиратаи (Surakiart Sathirathai) и бывший заместитель Генерального секретаря ООН по разоружению Джянта Данапала (Jayantha Dhanapala) (Шри Ланка).</source><tokens><token id="602958" text="Кроме"><tfr rev_id="1435705" t="Кроме"><v><l id="143259" t="кроме"><g v="PREP"></g></l></v></tfr></token><token id="602959" text="Бан"><tfr rev_id="1435706" t="Бан"><v><l id="0" t="бан"><g v="UNKN"></g></l></v></tfr></token><token id="602960" text="Ки"><tfr rev_id="1435707" t="Ки"><v><l id="0" t="ки"><g v="UNKN"></g></l></v></tfr></token><token id="602961" text="Мун"><tfr rev_id="4452913" t="Мун"><v><l id="390566" t="мун"><g v="NOUN"></g><g v="anim"></g><g v="masc"></g><g v="Name"></g><g v="sing"></g><g v="nomn"></g></l></v></tfr></token><token id="602962" text="и"><tfr rev_id="1435709" t="и"><v><l id="116949" t="и"><g v="CONJ"></g></l></v><v><l id="116950" t="и"><g v="INTJ"></g></l></v></tfr></token><token id="602963" text="Шаши"><tfr rev_id="1435710" t="Шаши"><v><l id="0" t="шаши"><g v="UNKN"></g></l></v></tfr></token><token id="602964" text="Татур"><tfr rev_id="1435711" t="Татур"><v><l id="0" t="татур"><g v="UNKN"></g></l></v></tfr></token><token id="602965" text="были"><tfr rev_id="1715183" t="были"><v><l id="37265" t="есть"><g v="VERB"></g><g v="impf"></g><g v="intr"></g><g v="plur"></g><g v="past"></g><g v="indc"></g></l></v></tfr></token><token id="602966" text="номинированы"><tfr rev_id="1435713" t="номинированы"><v><l id="0" t="номинированы"><g v="UNKN"></g></l></v></tfr></token><token id="602967" text="ещё"><tfr rev_id="1435714" t="ещё"><v><l id="95551" t="ещё"><g v="PRCL"></g></l></v><v><l id="95552" t="ещё"><g v="ADVB"></g></l></v></tfr></token><token id="602968" text="два"><tfr rev_id="4450419" t="два"><v><l id="78668" t="два"><g v="NUMR"></g><g v="masc"></g><g v="nomn"></g></l></v><v><l id="78668" t="два"><g v="NUMR"></g><g v="inan"></g><g v="masc"></g><g v="accs"></g></l></v><v><l id="78668" t="два"><g v="NUMR"></g><g v="neut"></g><g v="nomn"></g></l></v><v><l id="78668" t="два"><g v="NUMR"></g><g v="inan"></g><g v="neut"></g><g v="accs"></g></l></v></tfr></token><token id="602969" text="кандидата"><tfr rev_id="3701992" t="кандидата"><v><l id="129326" t="кандидат"><g v="NOUN"></g><g v="anim"></g><g v="masc"></g><g v="sing"></g><g v="gent"></g></l></v></tfr></token><token id="602970" text=":"><tfr rev_id="1435717" t=":"><v><l id="0" t=":"><g v="PNCT"></g></l></v></tfr></token><token id="602971" text="заместитель"><tfr rev_id="1435718" t="заместитель"><v><l id="105492" t="заместитель"><g v="NOUN"></g><g v="anim"></g><g v="masc"></g><g v="sing"></g><g v="nomn"></g></l></v></tfr></token><token id="602972" text="премьер-министра"><tfr rev_id="3721593" t="премьер-министра"><v><l id="267776" t="премьер-министр"><g v="NOUN"></g><g v="anim"></g><g v="masc"></g><g v="sing"></g><g v="gent"></g></l></v></tfr></token><token id="602973" text="Таиланда"><tfr rev_id="1435720" t="Таиланда"><v><l id="342333" t="таиланд"><g v="NOUN"></g><g v="inan"></g><g v="masc"></g><g v="Geox"></g><g v="sing"></g><g v="gent"></g></l></v></tfr></token><token id="602974" text="Суракиарт"><tfr rev_id="1435721" t="Суракиарт"><v><l id="0" t="суракиарт"><g v="UNKN"></g></l></v></tfr></token><token id="602975" text="Сатиратаи"><tfr rev_id="1435722" t="Сатиратаи"><v><l id="0" t="сатиратаи"><g v="UNKN"></g></l></v></tfr></token><token id="602976" text="("><tfr rev_id="1435723" t="("><v><l id="0" t="("><g v="PNCT"></g></l></v></tfr></token><token id="602977" text="Surakiart"><tfr rev_id="2474657" t="Surakiart"><v><l id="0" t="Surakiart"><g v="LATN"></g></l></v></tfr></token><token id="602978" text="Sathirathai"><tfr rev_id="2474658" t="Sathirathai"><v><l id="0" t="Sathirathai"><g v="LATN"></g></l></v></tfr></token><token id="602979" text=")"><tfr rev_id="1435726" t=")"><v><l id="0" t=")"><g v="PNCT"></g></l></v></tfr></token><token id="602980" text="и"><tfr rev_id="3486545" t="и"><v><l id="116949" t="и"><g v="CONJ"></g></l></v></tfr></token><token id="602981" text="бывший"><tfr rev_id="1435728" t="бывший"><v><l id="37002" t="бывший"><g v="ADJF"></g><g v="masc"></g><g v="sing"></g><g v="nomn"></g></l></v><v><l id="37002" t="бывший"><g v="ADJF"></g><g v="inan"></g><g v="masc"></g><g v="sing"></g><g v="accs"></g></l></v><v><l id="37267" t="бывший"><g v="PRTF"></g><g v="impf"></g><g v="intr"></g><g v="past"></g><g v="actv"></g><g v="masc"></g><g v="sing"></g><g v="nomn"></g></l></v><v><l id="37267" t="бывший"><g v="PRTF"></g><g v="impf"></g><g v="intr"></g><g v="past"></g><g v="actv"></g><g v="inan"></g><g v="masc"></g><g v="sing"></g><g v="accs"></g></l></v></tfr></token><token id="602982" text="заместитель"><tfr rev_id="1435729" t="заместитель"><v><l id="105492" t="заместитель"><g v="NOUN"></g><g v="anim"></g><g v="masc"></g><g v="sing"></g><g v="nomn"></g></l></v></tfr></token><token id="602983" text="Генерального"><tfr rev_id="4166832" t="Генерального"><v><l id="68532" t="генеральный"><g v="ADJF"></g><g v="masc"></g><g v="sing"></g><g v="gent"></g></l></v><v><l id="68532" t="генеральный"><g v="ADJF"></g><g v="anim"></g><g v="masc"></g><g v="sing"></g><g v="accs"></g></l></v></tfr></token><token id="602984" text="секретаря"><tfr rev_id="4362485" t="секретаря"><v><l id="318046" t="секретарь"><g v="NOUN"></g><g v="anim"></g><g v="masc"></g><g v="sing"></g><g v="gent"></g></l></v></tfr></token><token id="602985" text="ООН"><tfr rev_id="4138810" t="ООН"><v><l id="206695" t="оон"><g v="NOUN"></g><g v="inan"></g><g v="femn"></g><g v="Sgtm"></g><g v="Fixd"></g><g v="Abbr"></g><g v="Orgn"></g><g v="sing"></g><g v="gent"></g></l></v></tfr></token><token id="602986" text="по"><tfr rev_id="1435733" t="по"><v><l id="241240" t="по"><g v="PREP"></g></l></v></tfr></token><token id="602987" text="разоружению"><tfr rev_id="1435734" t="разоружению"><v><l id="296356" t="разоружение"><g v="NOUN"></g><g v="inan"></g><g v="neut"></g><g v="sing"></g><g v="datv"></g></l></v></tfr></token><token id="602988" text="Джянта"><tfr rev_id="1435735" t="Джянта"><v><l id="0" t="джянта"><g v="UNKN"></g></l></v></tfr></token><token id="602989" text="Данапала"><tfr rev_id="1435736" t="Данапала"><v><l id="0" t="данапала"><g v="UNKN"></g></l></v></tfr></token><token id="602990" text="("><tfr rev_id="1435737" t="("><v><l id="0" t="("><g v="PNCT"></g></l></v></tfr></token><token id="602991" text="Jayantha"><tfr rev_id="2474659" t="Jayantha"><v><l id="0" t="Jayantha"><g v="LATN"></g></l></v></tfr></token><token id="602992" text="Dhanapala"><tfr rev_id="2474660" t="Dhanapala"><v><l id="0" t="Dhanapala"><g v="LATN"></g></l></v></tfr></token><token id="602993" text=")"><tfr rev_id="1435740" t=")"><v><l id="0" t=")"><g v="PNCT"></g></l></v></tfr></token><token id="602994" text="("><tfr rev_id="1435741" t="("><v><l id="0" t="("><g v="PNCT"></g></l></v></tfr></token><token id="602995" text="Шри"><tfr rev_id="3509273" t="Шри"><v><l id="0" t="Шри"><g v="UNKN"></g></l></v></tfr></token><token id="602996" text="Ланка"><tfr rev_id="4508320" t="Ланка"><v><l id="0" t="Ланка"><g v="UNKN"></g></l></v></tfr></token><token id="602997" text=")"><tfr rev_id="1435744" t=")"><v><l id="0" t=")"><g v="PNCT"></g></l></v></tfr></token><token id="602998" text="."><tfr rev_id="1435745" t="."><v><l id="0" t="."><g v="PNCT"></g></l></v></tfr></token></tokens></sentence></paragraph><paragraph id="10764"><sentence id="33658"><source>15 членов Совета безопасности имели возможность голосовать за каждого из четырёх кандидатов.</source><tokens><token id="602999" text="15"><tfr rev_id="2461680" t="15"><v><l id="0" t="15"><g v="NUMB"></g></l></v></tfr></token><token id="603000" text="членов"><tfr rev_id="4383166" t="членов"><v><l id="376827" t="член"><g v="NOUN"></g><g v="anim"></g><g v="masc"></g><g v="plur"></g><g v="gent"></g></l></v><v><l id="376828" t="член"><g v="NOUN"></g><g v="inan"></g><g v="masc"></g><g v="plur"></g><g v="gent"></g></l></v></tfr></token><token id="603001" text="Совета"><tfr rev_id="1435748" t="Совета"><v><l id="327955" t="совет"><g v="NOUN"></g><g v="inan"></g><g v="masc"></g><g v="sing"></g><g v="gent"></g></l></v></tfr></token><token id="603002" text="безопасности"><tfr rev_id="4181135" t="безопасности"><v><l id="26215" t="безопасность"><g v="NOUN"></g><g v="inan"></g><g v="femn"></g><g v="sing"></g><g v="gent"></g></l></v></tfr></token><token id="603003" text="имели"><tfr rev_id="1435750" t="имели"><v><l id="121610" t="имею"><g v="VERB"></g><g v="impf"></g><g v="tran"></g><g v="plur"></g><g v="past"></g><g v="indc"></g></l></v></tfr></token><token id="603004" text="возможность"><tfr rev_id="3491381" t="возможность"><v><l id="49410" t="возможность"><g v="NOUN"></g><g v="inan"></g><g v="femn"></g><g v="sing"></g><g v="accs"></g></l></v></tfr></token><token id="603005" text="голосовать"><tfr rev_id="1435752" t="голосовать"><v><l id="72510" t="голосовать"><g v="INFN"></g><g v="impf"></g><g v="tran"></g></l></v></tfr></token><token id="603006" text="за"><tfr rev_id="1435753" t="за"><v><l id="98043" t="за"><g v="PREP"></g></l></v></tfr></token><token id="603007" text="каждого"><tfr rev_id="4429925" t="каждого"><v><l id="127875" t="каждый"><g v="ADJF"></g><g v="Subx"></g><g v="Apro"></g><g v="masc"></g><g v="sing"></g><g v="gent"></g></l></v><v><l id="127875" t="каждый"><g v="ADJF"></g><g v="Subx"></g><g v="Apro"></g><g v="anim"></g><g v="masc"></g><g v="sing"></g><g v="accs"></g></l></v></tfr></token><token id="603008" text="из"><tfr rev_id="2603278" t="из"><v><l id="117677" t="из"><g v="PREP"></g></l></v></tfr></token><token id="603009" text="четырёх"><tfr rev_id="2781501" t="четырёх"><v><l id="376181" t="четыре"><g v="NUMR"></g><g v="gent"></g></l></v></tfr></token><token id="603010" text="кандидатов"><tfr rev_id="2369538" t="кандидатов"><v><l id="129326" t="кандидат"><g v="NOUN"></g><g v="anim"></g><g v="masc"></g><g v="plur"></g><g v="gent"></g></l></v></tfr></token><token id="603011" text="."><tfr rev_id="1435758" t="."><v><l id="0" t="."><g v="PNCT"></g></l></v></tfr></token></tokens></sentence><sentence id="33659"><source>Результаты голосования:</source><tokens><token id="603012" text="Результаты"><tfr rev_id="3284834" t="Результаты"><v><l id="305391" t="результат"><g v="NOUN"></g><g v="inan"></g><g v="masc"></g><g v="plur"></g><g v="nomn"></g></l></v></tfr></token><token id="603013" text="голосования"><tfr rev_id="3437870" t="голосования"><v><l id="72508" t="голосование"><g v="NOUN"></g><g v="inan"></g><g v="neut"></g><g v="sing"></g><g v="gent"></g></l></v></tfr></token><token id="603014" text=":"><tfr rev_id="1435761" t=":"><v><l id="0" t=":"><g v="PNCT"></g></l></v></tfr></token></tokens></sentence><sentence id="33660"><source>Бан Ки Мун получил: 12 голосов «За», 1 — «Против» и 2 — «Воздержались»</source><tokens><token id="603015" text="Бан"><tfr rev_id="1435762" t="Бан"><v><l id="0" t="бан"><g v="UNKN"></g></l></v></tfr></token><token id="603016" text="Ки"><tfr rev_id="1435763" t="Ки"><v><l id="0" t="ки"><g v="UNKN"></g></l></v></tfr></token><token id="603017" text="Мун"><tfr rev_id="4452914" t="Мун"><v><l id="390566" t="мун"><g v="NOUN"></g><g v="anim"></g><g v="masc"></g><g v="Name"></g><g v="sing"></g><g v="nomn"></g></l></v></tfr></token><token id="603018" text="получил"><tfr rev_id="1435765" t="получил"><v><l id="256959" t="получил"><g v="VERB"></g><g v="perf"></g><g v="tran"></g><g v="masc"></g><g v="sing"></g><g v="past"></g><g v="indc"></g></l></v></tfr></token><token id="603019" text=":"><tfr rev_id="1435766" t=":"><v><l id="0" t=":"><g v="PNCT"></g></l></v></tfr></token><token id="603020" text="12"><tfr rev_id="2461681" t="12"><v><l id="0" t="12"><g v="NUMB"></g></l></v></tfr></token><token id="603021" text="голосов"><tfr rev_id="1435768" t="голосов"><v><l id="72469" t="голос"><g v="NOUN"></g><g v="inan"></g><g v="masc"></g><g v="plur"></g><g v="gent"></g></l></v></tfr></token><token id="603022" text="«"><tfr rev_id="2443612" t="«"><v><l id="0" t="«"><g v="PNCT"></g></l></v></tfr></token><token id="603023" text="За"><tfr rev_id="1435770" t="За"><v><l id="98043" t="за"><g v="PREP"></g></l></v></tfr></token><token id="603024" text="»"><tfr rev_id="2443613" t="»"><v><l id="0" t="»"><g v="PNCT"></g></l></v></tfr></token><token id="603025" text=","><tfr rev_id="1435772" t=","><v><l id="0" t=","><g v="PNCT"></g></l></v></tfr></token><token id="603026" text="1"><tfr rev_id="2461682" t="1"><v><l id="0" t="1"><g v="NUMB"></g></l></v></tfr></token><token id="603027" text="—"><tfr rev_id="2443614" t="—"><v><l id="0" t="—"><g v="PNCT"></g></l></v></tfr></token><token id="603028" text="«"><tfr rev_id="2443615" t="«"><v><l id="0" t="«"><g v="PNCT"></g></l></v></tfr></token><token id="603029" text="Против"><tfr rev_id="4485370" t="Против"><v><l id="285790" t="против"><g v="PREP"></g></l></v></tfr></token><token id="603030" text="»"><tfr rev_id="2443616" t="»"><v><l id="0" t="»"><g v="PNCT"></g></l></v></tfr></token><token id="603031" text="и"><tfr rev_id="1435778" t="и"><v><l id="116949" t="и"><g v="CONJ"></g></l></v><v><l id="116950" t="и"><g v="INTJ"></g></l></v></tfr></token><token id="603032" text="2"><tfr rev_id="2461683" t="2"><v><l id="0" t="2"><g v="NUMB"></g></l></v></tfr></token><token id="603033" text="—"><tfr rev_id="2443617" t="—"><v><l id="0" t="—"><g v="PNCT"></g></l></v></tfr></token><token id="603034" text="«"><tfr rev_id="2443618" t="«"><v><l id="0" t="«"><g v="PNCT"></g></l></v></tfr></token><token id="603035" text="Воздержались"><tfr rev_id="1435782" t="Воздержались"><v><l id="49063" t="воздержался"><g v="VERB"></g><g v="perf"></g><g v="intr"></g><g v="plur"></g><g v="past"></g><g v="indc"></g></l></v></tfr></token><token id="603036" text="»"><tfr rev_id="2443619" t="»"><v><l id="0" t="»"><g v="PNCT"></g></l></v></tfr></token></tokens></sentence><sentence id="33661"><source>Шаши Тарур получил: 10 голосов «За», 2 — «Против» и 3 — «Воздержались»</source><tokens><token id="603037" text="Шаши"><tfr rev_id="1435784" t="Шаши"><v><l id="0" t="шаши"><g v="UNKN"></g></l></v></tfr></token><token id="603038" text="Тарур"><tfr rev_id="1435785" t="Тарур"><v><l id="0" t="тарур"><g v="UNKN"></g></l></v></tfr></token><token id="603039" text="получил"><tfr rev_id="1435786" t="получил"><v><l id="256959" t="получил"><g v="VERB"></g><g v="perf"></g><g v="tran"></g><g v="masc"></g><g v="sing"></g><g v="past"></g><g v="indc"></g></l></v></tfr></token><token id="603040" text=":"><tfr rev_id="1435787" t=":"><v><l id="0" t=":"><g v="PNCT"></g></l></v></tfr></token><token id="603041" text="10"><tfr rev_id="2461684" t="10"><v><l id="0" t="10"><g v="NUMB"></g></l></v></tfr></token><token id="603042" text="голосов"><tfr rev_id="1435789" t="голосов"><v><l id="72469" t="голос"><g v="NOUN"></g><g v="inan"></g><g v="masc"></g><g v="plur"></g><g v="gent"></g></l></v></tfr></token><token id="603043" text="«"><tfr rev_id="2443620" t="«"><v><l id="0" t="«"><g v="PNCT"></g></l></v></tfr></token><token id="603044" text="За"><tfr rev_id="1435791" t="За"><v><l id="98043" t="за"><g v="PREP"></g></l></v></tfr></token><token id="603045" text="»"><tfr rev_id="2443621" t="»"><v><l id="0" t="»"><g v="PNCT"></g></l></v></tfr></token><token id="603046" text=","><tfr rev_id="1435793" t=","><v><l id="0" t=","><g v="PNCT"></g></l></v></tfr></token><token id="603047" text="2"><tfr rev_id="2461685" t="2"><v><l id="0" t="2"><g v="NUMB"></g></l></v></tfr></token><token id="603048" text="—"><tfr rev_id="2443622" t="—"><v><l id="0" t="—"><g v="PNCT"></g></l></v></tfr></token><token id="603049" text="«"><tfr rev_id="2443623" t="«"><v><l id="0" t="«"><g v="PNCT"></g></l></v></tfr></token><token id="603050" text="Против"><tfr rev_id="4464764" t="Против"><v><l id="285790" t="против"><g v="PREP"></g></l></v></tfr></token><token id="603051" text="»"><tfr rev_id="2443624" t="»"><v><l id="0" t="»"><g v="PNCT"></g></l></v></tfr></token><token id="603052" text="и"><tfr rev_id="1435799" t="и"><v><l id="116949" t="и"><g v="CONJ"></g></l></v><v><l id="116950" t="и"><g v="INTJ"></g></l></v></tfr></token><token id="603053" text="3"><tfr rev_id="2461686" t="3"><v><l id="0" t="3"><g v="NUMB"></g></l></v></tfr></token><token id="603054" text="—"><tfr rev_id="2443625" t="—"><v><l id="0" t="—"><g v="PNCT"></g></l></v></tfr></token><token id="603055" text="«"><tfr rev_id="2443626" t="«"><v><l id="0" t="«"><g v="PNCT"></g></l></v></tfr></token><token id="603056" text="Воздержались"><tfr rev_id="1435803" t="Воздержались"><v><l id="49063" t="воздержался"><g v="VERB"></g><g v="perf"></g><g v="intr"></g><g v="plur"></g><g v="past"></g><g v="indc"></g></l></v></tfr></token><token id="603057" text="»"><tfr rev_id="2443627" t="»"><v><l id="0" t="»"><g v="PNCT"></g></l></v></tfr></token></tokens></sentence><sentence id="33662"><source>Суракиарт Сатиратаи получил: 7 голосов «За», 3 — «Против» и 5 — «Воздержались»</source><tokens><token id="603058" text="Суракиарт"><tfr rev_id="1435805" t="Суракиарт"><v><l id="0" t="суракиарт"><g v="UNKN"></g></l></v></tfr></token><token id="603059" text="Сатиратаи"><tfr rev_id="1435806" t="Сатиратаи"><v><l id="0" t="сатиратаи"><g v="UNKN"></g></l></v></tfr></token><token id="603060" text="получил"><tfr rev_id="1435807" t="получил"><v><l id="256959" t="получил"><g v="VERB"></g><g v="perf"></g><g v="tran"></g><g v="masc"></g><g v="sing"></g><g v="past"></g><g v="indc"></g></l></v></tfr></token><token id="603061" text=":"><tfr rev_id="1435808" t=":"><v><l id="0" t=":"><g v="PNCT"></g></l></v></tfr></token><token id="603062" text="7"><tfr rev_id="2461687" t="7"><v><l id="0" t="7"><g v="NUMB"></g></l></v></tfr></token><token id="603063" text="голосов"><tfr rev_id="1435810" t="голосов"><v><l id="72469" t="голос"><g v="NOUN"></g><g v="inan"></g><g v="masc"></g><g v="plur"></g><g v="gent"></g></l></v></tfr></token><token id="603064" text="«"><tfr rev_id="2443628" t="«"><v><l id="0" t="«"><g v="PNCT"></g></l></v></tfr></token><token id="603065" text="За"><tfr rev_id="1435812" t="За"><v><l id="98043" t="за"><g v="PREP"></g></l></v></tfr></token><token id="603066" text="»"><tfr rev_id="2443629" t="»"><v><l id="0" t="»"><g v="PNCT"></g></l></v></tfr></token><token id="603067" text=","><tfr rev_id="1435814" t=","><v><l id="0" t=","><g v="PNCT"></g></l></v></tfr></token><token id="603068" text="3"><tfr rev_id="2461688" t="3"><v><l id="0" t="3"><g v="NUMB"></g></l></v></tfr></token><token id="603069" text="—"><tfr rev_id="2443630" t="—"><v><l id="0" t="—"><g v="PNCT"></g></l></v></tfr></token><token id="603070" text="«"><tfr rev_id="2443631" t="«"><v><l id="0" t="«"><g v="PNCT"></g></l></v></tfr></token><token id="603071" text="Против"><tfr rev_id="4485018" t="Против"><v><l id="285790" t="против"><g v="PREP"></g></l></v></tfr></token><token id="603072" text="»"><tfr rev_id="2443632" t="»"><v><l id="0" t="»"><g v="PNCT"></g></l></v></tfr></token><token id="603073" text="и"><tfr rev_id="1435820" t="и"><v><l id="116949" t="и"><g v="CONJ"></g></l></v><v><l id="116950" t="и"><g v="INTJ"></g></l></v></tfr></token><token id="603074" text="5"><tfr rev_id="2461689" t="5"><v><l id="0" t="5"><g v="NUMB"></g></l></v></tfr></token><token id="603075" text="—"><tfr rev_id="2443633" t="—"><v><l id="0" t="—"><g v="PNCT"></g></l></v></tfr></token><token id="603076" text="«"><tfr rev_id="2443634" t="«"><v><l id="0" t="«"><g v="PNCT"></g></l></v></tfr></token><token id="603077" text="Воздержались"><tfr rev_id="1435824" t="Воздержались"><v><l id="49063" t="воздержался"><g v="VERB"></g><g v="perf"></g><g v="intr"></g><g v="plur"></g><g v="past"></g><g v="indc"></g></l></v></tfr></token><token id="603078" text="»"><tfr rev_id="2443635" t="»"><v><l id="0" t="»"><g v="PNCT"></g></l></v></tfr></token></tokens></sentence><sentence id="33663"><source>Джянта Данапала получил: 5 голосов «За», 6 — «Против» и 4 — «Воздержались»</source><tokens><token id="603079" text="Джянта"><tfr rev_id="1435826" t="Джянта"><v><l id="0" t="джянта"><g v="UNKN"></g></l></v></tfr></token><token id="603080" text="Данапала"><tfr rev_id="1435827" t="Данапала"><v><l id="0" t="данапала"><g v="UNKN"></g></l></v></tfr></token><token id="603081" text="получил"><tfr rev_id="1435828" t="получил"><v><l id="256959" t="получил"><g v="VERB"></g><g v="perf"></g><g v="tran"></g><g v="masc"></g><g v="sing"></g><g v="past"></g><g v="indc"></g></l></v></tfr></token><token id="603082" text=":"><tfr rev_id="1435829" t=":"><v><l id="0" t=":"><g v="PNCT"></g></l></v></tfr></token><token id="603083" text="5"><tfr rev_id="2461690" t="5"><v><l id="0" t="5"><g v="NUMB"></g></l></v></tfr></token><token id="603084" text="голосов"><tfr rev_id="1435831" t="голосов"><v><l id="72469" t="голос"><g v="NOUN"></g><g v="inan"></g><g v="masc"></g><g v="plur"></g><g v="gent"></g></l></v></tfr></token><token id="603085" text="«"><tfr rev_id="2443636" t="«"><v><l id="0" t="«"><g v="PNCT"></g></l></v></tfr></token><token id="603086" text="За"><tfr rev_id="1435833" t="За"><v><l id="98043" t="за"><g v="PREP"></g></l></v></tfr></token><token id="603087" text="»"><tfr rev_id="2443637" t="»"><v><l id="0" t="»"><g v="PNCT"></g></l></v></tfr></token><token id="603088" text=","><tfr rev_id="1435835" t=","><v><l id="0" t=","><g v="PNCT"></g></l></v></tfr></token><token id="603089" text="6"><tfr rev_id="2461691" t="6"><v><l id="0" t="6"><g v="NUMB"></g></l></v></tfr></token><token id="603090" text="—"><tfr rev_id="2443638" t="—"><v><l id="0" t="—"><g v="PNCT"></g></l></v></tfr></token><token id="603091" text="«"><tfr rev_id="2443639" t="«"><v><l id="0" t="«"><g v="PNCT"></g></l></v></tfr></token><token id="603092" text="Против"><tfr rev_id="4484968" t="Против"><v><l id="285790" t="против"><g v="PREP"></g></l></v></tfr></token><token id="603093" text="»"><tfr rev_id="2443640" t="»"><v><l id="0" t="»"><g v="PNCT"></g></l></v></tfr></token><token id="603094" text="и"><tfr rev_id="1435841" t="и"><v><l id="116949" t="и"><g v="CONJ"></g></l></v><v><l id="116950" t="и"><g v="INTJ"></g></l></v></tfr></token><token id="603095" text="4"><tfr rev_id="2461692" t="4"><v><l id="0" t="4"><g v="NUMB"></g></l></v></tfr></token><token id="603096" text="—"><tfr rev_id="2443641" t="—"><v><l id="0" t="—"><g v="PNCT"></g></l></v></tfr></token><token id="603097" text="«"><tfr rev_id="2443642" t="«"><v><l id="0" t="«"><g v="PNCT"></g></l></v></tfr></token><token id="603098" text="Воздержались"><tfr rev_id="1435845" t="Воздержались"><v><l id="49063" t="воздержался"><g v="VERB"></g><g v="perf"></g><g v="intr"></g><g v="plur"></g><g v="past"></g><g v="indc"></g></l></v></tfr></token><token id="603099" text="»"><tfr rev_id="2443643" t="»"><v><l id="0" t="»"><g v="PNCT"></g></l></v></tfr></token></tokens></sentence></paragraph><paragraph id="10765"><sentence id="33664"><source>Голосование в Совете безопасности носит сугубо рекомендательный характер.</source><tokens><token id="603100" text="Голосование"><tfr rev_id="1435847" t="Голосование"><v><l id="72508" t="голосование"><g v="NOUN"></g><g v="inan"></g><g v="neut"></g><g v="sing"></g><g v="nomn"></g></l></v><v><l id="72508" t="голосование"><g v="NOUN"></g><g v="inan"></g><g v="neut"></g><g v="sing"></g><g v="accs"></g></l></v></tfr></token><token id="603101" text="в"><tfr rev_id="1435848" t="в"><v><l id="37409" t="в"><g v="PREP"></g></l></v></tfr></token><token id="603102" text="Совете"><tfr rev_id="1435849" t="Совете"><v><l id="327955" t="совет"><g v="NOUN"></g><g v="inan"></g><g v="masc"></g><g v="sing"></g><g v="loct"></g></l></v></tfr></token><token id="603103" text="безопасности"><tfr rev_id="4262078" t="безопасности"><v><l id="26215" t="безопасность"><g v="NOUN"></g><g v="inan"></g><g v="femn"></g><g v="sing"></g><g v="gent"></g></l></v></tfr></token><token id="603104" text="носит"><tfr rev_id="1435851" t="носит"><v><l id="192322" t="ношу"><g v="VERB"></g><g v="impf"></g><g v="tran"></g><g v="sing"></g><g v="3per"></g><g v="pres"></g><g v="indc"></g></l></v></tfr></token><token id="603105" text="сугубо"><tfr rev_id="1435852" t="сугубо"><v><l id="338914" t="сугубо"><g v="ADVB"></g></l></v><v><l id="338916" t="сугуб"><g v="ADJS"></g><g v="Qual"></g><g v="neut"></g><g v="sing"></g></l></v></tfr></token><token id="603106" text="рекомендательный"><tfr rev_id="1435853" t="рекомендательный"><v><l id="305726" t="рекомендательный"><g v="ADJF"></g><g v="masc"></g><g v="sing"></g><g v="nomn"></g></l></v><v><l id="305726" t="рекомендательный"><g v="ADJF"></g><g v="inan"></g><g v="masc"></g><g v="sing"></g><g v="accs"></g></l></v></tfr></token><token id="603107" text="характер"><tfr rev_id="3702359" t="характер"><v><l id="369409" t="характер"><g v="NOUN"></g><g v="inan"></g><g v="masc"></g><g v="sing"></g><g v="accs"></g></l></v></tfr></token><token id="603108" text="."><tfr rev_id="1435855" t="."><v><l id="0" t="."><g v="PNCT"></g></l></v></tfr></token></tokens></sentence><sentence id="33665"><source>Возможно на самих выборах, которые должны состояться в декабре, появятся и другие кандидаты.</source><tokens><token id="603109" text="Возможно"><tfr rev_id="1435856" t="Возможно"><v><l id="49408" t="возможно"><g v="ADVB"></g><g v="Prdx"></g></l></v><v><l id="49409" t="возможно"><g v="CONJ"></g><g v="Prnt"></g></l></v><v><l id="49413" t="возможен"><g v="ADJS"></g><g v="Qual"></g><g v="neut"></g><g v="sing"></g></l></v></tfr></token><token id="603110" text="на"><tfr rev_id="3338302" t="на"><v><l id="166264" t="на"><g v="PREP"></g></l></v></tfr></token><token id="603111" text="самих"><tfr rev_id="4196948" t="самих"><v><l id="312034" t="сам"><g v="ADJF"></g><g v="Apro"></g><g v="plur"></g><g v="loct"></g></l></v></tfr></token><token id="603112" text="выборах"><tfr rev_id="1435859" t="выборах"><v><l id="55719" t="выбор"><g v="NOUN"></g><g v="inan"></g><g v="masc"></g><g v="plur"></g><g v="loct"></g></l></v><v><l id="55749" t="выборы"><g v="NOUN"></g><g v="inan"></g><g v="GNdr"></g><g v="Pltm"></g><g v="plur"></g><g v="loct"></g></l></v></tfr></token><token id="603113" text=","><tfr rev_id="1435860" t=","><v><l id="0" t=","><g v="PNCT"></g></l></v></tfr></token><token id="603114" text="которые"><tfr rev_id="4067182" t="которые"><v><l id="141203" t="который"><g v="ADJF"></g><g v="Apro"></g><g v="Subx"></g><g v="Anph"></g><g v="plur"></g><g v="nomn"></g></l></v></tfr></token><token id="603115" text="должны"><tfr rev_id="2559309" t="должны"><v><l id="87975" t="должен"><g v="ADJS"></g><g v="plur"></g></l></v></tfr></token><token id="603116" text="состояться"><tfr rev_id="1435863" t="состояться"><v><l id="330569" t="состояться"><g v="INFN"></g><g v="perf"></g><g v="intr"></g></l></v></tfr></token><token id="603117" text="в"><tfr rev_id="1435864" t="в"><v><l id="37409" t="в"><g v="PREP"></g></l></v></tfr></token><token id="603118" text="декабре"><tfr rev_id="1435865" t="декабре"><v><l id="80133" t="декабрь"><g v="NOUN"></g><g v="inan"></g><g v="masc"></g><g v="sing"></g><g v="loct"></g></l></v></tfr></token><token id="603119" text=","><tfr rev_id="1435866" t=","><v><l id="0" t=","><g v="PNCT"></g></l></v></tfr></token><token id="603120" text="появятся"><tfr rev_id="1435867" t="появятся"><v><l id="265507" t="появился"><g v="VERB"></g><g v="perf"></g><g v="intr"></g><g v="plur"></g><g v="3per"></g><g v="futr"></g><g v="indc"></g></l></v></tfr></token><token id="603121" text="и"><tfr rev_id="1435868" t="и"><v><l id="116949" t="и"><g v="CONJ"></g></l></v><v><l id="116950" t="и"><g v="INTJ"></g></l></v></tfr></token><token id="603122" text="другие"><tfr rev_id="4082718" t="другие"><v><l id="92342" t="другой"><g v="ADJF"></g><g v="Apro"></g><g v="Subx"></g><g v="plur"></g><g v="nomn"></g></l></v></tfr></token><token id="603123" text="кандидаты"><tfr rev_id="1435870" t="кандидаты"><v><l id="129326" t="кандидат"><g v="NOUN"></g><g v="anim"></g><g v="masc"></g><g v="plur"></g><g v="nomn"></g></l></v></tfr></token><token id="603124" text="."><tfr rev_id="1435871" t="."><v><l id="0" t="."><g v="PNCT"></g></l></v></tfr></token></tokens></sentence><sentence id="33666"><source>Характерно, что все претенденты представляют Азию, так как существует негласное соглашение о ротации Генеральных секретарей по континентальному принципу.</source><tokens><token id="603125" text="Характерно"><tfr rev_id="1435872" t="Характерно"><v><l id="369437" t="характерно"><g v="ADVB"></g></l></v><v><l id="369440" t="характерен"><g v="ADJS"></g><g v="Qual"></g><g v="neut"></g><g v="sing"></g></l></v></tfr></token><token id="603126" text=","><tfr rev_id="1435873" t=","><v><l id="0" t=","><g v="PNCT"></g></l></v></tfr></token><token id="603127" text="что"><tfr rev_id="3196819" t="что"><v><l id="377004" t="что"><g v="CONJ"></g></l></v><v><l id="377005" t="что"><g v="NPRO"></g><g v="neut"></g><g v="sing"></g><g v="nomn"></g></l></v><v><l id="377005" t="что"><g v="NPRO"></g><g v="neut"></g><g v="sing"></g><g v="accs"></g></l></v><v><l id="377006" t="что"><g v="ADVB"></g><g v="Ques"></g></l></v><v><l id="388695" t="что"><g v="PRCL"></g></l></v></tfr></token><token id="603128" text="все"><tfr rev_id="4538044" t="все"><v><l id="42156" t="весь"><g v="ADJF"></g><g v="Subx"></g><g v="Apro"></g><g v="inan"></g><g v="plur"></g><g v="accs"></g></l></v><v><l id="42156" t="весь"><g v="ADJF"></g><g v="Subx"></g><g v="Apro"></g><g v="plur"></g><g v="nomn"></g></l></v></tfr></token><token id="603129" text="претенденты"><tfr rev_id="1435876" t="претенденты"><v><l id="268410" t="претендент"><g v="NOUN"></g><g v="anim"></g><g v="masc"></g><g v="plur"></g><g v="nomn"></g></l></v></tfr></token><token id="603130" text="представляют"><tfr rev_id="1435877" t="представляют"><v><l id="267112" t="представляю"><g v="VERB"></g><g v="impf"></g><g v="tran"></g><g v="plur"></g><g v="3per"></g><g v="pres"></g><g v="indc"></g></l></v></tfr></token><token id="603131" text="Азию"><tfr rev_id="1435878" t="Азию"><v><l id="5800" t="азия"><g v="NOUN"></g><g v="inan"></g><g v="femn"></g><g v="Sgtm"></g><g v="Geox"></g><g v="sing"></g><g v="accs"></g></l></v></tfr></token><token id="603132" text=","><tfr rev_id="1435879" t=","><v><l id="0" t=","><g v="PNCT"></g></l></v></tfr></token><token id="603133" text="так"><tfr rev_id="1435880" t="так"><v><l id="342451" t="так"><g v="CONJ"></g></l></v><v><l id="342452" t="так"><g v="PRCL"></g></l></v><v><l id="342453" t="так"><g v="ADVB"></g><g v="Dmns"></g></l></v></tfr></token><token id="603134" text="как"><tfr rev_id="1435881" t="как"><v><l id="128190" t="как"><g v="CONJ"></g></l></v><v><l id="128191" t="как"><g v="PRCL"></g></l></v><v><l id="128192" t="как"><g v="ADVB"></g><g v="Ques"></g></l></v></tfr></token><token id="603135" text="существует"><tfr rev_id="1435882" t="существует"><v><l id="340484" t="существую"><g v="VERB"></g><g v="impf"></g><g v="intr"></g><g v="sing"></g><g v="3per"></g><g v="pres"></g><g v="indc"></g></l></v></tfr></token><token id="603136" text="негласное"><tfr rev_id="1435883" t="негласное"><v><l id="180428" t="негласный"><g v="ADJF"></g><g v="Qual"></g><g v="neut"></g><g v="sing"></g><g v="nomn"></g></l></v><v><l id="180428" t="негласный"><g v="ADJF"></g><g v="Qual"></g><g v="neut"></g><g v="sing"></g><g v="accs"></g></l></v></tfr></token><token id="603137" text="соглашение"><tfr rev_id="4240441" t="соглашение"><v><l id="328305" t="соглашение"><g v="NOUN"></g><g v="inan"></g><g v="neut"></g><g v="sing"></g><g v="nomn"></g></l></v></tfr></token><token id="603138" text="о"><tfr rev_id="3328070" t="о"><v><l id="192977" t="о"><g v="PREP"></g></l></v></tfr></token><token id="603139" text="ротации"><tfr rev_id="4025803" t="ротации"><v><l id="309517" t="ротация"><g v="NOUN"></g><g v="inan"></g><g v="femn"></g><g v="sing"></g><g v="loct"></g></l></v></tfr></token><token id="603140" text="Генеральных"><tfr rev_id="2762275" t="Генеральных"><v><l id="68532" t="генеральный"><g v="ADJF"></g><g v="plur"></g><g v="gent"></g></l></v></tfr></token><token id="603141" text="секретарей"><tfr rev_id="2928451" t="секретарей"><v><l id="318046" t="секретарь"><g v="NOUN"></g><g v="anim"></g><g v="masc"></g><g v="plur"></g><g v="gent"></g></l></v></tfr></token><token id="603142" text="по"><tfr rev_id="1435889" t="по"><v><l id="241240" t="по"><g v="PREP"></g></l></v></tfr></token><token id="603143" text="континентальному"><tfr rev_id="3481699" t="континентальному"><v><l id="138367" t="континентальный"><g v="ADJF"></g><g v="masc"></g><g v="sing"></g><g v="datv"></g></l></v></tfr></token><token id="603144" text="принципу"><tfr rev_id="1435891" t="принципу"><v><l id="272678" t="принцип"><g v="NOUN"></g><g v="inan"></g><g v="masc"></g><g v="sing"></g><g v="datv"></g></l></v></tfr></token><token id="603145" text="."><tfr rev_id="1435892" t="."><v><l id="0" t="."><g v="PNCT"></g></l></v></tfr></token></tokens></sentence><sentence id="33667"><source>Последним Генеральным секретарём из Азии был У Тан (Бирма) с 1961 по 1971 годы.</source><tokens><token id="603146" text="Последним"><tfr rev_id="4349015" t="Последним"><v><l id="261565" t="последний"><g v="ADJF"></g><g v="masc"></g><g v="sing"></g><g v="ablt"></g></l></v></tfr></token><token id="603147" text="Генеральным"><tfr rev_id="4370205" t="Генеральным"><v><l id="68532" t="генеральный"><g v="ADJF"></g><g v="masc"></g><g v="sing"></g><g v="ablt"></g></l></v></tfr></token><token id="603148" text="секретарём"><tfr rev_id="1435895" t="секретарём"><v><l id="318046" t="секретарь"><g v="NOUN"></g><g v="anim"></g><g v="masc"></g><g v="sing"></g><g v="ablt"></g></l></v></tfr></token><token id="603149" text="из"><tfr rev_id="2602511" t="из"><v><l id="117677" t="из"><g v="PREP"></g></l></v></tfr></token><token id="603150" text="Азии"><tfr rev_id="3455702" t="Азии"><v><l id="5800" t="азия"><g v="NOUN"></g><g v="inan"></g><g v="femn"></g><g v="Sgtm"></g><g v="Geox"></g><g v="sing"></g><g v="gent"></g></l></v></tfr></token><token id="603151" text="был"><tfr rev_id="1435898" t="был"><v><l id="37265" t="есть"><g v="VERB"></g><g v="impf"></g><g v="intr"></g><g v="masc"></g><g v="sing"></g><g v="past"></g><g v="indc"></g></l></v></tfr></token><token id="603152" text="У"><tfr rev_id="3301839" t="У"><v><l id="0" t="У"><g v="UNKN"></g></l></v></tfr></token><token id="603153" text="Тан"><tfr rev_id="1435900" t="Тан"><v><l id="342882" t="тан"><g v="NOUN"></g><g v="anim"></g><g v="masc"></g><g v="sing"></g><g v="nomn"></g></l></v></tfr></token><token id="603154" text="("><tfr rev_id="1435901" t="("><v><l id="0" t="("><g v="PNCT"></g></l></v></tfr></token><token id="603155" text="Бирма"><tfr rev_id="1435902" t="Бирма"><v><l id="29972" t="бирма"><g v="NOUN"></g><g v="inan"></g><g v="femn"></g><g v="Sgtm"></g><g v="Geox"></g><g v="sing"></g><g v="nomn"></g></l></v></tfr></token><token id="603156" text=")"><tfr rev_id="1435903" t=")"><v><l id="0" t=")"><g v="PNCT"></g></l></v></tfr></token><token id="603157" text="с"><tfr rev_id="1435904" t="с"><v><l id="311151" t="с"><g v="PREP"></g></l></v></tfr></token><token id="603158" text="1961"><tfr rev_id="2461693" t="1961"><v><l id="0" t="1961"><g v="NUMB"></g></l></v></tfr></token><token id="603159" text="по"><tfr rev_id="1435906" t="по"><v><l id="241240" t="по"><g v="PREP"></g></l></v></tfr></token><token id="603160" text="1971"><tfr rev_id="2461694" t="1971"><v><l id="0" t="1971"><g v="NUMB"></g></l></v></tfr></token><token id="603161" text="годы"><tfr rev_id="2757417" t="годы"><v><l id="72149" t="год"><g v="NOUN"></g><g v="inan"></g><g v="masc"></g><g v="plur"></g><g v="accs"></g></l></v></tfr></token><token id="603162" text="."><tfr rev_id="1435909" t="."><v><l id="0" t="."><g v="PNCT"></g></l></v></tfr></token></tokens></sentence><sentence id="33668"><source>Однако, это вовсе не означает, что следующим Генеральным секретарём может быть только представитель Азии.</source><tokens><token id="603163" text="Однако"><tfr rev_id="2624532" t="Однако"><v><l id="203386" t="однако"><g v="INTJ"></g></l></v><v><l id="203387" t="однако"><g v="CONJ"></g><g v="Prnt"></g></l></v></tfr></token><token id="603164" text=","><tfr rev_id="1435911" t=","><v><l id="0" t=","><g v="PNCT"></g></l></v></tfr></token><token id="603165" text="это"><tfr rev_id="4441545" t="это"><v><l id="386574" t="это"><g v="PRCL"></g></l></v><v><l id="386575" t="это"><g v="NPRO"></g><g v="neut"></g><g v="sing"></g><g v="nomn"></g></l></v><v><l id="386575" t="это"><g v="NPRO"></g><g v="neut"></g><g v="sing"></g><g v="accs"></g></l></v><v><l id="386581" t="этот"><g v="ADJF"></g><g v="Subx"></g><g v="Apro"></g><g v="Anph"></g><g v="neut"></g><g v="sing"></g><g v="nomn"></g></l></v><v><l id="386581" t="этот"><g v="ADJF"></g><g v="Subx"></g><g v="Apro"></g><g v="Anph"></g><g v="neut"></g><g v="sing"></g><g v="accs"></g></l></v></tfr></token><token id="603166" text="вовсе"><tfr rev_id="1435913" t="вовсе"><v><l id="47982" t="вовсе"><g v="ADVB"></g></l></v></tfr></token><token id="603167" text="не"><tfr rev_id="1435914" t="не"><v><l id="178876" t="не"><g v="PRCL"></g></l></v></tfr></token><token id="603168" text="означает"><tfr rev_id="1435915" t="означает"><v><l id="204299" t="означаю"><g v="VERB"></g><g v="impf"></g><g v="tran"></g><g v="sing"></g><g v="3per"></g><g v="pres"></g><g v="indc"></g></l></v></tfr></token><token id="603169" text=","><tfr rev_id="1435916" t=","><v><l id="0" t=","><g v="PNCT"></g></l></v></tfr></token><token id="603170" text="что"><tfr rev_id="3196820" t="что"><v><l id="377004" t="что"><g v="CONJ"></g></l></v><v><l id="377005" t="что"><g v="NPRO"></g><g v="neut"></g><g v="sing"></g><g v="nomn"></g></l></v><v><l id="377005" t="что"><g v="NPRO"></g><g v="neut"></g><g v="sing"></g><g v="accs"></g></l></v><v><l id="377006" t="что"><g v="ADVB"></g><g v="Ques"></g></l></v><v><l id="388695" t="что"><g v="PRCL"></g></l></v></tfr></token><token id="603171" text="следующим"><tfr rev_id="1435918" t="следующим"><v><l id="324749" t="следующий"><g v="PRTF"></g><g v="impf"></g><g v="intr"></g><g v="pres"></g><g v="actv"></g><g v="masc"></g><g v="sing"></g><g v="ablt"></g></l></v><v><l id="324749" t="следующий"><g v="PRTF"></g><g v="impf"></g><g v="intr"></g><g v="pres"></g><g v="actv"></g><g v="neut"></g><g v="sing"></g><g v="ablt"></g></l></v><v><l id="324749" t="следующий"><g v="PRTF"></g><g v="impf"></g><g v="intr"></g><g v="pres"></g><g v="actv"></g><g v="plur"></g><g v="datv"></g></l></v><v><l id="324769" t="следующий"><g v="ADJF"></g><g v="masc"></g><g v="sing"></g><g v="ablt"></g></l></v><v><l id="324769" t="следующий"><g v="ADJF"></g><g v="neut"></g><g v="sing"></g><g v="ablt"></g></l></v><v><l id="324769" t="следующий"><g v="ADJF"></g><g v="plur"></g><g v="datv"></g></l></v></tfr></token><token id="603172" text="Генеральным"><tfr rev_id="4310179" t="Генеральным"><v><l id="68532" t="генеральный"><g v="ADJF"></g><g v="masc"></g><g v="sing"></g><g v="ablt"></g></l></v></tfr></token><token id="603173" text="секретарём"><tfr rev_id="1435920" t="секретарём"><v><l id="318046" t="секретарь"><g v="NOUN"></g><g v="anim"></g><g v="masc"></g><g v="sing"></g><g v="ablt"></g></l></v></tfr></token><token id="603174" text="может"><tfr rev_id="4232963" t="может"><v><l id="164485" t="могу"><g v="VERB"></g><g v="impf"></g><g v="intr"></g><g v="sing"></g><g v="3per"></g><g v="pres"></g><g v="indc"></g></l></v></tfr></token><token id="603175" text="быть"><tfr rev_id="1435922" t="быть"><v><l id="37266" t="быть"><g v="INFN"></g><g v="impf"></g><g v="intr"></g></l></v></tfr></token><token id="603176" text="только"><tfr rev_id="3784059" t="только"><v><l id="347395" t="только"><g v="CONJ"></g></l></v><v><l id="347396" t="только"><g v="PRCL"></g></l></v><v><l id="390053" t="только"><g v="ADVB"></g></l></v></tfr></token><token id="603177" text="представитель"><tfr rev_id="1435924" t="представитель"><v><l id="267083" t="представитель"><g v="NOUN"></g><g v="anim"></g><g v="masc"></g><g v="sing"></g><g v="nomn"></g></l></v></tfr></token><token id="603178" text="Азии"><tfr rev_id="3456935" t="Азии"><v><l id="5800" t="азия"><g v="NOUN"></g><g v="inan"></g><g v="femn"></g><g v="Sgtm"></g><g v="Geox"></g><g v="sing"></g><g v="gent"></g></l></v></tfr></token><token id="603179" text="."><tfr rev_id="1435926" t="."><v><l id="0" t="."><g v="PNCT"></g></l></v></tfr></token></tokens></sentence></paragraph><paragraph id="10766"><sentence id="33669"><source>Полномочия нынешнего, седьмого за 60-и летнюю историю ООН, Генерального секретаря ООН Кофи Аннана истекают 31 декабря 2006 года.</source><tokens><token id="603180" text="Полномочия"><tfr rev_id="3799922" t="Полномочия"><v><l id="256121" t="полномочие"><g v="NOUN"></g><g v="inan"></g><g v="neut"></g><g v="plur"></g><g v="nomn"></g></l></v></tfr></token><token id="603181" text="нынешнего"><tfr rev_id="3549204" t="нынешнего"><v><l id="192793" t="нынешний"><g v="ADJF"></g><g v="masc"></g><g v="sing"></g><g v="gent"></g></l></v><v><l id="192793" t="нынешний"><g v="ADJF"></g><g v="anim"></g><g v="masc"></g><g v="sing"></g><g v="accs"></g></l></v></tfr></token><token id="603182" text=","><tfr rev_id="1435929" t=","><v><l id="0" t=","><g v="PNCT"></g></l></v></tfr></token><token id="603183" text="седьмого"><tfr rev_id="4165262" t="седьмого"><v><l id="317851" t="седьмой"><g v="ADJF"></g><g v="Anum"></g><g v="masc"></g><g v="sing"></g><g v="gent"></g></l></v><v><l id="317851" t="седьмой"><g v="ADJF"></g><g v="Anum"></g><g v="anim"></g><g v="masc"></g><g v="sing"></g><g v="accs"></g></l></v></tfr></token><token id="603184" text="за"><tfr rev_id="1435931" t="за"><v><l id="98043" t="за"><g v="PREP"></g></l></v></tfr></token><token id="603185" text="60-и"><tfr rev_id="1435932" t="60-и"><v><l id="0" t="60-и"><g v="UNKN"></g></l></v></tfr></token><token id="603186" text="летнюю"><tfr rev_id="1435933" t="летнюю"><v><l id="148685" t="летний"><g v="ADJF"></g><g v="femn"></g><g v="sing"></g><g v="accs"></g></l></v></tfr></token><token id="603187" text="историю"><tfr rev_id="1435934" t="историю"><v><l id="126437" t="история"><g v="NOUN"></g><g v="inan"></g><g v="femn"></g><g v="sing"></g><g v="accs"></g></l></v></tfr></token><token id="603188" text="ООН"><tfr rev_id="4138811" t="ООН"><v><l id="206695" t="оон"><g v="NOUN"></g><g v="inan"></g><g v="femn"></g><g v="Sgtm"></g><g v="Fixd"></g><g v="Abbr"></g><g v="Orgn"></g><g v="sing"></g><g v="gent"></g></l></v></tfr></token><token id="603189" text=","><tfr rev_id="1435936" t=","><v><l id="0" t=","><g v="PNCT"></g></l></v></tfr></token><token id="603190" text="Генерального"><tfr rev_id="4420421" t="Генерального"><v><l id="68532" t="генеральный"><g v="ADJF"></g><g v="masc"></g><g v="sing"></g><g v="gent"></g></l></v></tfr></token><token id="603191" text="секретаря"><tfr rev_id="4358667" t="секретаря"><v><l id="318046" t="секретарь"><g v="NOUN"></g><g v="anim"></g><g v="masc"></g><g v="sing"></g><g v="gent"></g></l></v></tfr></token><token id="603192" text="ООН"><tfr rev_id="4138812" t="ООН"><v><l id="206695" t="оон"><g v="NOUN"></g><g v="inan"></g><g v="femn"></g><g v="Sgtm"></g><g v="Fixd"></g><g v="Abbr"></g><g v="Orgn"></g><g v="sing"></g><g v="gent"></g></l></v></tfr></token><token id="603193" text="Кофи"><tfr rev_id="4153653" t="Кофи"><v><l id="141242" t="кофи"><g v="NOUN"></g><g v="anim"></g><g v="masc"></g><g v="Sgtm"></g><g v="Fixd"></g><g v="Name"></g><g v="sing"></g><g v="gent"></g></l></v></tfr></token><token id="603194" text="Аннана"><tfr rev_id="1435941" t="Аннана"><v><l id="0" t="аннана"><g v="UNKN"></g></l></v></tfr></token><token id="603195" text="истекают"><tfr rev_id="1435942" t="истекают"><v><l id="126159" t="истекаю"><g v="VERB"></g><g v="impf"></g><g v="intr"></g><g v="plur"></g><g v="3per"></g><g v="pres"></g><g v="indc"></g></l></v></tfr></token><token id="603196" text="31"><tfr rev_id="2461695" t="31"><v><l id="0" t="31"><g v="NUMB"></g></l></v></tfr></token><token id="603197" text="декабря"><tfr rev_id="1435944" t="декабря"><v><l id="80133" t="декабрь"><g v="NOUN"></g><g v="inan"></g><g v="masc"></g><g v="sing"></g><g v="gent"></g></l></v></tfr></token><token id="603198" text="2006"><tfr rev_id="2461696" t="2006"><v><l id="0" t="2006"><g v="NUMB"></g></l></v></tfr></token><token id="603199" text="года"><tfr rev_id="3431692" t="года"><v><l id="72149" t="год"><g v="NOUN"></g><g v="inan"></g><g v="masc"></g><g v="sing"></g><g v="gen1"></g></l></v></tfr></token><token id="603200" text="."><tfr rev_id="1435947" t="."><v><l id="0" t="."><g v="PNCT"></g></l></v></tfr></token></tokens></sentence><sentence id="33670"><source>Кофи Аннан руководил ООН 10 лет (два срока).</source><tokens><token id="603201" text="Кофи"><tfr rev_id="3657442" t="Кофи"><v><l id="141242" t="кофи"><g v="NOUN"></g><g v="anim"></g><g v="masc"></g><g v="Sgtm"></g><g v="Fixd"></g><g v="Name"></g><g v="sing"></g><g v="nomn"></g></l></v></tfr></token><token id="603202" text="Аннан"><tfr rev_id="1435949" t="Аннан"><v><l id="0" t="аннан"><g v="UNKN"></g></l></v></tfr></token><token id="603203" text="руководил"><tfr rev_id="1435950" t="руководил"><v><l id="309989" t="руковожу"><g v="VERB"></g><g v="impf"></g><g v="intr"></g><g v="masc"></g><g v="sing"></g><g v="past"></g><g v="indc"></g></l></v><v><l id="309994" t="руковожу"><g v="VERB"></g><g v="impf"></g><g v="tran"></g><g v="masc"></g><g v="sing"></g><g v="past"></g><g v="indc"></g></l></v></tfr></token><token id="603204" text="ООН"><tfr rev_id="4138813" t="ООН"><v><l id="206695" t="оон"><g v="NOUN"></g><g v="inan"></g><g v="femn"></g><g v="Sgtm"></g><g v="Fixd"></g><g v="Abbr"></g><g v="Orgn"></g><g v="sing"></g><g v="nomn"></g></l></v><v><l id="206695" t="оон"><g v="NOUN"></g><g v="inan"></g><g v="femn"></g><g v="Sgtm"></g><g v="Fixd"></g><g v="Abbr"></g><g v="Orgn"></g><g v="sing"></g><g v="gent"></g></l></v><v><l id="206695" t="оон"><g v="NOUN"></g><g v="inan"></g><g v="femn"></g><g v="Sgtm"></g><g v="Fixd"></g><g v="Abbr"></g><g v="Orgn"></g><g v="sing"></g><g v="datv"></g></l></v><v><l id="206695" t="оон"><g v="NOUN"></g><g v="inan"></g><g v="femn"></g><g v="Sgtm"></g><g v="Fixd"></g><g v="Abbr"></g><g v="Orgn"></g><g v="sing"></g><g v="accs"></g></l></v><v><l id="206695" t="оон"><g v="NOUN"></g><g v="inan"></g><g v="femn"></g><g v="Sgtm"></g><g v="Fixd"></g><g v="Abbr"></g><g v="Orgn"></g><g v="sing"></g><g v="ablt"></g></l></v><v><l id="206695" t="оон"><g v="NOUN"></g><g v="inan"></g><g v="femn"></g><g v="Sgtm"></g><g v="Fixd"></g><g v="Abbr"></g><g v="Orgn"></g><g v="sing"></g><g v="loct"></g></l></v></tfr></token><token id="603205" text="10"><tfr rev_id="2461697" t="10"><v><l id="0" t="10"><g v="NUMB"></g></l></v></tfr></token><token id="603206" text="лет"><tfr rev_id="3469338" t="лет"><v><l id="72149" t="год"><g v="NOUN"></g><g v="inan"></g><g v="masc"></g><g v="plur"></g><g v="gent"></g></l></v></tfr></token><token id="603207" text="("><tfr rev_id="1435954" t="("><v><l id="0" t="("><g v="PNCT"></g></l></v></tfr></token><token id="603208" text="два"><tfr rev_id="4450420" t="два"><v><l id="78668" t="два"><g v="NUMR"></g><g v="masc"></g><g v="nomn"></g></l></v><v><l id="78668" t="два"><g v="NUMR"></g><g v="inan"></g><g v="masc"></g><g v="accs"></g></l></v><v><l id="78668" t="два"><g v="NUMR"></g><g v="neut"></g><g v="nomn"></g></l></v><v><l id="78668" t="два"><g v="NUMR"></g><g v="inan"></g><g v="neut"></g><g v="accs"></g></l></v></tfr></token><token id="603209" text="срока"><tfr rev_id="1435956" t="срока"><v><l id="333848" t="срок"><g v="NOUN"></g><g v="inan"></g><g v="masc"></g><g v="sing"></g><g v="gen1"></g></l></v></tfr></token><token id="603210" text=")"><tfr rev_id="1435957" t=")"><v><l id="0" t=")"><g v="PNCT"></g></l></v></tfr></token><token id="603211" text="."><tfr rev_id="1435958" t="."><v><l id="0" t="."><g v="PNCT"></g></l></v></tfr></token></tokens></sentence></paragraph><paragraph id="10767"><sentence id="33671"><source>В кулуарах ООН называют и других претендентов: шеф программы развития ООН — Кемаль Дервиш (Kemal Dervis) (Турция), принц Иордании Зайед аль-Хусейн (Zeid al-Hussein), бывший премьер-министр Сингапура Го Чок Тонг (Goh Chok Tong).</source><tokens><token id="603212" text="В"><tfr rev_id="1435959" t="В"><v><l id="37409" t="в"><g v="PREP"></g></l></v></tfr></token><token id="603213" text="кулуарах"><tfr rev_id="1435960" t="кулуарах"><v><l id="144770" t="кулуар"><g v="NOUN"></g><g v="inan"></g><g v="masc"></g><g v="plur"></g><g v="loct"></g></l></v></tfr></token><token id="603214" text="ООН"><tfr rev_id="4138814" t="ООН"><v><l id="206695" t="оон"><g v="NOUN"></g><g v="inan"></g><g v="femn"></g><g v="Sgtm"></g><g v="Fixd"></g><g v="Abbr"></g><g v="Orgn"></g><g v="sing"></g><g v="gent"></g></l></v></tfr></token><token id="603215" text="называют"><tfr rev_id="1435962" t="называют"><v><l id="170473" t="называю"><g v="VERB"></g><g v="impf"></g><g v="tran"></g><g v="plur"></g><g v="3per"></g><g v="pres"></g><g v="indc"></g></l></v></tfr></token><token id="603216" text="и"><tfr rev_id="1435963" t="и"><v><l id="116949" t="и"><g v="CONJ"></g></l></v><v><l id="116950" t="и"><g v="INTJ"></g></l></v></tfr></token><token id="603217" text="других"><tfr rev_id="3671237" t="других"><v><l id="92342" t="другой"><g v="ADJF"></g><g v="Apro"></g><g v="Subx"></g><g v="anim"></g><g v="plur"></g><g v="accs"></g></l></v></tfr></token><token id="603218" text="претендентов"><tfr rev_id="4382925" t="претендентов"><v><l id="268410" t="претендент"><g v="NOUN"></g><g v="anim"></g><g v="masc"></g><g v="plur"></g><g v="accs"></g></l></v></tfr></token><token id="603219" text=":"><tfr rev_id="1435966" t=":"><v><l id="0" t=":"><g v="PNCT"></g></l></v></tfr></token><token id="603220" text="шеф"><tfr rev_id="1435967" t="шеф"><v><l id="379427" t="шеф"><g v="NOUN"></g><g v="anim"></g><g v="masc"></g><g v="sing"></g><g v="nomn"></g></l></v></tfr></token><token id="603221" text="программы"><tfr rev_id="3476000" t="программы"><v><l id="278686" t="программа"><g v="NOUN"></g><g v="inan"></g><g v="femn"></g><g v="sing"></g><g v="gent"></g></l></v></tfr></token><token id="603222" text="развития"><tfr rev_id="3503175" t="развития"><v><l id="292545" t="развитие"><g v="NOUN"></g><g v="inan"></g><g v="neut"></g><g v="sing"></g><g v="gent"></g></l></v></tfr></token><token id="603223" text="ООН"><tfr rev_id="4138815" t="ООН"><v><l id="206695" t="оон"><g v="NOUN"></g><g v="inan"></g><g v="femn"></g><g v="Sgtm"></g><g v="Fixd"></g><g v="Abbr"></g><g v="Orgn"></g><g v="sing"></g><g v="gent"></g></l></v></tfr></token><token id="603224" text="—"><tfr rev_id="2443644" t="—"><v><l id="0" t="—"><g v="PNCT"></g></l></v></tfr></token><token id="603225" text="Кемаль"><tfr rev_id="1435972" t="Кемаль"><v><l id="0" t="кемаль"><g v="UNKN"></g></l></v></tfr></token><token id="603226" text="Дервиш"><tfr rev_id="1435973" t="Дервиш"><v><l id="81606" t="дервиш"><g v="NOUN"></g><g v="anim"></g><g v="masc"></g><g v="sing"></g><g v="nomn"></g></l></v></tfr></token><token id="603227" text="("><tfr rev_id="1435974" t="("><v><l id="0" t="("><g v="PNCT"></g></l></v></tfr></token><token id="603228" text="Kemal"><tfr rev_id="2474661" t="Kemal"><v><l id="0" t="Kemal"><g v="LATN"></g></l></v></tfr></token><token id="603229" text="Dervis"><tfr rev_id="2474662" t="Dervis"><v><l id="0" t="Dervis"><g v="LATN"></g></l></v></tfr></token><token id="603230" text=")"><tfr rev_id="1435977" t=")"><v><l id="0" t=")"><g v="PNCT"></g></l></v></tfr></token><token id="603231" text="("><tfr rev_id="1435978" t="("><v><l id="0" t="("><g v="PNCT"></g></l></v></tfr></token><token id="603232" text="Турция"><tfr rev_id="1435979" t="Турция"><v><l id="351881" t="турция"><g v="NOUN"></g><g v="inan"></g><g v="femn"></g><g v="Sgtm"></g><g v="Geox"></g><g v="sing"></g><g v="nomn"></g></l></v></tfr></token><token id="603233" text=")"><tfr rev_id="1435980" t=")"><v><l id="0" t=")"><g v="PNCT"></g></l></v></tfr></token><token id="603234" text=","><tfr rev_id="1435981" t=","><v><l id="0" t=","><g v="PNCT"></g></l></v></tfr></token><token id="603235" text="принц"><tfr rev_id="1435982" t="принц"><v><l id="272675" t="принц"><g v="NOUN"></g><g v="anim"></g><g v="masc"></g><g v="sing"></g><g v="nomn"></g></l></v></tfr></token><token id="603236" text="Иордании"><tfr rev_id="3456968" t="Иордании"><v><l id="123810" t="иордания"><g v="NOUN"></g><g v="inan"></g><g v="femn"></g><g v="Sgtm"></g><g v="Geox"></g><g v="sing"></g><g v="gent"></g></l></v></tfr></token><token id="603237" text="Зайед"><tfr rev_id="1435984" t="Зайед"><v><l id="0" t="зайед"><g v="UNKN"></g></l></v></tfr></token><token id="603238" text="аль-Хусейн"><tfr rev_id="1435985" t="аль-Хусейн"><v><l id="0" t="аль-хусейн"><g v="UNKN"></g></l></v></tfr></token><token id="603239" text="("><tfr rev_id="1435986" t="("><v><l id="0" t="("><g v="PNCT"></g></l></v></tfr></token><token id="603240" text="Zeid"><tfr rev_id="2474663" t="Zeid"><v><l id="0" t="Zeid"><g v="LATN"></g></l></v></tfr></token><token id="603241" text="al-Hussein"><tfr rev_id="2474664" t="al-Hussein"><v><l id="0" t="al-Hussein"><g v="LATN"></g></l></v></tfr></token><token id="603244" text=")"><tfr rev_id="1435989" t=")"><v><l id="0" t=")"><g v="PNCT"></g></l></v></tfr></token><token id="603245" text=","><tfr rev_id="1435990" t=","><v><l id="0" t=","><g v="PNCT"></g></l></v></tfr></token><token id="603246" text="бывший"><tfr rev_id="1435991" t="бывший"><v><l id="37002" t="бывший"><g v="ADJF"></g><g v="masc"></g><g v="sing"></g><g v="nomn"></g></l></v><v><l id="37002" t="бывший"><g v="ADJF"></g><g v="inan"></g><g v="masc"></g><g v="sing"></g><g v="accs"></g></l></v><v><l id="37267" t="бывший"><g v="PRTF"></g><g v="impf"></g><g v="intr"></g><g v="past"></g><g v="actv"></g><g v="masc"></g><g v="sing"></g><g v="nomn"></g></l></v><v><l id="37267" t="бывший"><g v="PRTF"></g><g v="impf"></g><g v="intr"></g><g v="past"></g><g v="actv"></g><g v="inan"></g><g v="masc"></g><g v="sing"></g><g v="accs"></g></l></v></tfr></token><token id="603247" text="премьер-министр"><tfr rev_id="1435992" t="премьер-министр"><v><l id="267776" t="премьер-министр"><g v="NOUN"></g><g v="anim"></g><g v="masc"></g><g v="sing"></g><g v="nomn"></g></l></v></tfr></token><token id="603248" text="Сингапура"><tfr rev_id="1435993" t="Сингапура"><v><l id="320829" t="сингапур"><g v="NOUN"></g><g v="inan"></g><g v="masc"></g><g v="Geox"></g><g v="sing"></g><g v="gent"></g></l></v></tfr></token><token id="603249" text="Го"><tfr rev_id="1435994" t="Го"><v><l id="0" t="го"><g v="UNKN"></g></l></v></tfr></token><token id="603250" text="Чок"><tfr rev_id="1435995" t="Чок"><v><l id="0" t="чок"><g v="UNKN"></g></l></v></tfr></token><token id="603251" text="Тонг"><tfr rev_id="4506968" t="Тонг"><v><l id="0" t="Тонг"><g v="UNKN"></g></l></v></tfr></token><token id="603252" text="("><tfr rev_id="1435997" t="("><v><l id="0" t="("><g v="PNCT"></g></l></v></tfr></token><token id="603253" text="Goh"><tfr rev_id="2474665" t="Goh"><v><l id="0" t="Goh"><g v="LATN"></g></l></v></tfr></token><token id="603254" text="Chok"><tfr rev_id="2474666" t="Chok"><v><l id="0" t="Chok"><g v="LATN"></g></l></v></tfr></token><token id="603255" text="Tong"><tfr rev_id="2474667" t="Tong"><v><l id="0" t="Tong"><g v="LATN"></g></l></v></tfr></token><token id="603256" text=")"><tfr rev_id="1436001" t=")"><v><l id="0" t=")"><g v="PNCT"></g></l></v></tfr></token><token id="603257" text="."><tfr rev_id="1436002" t="."><v><l id="0" t="."><g v="PNCT"></g></l></v></tfr></token></tokens></sentence></paragraph></paragraphs></text>