<?xml version="1.0" encoding="utf-8"?><text id="1147" parent="226" name="21559 Машина и человек померятся интеллектом"><tags><tag>url:http://www.chaskor.ru/news/mashina_i_chelovek_pomeryatsya_intellektom_21559</tag><tag>Год:2010</tag><tag>Дата:15/12</tag><tag>Тема:ЧасКор:Технологии</tag><tag>Тема:ЧасКор:Технологии/Компьютеры</tag></tags><paragraphs><paragraph id="10877"><sentence id="34034"><source>Машина и человек померятся интеллектом</source><tokens><token id="609178" text="Машина"><tfr rev_id="3494289" t="Машина"><v><l id="156690" t="машина"><g v="NOUN"></g><g v="inan"></g><g v="femn"></g><g v="sing"></g><g v="nomn"></g></l></v></tfr></token><token id="609179" text="и"><tfr rev_id="1441600" t="и"><v><l id="116949" t="и"><g v="CONJ"></g></l></v><v><l id="116950" t="и"><g v="INTJ"></g></l></v></tfr></token><token id="609180" text="человек"><tfr rev_id="3473565" t="человек"><v><l id="375073" t="человек"><g v="NOUN"></g><g v="anim"></g><g v="masc"></g><g v="sing"></g><g v="nomn"></g></l></v></tfr></token><token id="609181" text="померятся"><tfr rev_id="1441602" t="померятся"><v><l id="257539" t="померился"><g v="VERB"></g><g v="perf"></g><g v="intr"></g><g v="plur"></g><g v="3per"></g><g v="futr"></g><g v="indc"></g></l></v></tfr></token><token id="609182" text="интеллектом"><tfr rev_id="1441603" t="интеллектом"><v><l id="123058" t="интеллект"><g v="NOUN"></g><g v="inan"></g><g v="masc"></g><g v="sing"></g><g v="ablt"></g></l></v></tfr></token></tokens></sentence><sentence id="34035"><source>Компьютерная система IBM примет участие в телевикторине Jeopardy (российский аналог — «Своя игра»), где будет состязаться с Кеном Дженнингсом и Брэдом Руттером.</source><tokens><token id="609183" text="Компьютерная"><tfr rev_id="1441604" t="Компьютерная"><v><l id="137452" t="компьютерный"><g v="ADJF"></g><g v="femn"></g><g v="sing"></g><g v="nomn"></g></l></v></tfr></token><token id="609184" text="система"><tfr rev_id="1441605" t="система"><v><l id="321350" t="система"><g v="NOUN"></g><g v="inan"></g><g v="femn"></g><g v="sing"></g><g v="nomn"></g></l></v></tfr></token><token id="609185" text="IBM"><tfr rev_id="2474765" t="IBM"><v><l id="0" t="IBM"><g v="LATN"></g></l></v></tfr></token><token id="609186" text="примет"><tfr rev_id="1715908" t="примет"><v><l id="272700" t="принял"><g v="VERB"></g><g v="perf"></g><g v="tran"></g><g v="sing"></g><g v="3per"></g><g v="futr"></g><g v="indc"></g></l></v></tfr></token><token id="609187" text="участие"><tfr rev_id="4102879" t="участие"><v><l id="363132" t="участие"><g v="NOUN"></g><g v="inan"></g><g v="neut"></g><g v="sing"></g><g v="accs"></g></l></v></tfr></token><token id="609188" text="в"><tfr rev_id="1441609" t="в"><v><l id="37409" t="в"><g v="PREP"></g></l></v></tfr></token><token id="609189" text="телевикторине"><tfr rev_id="3557109" t="телевикторине"><v><l id="344105" t="телевикторина"><g v="NOUN"></g><g v="inan"></g><g v="femn"></g><g v="sing"></g><g v="loct"></g></l></v></tfr></token><token id="609190" text="Jeopardy"><tfr rev_id="2474766" t="Jeopardy"><v><l id="0" t="Jeopardy"><g v="LATN"></g></l></v></tfr></token><token id="609191" text="("><tfr rev_id="1441612" t="("><v><l id="0" t="("><g v="PNCT"></g></l></v></tfr></token><token id="609192" text="российский"><tfr rev_id="1441613" t="российский"><v><l id="309319" t="российский"><g v="ADJF"></g><g v="masc"></g><g v="sing"></g><g v="nomn"></g></l></v><v><l id="309319" t="российский"><g v="ADJF"></g><g v="inan"></g><g v="masc"></g><g v="sing"></g><g v="accs"></g></l></v></tfr></token><token id="609193" text="аналог"><tfr rev_id="4099908" t="аналог"><v><l id="12235" t="аналог"><g v="NOUN"></g><g v="inan"></g><g v="masc"></g><g v="sing"></g><g v="nomn"></g></l></v></tfr></token><token id="609194" text="—"><tfr rev_id="2443822" t="—"><v><l id="0" t="—"><g v="PNCT"></g></l></v></tfr></token><token id="609195" text="«"><tfr rev_id="2443823" t="«"><v><l id="0" t="«"><g v="PNCT"></g></l></v></tfr></token><token id="609196" text="Своя"><tfr rev_id="3631297" t="Своя"><v><l id="316379" t="свой"><g v="ADJF"></g><g v="Apro"></g><g v="Anph"></g><g v="femn"></g><g v="sing"></g><g v="nomn"></g></l></v></tfr></token><token id="609197" text="игра"><tfr rev_id="1441618" t="игра"><v><l id="117293" t="игра"><g v="NOUN"></g><g v="inan"></g><g v="femn"></g><g v="sing"></g><g v="nomn"></g></l></v></tfr></token><token id="609198" text="»"><tfr rev_id="2443824" t="»"><v><l id="0" t="»"><g v="PNCT"></g></l></v></tfr></token><token id="609199" text=")"><tfr rev_id="1441620" t=")"><v><l id="0" t=")"><g v="PNCT"></g></l></v></tfr></token><token id="609200" text=","><tfr rev_id="1441621" t=","><v><l id="0" t=","><g v="PNCT"></g></l></v></tfr></token><token id="609201" text="где"><tfr rev_id="2636462" t="где"><v><l id="67984" t="где"><g v="ADVB"></g><g v="Ques"></g></l></v><v><l id="388669" t="где"><g v="CONJ"></g></l></v></tfr></token><token id="609202" text="будет"><tfr rev_id="1441623" t="будет"><v><l id="37265" t="есть"><g v="VERB"></g><g v="impf"></g><g v="intr"></g><g v="sing"></g><g v="3per"></g><g v="futr"></g><g v="indc"></g></l></v></tfr></token><token id="609203" text="состязаться"><tfr rev_id="1441624" t="состязаться"><v><l id="330731" t="состязаться"><g v="INFN"></g><g v="impf"></g><g v="intr"></g></l></v></tfr></token><token id="609204" text="с"><tfr rev_id="1441625" t="с"><v><l id="311151" t="с"><g v="PREP"></g></l></v></tfr></token><token id="609205" text="Кеном"><tfr rev_id="1441626" t="Кеном"><v><l id="132395" t="кен"><g v="NOUN"></g><g v="anim"></g><g v="masc"></g><g v="Name"></g><g v="sing"></g><g v="ablt"></g></l></v></tfr></token><token id="609206" text="Дженнингсом"><tfr rev_id="1441627" t="Дженнингсом"><v><l id="0" t="дженнингсом"><g v="UNKN"></g></l></v></tfr></token><token id="609207" text="и"><tfr rev_id="1441628" t="и"><v><l id="116949" t="и"><g v="CONJ"></g></l></v><v><l id="116950" t="и"><g v="INTJ"></g></l></v></tfr></token><token id="609208" text="Брэдом"><tfr rev_id="1441629" t="Брэдом"><v><l id="34637" t="брэд"><g v="NOUN"></g><g v="anim"></g><g v="masc"></g><g v="Name"></g><g v="sing"></g><g v="ablt"></g></l></v></tfr></token><token id="609209" text="Руттером"><tfr rev_id="1441630" t="Руттером"><v><l id="0" t="руттером"><g v="UNKN"></g></l></v></tfr></token><token id="609210" text="."><tfr rev_id="1441631" t="."><v><l id="0" t="."><g v="PNCT"></g></l></v></tfr></token></tokens></sentence></paragraph><paragraph id="10878"><sentence id="34036"><source>Состязание между компьютерной системой IBM Watson и самыми великими чемпионами популярнейшей американской телевикторины Jeopardy за всю её историю намечено на февраль будущего года.</source><tokens><token id="609211" text="Состязание"><tfr rev_id="4233410" t="Состязание"><v><l id="330723" t="состязание"><g v="NOUN"></g><g v="inan"></g><g v="neut"></g><g v="sing"></g><g v="nomn"></g></l></v></tfr></token><token id="609212" text="между"><tfr rev_id="1441633" t="между"><v><l id="157306" t="между"><g v="PREP"></g></l></v></tfr></token><token id="609213" text="компьютерной"><tfr rev_id="2948663" t="компьютерной"><v><l id="137452" t="компьютерный"><g v="ADJF"></g><g v="femn"></g><g v="sing"></g><g v="ablt"></g></l></v></tfr></token><token id="609214" text="системой"><tfr rev_id="1441635" t="системой"><v><l id="321350" t="система"><g v="NOUN"></g><g v="inan"></g><g v="femn"></g><g v="sing"></g><g v="ablt"></g></l></v></tfr></token><token id="609215" text="IBM"><tfr rev_id="2474767" t="IBM"><v><l id="0" t="IBM"><g v="LATN"></g></l></v></tfr></token><token id="609216" text="Watson"><tfr rev_id="2474768" t="Watson"><v><l id="0" t="Watson"><g v="LATN"></g></l></v></tfr></token><token id="609217" text="и"><tfr rev_id="3410594" t="и"><v><l id="116949" t="и"><g v="CONJ"></g></l></v></tfr></token><token id="609218" text="самыми"><tfr rev_id="1441639" t="самыми"><v><l id="313174" t="самый"><g v="ADJF"></g><g v="Apro"></g><g v="plur"></g><g v="ablt"></g></l></v></tfr></token><token id="609219" text="великими"><tfr rev_id="3947539" t="великими"><v><l id="40614" t="великий"><g v="ADJF"></g><g v="plur"></g><g v="ablt"></g></l></v></tfr></token><token id="609220" text="чемпионами"><tfr rev_id="1441641" t="чемпионами"><v><l id="375185" t="чемпион"><g v="NOUN"></g><g v="anim"></g><g v="masc"></g><g v="plur"></g><g v="ablt"></g></l></v></tfr></token><token id="609221" text="популярнейшей"><tfr rev_id="2369624" t="популярнейшей"><v><l id="259763" t="популярнейший"><g v="ADJF"></g><g v="Supr"></g><g v="Qual"></g><g v="femn"></g><g v="sing"></g><g v="gent"></g></l></v></tfr></token><token id="609222" text="американской"><tfr rev_id="4315105" t="американской"><v><l id="11429" t="американский"><g v="ADJF"></g><g v="femn"></g><g v="sing"></g><g v="gent"></g></l></v></tfr></token><token id="609223" text="телевикторины"><tfr rev_id="3124559" t="телевикторины"><v><l id="344105" t="телевикторина"><g v="NOUN"></g><g v="inan"></g><g v="femn"></g><g v="sing"></g><g v="gent"></g></l></v></tfr></token><token id="609224" text="Jeopardy"><tfr rev_id="2474769" t="Jeopardy"><v><l id="0" t="Jeopardy"><g v="LATN"></g></l></v></tfr></token><token id="609225" text="за"><tfr rev_id="1441646" t="за"><v><l id="98043" t="за"><g v="PREP"></g></l></v></tfr></token><token id="609226" text="всю"><tfr rev_id="4131361" t="всю"><v><l id="42156" t="весь"><g v="ADJF"></g><g v="Subx"></g><g v="Apro"></g><g v="femn"></g><g v="sing"></g><g v="accs"></g></l></v></tfr></token><token id="609227" text="её"><tfr rev_id="4457492" t="её"><v><l id="94433" t="её"><g v="ADJF"></g><g v="Fixd"></g><g v="Apro"></g><g v="Anph"></g><g v="femn"></g><g v="sing"></g><g v="nomn"></g></l></v><v><l id="94433" t="её"><g v="ADJF"></g><g v="Fixd"></g><g v="Apro"></g><g v="Anph"></g><g v="femn"></g><g v="sing"></g><g v="gent"></g></l></v><v><l id="94433" t="её"><g v="ADJF"></g><g v="Fixd"></g><g v="Apro"></g><g v="Anph"></g><g v="femn"></g><g v="sing"></g><g v="datv"></g></l></v><v><l id="94433" t="её"><g v="ADJF"></g><g v="Fixd"></g><g v="Apro"></g><g v="Anph"></g><g v="femn"></g><g v="sing"></g><g v="accs"></g></l></v><v><l id="94433" t="её"><g v="ADJF"></g><g v="Fixd"></g><g v="Apro"></g><g v="Anph"></g><g v="femn"></g><g v="sing"></g><g v="ablt"></g></l></v><v><l id="94433" t="её"><g v="ADJF"></g><g v="Fixd"></g><g v="Apro"></g><g v="Anph"></g><g v="femn"></g><g v="sing"></g><g v="loct"></g></l></v></tfr></token><token id="609228" text="историю"><tfr rev_id="1441649" t="историю"><v><l id="126437" t="история"><g v="NOUN"></g><g v="inan"></g><g v="femn"></g><g v="sing"></g><g v="accs"></g></l></v></tfr></token><token id="609229" text="намечено"><tfr rev_id="1441650" t="намечено"><v><l id="172527" t="намечен"><g v="PRTS"></g><g v="perf"></g><g v="past"></g><g v="pssv"></g><g v="neut"></g><g v="sing"></g></l></v></tfr></token><token id="609230" text="на"><tfr rev_id="3340669" t="на"><v><l id="166264" t="на"><g v="PREP"></g></l></v></tfr></token><token id="609231" text="февраль"><tfr rev_id="3491457" t="февраль"><v><l id="364920" t="февраль"><g v="NOUN"></g><g v="inan"></g><g v="masc"></g><g v="sing"></g><g v="accs"></g></l></v></tfr></token><token id="609232" text="будущего"><tfr rev_id="4309806" t="будущего"><v><l id="35164" t="будущий"><g v="ADJF"></g><g v="masc"></g><g v="sing"></g><g v="gent"></g></l></v><v><l id="35164" t="будущий"><g v="ADJF"></g><g v="anim"></g><g v="masc"></g><g v="sing"></g><g v="accs"></g></l></v></tfr></token><token id="609233" text="года"><tfr rev_id="3468785" t="года"><v><l id="72149" t="год"><g v="NOUN"></g><g v="inan"></g><g v="masc"></g><g v="sing"></g><g v="gen1"></g></l></v></tfr></token><token id="609234" text="."><tfr rev_id="1441655" t="."><v><l id="0" t="."><g v="PNCT"></g></l></v></tfr></token></tokens></sentence><sentence id="34037"><source>Машина будет соревноваться в знаниях с двумя самыми успешными участниками — Кеном Дженнингсом и Брэдом Руттером.</source><tokens><token id="609235" text="Машина"><tfr rev_id="3680137" t="Машина"><v><l id="156690" t="машина"><g v="NOUN"></g><g v="inan"></g><g v="femn"></g><g v="sing"></g><g v="nomn"></g></l></v></tfr></token><token id="609236" text="будет"><tfr rev_id="1441657" t="будет"><v><l id="37265" t="есть"><g v="VERB"></g><g v="impf"></g><g v="intr"></g><g v="sing"></g><g v="3per"></g><g v="futr"></g><g v="indc"></g></l></v></tfr></token><token id="609237" text="соревноваться"><tfr rev_id="1441658" t="соревноваться"><v><l id="330018" t="соревноваться"><g v="INFN"></g><g v="impf"></g><g v="intr"></g></l></v></tfr></token><token id="609238" text="в"><tfr rev_id="1441659" t="в"><v><l id="37409" t="в"><g v="PREP"></g></l></v></tfr></token><token id="609239" text="знаниях"><tfr rev_id="1441660" t="знаниях"><v><l id="115978" t="знание"><g v="NOUN"></g><g v="inan"></g><g v="neut"></g><g v="plur"></g><g v="loct"></g></l></v></tfr></token><token id="609240" text="с"><tfr rev_id="1441661" t="с"><v><l id="311151" t="с"><g v="PREP"></g></l></v></tfr></token><token id="609241" text="двумя"><tfr rev_id="4449800" t="двумя"><v><l id="78668" t="два"><g v="NUMR"></g><g v="ablt"></g></l></v></tfr></token><token id="609242" text="самыми"><tfr rev_id="1441663" t="самыми"><v><l id="313174" t="самый"><g v="ADJF"></g><g v="Apro"></g><g v="plur"></g><g v="ablt"></g></l></v></tfr></token><token id="609243" text="успешными"><tfr rev_id="1441664" t="успешными"><v><l id="360843" t="успешный"><g v="ADJF"></g><g v="Qual"></g><g v="plur"></g><g v="ablt"></g></l></v></tfr></token><token id="609244" text="участниками"><tfr rev_id="1441665" t="участниками"><v><l id="363151" t="участник"><g v="NOUN"></g><g v="anim"></g><g v="masc"></g><g v="plur"></g><g v="ablt"></g></l></v></tfr></token><token id="609245" text="—"><tfr rev_id="2443825" t="—"><v><l id="0" t="—"><g v="PNCT"></g></l></v></tfr></token><token id="609246" text="Кеном"><tfr rev_id="1441667" t="Кеном"><v><l id="132395" t="кен"><g v="NOUN"></g><g v="anim"></g><g v="masc"></g><g v="Name"></g><g v="sing"></g><g v="ablt"></g></l></v></tfr></token><token id="609247" text="Дженнингсом"><tfr rev_id="1441668" t="Дженнингсом"><v><l id="0" t="дженнингсом"><g v="UNKN"></g></l></v></tfr></token><token id="609248" text="и"><tfr rev_id="1441669" t="и"><v><l id="116949" t="и"><g v="CONJ"></g></l></v><v><l id="116950" t="и"><g v="INTJ"></g></l></v></tfr></token><token id="609249" text="Брэдом"><tfr rev_id="1441670" t="Брэдом"><v><l id="34637" t="брэд"><g v="NOUN"></g><g v="anim"></g><g v="masc"></g><g v="Name"></g><g v="sing"></g><g v="ablt"></g></l></v></tfr></token><token id="609250" text="Руттером"><tfr rev_id="1441671" t="Руттером"><v><l id="0" t="руттером"><g v="UNKN"></g></l></v></tfr></token><token id="609251" text="."><tfr rev_id="1441672" t="."><v><l id="0" t="."><g v="PNCT"></g></l></v></tfr></token></tokens></sentence></paragraph><paragraph id="10879"><sentence id="34038"><source>Кен Дженнингс побил рекорд Jeopardy по максимальному количеству сыгранных друг за другом игр — на протяжении сезонов 2004/2005 года он выиграл 74 игры подряд, что обеспечило ему выигрыш более 2,5 млн долларов.</source><tokens><token id="609252" text="Кен"><tfr rev_id="1441673" t="Кен"><v><l id="132395" t="кен"><g v="NOUN"></g><g v="anim"></g><g v="masc"></g><g v="Name"></g><g v="sing"></g><g v="nomn"></g></l></v></tfr></token><token id="609253" text="Дженнингс"><tfr rev_id="1441674" t="Дженнингс"><v><l id="0" t="дженнингс"><g v="UNKN"></g></l></v></tfr></token><token id="609254" text="побил"><tfr rev_id="1441675" t="побил"><v><l id="241617" t="побил"><g v="VERB"></g><g v="perf"></g><g v="tran"></g><g v="masc"></g><g v="sing"></g><g v="past"></g><g v="indc"></g></l></v></tfr></token><token id="609255" text="рекорд"><tfr rev_id="3458055" t="рекорд"><v><l id="305797" t="рекорд"><g v="NOUN"></g><g v="inan"></g><g v="masc"></g><g v="sing"></g><g v="accs"></g></l></v></tfr></token><token id="609256" text="Jeopardy"><tfr rev_id="2474770" t="Jeopardy"><v><l id="0" t="Jeopardy"><g v="LATN"></g></l></v></tfr></token><token id="609257" text="по"><tfr rev_id="1441678" t="по"><v><l id="241240" t="по"><g v="PREP"></g></l></v></tfr></token><token id="609258" text="максимальному"><tfr rev_id="3539023" t="максимальному"><v><l id="153541" t="максимальный"><g v="ADJF"></g><g v="neut"></g><g v="sing"></g><g v="datv"></g></l></v></tfr></token><token id="609259" text="количеству"><tfr rev_id="1441680" t="количеству"><v><l id="135983" t="количество"><g v="NOUN"></g><g v="inan"></g><g v="neut"></g><g v="sing"></g><g v="datv"></g></l></v></tfr></token><token id="609260" text="сыгранных"><tfr rev_id="1441681" t="сыгранных"><v><l id="341559" t="сыгранный"><g v="ADJF"></g><g v="Qual"></g><g v="plur"></g><g v="gent"></g></l></v><v><l id="341559" t="сыгранный"><g v="ADJF"></g><g v="Qual"></g><g v="anim"></g><g v="plur"></g><g v="accs"></g></l></v><v><l id="341559" t="сыгранный"><g v="ADJF"></g><g v="Qual"></g><g v="plur"></g><g v="loct"></g></l></v><v><l id="341569" t="сыгранный"><g v="PRTF"></g><g v="perf"></g><g v="tran"></g><g v="past"></g><g v="pssv"></g><g v="plur"></g><g v="gent"></g></l></v><v><l id="341569" t="сыгранный"><g v="PRTF"></g><g v="perf"></g><g v="tran"></g><g v="past"></g><g v="pssv"></g><g v="anim"></g><g v="plur"></g><g v="accs"></g></l></v><v><l id="341569" t="сыгранный"><g v="PRTF"></g><g v="perf"></g><g v="tran"></g><g v="past"></g><g v="pssv"></g><g v="plur"></g><g v="loct"></g></l></v></tfr></token><token id="609261" text="друг"><tfr rev_id="1441682" t="друг"><v><l id="92341" t="друг"><g v="NOUN"></g><g v="anim"></g><g v="masc"></g><g v="sing"></g><g v="nomn"></g></l></v></tfr></token><token id="609262" text="за"><tfr rev_id="1441683" t="за"><v><l id="98043" t="за"><g v="PREP"></g></l></v></tfr></token><token id="609263" text="другом"><tfr rev_id="3230882" t="другом"><v><l id="92341" t="друг"><g v="NOUN"></g><g v="anim"></g><g v="masc"></g><g v="sing"></g><g v="ablt"></g></l></v></tfr></token><token id="609264" text="игр"><tfr rev_id="1441685" t="игр"><v><l id="117293" t="игра"><g v="NOUN"></g><g v="inan"></g><g v="femn"></g><g v="plur"></g><g v="gent"></g></l></v></tfr></token><token id="609265" text="—"><tfr rev_id="2443826" t="—"><v><l id="0" t="—"><g v="PNCT"></g></l></v></tfr></token><token id="609266" text="на"><tfr rev_id="3396240" t="на"><v><l id="166264" t="на"><g v="PREP"></g></l></v></tfr></token><token id="609267" text="протяжении"><tfr rev_id="1441688" t="протяжении"><v><l id="286786" t="протяжение"><g v="NOUN"></g><g v="inan"></g><g v="neut"></g><g v="sing"></g><g v="loct"></g></l></v></tfr></token><token id="609268" text="сезонов"><tfr rev_id="1441689" t="сезонов"><v><l id="317857" t="сезон"><g v="NOUN"></g><g v="inan"></g><g v="masc"></g><g v="plur"></g><g v="gent"></g></l></v></tfr></token><token id="609269" text="2004"><tfr rev_id="2461761" t="2004"><v><l id="0" t="2004"><g v="NUMB"></g></l></v></tfr></token><token id="609270" text="/"><tfr rev_id="1441691" t="/"><v><l id="0" t="/"><g v="PNCT"></g></l></v></tfr></token><token id="609271" text="2005"><tfr rev_id="2461762" t="2005"><v><l id="0" t="2005"><g v="NUMB"></g></l></v></tfr></token><token id="609272" text="года"><tfr rev_id="3446814" t="года"><v><l id="72149" t="год"><g v="NOUN"></g><g v="inan"></g><g v="masc"></g><g v="sing"></g><g v="gen1"></g></l></v></tfr></token><token id="609273" text="он"><tfr rev_id="3575574" t="он"><v><l id="206541" t="он"><g v="NPRO"></g><g v="masc"></g><g v="3per"></g><g v="Anph"></g><g v="sing"></g><g v="nomn"></g></l></v></tfr></token><token id="609274" text="выиграл"><tfr rev_id="1441695" t="выиграл"><v><l id="57698" t="выиграл"><g v="VERB"></g><g v="perf"></g><g v="tran"></g><g v="masc"></g><g v="sing"></g><g v="past"></g><g v="indc"></g></l></v></tfr></token><token id="609275" text="74"><tfr rev_id="2461763" t="74"><v><l id="0" t="74"><g v="NUMB"></g></l></v></tfr></token><token id="609276" text="игры"><tfr rev_id="3508703" t="игры"><v><l id="117293" t="игра"><g v="NOUN"></g><g v="inan"></g><g v="femn"></g><g v="sing"></g><g v="gent"></g></l></v></tfr></token><token id="609277" text="подряд"><tfr rev_id="4265126" t="подряд"><v><l id="249979" t="подряд"><g v="ADVB"></g></l></v></tfr></token><token id="609278" text=","><tfr rev_id="1441699" t=","><v><l id="0" t=","><g v="PNCT"></g></l></v></tfr></token><token id="609279" text="что"><tfr rev_id="3196858" t="что"><v><l id="377004" t="что"><g v="CONJ"></g></l></v><v><l id="377005" t="что"><g v="NPRO"></g><g v="neut"></g><g v="sing"></g><g v="nomn"></g></l></v><v><l id="377005" t="что"><g v="NPRO"></g><g v="neut"></g><g v="sing"></g><g v="accs"></g></l></v><v><l id="377006" t="что"><g v="ADVB"></g><g v="Ques"></g></l></v><v><l id="388695" t="что"><g v="PRCL"></g></l></v></tfr></token><token id="609280" text="обеспечило"><tfr rev_id="1441701" t="обеспечило"><v><l id="194762" t="обеспечил"><g v="VERB"></g><g v="perf"></g><g v="tran"></g><g v="neut"></g><g v="sing"></g><g v="past"></g><g v="indc"></g></l></v></tfr></token><token id="609281" text="ему"><tfr rev_id="4528896" t="ему"><v><l id="206541" t="он"><g v="NPRO"></g><g v="masc"></g><g v="3per"></g><g v="Anph"></g><g v="sing"></g><g v="datv"></g></l></v><v><l id="206649" t="оно"><g v="NPRO"></g><g v="neut"></g><g v="3per"></g><g v="Anph"></g><g v="sing"></g><g v="datv"></g></l></v></tfr></token><token id="609282" text="выигрыш"><tfr rev_id="1441703" t="выигрыш"><v><l id="57720" t="выигрыш"><g v="NOUN"></g><g v="inan"></g><g v="masc"></g><g v="sing"></g><g v="nomn"></g></l></v><v><l id="57720" t="выигрыш"><g v="NOUN"></g><g v="inan"></g><g v="masc"></g><g v="sing"></g><g v="accs"></g></l></v></tfr></token><token id="609283" text="более"><tfr rev_id="1441704" t="более"><v><l id="32065" t="более"><g v="ADVB"></g></l></v></tfr></token><token id="609284" text="2,5"><tfr rev_id="2461764" t="2,5"><v><l id="0" t="2,5"><g v="NUMB"></g></l></v></tfr></token><token id="609285" text="млн"><tfr rev_id="4136607" t="млн"><v><l id="389040" t="млн"><g v="NOUN"></g><g v="inan"></g><g v="masc"></g><g v="Fixd"></g><g v="Abbr"></g><g v="plur"></g><g v="nomn"></g></l></v><v><l id="389040" t="млн"><g v="NOUN"></g><g v="inan"></g><g v="masc"></g><g v="Fixd"></g><g v="Abbr"></g><g v="plur"></g><g v="gent"></g></l></v><v><l id="389040" t="млн"><g v="NOUN"></g><g v="inan"></g><g v="masc"></g><g v="Fixd"></g><g v="Abbr"></g><g v="plur"></g><g v="datv"></g></l></v><v><l id="389040" t="млн"><g v="NOUN"></g><g v="inan"></g><g v="masc"></g><g v="Fixd"></g><g v="Abbr"></g><g v="plur"></g><g v="accs"></g></l></v><v><l id="389040" t="млн"><g v="NOUN"></g><g v="inan"></g><g v="masc"></g><g v="Fixd"></g><g v="Abbr"></g><g v="plur"></g><g v="ablt"></g></l></v><v><l id="389040" t="млн"><g v="NOUN"></g><g v="inan"></g><g v="masc"></g><g v="Fixd"></g><g v="Abbr"></g><g v="plur"></g><g v="loct"></g></l></v></tfr></token><token id="609286" text="долларов"><tfr rev_id="3450863" t="долларов"><v><l id="88047" t="доллар"><g v="NOUN"></g><g v="inan"></g><g v="masc"></g><g v="plur"></g><g v="gent"></g></l></v></tfr></token><token id="609287" text="."><tfr rev_id="1441708" t="."><v><l id="0" t="."><g v="PNCT"></g></l></v></tfr></token></tokens></sentence><sentence id="34039"><source>Брэд Руттер выиграл максимальное совокупное количество игр для одного участника Jeopardy, что принесло ему 3 млн 255 тыс. долларов.</source><tokens><token id="609288" text="Брэд"><tfr rev_id="1441709" t="Брэд"><v><l id="34637" t="брэд"><g v="NOUN"></g><g v="anim"></g><g v="masc"></g><g v="Name"></g><g v="sing"></g><g v="nomn"></g></l></v></tfr></token><token id="609289" text="Руттер"><tfr rev_id="1441710" t="Руттер"><v><l id="0" t="руттер"><g v="UNKN"></g></l></v></tfr></token><token id="609290" text="выиграл"><tfr rev_id="1441711" t="выиграл"><v><l id="57698" t="выиграл"><g v="VERB"></g><g v="perf"></g><g v="tran"></g><g v="masc"></g><g v="sing"></g><g v="past"></g><g v="indc"></g></l></v></tfr></token><token id="609291" text="максимальное"><tfr rev_id="3282745" t="максимальное"><v><l id="153541" t="максимальный"><g v="ADJF"></g><g v="neut"></g><g v="sing"></g><g v="accs"></g></l></v></tfr></token><token id="609292" text="совокупное"><tfr rev_id="1441713" t="совокупное"><v><l id="328162" t="совокупный"><g v="ADJF"></g><g v="Qual"></g><g v="neut"></g><g v="sing"></g><g v="nomn"></g></l></v><v><l id="328162" t="совокупный"><g v="ADJF"></g><g v="Qual"></g><g v="neut"></g><g v="sing"></g><g v="accs"></g></l></v></tfr></token><token id="609293" text="количество"><tfr rev_id="4212739" t="количество"><v><l id="135983" t="количество"><g v="NOUN"></g><g v="inan"></g><g v="neut"></g><g v="sing"></g><g v="accs"></g></l></v></tfr></token><token id="609294" text="игр"><tfr rev_id="1441715" t="игр"><v><l id="117293" t="игра"><g v="NOUN"></g><g v="inan"></g><g v="femn"></g><g v="plur"></g><g v="gent"></g></l></v></tfr></token><token id="609295" text="для"><tfr rev_id="2948575" t="для"><v><l id="85032" t="для"><g v="PREP"></g></l></v></tfr></token><token id="609296" text="одного"><tfr rev_id="4300606" t="одного"><v><l id="203319" t="один"><g v="ADJF"></g><g v="Apro"></g><g v="Anum"></g><g v="masc"></g><g v="sing"></g><g v="gent"></g></l></v><v><l id="203319" t="один"><g v="ADJF"></g><g v="Apro"></g><g v="Anum"></g><g v="anim"></g><g v="masc"></g><g v="sing"></g><g v="accs"></g></l></v></tfr></token><token id="609297" text="участника"><tfr rev_id="2931294" t="участника"><v><l id="363151" t="участник"><g v="NOUN"></g><g v="anim"></g><g v="masc"></g><g v="sing"></g><g v="gent"></g></l></v></tfr></token><token id="609298" text="Jeopardy"><tfr rev_id="2474771" t="Jeopardy"><v><l id="0" t="Jeopardy"><g v="LATN"></g></l></v></tfr></token><token id="609299" text=","><tfr rev_id="1441720" t=","><v><l id="0" t=","><g v="PNCT"></g></l></v></tfr></token><token id="609300" text="что"><tfr rev_id="3196859" t="что"><v><l id="377004" t="что"><g v="CONJ"></g></l></v><v><l id="377005" t="что"><g v="NPRO"></g><g v="neut"></g><g v="sing"></g><g v="nomn"></g></l></v><v><l id="377005" t="что"><g v="NPRO"></g><g v="neut"></g><g v="sing"></g><g v="accs"></g></l></v><v><l id="377006" t="что"><g v="ADVB"></g><g v="Ques"></g></l></v><v><l id="388695" t="что"><g v="PRCL"></g></l></v></tfr></token><token id="609301" text="принесло"><tfr rev_id="1441722" t="принесло"><v><l id="272525" t="принёс"><g v="VERB"></g><g v="perf"></g><g v="tran"></g><g v="neut"></g><g v="sing"></g><g v="past"></g><g v="indc"></g></l></v></tfr></token><token id="609302" text="ему"><tfr rev_id="4528897" t="ему"><v><l id="206541" t="он"><g v="NPRO"></g><g v="masc"></g><g v="3per"></g><g v="Anph"></g><g v="sing"></g><g v="datv"></g></l></v><v><l id="206649" t="оно"><g v="NPRO"></g><g v="neut"></g><g v="3per"></g><g v="Anph"></g><g v="sing"></g><g v="datv"></g></l></v></tfr></token><token id="609303" text="3"><tfr rev_id="2461765" t="3"><v><l id="0" t="3"><g v="NUMB"></g></l></v></tfr></token><token id="609304" text="млн"><tfr rev_id="4180318" t="млн"><v><l id="389040" t="млн"><g v="NOUN"></g><g v="inan"></g><g v="masc"></g><g v="Fixd"></g><g v="Abbr"></g><g v="sing"></g><g v="gent"></g></l></v></tfr></token><token id="609305" text="255"><tfr rev_id="2461766" t="255"><v><l id="0" t="255"><g v="NUMB"></g></l></v></tfr></token><token id="609306" text="тыс"><tfr rev_id="4136722" t="тыс"><v><l id="389041" t="тыс"><g v="NOUN"></g><g v="inan"></g><g v="femn"></g><g v="Fixd"></g><g v="Abbr"></g><g v="plur"></g><g v="nomn"></g></l></v><v><l id="389041" t="тыс"><g v="NOUN"></g><g v="inan"></g><g v="femn"></g><g v="Fixd"></g><g v="Abbr"></g><g v="plur"></g><g v="gent"></g></l></v><v><l id="389041" t="тыс"><g v="NOUN"></g><g v="inan"></g><g v="femn"></g><g v="Fixd"></g><g v="Abbr"></g><g v="plur"></g><g v="datv"></g></l></v><v><l id="389041" t="тыс"><g v="NOUN"></g><g v="inan"></g><g v="femn"></g><g v="Fixd"></g><g v="Abbr"></g><g v="plur"></g><g v="accs"></g></l></v><v><l id="389041" t="тыс"><g v="NOUN"></g><g v="inan"></g><g v="femn"></g><g v="Fixd"></g><g v="Abbr"></g><g v="plur"></g><g v="ablt"></g></l></v><v><l id="389041" t="тыс"><g v="NOUN"></g><g v="inan"></g><g v="femn"></g><g v="Fixd"></g><g v="Abbr"></g><g v="plur"></g><g v="loct"></g></l></v></tfr></token><token id="609307" text="."><tfr rev_id="1441728" t="."><v><l id="0" t="."><g v="PNCT"></g></l></v></tfr></token><token id="609308" text="долларов"><tfr rev_id="2700652" t="долларов"><v><l id="88047" t="доллар"><g v="NOUN"></g><g v="inan"></g><g v="masc"></g><g v="plur"></g><g v="gent"></g></l></v></tfr></token><token id="609309" text="."><tfr rev_id="1441730" t="."><v><l id="0" t="."><g v="PNCT"></g></l></v></tfr></token></tokens></sentence><sentence id="34040"><source>«Большой приз» состязания составит 1 млн долларов, а призы за второе и третье места — 300 и 200 тыс. долларов соответственно.</source><tokens><token id="609310" text="«"><tfr rev_id="2443827" t="«"><v><l id="0" t="«"><g v="PNCT"></g></l></v></tfr></token><token id="609311" text="Большой"><tfr rev_id="2370359" t="Большой"><v><l id="32445" t="большой"><g v="ADJF"></g><g v="Qual"></g><g v="masc"></g><g v="sing"></g><g v="nomn"></g></l></v><v><l id="32445" t="большой"><g v="ADJF"></g><g v="Qual"></g><g v="inan"></g><g v="masc"></g><g v="sing"></g><g v="accs"></g></l></v></tfr></token><token id="609312" text="приз"><tfr rev_id="3230400" t="приз"><v><l id="270520" t="приз"><g v="NOUN"></g><g v="inan"></g><g v="masc"></g><g v="sing"></g><g v="nomn"></g></l></v></tfr></token><token id="609313" text="»"><tfr rev_id="2443828" t="»"><v><l id="0" t="»"><g v="PNCT"></g></l></v></tfr></token><token id="609314" text="состязания"><tfr rev_id="3487238" t="состязания"><v><l id="330723" t="состязание"><g v="NOUN"></g><g v="inan"></g><g v="neut"></g><g v="sing"></g><g v="gent"></g></l></v></tfr></token><token id="609315" text="составит"><tfr rev_id="1441736" t="составит"><v><l id="330483" t="составил"><g v="VERB"></g><g v="perf"></g><g v="tran"></g><g v="sing"></g><g v="3per"></g><g v="futr"></g><g v="indc"></g></l></v></tfr></token><token id="609316" text="1"><tfr rev_id="2461767" t="1"><v><l id="0" t="1"><g v="NUMB"></g></l></v></tfr></token><token id="609317" text="млн"><tfr rev_id="4136649" t="млн"><v><l id="389040" t="млн"><g v="NOUN"></g><g v="inan"></g><g v="masc"></g><g v="Fixd"></g><g v="Abbr"></g><g v="sing"></g><g v="nomn"></g></l></v><v><l id="389040" t="млн"><g v="NOUN"></g><g v="inan"></g><g v="masc"></g><g v="Fixd"></g><g v="Abbr"></g><g v="sing"></g><g v="gent"></g></l></v><v><l id="389040" t="млн"><g v="NOUN"></g><g v="inan"></g><g v="masc"></g><g v="Fixd"></g><g v="Abbr"></g><g v="sing"></g><g v="datv"></g></l></v><v><l id="389040" t="млн"><g v="NOUN"></g><g v="inan"></g><g v="masc"></g><g v="Fixd"></g><g v="Abbr"></g><g v="sing"></g><g v="accs"></g></l></v><v><l id="389040" t="млн"><g v="NOUN"></g><g v="inan"></g><g v="masc"></g><g v="Fixd"></g><g v="Abbr"></g><g v="sing"></g><g v="ablt"></g></l></v><v><l id="389040" t="млн"><g v="NOUN"></g><g v="inan"></g><g v="masc"></g><g v="Fixd"></g><g v="Abbr"></g><g v="sing"></g><g v="loct"></g></l></v></tfr></token><token id="609318" text="долларов"><tfr rev_id="2700653" t="долларов"><v><l id="88047" t="доллар"><g v="NOUN"></g><g v="inan"></g><g v="masc"></g><g v="plur"></g><g v="gent"></g></l></v></tfr></token><token id="609319" text=","><tfr rev_id="1441740" t=","><v><l id="0" t=","><g v="PNCT"></g></l></v></tfr></token><token id="609320" text="а"><tfr rev_id="1441741" t="а"><v><l id="51" t="а"><g v="CONJ"></g></l></v><v><l id="52" t="а"><g v="INTJ"></g></l></v><v><l id="53" t="а"><g v="PRCL"></g></l></v></tfr></token><token id="609321" text="призы"><tfr rev_id="3757302" t="призы"><v><l id="270520" t="приз"><g v="NOUN"></g><g v="inan"></g><g v="masc"></g><g v="plur"></g><g v="nomn"></g></l></v></tfr></token><token id="609322" text="за"><tfr rev_id="1441743" t="за"><v><l id="98043" t="за"><g v="PREP"></g></l></v></tfr></token><token id="609323" text="второе"><tfr rev_id="4406904" t="второе"><v><l id="55043" t="второй"><g v="ADJF"></g><g v="Anum"></g><g v="neut"></g><g v="sing"></g><g v="accs"></g></l></v></tfr></token><token id="609324" text="и"><tfr rev_id="1441745" t="и"><v><l id="116949" t="и"><g v="CONJ"></g></l></v><v><l id="116950" t="и"><g v="INTJ"></g></l></v></tfr></token><token id="609325" text="третье"><tfr rev_id="4406905" t="третье"><v><l id="349855" t="третий"><g v="ADJF"></g><g v="Anum"></g><g v="neut"></g><g v="sing"></g><g v="accs"></g></l></v></tfr></token><token id="609326" text="места"><tfr rev_id="3802213" t="места"><v><l id="158822" t="место"><g v="NOUN"></g><g v="inan"></g><g v="neut"></g><g v="plur"></g><g v="accs"></g></l></v></tfr></token><token id="609327" text="—"><tfr rev_id="2443829" t="—"><v><l id="0" t="—"><g v="PNCT"></g></l></v></tfr></token><token id="609328" text="300"><tfr rev_id="2461768" t="300"><v><l id="0" t="300"><g v="NUMB"></g></l></v></tfr></token><token id="609329" text="и"><tfr rev_id="1441750" t="и"><v><l id="116949" t="и"><g v="CONJ"></g></l></v><v><l id="116950" t="и"><g v="INTJ"></g></l></v></tfr></token><token id="609330" text="200"><tfr rev_id="2461769" t="200"><v><l id="0" t="200"><g v="NUMB"></g></l></v></tfr></token><token id="609331" text="тыс"><tfr rev_id="4165429" t="тыс"><v><l id="389041" t="тыс"><g v="NOUN"></g><g v="inan"></g><g v="femn"></g><g v="Fixd"></g><g v="Abbr"></g><g v="plur"></g><g v="nomn"></g></l></v><v><l id="389041" t="тыс"><g v="NOUN"></g><g v="inan"></g><g v="femn"></g><g v="Fixd"></g><g v="Abbr"></g><g v="plur"></g><g v="gent"></g></l></v><v><l id="389041" t="тыс"><g v="NOUN"></g><g v="inan"></g><g v="femn"></g><g v="Fixd"></g><g v="Abbr"></g><g v="plur"></g><g v="datv"></g></l></v><v><l id="389041" t="тыс"><g v="NOUN"></g><g v="inan"></g><g v="femn"></g><g v="Fixd"></g><g v="Abbr"></g><g v="plur"></g><g v="accs"></g></l></v><v><l id="389041" t="тыс"><g v="NOUN"></g><g v="inan"></g><g v="femn"></g><g v="Fixd"></g><g v="Abbr"></g><g v="plur"></g><g v="ablt"></g></l></v><v><l id="389041" t="тыс"><g v="NOUN"></g><g v="inan"></g><g v="femn"></g><g v="Fixd"></g><g v="Abbr"></g><g v="plur"></g><g v="loct"></g></l></v></tfr></token><token id="609332" text="."><tfr rev_id="1441753" t="."><v><l id="0" t="."><g v="PNCT"></g></l></v></tfr></token><token id="609333" text="долларов"><tfr rev_id="2700654" t="долларов"><v><l id="88047" t="доллар"><g v="NOUN"></g><g v="inan"></g><g v="masc"></g><g v="plur"></g><g v="gent"></g></l></v></tfr></token><token id="609334" text="соответственно"><tfr rev_id="3664190" t="соответственно"><v><l id="329617" t="соответственно"><g v="ADVB"></g></l></v><v><l id="329618" t="соответственно"><g v="PREP"></g></l></v><v><l id="329621" t="соответствен"><g v="ADJS"></g><g v="neut"></g><g v="sing"></g></l></v><v><l id="388717" t="соответственно"><g v="CONJ"></g><g v="Prnt"></g></l></v></tfr></token><token id="609335" text="."><tfr rev_id="1441756" t="."><v><l id="0" t="."><g v="PNCT"></g></l></v></tfr></token></tokens></sentence><sentence id="34041"><source>Руттер и Дженнингс пожертвуют половину своего выигрыша на благотворительные цели, а корпорация IBM полностью отдаст заработанное.</source><tokens><token id="609336" text="Руттер"><tfr rev_id="1441757" t="Руттер"><v><l id="0" t="руттер"><g v="UNKN"></g></l></v></tfr></token><token id="609337" text="и"><tfr rev_id="1441758" t="и"><v><l id="116949" t="и"><g v="CONJ"></g></l></v><v><l id="116950" t="и"><g v="INTJ"></g></l></v></tfr></token><token id="609338" text="Дженнингс"><tfr rev_id="1441759" t="Дженнингс"><v><l id="0" t="дженнингс"><g v="UNKN"></g></l></v></tfr></token><token id="609339" text="пожертвуют"><tfr rev_id="1441760" t="пожертвуют"><v><l id="253130" t="пожертвовал"><g v="VERB"></g><g v="perf"></g><g v="tran"></g><g v="plur"></g><g v="3per"></g><g v="futr"></g><g v="indc"></g></l></v></tfr></token><token id="609340" text="половину"><tfr rev_id="3467454" t="половину"><v><l id="256181" t="половина"><g v="NOUN"></g><g v="inan"></g><g v="femn"></g><g v="sing"></g><g v="accs"></g></l></v></tfr></token><token id="609341" text="своего"><tfr rev_id="4204985" t="своего"><v><l id="316379" t="свой"><g v="ADJF"></g><g v="Apro"></g><g v="Anph"></g><g v="masc"></g><g v="sing"></g><g v="gent"></g></l></v><v><l id="316379" t="свой"><g v="ADJF"></g><g v="Apro"></g><g v="Anph"></g><g v="anim"></g><g v="masc"></g><g v="sing"></g><g v="accs"></g></l></v></tfr></token><token id="609342" text="выигрыша"><tfr rev_id="1441763" t="выигрыша"><v><l id="57720" t="выигрыш"><g v="NOUN"></g><g v="inan"></g><g v="masc"></g><g v="sing"></g><g v="gent"></g></l></v></tfr></token><token id="609343" text="на"><tfr rev_id="3344625" t="на"><v><l id="166264" t="на"><g v="PREP"></g></l></v></tfr></token><token id="609344" text="благотворительные"><tfr rev_id="3820296" t="благотворительные"><v><l id="30593" t="благотворительный"><g v="ADJF"></g><g v="inan"></g><g v="plur"></g><g v="accs"></g></l></v></tfr></token><token id="609345" text="цели"><tfr rev_id="3815283" t="цели"><v><l id="373216" t="цель"><g v="NOUN"></g><g v="inan"></g><g v="femn"></g><g v="plur"></g><g v="accs"></g></l></v></tfr></token><token id="609346" text=","><tfr rev_id="1441767" t=","><v><l id="0" t=","><g v="PNCT"></g></l></v></tfr></token><token id="609347" text="а"><tfr rev_id="1441768" t="а"><v><l id="51" t="а"><g v="CONJ"></g></l></v><v><l id="52" t="а"><g v="INTJ"></g></l></v><v><l id="53" t="а"><g v="PRCL"></g></l></v></tfr></token><token id="609348" text="корпорация"><tfr rev_id="1441769" t="корпорация"><v><l id="140149" t="корпорация"><g v="NOUN"></g><g v="inan"></g><g v="femn"></g><g v="sing"></g><g v="nomn"></g></l></v></tfr></token><token id="609349" text="IBM"><tfr rev_id="2474772" t="IBM"><v><l id="0" t="IBM"><g v="LATN"></g></l></v></tfr></token><token id="609350" text="полностью"><tfr rev_id="1441771" t="полностью"><v><l id="256145" t="полностью"><g v="ADVB"></g></l></v></tfr></token><token id="609351" text="отдаст"><tfr rev_id="1441772" t="отдаст"><v><l id="213333" t="отдал"><g v="VERB"></g><g v="perf"></g><g v="tran"></g><g v="sing"></g><g v="3per"></g><g v="futr"></g><g v="indc"></g></l></v></tfr></token><token id="609352" text="заработанное"><tfr rev_id="1441773" t="заработанное"><v><l id="108488" t="заработанный"><g v="PRTF"></g><g v="perf"></g><g v="tran"></g><g v="past"></g><g v="pssv"></g><g v="neut"></g><g v="sing"></g><g v="nomn"></g></l></v><v><l id="108488" t="заработанный"><g v="PRTF"></g><g v="perf"></g><g v="tran"></g><g v="past"></g><g v="pssv"></g><g v="neut"></g><g v="sing"></g><g v="accs"></g></l></v></tfr></token><token id="609353" text="."><tfr rev_id="1441774" t="."><v><l id="0" t="."><g v="PNCT"></g></l></v></tfr></token></tokens></sentence></paragraph><paragraph id="10880"><sentence id="34042"><source>Система Watson построена группой учёных IBM, которые стремились создать компьютерную систему, способную на уровне человека отвечать на вопросы, изложенные на естественном языке, причём быстро, точно и достоверно.</source><tokens><token id="609354" text="Система"><tfr rev_id="1441775" t="Система"><v><l id="321350" t="система"><g v="NOUN"></g><g v="inan"></g><g v="femn"></g><g v="sing"></g><g v="nomn"></g></l></v></tfr></token><token id="609355" text="Watson"><tfr rev_id="2474773" t="Watson"><v><l id="0" t="Watson"><g v="LATN"></g></l></v></tfr></token><token id="609356" text="построена"><tfr rev_id="1441777" t="построена"><v><l id="262525" t="построен"><g v="PRTS"></g><g v="perf"></g><g v="past"></g><g v="pssv"></g><g v="femn"></g><g v="sing"></g></l></v></tfr></token><token id="609357" text="группой"><tfr rev_id="1441778" t="группой"><v><l id="76092" t="группа"><g v="NOUN"></g><g v="inan"></g><g v="femn"></g><g v="sing"></g><g v="ablt"></g></l></v></tfr></token><token id="609358" text="учёных"><tfr rev_id="4484923" t="учёных"><v><l id="363100" t="учёный"><g v="NOUN"></g><g v="anim"></g><g v="masc"></g><g v="plur"></g><g v="gent"></g></l></v></tfr></token><token id="609359" text="IBM"><tfr rev_id="2474774" t="IBM"><v><l id="0" t="IBM"><g v="LATN"></g></l></v></tfr></token><token id="609360" text=","><tfr rev_id="1441781" t=","><v><l id="0" t=","><g v="PNCT"></g></l></v></tfr></token><token id="609361" text="которые"><tfr rev_id="4086177" t="которые"><v><l id="141203" t="который"><g v="ADJF"></g><g v="Apro"></g><g v="Subx"></g><g v="Anph"></g><g v="plur"></g><g v="nomn"></g></l></v></tfr></token><token id="609362" text="стремились"><tfr rev_id="1441783" t="стремились"><v><l id="337460" t="стремлюсь"><g v="VERB"></g><g v="impf"></g><g v="intr"></g><g v="plur"></g><g v="past"></g><g v="indc"></g></l></v></tfr></token><token id="609363" text="создать"><tfr rev_id="1441784" t="создать"><v><l id="328586" t="создать"><g v="INFN"></g><g v="perf"></g><g v="tran"></g></l></v></tfr></token><token id="609364" text="компьютерную"><tfr rev_id="1441785" t="компьютерную"><v><l id="137452" t="компьютерный"><g v="ADJF"></g><g v="femn"></g><g v="sing"></g><g v="accs"></g></l></v></tfr></token><token id="609365" text="систему"><tfr rev_id="1441786" t="систему"><v><l id="321350" t="система"><g v="NOUN"></g><g v="inan"></g><g v="femn"></g><g v="sing"></g><g v="accs"></g></l></v></tfr></token><token id="609366" text=","><tfr rev_id="1441787" t=","><v><l id="0" t=","><g v="PNCT"></g></l></v></tfr></token><token id="609367" text="способную"><tfr rev_id="1441788" t="способную"><v><l id="332837" t="способный"><g v="ADJF"></g><g v="Qual"></g><g v="femn"></g><g v="sing"></g><g v="accs"></g></l></v></tfr></token><token id="609368" text="на"><tfr rev_id="3396258" t="на"><v><l id="166264" t="на"><g v="PREP"></g></l></v></tfr></token><token id="609369" text="уровне"><tfr rev_id="1441790" t="уровне"><v><l id="359953" t="уровень"><g v="NOUN"></g><g v="inan"></g><g v="masc"></g><g v="sing"></g><g v="loct"></g></l></v></tfr></token><token id="609370" text="человека"><tfr rev_id="4461920" t="человека"><v><l id="375073" t="человек"><g v="NOUN"></g><g v="anim"></g><g v="masc"></g><g v="sing"></g><g v="gent"></g></l></v></tfr></token><token id="609371" text="отвечать"><tfr rev_id="1441792" t="отвечать"><v><l id="212455" t="отвечать"><g v="INFN"></g><g v="impf"></g><g v="intr"></g></l></v></tfr></token><token id="609372" text="на"><tfr rev_id="3393827" t="на"><v><l id="166264" t="на"><g v="PREP"></g></l></v></tfr></token><token id="609373" text="вопросы"><tfr rev_id="3757177" t="вопросы"><v><l id="50830" t="вопрос"><g v="NOUN"></g><g v="inan"></g><g v="masc"></g><g v="plur"></g><g v="accs"></g></l></v></tfr></token><token id="609374" text=","><tfr rev_id="1441795" t=","><v><l id="0" t=","><g v="PNCT"></g></l></v></tfr></token><token id="609375" text="изложенные"><tfr rev_id="1441796" t="изложенные"><v><l id="119202" t="изложенный"><g v="PRTF"></g><g v="perf"></g><g v="tran"></g><g v="past"></g><g v="pssv"></g><g v="plur"></g><g v="nomn"></g></l></v><v><l id="119202" t="изложенный"><g v="PRTF"></g><g v="perf"></g><g v="tran"></g><g v="past"></g><g v="pssv"></g><g v="inan"></g><g v="plur"></g><g v="accs"></g></l></v></tfr></token><token id="609376" text="на"><tfr rev_id="3394722" t="на"><v><l id="166264" t="на"><g v="PREP"></g></l></v></tfr></token><token id="609377" text="естественном"><tfr rev_id="3674641" t="естественном"><v><l id="95386" t="естественный"><g v="ADJF"></g><g v="Qual"></g><g v="masc"></g><g v="sing"></g><g v="loct"></g></l></v></tfr></token><token id="609378" text="языке"><tfr rev_id="3492620" t="языке"><v><l id="387573" t="язык"><g v="NOUN"></g><g v="inan"></g><g v="masc"></g><g v="sing"></g><g v="loc1"></g></l></v></tfr></token><token id="609379" text=","><tfr rev_id="1441800" t=","><v><l id="0" t=","><g v="PNCT"></g></l></v></tfr></token><token id="609380" text="причём"><tfr rev_id="1441801" t="причём"><v><l id="276410" t="причём"><g v="CONJ"></g></l></v></tfr></token><token id="609381" text="быстро"><tfr rev_id="4092419" t="быстро"><v><l id="37073" t="быстро"><g v="ADVB"></g></l></v></tfr></token><token id="609382" text=","><tfr rev_id="1441803" t=","><v><l id="0" t=","><g v="PNCT"></g></l></v></tfr></token><token id="609383" text="точно"><tfr rev_id="4509209" t="точно"><v><l id="348514" t="точно"><g v="ADVB"></g></l></v><v><l id="348515" t="точно"><g v="CONJ"></g></l></v><v><l id="348521" t="точен"><g v="ADJS"></g><g v="Qual"></g><g v="neut"></g><g v="sing"></g></l></v></tfr></token><token id="609384" text="и"><tfr rev_id="1441805" t="и"><v><l id="116949" t="и"><g v="CONJ"></g></l></v><v><l id="116950" t="и"><g v="INTJ"></g></l></v></tfr></token><token id="609385" text="достоверно"><tfr rev_id="3526389" t="достоверно"><v><l id="90569" t="достоверно"><g v="ADVB"></g></l></v></tfr></token><token id="609386" text="."><tfr rev_id="1441807" t="."><v><l id="0" t="."><g v="PNCT"></g></l></v></tfr></token></tokens></sentence><sentence id="34043"><source>Формат викторины Jeopardy является исключительно трудным, поскольку предлагаемые участникам подсказки вынуждают их анализировать тонкие смысловые оттенки, учитывать иронию, разгадывать загадки и преодолевать другие сложности, то есть заниматься теми видами деятельности, которые люди традиционно выполняют лучше, чем компьютеры.</source><tokens><token id="609387" text="Формат"><tfr rev_id="1441808" t="Формат"><v><l id="367137" t="формат"><g v="NOUN"></g><g v="inan"></g><g v="masc"></g><g v="sing"></g><g v="nomn"></g></l></v><v><l id="367137" t="формат"><g v="NOUN"></g><g v="inan"></g><g v="masc"></g><g v="sing"></g><g v="accs"></g></l></v></tfr></token><token id="609388" text="викторины"><tfr rev_id="4100210" t="викторины"><v><l id="44831" t="викторина"><g v="NOUN"></g><g v="inan"></g><g v="femn"></g><g v="sing"></g><g v="gent"></g></l></v></tfr></token><token id="609389" text="Jeopardy"><tfr rev_id="2474775" t="Jeopardy"><v><l id="0" t="Jeopardy"><g v="LATN"></g></l></v></tfr></token><token id="609390" text="является"><tfr rev_id="1441811" t="является"><v><l id="387385" t="являюсь"><g v="VERB"></g><g v="impf"></g><g v="intr"></g><g v="sing"></g><g v="3per"></g><g v="pres"></g><g v="indc"></g></l></v></tfr></token><token id="609391" text="исключительно"><tfr rev_id="1441812" t="исключительно"><v><l id="124358" t="исключительно"><g v="ADVB"></g></l></v><v><l id="124359" t="исключительно"><g v="PRCL"></g></l></v><v><l id="124362" t="исключителен"><g v="ADJS"></g><g v="neut"></g><g v="sing"></g></l></v></tfr></token><token id="609392" text="трудным"><tfr rev_id="4462834" t="трудным"><v><l id="350851" t="трудный"><g v="ADJF"></g><g v="Qual"></g><g v="masc"></g><g v="sing"></g><g v="ablt"></g></l></v></tfr></token><token id="609393" text=","><tfr rev_id="1441814" t=","><v><l id="0" t=","><g v="PNCT"></g></l></v></tfr></token><token id="609394" text="поскольку"><tfr rev_id="1441815" t="поскольку"><v><l id="261429" t="поскольку"><g v="CONJ"></g></l></v></tfr></token><token id="609395" text="предлагаемые"><tfr rev_id="1441816" t="предлагаемые"><v><l id="266522" t="предлагаемый"><g v="PRTF"></g><g v="impf"></g><g v="tran"></g><g v="pres"></g><g v="pssv"></g><g v="plur"></g><g v="nomn"></g></l></v><v><l id="266522" t="предлагаемый"><g v="PRTF"></g><g v="impf"></g><g v="tran"></g><g v="pres"></g><g v="pssv"></g><g v="inan"></g><g v="plur"></g><g v="accs"></g></l></v></tfr></token><token id="609396" text="участникам"><tfr rev_id="1441817" t="участникам"><v><l id="363151" t="участник"><g v="NOUN"></g><g v="anim"></g><g v="masc"></g><g v="plur"></g><g v="datv"></g></l></v></tfr></token><token id="609397" text="подсказки"><tfr rev_id="3762423" t="подсказки"><v><l id="250386" t="подсказка"><g v="NOUN"></g><g v="inan"></g><g v="femn"></g><g v="plur"></g><g v="nomn"></g></l></v></tfr></token><token id="609398" text="вынуждают"><tfr rev_id="1441819" t="вынуждают"><v><l id="59956" t="вынуждаю"><g v="VERB"></g><g v="impf"></g><g v="tran"></g><g v="plur"></g><g v="3per"></g><g v="pres"></g><g v="indc"></g></l></v></tfr></token><token id="609399" text="их"><tfr rev_id="4476457" t="их"><v><l id="206619" t="они"><g v="NPRO"></g><g v="3per"></g><g v="Anph"></g><g v="plur"></g><g v="gent"></g></l></v><v><l id="206619" t="они"><g v="NPRO"></g><g v="3per"></g><g v="Anph"></g><g v="plur"></g><g v="accs"></g></l></v></tfr></token><token id="609400" text="анализировать"><tfr rev_id="1441821" t="анализировать"><v><l id="12211" t="анализировать"><g v="INFN"></g><g v="impf"></g><g v="tran"></g></l></v></tfr></token><token id="609401" text="тонкие"><tfr rev_id="3795275" t="тонкие"><v><l id="347620" t="тонкий"><g v="ADJF"></g><g v="Qual"></g><g v="inan"></g><g v="plur"></g><g v="accs"></g></l></v></tfr></token><token id="609402" text="смысловые"><tfr rev_id="3794028" t="смысловые"><v><l id="327005" t="смысловой"><g v="ADJF"></g><g v="inan"></g><g v="plur"></g><g v="accs"></g></l></v></tfr></token><token id="609403" text="оттенки"><tfr rev_id="2757321" t="оттенки"><v><l id="218957" t="оттенок"><g v="NOUN"></g><g v="inan"></g><g v="masc"></g><g v="plur"></g><g v="accs"></g></l></v></tfr></token><token id="609404" text=","><tfr rev_id="1441825" t=","><v><l id="0" t=","><g v="PNCT"></g></l></v></tfr></token><token id="609405" text="учитывать"><tfr rev_id="1441826" t="учитывать"><v><l id="363302" t="учитывать"><g v="INFN"></g><g v="impf"></g><g v="tran"></g></l></v></tfr></token><token id="609406" text="иронию"><tfr rev_id="1441827" t="иронию"><v><l id="124083" t="ирония"><g v="NOUN"></g><g v="inan"></g><g v="femn"></g><g v="sing"></g><g v="accs"></g></l></v></tfr></token><token id="609407" text=","><tfr rev_id="1441828" t=","><v><l id="0" t=","><g v="PNCT"></g></l></v></tfr></token><token id="609408" text="разгадывать"><tfr rev_id="1441829" t="разгадывать"><v><l id="292884" t="разгадывать"><g v="INFN"></g><g v="impf"></g><g v="tran"></g></l></v></tfr></token><token id="609409" text="загадки"><tfr rev_id="3801030" t="загадки"><v><l id="100237" t="загадка"><g v="NOUN"></g><g v="inan"></g><g v="femn"></g><g v="plur"></g><g v="accs"></g></l></v></tfr></token><token id="609410" text="и"><tfr rev_id="1441831" t="и"><v><l id="116949" t="и"><g v="CONJ"></g></l></v><v><l id="116950" t="и"><g v="INTJ"></g></l></v></tfr></token><token id="609411" text="преодолевать"><tfr rev_id="1441832" t="преодолевать"><v><l id="267877" t="преодолевать"><g v="INFN"></g><g v="impf"></g><g v="tran"></g></l></v></tfr></token><token id="609412" text="другие"><tfr rev_id="3813374" t="другие"><v><l id="92342" t="другой"><g v="ADJF"></g><g v="Apro"></g><g v="Subx"></g><g v="inan"></g><g v="plur"></g><g v="accs"></g></l></v></tfr></token><token id="609413" text="сложности"><tfr rev_id="3768705" t="сложности"><v><l id="325272" t="сложность"><g v="NOUN"></g><g v="inan"></g><g v="femn"></g><g v="plur"></g><g v="accs"></g></l></v></tfr></token><token id="609414" text=","><tfr rev_id="1441835" t=","><v><l id="0" t=","><g v="PNCT"></g></l></v></tfr></token><token id="609415" text="то"><tfr rev_id="3777531" t="то"><v><l id="346835" t="то"><g v="CONJ"></g></l></v><v><l id="346836" t="то"><g v="PRCL"></g></l></v><v><l id="348430" t="тот"><g v="ADJF"></g><g v="Subx"></g><g v="Apro"></g><g v="Anph"></g><g v="neut"></g><g v="sing"></g><g v="nomn"></g></l></v><v><l id="348430" t="тот"><g v="ADJF"></g><g v="Subx"></g><g v="Apro"></g><g v="Anph"></g><g v="neut"></g><g v="sing"></g><g v="accs"></g></l></v></tfr></token><token id="609416" text="есть"><tfr rev_id="4393894" t="есть"><v><l id="37265" t="есть"><g v="VERB"></g><g v="impf"></g><g v="intr"></g><g v="sing"></g><g v="3per"></g><g v="pres"></g><g v="indc"></g></l></v><v><l id="37265" t="есть"><g v="VERB"></g><g v="impf"></g><g v="intr"></g><g v="plur"></g><g v="3per"></g><g v="pres"></g><g v="indc"></g></l></v></tfr></token><token id="609417" text="заниматься"><tfr rev_id="1441838" t="заниматься"><v><l id="106420" t="заниматься"><g v="INFN"></g><g v="impf"></g><g v="intr"></g></l></v></tfr></token><token id="609418" text="теми"><tfr rev_id="3780809" t="теми"><v><l id="348430" t="тот"><g v="ADJF"></g><g v="Subx"></g><g v="Apro"></g><g v="Anph"></g><g v="plur"></g><g v="ablt"></g></l></v></tfr></token><token id="609419" text="видами"><tfr rev_id="1441840" t="видами"><v><l id="44437" t="вид"><g v="NOUN"></g><g v="inan"></g><g v="masc"></g><g v="plur"></g><g v="ablt"></g></l></v></tfr></token><token id="609420" text="деятельности"><tfr rev_id="4288169" t="деятельности"><v><l id="82512" t="деятельность"><g v="NOUN"></g><g v="inan"></g><g v="femn"></g><g v="sing"></g><g v="gent"></g></l></v></tfr></token><token id="609421" text=","><tfr rev_id="1441842" t=","><v><l id="0" t=","><g v="PNCT"></g></l></v></tfr></token><token id="609422" text="которые"><tfr rev_id="3750193" t="которые"><v><l id="141203" t="который"><g v="ADJF"></g><g v="Apro"></g><g v="Subx"></g><g v="Anph"></g><g v="inan"></g><g v="plur"></g><g v="accs"></g></l></v></tfr></token><token id="609423" text="люди"><tfr rev_id="1441844" t="люди"><v><l id="375073" t="человек"><g v="NOUN"></g><g v="anim"></g><g v="masc"></g><g v="plur"></g><g v="nomn"></g></l></v></tfr></token><token id="609424" text="традиционно"><tfr rev_id="3646881" t="традиционно"><v><l id="388629" t="традиционно"><g v="ADVB"></g></l></v></tfr></token><token id="609425" text="выполняют"><tfr rev_id="1441846" t="выполняют"><v><l id="60636" t="выполняю"><g v="VERB"></g><g v="impf"></g><g v="tran"></g><g v="plur"></g><g v="3per"></g><g v="pres"></g><g v="indc"></g></l></v></tfr></token><token id="609426" text="лучше"><tfr rev_id="1441847" t="лучше"><v><l id="151661" t="лучше"><g v="PRCL"></g></l></v><v><l id="371670" t="лучше"><g v="COMP"></g><g v="Qual"></g></l></v></tfr></token><token id="609427" text=","><tfr rev_id="1441848" t=","><v><l id="0" t=","><g v="PNCT"></g></l></v></tfr></token><token id="609428" text="чем"><tfr rev_id="4320785" t="чем"><v><l id="375161" t="чем"><g v="CONJ"></g></l></v></tfr></token><token id="609429" text="компьютеры"><tfr rev_id="3751730" t="компьютеры"><v><l id="137413" t="компьютер"><g v="NOUN"></g><g v="inan"></g><g v="masc"></g><g v="plur"></g><g v="nomn"></g></l></v></tfr></token><token id="609430" text="."><tfr rev_id="1441851" t="."><v><l id="0" t="."><g v="PNCT"></g></l></v></tfr></token></tokens></sentence><sentence id="34044"><source>«После четырёх лет работы наша научная группа уверена в том, что система Watson готова к этому состязанию.</source><tokens><token id="609431" text="«"><tfr rev_id="2443830" t="«"><v><l id="0" t="«"><g v="PNCT"></g></l></v></tfr></token><token id="609432" text="После"><tfr rev_id="4406372" t="После"><v><l id="261542" t="после"><g v="PREP"></g></l></v></tfr></token><token id="609433" text="четырёх"><tfr rev_id="2781544" t="четырёх"><v><l id="376181" t="четыре"><g v="NUMR"></g><g v="gent"></g></l></v></tfr></token><token id="609434" text="лет"><tfr rev_id="3473137" t="лет"><v><l id="72149" t="год"><g v="NOUN"></g><g v="inan"></g><g v="masc"></g><g v="plur"></g><g v="gent"></g></l></v></tfr></token><token id="609435" text="работы"><tfr rev_id="3438222" t="работы"><v><l id="290501" t="работа"><g v="NOUN"></g><g v="inan"></g><g v="femn"></g><g v="sing"></g><g v="gent"></g></l></v></tfr></token><token id="609436" text="наша"><tfr rev_id="1441857" t="наша"><v><l id="178492" t="наш"><g v="ADJF"></g><g v="Apro"></g><g v="femn"></g><g v="sing"></g><g v="nomn"></g></l></v></tfr></token><token id="609437" text="научная"><tfr rev_id="1441858" t="научная"><v><l id="177544" t="научный"><g v="ADJF"></g><g v="Qual"></g><g v="femn"></g><g v="sing"></g><g v="nomn"></g></l></v></tfr></token><token id="609438" text="группа"><tfr rev_id="1441859" t="группа"><v><l id="76092" t="группа"><g v="NOUN"></g><g v="inan"></g><g v="femn"></g><g v="sing"></g><g v="nomn"></g></l></v></tfr></token><token id="609439" text="уверена"><tfr rev_id="1441860" t="уверена"><v><l id="353446" t="уверен"><g v="PRTS"></g><g v="perf"></g><g v="past"></g><g v="pssv"></g><g v="femn"></g><g v="sing"></g></l></v></tfr></token><token id="609440" text="в"><tfr rev_id="1441861" t="в"><v><l id="37409" t="в"><g v="PREP"></g></l></v></tfr></token><token id="609441" text="том"><tfr rev_id="4286932" t="том"><v><l id="348430" t="тот"><g v="ADJF"></g><g v="Subx"></g><g v="Apro"></g><g v="Anph"></g><g v="masc"></g><g v="sing"></g><g v="loct"></g></l></v><v><l id="348430" t="тот"><g v="ADJF"></g><g v="Subx"></g><g v="Apro"></g><g v="Anph"></g><g v="neut"></g><g v="sing"></g><g v="loct"></g></l></v></tfr></token><token id="609442" text=","><tfr rev_id="1441863" t=","><v><l id="0" t=","><g v="PNCT"></g></l></v></tfr></token><token id="609443" text="что"><tfr rev_id="3196860" t="что"><v><l id="377004" t="что"><g v="CONJ"></g></l></v><v><l id="377005" t="что"><g v="NPRO"></g><g v="neut"></g><g v="sing"></g><g v="nomn"></g></l></v><v><l id="377005" t="что"><g v="NPRO"></g><g v="neut"></g><g v="sing"></g><g v="accs"></g></l></v><v><l id="377006" t="что"><g v="ADVB"></g><g v="Ques"></g></l></v><v><l id="388695" t="что"><g v="PRCL"></g></l></v></tfr></token><token id="609444" text="система"><tfr rev_id="1441865" t="система"><v><l id="321350" t="система"><g v="NOUN"></g><g v="inan"></g><g v="femn"></g><g v="sing"></g><g v="nomn"></g></l></v></tfr></token><token id="609445" text="Watson"><tfr rev_id="2474776" t="Watson"><v><l id="0" t="Watson"><g v="LATN"></g></l></v></tfr></token><token id="609446" text="готова"><tfr rev_id="1441867" t="готова"><v><l id="74227" t="готов"><g v="ADJS"></g><g v="Qual"></g><g v="femn"></g><g v="sing"></g></l></v></tfr></token><token id="609447" text="к"><tfr rev_id="1441868" t="к"><v><l id="127460" t="к"><g v="PREP"></g></l></v></tfr></token><token id="609448" text="этому"><tfr rev_id="4486708" t="этому"><v><l id="386581" t="этот"><g v="ADJF"></g><g v="Subx"></g><g v="Apro"></g><g v="Anph"></g><g v="neut"></g><g v="sing"></g><g v="datv"></g></l></v></tfr></token><token id="609449" text="состязанию"><tfr rev_id="1441870" t="состязанию"><v><l id="330723" t="состязание"><g v="NOUN"></g><g v="inan"></g><g v="neut"></g><g v="sing"></g><g v="datv"></g></l></v></tfr></token><token id="609450" text="."><tfr rev_id="1441871" t="."><v><l id="0" t="."><g v="PNCT"></g></l></v></tfr></token></tokens></sentence><sentence id="34045"><source>Она способна быстро осознавать, что означает подсказка Jeopardy, анализировать доступную информацию и быстро находить точные и достоверные ответы.</source><tokens><token id="609451" text="Она"><tfr rev_id="3586474" t="Она"><v><l id="206544" t="она"><g v="NPRO"></g><g v="femn"></g><g v="3per"></g><g v="Anph"></g><g v="sing"></g><g v="nomn"></g></l></v></tfr></token><token id="609452" text="способна"><tfr rev_id="1441873" t="способна"><v><l id="332839" t="способен"><g v="ADJS"></g><g v="Qual"></g><g v="femn"></g><g v="sing"></g></l></v></tfr></token><token id="609453" text="быстро"><tfr rev_id="1441874" t="быстро"><v><l id="37073" t="быстро"><g v="ADVB"></g></l></v><v><l id="37234" t="быстр"><g v="ADJS"></g><g v="Qual"></g><g v="neut"></g><g v="sing"></g></l></v></tfr></token><token id="609454" text="осознавать"><tfr rev_id="1441875" t="осознавать"><v><l id="210691" t="осознавать"><g v="INFN"></g><g v="impf"></g><g v="tran"></g></l></v></tfr></token><token id="609455" text=","><tfr rev_id="1441876" t=","><v><l id="0" t=","><g v="PNCT"></g></l></v></tfr></token><token id="609456" text="что"><tfr rev_id="3196861" t="что"><v><l id="377004" t="что"><g v="CONJ"></g></l></v><v><l id="377005" t="что"><g v="NPRO"></g><g v="neut"></g><g v="sing"></g><g v="nomn"></g></l></v><v><l id="377005" t="что"><g v="NPRO"></g><g v="neut"></g><g v="sing"></g><g v="accs"></g></l></v><v><l id="377006" t="что"><g v="ADVB"></g><g v="Ques"></g></l></v><v><l id="388695" t="что"><g v="PRCL"></g></l></v></tfr></token><token id="609457" text="означает"><tfr rev_id="1441878" t="означает"><v><l id="204299" t="означаю"><g v="VERB"></g><g v="impf"></g><g v="tran"></g><g v="sing"></g><g v="3per"></g><g v="pres"></g><g v="indc"></g></l></v></tfr></token><token id="609458" text="подсказка"><tfr rev_id="1441879" t="подсказка"><v><l id="250386" t="подсказка"><g v="NOUN"></g><g v="inan"></g><g v="femn"></g><g v="sing"></g><g v="nomn"></g></l></v></tfr></token><token id="609459" text="Jeopardy"><tfr rev_id="2474777" t="Jeopardy"><v><l id="0" t="Jeopardy"><g v="LATN"></g></l></v></tfr></token><token id="609460" text=","><tfr rev_id="1441881" t=","><v><l id="0" t=","><g v="PNCT"></g></l></v></tfr></token><token id="609461" text="анализировать"><tfr rev_id="1441882" t="анализировать"><v><l id="12211" t="анализировать"><g v="INFN"></g><g v="impf"></g><g v="tran"></g></l></v></tfr></token><token id="609462" text="доступную"><tfr rev_id="1441883" t="доступную"><v><l id="90730" t="доступный"><g v="ADJF"></g><g v="Qual"></g><g v="femn"></g><g v="sing"></g><g v="accs"></g></l></v></tfr></token><token id="609463" text="информацию"><tfr rev_id="1441884" t="информацию"><v><l id="123576" t="информация"><g v="NOUN"></g><g v="inan"></g><g v="femn"></g><g v="sing"></g><g v="accs"></g></l></v></tfr></token><token id="609464" text="и"><tfr rev_id="4238569" t="и"><v><l id="116949" t="и"><g v="CONJ"></g></l></v></tfr></token><token id="609465" text="быстро"><tfr rev_id="1441886" t="быстро"><v><l id="37073" t="быстро"><g v="ADVB"></g></l></v><v><l id="37234" t="быстр"><g v="ADJS"></g><g v="Qual"></g><g v="neut"></g><g v="sing"></g></l></v></tfr></token><token id="609466" text="находить"><tfr rev_id="1441887" t="находить"><v><l id="177886" t="находить"><g v="INFN"></g><g v="impf"></g><g v="tran"></g></l></v><v><l id="177893" t="находить"><g v="INFN"></g><g v="perf"></g><g v="tran"></g></l></v></tfr></token><token id="609467" text="точные"><tfr rev_id="3765597" t="точные"><v><l id="348518" t="точный"><g v="ADJF"></g><g v="Qual"></g><g v="inan"></g><g v="plur"></g><g v="accs"></g></l></v></tfr></token><token id="609468" text="и"><tfr rev_id="1441889" t="и"><v><l id="116949" t="и"><g v="CONJ"></g></l></v><v><l id="116950" t="и"><g v="INTJ"></g></l></v></tfr></token><token id="609469" text="достоверные"><tfr rev_id="3820287" t="достоверные"><v><l id="90571" t="достоверный"><g v="ADJF"></g><g v="Qual"></g><g v="inan"></g><g v="plur"></g><g v="accs"></g></l></v></tfr></token><token id="609470" text="ответы"><tfr rev_id="3749479" t="ответы"><v><l id="212408" t="ответ"><g v="NOUN"></g><g v="inan"></g><g v="masc"></g><g v="plur"></g><g v="accs"></g></l></v></tfr></token><token id="609471" text="."><tfr rev_id="1441892" t="."><v><l id="0" t="."><g v="PNCT"></g></l></v></tfr></token></tokens></sentence><sentence id="34046"><source>Мы не только волнуемся за результаты самого состязания, наша группа испытывает сильное воодушевление благодаря возможностям, которые революционная компьютерная система Watson открывает в таких областях, как построение более разумной планеты и содействие людям в решении бизнес-задач и повышении качества жизни»,</source><tokens><token id="609472" text="Мы"><tfr rev_id="1441893" t="Мы"><v><l id="165750" t="мы"><g v="NPRO"></g><g v="1per"></g><g v="plur"></g><g v="nomn"></g></l></v></tfr></token><token id="609473" text="не"><tfr rev_id="1441894" t="не"><v><l id="178876" t="не"><g v="PRCL"></g></l></v></tfr></token><token id="609474" text="только"><tfr rev_id="3784073" t="только"><v><l id="347395" t="только"><g v="CONJ"></g></l></v><v><l id="347396" t="только"><g v="PRCL"></g></l></v><v><l id="390053" t="только"><g v="ADVB"></g></l></v></tfr></token><token id="609475" text="волнуемся"><tfr rev_id="1441896" t="волнуемся"><v><l id="50036" t="волнуюсь"><g v="VERB"></g><g v="impf"></g><g v="intr"></g><g v="plur"></g><g v="1per"></g><g v="pres"></g><g v="indc"></g></l></v></tfr></token><token id="609476" text="за"><tfr rev_id="1441897" t="за"><v><l id="98043" t="за"><g v="PREP"></g></l></v></tfr></token><token id="609477" text="результаты"><tfr rev_id="3744121" t="результаты"><v><l id="305391" t="результат"><g v="NOUN"></g><g v="inan"></g><g v="masc"></g><g v="plur"></g><g v="accs"></g></l></v></tfr></token><token id="609478" text="самого"><tfr rev_id="3549261" t="самого"><v><l id="312034" t="сам"><g v="ADJF"></g><g v="Apro"></g><g v="neut"></g><g v="sing"></g><g v="gent"></g></l></v><v><l id="313174" t="самый"><g v="ADJF"></g><g v="Apro"></g><g v="neut"></g><g v="sing"></g><g v="gent"></g></l></v></tfr></token><token id="609479" text="состязания"><tfr rev_id="3439685" t="состязания"><v><l id="330723" t="состязание"><g v="NOUN"></g><g v="inan"></g><g v="neut"></g><g v="sing"></g><g v="gent"></g></l></v></tfr></token><token id="609480" text=","><tfr rev_id="1441901" t=","><v><l id="0" t=","><g v="PNCT"></g></l></v></tfr></token><token id="609481" text="наша"><tfr rev_id="1441902" t="наша"><v><l id="178492" t="наш"><g v="ADJF"></g><g v="Apro"></g><g v="femn"></g><g v="sing"></g><g v="nomn"></g></l></v></tfr></token><token id="609482" text="группа"><tfr rev_id="1441903" t="группа"><v><l id="76092" t="группа"><g v="NOUN"></g><g v="inan"></g><g v="femn"></g><g v="sing"></g><g v="nomn"></g></l></v></tfr></token><token id="609483" text="испытывает"><tfr rev_id="1441904" t="испытывает"><v><l id="125681" t="испытываю"><g v="VERB"></g><g v="impf"></g><g v="tran"></g><g v="sing"></g><g v="3per"></g><g v="pres"></g><g v="indc"></g></l></v></tfr></token><token id="609484" text="сильное"><tfr rev_id="1441905" t="сильное"><v><l id="320610" t="сильный"><g v="ADJF"></g><g v="Qual"></g><g v="neut"></g><g v="sing"></g><g v="nomn"></g></l></v><v><l id="320610" t="сильный"><g v="ADJF"></g><g v="Qual"></g><g v="neut"></g><g v="sing"></g><g v="accs"></g></l></v></tfr></token><token id="609485" text="воодушевление"><tfr rev_id="1441906" t="воодушевление"><v><l id="50749" t="воодушевление"><g v="NOUN"></g><g v="inan"></g><g v="neut"></g><g v="sing"></g><g v="nomn"></g></l></v><v><l id="50749" t="воодушевление"><g v="NOUN"></g><g v="inan"></g><g v="neut"></g><g v="sing"></g><g v="accs"></g></l></v></tfr></token><token id="609486" text="благодаря"><tfr rev_id="3452705" t="благодаря"><v><l id="30404" t="благодаря"><g v="PREP"></g></l></v></tfr></token><token id="609487" text="возможностям"><tfr rev_id="1441908" t="возможностям"><v><l id="49410" t="возможность"><g v="NOUN"></g><g v="inan"></g><g v="femn"></g><g v="plur"></g><g v="datv"></g></l></v></tfr></token><token id="609488" text=","><tfr rev_id="1441909" t=","><v><l id="0" t=","><g v="PNCT"></g></l></v></tfr></token><token id="609489" text="которые"><tfr rev_id="3794467" t="которые"><v><l id="141203" t="который"><g v="ADJF"></g><g v="Apro"></g><g v="Subx"></g><g v="Anph"></g><g v="inan"></g><g v="plur"></g><g v="accs"></g></l></v></tfr></token><token id="609490" text="революционная"><tfr rev_id="1441911" t="революционная"><v><l id="304728" t="революционный"><g v="ADJF"></g><g v="Qual"></g><g v="femn"></g><g v="sing"></g><g v="nomn"></g></l></v></tfr></token><token id="609491" text="компьютерная"><tfr rev_id="1441912" t="компьютерная"><v><l id="137452" t="компьютерный"><g v="ADJF"></g><g v="femn"></g><g v="sing"></g><g v="nomn"></g></l></v></tfr></token><token id="609492" text="система"><tfr rev_id="1441913" t="система"><v><l id="321350" t="система"><g v="NOUN"></g><g v="inan"></g><g v="femn"></g><g v="sing"></g><g v="nomn"></g></l></v></tfr></token><token id="609493" text="Watson"><tfr rev_id="2474778" t="Watson"><v><l id="0" t="Watson"><g v="LATN"></g></l></v></tfr></token><token id="609494" text="открывает"><tfr rev_id="1441915" t="открывает"><v><l id="214732" t="открываю"><g v="VERB"></g><g v="impf"></g><g v="tran"></g><g v="sing"></g><g v="3per"></g><g v="pres"></g><g v="indc"></g></l></v></tfr></token><token id="609495" text="в"><tfr rev_id="1441916" t="в"><v><l id="37409" t="в"><g v="PREP"></g></l></v></tfr></token><token id="609496" text="таких"><tfr rev_id="4403115" t="таких"><v><l id="342491" t="такой"><g v="ADJF"></g><g v="Apro"></g><g v="plur"></g><g v="loct"></g></l></v></tfr></token><token id="609497" text="областях"><tfr rev_id="1441918" t="областях"><v><l id="196229" t="область"><g v="NOUN"></g><g v="inan"></g><g v="femn"></g><g v="plur"></g><g v="loct"></g></l></v></tfr></token><token id="609498" text=","><tfr rev_id="1441919" t=","><v><l id="0" t=","><g v="PNCT"></g></l></v></tfr></token><token id="609499" text="как"><tfr rev_id="1441920" t="как"><v><l id="128190" t="как"><g v="CONJ"></g></l></v><v><l id="128191" t="как"><g v="PRCL"></g></l></v><v><l id="128192" t="как"><g v="ADVB"></g><g v="Ques"></g></l></v></tfr></token><token id="609500" text="построение"><tfr rev_id="3530789" t="построение"><v><l id="262515" t="построение"><g v="NOUN"></g><g v="inan"></g><g v="neut"></g><g v="sing"></g><g v="nomn"></g></l></v></tfr></token><token id="609501" text="более"><tfr rev_id="1441922" t="более"><v><l id="32065" t="более"><g v="ADVB"></g></l></v></tfr></token><token id="609502" text="разумной"><tfr rev_id="4423752" t="разумной"><v><l id="297132" t="разумный"><g v="ADJF"></g><g v="Qual"></g><g v="femn"></g><g v="sing"></g><g v="gent"></g></l></v></tfr></token><token id="609503" text="планеты"><tfr rev_id="3469892" t="планеты"><v><l id="239690" t="планета"><g v="NOUN"></g><g v="inan"></g><g v="femn"></g><g v="sing"></g><g v="gent"></g></l></v></tfr></token><token id="609504" text="и"><tfr rev_id="3696873" t="и"><v><l id="116949" t="и"><g v="CONJ"></g></l></v></tfr></token><token id="609505" text="содействие"><tfr rev_id="1441926" t="содействие"><v><l id="328398" t="содействие"><g v="NOUN"></g><g v="inan"></g><g v="neut"></g><g v="sing"></g><g v="nomn"></g></l></v><v><l id="328398" t="содействие"><g v="NOUN"></g><g v="inan"></g><g v="neut"></g><g v="sing"></g><g v="accs"></g></l></v></tfr></token><token id="609506" text="людям"><tfr rev_id="1441927" t="людям"><v><l id="375073" t="человек"><g v="NOUN"></g><g v="anim"></g><g v="masc"></g><g v="plur"></g><g v="datv"></g></l></v></tfr></token><token id="609507" text="в"><tfr rev_id="1441928" t="в"><v><l id="37409" t="в"><g v="PREP"></g></l></v></tfr></token><token id="609508" text="решении"><tfr rev_id="1441929" t="решении"><v><l id="307350" t="решение"><g v="NOUN"></g><g v="inan"></g><g v="neut"></g><g v="sing"></g><g v="loct"></g></l></v></tfr></token><token id="609509" text="бизнес-задач"><tfr rev_id="4541402" t="бизнес-задач"><v><l id="393059" t="бизнес-задача"><g v="NOUN"></g><g v="inan"></g><g v="femn"></g><g v="plur"></g><g v="gent"></g></l></v></tfr></token><token id="609510" text="и"><tfr rev_id="1441931" t="и"><v><l id="116949" t="и"><g v="CONJ"></g></l></v><v><l id="116950" t="и"><g v="INTJ"></g></l></v></tfr></token><token id="609511" text="повышении"><tfr rev_id="1441932" t="повышении"><v><l id="243063" t="повышение"><g v="NOUN"></g><g v="inan"></g><g v="neut"></g><g v="sing"></g><g v="loct"></g></l></v></tfr></token><token id="609512" text="качества"><tfr rev_id="3436490" t="качества"><v><l id="131638" t="качество"><g v="NOUN"></g><g v="inan"></g><g v="neut"></g><g v="sing"></g><g v="gent"></g></l></v></tfr></token><token id="609513" text="жизни"><tfr rev_id="4180049" t="жизни"><v><l id="97314" t="жизнь"><g v="NOUN"></g><g v="inan"></g><g v="femn"></g><g v="sing"></g><g v="gent"></g></l></v></tfr></token><token id="609514" text="»"><tfr rev_id="2443831" t="»"><v><l id="0" t="»"><g v="PNCT"></g></l></v></tfr></token><token id="609515" text=","><tfr rev_id="1441936" t=","><v><l id="0" t=","><g v="PNCT"></g></l></v></tfr></token></tokens></sentence><sentence id="34047"><source>— отмечает глава группы из IBM Research, которая создала систему Watson, Дэйвид Ферруччи.</source><tokens><token id="609516" text="—"><tfr rev_id="2443832" t="—"><v><l id="0" t="—"><g v="PNCT"></g></l></v></tfr></token><token id="609517" text="отмечает"><tfr rev_id="1441938" t="отмечает"><v><l id="215600" t="отмечаю"><g v="VERB"></g><g v="impf"></g><g v="tran"></g><g v="sing"></g><g v="3per"></g><g v="pres"></g><g v="indc"></g></l></v></tfr></token><token id="609518" text="глава"><tfr rev_id="4572271" t="глава"><v><l id="70790" t="глава"><g v="NOUN"></g><g v="anim"></g><g v="ms-f"></g><g v="sing"></g><g v="nomn"></g></l></v></tfr></token><token id="609519" text="группы"><tfr rev_id="3433081" t="группы"><v><l id="76092" t="группа"><g v="NOUN"></g><g v="inan"></g><g v="femn"></g><g v="sing"></g><g v="gent"></g></l></v></tfr></token><token id="609520" text="из"><tfr rev_id="1717912" t="из"><v><l id="117677" t="из"><g v="PREP"></g></l></v></tfr></token><token id="609521" text="IBM"><tfr rev_id="2474779" t="IBM"><v><l id="0" t="IBM"><g v="LATN"></g></l></v></tfr></token><token id="609522" text="Research"><tfr rev_id="2474780" t="Research"><v><l id="0" t="Research"><g v="LATN"></g></l></v></tfr></token><token id="609523" text=","><tfr rev_id="1441944" t=","><v><l id="0" t=","><g v="PNCT"></g></l></v></tfr></token><token id="609524" text="которая"><tfr rev_id="3639810" t="которая"><v><l id="141203" t="который"><g v="ADJF"></g><g v="Apro"></g><g v="Subx"></g><g v="Anph"></g><g v="femn"></g><g v="sing"></g><g v="nomn"></g></l></v></tfr></token><token id="609525" text="создала"><tfr rev_id="1441946" t="создала"><v><l id="328585" t="создал"><g v="VERB"></g><g v="perf"></g><g v="tran"></g><g v="femn"></g><g v="sing"></g><g v="past"></g><g v="indc"></g></l></v></tfr></token><token id="609526" text="систему"><tfr rev_id="1441947" t="систему"><v><l id="321350" t="система"><g v="NOUN"></g><g v="inan"></g><g v="femn"></g><g v="sing"></g><g v="accs"></g></l></v></tfr></token><token id="609527" text="Watson"><tfr rev_id="2474781" t="Watson"><v><l id="0" t="Watson"><g v="LATN"></g></l></v></tfr></token><token id="609528" text=","><tfr rev_id="1441949" t=","><v><l id="0" t=","><g v="PNCT"></g></l></v></tfr></token><token id="609529" text="Дэйвид"><tfr rev_id="1441950" t="Дэйвид"><v><l id="0" t="дэйвид"><g v="UNKN"></g></l></v></tfr></token><token id="609530" text="Ферруччи"><tfr rev_id="1441951" t="Ферруччи"><v><l id="0" t="ферруччи"><g v="UNKN"></g></l></v></tfr></token><token id="609531" text="."><tfr rev_id="1441952" t="."><v><l id="0" t="."><g v="PNCT"></g></l></v></tfr></token></tokens></sentence></paragraph></paragraphs></text>