<?xml version="1.0" encoding="utf-8"?><text id="1162" parent="226" name="24399 Группа Anonymous обещает уничтожить Facebook"><tags><tag>url:http://www.chaskor.ru/news/gruppa_anonymous_obeshchaet_unichtozhit_facebook_24399</tag></tags><paragraphs><paragraph id="10986"><sentence id="34473"><source>Группа Anonymous обещает уничтожить Facebook</source><tokens><token id="615810" text="Группа"><tfr rev_id="1448229" t="Группа"><v><l id="76092" t="группа"><g v="NOUN"></g><g v="inan"></g><g v="femn"></g><g v="sing"></g><g v="nomn"></g></l></v></tfr></token><token id="615811" text="Anonymous"><tfr rev_id="2474796" t="Anonymous"><v><l id="0" t="Anonymous"><g v="LATN"></g></l></v></tfr></token><token id="615812" text="обещает"><tfr rev_id="1448231" t="обещает"><v><l id="195055" t="обещал"><g v="VERB"></g><g v="perf"></g><g v="tran"></g><g v="sing"></g><g v="3per"></g><g v="futr"></g><g v="indc"></g></l></v><v><l id="195056" t="обещаю"><g v="VERB"></g><g v="impf"></g><g v="tran"></g><g v="sing"></g><g v="3per"></g><g v="pres"></g><g v="indc"></g></l></v></tfr></token><token id="615813" text="уничтожить"><tfr rev_id="1448232" t="уничтожить"><v><l id="358451" t="уничтожить"><g v="INFN"></g><g v="perf"></g><g v="tran"></g></l></v></tfr></token><token id="615814" text="Facebook"><tfr rev_id="2474797" t="Facebook"><v><l id="0" t="Facebook"><g v="LATN"></g></l></v></tfr></token></tokens></sentence><sentence id="34474"><source>Представители группы призывают всех хакеров мира объединиться в борьбе с крупнейшей социальной сетью.</source><tokens><token id="615815" text="Представители"><tfr rev_id="1448234" t="Представители"><v><l id="267083" t="представитель"><g v="NOUN"></g><g v="anim"></g><g v="masc"></g><g v="plur"></g><g v="nomn"></g></l></v></tfr></token><token id="615816" text="группы"><tfr rev_id="3439450" t="группы"><v><l id="76092" t="группа"><g v="NOUN"></g><g v="inan"></g><g v="femn"></g><g v="sing"></g><g v="gent"></g></l></v></tfr></token><token id="615817" text="призывают"><tfr rev_id="1448236" t="призывают"><v><l id="270689" t="призываю"><g v="VERB"></g><g v="impf"></g><g v="tran"></g><g v="plur"></g><g v="3per"></g><g v="pres"></g><g v="indc"></g></l></v></tfr></token><token id="615818" text="всех"><tfr rev_id="4135828" t="всех"><v><l id="42156" t="весь"><g v="ADJF"></g><g v="Subx"></g><g v="Apro"></g><g v="anim"></g><g v="plur"></g><g v="accs"></g></l></v></tfr></token><token id="615819" text="хакеров"><tfr rev_id="4098067" t="хакеров"><v><l id="369071" t="хакер"><g v="NOUN"></g><g v="anim"></g><g v="masc"></g><g v="plur"></g><g v="accs"></g></l></v></tfr></token><token id="615820" text="мира"><tfr rev_id="3718511" t="мира"><v><l id="160807" t="мир"><g v="NOUN"></g><g v="inan"></g><g v="masc"></g><g v="sing"></g><g v="gen1"></g></l></v></tfr></token><token id="615821" text="объединиться"><tfr rev_id="1448240" t="объединиться"><v><l id="201763" t="объединиться"><g v="INFN"></g><g v="perf"></g><g v="intr"></g></l></v></tfr></token><token id="615822" text="в"><tfr rev_id="1448241" t="в"><v><l id="37409" t="в"><g v="PREP"></g></l></v></tfr></token><token id="615823" text="борьбе"><tfr rev_id="3551353" t="борьбе"><v><l id="33103" t="борьба"><g v="NOUN"></g><g v="inan"></g><g v="femn"></g><g v="Sgtm"></g><g v="sing"></g><g v="loct"></g></l></v></tfr></token><token id="615824" text="с"><tfr rev_id="1448243" t="с"><v><l id="311151" t="с"><g v="PREP"></g></l></v></tfr></token><token id="615825" text="крупнейшей"><tfr rev_id="4166012" t="крупнейшей"><v><l id="143764" t="крупнейший"><g v="ADJF"></g><g v="Supr"></g><g v="Qual"></g><g v="femn"></g><g v="sing"></g><g v="ablt"></g></l></v></tfr></token><token id="615826" text="социальной"><tfr rev_id="3554044" t="социальной"><v><l id="331060" t="социальный"><g v="ADJF"></g><g v="Qual"></g><g v="femn"></g><g v="sing"></g><g v="ablt"></g></l></v></tfr></token><token id="615827" text="сетью"><tfr rev_id="1448246" t="сетью"><v><l id="319643" t="сеть"><g v="NOUN"></g><g v="inan"></g><g v="femn"></g><g v="sing"></g><g v="ablt"></g></l></v></tfr></token><token id="615828" text="."><tfr rev_id="1448247" t="."><v><l id="0" t="."><g v="PNCT"></g></l></v></tfr></token></tokens></sentence></paragraph><paragraph id="10987"><sentence id="34475"><source>Причина, по которой Anonymous ненавидят Facebook — передача администрацией социальной сети персональных данных пользователей спецслужбам.</source><tokens><token id="615829" text="Причина"><tfr rev_id="1448248" t="Причина"><v><l id="276522" t="причина"><g v="NOUN"></g><g v="inan"></g><g v="femn"></g><g v="sing"></g><g v="nomn"></g></l></v></tfr></token><token id="615830" text=","><tfr rev_id="1448249" t=","><v><l id="0" t=","><g v="PNCT"></g></l></v></tfr></token><token id="615831" text="по"><tfr rev_id="1448250" t="по"><v><l id="241240" t="по"><g v="PREP"></g></l></v></tfr></token><token id="615832" text="которой"><tfr rev_id="3883366" t="которой"><v><l id="141203" t="который"><g v="ADJF"></g><g v="Apro"></g><g v="Subx"></g><g v="Anph"></g><g v="femn"></g><g v="sing"></g><g v="datv"></g></l></v></tfr></token><token id="615833" text="Anonymous"><tfr rev_id="2474798" t="Anonymous"><v><l id="0" t="Anonymous"><g v="LATN"></g></l></v></tfr></token><token id="615834" text="ненавидят"><tfr rev_id="1448253" t="ненавидят"><v><l id="184340" t="ненавижу"><g v="VERB"></g><g v="impf"></g><g v="tran"></g><g v="plur"></g><g v="3per"></g><g v="pres"></g><g v="indc"></g></l></v></tfr></token><token id="615835" text="Facebook"><tfr rev_id="2474799" t="Facebook"><v><l id="0" t="Facebook"><g v="LATN"></g></l></v></tfr></token><token id="615836" text="—"><tfr rev_id="2444102" t="—"><v><l id="0" t="—"><g v="PNCT"></g></l></v></tfr></token><token id="615837" text="передача"><tfr rev_id="1448256" t="передача"><v><l id="228169" t="передача"><g v="NOUN"></g><g v="inan"></g><g v="femn"></g><g v="sing"></g><g v="nomn"></g></l></v></tfr></token><token id="615838" text="администрацией"><tfr rev_id="1448257" t="администрацией"><v><l id="5057" t="администрация"><g v="NOUN"></g><g v="inan"></g><g v="femn"></g><g v="sing"></g><g v="ablt"></g></l></v></tfr></token><token id="615839" text="социальной"><tfr rev_id="4095005" t="социальной"><v><l id="331060" t="социальный"><g v="ADJF"></g><g v="Qual"></g><g v="femn"></g><g v="sing"></g><g v="gent"></g></l></v></tfr></token><token id="615840" text="сети"><tfr rev_id="4387325" t="сети"><v><l id="319643" t="сеть"><g v="NOUN"></g><g v="inan"></g><g v="femn"></g><g v="sing"></g><g v="gent"></g></l></v></tfr></token><token id="615841" text="персональных"><tfr rev_id="3285480" t="персональных"><v><l id="237462" t="персональный"><g v="ADJF"></g><g v="plur"></g><g v="gent"></g></l></v></tfr></token><token id="615842" text="данных"><tfr rev_id="4537966" t="данных"><v><l id="78302" t="данные"><g v="NOUN"></g><g v="inan"></g><g v="GNdr"></g><g v="Pltm"></g><g v="plur"></g><g v="gent"></g></l></v></tfr></token><token id="615843" text="пользователей"><tfr rev_id="3434904" t="пользователей"><v><l id="257079" t="пользователь"><g v="NOUN"></g><g v="anim"></g><g v="masc"></g><g v="plur"></g><g v="gent"></g></l></v></tfr></token><token id="615844" text="спецслужбам"><tfr rev_id="1448263" t="спецслужбам"><v><l id="331981" t="спецслужба"><g v="NOUN"></g><g v="inan"></g><g v="femn"></g><g v="plur"></g><g v="datv"></g></l></v></tfr></token><token id="615845" text="."><tfr rev_id="1448264" t="."><v><l id="0" t="."><g v="PNCT"></g></l></v></tfr></token></tokens></sentence><sentence id="34476"><source>По мнению хакеров, компания Марка Цукерберга фиксирует все данные, получаемые от пользователей, и делится ими с правительством США.</source><tokens><token id="615846" text="По"><tfr rev_id="1448265" t="По"><v><l id="241240" t="по"><g v="PREP"></g></l></v></tfr></token><token id="615847" text="мнению"><tfr rev_id="1448266" t="мнению"><v><l id="161395" t="мнение"><g v="NOUN"></g><g v="inan"></g><g v="neut"></g><g v="sing"></g><g v="datv"></g></l></v></tfr></token><token id="615848" text="хакеров"><tfr rev_id="4382596" t="хакеров"><v><l id="369071" t="хакер"><g v="NOUN"></g><g v="anim"></g><g v="masc"></g><g v="plur"></g><g v="gent"></g></l></v></tfr></token><token id="615849" text=","><tfr rev_id="1448268" t=","><v><l id="0" t=","><g v="PNCT"></g></l></v></tfr></token><token id="615850" text="компания"><tfr rev_id="1448269" t="компания"><v><l id="137146" t="компания"><g v="NOUN"></g><g v="inan"></g><g v="femn"></g><g v="sing"></g><g v="nomn"></g></l></v></tfr></token><token id="615851" text="Марка"><tfr rev_id="4426546" t="Марка"><v><l id="155266" t="марк"><g v="NOUN"></g><g v="anim"></g><g v="masc"></g><g v="Name"></g><g v="sing"></g><g v="gent"></g></l></v></tfr></token><token id="615852" text="Цукерберга"><tfr rev_id="4356509" t="Цукерберга"><v><l id="389975" t="цукерберг"><g v="NOUN"></g><g v="anim"></g><g v="masc"></g><g v="Sgtm"></g><g v="Surn"></g><g v="sing"></g><g v="gent"></g></l></v></tfr></token><token id="615853" text="фиксирует"><tfr rev_id="1448272" t="фиксирует"><v><l id="365781" t="фиксировал"><g v="VERB"></g><g v="perf"></g><g v="tran"></g><g v="sing"></g><g v="3per"></g><g v="futr"></g><g v="indc"></g></l></v><v><l id="365782" t="фиксирую"><g v="VERB"></g><g v="impf"></g><g v="tran"></g><g v="sing"></g><g v="3per"></g><g v="pres"></g><g v="indc"></g></l></v></tfr></token><token id="615854" text="все"><tfr rev_id="4512161" t="все"><v><l id="42156" t="весь"><g v="ADJF"></g><g v="Subx"></g><g v="Apro"></g><g v="inan"></g><g v="plur"></g><g v="accs"></g></l></v><v><l id="42156" t="весь"><g v="ADJF"></g><g v="Subx"></g><g v="Apro"></g><g v="plur"></g><g v="nomn"></g></l></v></tfr></token><token id="615855" text="данные"><tfr rev_id="3663557" t="данные"><v><l id="78302" t="данные"><g v="NOUN"></g><g v="inan"></g><g v="GNdr"></g><g v="Pltm"></g><g v="plur"></g><g v="nomn"></g></l></v><v><l id="78302" t="данные"><g v="NOUN"></g><g v="inan"></g><g v="GNdr"></g><g v="Pltm"></g><g v="plur"></g><g v="accs"></g></l></v><v><l id="78303" t="данный"><g v="ADJF"></g><g v="Apro"></g><g v="plur"></g><g v="nomn"></g></l></v><v><l id="78303" t="данный"><g v="ADJF"></g><g v="Apro"></g><g v="inan"></g><g v="plur"></g><g v="accs"></g></l></v><v><l id="78549" t="данный"><g v="PRTF"></g><g v="perf"></g><g v="tran"></g><g v="past"></g><g v="pssv"></g><g v="plur"></g><g v="nomn"></g></l></v><v><l id="78549" t="данный"><g v="PRTF"></g><g v="perf"></g><g v="tran"></g><g v="past"></g><g v="pssv"></g><g v="inan"></g><g v="plur"></g><g v="accs"></g></l></v></tfr></token><token id="615856" text=","><tfr rev_id="1448275" t=","><v><l id="0" t=","><g v="PNCT"></g></l></v></tfr></token><token id="615857" text="получаемые"><tfr rev_id="1448276" t="получаемые"><v><l id="256947" t="получаемый"><g v="PRTF"></g><g v="impf"></g><g v="tran"></g><g v="pres"></g><g v="pssv"></g><g v="plur"></g><g v="nomn"></g></l></v><v><l id="256947" t="получаемый"><g v="PRTF"></g><g v="impf"></g><g v="tran"></g><g v="pres"></g><g v="pssv"></g><g v="inan"></g><g v="plur"></g><g v="accs"></g></l></v></tfr></token><token id="615858" text="от"><tfr rev_id="1448277" t="от"><v><l id="211644" t="от"><g v="PREP"></g></l></v></tfr></token><token id="615859" text="пользователей"><tfr rev_id="2369467" t="пользователей"><v><l id="257079" t="пользователь"><g v="NOUN"></g><g v="anim"></g><g v="masc"></g><g v="plur"></g><g v="gent"></g></l></v></tfr></token><token id="615860" text=","><tfr rev_id="1448279" t=","><v><l id="0" t=","><g v="PNCT"></g></l></v></tfr></token><token id="615861" text="и"><tfr rev_id="3471072" t="и"><v><l id="116949" t="и"><g v="CONJ"></g></l></v></tfr></token><token id="615862" text="делится"><tfr rev_id="1448281" t="делится"><v><l id="80622" t="делюсь"><g v="VERB"></g><g v="impf"></g><g v="intr"></g><g v="sing"></g><g v="3per"></g><g v="pres"></g><g v="indc"></g></l></v></tfr></token><token id="615863" text="ими"><tfr rev_id="3605539" t="ими"><v><l id="206619" t="они"><g v="NPRO"></g><g v="3per"></g><g v="Anph"></g><g v="plur"></g><g v="ablt"></g></l></v></tfr></token><token id="615864" text="с"><tfr rev_id="1448283" t="с"><v><l id="311151" t="с"><g v="PREP"></g></l></v></tfr></token><token id="615865" text="правительством"><tfr rev_id="1448284" t="правительством"><v><l id="265638" t="правительство"><g v="NOUN"></g><g v="inan"></g><g v="neut"></g><g v="sing"></g><g v="ablt"></g></l></v></tfr></token><token id="615866" text="США"><tfr rev_id="3811379" t="США"><v><l id="341371" t="сша"><g v="NOUN"></g><g v="inan"></g><g v="GNdr"></g><g v="Pltm"></g><g v="Fixd"></g><g v="Abbr"></g><g v="Geox"></g><g v="plur"></g><g v="nomn"></g></l></v><v><l id="341371" t="сша"><g v="NOUN"></g><g v="inan"></g><g v="GNdr"></g><g v="Pltm"></g><g v="Fixd"></g><g v="Abbr"></g><g v="Geox"></g><g v="plur"></g><g v="gent"></g></l></v><v><l id="341371" t="сша"><g v="NOUN"></g><g v="inan"></g><g v="GNdr"></g><g v="Pltm"></g><g v="Fixd"></g><g v="Abbr"></g><g v="Geox"></g><g v="plur"></g><g v="datv"></g></l></v><v><l id="341371" t="сша"><g v="NOUN"></g><g v="inan"></g><g v="GNdr"></g><g v="Pltm"></g><g v="Fixd"></g><g v="Abbr"></g><g v="Geox"></g><g v="plur"></g><g v="accs"></g></l></v><v><l id="341371" t="сша"><g v="NOUN"></g><g v="inan"></g><g v="GNdr"></g><g v="Pltm"></g><g v="Fixd"></g><g v="Abbr"></g><g v="Geox"></g><g v="plur"></g><g v="ablt"></g></l></v><v><l id="341371" t="сша"><g v="NOUN"></g><g v="inan"></g><g v="GNdr"></g><g v="Pltm"></g><g v="Fixd"></g><g v="Abbr"></g><g v="Geox"></g><g v="plur"></g><g v="loct"></g></l></v></tfr></token><token id="615867" text="."><tfr rev_id="1448286" t="."><v><l id="0" t="."><g v="PNCT"></g></l></v></tfr></token></tokens></sentence><sentence id="34477"><source>Уничтожить аккаунт или данные невозможно, а приватные настройки — это обман, считают хакеры.</source><tokens><token id="615868" text="Уничтожить"><tfr rev_id="1448287" t="Уничтожить"><v><l id="358451" t="уничтожить"><g v="INFN"></g><g v="perf"></g><g v="tran"></g></l></v></tfr></token><token id="615869" text="аккаунт"><tfr rev_id="3662070" t="аккаунт"><v><l id="7070" t="аккаунт"><g v="NOUN"></g><g v="inan"></g><g v="masc"></g><g v="sing"></g><g v="accs"></g></l></v></tfr></token><token id="615870" text="или"><tfr rev_id="3787212" t="или"><v><l id="121146" t="или"><g v="CONJ"></g></l></v></tfr></token><token id="615871" text="данные"><tfr rev_id="4502250" t="данные"><v><l id="78302" t="данные"><g v="NOUN"></g><g v="inan"></g><g v="GNdr"></g><g v="Pltm"></g><g v="plur"></g><g v="nomn"></g></l></v><v><l id="78302" t="данные"><g v="NOUN"></g><g v="inan"></g><g v="GNdr"></g><g v="Pltm"></g><g v="plur"></g><g v="accs"></g></l></v></tfr></token><token id="615872" text="невозможно"><tfr rev_id="3656993" t="невозможно"><v><l id="179947" t="невозможно"><g v="ADVB"></g><g v="Prdx"></g></l></v></tfr></token><token id="615873" text=","><tfr rev_id="1448292" t=","><v><l id="0" t=","><g v="PNCT"></g></l></v></tfr></token><token id="615874" text="а"><tfr rev_id="1448293" t="а"><v><l id="51" t="а"><g v="CONJ"></g></l></v><v><l id="52" t="а"><g v="INTJ"></g></l></v><v><l id="53" t="а"><g v="PRCL"></g></l></v></tfr></token><token id="615875" text="приватные"><tfr rev_id="3819030" t="приватные"><v><l id="269118" t="приватный"><g v="ADJF"></g><g v="Qual"></g><g v="plur"></g><g v="nomn"></g></l></v></tfr></token><token id="615876" text="настройки"><tfr rev_id="3805705" t="настройки"><v><l id="176279" t="настройка"><g v="NOUN"></g><g v="inan"></g><g v="femn"></g><g v="plur"></g><g v="nomn"></g></l></v></tfr></token><token id="615877" text="—"><tfr rev_id="2444103" t="—"><v><l id="0" t="—"><g v="PNCT"></g></l></v></tfr></token><token id="615878" text="это"><tfr rev_id="4497495" t="это"><v><l id="386575" t="это"><g v="NPRO"></g><g v="neut"></g><g v="sing"></g><g v="nomn"></g></l></v><v><l id="386575" t="это"><g v="NPRO"></g><g v="neut"></g><g v="sing"></g><g v="accs"></g></l></v></tfr></token><token id="615879" text="обман"><tfr rev_id="3549859" t="обман"><v><l id="196939" t="обман"><g v="NOUN"></g><g v="inan"></g><g v="masc"></g><g v="sing"></g><g v="nomn"></g></l></v></tfr></token><token id="615880" text=","><tfr rev_id="1448299" t=","><v><l id="0" t=","><g v="PNCT"></g></l></v></tfr></token><token id="615881" text="считают"><tfr rev_id="1448300" t="считают"><v><l id="341320" t="считаю"><g v="VERB"></g><g v="impf"></g><g v="tran"></g><g v="plur"></g><g v="3per"></g><g v="pres"></g><g v="indc"></g></l></v><v><l id="341329" t="считал"><g v="VERB"></g><g v="perf"></g><g v="tran"></g><g v="plur"></g><g v="3per"></g><g v="futr"></g><g v="indc"></g></l></v></tfr></token><token id="615882" text="хакеры"><tfr rev_id="1448301" t="хакеры"><v><l id="369071" t="хакер"><g v="NOUN"></g><g v="anim"></g><g v="masc"></g><g v="plur"></g><g v="nomn"></g></l></v></tfr></token><token id="615883" text="."><tfr rev_id="1448302" t="."><v><l id="0" t="."><g v="PNCT"></g></l></v></tfr></token></tokens></sentence></paragraph><paragraph id="10988"><sentence id="34478"><source>Infox.ru отмечает, что выбранная дата начала операции «Facebook» — 5 ноября, связана с историей символики группы Anonymous.</source><tokens><token id="615884" text="Infox.ru"><tfr rev_id="2474800" t="Infox.ru"><v><l id="0" t="Infox.ru"><g v="LATN"></g></l></v></tfr></token><token id="615885" text="отмечает"><tfr rev_id="1448304" t="отмечает"><v><l id="215600" t="отмечаю"><g v="VERB"></g><g v="impf"></g><g v="tran"></g><g v="sing"></g><g v="3per"></g><g v="pres"></g><g v="indc"></g></l></v></tfr></token><token id="615886" text=","><tfr rev_id="1448305" t=","><v><l id="0" t=","><g v="PNCT"></g></l></v></tfr></token><token id="615887" text="что"><tfr rev_id="3196938" t="что"><v><l id="377004" t="что"><g v="CONJ"></g></l></v><v><l id="377005" t="что"><g v="NPRO"></g><g v="neut"></g><g v="sing"></g><g v="nomn"></g></l></v><v><l id="377005" t="что"><g v="NPRO"></g><g v="neut"></g><g v="sing"></g><g v="accs"></g></l></v><v><l id="377006" t="что"><g v="ADVB"></g><g v="Ques"></g></l></v><v><l id="388695" t="что"><g v="PRCL"></g></l></v></tfr></token><token id="615888" text="выбранная"><tfr rev_id="1448307" t="выбранная"><v><l id="55796" t="выбранный"><g v="PRTF"></g><g v="perf"></g><g v="tran"></g><g v="past"></g><g v="pssv"></g><g v="femn"></g><g v="sing"></g><g v="nomn"></g></l></v></tfr></token><token id="615889" text="дата"><tfr rev_id="1448308" t="дата"><v><l id="78501" t="дата"><g v="NOUN"></g><g v="inan"></g><g v="femn"></g><g v="sing"></g><g v="nomn"></g></l></v></tfr></token><token id="615890" text="начала"><tfr rev_id="3544324" t="начала"><v><l id="178196" t="начало"><g v="NOUN"></g><g v="inan"></g><g v="neut"></g><g v="sing"></g><g v="gent"></g></l></v></tfr></token><token id="615891" text="операции"><tfr rev_id="4277715" t="операции"><v><l id="206957" t="операция"><g v="NOUN"></g><g v="inan"></g><g v="femn"></g><g v="sing"></g><g v="gent"></g></l></v></tfr></token><token id="615892" text="«"><tfr rev_id="2444104" t="«"><v><l id="0" t="«"><g v="PNCT"></g></l></v></tfr></token><token id="615893" text="Facebook"><tfr rev_id="2474801" t="Facebook"><v><l id="0" t="Facebook"><g v="LATN"></g></l></v></tfr></token><token id="615894" text="»"><tfr rev_id="2444105" t="»"><v><l id="0" t="»"><g v="PNCT"></g></l></v></tfr></token><token id="615895" text="—"><tfr rev_id="2444106" t="—"><v><l id="0" t="—"><g v="PNCT"></g></l></v></tfr></token><token id="615896" text="5"><tfr rev_id="2461836" t="5"><v><l id="0" t="5"><g v="NUMB"></g></l></v></tfr></token><token id="615897" text="ноября"><tfr rev_id="1448316" t="ноября"><v><l id="192482" t="ноябрь"><g v="NOUN"></g><g v="inan"></g><g v="masc"></g><g v="sing"></g><g v="gent"></g></l></v></tfr></token><token id="615898" text=","><tfr rev_id="1448317" t=","><v><l id="0" t=","><g v="PNCT"></g></l></v></tfr></token><token id="615899" text="связана"><tfr rev_id="1448318" t="связана"><v><l id="316534" t="связан"><g v="PRTS"></g><g v="perf"></g><g v="past"></g><g v="pssv"></g><g v="femn"></g><g v="sing"></g></l></v></tfr></token><token id="615900" text="с"><tfr rev_id="1448319" t="с"><v><l id="311151" t="с"><g v="PREP"></g></l></v></tfr></token><token id="615901" text="историей"><tfr rev_id="1448320" t="историей"><v><l id="126437" t="история"><g v="NOUN"></g><g v="inan"></g><g v="femn"></g><g v="sing"></g><g v="ablt"></g></l></v></tfr></token><token id="615902" text="символики"><tfr rev_id="3436560" t="символики"><v><l id="320658" t="символика"><g v="NOUN"></g><g v="inan"></g><g v="femn"></g><g v="sing"></g><g v="gent"></g></l></v></tfr></token><token id="615903" text="группы"><tfr rev_id="3469440" t="группы"><v><l id="76092" t="группа"><g v="NOUN"></g><g v="inan"></g><g v="femn"></g><g v="sing"></g><g v="gent"></g></l></v></tfr></token><token id="615904" text="Anonymous"><tfr rev_id="2474802" t="Anonymous"><v><l id="0" t="Anonymous"><g v="LATN"></g></l></v></tfr></token><token id="615905" text="."><tfr rev_id="1448324" t="."><v><l id="0" t="."><g v="PNCT"></g></l></v></tfr></token></tokens></sentence><sentence id="34479"><source>В этот день в странах Британского содружества отмечается «ночь Гая Фокса», в память о попытке подрыва здания Парламента в Лондоне в 1605 году группой заговорщиков.</source><tokens><token id="615906" text="В"><tfr rev_id="1448325" t="В"><v><l id="37409" t="в"><g v="PREP"></g></l></v></tfr></token><token id="615907" text="этот"><tfr rev_id="4432096" t="этот"><v><l id="386581" t="этот"><g v="ADJF"></g><g v="Subx"></g><g v="Apro"></g><g v="Anph"></g><g v="masc"></g><g v="sing"></g><g v="nomn"></g></l></v><v><l id="386581" t="этот"><g v="ADJF"></g><g v="Subx"></g><g v="Apro"></g><g v="Anph"></g><g v="inan"></g><g v="masc"></g><g v="sing"></g><g v="accs"></g></l></v></tfr></token><token id="615908" text="день"><tfr rev_id="1714725" t="день"><v><l id="81427" t="день"><g v="NOUN"></g><g v="inan"></g><g v="masc"></g><g v="sing"></g><g v="nomn"></g></l></v><v><l id="81427" t="день"><g v="NOUN"></g><g v="inan"></g><g v="masc"></g><g v="sing"></g><g v="accs"></g></l></v></tfr></token><token id="615909" text="в"><tfr rev_id="1448328" t="в"><v><l id="37409" t="в"><g v="PREP"></g></l></v></tfr></token><token id="615910" text="странах"><tfr rev_id="1448329" t="странах"><v><l id="337100" t="страна"><g v="NOUN"></g><g v="inan"></g><g v="femn"></g><g v="plur"></g><g v="loct"></g></l></v></tfr></token><token id="615911" text="Британского"><tfr rev_id="4205726" t="Британского"><v><l id="34021" t="британский"><g v="ADJF"></g><g v="neut"></g><g v="sing"></g><g v="gent"></g></l></v></tfr></token><token id="615912" text="содружества"><tfr rev_id="3437966" t="содружества"><v><l id="328475" t="содружество"><g v="NOUN"></g><g v="inan"></g><g v="neut"></g><g v="sing"></g><g v="gent"></g></l></v></tfr></token><token id="615913" text="отмечается"><tfr rev_id="1448332" t="отмечается"><v><l id="215607" t="отмечаюсь"><g v="VERB"></g><g v="impf"></g><g v="intr"></g><g v="sing"></g><g v="3per"></g><g v="pres"></g><g v="indc"></g></l></v></tfr></token><token id="615914" text="«"><tfr rev_id="2444107" t="«"><v><l id="0" t="«"><g v="PNCT"></g></l></v></tfr></token><token id="615915" text="ночь"><tfr rev_id="4101548" t="ночь"><v><l id="192469" t="ночь"><g v="NOUN"></g><g v="inan"></g><g v="femn"></g><g v="sing"></g><g v="nomn"></g></l></v></tfr></token><token id="615916" text="Гая"><tfr rev_id="2931416" t="Гая"><v><l id="66235" t="гай"><g v="NOUN"></g><g v="anim"></g><g v="masc"></g><g v="Name"></g><g v="sing"></g><g v="gent"></g></l></v><v><l id="66238" t="гай"><g v="NOUN"></g><g v="inan"></g><g v="masc"></g><g v="sing"></g><g v="gent"></g></l></v></tfr></token><token id="615917" text="Фокса"><tfr rev_id="1448336" t="Фокса"><v><l id="0" t="фокса"><g v="UNKN"></g></l></v></tfr></token><token id="615918" text="»"><tfr rev_id="2444108" t="»"><v><l id="0" t="»"><g v="PNCT"></g></l></v></tfr></token><token id="615919" text=","><tfr rev_id="1448338" t=","><v><l id="0" t=","><g v="PNCT"></g></l></v></tfr></token><token id="615920" text="в"><tfr rev_id="1448339" t="в"><v><l id="37409" t="в"><g v="PREP"></g></l></v></tfr></token><token id="615921" text="память"><tfr rev_id="3473834" t="память"><v><l id="223174" t="память"><g v="NOUN"></g><g v="inan"></g><g v="femn"></g><g v="sing"></g><g v="accs"></g></l></v></tfr></token><token id="615922" text="о"><tfr rev_id="3417165" t="о"><v><l id="192977" t="о"><g v="PREP"></g></l></v></tfr></token><token id="615923" text="попытке"><tfr rev_id="1718689" t="попытке"><v><l id="259844" t="попытка"><g v="NOUN"></g><g v="inan"></g><g v="femn"></g><g v="sing"></g><g v="loct"></g></l></v></tfr></token><token id="615924" text="подрыва"><tfr rev_id="1448343" t="подрыва"><v><l id="249920" t="подрыв"><g v="NOUN"></g><g v="inan"></g><g v="masc"></g><g v="sing"></g><g v="gent"></g></l></v></tfr></token><token id="615925" text="здания"><tfr rev_id="1717413" t="здания"><v><l id="114695" t="здание"><g v="NOUN"></g><g v="inan"></g><g v="neut"></g><g v="sing"></g><g v="gent"></g></l></v></tfr></token><token id="615926" text="Парламента"><tfr rev_id="1448345" t="Парламента"><v><l id="224156" t="парламент"><g v="NOUN"></g><g v="inan"></g><g v="masc"></g><g v="sing"></g><g v="gent"></g></l></v></tfr></token><token id="615927" text="в"><tfr rev_id="1448346" t="в"><v><l id="37409" t="в"><g v="PREP"></g></l></v></tfr></token><token id="615928" text="Лондоне"><tfr rev_id="1448347" t="Лондоне"><v><l id="150828" t="лондон"><g v="NOUN"></g><g v="inan"></g><g v="masc"></g><g v="Geox"></g><g v="sing"></g><g v="loct"></g></l></v></tfr></token><token id="615929" text="в"><tfr rev_id="1448348" t="в"><v><l id="37409" t="в"><g v="PREP"></g></l></v></tfr></token><token id="615930" text="1605"><tfr rev_id="2461837" t="1605"><v><l id="0" t="1605"><g v="NUMB"></g></l></v></tfr></token><token id="615931" text="году"><tfr rev_id="2850310" t="году"><v><l id="72149" t="год"><g v="NOUN"></g><g v="inan"></g><g v="masc"></g><g v="sing"></g><g v="loc2"></g></l></v></tfr></token><token id="615932" text="группой"><tfr rev_id="1448351" t="группой"><v><l id="76092" t="группа"><g v="NOUN"></g><g v="inan"></g><g v="femn"></g><g v="sing"></g><g v="ablt"></g></l></v></tfr></token><token id="615933" text="заговорщиков"><tfr rev_id="3713421" t="заговорщиков"><v><l id="100712" t="заговорщик"><g v="NOUN"></g><g v="anim"></g><g v="masc"></g><g v="plur"></g><g v="gent"></g></l></v></tfr></token><token id="615934" text="."><tfr rev_id="1448353" t="."><v><l id="0" t="."><g v="PNCT"></g></l></v></tfr></token></tokens></sentence><sentence id="34480"><source>Гай Фокс, руководитель «Порохового заговора», в художественном фильме о неудавшейся попытке уничтожения Парламента появляется в маске, которая стала символом группы Anonymous.</source><tokens><token id="615935" text="Гай"><tfr rev_id="3523957" t="Гай"><v><l id="66235" t="гай"><g v="NOUN"></g><g v="anim"></g><g v="masc"></g><g v="Name"></g><g v="sing"></g><g v="nomn"></g></l></v></tfr></token><token id="615936" text="Фокс"><tfr rev_id="1448355" t="Фокс"><v><l id="0" t="фокс"><g v="UNKN"></g></l></v></tfr></token><token id="615937" text=","><tfr rev_id="1448356" t=","><v><l id="0" t=","><g v="PNCT"></g></l></v></tfr></token><token id="615938" text="руководитель"><tfr rev_id="1448357" t="руководитель"><v><l id="309980" t="руководитель"><g v="NOUN"></g><g v="anim"></g><g v="masc"></g><g v="sing"></g><g v="nomn"></g></l></v></tfr></token><token id="615939" text="«"><tfr rev_id="2444109" t="«"><v><l id="0" t="«"><g v="PNCT"></g></l></v></tfr></token><token id="615940" text="Порохового"><tfr rev_id="3430940" t="Порохового"><v><l id="260442" t="пороховой"><g v="ADJF"></g><g v="masc"></g><g v="sing"></g><g v="gent"></g></l></v><v><l id="260442" t="пороховой"><g v="ADJF"></g><g v="anim"></g><g v="masc"></g><g v="sing"></g><g v="accs"></g></l></v></tfr></token><token id="615941" text="заговора"><tfr rev_id="1448360" t="заговора"><v><l id="100694" t="заговор"><g v="NOUN"></g><g v="inan"></g><g v="masc"></g><g v="sing"></g><g v="gent"></g></l></v></tfr></token><token id="615942" text="»"><tfr rev_id="2444110" t="»"><v><l id="0" t="»"><g v="PNCT"></g></l></v></tfr></token><token id="615943" text=","><tfr rev_id="1448362" t=","><v><l id="0" t=","><g v="PNCT"></g></l></v></tfr></token><token id="615944" text="в"><tfr rev_id="1448363" t="в"><v><l id="37409" t="в"><g v="PREP"></g></l></v></tfr></token><token id="615945" text="художественном"><tfr rev_id="3408250" t="художественном"><v><l id="372461" t="художественный"><g v="ADJF"></g><g v="masc"></g><g v="sing"></g><g v="loct"></g></l></v></tfr></token><token id="615946" text="фильме"><tfr rev_id="1448365" t="фильме"><v><l id="366005" t="фильм"><g v="NOUN"></g><g v="inan"></g><g v="masc"></g><g v="sing"></g><g v="loct"></g></l></v></tfr></token><token id="615947" text="о"><tfr rev_id="3332342" t="о"><v><l id="192977" t="о"><g v="PREP"></g></l></v></tfr></token><token id="615948" text="неудавшейся"><tfr rev_id="4308226" t="неудавшейся"><v><l id="189169" t="неудавшийся"><g v="ADJF"></g><g v="femn"></g><g v="sing"></g><g v="loct"></g></l></v></tfr></token><token id="615949" text="попытке"><tfr rev_id="3541176" t="попытке"><v><l id="259844" t="попытка"><g v="NOUN"></g><g v="inan"></g><g v="femn"></g><g v="sing"></g><g v="loct"></g></l></v></tfr></token><token id="615950" text="уничтожения"><tfr rev_id="2721988" t="уничтожения"><v><l id="358447" t="уничтожение"><g v="NOUN"></g><g v="inan"></g><g v="neut"></g><g v="sing"></g><g v="gent"></g></l></v></tfr></token><token id="615951" text="Парламента"><tfr rev_id="1448370" t="Парламента"><v><l id="224156" t="парламент"><g v="NOUN"></g><g v="inan"></g><g v="masc"></g><g v="sing"></g><g v="gent"></g></l></v></tfr></token><token id="615952" text="появляется"><tfr rev_id="1448371" t="появляется"><v><l id="265513" t="появляюсь"><g v="VERB"></g><g v="impf"></g><g v="intr"></g><g v="sing"></g><g v="3per"></g><g v="pres"></g><g v="indc"></g></l></v></tfr></token><token id="615953" text="в"><tfr rev_id="1448372" t="в"><v><l id="37409" t="в"><g v="PREP"></g></l></v></tfr></token><token id="615954" text="маске"><tfr rev_id="3546089" t="маске"><v><l id="155747" t="маска"><g v="NOUN"></g><g v="inan"></g><g v="femn"></g><g v="sing"></g><g v="loct"></g></l></v></tfr></token><token id="615955" text=","><tfr rev_id="1448374" t=","><v><l id="0" t=","><g v="PNCT"></g></l></v></tfr></token><token id="615956" text="которая"><tfr rev_id="3639818" t="которая"><v><l id="141203" t="который"><g v="ADJF"></g><g v="Apro"></g><g v="Subx"></g><g v="Anph"></g><g v="femn"></g><g v="sing"></g><g v="nomn"></g></l></v></tfr></token><token id="615957" text="стала"><tfr rev_id="1448376" t="стала"><v><l id="335164" t="стал"><g v="VERB"></g><g v="perf"></g><g v="intr"></g><g v="femn"></g><g v="sing"></g><g v="past"></g><g v="indc"></g></l></v></tfr></token><token id="615958" text="символом"><tfr rev_id="1448377" t="символом"><v><l id="320635" t="символ"><g v="NOUN"></g><g v="inan"></g><g v="masc"></g><g v="sing"></g><g v="ablt"></g></l></v></tfr></token><token id="615959" text="группы"><tfr rev_id="3482474" t="группы"><v><l id="76092" t="группа"><g v="NOUN"></g><g v="inan"></g><g v="femn"></g><g v="sing"></g><g v="gent"></g></l></v></tfr></token><token id="615960" text="Anonymous"><tfr rev_id="2474803" t="Anonymous"><v><l id="0" t="Anonymous"><g v="LATN"></g></l></v></tfr></token><token id="615961" text="."><tfr rev_id="1448380" t="."><v><l id="0" t="."><g v="PNCT"></g></l></v></tfr></token></tokens></sentence></paragraph><paragraph id="10989"><sentence id="34481"><source>О том, как Anonymous поддерживали основателя сайта WikiLeaks, читайте в статье Частного корреспондента «Первая мировая кибервойна»</source><tokens><token id="615962" text="О"><tfr rev_id="3301518" t="О"><v><l id="192977" t="о"><g v="PREP"></g></l></v></tfr></token><token id="615963" text="том"><tfr rev_id="3774448" t="том"><v><l id="348430" t="тот"><g v="ADJF"></g><g v="Subx"></g><g v="Apro"></g><g v="Anph"></g><g v="neut"></g><g v="sing"></g><g v="loct"></g></l></v></tfr></token><token id="615964" text=","><tfr rev_id="1448383" t=","><v><l id="0" t=","><g v="PNCT"></g></l></v></tfr></token><token id="615965" text="как"><tfr rev_id="1448384" t="как"><v><l id="128190" t="как"><g v="CONJ"></g></l></v><v><l id="128191" t="как"><g v="PRCL"></g></l></v><v><l id="128192" t="как"><g v="ADVB"></g><g v="Ques"></g></l></v></tfr></token><token id="615966" text="Anonymous"><tfr rev_id="2474804" t="Anonymous"><v><l id="0" t="Anonymous"><g v="LATN"></g></l></v></tfr></token><token id="615967" text="поддерживали"><tfr rev_id="1448386" t="поддерживали"><v><l id="245403" t="поддерживаю"><g v="VERB"></g><g v="impf"></g><g v="tran"></g><g v="plur"></g><g v="past"></g><g v="indc"></g></l></v></tfr></token><token id="615968" text="основателя"><tfr rev_id="4215928" t="основателя"><v><l id="210577" t="основатель"><g v="NOUN"></g><g v="anim"></g><g v="masc"></g><g v="sing"></g><g v="accs"></g></l></v></tfr></token><token id="615969" text="сайта"><tfr rev_id="1448388" t="сайта"><v><l id="311674" t="сайт"><g v="NOUN"></g><g v="inan"></g><g v="masc"></g><g v="sing"></g><g v="gent"></g></l></v></tfr></token><token id="615970" text="WikiLeaks"><tfr rev_id="2474805" t="WikiLeaks"><v><l id="0" t="WikiLeaks"><g v="LATN"></g></l></v></tfr></token><token id="615971" text=","><tfr rev_id="1448390" t=","><v><l id="0" t=","><g v="PNCT"></g></l></v></tfr></token><token id="615972" text="читайте"><tfr rev_id="1448391" t="читайте"><v><l id="376719" t="читаю"><g v="VERB"></g><g v="impf"></g><g v="tran"></g><g v="plur"></g><g v="impr"></g><g v="excl"></g></l></v></tfr></token><token id="615973" text="в"><tfr rev_id="1448392" t="в"><v><l id="37409" t="в"><g v="PREP"></g></l></v></tfr></token><token id="615974" text="статье"><tfr rev_id="3446951" t="статье"><v><l id="335173" t="статья"><g v="NOUN"></g><g v="inan"></g><g v="femn"></g><g v="sing"></g><g v="loct"></g></l></v></tfr></token><token id="615975" text="Частного"><tfr rev_id="4371551" t="Частного"><v><l id="374795" t="частный"><g v="ADJF"></g><g v="Qual"></g><g v="masc"></g><g v="sing"></g><g v="gent"></g></l></v><v><l id="374795" t="частный"><g v="ADJF"></g><g v="Qual"></g><g v="anim"></g><g v="masc"></g><g v="sing"></g><g v="accs"></g></l></v></tfr></token><token id="615976" text="корреспондента"><tfr rev_id="4389684" t="корреспондента"><v><l id="140239" t="корреспондент"><g v="NOUN"></g><g v="anim"></g><g v="masc"></g><g v="sing"></g><g v="gent"></g></l></v></tfr></token><token id="615977" text="«"><tfr rev_id="2444111" t="«"><v><l id="0" t="«"><g v="PNCT"></g></l></v></tfr></token><token id="615978" text="Первая"><tfr rev_id="1448397" t="Первая"><v><l id="226359" t="первый"><g v="ADJF"></g><g v="Anum"></g><g v="femn"></g><g v="sing"></g><g v="nomn"></g></l></v></tfr></token><token id="615979" text="мировая"><tfr rev_id="1448398" t="мировая"><v><l id="160894" t="мировой"><g v="ADJF"></g><g v="femn"></g><g v="sing"></g><g v="nomn"></g></l></v></tfr></token><token id="615980" text="кибервойна"><tfr rev_id="1448399" t="кибервойна"><v><l id="0" t="кибервойна"><g v="UNKN"></g></l></v></tfr></token><token id="615981" text="»"><tfr rev_id="2444112" t="»"><v><l id="0" t="»"><g v="PNCT"></g></l></v></tfr></token></tokens></sentence></paragraph></paragraphs></text>