<?xml version="1.0" encoding="utf-8"?><text id="1166" parent="226" name="22982 «Поэт и гражданин» нарасхват"><tags><tag>url:http://www.chaskor.ru/news/poet_i_grazhdanin_narashvat_22982</tag><tag>Год:2011</tag><tag>Дата:12/04</tag><tag>Тема:ЧасКор:Медиа</tag><tag>Тема:ЧасКор:Медиа/Медиабизнес</tag></tags><paragraphs><paragraph id="11007"><sentence id="34524"><source>«Поэт и гражданин» нарасхват</source><tokens><token id="616755" text="«"><tfr rev_id="2444148" t="«"><v><l id="0" t="«"><g v="PNCT"></g></l></v></tfr></token><token id="616756" text="Поэт"><tfr rev_id="1449003" t="Поэт"><v><l id="265453" t="поэт"><g v="NOUN"></g><g v="anim"></g><g v="masc"></g><g v="sing"></g><g v="nomn"></g></l></v></tfr></token><token id="616757" text="и"><tfr rev_id="3488543" t="и"><v><l id="116949" t="и"><g v="CONJ"></g></l></v></tfr></token><token id="616758" text="гражданин"><tfr rev_id="1449005" t="гражданин"><v><l id="74521" t="гражданин"><g v="NOUN"></g><g v="anim"></g><g v="masc"></g><g v="sing"></g><g v="nomn"></g></l></v></tfr></token><token id="616759" text="»"><tfr rev_id="2444149" t="»"><v><l id="0" t="»"><g v="PNCT"></g></l></v></tfr></token><token id="616760" text="нарасхват"><tfr rev_id="1449007" t="нарасхват"><v><l id="174477" t="нарасхват"><g v="ADVB"></g></l></v></tfr></token></tokens></sentence><sentence id="34525"><source>Оригинальный проект заинтересовал издателя «Сноба» и радиостанцию «Эхо Москвы».</source><tokens><token id="616761" text="Оригинальный"><tfr rev_id="1449008" t="Оригинальный"><v><l id="209029" t="оригинальный"><g v="ADJF"></g><g v="Qual"></g><g v="masc"></g><g v="sing"></g><g v="nomn"></g></l></v><v><l id="209029" t="оригинальный"><g v="ADJF"></g><g v="Qual"></g><g v="inan"></g><g v="masc"></g><g v="sing"></g><g v="accs"></g></l></v></tfr></token><token id="616762" text="проект"><tfr rev_id="3523691" t="проект"><v><l id="279545" t="проект"><g v="NOUN"></g><g v="inan"></g><g v="masc"></g><g v="sing"></g><g v="nomn"></g></l></v></tfr></token><token id="616763" text="заинтересовал"><tfr rev_id="1449010" t="заинтересовал"><v><l id="102712" t="заинтересовал"><g v="VERB"></g><g v="perf"></g><g v="tran"></g><g v="masc"></g><g v="sing"></g><g v="past"></g><g v="indc"></g></l></v></tfr></token><token id="616764" text="издателя"><tfr rev_id="3721687" t="издателя"><v><l id="118744" t="издатель"><g v="NOUN"></g><g v="anim"></g><g v="masc"></g><g v="sing"></g><g v="accs"></g></l></v></tfr></token><token id="616765" text="«"><tfr rev_id="2444150" t="«"><v><l id="0" t="«"><g v="PNCT"></g></l></v></tfr></token><token id="616766" text="Сноба"><tfr rev_id="3676011" t="Сноба"><v><l id="327454" t="сноб"><g v="NOUN"></g><g v="anim"></g><g v="masc"></g><g v="sing"></g><g v="gent"></g></l></v></tfr></token><token id="616767" text="»"><tfr rev_id="2444151" t="»"><v><l id="0" t="»"><g v="PNCT"></g></l></v></tfr></token><token id="616768" text="и"><tfr rev_id="3825511" t="и"><v><l id="116949" t="и"><g v="CONJ"></g></l></v></tfr></token><token id="616769" text="радиостанцию"><tfr rev_id="1449016" t="радиостанцию"><v><l id="291209" t="радиостанция"><g v="NOUN"></g><g v="inan"></g><g v="femn"></g><g v="sing"></g><g v="accs"></g></l></v></tfr></token><token id="616770" text="«"><tfr rev_id="2444152" t="«"><v><l id="0" t="«"><g v="PNCT"></g></l></v></tfr></token><token id="616771" text="Эхо"><tfr rev_id="1449018" t="Эхо"><v><l id="386693" t="эхо"><g v="NOUN"></g><g v="inan"></g><g v="neut"></g><g v="sing"></g><g v="nomn"></g></l></v><v><l id="386693" t="эхо"><g v="NOUN"></g><g v="inan"></g><g v="neut"></g><g v="sing"></g><g v="accs"></g></l></v></tfr></token><token id="616772" text="Москвы"><tfr rev_id="1449019" t="Москвы"><v><l id="163901" t="москва"><g v="NOUN"></g><g v="inan"></g><g v="femn"></g><g v="Sgtm"></g><g v="Geox"></g><g v="sing"></g><g v="gent"></g></l></v></tfr></token><token id="616773" text="»"><tfr rev_id="2444153" t="»"><v><l id="0" t="»"><g v="PNCT"></g></l></v></tfr></token><token id="616774" text="."><tfr rev_id="1449021" t="."><v><l id="0" t="."><g v="PNCT"></g></l></v></tfr></token></tokens></sentence></paragraph><paragraph id="11008"><sentence id="34526"><source>Генеральный директор медиагруппы «Живи!», издающей журналы «Сноб» и «Русский пионер», Юрий Кацман сообщил о том, что его компания планирует выкупить права на трансляцию в интернете сатирического проекта «Поэт и гражданин», сообщает «Лента.ру», который ранее выходил на телеканале «Дождь».</source><tokens><token id="616775" text="Генеральный"><tfr rev_id="4097819" t="Генеральный"><v><l id="68532" t="генеральный"><g v="ADJF"></g><g v="masc"></g><g v="sing"></g><g v="nomn"></g></l></v></tfr></token><token id="616776" text="директор"><tfr rev_id="1449023" t="директор"><v><l id="84214" t="директор"><g v="NOUN"></g><g v="anim"></g><g v="masc"></g><g v="sing"></g><g v="nomn"></g></l></v></tfr></token><token id="616777" text="медиагруппы"><tfr rev_id="4337910" t="медиагруппы"><v><l id="390308" t="медиагруппа"><g v="NOUN"></g><g v="inan"></g><g v="femn"></g><g v="sing"></g><g v="gent"></g></l></v></tfr></token><token id="616778" text="«"><tfr rev_id="2444154" t="«"><v><l id="0" t="«"><g v="PNCT"></g></l></v></tfr></token><token id="616779" text="Живи"><tfr rev_id="1449026" t="Живи"><v><l id="96995" t="живлю"><g v="VERB"></g><g v="impf"></g><g v="tran"></g><g v="sing"></g><g v="impr"></g><g v="excl"></g></l></v><v><l id="97603" t="живу"><g v="VERB"></g><g v="impf"></g><g v="intr"></g><g v="sing"></g><g v="impr"></g><g v="excl"></g></l></v></tfr></token><token id="616780" text="!"><tfr rev_id="1449027" t="!"><v><l id="0" t="!"><g v="PNCT"></g></l></v></tfr></token><token id="616781" text="»"><tfr rev_id="2444155" t="»"><v><l id="0" t="»"><g v="PNCT"></g></l></v></tfr></token><token id="616782" text=","><tfr rev_id="1449029" t=","><v><l id="0" t=","><g v="PNCT"></g></l></v></tfr></token><token id="616783" text="издающей"><tfr rev_id="3419321" t="издающей"><v><l id="118703" t="издающий"><g v="PRTF"></g><g v="impf"></g><g v="tran"></g><g v="pres"></g><g v="actv"></g><g v="femn"></g><g v="sing"></g><g v="gent"></g></l></v></tfr></token><token id="616784" text="журналы"><tfr rev_id="3757206" t="журналы"><v><l id="97972" t="журнал"><g v="NOUN"></g><g v="inan"></g><g v="masc"></g><g v="plur"></g><g v="accs"></g></l></v></tfr></token><token id="616785" text="«"><tfr rev_id="2444156" t="«"><v><l id="0" t="«"><g v="PNCT"></g></l></v></tfr></token><token id="616786" text="Сноб"><tfr rev_id="1449033" t="Сноб"><v><l id="327454" t="сноб"><g v="NOUN"></g><g v="anim"></g><g v="masc"></g><g v="sing"></g><g v="nomn"></g></l></v></tfr></token><token id="616787" text="»"><tfr rev_id="2444157" t="»"><v><l id="0" t="»"><g v="PNCT"></g></l></v></tfr></token><token id="616788" text="и"><tfr rev_id="1449035" t="и"><v><l id="116949" t="и"><g v="CONJ"></g></l></v><v><l id="116950" t="и"><g v="INTJ"></g></l></v></tfr></token><token id="616789" text="«"><tfr rev_id="2444158" t="«"><v><l id="0" t="«"><g v="PNCT"></g></l></v></tfr></token><token id="616790" text="Русский"><tfr rev_id="1449037" t="Русский"><v><l id="310321" t="русский"><g v="ADJF"></g><g v="Subx"></g><g v="masc"></g><g v="sing"></g><g v="nomn"></g></l></v><v><l id="310321" t="русский"><g v="ADJF"></g><g v="Subx"></g><g v="inan"></g><g v="masc"></g><g v="sing"></g><g v="accs"></g></l></v></tfr></token><token id="616791" text="пионер"><tfr rev_id="1449038" t="пионер"><v><l id="238859" t="пионер"><g v="NOUN"></g><g v="anim"></g><g v="masc"></g><g v="sing"></g><g v="nomn"></g></l></v></tfr></token><token id="616792" text="»"><tfr rev_id="2444159" t="»"><v><l id="0" t="»"><g v="PNCT"></g></l></v></tfr></token><token id="616793" text=","><tfr rev_id="1449040" t=","><v><l id="0" t=","><g v="PNCT"></g></l></v></tfr></token><token id="616794" text="Юрий"><tfr rev_id="1449041" t="Юрий"><v><l id="387110" t="юрий"><g v="NOUN"></g><g v="anim"></g><g v="masc"></g><g v="Name"></g><g v="sing"></g><g v="nomn"></g></l></v></tfr></token><token id="616795" text="Кацман"><tfr rev_id="1449042" t="Кацман"><v><l id="0" t="кацман"><g v="UNKN"></g></l></v></tfr></token><token id="616796" text="сообщил"><tfr rev_id="1449043" t="сообщил"><v><l id="329556" t="сообщил"><g v="VERB"></g><g v="perf"></g><g v="tran"></g><g v="masc"></g><g v="sing"></g><g v="past"></g><g v="indc"></g></l></v></tfr></token><token id="616797" text="о"><tfr rev_id="3230835" t="о"><v><l id="192977" t="о"><g v="PREP"></g></l></v></tfr></token><token id="616798" text="том"><tfr rev_id="4411910" t="том"><v><l id="348430" t="тот"><g v="ADJF"></g><g v="Subx"></g><g v="Apro"></g><g v="Anph"></g><g v="neut"></g><g v="sing"></g><g v="loct"></g></l></v></tfr></token><token id="616799" text=","><tfr rev_id="1449046" t=","><v><l id="0" t=","><g v="PNCT"></g></l></v></tfr></token><token id="616800" text="что"><tfr rev_id="3196943" t="что"><v><l id="377004" t="что"><g v="CONJ"></g></l></v><v><l id="377005" t="что"><g v="NPRO"></g><g v="neut"></g><g v="sing"></g><g v="nomn"></g></l></v><v><l id="377005" t="что"><g v="NPRO"></g><g v="neut"></g><g v="sing"></g><g v="accs"></g></l></v><v><l id="377006" t="что"><g v="ADVB"></g><g v="Ques"></g></l></v><v><l id="388695" t="что"><g v="PRCL"></g></l></v></tfr></token><token id="616801" text="его"><tfr rev_id="4512936" t="его"><v><l id="94208" t="его"><g v="ADJF"></g><g v="Fixd"></g><g v="Apro"></g><g v="Anph"></g><g v="femn"></g><g v="sing"></g><g v="nomn"></g></l></v><v><l id="94208" t="его"><g v="ADJF"></g><g v="Fixd"></g><g v="Apro"></g><g v="Anph"></g><g v="femn"></g><g v="sing"></g><g v="gent"></g></l></v><v><l id="94208" t="его"><g v="ADJF"></g><g v="Fixd"></g><g v="Apro"></g><g v="Anph"></g><g v="femn"></g><g v="sing"></g><g v="datv"></g></l></v><v><l id="94208" t="его"><g v="ADJF"></g><g v="Fixd"></g><g v="Apro"></g><g v="Anph"></g><g v="femn"></g><g v="sing"></g><g v="accs"></g></l></v><v><l id="94208" t="его"><g v="ADJF"></g><g v="Fixd"></g><g v="Apro"></g><g v="Anph"></g><g v="femn"></g><g v="sing"></g><g v="ablt"></g></l></v><v><l id="94208" t="его"><g v="ADJF"></g><g v="Fixd"></g><g v="Apro"></g><g v="Anph"></g><g v="femn"></g><g v="sing"></g><g v="loct"></g></l></v></tfr></token><token id="616802" text="компания"><tfr rev_id="1449049" t="компания"><v><l id="137146" t="компания"><g v="NOUN"></g><g v="inan"></g><g v="femn"></g><g v="sing"></g><g v="nomn"></g></l></v></tfr></token><token id="616803" text="планирует"><tfr rev_id="1449050" t="планирует"><v><l id="239713" t="планирую"><g v="VERB"></g><g v="impf"></g><g v="tran"></g><g v="sing"></g><g v="3per"></g><g v="pres"></g><g v="indc"></g></l></v></tfr></token><token id="616804" text="выкупить"><tfr rev_id="1449051" t="выкупить"><v><l id="58742" t="выкупить"><g v="INFN"></g><g v="perf"></g><g v="tran"></g></l></v></tfr></token><token id="616805" text="права"><tfr rev_id="3815446" t="права"><v><l id="265680" t="право"><g v="NOUN"></g><g v="inan"></g><g v="neut"></g><g v="plur"></g><g v="accs"></g></l></v></tfr></token><token id="616806" text="на"><tfr rev_id="3343510" t="на"><v><l id="166264" t="на"><g v="PREP"></g></l></v></tfr></token><token id="616807" text="трансляцию"><tfr rev_id="1449054" t="трансляцию"><v><l id="349070" t="трансляция"><g v="NOUN"></g><g v="inan"></g><g v="femn"></g><g v="sing"></g><g v="accs"></g></l></v></tfr></token><token id="616808" text="в"><tfr rev_id="1449055" t="в"><v><l id="37409" t="в"><g v="PREP"></g></l></v></tfr></token><token id="616809" text="интернете"><tfr rev_id="1449056" t="интернете"><v><l id="123255" t="интернет"><g v="NOUN"></g><g v="inan"></g><g v="masc"></g><g v="sing"></g><g v="loct"></g></l></v></tfr></token><token id="616810" text="сатирического"><tfr rev_id="3463999" t="сатирического"><v><l id="313844" t="сатирический"><g v="ADJF"></g><g v="masc"></g><g v="sing"></g><g v="gent"></g></l></v><v><l id="313844" t="сатирический"><g v="ADJF"></g><g v="anim"></g><g v="masc"></g><g v="sing"></g><g v="accs"></g></l></v></tfr></token><token id="616811" text="проекта"><tfr rev_id="1449058" t="проекта"><v><l id="279545" t="проект"><g v="NOUN"></g><g v="inan"></g><g v="masc"></g><g v="sing"></g><g v="gent"></g></l></v></tfr></token><token id="616812" text="«"><tfr rev_id="2444160" t="«"><v><l id="0" t="«"><g v="PNCT"></g></l></v></tfr></token><token id="616813" text="Поэт"><tfr rev_id="1449060" t="Поэт"><v><l id="265453" t="поэт"><g v="NOUN"></g><g v="anim"></g><g v="masc"></g><g v="sing"></g><g v="nomn"></g></l></v></tfr></token><token id="616814" text="и"><tfr rev_id="3688605" t="и"><v><l id="116949" t="и"><g v="CONJ"></g></l></v></tfr></token><token id="616815" text="гражданин"><tfr rev_id="1449062" t="гражданин"><v><l id="74521" t="гражданин"><g v="NOUN"></g><g v="anim"></g><g v="masc"></g><g v="sing"></g><g v="nomn"></g></l></v></tfr></token><token id="616816" text="»"><tfr rev_id="2444161" t="»"><v><l id="0" t="»"><g v="PNCT"></g></l></v></tfr></token><token id="616817" text=","><tfr rev_id="1449064" t=","><v><l id="0" t=","><g v="PNCT"></g></l></v></tfr></token><token id="616818" text="сообщает"><tfr rev_id="1449065" t="сообщает"><v><l id="329538" t="сообщаю"><g v="VERB"></g><g v="impf"></g><g v="tran"></g><g v="sing"></g><g v="3per"></g><g v="pres"></g><g v="indc"></g></l></v></tfr></token><token id="616819" text="«"><tfr rev_id="2444162" t="«"><v><l id="0" t="«"><g v="PNCT"></g></l></v></tfr></token><token id="616820" text="Лента.ру"><tfr rev_id="4568252" t="Лента.ру"><v><l id="393363" t="лента.ру"><g v="NOUN"></g><g v="inan"></g><g v="femn"></g><g v="Sgtm"></g><g v="Orgn"></g><g v="sing"></g><g v="nomn"></g></l></v></tfr></token><token id="616821" text="»"><tfr rev_id="2444163" t="»"><v><l id="0" t="»"><g v="PNCT"></g></l></v></tfr></token><token id="616822" text=","><tfr rev_id="1449069" t=","><v><l id="0" t=","><g v="PNCT"></g></l></v></tfr></token><token id="616823" text="который"><tfr rev_id="3637416" t="который"><v><l id="141203" t="который"><g v="ADJF"></g><g v="Apro"></g><g v="Subx"></g><g v="Anph"></g><g v="masc"></g><g v="sing"></g><g v="nomn"></g></l></v><v><l id="141203" t="который"><g v="ADJF"></g><g v="Apro"></g><g v="Subx"></g><g v="Anph"></g><g v="inan"></g><g v="masc"></g><g v="sing"></g><g v="accs"></g></l></v></tfr></token><token id="616824" text="ранее"><tfr rev_id="1449071" t="ранее"><v><l id="297884" t="ранее"><g v="ADVB"></g></l></v></tfr></token><token id="616825" text="выходил"><tfr rev_id="1449072" t="выходил"><v><l id="63962" t="выхожу"><g v="VERB"></g><g v="impf"></g><g v="intr"></g><g v="masc"></g><g v="sing"></g><g v="past"></g><g v="indc"></g></l></v><v><l id="63967" t="выходил"><g v="VERB"></g><g v="perf"></g><g v="tran"></g><g v="masc"></g><g v="sing"></g><g v="past"></g><g v="indc"></g></l></v></tfr></token><token id="616826" text="на"><tfr rev_id="3333605" t="на"><v><l id="166264" t="на"><g v="PREP"></g></l></v></tfr></token><token id="616827" text="телеканале"><tfr rev_id="1449074" t="телеканале"><v><l id="344167" t="телеканал"><g v="NOUN"></g><g v="inan"></g><g v="masc"></g><g v="sing"></g><g v="loct"></g></l></v></tfr></token><token id="616828" text="«"><tfr rev_id="2444164" t="«"><v><l id="0" t="«"><g v="PNCT"></g></l></v></tfr></token><token id="616829" text="Дождь"><tfr rev_id="4104849" t="Дождь"><v><l id="86651" t="дождь"><g v="NOUN"></g><g v="inan"></g><g v="masc"></g><g v="sing"></g><g v="nomn"></g></l></v></tfr></token><token id="616830" text="»"><tfr rev_id="2444165" t="»"><v><l id="0" t="»"><g v="PNCT"></g></l></v></tfr></token><token id="616831" text="."><tfr rev_id="1449078" t="."><v><l id="0" t="."><g v="PNCT"></g></l></v></tfr></token></tokens></sentence></paragraph><paragraph id="11009"><sentence id="34527"><source>Кроме того, ранее стало известно, что радиостанция «Эхо Москвы» также намерена приобрести права на трансляцию проекта.</source><tokens><token id="616832" text="Кроме"><tfr rev_id="1449079" t="Кроме"><v><l id="143259" t="кроме"><g v="PREP"></g></l></v></tfr></token><token id="616833" text="того"><tfr rev_id="4318221" t="того"><v><l id="348430" t="тот"><g v="ADJF"></g><g v="Subx"></g><g v="Apro"></g><g v="Anph"></g><g v="neut"></g><g v="sing"></g><g v="gent"></g></l></v></tfr></token><token id="616834" text=","><tfr rev_id="1449081" t=","><v><l id="0" t=","><g v="PNCT"></g></l></v></tfr></token><token id="616835" text="ранее"><tfr rev_id="1449082" t="ранее"><v><l id="297884" t="ранее"><g v="ADVB"></g></l></v></tfr></token><token id="616836" text="стало"><tfr rev_id="1449083" t="стало"><v><l id="335164" t="стал"><g v="VERB"></g><g v="perf"></g><g v="intr"></g><g v="neut"></g><g v="sing"></g><g v="past"></g><g v="indc"></g></l></v></tfr></token><token id="616837" text="известно"><tfr rev_id="1449084" t="известно"><v><l id="118141" t="известно"><g v="CONJ"></g><g v="Prnt"></g></l></v><v><l id="118142" t="известно"><g v="PRED"></g><g v="pres"></g></l></v><v><l id="118146" t="известен"><g v="ADJS"></g><g v="Qual"></g><g v="neut"></g><g v="sing"></g></l></v></tfr></token><token id="616838" text=","><tfr rev_id="1449085" t=","><v><l id="0" t=","><g v="PNCT"></g></l></v></tfr></token><token id="616839" text="что"><tfr rev_id="3196944" t="что"><v><l id="377004" t="что"><g v="CONJ"></g></l></v><v><l id="377005" t="что"><g v="NPRO"></g><g v="neut"></g><g v="sing"></g><g v="nomn"></g></l></v><v><l id="377005" t="что"><g v="NPRO"></g><g v="neut"></g><g v="sing"></g><g v="accs"></g></l></v><v><l id="377006" t="что"><g v="ADVB"></g><g v="Ques"></g></l></v><v><l id="388695" t="что"><g v="PRCL"></g></l></v></tfr></token><token id="616840" text="радиостанция"><tfr rev_id="1449087" t="радиостанция"><v><l id="291209" t="радиостанция"><g v="NOUN"></g><g v="inan"></g><g v="femn"></g><g v="sing"></g><g v="nomn"></g></l></v></tfr></token><token id="616841" text="«"><tfr rev_id="2444166" t="«"><v><l id="0" t="«"><g v="PNCT"></g></l></v></tfr></token><token id="616842" text="Эхо"><tfr rev_id="3340200" t="Эхо"><v><l id="386693" t="эхо"><g v="NOUN"></g><g v="inan"></g><g v="neut"></g><g v="sing"></g><g v="nomn"></g></l></v></tfr></token><token id="616843" text="Москвы"><tfr rev_id="1449090" t="Москвы"><v><l id="163901" t="москва"><g v="NOUN"></g><g v="inan"></g><g v="femn"></g><g v="Sgtm"></g><g v="Geox"></g><g v="sing"></g><g v="gent"></g></l></v></tfr></token><token id="616844" text="»"><tfr rev_id="2444167" t="»"><v><l id="0" t="»"><g v="PNCT"></g></l></v></tfr></token><token id="616845" text="также"><tfr rev_id="4267744" t="также"><v><l id="342482" t="также"><g v="PRCL"></g></l></v></tfr></token><token id="616846" text="намерена"><tfr rev_id="1449093" t="намерена"><v><l id="172445" t="намерен"><g v="ADJS"></g><g v="femn"></g><g v="sing"></g></l></v><v><l id="172473" t="намерен"><g v="PRTS"></g><g v="perf"></g><g v="past"></g><g v="pssv"></g><g v="femn"></g><g v="sing"></g></l></v></tfr></token><token id="616847" text="приобрести"><tfr rev_id="1449094" t="приобрести"><v><l id="272743" t="приобрести"><g v="INFN"></g><g v="perf"></g><g v="tran"></g></l></v></tfr></token><token id="616848" text="права"><tfr rev_id="3801710" t="права"><v><l id="265680" t="право"><g v="NOUN"></g><g v="inan"></g><g v="neut"></g><g v="plur"></g><g v="accs"></g></l></v></tfr></token><token id="616849" text="на"><tfr rev_id="3475541" t="на"><v><l id="166264" t="на"><g v="PREP"></g></l></v></tfr></token><token id="616850" text="трансляцию"><tfr rev_id="1449097" t="трансляцию"><v><l id="349070" t="трансляция"><g v="NOUN"></g><g v="inan"></g><g v="femn"></g><g v="sing"></g><g v="accs"></g></l></v></tfr></token><token id="616851" text="проекта"><tfr rev_id="1449098" t="проекта"><v><l id="279545" t="проект"><g v="NOUN"></g><g v="inan"></g><g v="masc"></g><g v="sing"></g><g v="gent"></g></l></v></tfr></token><token id="616852" text="."><tfr rev_id="1449099" t="."><v><l id="0" t="."><g v="PNCT"></g></l></v></tfr></token></tokens></sentence><sentence id="34528"><source>По словам главного редактора «Эха» Алексея Венедиктова, радиостанцию интересует как аудио-, так и видеоверсия программы, причём положительное решение по поводу аудиоверсии уже есть.</source><tokens><token id="616853" text="По"><tfr rev_id="1449100" t="По"><v><l id="241240" t="по"><g v="PREP"></g></l></v></tfr></token><token id="616854" text="словам"><tfr rev_id="1449101" t="словам"><v><l id="325168" t="слово"><g v="NOUN"></g><g v="inan"></g><g v="neut"></g><g v="plur"></g><g v="datv"></g></l></v></tfr></token><token id="616855" text="главного"><tfr rev_id="4309158" t="главного"><v><l id="70842" t="главный"><g v="ADJF"></g><g v="Qual"></g><g v="masc"></g><g v="sing"></g><g v="gent"></g></l></v><v><l id="70842" t="главный"><g v="ADJF"></g><g v="Qual"></g><g v="anim"></g><g v="masc"></g><g v="sing"></g><g v="accs"></g></l></v></tfr></token><token id="616856" text="редактора"><tfr rev_id="4356510" t="редактора"><v><l id="304972" t="редактор"><g v="NOUN"></g><g v="anim"></g><g v="masc"></g><g v="sing"></g><g v="gent"></g></l></v></tfr></token><token id="616857" text="«"><tfr rev_id="2444168" t="«"><v><l id="0" t="«"><g v="PNCT"></g></l></v></tfr></token><token id="616858" text="Эха"><tfr rev_id="3488841" t="Эха"><v><l id="386693" t="эхо"><g v="NOUN"></g><g v="inan"></g><g v="neut"></g><g v="sing"></g><g v="gent"></g></l></v></tfr></token><token id="616859" text="»"><tfr rev_id="2444169" t="»"><v><l id="0" t="»"><g v="PNCT"></g></l></v></tfr></token><token id="616860" text="Алексея"><tfr rev_id="4462004" t="Алексея"><v><l id="8618" t="алексей"><g v="NOUN"></g><g v="anim"></g><g v="masc"></g><g v="Name"></g><g v="sing"></g><g v="gent"></g></l></v></tfr></token><token id="616861" text="Венедиктова"><tfr rev_id="4292945" t="Венедиктова"><v><l id="40934" t="венедиктов"><g v="NOUN"></g><g v="anim"></g><g v="masc"></g><g v="Sgtm"></g><g v="Surn"></g><g v="sing"></g><g v="gent"></g></l></v><v><l id="40934" t="венедиктов"><g v="NOUN"></g><g v="anim"></g><g v="masc"></g><g v="Sgtm"></g><g v="Surn"></g><g v="sing"></g><g v="accs"></g></l></v></tfr></token><token id="616862" text=","><tfr rev_id="1449109" t=","><v><l id="0" t=","><g v="PNCT"></g></l></v></tfr></token><token id="616863" text="радиостанцию"><tfr rev_id="1449110" t="радиостанцию"><v><l id="291209" t="радиостанция"><g v="NOUN"></g><g v="inan"></g><g v="femn"></g><g v="sing"></g><g v="accs"></g></l></v></tfr></token><token id="616864" text="интересует"><tfr rev_id="1449111" t="интересует"><v><l id="123176" t="интересую"><g v="VERB"></g><g v="impf"></g><g v="tran"></g><g v="sing"></g><g v="3per"></g><g v="pres"></g><g v="indc"></g></l></v><v><l id="123185" t="интересую"><g v="VERB"></g><g v="impf"></g><g v="intr"></g><g v="sing"></g><g v="3per"></g><g v="pres"></g><g v="indc"></g></l></v></tfr></token><token id="616865" text="как"><tfr rev_id="1449112" t="как"><v><l id="128190" t="как"><g v="CONJ"></g></l></v><v><l id="128191" t="как"><g v="PRCL"></g></l></v><v><l id="128192" t="как"><g v="ADVB"></g><g v="Ques"></g></l></v></tfr></token><token id="616866" text="аудио-"><tfr rev_id="1449113" t="аудио-"><v><l id="0" t="аудио-"><g v="UNKN"></g></l></v></tfr></token><token id="616867" text=","><tfr rev_id="1449114" t=","><v><l id="0" t=","><g v="PNCT"></g></l></v></tfr></token><token id="616868" text="так"><tfr rev_id="1449115" t="так"><v><l id="342451" t="так"><g v="CONJ"></g></l></v><v><l id="342452" t="так"><g v="PRCL"></g></l></v><v><l id="342453" t="так"><g v="ADVB"></g><g v="Dmns"></g></l></v></tfr></token><token id="616869" text="и"><tfr rev_id="3480681" t="и"><v><l id="116949" t="и"><g v="CONJ"></g></l></v></tfr></token><token id="616870" text="видеоверсия"><tfr rev_id="4533754" t="видеоверсия"><v><l id="392029" t="видеоверсия"><g v="NOUN"></g><g v="inan"></g><g v="femn"></g><g v="sing"></g><g v="nomn"></g></l></v></tfr></token><token id="616871" text="программы"><tfr rev_id="3433222" t="программы"><v><l id="278686" t="программа"><g v="NOUN"></g><g v="inan"></g><g v="femn"></g><g v="sing"></g><g v="gent"></g></l></v></tfr></token><token id="616872" text=","><tfr rev_id="1449119" t=","><v><l id="0" t=","><g v="PNCT"></g></l></v></tfr></token><token id="616873" text="причём"><tfr rev_id="1449120" t="причём"><v><l id="276410" t="причём"><g v="CONJ"></g></l></v></tfr></token><token id="616874" text="положительное"><tfr rev_id="1449121" t="положительное"><v><l id="256266" t="положительный"><g v="ADJF"></g><g v="Qual"></g><g v="neut"></g><g v="sing"></g><g v="nomn"></g></l></v><v><l id="256266" t="положительный"><g v="ADJF"></g><g v="Qual"></g><g v="neut"></g><g v="sing"></g><g v="accs"></g></l></v></tfr></token><token id="616875" text="решение"><tfr rev_id="4098705" t="решение"><v><l id="307350" t="решение"><g v="NOUN"></g><g v="inan"></g><g v="neut"></g><g v="sing"></g><g v="nomn"></g></l></v></tfr></token><token id="616876" text="по"><tfr rev_id="1449123" t="по"><v><l id="241240" t="по"><g v="PREP"></g></l></v></tfr></token><token id="616877" text="поводу"><tfr rev_id="3812031" t="поводу"><v><l id="242551" t="повод"><g v="NOUN"></g><g v="inan"></g><g v="masc"></g><g v="sing"></g><g v="datv"></g></l></v></tfr></token><token id="616878" text="аудиоверсии"><tfr rev_id="4533749" t="аудиоверсии"><v><l id="392024" t="аудиоверсия"><g v="NOUN"></g><g v="inan"></g><g v="femn"></g><g v="plur"></g><g v="accs"></g></l></v><v><l id="392024" t="аудиоверсия"><g v="NOUN"></g><g v="inan"></g><g v="femn"></g><g v="plur"></g><g v="nomn"></g></l></v><v><l id="392024" t="аудиоверсия"><g v="NOUN"></g><g v="inan"></g><g v="femn"></g><g v="sing"></g><g v="datv"></g></l></v><v><l id="392024" t="аудиоверсия"><g v="NOUN"></g><g v="inan"></g><g v="femn"></g><g v="sing"></g><g v="gent"></g></l></v><v><l id="392024" t="аудиоверсия"><g v="NOUN"></g><g v="inan"></g><g v="femn"></g><g v="sing"></g><g v="loct"></g></l></v></tfr></token><token id="616879" text="уже"><tfr rev_id="2692743" t="уже"><v><l id="355422" t="уж"><g v="NOUN"></g><g v="anim"></g><g v="masc"></g><g v="sing"></g><g v="loct"></g></l></v><v><l id="355498" t="уже"><g v="ADVB"></g></l></v><v><l id="355674" t="уже"><g v="COMP"></g><g v="Qual"></g></l></v><v><l id="388673" t="уже"><g v="PRCL"></g></l></v></tfr></token><token id="616880" text="есть"><tfr rev_id="4394438" t="есть"><v><l id="37265" t="есть"><g v="VERB"></g><g v="impf"></g><g v="intr"></g><g v="sing"></g><g v="3per"></g><g v="pres"></g><g v="indc"></g></l></v><v><l id="37265" t="есть"><g v="VERB"></g><g v="impf"></g><g v="intr"></g><g v="plur"></g><g v="3per"></g><g v="pres"></g><g v="indc"></g></l></v></tfr></token><token id="616881" text="."><tfr rev_id="1449128" t="."><v><l id="0" t="."><g v="PNCT"></g></l></v></tfr></token></tokens></sentence></paragraph><paragraph id="11010"><sentence id="34529"><source>Что же касается планов «Живи!» относительно проекта, согласно словам Юрия Кацмана, он будет выходить на одном из ресурсов медиагруппы, скорее всего, это будет интернет-портал F5.</source><tokens><token id="616882" text="Что"><tfr rev_id="3196945" t="Что"><v><l id="377004" t="что"><g v="CONJ"></g></l></v><v><l id="377005" t="что"><g v="NPRO"></g><g v="neut"></g><g v="sing"></g><g v="nomn"></g></l></v><v><l id="377005" t="что"><g v="NPRO"></g><g v="neut"></g><g v="sing"></g><g v="accs"></g></l></v><v><l id="377006" t="что"><g v="ADVB"></g><g v="Ques"></g></l></v><v><l id="388695" t="что"><g v="PRCL"></g></l></v></tfr></token><token id="616883" text="же"><tfr rev_id="1449130" t="же"><v><l id="96208" t="же"><g v="CONJ"></g></l></v><v><l id="96209" t="же"><g v="PRCL"></g></l></v></tfr></token><token id="616884" text="касается"><tfr rev_id="1449131" t="касается"><v><l id="130961" t="касаюсь"><g v="VERB"></g><g v="impf"></g><g v="intr"></g><g v="sing"></g><g v="3per"></g><g v="pres"></g><g v="indc"></g></l></v></tfr></token><token id="616885" text="планов"><tfr rev_id="1449132" t="планов"><v><l id="239677" t="план"><g v="NOUN"></g><g v="inan"></g><g v="masc"></g><g v="plur"></g><g v="gent"></g></l></v></tfr></token><token id="616886" text="«"><tfr rev_id="2444170" t="«"><v><l id="0" t="«"><g v="PNCT"></g></l></v></tfr></token><token id="616887" text="Живи"><tfr rev_id="1449134" t="Живи"><v><l id="96995" t="живлю"><g v="VERB"></g><g v="impf"></g><g v="tran"></g><g v="sing"></g><g v="impr"></g><g v="excl"></g></l></v><v><l id="97603" t="живу"><g v="VERB"></g><g v="impf"></g><g v="intr"></g><g v="sing"></g><g v="impr"></g><g v="excl"></g></l></v></tfr></token><token id="616888" text="!"><tfr rev_id="1449135" t="!"><v><l id="0" t="!"><g v="PNCT"></g></l></v></tfr></token><token id="616889" text="»"><tfr rev_id="2444171" t="»"><v><l id="0" t="»"><g v="PNCT"></g></l></v></tfr></token><token id="616890" text="относительно"><tfr rev_id="4492495" t="относительно"><v><l id="215910" t="относительно"><g v="PREP"></g></l></v></tfr></token><token id="616891" text="проекта"><tfr rev_id="1449138" t="проекта"><v><l id="279545" t="проект"><g v="NOUN"></g><g v="inan"></g><g v="masc"></g><g v="sing"></g><g v="gent"></g></l></v></tfr></token><token id="616892" text=","><tfr rev_id="1449139" t=","><v><l id="0" t=","><g v="PNCT"></g></l></v></tfr></token><token id="616893" text="согласно"><tfr rev_id="4491995" t="согласно"><v><l id="328255" t="согласно"><g v="PREP"></g></l></v></tfr></token><token id="616894" text="словам"><tfr rev_id="1449141" t="словам"><v><l id="325168" t="слово"><g v="NOUN"></g><g v="inan"></g><g v="neut"></g><g v="plur"></g><g v="datv"></g></l></v></tfr></token><token id="616895" text="Юрия"><tfr rev_id="2826739" t="Юрия"><v><l id="387110" t="юрий"><g v="NOUN"></g><g v="anim"></g><g v="masc"></g><g v="Name"></g><g v="sing"></g><g v="gent"></g></l></v></tfr></token><token id="616896" text="Кацмана"><tfr rev_id="1449143" t="Кацмана"><v><l id="0" t="кацмана"><g v="UNKN"></g></l></v></tfr></token><token id="616897" text=","><tfr rev_id="1449144" t=","><v><l id="0" t=","><g v="PNCT"></g></l></v></tfr></token><token id="616898" text="он"><tfr rev_id="3575614" t="он"><v><l id="206541" t="он"><g v="NPRO"></g><g v="masc"></g><g v="3per"></g><g v="Anph"></g><g v="sing"></g><g v="nomn"></g></l></v></tfr></token><token id="616899" text="будет"><tfr rev_id="1449146" t="будет"><v><l id="37265" t="есть"><g v="VERB"></g><g v="impf"></g><g v="intr"></g><g v="sing"></g><g v="3per"></g><g v="futr"></g><g v="indc"></g></l></v></tfr></token><token id="616900" text="выходить"><tfr rev_id="1449147" t="выходить"><v><l id="63963" t="выходить"><g v="INFN"></g><g v="impf"></g><g v="intr"></g></l></v><v><l id="63968" t="выходить"><g v="INFN"></g><g v="perf"></g><g v="tran"></g></l></v></tfr></token><token id="616901" text="на"><tfr rev_id="3343071" t="на"><v><l id="166264" t="на"><g v="PREP"></g></l></v></tfr></token><token id="616902" text="одном"><tfr rev_id="4301550" t="одном"><v><l id="203319" t="один"><g v="ADJF"></g><g v="Apro"></g><g v="Anum"></g><g v="masc"></g><g v="sing"></g><g v="loct"></g></l></v></tfr></token><token id="616903" text="из"><tfr rev_id="1671342" t="из"><v><l id="117677" t="из"><g v="PREP"></g></l></v></tfr></token><token id="616904" text="ресурсов"><tfr rev_id="1449151" t="ресурсов"><v><l id="306872" t="ресурс"><g v="NOUN"></g><g v="inan"></g><g v="masc"></g><g v="plur"></g><g v="gent"></g></l></v></tfr></token><token id="616905" text="медиагруппы"><tfr rev_id="4337863" t="медиагруппы"><v><l id="390308" t="медиагруппа"><g v="NOUN"></g><g v="inan"></g><g v="femn"></g><g v="sing"></g><g v="gent"></g></l></v></tfr></token><token id="616906" text=","><tfr rev_id="1449153" t=","><v><l id="0" t=","><g v="PNCT"></g></l></v></tfr></token><token id="616907" text="скорее"><tfr rev_id="3423645" t="скорее"><v><l id="323379" t="скорее"><g v="COMP"></g><g v="Qual"></g></l></v><v><l id="388718" t="скорее"><g v="CONJ"></g><g v="Prnt"></g></l></v></tfr></token><token id="616908" text="всего"><tfr rev_id="4515670" t="всего"><v><l id="42156" t="весь"><g v="ADJF"></g><g v="Subx"></g><g v="Apro"></g><g v="neut"></g><g v="sing"></g><g v="gent"></g></l></v></tfr></token><token id="616909" text=","><tfr rev_id="1449156" t=","><v><l id="0" t=","><g v="PNCT"></g></l></v></tfr></token><token id="616910" text="это"><tfr rev_id="4441579" t="это"><v><l id="386574" t="это"><g v="PRCL"></g></l></v><v><l id="386575" t="это"><g v="NPRO"></g><g v="neut"></g><g v="sing"></g><g v="nomn"></g></l></v><v><l id="386575" t="это"><g v="NPRO"></g><g v="neut"></g><g v="sing"></g><g v="accs"></g></l></v><v><l id="386581" t="этот"><g v="ADJF"></g><g v="Subx"></g><g v="Apro"></g><g v="Anph"></g><g v="neut"></g><g v="sing"></g><g v="nomn"></g></l></v><v><l id="386581" t="этот"><g v="ADJF"></g><g v="Subx"></g><g v="Apro"></g><g v="Anph"></g><g v="neut"></g><g v="sing"></g><g v="accs"></g></l></v></tfr></token><token id="616911" text="будет"><tfr rev_id="1449158" t="будет"><v><l id="37265" t="есть"><g v="VERB"></g><g v="impf"></g><g v="intr"></g><g v="sing"></g><g v="3per"></g><g v="futr"></g><g v="indc"></g></l></v></tfr></token><token id="616912" text="интернет-портал"><tfr rev_id="4539825" t="интернет-портал"><v><l id="392418" t="интернет-портал"><g v="NOUN"></g><g v="inan"></g><g v="masc"></g><g v="sing"></g><g v="accs"></g></l></v><v><l id="392418" t="интернет-портал"><g v="NOUN"></g><g v="inan"></g><g v="masc"></g><g v="sing"></g><g v="nomn"></g></l></v></tfr></token><token id="616913" text="F5"><tfr rev_id="1449160" t="F5"><v><l id="0" t="F5"><g v="UNKN"></g></l></v></tfr></token><token id="616914" text="."><tfr rev_id="1449161" t="."><v><l id="0" t="."><g v="PNCT"></g></l></v></tfr></token></tokens></sentence><sentence id="34530"><source>Показ первого выпуска «Поэта и гражданина» запланирован на 18 апреля.</source><tokens><token id="616915" text="Показ"><tfr rev_id="1449162" t="Показ"><v><l id="253975" t="показ"><g v="NOUN"></g><g v="inan"></g><g v="masc"></g><g v="sing"></g><g v="nomn"></g></l></v><v><l id="253975" t="показ"><g v="NOUN"></g><g v="inan"></g><g v="masc"></g><g v="sing"></g><g v="accs"></g></l></v></tfr></token><token id="616916" text="первого"><tfr rev_id="4306748" t="первого"><v><l id="226359" t="первый"><g v="ADJF"></g><g v="Anum"></g><g v="masc"></g><g v="sing"></g><g v="gent"></g></l></v><v><l id="226359" t="первый"><g v="ADJF"></g><g v="Anum"></g><g v="anim"></g><g v="masc"></g><g v="sing"></g><g v="accs"></g></l></v></tfr></token><token id="616917" text="выпуска"><tfr rev_id="1449164" t="выпуска"><v><l id="60996" t="выпуск"><g v="NOUN"></g><g v="inan"></g><g v="masc"></g><g v="sing"></g><g v="gent"></g></l></v></tfr></token><token id="616918" text="«"><tfr rev_id="2444172" t="«"><v><l id="0" t="«"><g v="PNCT"></g></l></v></tfr></token><token id="616919" text="Поэта"><tfr rev_id="4215986" t="Поэта"><v><l id="265453" t="поэт"><g v="NOUN"></g><g v="anim"></g><g v="masc"></g><g v="sing"></g><g v="gent"></g></l></v></tfr></token><token id="616920" text="и"><tfr rev_id="3557696" t="и"><v><l id="116949" t="и"><g v="CONJ"></g></l></v></tfr></token><token id="616921" text="гражданина"><tfr rev_id="3701872" t="гражданина"><v><l id="74521" t="гражданин"><g v="NOUN"></g><g v="anim"></g><g v="masc"></g><g v="sing"></g><g v="gent"></g></l></v></tfr></token><token id="616922" text="»"><tfr rev_id="2444173" t="»"><v><l id="0" t="»"><g v="PNCT"></g></l></v></tfr></token><token id="616923" text="запланирован"><tfr rev_id="1449170" t="запланирован"><v><l id="107370" t="запланирован"><g v="PRTS"></g><g v="perf"></g><g v="past"></g><g v="pssv"></g><g v="masc"></g><g v="sing"></g></l></v></tfr></token><token id="616924" text="на"><tfr rev_id="3344092" t="на"><v><l id="166264" t="на"><g v="PREP"></g></l></v></tfr></token><token id="616925" text="18"><tfr rev_id="2461872" t="18"><v><l id="0" t="18"><g v="NUMB"></g></l></v></tfr></token><token id="616926" text="апреля"><tfr rev_id="1449173" t="апреля"><v><l id="15509" t="апрель"><g v="NOUN"></g><g v="inan"></g><g v="masc"></g><g v="sing"></g><g v="gent"></g></l></v></tfr></token><token id="616927" text="."><tfr rev_id="1449174" t="."><v><l id="0" t="."><g v="PNCT"></g></l></v></tfr></token></tokens></sentence></paragraph><paragraph id="11011"><sentence id="34531"><source>«Поэт и гражданин» — сатирический проект, в котором актёр Михаил Ефремов читает стихи Дмитрия Быкова, написанные на актуальные политические темы и стилизованные под произведения поэтов-классиков.</source><tokens><token id="616928" text="«"><tfr rev_id="2444174" t="«"><v><l id="0" t="«"><g v="PNCT"></g></l></v></tfr></token><token id="616929" text="Поэт"><tfr rev_id="1449176" t="Поэт"><v><l id="265453" t="поэт"><g v="NOUN"></g><g v="anim"></g><g v="masc"></g><g v="sing"></g><g v="nomn"></g></l></v></tfr></token><token id="616930" text="и"><tfr rev_id="1449177" t="и"><v><l id="116949" t="и"><g v="CONJ"></g></l></v><v><l id="116950" t="и"><g v="INTJ"></g></l></v></tfr></token><token id="616931" text="гражданин"><tfr rev_id="1449178" t="гражданин"><v><l id="74521" t="гражданин"><g v="NOUN"></g><g v="anim"></g><g v="masc"></g><g v="sing"></g><g v="nomn"></g></l></v></tfr></token><token id="616932" text="»"><tfr rev_id="2444175" t="»"><v><l id="0" t="»"><g v="PNCT"></g></l></v></tfr></token><token id="616933" text="—"><tfr rev_id="2444176" t="—"><v><l id="0" t="—"><g v="PNCT"></g></l></v></tfr></token><token id="616934" text="сатирический"><tfr rev_id="1449181" t="сатирический"><v><l id="313844" t="сатирический"><g v="ADJF"></g><g v="masc"></g><g v="sing"></g><g v="nomn"></g></l></v><v><l id="313844" t="сатирический"><g v="ADJF"></g><g v="inan"></g><g v="masc"></g><g v="sing"></g><g v="accs"></g></l></v></tfr></token><token id="616935" text="проект"><tfr rev_id="4348470" t="проект"><v><l id="279545" t="проект"><g v="NOUN"></g><g v="inan"></g><g v="masc"></g><g v="sing"></g><g v="nomn"></g></l></v></tfr></token><token id="616936" text=","><tfr rev_id="1449183" t=","><v><l id="0" t=","><g v="PNCT"></g></l></v></tfr></token><token id="616937" text="в"><tfr rev_id="1449184" t="в"><v><l id="37409" t="в"><g v="PREP"></g></l></v></tfr></token><token id="616938" text="котором"><tfr rev_id="3722339" t="котором"><v><l id="141203" t="который"><g v="ADJF"></g><g v="Apro"></g><g v="Subx"></g><g v="Anph"></g><g v="masc"></g><g v="sing"></g><g v="loct"></g></l></v><v><l id="141203" t="который"><g v="ADJF"></g><g v="Apro"></g><g v="Subx"></g><g v="Anph"></g><g v="neut"></g><g v="sing"></g><g v="loct"></g></l></v></tfr></token><token id="616939" text="актёр"><tfr rev_id="1449186" t="актёр"><v><l id="7567" t="актёр"><g v="NOUN"></g><g v="anim"></g><g v="masc"></g><g v="sing"></g><g v="nomn"></g></l></v></tfr></token><token id="616940" text="Михаил"><tfr rev_id="1449187" t="Михаил"><v><l id="161195" t="михаил"><g v="NOUN"></g><g v="anim"></g><g v="masc"></g><g v="Name"></g><g v="sing"></g><g v="nomn"></g></l></v></tfr></token><token id="616941" text="Ефремов"><tfr rev_id="3439911" t="Ефремов"><v><l id="95487" t="ефремов"><g v="NOUN"></g><g v="inan"></g><g v="masc"></g><g v="Geox"></g><g v="sing"></g><g v="nomn"></g></l></v><v><l id="95487" t="ефремов"><g v="NOUN"></g><g v="inan"></g><g v="masc"></g><g v="Geox"></g><g v="sing"></g><g v="accs"></g></l></v><v><l id="95488" t="ефремов"><g v="NOUN"></g><g v="anim"></g><g v="masc"></g><g v="Sgtm"></g><g v="Surn"></g><g v="sing"></g><g v="nomn"></g></l></v></tfr></token><token id="616942" text="читает"><tfr rev_id="1449189" t="читает"><v><l id="376719" t="читаю"><g v="VERB"></g><g v="impf"></g><g v="tran"></g><g v="sing"></g><g v="3per"></g><g v="pres"></g><g v="indc"></g></l></v></tfr></token><token id="616943" text="стихи"><tfr rev_id="2930867" t="стихи"><v><l id="336309" t="стих"><g v="NOUN"></g><g v="inan"></g><g v="masc"></g><g v="plur"></g><g v="accs"></g></l></v></tfr></token><token id="616944" text="Дмитрия"><tfr rev_id="4356511" t="Дмитрия"><v><l id="85055" t="дмитрий"><g v="NOUN"></g><g v="anim"></g><g v="masc"></g><g v="Name"></g><g v="sing"></g><g v="gent"></g></l></v></tfr></token><token id="616945" text="Быкова"><tfr rev_id="4292981" t="Быкова"><v><l id="37017" t="быков"><g v="NOUN"></g><g v="anim"></g><g v="masc"></g><g v="Sgtm"></g><g v="Surn"></g><g v="sing"></g><g v="gent"></g></l></v><v><l id="37017" t="быков"><g v="NOUN"></g><g v="anim"></g><g v="masc"></g><g v="Sgtm"></g><g v="Surn"></g><g v="sing"></g><g v="accs"></g></l></v></tfr></token><token id="616946" text=","><tfr rev_id="1449193" t=","><v><l id="0" t=","><g v="PNCT"></g></l></v></tfr></token><token id="616947" text="написанные"><tfr rev_id="1449194" t="написанные"><v><l id="173437" t="написанный"><g v="PRTF"></g><g v="perf"></g><g v="tran"></g><g v="past"></g><g v="pssv"></g><g v="plur"></g><g v="nomn"></g></l></v><v><l id="173437" t="написанный"><g v="PRTF"></g><g v="perf"></g><g v="tran"></g><g v="past"></g><g v="pssv"></g><g v="inan"></g><g v="plur"></g><g v="accs"></g></l></v></tfr></token><token id="616948" text="на"><tfr rev_id="3330655" t="на"><v><l id="166264" t="на"><g v="PREP"></g></l></v></tfr></token><token id="616949" text="актуальные"><tfr rev_id="3767296" t="актуальные"><v><l id="7744" t="актуальный"><g v="ADJF"></g><g v="Qual"></g><g v="inan"></g><g v="plur"></g><g v="accs"></g></l></v></tfr></token><token id="616950" text="политические"><tfr rev_id="4086577" t="политические"><v><l id="255870" t="политический"><g v="ADJF"></g><g v="inan"></g><g v="plur"></g><g v="accs"></g></l></v></tfr></token><token id="616951" text="темы"><tfr rev_id="3807694" t="темы"><v><l id="344450" t="тема"><g v="NOUN"></g><g v="inan"></g><g v="femn"></g><g v="plur"></g><g v="accs"></g></l></v></tfr></token><token id="616952" text="и"><tfr rev_id="1449199" t="и"><v><l id="116949" t="и"><g v="CONJ"></g></l></v><v><l id="116950" t="и"><g v="INTJ"></g></l></v></tfr></token><token id="616953" text="стилизованные"><tfr rev_id="1449200" t="стилизованные"><v><l id="336159" t="стилизованный"><g v="ADJF"></g><g v="Qual"></g><g v="plur"></g><g v="nomn"></g></l></v><v><l id="336159" t="стилизованный"><g v="ADJF"></g><g v="Qual"></g><g v="inan"></g><g v="plur"></g><g v="accs"></g></l></v><v><l id="336170" t="стилизованный"><g v="PRTF"></g><g v="perf"></g><g v="tran"></g><g v="past"></g><g v="pssv"></g><g v="plur"></g><g v="nomn"></g></l></v><v><l id="336170" t="стилизованный"><g v="PRTF"></g><g v="perf"></g><g v="tran"></g><g v="past"></g><g v="pssv"></g><g v="inan"></g><g v="plur"></g><g v="accs"></g></l></v><v><l id="336171" t="стилизованный"><g v="PRTF"></g><g v="impf"></g><g v="tran"></g><g v="past"></g><g v="pssv"></g><g v="plur"></g><g v="nomn"></g></l></v><v><l id="336171" t="стилизованный"><g v="PRTF"></g><g v="impf"></g><g v="tran"></g><g v="past"></g><g v="pssv"></g><g v="inan"></g><g v="plur"></g><g v="accs"></g></l></v></tfr></token><token id="616954" text="под"><tfr rev_id="2602986" t="под"><v><l id="243755" t="под"><g v="PREP"></g></l></v></tfr></token><token id="616955" text="произведения"><tfr rev_id="3744211" t="произведения"><v><l id="280082" t="произведение"><g v="NOUN"></g><g v="inan"></g><g v="neut"></g><g v="plur"></g><g v="accs"></g></l></v></tfr></token><token id="616956" text="поэтов"><tfr rev_id="3540889" t="поэтов"><v><l id="265453" t="поэт"><g v="NOUN"></g><g v="anim"></g><g v="masc"></g><g v="plur"></g><g v="gent"></g></l></v></tfr></token><token id="616957" text="-"><tfr rev_id="1449204" t="-"><v><l id="0" t="-"><g v="PNCT"></g></l></v></tfr></token><token id="616958" text="классиков"><tfr rev_id="4328171" t="классиков"><v><l id="133890" t="классик"><g v="NOUN"></g><g v="anim"></g><g v="masc"></g><g v="plur"></g><g v="gent"></g></l></v></tfr></token><token id="616959" text="."><tfr rev_id="1449206" t="."><v><l id="0" t="."><g v="PNCT"></g></l></v></tfr></token></tokens></sentence><sentence id="34532"><source>С середины февраля программы цикла выходили на телеканале «Дождь».</source><tokens><token id="616960" text="С"><tfr rev_id="1449207" t="С"><v><l id="311151" t="с"><g v="PREP"></g></l></v></tfr></token><token id="616961" text="середины"><tfr rev_id="3444532" t="середины"><v><l id="319232" t="середина"><g v="NOUN"></g><g v="inan"></g><g v="femn"></g><g v="sing"></g><g v="gent"></g></l></v></tfr></token><token id="616962" text="февраля"><tfr rev_id="1449209" t="февраля"><v><l id="364920" t="февраль"><g v="NOUN"></g><g v="inan"></g><g v="masc"></g><g v="sing"></g><g v="gent"></g></l></v></tfr></token><token id="616963" text="программы"><tfr rev_id="3805967" t="программы"><v><l id="278686" t="программа"><g v="NOUN"></g><g v="inan"></g><g v="femn"></g><g v="plur"></g><g v="nomn"></g></l></v></tfr></token><token id="616964" text="цикла"><tfr rev_id="1449211" t="цикла"><v><l id="373831" t="цикл"><g v="NOUN"></g><g v="inan"></g><g v="masc"></g><g v="sing"></g><g v="gent"></g></l></v></tfr></token><token id="616965" text="выходили"><tfr rev_id="1449212" t="выходили"><v><l id="63962" t="выхожу"><g v="VERB"></g><g v="impf"></g><g v="intr"></g><g v="plur"></g><g v="past"></g><g v="indc"></g></l></v><v><l id="63967" t="выходил"><g v="VERB"></g><g v="perf"></g><g v="tran"></g><g v="plur"></g><g v="past"></g><g v="indc"></g></l></v></tfr></token><token id="616966" text="на"><tfr rev_id="3343832" t="на"><v><l id="166264" t="на"><g v="PREP"></g></l></v></tfr></token><token id="616967" text="телеканале"><tfr rev_id="1449214" t="телеканале"><v><l id="344167" t="телеканал"><g v="NOUN"></g><g v="inan"></g><g v="masc"></g><g v="sing"></g><g v="loct"></g></l></v></tfr></token><token id="616968" text="«"><tfr rev_id="2444177" t="«"><v><l id="0" t="«"><g v="PNCT"></g></l></v></tfr></token><token id="616969" text="Дождь"><tfr rev_id="1449216" t="Дождь"><v><l id="86651" t="дождь"><g v="NOUN"></g><g v="inan"></g><g v="masc"></g><g v="sing"></g><g v="nomn"></g></l></v><v><l id="86651" t="дождь"><g v="NOUN"></g><g v="inan"></g><g v="masc"></g><g v="sing"></g><g v="accs"></g></l></v></tfr></token><token id="616970" text="»"><tfr rev_id="2444178" t="»"><v><l id="0" t="»"><g v="PNCT"></g></l></v></tfr></token><token id="616971" text="."><tfr rev_id="1449218" t="."><v><l id="0" t="."><g v="PNCT"></g></l></v></tfr></token></tokens></sentence><sentence id="34533"><source>В эфир попали пять выпусков, а шестой был снят генеральным директором телеканала Натальей Синдеевой.</source><tokens><token id="616972" text="В"><tfr rev_id="1449219" t="В"><v><l id="37409" t="в"><g v="PREP"></g></l></v></tfr></token><token id="616973" text="эфир"><tfr rev_id="2782488" t="эфир"><v><l id="386632" t="эфир"><g v="NOUN"></g><g v="inan"></g><g v="masc"></g><g v="sing"></g><g v="accs"></g></l></v></tfr></token><token id="616974" text="попали"><tfr rev_id="1449221" t="попали"><v><l id="258981" t="попалил"><g v="VERB"></g><g v="perf"></g><g v="tran"></g><g v="sing"></g><g v="impr"></g><g v="excl"></g></l></v><v><l id="258987" t="попалил"><g v="VERB"></g><g v="perf"></g><g v="intr"></g><g v="sing"></g><g v="impr"></g><g v="excl"></g></l></v><v><l id="259025" t="попал"><g v="VERB"></g><g v="perf"></g><g v="intr"></g><g v="plur"></g><g v="past"></g><g v="indc"></g></l></v></tfr></token><token id="616975" text="пять"><tfr rev_id="1449222" t="пять"><v><l id="290440" t="пять"><g v="NUMR"></g><g v="nomn"></g></l></v><v><l id="290440" t="пять"><g v="NUMR"></g><g v="accs"></g></l></v></tfr></token><token id="616976" text="выпусков"><tfr rev_id="1449223" t="выпусков"><v><l id="60996" t="выпуск"><g v="NOUN"></g><g v="inan"></g><g v="masc"></g><g v="plur"></g><g v="gent"></g></l></v></tfr></token><token id="616977" text=","><tfr rev_id="1449224" t=","><v><l id="0" t=","><g v="PNCT"></g></l></v></tfr></token><token id="616978" text="а"><tfr rev_id="3487572" t="а"><v><l id="51" t="а"><g v="CONJ"></g></l></v></tfr></token><token id="616979" text="шестой"><tfr rev_id="4015257" t="шестой"><v><l id="379417" t="шестой"><g v="ADJF"></g><g v="Anum"></g><g v="masc"></g><g v="sing"></g><g v="nomn"></g></l></v><v><l id="379417" t="шестой"><g v="ADJF"></g><g v="Anum"></g><g v="inan"></g><g v="masc"></g><g v="sing"></g><g v="accs"></g></l></v></tfr></token><token id="616980" text="был"><tfr rev_id="1449227" t="был"><v><l id="37265" t="есть"><g v="VERB"></g><g v="impf"></g><g v="intr"></g><g v="masc"></g><g v="sing"></g><g v="past"></g><g v="indc"></g></l></v></tfr></token><token id="616981" text="снят"><tfr rev_id="1449228" t="снят"><v><l id="327590" t="снят"><g v="ADJS"></g><g v="Qual"></g><g v="masc"></g><g v="sing"></g></l></v><v><l id="327597" t="снят"><g v="PRTS"></g><g v="perf"></g><g v="past"></g><g v="pssv"></g><g v="masc"></g><g v="sing"></g></l></v></tfr></token><token id="616982" text="генеральным"><tfr rev_id="4171961" t="генеральным"><v><l id="68532" t="генеральный"><g v="ADJF"></g><g v="masc"></g><g v="sing"></g><g v="ablt"></g></l></v></tfr></token><token id="616983" text="директором"><tfr rev_id="1449230" t="директором"><v><l id="84214" t="директор"><g v="NOUN"></g><g v="anim"></g><g v="masc"></g><g v="sing"></g><g v="ablt"></g></l></v></tfr></token><token id="616984" text="телеканала"><tfr rev_id="1449231" t="телеканала"><v><l id="344167" t="телеканал"><g v="NOUN"></g><g v="inan"></g><g v="masc"></g><g v="sing"></g><g v="gent"></g></l></v></tfr></token><token id="616985" text="Натальей"><tfr rev_id="1449232" t="Натальей"><v><l id="176736" t="наталья"><g v="NOUN"></g><g v="anim"></g><g v="femn"></g><g v="Name"></g><g v="sing"></g><g v="ablt"></g></l></v></tfr></token><token id="616986" text="Синдеевой"><tfr rev_id="4576301" t="Синдеевой"><v><l id="390284" t="синдеева"><g v="NOUN"></g><g v="anim"></g><g v="femn"></g><g v="Sgtm"></g><g v="Surn"></g><g v="sing"></g><g v="ablt"></g></l></v></tfr></token><token id="616987" text="."><tfr rev_id="1449234" t="."><v><l id="0" t="."><g v="PNCT"></g></l></v></tfr></token></tokens></sentence></paragraph><paragraph id="11012"><sentence id="34534"><source>Последний выпуск был посвящён высказываниям Владимира Путина и Дмитрия Медведева о военной операции международной коалиции в Ливии.</source><tokens><token id="616988" text="Последний"><tfr rev_id="1449235" t="Последний"><v><l id="261565" t="последний"><g v="ADJF"></g><g v="masc"></g><g v="sing"></g><g v="nomn"></g></l></v><v><l id="261565" t="последний"><g v="ADJF"></g><g v="inan"></g><g v="masc"></g><g v="sing"></g><g v="accs"></g></l></v></tfr></token><token id="616989" text="выпуск"><tfr rev_id="1449236" t="выпуск"><v><l id="60996" t="выпуск"><g v="NOUN"></g><g v="inan"></g><g v="masc"></g><g v="sing"></g><g v="nomn"></g></l></v><v><l id="60996" t="выпуск"><g v="NOUN"></g><g v="inan"></g><g v="masc"></g><g v="sing"></g><g v="accs"></g></l></v></tfr></token><token id="616990" text="был"><tfr rev_id="1449237" t="был"><v><l id="37265" t="есть"><g v="VERB"></g><g v="impf"></g><g v="intr"></g><g v="masc"></g><g v="sing"></g><g v="past"></g><g v="indc"></g></l></v></tfr></token><token id="616991" text="посвящён"><tfr rev_id="1449238" t="посвящён"><v><l id="261153" t="посвящён"><g v="PRTS"></g><g v="perf"></g><g v="past"></g><g v="pssv"></g><g v="masc"></g><g v="sing"></g></l></v></tfr></token><token id="616992" text="высказываниям"><tfr rev_id="1449239" t="высказываниям"><v><l id="61886" t="высказывание"><g v="NOUN"></g><g v="inan"></g><g v="neut"></g><g v="plur"></g><g v="datv"></g></l></v></tfr></token><token id="616993" text="Владимира"><tfr rev_id="4337128" t="Владимира"><v><l id="46610" t="владимир"><g v="NOUN"></g><g v="anim"></g><g v="masc"></g><g v="Name"></g><g v="sing"></g><g v="gent"></g></l></v></tfr></token><token id="616994" text="Путина"><tfr rev_id="4398384" t="Путина"><v><l id="289589" t="путин"><g v="NOUN"></g><g v="anim"></g><g v="masc"></g><g v="Sgtm"></g><g v="Surn"></g><g v="sing"></g><g v="gent"></g></l></v></tfr></token><token id="616995" text="и"><tfr rev_id="1449242" t="и"><v><l id="116949" t="и"><g v="CONJ"></g></l></v><v><l id="116950" t="и"><g v="INTJ"></g></l></v></tfr></token><token id="616996" text="Дмитрия"><tfr rev_id="4285109" t="Дмитрия"><v><l id="85055" t="дмитрий"><g v="NOUN"></g><g v="anim"></g><g v="masc"></g><g v="Name"></g><g v="sing"></g><g v="gent"></g></l></v><v><l id="85055" t="дмитрий"><g v="NOUN"></g><g v="anim"></g><g v="masc"></g><g v="Name"></g><g v="sing"></g><g v="accs"></g></l></v></tfr></token><token id="616997" text="Медведева"><tfr rev_id="4496786" t="Медведева"><v><l id="156959" t="медведев"><g v="NOUN"></g><g v="anim"></g><g v="masc"></g><g v="Sgtm"></g><g v="Surn"></g><g v="sing"></g><g v="gent"></g></l></v><v><l id="156959" t="медведев"><g v="NOUN"></g><g v="anim"></g><g v="masc"></g><g v="Sgtm"></g><g v="Surn"></g><g v="sing"></g><g v="accs"></g></l></v></tfr></token><token id="616998" text="о"><tfr rev_id="3326451" t="о"><v><l id="192977" t="о"><g v="PREP"></g></l></v></tfr></token><token id="616999" text="военной"><tfr rev_id="4494038" t="военной"><v><l id="48619" t="военный"><g v="ADJF"></g><g v="femn"></g><g v="sing"></g><g v="loct"></g></l></v></tfr></token><token id="617000" text="операции"><tfr rev_id="3764822" t="операции"><v><l id="206957" t="операция"><g v="NOUN"></g><g v="inan"></g><g v="femn"></g><g v="sing"></g><g v="loct"></g></l></v></tfr></token><token id="617001" text="международной"><tfr rev_id="4425633" t="международной"><v><l id="157346" t="международный"><g v="ADJF"></g><g v="femn"></g><g v="sing"></g><g v="gent"></g></l></v></tfr></token><token id="617002" text="коалиции"><tfr rev_id="3507472" t="коалиции"><v><l id="134963" t="коалиция"><g v="NOUN"></g><g v="inan"></g><g v="femn"></g><g v="sing"></g><g v="gent"></g></l></v><v><l id="134963" t="коалиция"><g v="NOUN"></g><g v="inan"></g><g v="femn"></g><g v="sing"></g><g v="datv"></g></l></v><v><l id="134963" t="коалиция"><g v="NOUN"></g><g v="inan"></g><g v="femn"></g><g v="sing"></g><g v="loct"></g></l></v></tfr></token><token id="617003" text="в"><tfr rev_id="1449250" t="в"><v><l id="37409" t="в"><g v="PREP"></g></l></v></tfr></token><token id="617004" text="Ливии"><tfr rev_id="3454927" t="Ливии"><v><l id="148960" t="ливия"><g v="NOUN"></g><g v="inan"></g><g v="femn"></g><g v="Sgtm"></g><g v="Geox"></g><g v="sing"></g><g v="loct"></g></l></v></tfr></token><token id="617005" text="."><tfr rev_id="1449252" t="."><v><l id="0" t="."><g v="PNCT"></g></l></v></tfr></token></tokens></sentence><sentence id="34535"><source>Наталья Синдеева объяснила решение об исключении выпуска из сетки тем, что, по её мнению, в тексте был превышен «предел допустимой конструктивной критики».</source><tokens><token id="617006" text="Наталья"><tfr rev_id="1449253" t="Наталья"><v><l id="176736" t="наталья"><g v="NOUN"></g><g v="anim"></g><g v="femn"></g><g v="Name"></g><g v="sing"></g><g v="nomn"></g></l></v></tfr></token><token id="617007" text="Синдеева"><tfr rev_id="4306388" t="Синдеева"><v><l id="390284" t="синдеева"><g v="NOUN"></g><g v="anim"></g><g v="femn"></g><g v="Sgtm"></g><g v="Surn"></g><g v="sing"></g><g v="nomn"></g></l></v></tfr></token><token id="617008" text="объяснила"><tfr rev_id="1449255" t="объяснила"><v><l id="201923" t="объяснил"><g v="VERB"></g><g v="perf"></g><g v="tran"></g><g v="femn"></g><g v="sing"></g><g v="past"></g><g v="indc"></g></l></v></tfr></token><token id="617009" text="решение"><tfr rev_id="1449256" t="решение"><v><l id="307350" t="решение"><g v="NOUN"></g><g v="inan"></g><g v="neut"></g><g v="sing"></g><g v="nomn"></g></l></v><v><l id="307350" t="решение"><g v="NOUN"></g><g v="inan"></g><g v="neut"></g><g v="sing"></g><g v="accs"></g></l></v></tfr></token><token id="617010" text="об"><tfr rev_id="2921232" t="об"><v><l id="192977" t="о"><g v="PREP"></g><g v="Vpre"></g></l></v></tfr></token><token id="617011" text="исключении"><tfr rev_id="1449258" t="исключении"><v><l id="124356" t="исключение"><g v="NOUN"></g><g v="inan"></g><g v="neut"></g><g v="sing"></g><g v="loct"></g></l></v></tfr></token><token id="617012" text="выпуска"><tfr rev_id="1449259" t="выпуска"><v><l id="60996" t="выпуск"><g v="NOUN"></g><g v="inan"></g><g v="masc"></g><g v="sing"></g><g v="gent"></g></l></v></tfr></token><token id="617013" text="из"><tfr rev_id="2603270" t="из"><v><l id="117677" t="из"><g v="PREP"></g></l></v></tfr></token><token id="617014" text="сетки"><tfr rev_id="3471594" t="сетки"><v><l id="319611" t="сетка"><g v="NOUN"></g><g v="inan"></g><g v="femn"></g><g v="sing"></g><g v="gent"></g></l></v></tfr></token><token id="617015" text="тем"><tfr rev_id="4538765" t="тем"><v><l id="348430" t="тот"><g v="ADJF"></g><g v="Subx"></g><g v="Apro"></g><g v="Anph"></g><g v="masc"></g><g v="sing"></g><g v="ablt"></g></l></v><v><l id="348430" t="тот"><g v="ADJF"></g><g v="Subx"></g><g v="Apro"></g><g v="Anph"></g><g v="neut"></g><g v="sing"></g><g v="ablt"></g></l></v></tfr></token><token id="617016" text=","><tfr rev_id="1449263" t=","><v><l id="0" t=","><g v="PNCT"></g></l></v></tfr></token><token id="617017" text="что"><tfr rev_id="3196946" t="что"><v><l id="377004" t="что"><g v="CONJ"></g></l></v><v><l id="377005" t="что"><g v="NPRO"></g><g v="neut"></g><g v="sing"></g><g v="nomn"></g></l></v><v><l id="377005" t="что"><g v="NPRO"></g><g v="neut"></g><g v="sing"></g><g v="accs"></g></l></v><v><l id="377006" t="что"><g v="ADVB"></g><g v="Ques"></g></l></v><v><l id="388695" t="что"><g v="PRCL"></g></l></v></tfr></token><token id="617018" text=","><tfr rev_id="1449265" t=","><v><l id="0" t=","><g v="PNCT"></g></l></v></tfr></token><token id="617019" text="по"><tfr rev_id="1449266" t="по"><v><l id="241240" t="по"><g v="PREP"></g></l></v></tfr></token><token id="617020" text="её"><tfr rev_id="4515382" t="её"><v><l id="94433" t="её"><g v="ADJF"></g><g v="Fixd"></g><g v="Apro"></g><g v="Anph"></g><g v="neut"></g><g v="sing"></g><g v="nomn"></g></l></v><v><l id="94433" t="её"><g v="ADJF"></g><g v="Fixd"></g><g v="Apro"></g><g v="Anph"></g><g v="neut"></g><g v="sing"></g><g v="gent"></g></l></v><v><l id="94433" t="её"><g v="ADJF"></g><g v="Fixd"></g><g v="Apro"></g><g v="Anph"></g><g v="neut"></g><g v="sing"></g><g v="datv"></g></l></v><v><l id="94433" t="её"><g v="ADJF"></g><g v="Fixd"></g><g v="Apro"></g><g v="Anph"></g><g v="neut"></g><g v="sing"></g><g v="accs"></g></l></v><v><l id="94433" t="её"><g v="ADJF"></g><g v="Fixd"></g><g v="Apro"></g><g v="Anph"></g><g v="neut"></g><g v="sing"></g><g v="ablt"></g></l></v><v><l id="94433" t="её"><g v="ADJF"></g><g v="Fixd"></g><g v="Apro"></g><g v="Anph"></g><g v="neut"></g><g v="sing"></g><g v="loct"></g></l></v></tfr></token><token id="617021" text="мнению"><tfr rev_id="1449268" t="мнению"><v><l id="161395" t="мнение"><g v="NOUN"></g><g v="inan"></g><g v="neut"></g><g v="sing"></g><g v="datv"></g></l></v></tfr></token><token id="617022" text=","><tfr rev_id="1449269" t=","><v><l id="0" t=","><g v="PNCT"></g></l></v></tfr></token><token id="617023" text="в"><tfr rev_id="1449270" t="в"><v><l id="37409" t="в"><g v="PREP"></g></l></v></tfr></token><token id="617024" text="тексте"><tfr rev_id="1449271" t="тексте"><v><l id="344022" t="текст"><g v="NOUN"></g><g v="inan"></g><g v="masc"></g><g v="sing"></g><g v="loct"></g></l></v></tfr></token><token id="617025" text="был"><tfr rev_id="1449272" t="был"><v><l id="37265" t="есть"><g v="VERB"></g><g v="impf"></g><g v="intr"></g><g v="masc"></g><g v="sing"></g><g v="past"></g><g v="indc"></g></l></v></tfr></token><token id="617026" text="превышен"><tfr rev_id="1449273" t="превышен"><v><l id="266155" t="превышен"><g v="PRTS"></g><g v="perf"></g><g v="past"></g><g v="pssv"></g><g v="masc"></g><g v="sing"></g></l></v></tfr></token><token id="617027" text="«"><tfr rev_id="2444179" t="«"><v><l id="0" t="«"><g v="PNCT"></g></l></v></tfr></token><token id="617028" text="предел"><tfr rev_id="3430767" t="предел"><v><l id="266447" t="предел"><g v="NOUN"></g><g v="inan"></g><g v="masc"></g><g v="sing"></g><g v="nomn"></g></l></v></tfr></token><token id="617029" text="допустимой"><tfr rev_id="1449276" t="допустимой"><v><l id="89494" t="допустимый"><g v="ADJF"></g><g v="Qual"></g><g v="femn"></g><g v="sing"></g><g v="gent"></g></l></v><v><l id="89494" t="допустимый"><g v="ADJF"></g><g v="Qual"></g><g v="femn"></g><g v="sing"></g><g v="datv"></g></l></v><v><l id="89494" t="допустимый"><g v="ADJF"></g><g v="Qual"></g><g v="femn"></g><g v="sing"></g><g v="ablt"></g></l></v><v><l id="89494" t="допустимый"><g v="ADJF"></g><g v="Qual"></g><g v="femn"></g><g v="sing"></g><g v="loct"></g></l></v></tfr></token><token id="617030" text="конструктивной"><tfr rev_id="4167497" t="конструктивной"><v><l id="138266" t="конструктивный"><g v="ADJF"></g><g v="Qual"></g><g v="femn"></g><g v="sing"></g><g v="gent"></g></l></v></tfr></token><token id="617031" text="критики"><tfr rev_id="3441192" t="критики"><v><l id="142954" t="критика"><g v="NOUN"></g><g v="inan"></g><g v="femn"></g><g v="sing"></g><g v="gent"></g></l></v></tfr></token><token id="617032" text="»"><tfr rev_id="2444180" t="»"><v><l id="0" t="»"><g v="PNCT"></g></l></v></tfr></token><token id="617033" text="."><tfr rev_id="1449280" t="."><v><l id="0" t="."><g v="PNCT"></g></l></v></tfr></token></tokens></sentence></paragraph></paragraphs></text>