<?xml version="1.0" encoding="utf-8"?><text id="1191" parent="226" name="18051 Президент призвал ускорить работу по развитию центра в Сколково"><tags><tag>url:http://www.chaskor.ru/news/prezident_prizval_uskorit_rabotu_po_innogradu_skolkovo_18051</tag><tag>Год:2010</tag><tag>Дата:19/06</tag><tag>Тема:ЧасКор:Экономика</tag><tag>Тема:ЧасКор:Экономика/Сколково</tag></tags><paragraphs><paragraph id="11137"><sentence id="34968"><source>Президент призвал ускорить работу по развитию центра в Сколково.</source><tokens><token id="624568" text="Президент"><tfr rev_id="1456814" t="Президент"><v><l id="267449" t="президент"><g v="NOUN"></g><g v="anim"></g><g v="masc"></g><g v="sing"></g><g v="nomn"></g></l></v></tfr></token><token id="624569" text="призвал"><tfr rev_id="1456815" t="призвал"><v><l id="270564" t="призвал"><g v="VERB"></g><g v="perf"></g><g v="tran"></g><g v="masc"></g><g v="sing"></g><g v="past"></g><g v="indc"></g></l></v></tfr></token><token id="624570" text="ускорить"><tfr rev_id="1456816" t="ускорить"><v><l id="360459" t="ускорить"><g v="INFN"></g><g v="perf"></g><g v="tran"></g></l></v></tfr></token><token id="624571" text="работу"><tfr rev_id="1456817" t="работу"><v><l id="290501" t="работа"><g v="NOUN"></g><g v="inan"></g><g v="femn"></g><g v="sing"></g><g v="accs"></g></l></v></tfr></token><token id="624572" text="по"><tfr rev_id="1456818" t="по"><v><l id="241240" t="по"><g v="PREP"></g></l></v></tfr></token><token id="624573" text="развитию"><tfr rev_id="1456819" t="развитию"><v><l id="292545" t="развитие"><g v="NOUN"></g><g v="inan"></g><g v="neut"></g><g v="sing"></g><g v="datv"></g></l></v></tfr></token><token id="624574" text="центра"><tfr rev_id="1456820" t="центра"><v><l id="373369" t="центр"><g v="NOUN"></g><g v="inan"></g><g v="masc"></g><g v="sing"></g><g v="gent"></g></l></v></tfr></token><token id="624575" text="в"><tfr rev_id="1456821" t="в"><v><l id="37409" t="в"><g v="PREP"></g></l></v></tfr></token><token id="624576" text="Сколково"><tfr rev_id="4147352" t="Сколково"><v><l id="388903" t="сколково"><g v="NOUN"></g><g v="inan"></g><g v="neut"></g><g v="Sgtm"></g><g v="Geox"></g><g v="sing"></g><g v="loct"></g><g v="Infr"></g></l></v></tfr></token><token id="624577" text="."><tfr rev_id="1456823" t="."><v><l id="0" t="."><g v="PNCT"></g></l></v></tfr></token></tokens></sentence><sentence id="34969"><source>Руководство подмосковного иннограда объяснило, почему «мы немного буксуем» в этом направлении.</source><tokens><token id="624578" text="Руководство"><tfr rev_id="1456824" t="Руководство"><v><l id="310004" t="руководство"><g v="NOUN"></g><g v="inan"></g><g v="neut"></g><g v="sing"></g><g v="nomn"></g></l></v><v><l id="310004" t="руководство"><g v="NOUN"></g><g v="inan"></g><g v="neut"></g><g v="sing"></g><g v="accs"></g></l></v></tfr></token><token id="624579" text="подмосковного"><tfr rev_id="4448580" t="подмосковного"><v><l id="247773" t="подмосковный"><g v="ADJF"></g><g v="masc"></g><g v="sing"></g><g v="gent"></g></l></v></tfr></token><token id="624580" text="иннограда"><tfr rev_id="2585417" t="иннограда"><v><l id="388649" t="инноград"><g v="NOUN"></g><g v="inan"></g><g v="masc"></g><g v="sing"></g><g v="gent"></g></l></v></tfr></token><token id="624581" text="объяснило"><tfr rev_id="1456827" t="объяснило"><v><l id="201923" t="объяснил"><g v="VERB"></g><g v="perf"></g><g v="tran"></g><g v="neut"></g><g v="sing"></g><g v="past"></g><g v="indc"></g></l></v></tfr></token><token id="624582" text=","><tfr rev_id="1456828" t=","><v><l id="0" t=","><g v="PNCT"></g></l></v></tfr></token><token id="624583" text="почему"><tfr rev_id="1456829" t="почему"><v><l id="264705" t="почему"><g v="ADVB"></g><g v="Ques"></g></l></v></tfr></token><token id="624584" text="«"><tfr rev_id="2444506" t="«"><v><l id="0" t="«"><g v="PNCT"></g></l></v></tfr></token><token id="624585" text="мы"><tfr rev_id="1456831" t="мы"><v><l id="165750" t="мы"><g v="NPRO"></g><g v="1per"></g><g v="plur"></g><g v="nomn"></g></l></v></tfr></token><token id="624586" text="немного"><tfr rev_id="4181990" t="немного"><v><l id="184140" t="немного"><g v="ADVB"></g></l></v></tfr></token><token id="624587" text="буксуем"><tfr rev_id="1456833" t="буксуем"><v><l id="35486" t="буксую"><g v="VERB"></g><g v="impf"></g><g v="intr"></g><g v="plur"></g><g v="1per"></g><g v="pres"></g><g v="indc"></g></l></v></tfr></token><token id="624588" text="»"><tfr rev_id="2444507" t="»"><v><l id="0" t="»"><g v="PNCT"></g></l></v></tfr></token><token id="624589" text="в"><tfr rev_id="1456835" t="в"><v><l id="37409" t="в"><g v="PREP"></g></l></v></tfr></token><token id="624590" text="этом"><tfr rev_id="4435753" t="этом"><v><l id="386581" t="этот"><g v="ADJF"></g><g v="Subx"></g><g v="Apro"></g><g v="Anph"></g><g v="neut"></g><g v="sing"></g><g v="loct"></g></l></v></tfr></token><token id="624591" text="направлении"><tfr rev_id="1456837" t="направлении"><v><l id="173963" t="направление"><g v="NOUN"></g><g v="inan"></g><g v="neut"></g><g v="sing"></g><g v="loct"></g></l></v></tfr></token><token id="624592" text="."><tfr rev_id="1456838" t="."><v><l id="0" t="."><g v="PNCT"></g></l></v></tfr></token></tokens></sentence></paragraph><paragraph id="11138"><sentence id="34970"><source>На заседании комиссии по модернизации, работа которой проходит в рамках XIV Питерского Давоса, глава российского государства призвал ускорить работу над созданием Центра разработки и коммерциализации новых технологий в Сколково.</source><tokens><token id="624593" text="На"><tfr rev_id="2912180" t="На"><v><l id="166264" t="на"><g v="PREP"></g></l></v><v><l id="388676" t="на"><g v="INTJ"></g></l></v></tfr></token><token id="624594" text="заседании"><tfr rev_id="1456840" t="заседании"><v><l id="109402" t="заседание"><g v="NOUN"></g><g v="inan"></g><g v="neut"></g><g v="sing"></g><g v="loct"></g></l></v></tfr></token><token id="624595" text="комиссии"><tfr rev_id="4281431" t="комиссии"><v><l id="136905" t="комиссия"><g v="NOUN"></g><g v="inan"></g><g v="femn"></g><g v="sing"></g><g v="gent"></g></l></v></tfr></token><token id="624596" text="по"><tfr rev_id="1456842" t="по"><v><l id="241240" t="по"><g v="PREP"></g></l></v></tfr></token><token id="624597" text="модернизации"><tfr rev_id="4314098" t="модернизации"><v><l id="162310" t="модернизация"><g v="NOUN"></g><g v="inan"></g><g v="femn"></g><g v="sing"></g><g v="datv"></g></l></v></tfr></token><token id="624598" text=","><tfr rev_id="1456844" t=","><v><l id="0" t=","><g v="PNCT"></g></l></v></tfr></token><token id="624599" text="работа"><tfr rev_id="1456845" t="работа"><v><l id="290501" t="работа"><g v="NOUN"></g><g v="inan"></g><g v="femn"></g><g v="sing"></g><g v="nomn"></g></l></v></tfr></token><token id="624600" text="которой"><tfr rev_id="4423588" t="которой"><v><l id="141203" t="который"><g v="ADJF"></g><g v="Apro"></g><g v="Subx"></g><g v="Anph"></g><g v="femn"></g><g v="sing"></g><g v="gent"></g></l></v></tfr></token><token id="624601" text="проходит"><tfr rev_id="1456847" t="проходит"><v><l id="287183" t="прохожу"><g v="VERB"></g><g v="impf"></g><g v="tran"></g><g v="sing"></g><g v="3per"></g><g v="pres"></g><g v="indc"></g></l></v><v><l id="287190" t="проходил"><g v="VERB"></g><g v="perf"></g><g v="intr"></g><g v="sing"></g><g v="3per"></g><g v="futr"></g><g v="indc"></g></l></v></tfr></token><token id="624602" text="в"><tfr rev_id="1456848" t="в"><v><l id="37409" t="в"><g v="PREP"></g></l></v></tfr></token><token id="624603" text="рамках"><tfr rev_id="1456849" t="рамках"><v><l id="297819" t="рамка"><g v="NOUN"></g><g v="inan"></g><g v="femn"></g><g v="plur"></g><g v="loct"></g></l></v></tfr></token><token id="624604" text="XIV"><tfr rev_id="2634766" t="XIV"><v><l id="0" t="XIV"><g v="ROMN"></g></l></v></tfr></token><token id="624605" text="Питерского"><tfr rev_id="4205957" t="Питерского"><v><l id="239247" t="питерский"><g v="ADJF"></g><g v="masc"></g><g v="sing"></g><g v="gent"></g></l></v><v><l id="239247" t="питерский"><g v="ADJF"></g><g v="anim"></g><g v="masc"></g><g v="sing"></g><g v="accs"></g></l></v></tfr></token><token id="624606" text="Давоса"><tfr rev_id="4431324" t="Давоса"><v><l id="390702" t="давос"><g v="NOUN"></g><g v="inan"></g><g v="masc"></g><g v="Sgtm"></g><g v="Geox"></g><g v="sing"></g><g v="gent"></g></l></v></tfr></token><token id="624607" text=","><tfr rev_id="1456853" t=","><v><l id="0" t=","><g v="PNCT"></g></l></v></tfr></token><token id="624608" text="глава"><tfr rev_id="4525725" t="глава"><v><l id="70790" t="глава"><g v="NOUN"></g><g v="anim"></g><g v="ms-f"></g><g v="sing"></g><g v="nomn"></g></l></v></tfr></token><token id="624609" text="российского"><tfr rev_id="3549149" t="российского"><v><l id="309319" t="российский"><g v="ADJF"></g><g v="neut"></g><g v="sing"></g><g v="gent"></g></l></v></tfr></token><token id="624610" text="государства"><tfr rev_id="3452118" t="государства"><v><l id="74164" t="государство"><g v="NOUN"></g><g v="inan"></g><g v="neut"></g><g v="sing"></g><g v="gent"></g></l></v></tfr></token><token id="624611" text="призвал"><tfr rev_id="1456857" t="призвал"><v><l id="270564" t="призвал"><g v="VERB"></g><g v="perf"></g><g v="tran"></g><g v="masc"></g><g v="sing"></g><g v="past"></g><g v="indc"></g></l></v></tfr></token><token id="624612" text="ускорить"><tfr rev_id="1456858" t="ускорить"><v><l id="360459" t="ускорить"><g v="INFN"></g><g v="perf"></g><g v="tran"></g></l></v></tfr></token><token id="624613" text="работу"><tfr rev_id="1456859" t="работу"><v><l id="290501" t="работа"><g v="NOUN"></g><g v="inan"></g><g v="femn"></g><g v="sing"></g><g v="accs"></g></l></v></tfr></token><token id="624614" text="над"><tfr rev_id="1456860" t="над"><v><l id="168356" t="над"><g v="PREP"></g></l></v></tfr></token><token id="624615" text="созданием"><tfr rev_id="4571790" t="созданием"><v><l id="328580" t="создание"><g v="NOUN"></g><g v="inan"></g><g v="neut"></g><g v="Inmx"></g><g v="sing"></g><g v="ablt"></g></l></v></tfr></token><token id="624616" text="Центра"><tfr rev_id="1456862" t="Центра"><v><l id="373369" t="центр"><g v="NOUN"></g><g v="inan"></g><g v="masc"></g><g v="sing"></g><g v="gent"></g></l></v></tfr></token><token id="624617" text="разработки"><tfr rev_id="3505306" t="разработки"><v><l id="296485" t="разработка"><g v="NOUN"></g><g v="inan"></g><g v="femn"></g><g v="sing"></g><g v="gent"></g></l></v></tfr></token><token id="624618" text="и"><tfr rev_id="1456864" t="и"><v><l id="116949" t="и"><g v="CONJ"></g></l></v><v><l id="116950" t="и"><g v="INTJ"></g></l></v></tfr></token><token id="624619" text="коммерциализации"><tfr rev_id="4343771" t="коммерциализации"><v><l id="136993" t="коммерциализация"><g v="NOUN"></g><g v="inan"></g><g v="femn"></g><g v="sing"></g><g v="gent"></g></l></v></tfr></token><token id="624620" text="новых"><tfr rev_id="4427482" t="новых"><v><l id="191918" t="новый"><g v="ADJF"></g><g v="Qual"></g><g v="plur"></g><g v="gent"></g></l></v></tfr></token><token id="624621" text="технологий"><tfr rev_id="1456867" t="технологий"><v><l id="345970" t="технология"><g v="NOUN"></g><g v="inan"></g><g v="femn"></g><g v="plur"></g><g v="gent"></g></l></v></tfr></token><token id="624622" text="в"><tfr rev_id="1456868" t="в"><v><l id="37409" t="в"><g v="PREP"></g></l></v></tfr></token><token id="624623" text="Сколково"><tfr rev_id="4147353" t="Сколково"><v><l id="388903" t="сколково"><g v="NOUN"></g><g v="inan"></g><g v="neut"></g><g v="Sgtm"></g><g v="Geox"></g><g v="sing"></g><g v="loct"></g><g v="Infr"></g></l></v></tfr></token><token id="624624" text="."><tfr rev_id="1456870" t="."><v><l id="0" t="."><g v="PNCT"></g></l></v></tfr></token></tokens></sentence><sentence id="34971"><source>Дмитрий Медведев поручил урегулировать вопросы с финансированием и режимом функционирования иннограда, сообщают РИА «Новости».</source><tokens><token id="624625" text="Дмитрий"><tfr rev_id="3439635" t="Дмитрий"><v><l id="85055" t="дмитрий"><g v="NOUN"></g><g v="anim"></g><g v="masc"></g><g v="Name"></g><g v="sing"></g><g v="nomn"></g></l></v></tfr></token><token id="624626" text="Медведев"><tfr rev_id="1456872" t="Медведев"><v><l id="156959" t="медведев"><g v="NOUN"></g><g v="anim"></g><g v="masc"></g><g v="Sgtm"></g><g v="Surn"></g><g v="sing"></g><g v="nomn"></g></l></v></tfr></token><token id="624627" text="поручил"><tfr rev_id="1456873" t="поручил"><v><l id="260798" t="поручил"><g v="VERB"></g><g v="perf"></g><g v="tran"></g><g v="masc"></g><g v="sing"></g><g v="past"></g><g v="indc"></g></l></v></tfr></token><token id="624628" text="урегулировать"><tfr rev_id="1456874" t="урегулировать"><v><l id="359829" t="урегулировать"><g v="INFN"></g><g v="perf"></g><g v="tran"></g></l></v></tfr></token><token id="624629" text="вопросы"><tfr rev_id="3716349" t="вопросы"><v><l id="50830" t="вопрос"><g v="NOUN"></g><g v="inan"></g><g v="masc"></g><g v="plur"></g><g v="accs"></g></l></v></tfr></token><token id="624630" text="с"><tfr rev_id="1456876" t="с"><v><l id="311151" t="с"><g v="PREP"></g></l></v></tfr></token><token id="624631" text="финансированием"><tfr rev_id="1456877" t="финансированием"><v><l id="366074" t="финансирование"><g v="NOUN"></g><g v="inan"></g><g v="neut"></g><g v="sing"></g><g v="ablt"></g></l></v></tfr></token><token id="624632" text="и"><tfr rev_id="1456878" t="и"><v><l id="116949" t="и"><g v="CONJ"></g></l></v><v><l id="116950" t="и"><g v="INTJ"></g></l></v></tfr></token><token id="624633" text="режимом"><tfr rev_id="1456879" t="режимом"><v><l id="305124" t="режим"><g v="NOUN"></g><g v="inan"></g><g v="masc"></g><g v="sing"></g><g v="ablt"></g></l></v></tfr></token><token id="624634" text="функционирования"><tfr rev_id="1717141" t="функционирования"><v><l id="368670" t="функционирование"><g v="NOUN"></g><g v="inan"></g><g v="neut"></g><g v="sing"></g><g v="gent"></g></l></v></tfr></token><token id="624635" text="иннограда"><tfr rev_id="2585418" t="иннограда"><v><l id="388649" t="инноград"><g v="NOUN"></g><g v="inan"></g><g v="masc"></g><g v="sing"></g><g v="gent"></g></l></v></tfr></token><token id="624636" text=","><tfr rev_id="1456882" t=","><v><l id="0" t=","><g v="PNCT"></g></l></v></tfr></token><token id="624637" text="сообщают"><tfr rev_id="1456883" t="сообщают"><v><l id="329538" t="сообщаю"><g v="VERB"></g><g v="impf"></g><g v="tran"></g><g v="plur"></g><g v="3per"></g><g v="pres"></g><g v="indc"></g></l></v></tfr></token><token id="624638" text="РИА"><tfr rev_id="4457178" t="РИА"><v><l id="307554" t="риа"><g v="NOUN"></g><g v="inan"></g><g v="neut"></g><g v="Sgtm"></g><g v="Fixd"></g><g v="Abbr"></g><g v="Orgn"></g><g v="sing"></g><g v="nomn"></g></l></v></tfr></token><token id="624639" text="«"><tfr rev_id="2444508" t="«"><v><l id="0" t="«"><g v="PNCT"></g></l></v></tfr></token><token id="624640" text="Новости"><tfr rev_id="3763372" t="Новости"><v><l id="191855" t="новость"><g v="NOUN"></g><g v="inan"></g><g v="femn"></g><g v="plur"></g><g v="nomn"></g></l></v></tfr></token><token id="624641" text="»"><tfr rev_id="2444509" t="»"><v><l id="0" t="»"><g v="PNCT"></g></l></v></tfr></token><token id="624642" text="."><tfr rev_id="1456888" t="."><v><l id="0" t="."><g v="PNCT"></g></l></v></tfr></token></tokens></sentence></paragraph><paragraph id="11139"><sentence id="34972"><source>В свою очередь руководитель Фонда развития Центра разработки и коммерциализации новых технологий Виктор Вексельберг заявил, что уже к осени инноград приступит к формированию экспертных советов, которые займутся отбором инновационных проектов для реализации в инновационном центре.</source><tokens><token id="624643" text="В"><tfr rev_id="1456889" t="В"><v><l id="37409" t="в"><g v="PREP"></g></l></v></tfr></token><token id="624644" text="свою"><tfr rev_id="3632255" t="свою"><v><l id="316379" t="свой"><g v="ADJF"></g><g v="Apro"></g><g v="Anph"></g><g v="femn"></g><g v="sing"></g><g v="accs"></g></l></v></tfr></token><token id="624645" text="очередь"><tfr rev_id="1456891" t="очередь"><v><l id="221692" t="очередь"><g v="NOUN"></g><g v="inan"></g><g v="femn"></g><g v="sing"></g><g v="nomn"></g></l></v><v><l id="221692" t="очередь"><g v="NOUN"></g><g v="inan"></g><g v="femn"></g><g v="sing"></g><g v="accs"></g></l></v></tfr></token><token id="624646" text="руководитель"><tfr rev_id="1456892" t="руководитель"><v><l id="309980" t="руководитель"><g v="NOUN"></g><g v="anim"></g><g v="masc"></g><g v="sing"></g><g v="nomn"></g></l></v></tfr></token><token id="624647" text="Фонда"><tfr rev_id="1456893" t="Фонда"><v><l id="366948" t="фонд"><g v="NOUN"></g><g v="inan"></g><g v="masc"></g><g v="sing"></g><g v="gent"></g></l></v></tfr></token><token id="624648" text="развития"><tfr rev_id="3432107" t="развития"><v><l id="292545" t="развитие"><g v="NOUN"></g><g v="inan"></g><g v="neut"></g><g v="sing"></g><g v="gent"></g></l></v></tfr></token><token id="624649" text="Центра"><tfr rev_id="1456895" t="Центра"><v><l id="373369" t="центр"><g v="NOUN"></g><g v="inan"></g><g v="masc"></g><g v="sing"></g><g v="gent"></g></l></v></tfr></token><token id="624650" text="разработки"><tfr rev_id="3494503" t="разработки"><v><l id="296485" t="разработка"><g v="NOUN"></g><g v="inan"></g><g v="femn"></g><g v="sing"></g><g v="gent"></g></l></v></tfr></token><token id="624651" text="и"><tfr rev_id="1456897" t="и"><v><l id="116949" t="и"><g v="CONJ"></g></l></v><v><l id="116950" t="и"><g v="INTJ"></g></l></v></tfr></token><token id="624652" text="коммерциализации"><tfr rev_id="4343772" t="коммерциализации"><v><l id="136993" t="коммерциализация"><g v="NOUN"></g><g v="inan"></g><g v="femn"></g><g v="sing"></g><g v="gent"></g></l></v></tfr></token><token id="624653" text="новых"><tfr rev_id="4427503" t="новых"><v><l id="191918" t="новый"><g v="ADJF"></g><g v="Qual"></g><g v="plur"></g><g v="gent"></g></l></v></tfr></token><token id="624654" text="технологий"><tfr rev_id="1456900" t="технологий"><v><l id="345970" t="технология"><g v="NOUN"></g><g v="inan"></g><g v="femn"></g><g v="plur"></g><g v="gent"></g></l></v></tfr></token><token id="624655" text="Виктор"><tfr rev_id="1456901" t="Виктор"><v><l id="44808" t="виктор"><g v="NOUN"></g><g v="anim"></g><g v="masc"></g><g v="Name"></g><g v="sing"></g><g v="nomn"></g></l></v></tfr></token><token id="624656" text="Вексельберг"><tfr rev_id="4324024" t="Вексельберг"><v><l id="390406" t="вексельберг"><g v="NOUN"></g><g v="anim"></g><g v="masc"></g><g v="Sgtm"></g><g v="Surn"></g><g v="sing"></g><g v="nomn"></g></l></v></tfr></token><token id="624657" text="заявил"><tfr rev_id="1456903" t="заявил"><v><l id="114300" t="заявил"><g v="VERB"></g><g v="perf"></g><g v="tran"></g><g v="masc"></g><g v="sing"></g><g v="past"></g><g v="indc"></g></l></v></tfr></token><token id="624658" text=","><tfr rev_id="1456904" t=","><v><l id="0" t=","><g v="PNCT"></g></l></v></tfr></token><token id="624659" text="что"><tfr rev_id="3197041" t="что"><v><l id="377004" t="что"><g v="CONJ"></g></l></v><v><l id="377005" t="что"><g v="NPRO"></g><g v="neut"></g><g v="sing"></g><g v="nomn"></g></l></v><v><l id="377005" t="что"><g v="NPRO"></g><g v="neut"></g><g v="sing"></g><g v="accs"></g></l></v><v><l id="377006" t="что"><g v="ADVB"></g><g v="Ques"></g></l></v><v><l id="388695" t="что"><g v="PRCL"></g></l></v></tfr></token><token id="624660" text="уже"><tfr rev_id="2692759" t="уже"><v><l id="355422" t="уж"><g v="NOUN"></g><g v="anim"></g><g v="masc"></g><g v="sing"></g><g v="loct"></g></l></v><v><l id="355498" t="уже"><g v="ADVB"></g></l></v><v><l id="355674" t="уже"><g v="COMP"></g><g v="Qual"></g></l></v><v><l id="388673" t="уже"><g v="PRCL"></g></l></v></tfr></token><token id="624661" text="к"><tfr rev_id="1456907" t="к"><v><l id="127460" t="к"><g v="PREP"></g></l></v></tfr></token><token id="624662" text="осени"><tfr rev_id="3546587" t="осени"><v><l id="209823" t="осень"><g v="NOUN"></g><g v="inan"></g><g v="femn"></g><g v="sing"></g><g v="datv"></g></l></v></tfr></token><token id="624663" text="инноград"><tfr rev_id="2585409" t="инноград"><v><l id="388649" t="инноград"><g v="NOUN"></g><g v="inan"></g><g v="masc"></g><g v="sing"></g><g v="nomn"></g></l></v><v><l id="388649" t="инноград"><g v="NOUN"></g><g v="inan"></g><g v="masc"></g><g v="sing"></g><g v="accs"></g></l></v></tfr></token><token id="624664" text="приступит"><tfr rev_id="1456910" t="приступит"><v><l id="274930" t="приступил"><g v="VERB"></g><g v="perf"></g><g v="intr"></g><g v="sing"></g><g v="3per"></g><g v="futr"></g><g v="indc"></g></l></v></tfr></token><token id="624665" text="к"><tfr rev_id="1456911" t="к"><v><l id="127460" t="к"><g v="PREP"></g></l></v></tfr></token><token id="624666" text="формированию"><tfr rev_id="1456912" t="формированию"><v><l id="367174" t="формирование"><g v="NOUN"></g><g v="inan"></g><g v="neut"></g><g v="sing"></g><g v="datv"></g></l></v></tfr></token><token id="624667" text="экспертных"><tfr rev_id="3553349" t="экспертных"><v><l id="383584" t="экспертный"><g v="ADJF"></g><g v="Qual"></g><g v="plur"></g><g v="gent"></g></l></v></tfr></token><token id="624668" text="советов"><tfr rev_id="1456914" t="советов"><v><l id="327955" t="совет"><g v="NOUN"></g><g v="inan"></g><g v="masc"></g><g v="plur"></g><g v="gent"></g></l></v></tfr></token><token id="624669" text=","><tfr rev_id="1456915" t=","><v><l id="0" t=","><g v="PNCT"></g></l></v></tfr></token><token id="624670" text="которые"><tfr rev_id="3812820" t="которые"><v><l id="141203" t="который"><g v="ADJF"></g><g v="Apro"></g><g v="Subx"></g><g v="Anph"></g><g v="plur"></g><g v="nomn"></g></l></v></tfr></token><token id="624671" text="займутся"><tfr rev_id="1456917" t="займутся"><v><l id="106590" t="занялся"><g v="VERB"></g><g v="perf"></g><g v="intr"></g><g v="plur"></g><g v="3per"></g><g v="futr"></g><g v="indc"></g></l></v></tfr></token><token id="624672" text="отбором"><tfr rev_id="1456918" t="отбором"><v><l id="211900" t="отбор"><g v="NOUN"></g><g v="inan"></g><g v="masc"></g><g v="sing"></g><g v="ablt"></g></l></v></tfr></token><token id="624673" text="инновационных"><tfr rev_id="4403138" t="инновационных"><v><l id="122683" t="инновационный"><g v="ADJF"></g><g v="plur"></g><g v="gent"></g></l></v></tfr></token><token id="624674" text="проектов"><tfr rev_id="1456920" t="проектов"><v><l id="279545" t="проект"><g v="NOUN"></g><g v="inan"></g><g v="masc"></g><g v="plur"></g><g v="gent"></g></l></v></tfr></token><token id="624675" text="для"><tfr rev_id="3325383" t="для"><v><l id="85032" t="для"><g v="PREP"></g></l></v></tfr></token><token id="624676" text="реализации"><tfr rev_id="4343773" t="реализации"><v><l id="304404" t="реализация"><g v="NOUN"></g><g v="inan"></g><g v="femn"></g><g v="sing"></g><g v="gent"></g></l></v></tfr></token><token id="624677" text="в"><tfr rev_id="1456923" t="в"><v><l id="37409" t="в"><g v="PREP"></g></l></v></tfr></token><token id="624678" text="инновационном"><tfr rev_id="4205620" t="инновационном"><v><l id="122683" t="инновационный"><g v="ADJF"></g><g v="masc"></g><g v="sing"></g><g v="loct"></g></l></v></tfr></token><token id="624679" text="центре"><tfr rev_id="1456925" t="центре"><v><l id="373369" t="центр"><g v="NOUN"></g><g v="inan"></g><g v="masc"></g><g v="sing"></g><g v="loct"></g></l></v></tfr></token><token id="624680" text="."><tfr rev_id="1456926" t="."><v><l id="0" t="."><g v="PNCT"></g></l></v></tfr></token></tokens></sentence><sentence id="34973"><source>При этом бизнесмен отметил, что в данном направлении есть некоторые проблемы.</source><tokens><token id="624681" text="При"><tfr rev_id="2628846" t="При"><v><l id="268625" t="при"><g v="PREP"></g></l></v></tfr></token><token id="624682" text="этом"><tfr rev_id="4472139" t="этом"><v><l id="386575" t="это"><g v="NPRO"></g><g v="neut"></g><g v="sing"></g><g v="loct"></g></l></v></tfr></token><token id="624683" text="бизнесмен"><tfr rev_id="1456929" t="бизнесмен"><v><l id="29450" t="бизнесмен"><g v="NOUN"></g><g v="anim"></g><g v="masc"></g><g v="sing"></g><g v="nomn"></g></l></v></tfr></token><token id="624684" text="отметил"><tfr rev_id="1456930" t="отметил"><v><l id="215584" t="отметил"><g v="VERB"></g><g v="perf"></g><g v="tran"></g><g v="masc"></g><g v="sing"></g><g v="past"></g><g v="indc"></g></l></v></tfr></token><token id="624685" text=","><tfr rev_id="1456931" t=","><v><l id="0" t=","><g v="PNCT"></g></l></v></tfr></token><token id="624686" text="что"><tfr rev_id="3197042" t="что"><v><l id="377004" t="что"><g v="CONJ"></g></l></v><v><l id="377005" t="что"><g v="NPRO"></g><g v="neut"></g><g v="sing"></g><g v="nomn"></g></l></v><v><l id="377005" t="что"><g v="NPRO"></g><g v="neut"></g><g v="sing"></g><g v="accs"></g></l></v><v><l id="377006" t="что"><g v="ADVB"></g><g v="Ques"></g></l></v><v><l id="388695" t="что"><g v="PRCL"></g></l></v></tfr></token><token id="624687" text="в"><tfr rev_id="1456933" t="в"><v><l id="37409" t="в"><g v="PREP"></g></l></v></tfr></token><token id="624688" text="данном"><tfr rev_id="3663084" t="данном"><v><l id="78303" t="данный"><g v="ADJF"></g><g v="Apro"></g><g v="masc"></g><g v="sing"></g><g v="loct"></g></l></v><v><l id="78303" t="данный"><g v="ADJF"></g><g v="Apro"></g><g v="neut"></g><g v="sing"></g><g v="loct"></g></l></v><v><l id="78549" t="данный"><g v="PRTF"></g><g v="perf"></g><g v="tran"></g><g v="past"></g><g v="pssv"></g><g v="masc"></g><g v="sing"></g><g v="loct"></g></l></v><v><l id="78549" t="данный"><g v="PRTF"></g><g v="perf"></g><g v="tran"></g><g v="past"></g><g v="pssv"></g><g v="neut"></g><g v="sing"></g><g v="loct"></g></l></v></tfr></token><token id="624689" text="направлении"><tfr rev_id="1456935" t="направлении"><v><l id="173963" t="направление"><g v="NOUN"></g><g v="inan"></g><g v="neut"></g><g v="sing"></g><g v="loct"></g></l></v></tfr></token><token id="624690" text="есть"><tfr rev_id="4385266" t="есть"><v><l id="37265" t="есть"><g v="VERB"></g><g v="impf"></g><g v="intr"></g><g v="sing"></g><g v="3per"></g><g v="pres"></g><g v="indc"></g></l></v><v><l id="37265" t="есть"><g v="VERB"></g><g v="impf"></g><g v="intr"></g><g v="plur"></g><g v="3per"></g><g v="pres"></g><g v="indc"></g></l></v></tfr></token><token id="624691" text="некоторые"><tfr rev_id="4475875" t="некоторые"><v><l id="183542" t="некоторый"><g v="ADJF"></g><g v="Apro"></g><g v="plur"></g><g v="nomn"></g></l></v><v><l id="183542" t="некоторый"><g v="ADJF"></g><g v="Apro"></g><g v="inan"></g><g v="plur"></g><g v="accs"></g></l></v></tfr></token><token id="624692" text="проблемы"><tfr rev_id="3793712" t="проблемы"><v><l id="277255" t="проблема"><g v="NOUN"></g><g v="inan"></g><g v="femn"></g><g v="plur"></g><g v="nomn"></g></l></v></tfr></token><token id="624693" text="."><tfr rev_id="1456939" t="."><v><l id="0" t="."><g v="PNCT"></g></l></v></tfr></token></tokens></sentence><sentence id="34974"><source>«Мы немного буксуем с точки зрения решения немаловажного вопроса по утверждению бюджетов хотя бы на этот год, и хотелось бы ускорить этот процесс в рамках взаимодействия с министерством финансов.</source><tokens><token id="624694" text="«"><tfr rev_id="2444510" t="«"><v><l id="0" t="«"><g v="PNCT"></g></l></v></tfr></token><token id="624695" text="Мы"><tfr rev_id="1456941" t="Мы"><v><l id="165750" t="мы"><g v="NPRO"></g><g v="1per"></g><g v="plur"></g><g v="nomn"></g></l></v></tfr></token><token id="624696" text="немного"><tfr rev_id="4177804" t="немного"><v><l id="184140" t="немного"><g v="ADVB"></g></l></v></tfr></token><token id="624697" text="буксуем"><tfr rev_id="1456943" t="буксуем"><v><l id="35486" t="буксую"><g v="VERB"></g><g v="impf"></g><g v="intr"></g><g v="plur"></g><g v="1per"></g><g v="pres"></g><g v="indc"></g></l></v></tfr></token><token id="624698" text="с"><tfr rev_id="1456944" t="с"><v><l id="311151" t="с"><g v="PREP"></g></l></v></tfr></token><token id="624699" text="точки"><tfr rev_id="3487776" t="точки"><v><l id="348511" t="точка"><g v="NOUN"></g><g v="inan"></g><g v="femn"></g><g v="sing"></g><g v="gent"></g></l></v></tfr></token><token id="624700" text="зрения"><tfr rev_id="3484581" t="зрения"><v><l id="116555" t="зрение"><g v="NOUN"></g><g v="inan"></g><g v="neut"></g><g v="sing"></g><g v="gent"></g></l></v></tfr></token><token id="624701" text="решения"><tfr rev_id="3437743" t="решения"><v><l id="307350" t="решение"><g v="NOUN"></g><g v="inan"></g><g v="neut"></g><g v="sing"></g><g v="gent"></g></l></v></tfr></token><token id="624702" text="немаловажного"><tfr rev_id="4085975" t="немаловажного"><v><l id="183943" t="немаловажный"><g v="ADJF"></g><g v="masc"></g><g v="sing"></g><g v="gent"></g></l></v><v><l id="183943" t="немаловажный"><g v="ADJF"></g><g v="anim"></g><g v="masc"></g><g v="sing"></g><g v="accs"></g></l></v></tfr></token><token id="624703" text="вопроса"><tfr rev_id="1456949" t="вопроса"><v><l id="50830" t="вопрос"><g v="NOUN"></g><g v="inan"></g><g v="masc"></g><g v="sing"></g><g v="gent"></g></l></v></tfr></token><token id="624704" text="по"><tfr rev_id="1456950" t="по"><v><l id="241240" t="по"><g v="PREP"></g></l></v></tfr></token><token id="624705" text="утверждению"><tfr rev_id="1456951" t="утверждению"><v><l id="361723" t="утверждение"><g v="NOUN"></g><g v="inan"></g><g v="neut"></g><g v="sing"></g><g v="datv"></g></l></v></tfr></token><token id="624706" text="бюджетов"><tfr rev_id="1456952" t="бюджетов"><v><l id="37326" t="бюджет"><g v="NOUN"></g><g v="inan"></g><g v="masc"></g><g v="plur"></g><g v="gent"></g></l></v></tfr></token><token id="624707" text="хотя"><tfr rev_id="3725860" t="хотя"><v><l id="389909" t="хотя"><g v="PRCL"></g></l></v></tfr></token><token id="624708" text="бы"><tfr rev_id="1456954" t="бы"><v><l id="36985" t="бы"><g v="PRCL"></g></l></v></tfr></token><token id="624709" text="на"><tfr rev_id="3334563" t="на"><v><l id="166264" t="на"><g v="PREP"></g></l></v></tfr></token><token id="624710" text="этот"><tfr rev_id="4432103" t="этот"><v><l id="386581" t="этот"><g v="ADJF"></g><g v="Subx"></g><g v="Apro"></g><g v="Anph"></g><g v="masc"></g><g v="sing"></g><g v="nomn"></g></l></v><v><l id="386581" t="этот"><g v="ADJF"></g><g v="Subx"></g><g v="Apro"></g><g v="Anph"></g><g v="inan"></g><g v="masc"></g><g v="sing"></g><g v="accs"></g></l></v></tfr></token><token id="624711" text="год"><tfr rev_id="3537871" t="год"><v><l id="72149" t="год"><g v="NOUN"></g><g v="inan"></g><g v="masc"></g><g v="sing"></g><g v="accs"></g></l></v></tfr></token><token id="624712" text=","><tfr rev_id="1456958" t=","><v><l id="0" t=","><g v="PNCT"></g></l></v></tfr></token><token id="624713" text="и"><tfr rev_id="1456959" t="и"><v><l id="116949" t="и"><g v="CONJ"></g></l></v><v><l id="116950" t="и"><g v="INTJ"></g></l></v></tfr></token><token id="624714" text="хотелось"><tfr rev_id="1456960" t="хотелось"><v><l id="371718" t="хотелось"><g v="VERB"></g><g v="impf"></g><g v="intr"></g><g v="Impe"></g><g v="neut"></g><g v="sing"></g><g v="past"></g><g v="indc"></g></l></v></tfr></token><token id="624715" text="бы"><tfr rev_id="1456961" t="бы"><v><l id="36985" t="бы"><g v="PRCL"></g></l></v></tfr></token><token id="624716" text="ускорить"><tfr rev_id="1456962" t="ускорить"><v><l id="360459" t="ускорить"><g v="INFN"></g><g v="perf"></g><g v="tran"></g></l></v></tfr></token><token id="624717" text="этот"><tfr rev_id="4432104" t="этот"><v><l id="386581" t="этот"><g v="ADJF"></g><g v="Subx"></g><g v="Apro"></g><g v="Anph"></g><g v="inan"></g><g v="masc"></g><g v="sing"></g><g v="accs"></g></l></v></tfr></token><token id="624718" text="процесс"><tfr rev_id="1456964" t="процесс"><v><l id="287363" t="процесс"><g v="NOUN"></g><g v="inan"></g><g v="masc"></g><g v="sing"></g><g v="nomn"></g></l></v><v><l id="287363" t="процесс"><g v="NOUN"></g><g v="inan"></g><g v="masc"></g><g v="sing"></g><g v="accs"></g></l></v></tfr></token><token id="624719" text="в"><tfr rev_id="1456965" t="в"><v><l id="37409" t="в"><g v="PREP"></g></l></v></tfr></token><token id="624720" text="рамках"><tfr rev_id="1456966" t="рамках"><v><l id="297819" t="рамка"><g v="NOUN"></g><g v="inan"></g><g v="femn"></g><g v="plur"></g><g v="loct"></g></l></v></tfr></token><token id="624721" text="взаимодействия"><tfr rev_id="3432134" t="взаимодействия"><v><l id="42617" t="взаимодействие"><g v="NOUN"></g><g v="inan"></g><g v="neut"></g><g v="sing"></g><g v="gent"></g></l></v></tfr></token><token id="624722" text="с"><tfr rev_id="1456968" t="с"><v><l id="311151" t="с"><g v="PREP"></g></l></v></tfr></token><token id="624723" text="министерством"><tfr rev_id="1456969" t="министерством"><v><l id="160612" t="министерство"><g v="NOUN"></g><g v="inan"></g><g v="neut"></g><g v="sing"></g><g v="ablt"></g></l></v></tfr></token><token id="624724" text="финансов"><tfr rev_id="2701072" t="финансов"><v><l id="366106" t="финансы"><g v="NOUN"></g><g v="inan"></g><g v="GNdr"></g><g v="Pltm"></g><g v="plur"></g><g v="gent"></g></l></v></tfr></token><token id="624725" text="."><tfr rev_id="1456971" t="."><v><l id="0" t="."><g v="PNCT"></g></l></v></tfr></token></tokens></sentence><sentence id="34975"><source>Мы уже говорили о том, что нужно приступить к созданию так называемой виртуальной среды до момента строительства реальных физических объектов.</source><tokens><token id="624726" text="Мы"><tfr rev_id="1456972" t="Мы"><v><l id="165750" t="мы"><g v="NPRO"></g><g v="1per"></g><g v="plur"></g><g v="nomn"></g></l></v></tfr></token><token id="624727" text="уже"><tfr rev_id="2692760" t="уже"><v><l id="355422" t="уж"><g v="NOUN"></g><g v="anim"></g><g v="masc"></g><g v="sing"></g><g v="loct"></g></l></v><v><l id="355498" t="уже"><g v="ADVB"></g></l></v><v><l id="355674" t="уже"><g v="COMP"></g><g v="Qual"></g></l></v><v><l id="388673" t="уже"><g v="PRCL"></g></l></v></tfr></token><token id="624728" text="говорили"><tfr rev_id="1456974" t="говорили"><v><l id="72053" t="говорю"><g v="VERB"></g><g v="impf"></g><g v="tran"></g><g v="plur"></g><g v="past"></g><g v="indc"></g></l></v></tfr></token><token id="624729" text="о"><tfr rev_id="3328501" t="о"><v><l id="192977" t="о"><g v="PREP"></g></l></v></tfr></token><token id="624730" text="том"><tfr rev_id="3774466" t="том"><v><l id="348430" t="тот"><g v="ADJF"></g><g v="Subx"></g><g v="Apro"></g><g v="Anph"></g><g v="neut"></g><g v="sing"></g><g v="loct"></g></l></v></tfr></token><token id="624731" text=","><tfr rev_id="1456977" t=","><v><l id="0" t=","><g v="PNCT"></g></l></v></tfr></token><token id="624732" text="что"><tfr rev_id="3197043" t="что"><v><l id="377004" t="что"><g v="CONJ"></g></l></v><v><l id="377005" t="что"><g v="NPRO"></g><g v="neut"></g><g v="sing"></g><g v="nomn"></g></l></v><v><l id="377005" t="что"><g v="NPRO"></g><g v="neut"></g><g v="sing"></g><g v="accs"></g></l></v><v><l id="377006" t="что"><g v="ADVB"></g><g v="Ques"></g></l></v><v><l id="388695" t="что"><g v="PRCL"></g></l></v></tfr></token><token id="624733" text="нужно"><tfr rev_id="1456979" t="нужно"><v><l id="192579" t="нужно"><g v="PRED"></g><g v="pres"></g></l></v><v><l id="192584" t="нужен"><g v="ADJS"></g><g v="Qual"></g><g v="neut"></g><g v="sing"></g></l></v></tfr></token><token id="624734" text="приступить"><tfr rev_id="1456980" t="приступить"><v><l id="274931" t="приступить"><g v="INFN"></g><g v="perf"></g><g v="intr"></g></l></v></tfr></token><token id="624735" text="к"><tfr rev_id="1456981" t="к"><v><l id="127460" t="к"><g v="PREP"></g></l></v></tfr></token><token id="624736" text="созданию"><tfr rev_id="4571745" t="созданию"><v><l id="328580" t="создание"><g v="NOUN"></g><g v="inan"></g><g v="neut"></g><g v="Inmx"></g><g v="sing"></g><g v="datv"></g></l></v></tfr></token><token id="624737" text="так"><tfr rev_id="1456983" t="так"><v><l id="342451" t="так"><g v="CONJ"></g></l></v><v><l id="342452" t="так"><g v="PRCL"></g></l></v><v><l id="342453" t="так"><g v="ADVB"></g><g v="Dmns"></g></l></v></tfr></token><token id="624738" text="называемой"><tfr rev_id="4342115" t="называемой"><v><l id="170477" t="называемый"><g v="PRTF"></g><g v="impf"></g><g v="tran"></g><g v="pres"></g><g v="pssv"></g><g v="femn"></g><g v="sing"></g><g v="gent"></g></l></v></tfr></token><token id="624739" text="виртуальной"><tfr rev_id="4076507" t="виртуальной"><v><l id="45483" t="виртуальный"><g v="ADJF"></g><g v="Qual"></g><g v="femn"></g><g v="sing"></g><g v="gent"></g></l></v></tfr></token><token id="624740" text="среды"><tfr rev_id="3469084" t="среды"><v><l id="333471" t="среда"><g v="NOUN"></g><g v="inan"></g><g v="femn"></g><g v="sing"></g><g v="gent"></g></l></v></tfr></token><token id="624741" text="до"><tfr rev_id="1456987" t="до"><v><l id="85153" t="до"><g v="PREP"></g></l></v></tfr></token><token id="624742" text="момента"><tfr rev_id="1456988" t="момента"><v><l id="163050" t="момент"><g v="NOUN"></g><g v="inan"></g><g v="masc"></g><g v="sing"></g><g v="gent"></g></l></v></tfr></token><token id="624743" text="строительства"><tfr rev_id="3500570" t="строительства"><v><l id="337671" t="строительство"><g v="NOUN"></g><g v="inan"></g><g v="neut"></g><g v="sing"></g><g v="gent"></g></l></v></tfr></token><token id="624744" text="реальных"><tfr rev_id="3542470" t="реальных"><v><l id="304458" t="реальный"><g v="ADJF"></g><g v="Qual"></g><g v="plur"></g><g v="gent"></g></l></v></tfr></token><token id="624745" text="физических"><tfr rev_id="3410992" t="физических"><v><l id="365737" t="физический"><g v="ADJF"></g><g v="plur"></g><g v="gent"></g></l></v></tfr></token><token id="624746" text="объектов"><tfr rev_id="3463452" t="объектов"><v><l id="201809" t="объект"><g v="NOUN"></g><g v="inan"></g><g v="masc"></g><g v="plur"></g><g v="gent"></g></l></v></tfr></token><token id="624747" text="."><tfr rev_id="1456993" t="."><v><l id="0" t="."><g v="PNCT"></g></l></v></tfr></token></tokens></sentence><sentence id="34976"><source>Мне кажется, что это надо обязательно предусмотреть в законе, и такие предложения нами уже подготовлены», ― уточнил Вексельберг.</source><tokens><token id="624748" text="Мне"><tfr rev_id="4236649" t="Мне"><v><l id="387317" t="я"><g v="NPRO"></g><g v="1per"></g><g v="sing"></g><g v="datv"></g></l></v></tfr></token><token id="624749" text="кажется"><tfr rev_id="4213098" t="кажется"><v><l id="127940" t="кажусь"><g v="VERB"></g><g v="impf"></g><g v="intr"></g><g v="sing"></g><g v="3per"></g><g v="pres"></g><g v="indc"></g></l></v></tfr></token><token id="624750" text=","><tfr rev_id="1456996" t=","><v><l id="0" t=","><g v="PNCT"></g></l></v></tfr></token><token id="624751" text="что"><tfr rev_id="3197044" t="что"><v><l id="377004" t="что"><g v="CONJ"></g></l></v><v><l id="377005" t="что"><g v="NPRO"></g><g v="neut"></g><g v="sing"></g><g v="nomn"></g></l></v><v><l id="377005" t="что"><g v="NPRO"></g><g v="neut"></g><g v="sing"></g><g v="accs"></g></l></v><v><l id="377006" t="что"><g v="ADVB"></g><g v="Ques"></g></l></v><v><l id="388695" t="что"><g v="PRCL"></g></l></v></tfr></token><token id="624752" text="это"><tfr rev_id="4441604" t="это"><v><l id="386574" t="это"><g v="PRCL"></g></l></v><v><l id="386575" t="это"><g v="NPRO"></g><g v="neut"></g><g v="sing"></g><g v="nomn"></g></l></v><v><l id="386575" t="это"><g v="NPRO"></g><g v="neut"></g><g v="sing"></g><g v="accs"></g></l></v><v><l id="386581" t="этот"><g v="ADJF"></g><g v="Subx"></g><g v="Apro"></g><g v="Anph"></g><g v="neut"></g><g v="sing"></g><g v="nomn"></g></l></v><v><l id="386581" t="этот"><g v="ADJF"></g><g v="Subx"></g><g v="Apro"></g><g v="Anph"></g><g v="neut"></g><g v="sing"></g><g v="accs"></g></l></v></tfr></token><token id="624753" text="надо"><tfr rev_id="4322194" t="надо"><v><l id="169144" t="надо"><g v="PRED"></g><g v="pres"></g></l></v></tfr></token><token id="624754" text="обязательно"><tfr rev_id="1457000" t="обязательно"><v><l id="202085" t="обязательно"><g v="ADVB"></g><g v="Prdx"></g></l></v><v><l id="202089" t="обязателен"><g v="ADJS"></g><g v="neut"></g><g v="sing"></g></l></v></tfr></token><token id="624755" text="предусмотреть"><tfr rev_id="1457001" t="предусмотреть"><v><l id="267311" t="предусмотреть"><g v="INFN"></g><g v="perf"></g><g v="tran"></g></l></v></tfr></token><token id="624756" text="в"><tfr rev_id="1457002" t="в"><v><l id="37409" t="в"><g v="PREP"></g></l></v></tfr></token><token id="624757" text="законе"><tfr rev_id="1457003" t="законе"><v><l id="103696" t="закон"><g v="NOUN"></g><g v="inan"></g><g v="masc"></g><g v="sing"></g><g v="loct"></g></l></v></tfr></token><token id="624758" text=","><tfr rev_id="1457004" t=","><v><l id="0" t=","><g v="PNCT"></g></l></v></tfr></token><token id="624759" text="и"><tfr rev_id="1457005" t="и"><v><l id="116949" t="и"><g v="CONJ"></g></l></v><v><l id="116950" t="и"><g v="INTJ"></g></l></v></tfr></token><token id="624760" text="такие"><tfr rev_id="3860055" t="такие"><v><l id="342491" t="такой"><g v="ADJF"></g><g v="Apro"></g><g v="plur"></g><g v="nomn"></g></l></v></tfr></token><token id="624761" text="предложения"><tfr rev_id="3758324" t="предложения"><v><l id="266539" t="предложение"><g v="NOUN"></g><g v="inan"></g><g v="neut"></g><g v="plur"></g><g v="nomn"></g></l></v></tfr></token><token id="624762" text="нами"><tfr rev_id="1457008" t="нами"><v><l id="165750" t="мы"><g v="NPRO"></g><g v="1per"></g><g v="plur"></g><g v="ablt"></g></l></v></tfr></token><token id="624763" text="уже"><tfr rev_id="2692761" t="уже"><v><l id="355422" t="уж"><g v="NOUN"></g><g v="anim"></g><g v="masc"></g><g v="sing"></g><g v="loct"></g></l></v><v><l id="355498" t="уже"><g v="ADVB"></g></l></v><v><l id="355674" t="уже"><g v="COMP"></g><g v="Qual"></g></l></v><v><l id="388673" t="уже"><g v="PRCL"></g></l></v></tfr></token><token id="624764" text="подготовлены"><tfr rev_id="1457010" t="подготовлены"><v><l id="245108" t="подготовлен"><g v="PRTS"></g><g v="perf"></g><g v="past"></g><g v="pssv"></g><g v="plur"></g></l></v></tfr></token><token id="624765" text="»"><tfr rev_id="2444511" t="»"><v><l id="0" t="»"><g v="PNCT"></g></l></v></tfr></token><token id="624766" text=","><tfr rev_id="1457012" t=","><v><l id="0" t=","><g v="PNCT"></g></l></v></tfr></token><token id="624767" text="―"><tfr rev_id="2444512" t="―"><v><l id="0" t="―"><g v="PNCT"></g></l></v></tfr></token><token id="624768" text="уточнил"><tfr rev_id="1457014" t="уточнил"><v><l id="362345" t="уточнил"><g v="VERB"></g><g v="perf"></g><g v="tran"></g><g v="masc"></g><g v="sing"></g><g v="past"></g><g v="indc"></g></l></v></tfr></token><token id="624769" text="Вексельберг"><tfr rev_id="4324025" t="Вексельберг"><v><l id="390406" t="вексельберг"><g v="NOUN"></g><g v="anim"></g><g v="masc"></g><g v="Sgtm"></g><g v="Surn"></g><g v="sing"></g><g v="nomn"></g></l></v></tfr></token><token id="624770" text="."><tfr rev_id="1457016" t="."><v><l id="0" t="."><g v="PNCT"></g></l></v></tfr></token></tokens></sentence></paragraph></paragraphs></text>