<?xml version="1.0" encoding="utf-8"?><text id="1192" parent="226" name="21647 Более всего кредитные организации не жалуют милиционеров, дворников и военнослужащих"><tags><tag>url:http://www.chaskor.ru/news/bolee_vsego_kreditnye_organizatsii_ne_zhaluyut_militsionerov_dvornikov_i_voennosluzhashchih_21647</tag><tag>Год:2010</tag><tag>Дата:21/12</tag><tag>Тема:ЧасКор:Экономика</tag><tag>Тема:ЧасКор:Экономика/Экономика</tag></tags><paragraphs><paragraph id="11140"><sentence id="34977"><source>Более всего кредитные организации не жалуют милиционеров, дворников и военнослужащих.</source><tokens><token id="624771" text="Более"><tfr rev_id="1457017" t="Более"><v><l id="32065" t="более"><g v="ADVB"></g></l></v></tfr></token><token id="624772" text="всего"><tfr rev_id="4492698" t="всего"><v><l id="42156" t="весь"><g v="ADJF"></g><g v="Subx"></g><g v="Apro"></g><g v="masc"></g><g v="sing"></g><g v="gent"></g></l></v><v><l id="42156" t="весь"><g v="ADJF"></g><g v="Subx"></g><g v="Apro"></g><g v="anim"></g><g v="masc"></g><g v="sing"></g><g v="accs"></g></l></v><v><l id="42156" t="весь"><g v="ADJF"></g><g v="Subx"></g><g v="Apro"></g><g v="neut"></g><g v="sing"></g><g v="gent"></g></l></v></tfr></token><token id="624773" text="кредитные"><tfr rev_id="3751817" t="кредитные"><v><l id="142169" t="кредитный"><g v="ADJF"></g><g v="Qual"></g><g v="plur"></g><g v="nomn"></g></l></v></tfr></token><token id="624774" text="организации"><tfr rev_id="3814568" t="организации"><v><l id="208750" t="организация"><g v="NOUN"></g><g v="inan"></g><g v="femn"></g><g v="plur"></g><g v="nomn"></g></l></v></tfr></token><token id="624775" text="не"><tfr rev_id="1457021" t="не"><v><l id="178876" t="не"><g v="PRCL"></g></l></v></tfr></token><token id="624776" text="жалуют"><tfr rev_id="1457022" t="жалуют"><v><l id="95783" t="жалую"><g v="VERB"></g><g v="impf"></g><g v="tran"></g><g v="plur"></g><g v="3per"></g><g v="pres"></g><g v="indc"></g></l></v></tfr></token><token id="624777" text="милиционеров"><tfr rev_id="4358779" t="милиционеров"><v><l id="160220" t="милиционер"><g v="NOUN"></g><g v="anim"></g><g v="masc"></g><g v="plur"></g><g v="accs"></g></l></v></tfr></token><token id="624778" text=","><tfr rev_id="1457024" t=","><v><l id="0" t=","><g v="PNCT"></g></l></v></tfr></token><token id="624779" text="дворников"><tfr rev_id="4485824" t="дворников"><v><l id="78961" t="дворник"><g v="NOUN"></g><g v="anim"></g><g v="masc"></g><g v="plur"></g><g v="accs"></g></l></v></tfr></token><token id="624780" text="и"><tfr rev_id="1457026" t="и"><v><l id="116949" t="и"><g v="CONJ"></g></l></v><v><l id="116950" t="и"><g v="INTJ"></g></l></v></tfr></token><token id="624781" text="военнослужащих"><tfr rev_id="4484958" t="военнослужащих"><v><l id="48613" t="военнослужащий"><g v="NOUN"></g><g v="anim"></g><g v="masc"></g><g v="plur"></g><g v="accs"></g></l></v></tfr></token><token id="624782" text="."><tfr rev_id="1457028" t="."><v><l id="0" t="."><g v="PNCT"></g></l></v></tfr></token></tokens></sentence><sentence id="34978"><source>Названа тройка профессий, представителям которых банки хуже всего выдают ипотеку.</source><tokens><token id="624783" text="Названа"><tfr rev_id="1457029" t="Названа"><v><l id="170338" t="назван"><g v="ADJS"></g><g v="femn"></g><g v="sing"></g></l></v><v><l id="170346" t="назван"><g v="PRTS"></g><g v="perf"></g><g v="past"></g><g v="pssv"></g><g v="femn"></g><g v="sing"></g></l></v></tfr></token><token id="624784" text="тройка"><tfr rev_id="1457030" t="тройка"><v><l id="350374" t="тройка"><g v="NOUN"></g><g v="inan"></g><g v="femn"></g><g v="sing"></g><g v="nomn"></g></l></v></tfr></token><token id="624785" text="профессий"><tfr rev_id="1457031" t="профессий"><v><l id="286925" t="профессия"><g v="NOUN"></g><g v="inan"></g><g v="femn"></g><g v="plur"></g><g v="gent"></g></l></v></tfr></token><token id="624786" text=","><tfr rev_id="1457032" t=","><v><l id="0" t=","><g v="PNCT"></g></l></v></tfr></token><token id="624787" text="представителям"><tfr rev_id="1457033" t="представителям"><v><l id="267083" t="представитель"><g v="NOUN"></g><g v="anim"></g><g v="masc"></g><g v="plur"></g><g v="datv"></g></l></v></tfr></token><token id="624788" text="которых"><tfr rev_id="3707524" t="которых"><v><l id="141203" t="который"><g v="ADJF"></g><g v="Apro"></g><g v="Subx"></g><g v="Anph"></g><g v="plur"></g><g v="gent"></g></l></v></tfr></token><token id="624789" text="банки"><tfr rev_id="4083892" t="банки"><v><l id="23569" t="банк"><g v="NOUN"></g><g v="inan"></g><g v="masc"></g><g v="plur"></g><g v="nomn"></g></l></v></tfr></token><token id="624790" text="хуже"><tfr rev_id="4332607" t="хуже"><v><l id="240914" t="хуже"><g v="COMP"></g><g v="Qual"></g></l></v></tfr></token><token id="624791" text="всего"><tfr rev_id="4515591" t="всего"><v><l id="42156" t="весь"><g v="ADJF"></g><g v="Subx"></g><g v="Apro"></g><g v="neut"></g><g v="sing"></g><g v="gent"></g></l></v></tfr></token><token id="624792" text="выдают"><tfr rev_id="1457038" t="выдают"><v><l id="56895" t="выдаю"><g v="VERB"></g><g v="impf"></g><g v="tran"></g><g v="plur"></g><g v="3per"></g><g v="pres"></g><g v="indc"></g></l></v></tfr></token><token id="624793" text="ипотеку"><tfr rev_id="1457039" t="ипотеку"><v><l id="123851" t="ипотека"><g v="NOUN"></g><g v="inan"></g><g v="femn"></g><g v="sing"></g><g v="accs"></g></l></v></tfr></token><token id="624794" text="."><tfr rev_id="1457040" t="."><v><l id="0" t="."><g v="PNCT"></g></l></v></tfr></token></tokens></sentence></paragraph><paragraph id="11141"><sentence id="34979"><source>Перечень профессий, представителям которых банки хуже всего выдают ипотечные кредиты, составлен экспертами компании Penny Lane Realty.</source><tokens><token id="624795" text="Перечень"><tfr rev_id="4101129" t="Перечень"><v><l id="236574" t="перечень"><g v="NOUN"></g><g v="inan"></g><g v="masc"></g><g v="sing"></g><g v="nomn"></g></l></v></tfr></token><token id="624796" text="профессий"><tfr rev_id="1457042" t="профессий"><v><l id="286925" t="профессия"><g v="NOUN"></g><g v="inan"></g><g v="femn"></g><g v="plur"></g><g v="gent"></g></l></v></tfr></token><token id="624797" text=","><tfr rev_id="1457043" t=","><v><l id="0" t=","><g v="PNCT"></g></l></v></tfr></token><token id="624798" text="представителям"><tfr rev_id="1457044" t="представителям"><v><l id="267083" t="представитель"><g v="NOUN"></g><g v="anim"></g><g v="masc"></g><g v="plur"></g><g v="datv"></g></l></v></tfr></token><token id="624799" text="которых"><tfr rev_id="3707521" t="которых"><v><l id="141203" t="который"><g v="ADJF"></g><g v="Apro"></g><g v="Subx"></g><g v="Anph"></g><g v="plur"></g><g v="gent"></g></l></v></tfr></token><token id="624800" text="банки"><tfr rev_id="4280813" t="банки"><v><l id="23569" t="банк"><g v="NOUN"></g><g v="inan"></g><g v="masc"></g><g v="plur"></g><g v="nomn"></g></l></v></tfr></token><token id="624801" text="хуже"><tfr rev_id="4332608" t="хуже"><v><l id="240914" t="хуже"><g v="COMP"></g><g v="Qual"></g></l></v></tfr></token><token id="624802" text="всего"><tfr rev_id="4508029" t="всего"><v><l id="42156" t="весь"><g v="ADJF"></g><g v="Subx"></g><g v="Apro"></g><g v="neut"></g><g v="sing"></g><g v="gent"></g></l></v></tfr></token><token id="624803" text="выдают"><tfr rev_id="1457049" t="выдают"><v><l id="56895" t="выдаю"><g v="VERB"></g><g v="impf"></g><g v="tran"></g><g v="plur"></g><g v="3per"></g><g v="pres"></g><g v="indc"></g></l></v></tfr></token><token id="624804" text="ипотечные"><tfr rev_id="3474458" t="ипотечные"><v><l id="123852" t="ипотечный"><g v="ADJF"></g><g v="Qual"></g><g v="inan"></g><g v="plur"></g><g v="accs"></g></l></v></tfr></token><token id="624805" text="кредиты"><tfr rev_id="3748954" t="кредиты"><v><l id="142158" t="кредит"><g v="NOUN"></g><g v="inan"></g><g v="masc"></g><g v="plur"></g><g v="accs"></g></l></v></tfr></token><token id="624806" text=","><tfr rev_id="1457052" t=","><v><l id="0" t=","><g v="PNCT"></g></l></v></tfr></token><token id="624807" text="составлен"><tfr rev_id="1457053" t="составлен"><v><l id="330487" t="составлен"><g v="PRTS"></g><g v="perf"></g><g v="past"></g><g v="pssv"></g><g v="masc"></g><g v="sing"></g></l></v></tfr></token><token id="624808" text="экспертами"><tfr rev_id="1457054" t="экспертами"><v><l id="383582" t="эксперт"><g v="NOUN"></g><g v="anim"></g><g v="masc"></g><g v="plur"></g><g v="ablt"></g></l></v></tfr></token><token id="624809" text="компании"><tfr rev_id="4314146" t="компании"><v><l id="137146" t="компания"><g v="NOUN"></g><g v="inan"></g><g v="femn"></g><g v="sing"></g><g v="gent"></g></l></v></tfr></token><token id="624810" text="Penny"><tfr rev_id="2474875" t="Penny"><v><l id="0" t="Penny"><g v="LATN"></g></l></v></tfr></token><token id="624811" text="Lane"><tfr rev_id="2474876" t="Lane"><v><l id="0" t="Lane"><g v="LATN"></g></l></v></tfr></token><token id="624812" text="Realty"><tfr rev_id="2474877" t="Realty"><v><l id="0" t="Realty"><g v="LATN"></g></l></v></tfr></token><token id="624813" text="."><tfr rev_id="1457059" t="."><v><l id="0" t="."><g v="PNCT"></g></l></v></tfr></token></tokens></sentence><sentence id="34980"><source>Помимо милиционеров, дворников и военнослужащих, которые заняли в этом списке лидирующие позиции, кредитные организации также не жалуют водителей, сельхозработников, сотрудников туристических и риелторских фирм, а также судей, строителей и предпринимателей.</source><tokens><token id="624814" text="Помимо"><tfr rev_id="1457060" t="Помимо"><v><l id="257727" t="помимо"><g v="PREP"></g></l></v></tfr></token><token id="624815" text="милиционеров"><tfr rev_id="3823048" t="милиционеров"><v><l id="160220" t="милиционер"><g v="NOUN"></g><g v="anim"></g><g v="masc"></g><g v="plur"></g><g v="gent"></g></l></v></tfr></token><token id="624816" text=","><tfr rev_id="1457062" t=","><v><l id="0" t=","><g v="PNCT"></g></l></v></tfr></token><token id="624817" text="дворников"><tfr rev_id="4404714" t="дворников"><v><l id="78961" t="дворник"><g v="NOUN"></g><g v="anim"></g><g v="masc"></g><g v="plur"></g><g v="gent"></g></l></v></tfr></token><token id="624818" text="и"><tfr rev_id="1457064" t="и"><v><l id="116949" t="и"><g v="CONJ"></g></l></v><v><l id="116950" t="и"><g v="INTJ"></g></l></v></tfr></token><token id="624819" text="военнослужащих"><tfr rev_id="4465402" t="военнослужащих"><v><l id="48613" t="военнослужащий"><g v="NOUN"></g><g v="anim"></g><g v="masc"></g><g v="plur"></g><g v="gent"></g></l></v></tfr></token><token id="624820" text=","><tfr rev_id="1457066" t=","><v><l id="0" t=","><g v="PNCT"></g></l></v></tfr></token><token id="624821" text="которые"><tfr rev_id="3756819" t="которые"><v><l id="141203" t="который"><g v="ADJF"></g><g v="Apro"></g><g v="Subx"></g><g v="Anph"></g><g v="plur"></g><g v="nomn"></g></l></v></tfr></token><token id="624822" text="заняли"><tfr rev_id="1457068" t="заняли"><v><l id="106583" t="занял"><g v="VERB"></g><g v="perf"></g><g v="tran"></g><g v="plur"></g><g v="past"></g><g v="indc"></g></l></v></tfr></token><token id="624823" text="в"><tfr rev_id="1457069" t="в"><v><l id="37409" t="в"><g v="PREP"></g></l></v></tfr></token><token id="624824" text="этом"><tfr rev_id="4486694" t="этом"><v><l id="386581" t="этот"><g v="ADJF"></g><g v="Subx"></g><g v="Apro"></g><g v="Anph"></g><g v="masc"></g><g v="sing"></g><g v="loct"></g></l></v></tfr></token><token id="624825" text="списке"><tfr rev_id="1457071" t="списке"><v><l id="332279" t="список"><g v="NOUN"></g><g v="inan"></g><g v="masc"></g><g v="sing"></g><g v="loct"></g></l></v></tfr></token><token id="624826" text="лидирующие"><tfr rev_id="1457072" t="лидирующие"><v><l id="149021" t="лидирующий"><g v="PRTF"></g><g v="impf"></g><g v="intr"></g><g v="pres"></g><g v="actv"></g><g v="plur"></g><g v="nomn"></g></l></v><v><l id="149021" t="лидирующий"><g v="PRTF"></g><g v="impf"></g><g v="intr"></g><g v="pres"></g><g v="actv"></g><g v="inan"></g><g v="plur"></g><g v="accs"></g></l></v></tfr></token><token id="624827" text="позиции"><tfr rev_id="3743426" t="позиции"><v><l id="253607" t="позиция"><g v="NOUN"></g><g v="inan"></g><g v="femn"></g><g v="plur"></g><g v="accs"></g></l></v></tfr></token><token id="624828" text=","><tfr rev_id="1457074" t=","><v><l id="0" t=","><g v="PNCT"></g></l></v></tfr></token><token id="624829" text="кредитные"><tfr rev_id="3748417" t="кредитные"><v><l id="142169" t="кредитный"><g v="ADJF"></g><g v="Qual"></g><g v="plur"></g><g v="nomn"></g></l></v></tfr></token><token id="624830" text="организации"><tfr rev_id="3747467" t="организации"><v><l id="208750" t="организация"><g v="NOUN"></g><g v="inan"></g><g v="femn"></g><g v="plur"></g><g v="nomn"></g></l></v></tfr></token><token id="624831" text="также"><tfr rev_id="4267759" t="также"><v><l id="342482" t="также"><g v="PRCL"></g></l></v></tfr></token><token id="624832" text="не"><tfr rev_id="1457078" t="не"><v><l id="178876" t="не"><g v="PRCL"></g></l></v></tfr></token><token id="624833" text="жалуют"><tfr rev_id="1457079" t="жалуют"><v><l id="95783" t="жалую"><g v="VERB"></g><g v="impf"></g><g v="tran"></g><g v="plur"></g><g v="3per"></g><g v="pres"></g><g v="indc"></g></l></v></tfr></token><token id="624834" text="водителей"><tfr rev_id="4200113" t="водителей"><v><l id="48059" t="водитель"><g v="NOUN"></g><g v="anim"></g><g v="masc"></g><g v="plur"></g><g v="accs"></g></l></v></tfr></token><token id="624835" text=","><tfr rev_id="1457081" t=","><v><l id="0" t=","><g v="PNCT"></g></l></v></tfr></token><token id="624836" text="сельхозработников"><tfr rev_id="1457082" t="сельхозработников"><v><l id="0" t="сельхозработников"><g v="UNKN"></g></l></v></tfr></token><token id="624837" text=","><tfr rev_id="1457083" t=","><v><l id="0" t=","><g v="PNCT"></g></l></v></tfr></token><token id="624838" text="сотрудников"><tfr rev_id="3645306" t="сотрудников"><v><l id="330867" t="сотрудник"><g v="NOUN"></g><g v="anim"></g><g v="masc"></g><g v="plur"></g><g v="accs"></g></l></v></tfr></token><token id="624839" text="туристических"><tfr rev_id="4099816" t="туристических"><v><l id="351775" t="туристический"><g v="ADJF"></g><g v="plur"></g><g v="gent"></g></l></v></tfr></token><token id="624840" text="и"><tfr rev_id="4093950" t="и"><v><l id="116949" t="и"><g v="CONJ"></g></l></v></tfr></token><token id="624841" text="риелторских"><tfr rev_id="4579769" t="риелторских"><v><l id="394727" t="риелторский"><g v="ADJF"></g><g v="plur"></g><g v="anim"></g><g v="accs"></g></l></v><v><l id="394727" t="риелторский"><g v="ADJF"></g><g v="plur"></g><g v="gent"></g></l></v><v><l id="394727" t="риелторский"><g v="ADJF"></g><g v="plur"></g><g v="loct"></g></l></v></tfr></token><token id="624842" text="фирм"><tfr rev_id="1457088" t="фирм"><v><l id="366226" t="фирма"><g v="NOUN"></g><g v="inan"></g><g v="femn"></g><g v="plur"></g><g v="gent"></g></l></v></tfr></token><token id="624843" text=","><tfr rev_id="1457089" t=","><v><l id="0" t=","><g v="PNCT"></g></l></v></tfr></token><token id="624844" text="а"><tfr rev_id="1457090" t="а"><v><l id="51" t="а"><g v="CONJ"></g></l></v><v><l id="52" t="а"><g v="INTJ"></g></l></v><v><l id="53" t="а"><g v="PRCL"></g></l></v></tfr></token><token id="624845" text="также"><tfr rev_id="4267760" t="также"><v><l id="342482" t="также"><g v="PRCL"></g></l></v></tfr></token><token id="624846" text="судей"><tfr rev_id="4527559" t="судей"><v><l id="339112" t="судья"><g v="NOUN"></g><g v="anim"></g><g v="ms-f"></g><g v="plur"></g><g v="accs"></g></l></v></tfr></token><token id="624847" text=","><tfr rev_id="1457093" t=","><v><l id="0" t=","><g v="PNCT"></g></l></v></tfr></token><token id="624848" text="строителей"><tfr rev_id="4085303" t="строителей"><v><l id="337664" t="строитель"><g v="NOUN"></g><g v="anim"></g><g v="masc"></g><g v="plur"></g><g v="accs"></g></l></v></tfr></token><token id="624849" text="и"><tfr rev_id="1457095" t="и"><v><l id="116949" t="и"><g v="CONJ"></g></l></v><v><l id="116950" t="и"><g v="INTJ"></g></l></v></tfr></token><token id="624850" text="предпринимателей"><tfr rev_id="4098068" t="предпринимателей"><v><l id="266898" t="предприниматель"><g v="NOUN"></g><g v="anim"></g><g v="masc"></g><g v="plur"></g><g v="accs"></g></l></v></tfr></token><token id="624851" text="."><tfr rev_id="1457097" t="."><v><l id="0" t="."><g v="PNCT"></g></l></v></tfr></token></tokens></sentence></paragraph><paragraph id="11142"><sentence id="34981"><source>Как отмечает Infox.ru, представители одних профессий (дворники, маляры) отпугивают банки низкими доходами, низким коэффициентом интеллекта, склонностью к пьянству.</source><tokens><token id="624852" text="Как"><tfr rev_id="1457098" t="Как"><v><l id="128190" t="как"><g v="CONJ"></g></l></v><v><l id="128191" t="как"><g v="PRCL"></g></l></v><v><l id="128192" t="как"><g v="ADVB"></g><g v="Ques"></g></l></v></tfr></token><token id="624853" text="отмечает"><tfr rev_id="1457099" t="отмечает"><v><l id="215600" t="отмечаю"><g v="VERB"></g><g v="impf"></g><g v="tran"></g><g v="sing"></g><g v="3per"></g><g v="pres"></g><g v="indc"></g></l></v></tfr></token><token id="624854" text="Infox.ru"><tfr rev_id="2474878" t="Infox.ru"><v><l id="0" t="Infox.ru"><g v="LATN"></g></l></v></tfr></token><token id="624855" text=","><tfr rev_id="1457101" t=","><v><l id="0" t=","><g v="PNCT"></g></l></v></tfr></token><token id="624856" text="представители"><tfr rev_id="1457102" t="представители"><v><l id="267083" t="представитель"><g v="NOUN"></g><g v="anim"></g><g v="masc"></g><g v="plur"></g><g v="nomn"></g></l></v></tfr></token><token id="624857" text="одних"><tfr rev_id="4303397" t="одних"><v><l id="203319" t="один"><g v="ADJF"></g><g v="Apro"></g><g v="Anum"></g><g v="plur"></g><g v="gent"></g></l></v><v><l id="203319" t="один"><g v="ADJF"></g><g v="Apro"></g><g v="Anum"></g><g v="anim"></g><g v="plur"></g><g v="accs"></g></l></v><v><l id="203319" t="один"><g v="ADJF"></g><g v="Apro"></g><g v="Anum"></g><g v="plur"></g><g v="loct"></g></l></v></tfr></token><token id="624858" text="профессий"><tfr rev_id="1457104" t="профессий"><v><l id="286925" t="профессия"><g v="NOUN"></g><g v="inan"></g><g v="femn"></g><g v="plur"></g><g v="gent"></g></l></v></tfr></token><token id="624859" text="("><tfr rev_id="1457105" t="("><v><l id="0" t="("><g v="PNCT"></g></l></v></tfr></token><token id="624860" text="дворники"><tfr rev_id="4282367" t="дворники"><v><l id="78961" t="дворник"><g v="NOUN"></g><g v="anim"></g><g v="masc"></g><g v="plur"></g><g v="nomn"></g></l></v></tfr></token><token id="624861" text=","><tfr rev_id="1457107" t=","><v><l id="0" t=","><g v="PNCT"></g></l></v></tfr></token><token id="624862" text="маляры"><tfr rev_id="1457108" t="маляры"><v><l id="154463" t="маляр"><g v="NOUN"></g><g v="anim"></g><g v="masc"></g><g v="plur"></g><g v="nomn"></g></l></v></tfr></token><token id="624863" text=")"><tfr rev_id="1457109" t=")"><v><l id="0" t=")"><g v="PNCT"></g></l></v></tfr></token><token id="624864" text="отпугивают"><tfr rev_id="1457110" t="отпугивают"><v><l id="217110" t="отпугиваю"><g v="VERB"></g><g v="impf"></g><g v="tran"></g><g v="plur"></g><g v="3per"></g><g v="pres"></g><g v="indc"></g></l></v></tfr></token><token id="624865" text="банки"><tfr rev_id="4280814" t="банки"><v><l id="23569" t="банк"><g v="NOUN"></g><g v="inan"></g><g v="masc"></g><g v="plur"></g><g v="accs"></g></l></v></tfr></token><token id="624866" text="низкими"><tfr rev_id="1457112" t="низкими"><v><l id="190662" t="низкий"><g v="ADJF"></g><g v="Qual"></g><g v="plur"></g><g v="ablt"></g></l></v></tfr></token><token id="624867" text="доходами"><tfr rev_id="1457113" t="доходами"><v><l id="91228" t="доход"><g v="NOUN"></g><g v="inan"></g><g v="masc"></g><g v="plur"></g><g v="ablt"></g></l></v></tfr></token><token id="624868" text=","><tfr rev_id="1457114" t=","><v><l id="0" t=","><g v="PNCT"></g></l></v></tfr></token><token id="624869" text="низким"><tfr rev_id="4400324" t="низким"><v><l id="190662" t="низкий"><g v="ADJF"></g><g v="Qual"></g><g v="masc"></g><g v="sing"></g><g v="ablt"></g></l></v></tfr></token><token id="624870" text="коэффициентом"><tfr rev_id="1457116" t="коэффициентом"><v><l id="141443" t="коэффициент"><g v="NOUN"></g><g v="inan"></g><g v="masc"></g><g v="sing"></g><g v="ablt"></g></l></v></tfr></token><token id="624871" text="интеллекта"><tfr rev_id="1457117" t="интеллекта"><v><l id="123058" t="интеллект"><g v="NOUN"></g><g v="inan"></g><g v="masc"></g><g v="sing"></g><g v="gent"></g></l></v></tfr></token><token id="624872" text=","><tfr rev_id="1457118" t=","><v><l id="0" t=","><g v="PNCT"></g></l></v></tfr></token><token id="624873" text="склонностью"><tfr rev_id="1457119" t="склонностью"><v><l id="322593" t="склонность"><g v="NOUN"></g><g v="inan"></g><g v="femn"></g><g v="sing"></g><g v="ablt"></g></l></v></tfr></token><token id="624874" text="к"><tfr rev_id="1457120" t="к"><v><l id="127460" t="к"><g v="PREP"></g></l></v></tfr></token><token id="624875" text="пьянству"><tfr rev_id="1457121" t="пьянству"><v><l id="290217" t="пьянство"><g v="NOUN"></g><g v="inan"></g><g v="neut"></g><g v="sing"></g><g v="datv"></g></l></v></tfr></token><token id="624876" text="."><tfr rev_id="1457122" t="."><v><l id="0" t="."><g v="PNCT"></g></l></v></tfr></token></tokens></sentence><sentence id="34982"><source>Милиционерам и военным кредитные организации отказывают из-за того, что они негативно воспринимаются обществом, высоко коррумпированы и имеют низкую финансовую грамотность.</source><tokens><token id="624877" text="Милиционерам"><tfr rev_id="1457123" t="Милиционерам"><v><l id="160220" t="милиционер"><g v="NOUN"></g><g v="anim"></g><g v="masc"></g><g v="plur"></g><g v="datv"></g></l></v></tfr></token><token id="624878" text="и"><tfr rev_id="3945501" t="и"><v><l id="116949" t="и"><g v="CONJ"></g></l></v></tfr></token><token id="624879" text="военным"><tfr rev_id="4195971" t="военным"><v><l id="48618" t="военный"><g v="NOUN"></g><g v="anim"></g><g v="masc"></g><g v="plur"></g><g v="datv"></g></l></v></tfr></token><token id="624880" text="кредитные"><tfr rev_id="3764069" t="кредитные"><v><l id="142169" t="кредитный"><g v="ADJF"></g><g v="Qual"></g><g v="plur"></g><g v="nomn"></g></l></v></tfr></token><token id="624881" text="организации"><tfr rev_id="3795045" t="организации"><v><l id="208750" t="организация"><g v="NOUN"></g><g v="inan"></g><g v="femn"></g><g v="plur"></g><g v="nomn"></g></l></v></tfr></token><token id="624882" text="отказывают"><tfr rev_id="1457128" t="отказывают"><v><l id="213952" t="отказываю"><g v="VERB"></g><g v="impf"></g><g v="tran"></g><g v="plur"></g><g v="3per"></g><g v="pres"></g><g v="indc"></g></l></v><v><l id="213959" t="отказываю"><g v="VERB"></g><g v="impf"></g><g v="intr"></g><g v="plur"></g><g v="3per"></g><g v="pres"></g><g v="indc"></g></l></v></tfr></token><token id="624883" text="из-за"><tfr rev_id="1457129" t="из-за"><v><l id="117678" t="из-за"><g v="PREP"></g></l></v></tfr></token><token id="624884" text="того"><tfr rev_id="4376365" t="того"><v><l id="348430" t="тот"><g v="ADJF"></g><g v="Subx"></g><g v="Apro"></g><g v="Anph"></g><g v="neut"></g><g v="sing"></g><g v="gent"></g></l></v></tfr></token><token id="624885" text=","><tfr rev_id="1457131" t=","><v><l id="0" t=","><g v="PNCT"></g></l></v></tfr></token><token id="624886" text="что"><tfr rev_id="3197045" t="что"><v><l id="377004" t="что"><g v="CONJ"></g></l></v><v><l id="377005" t="что"><g v="NPRO"></g><g v="neut"></g><g v="sing"></g><g v="nomn"></g></l></v><v><l id="377005" t="что"><g v="NPRO"></g><g v="neut"></g><g v="sing"></g><g v="accs"></g></l></v><v><l id="377006" t="что"><g v="ADVB"></g><g v="Ques"></g></l></v><v><l id="388695" t="что"><g v="PRCL"></g></l></v></tfr></token><token id="624887" text="они"><tfr rev_id="3599397" t="они"><v><l id="206619" t="они"><g v="NPRO"></g><g v="3per"></g><g v="Anph"></g><g v="plur"></g><g v="nomn"></g></l></v></tfr></token><token id="624888" text="негативно"><tfr rev_id="3709924" t="негативно"><v><l id="180349" t="негативно"><g v="ADVB"></g></l></v></tfr></token><token id="624889" text="воспринимаются"><tfr rev_id="1457135" t="воспринимаются"><v><l id="51693" t="воспринимаюсь"><g v="VERB"></g><g v="impf"></g><g v="intr"></g><g v="plur"></g><g v="3per"></g><g v="pres"></g><g v="indc"></g></l></v></tfr></token><token id="624890" text="обществом"><tfr rev_id="1457136" t="обществом"><v><l id="201616" t="общество"><g v="NOUN"></g><g v="inan"></g><g v="neut"></g><g v="sing"></g><g v="ablt"></g></l></v></tfr></token><token id="624891" text=","><tfr rev_id="1457137" t=","><v><l id="0" t=","><g v="PNCT"></g></l></v></tfr></token><token id="624892" text="высоко"><tfr rev_id="1457138" t="высоко"><v><l id="62138" t="высок"><g v="ADJS"></g><g v="Qual"></g><g v="neut"></g><g v="sing"></g></l></v><v><l id="62142" t="высоко"><g v="ADVB"></g></l></v></tfr></token><token id="624893" text="коррумпированы"><tfr rev_id="1457139" t="коррумпированы"><v><l id="140318" t="коррумпирован"><g v="PRTS"></g><g v="perf"></g><g v="past"></g><g v="pssv"></g><g v="plur"></g></l></v><v><l id="140319" t="коррумпирован"><g v="PRTS"></g><g v="impf"></g><g v="past"></g><g v="pssv"></g><g v="plur"></g></l></v></tfr></token><token id="624894" text="и"><tfr rev_id="1457140" t="и"><v><l id="116949" t="и"><g v="CONJ"></g></l></v><v><l id="116950" t="и"><g v="INTJ"></g></l></v></tfr></token><token id="624895" text="имеют"><tfr rev_id="1457141" t="имеют"><v><l id="121610" t="имею"><g v="VERB"></g><g v="impf"></g><g v="tran"></g><g v="plur"></g><g v="3per"></g><g v="pres"></g><g v="indc"></g></l></v></tfr></token><token id="624896" text="низкую"><tfr rev_id="1457142" t="низкую"><v><l id="190662" t="низкий"><g v="ADJF"></g><g v="Qual"></g><g v="femn"></g><g v="sing"></g><g v="accs"></g></l></v></tfr></token><token id="624897" text="финансовую"><tfr rev_id="3348601" t="финансовую"><v><l id="366103" t="финансовый"><g v="ADJF"></g><g v="femn"></g><g v="sing"></g><g v="accs"></g></l></v></tfr></token><token id="624898" text="грамотность"><tfr rev_id="3538002" t="грамотность"><v><l id="74596" t="грамотность"><g v="NOUN"></g><g v="inan"></g><g v="femn"></g><g v="sing"></g><g v="accs"></g></l></v></tfr></token><token id="624899" text="."><tfr rev_id="1457145" t="."><v><l id="0" t="."><g v="PNCT"></g></l></v></tfr></token></tokens></sentence><sentence id="34983"><source>Водителей не жалуют по той причине, что они находятся в зоне риска — если их лишат водительского удостоверения, то вернуть деньги им будет очень тяжело.</source><tokens><token id="624900" text="Водителей"><tfr rev_id="3538123" t="Водителей"><v><l id="48059" t="водитель"><g v="NOUN"></g><g v="anim"></g><g v="masc"></g><g v="plur"></g><g v="accs"></g></l></v></tfr></token><token id="624901" text="не"><tfr rev_id="1457147" t="не"><v><l id="178876" t="не"><g v="PRCL"></g></l></v></tfr></token><token id="624902" text="жалуют"><tfr rev_id="1457148" t="жалуют"><v><l id="95783" t="жалую"><g v="VERB"></g><g v="impf"></g><g v="tran"></g><g v="plur"></g><g v="3per"></g><g v="pres"></g><g v="indc"></g></l></v></tfr></token><token id="624903" text="по"><tfr rev_id="1457149" t="по"><v><l id="241240" t="по"><g v="PREP"></g></l></v></tfr></token><token id="624904" text="той"><tfr rev_id="4216027" t="той"><v><l id="348430" t="тот"><g v="ADJF"></g><g v="Subx"></g><g v="Apro"></g><g v="Anph"></g><g v="femn"></g><g v="sing"></g><g v="datv"></g></l></v></tfr></token><token id="624905" text="причине"><tfr rev_id="3500321" t="причине"><v><l id="276522" t="причина"><g v="NOUN"></g><g v="inan"></g><g v="femn"></g><g v="sing"></g><g v="datv"></g></l></v></tfr></token><token id="624906" text=","><tfr rev_id="1457152" t=","><v><l id="0" t=","><g v="PNCT"></g></l></v></tfr></token><token id="624907" text="что"><tfr rev_id="3197046" t="что"><v><l id="377004" t="что"><g v="CONJ"></g></l></v><v><l id="377005" t="что"><g v="NPRO"></g><g v="neut"></g><g v="sing"></g><g v="nomn"></g></l></v><v><l id="377005" t="что"><g v="NPRO"></g><g v="neut"></g><g v="sing"></g><g v="accs"></g></l></v><v><l id="377006" t="что"><g v="ADVB"></g><g v="Ques"></g></l></v><v><l id="388695" t="что"><g v="PRCL"></g></l></v></tfr></token><token id="624908" text="они"><tfr rev_id="3599398" t="они"><v><l id="206619" t="они"><g v="NPRO"></g><g v="3per"></g><g v="Anph"></g><g v="plur"></g><g v="nomn"></g></l></v></tfr></token><token id="624909" text="находятся"><tfr rev_id="2703885" t="находятся"><v><l id="177898" t="нахожусь"><g v="VERB"></g><g v="impf"></g><g v="intr"></g><g v="plur"></g><g v="3per"></g><g v="pres"></g><g v="indc"></g></l></v></tfr></token><token id="624910" text="в"><tfr rev_id="1457156" t="в"><v><l id="37409" t="в"><g v="PREP"></g></l></v></tfr></token><token id="624911" text="зоне"><tfr rev_id="3545939" t="зоне"><v><l id="116338" t="зона"><g v="NOUN"></g><g v="inan"></g><g v="femn"></g><g v="sing"></g><g v="loct"></g></l></v></tfr></token><token id="624912" text="риска"><tfr rev_id="4160024" t="риска"><v><l id="307762" t="риск"><g v="NOUN"></g><g v="inan"></g><g v="masc"></g><g v="sing"></g><g v="gen1"></g></l></v></tfr></token><token id="624913" text="—"><tfr rev_id="2444513" t="—"><v><l id="0" t="—"><g v="PNCT"></g></l></v></tfr></token><token id="624914" text="если"><tfr rev_id="1457160" t="если"><v><l id="95365" t="если"><g v="CONJ"></g></l></v></tfr></token><token id="624915" text="их"><tfr rev_id="3945891" t="их"><v><l id="206619" t="они"><g v="NPRO"></g><g v="3per"></g><g v="Anph"></g><g v="plur"></g><g v="gent"></g></l></v><v><l id="206619" t="они"><g v="NPRO"></g><g v="3per"></g><g v="Anph"></g><g v="plur"></g><g v="accs"></g></l></v></tfr></token><token id="624916" text="лишат"><tfr rev_id="1457162" t="лишат"><v><l id="150246" t="лишил"><g v="VERB"></g><g v="perf"></g><g v="tran"></g><g v="plur"></g><g v="3per"></g><g v="futr"></g><g v="indc"></g></l></v></tfr></token><token id="624917" text="водительского"><tfr rev_id="4161249" t="водительского"><v><l id="48060" t="водительский"><g v="ADJF"></g><g v="neut"></g><g v="sing"></g><g v="gent"></g></l></v></tfr></token><token id="624918" text="удостоверения"><tfr rev_id="3264420" t="удостоверения"><v><l id="355176" t="удостоверение"><g v="NOUN"></g><g v="inan"></g><g v="neut"></g><g v="sing"></g><g v="gent"></g></l></v></tfr></token><token id="624919" text=","><tfr rev_id="1457165" t=","><v><l id="0" t=","><g v="PNCT"></g></l></v></tfr></token><token id="624920" text="то"><tfr rev_id="4486320" t="то"><v><l id="346835" t="то"><g v="CONJ"></g></l></v></tfr></token><token id="624921" text="вернуть"><tfr rev_id="1457167" t="вернуть"><v><l id="41480" t="вернуть"><g v="INFN"></g><g v="perf"></g><g v="tran"></g></l></v></tfr></token><token id="624922" text="деньги"><tfr rev_id="4325096" t="деньги"><v><l id="81429" t="деньги"><g v="NOUN"></g><g v="inan"></g><g v="femn"></g><g v="plur"></g><g v="accs"></g></l></v></tfr></token><token id="624923" text="им"><tfr rev_id="4530895" t="им"><v><l id="206619" t="они"><g v="NPRO"></g><g v="3per"></g><g v="Anph"></g><g v="plur"></g><g v="datv"></g></l></v></tfr></token><token id="624924" text="будет"><tfr rev_id="1457170" t="будет"><v><l id="37265" t="есть"><g v="VERB"></g><g v="impf"></g><g v="intr"></g><g v="sing"></g><g v="3per"></g><g v="futr"></g><g v="indc"></g></l></v></tfr></token><token id="624925" text="очень"><tfr rev_id="1457171" t="очень"><v><l id="221681" t="очень"><g v="ADVB"></g></l></v></tfr></token><token id="624926" text="тяжело"><tfr rev_id="1457172" t="тяжело"><v><l id="352657" t="тяжёл"><g v="ADJS"></g><g v="Qual"></g><g v="neut"></g><g v="sing"></g></l></v><v><l id="352689" t="тяжело"><g v="ADVB"></g><g v="Prdx"></g></l></v></tfr></token><token id="624927" text="."><tfr rev_id="1457173" t="."><v><l id="0" t="."><g v="PNCT"></g></l></v></tfr></token></tokens></sentence><sentence id="34984"><source>Также в зоне риска, но уже из-за погоды, находятся фермеры, которых банки также отнесли к категории нежелательных клиентов.</source><tokens><token id="624928" text="Также"><tfr rev_id="4267761" t="Также"><v><l id="342482" t="также"><g v="PRCL"></g></l></v></tfr></token><token id="624929" text="в"><tfr rev_id="1457175" t="в"><v><l id="37409" t="в"><g v="PREP"></g></l></v></tfr></token><token id="624930" text="зоне"><tfr rev_id="2931204" t="зоне"><v><l id="116338" t="зона"><g v="NOUN"></g><g v="inan"></g><g v="femn"></g><g v="sing"></g><g v="loct"></g></l></v></tfr></token><token id="624931" text="риска"><tfr rev_id="4292998" t="риска"><v><l id="307762" t="риск"><g v="NOUN"></g><g v="inan"></g><g v="masc"></g><g v="sing"></g><g v="gen1"></g></l></v></tfr></token><token id="624932" text=","><tfr rev_id="1457178" t=","><v><l id="0" t=","><g v="PNCT"></g></l></v></tfr></token><token id="624933" text="но"><tfr rev_id="1457179" t="но"><v><l id="191429" t="но"><g v="CONJ"></g></l></v><v><l id="191430" t="но"><g v="INTJ"></g></l></v></tfr></token><token id="624934" text="уже"><tfr rev_id="2692762" t="уже"><v><l id="355422" t="уж"><g v="NOUN"></g><g v="anim"></g><g v="masc"></g><g v="sing"></g><g v="loct"></g></l></v><v><l id="355498" t="уже"><g v="ADVB"></g></l></v><v><l id="355674" t="уже"><g v="COMP"></g><g v="Qual"></g></l></v><v><l id="388673" t="уже"><g v="PRCL"></g></l></v></tfr></token><token id="624935" text="из-за"><tfr rev_id="1457181" t="из-за"><v><l id="117678" t="из-за"><g v="PREP"></g></l></v></tfr></token><token id="624936" text="погоды"><tfr rev_id="3461688" t="погоды"><v><l id="243378" t="погода"><g v="NOUN"></g><g v="inan"></g><g v="femn"></g><g v="sing"></g><g v="gent"></g></l></v></tfr></token><token id="624937" text=","><tfr rev_id="1457183" t=","><v><l id="0" t=","><g v="PNCT"></g></l></v></tfr></token><token id="624938" text="находятся"><tfr rev_id="1457184" t="находятся"><v><l id="177898" t="нахожусь"><g v="VERB"></g><g v="impf"></g><g v="intr"></g><g v="plur"></g><g v="3per"></g><g v="pres"></g><g v="indc"></g></l></v><v><l id="177903" t="находился"><g v="VERB"></g><g v="perf"></g><g v="intr"></g><g v="plur"></g><g v="3per"></g><g v="futr"></g><g v="indc"></g></l></v></tfr></token><token id="624939" text="фермеры"><tfr rev_id="1457185" t="фермеры"><v><l id="365375" t="фермер"><g v="NOUN"></g><g v="anim"></g><g v="masc"></g><g v="plur"></g><g v="nomn"></g></l></v></tfr></token><token id="624940" text=","><tfr rev_id="1457186" t=","><v><l id="0" t=","><g v="PNCT"></g></l></v></tfr></token><token id="624941" text="которых"><tfr rev_id="4198092" t="которых"><v><l id="141203" t="который"><g v="ADJF"></g><g v="Apro"></g><g v="Subx"></g><g v="Anph"></g><g v="anim"></g><g v="plur"></g><g v="accs"></g></l></v></tfr></token><token id="624942" text="банки"><tfr rev_id="4280815" t="банки"><v><l id="23569" t="банк"><g v="NOUN"></g><g v="inan"></g><g v="masc"></g><g v="plur"></g><g v="nomn"></g></l></v></tfr></token><token id="624943" text="также"><tfr rev_id="4267762" t="также"><v><l id="342482" t="также"><g v="PRCL"></g></l></v></tfr></token><token id="624944" text="отнесли"><tfr rev_id="1457190" t="отнесли"><v><l id="215860" t="отнёс"><g v="VERB"></g><g v="perf"></g><g v="tran"></g><g v="plur"></g><g v="past"></g><g v="indc"></g></l></v></tfr></token><token id="624945" text="к"><tfr rev_id="1457191" t="к"><v><l id="127460" t="к"><g v="PREP"></g></l></v></tfr></token><token id="624946" text="категории"><tfr rev_id="4286309" t="категории"><v><l id="131320" t="категория"><g v="NOUN"></g><g v="inan"></g><g v="femn"></g><g v="sing"></g><g v="datv"></g></l></v></tfr></token><token id="624947" text="нежелательных"><tfr rev_id="3542473" t="нежелательных"><v><l id="182012" t="нежелательный"><g v="ADJF"></g><g v="Qual"></g><g v="plur"></g><g v="gent"></g></l></v></tfr></token><token id="624948" text="клиентов"><tfr rev_id="4456838" t="клиентов"><v><l id="134285" t="клиент"><g v="NOUN"></g><g v="anim"></g><g v="masc"></g><g v="plur"></g><g v="gent"></g></l></v></tfr></token><token id="624949" text="."><tfr rev_id="1457195" t="."><v><l id="0" t="."><g v="PNCT"></g></l></v></tfr></token></tokens></sentence></paragraph></paragraphs></text>