<?xml version="1.0" encoding="utf-8"?><text id="1193" parent="226" name="08906 Кенгуру могут подложить Австралии большую свинью"><tags><tag>url:http://www.chaskor.ru/news/kenguru_mogut_podlozhit_avstralii_bolshuyu_svinyu_8906</tag><tag>Год:2009</tag><tag>Дата:31/07</tag><tag>Тема:ЧасКор:Экономика</tag><tag>Тема:ЧасКор:Экономика/Торговля</tag></tags><paragraphs><paragraph id="11143"><sentence id="34985"><source>Кенгуру могут подложить Австралии большую свинью.</source><tokens><token id="624950" text="Кенгуру"><tfr rev_id="4396004" t="Кенгуру"><v><l id="132406" t="кенгуру"><g v="NOUN"></g><g v="anim"></g><g v="masc"></g><g v="Fixd"></g><g v="plur"></g><g v="nomn"></g></l></v></tfr></token><token id="624951" text="могут"><tfr rev_id="1457197" t="могут"><v><l id="164485" t="могу"><g v="VERB"></g><g v="impf"></g><g v="intr"></g><g v="plur"></g><g v="3per"></g><g v="pres"></g><g v="indc"></g></l></v></tfr></token><token id="624952" text="подложить"><tfr rev_id="1457198" t="подложить"><v><l id="247242" t="подложить"><g v="INFN"></g><g v="perf"></g><g v="tran"></g></l></v></tfr></token><token id="624953" text="Австралии"><tfr rev_id="3455079" t="Австралии"><v><l id="2948" t="австралия"><g v="NOUN"></g><g v="inan"></g><g v="femn"></g><g v="Sgtm"></g><g v="Geox"></g><g v="sing"></g><g v="datv"></g></l></v></tfr></token><token id="624954" text="большую"><tfr rev_id="4534432" t="большую"><v><l id="32439" t="больший"><g v="ADJF"></g><g v="Qual"></g><g v="femn"></g><g v="sing"></g><g v="accs"></g></l></v><v><l id="32445" t="большой"><g v="ADJF"></g><g v="Qual"></g><g v="femn"></g><g v="sing"></g><g v="accs"></g></l></v></tfr></token><token id="624955" text="свинью"><tfr rev_id="1457201" t="свинью"><v><l id="316038" t="свинья"><g v="NOUN"></g><g v="anim"></g><g v="femn"></g><g v="sing"></g><g v="accs"></g></l></v></tfr></token><token id="624956" text="."><tfr rev_id="1457202" t="."><v><l id="0" t="."><g v="PNCT"></g></l></v></tfr></token></tokens></sentence><sentence id="34986"><source>Российский запрет на ввоз кенгурятины грозит Зелёному материку экологической катастрофой.</source><tokens><token id="624957" text="Российский"><tfr rev_id="1457203" t="Российский"><v><l id="309319" t="российский"><g v="ADJF"></g><g v="masc"></g><g v="sing"></g><g v="nomn"></g></l></v><v><l id="309319" t="российский"><g v="ADJF"></g><g v="inan"></g><g v="masc"></g><g v="sing"></g><g v="accs"></g></l></v></tfr></token><token id="624958" text="запрет"><tfr rev_id="1715840" t="запрет"><v><l id="107924" t="запрет"><g v="NOUN"></g><g v="inan"></g><g v="masc"></g><g v="sing"></g><g v="nomn"></g></l></v><v><l id="107924" t="запрет"><g v="NOUN"></g><g v="inan"></g><g v="masc"></g><g v="sing"></g><g v="accs"></g></l></v></tfr></token><token id="624959" text="на"><tfr rev_id="3340816" t="на"><v><l id="166264" t="на"><g v="PREP"></g></l></v></tfr></token><token id="624960" text="ввоз"><tfr rev_id="4101516" t="ввоз"><v><l id="39780" t="ввоз"><g v="NOUN"></g><g v="inan"></g><g v="masc"></g><g v="sing"></g><g v="accs"></g></l></v></tfr></token><token id="624961" text="кенгурятины"><tfr rev_id="4566671" t="кенгурятины"><v><l id="393836" t="кенгурятина"><g v="NOUN"></g><g v="inan"></g><g v="femn"></g><g v="plur"></g><g v="accs"></g></l></v><v><l id="393836" t="кенгурятина"><g v="NOUN"></g><g v="inan"></g><g v="femn"></g><g v="plur"></g><g v="nomn"></g></l></v><v><l id="393836" t="кенгурятина"><g v="NOUN"></g><g v="inan"></g><g v="femn"></g><g v="sing"></g><g v="gent"></g></l></v></tfr></token><token id="624962" text="грозит"><tfr rev_id="1457208" t="грозит"><v><l id="75593" t="грожу"><g v="VERB"></g><g v="impf"></g><g v="intr"></g><g v="sing"></g><g v="3per"></g><g v="pres"></g><g v="indc"></g></l></v></tfr></token><token id="624963" text="Зелёному"><tfr rev_id="3448714" t="Зелёному"><v><l id="114879" t="зелёный"><g v="ADJF"></g><g v="Qual"></g><g v="masc"></g><g v="sing"></g><g v="datv"></g></l></v></tfr></token><token id="624964" text="материку"><tfr rev_id="1457210" t="материку"><v><l id="156258" t="материк"><g v="NOUN"></g><g v="inan"></g><g v="masc"></g><g v="sing"></g><g v="datv"></g></l></v></tfr></token><token id="624965" text="экологической"><tfr rev_id="2633865" t="экологической"><v><l id="383322" t="экологический"><g v="ADJF"></g><g v="femn"></g><g v="sing"></g><g v="ablt"></g></l></v></tfr></token><token id="624966" text="катастрофой"><tfr rev_id="1457212" t="катастрофой"><v><l id="131282" t="катастрофа"><g v="NOUN"></g><g v="inan"></g><g v="femn"></g><g v="sing"></g><g v="ablt"></g></l></v></tfr></token><token id="624967" text="."><tfr rev_id="1457213" t="."><v><l id="0" t="."><g v="PNCT"></g></l></v></tfr></token></tokens></sentence></paragraph><paragraph id="11144"><sentence id="34987"><source>Австралийские власти всерьёз переживают, что российские ограничения на поставки кенгурятины станут настоящим экологическим бедствием для страны.</source><tokens><token id="624968" text="Австралийские"><tfr rev_id="3748475" t="Австралийские"><v><l id="2946" t="австралийский"><g v="ADJF"></g><g v="plur"></g><g v="nomn"></g></l></v></tfr></token><token id="624969" text="власти"><tfr rev_id="3813168" t="власти"><v><l id="46816" t="власть"><g v="NOUN"></g><g v="inan"></g><g v="femn"></g><g v="plur"></g><g v="nomn"></g></l></v></tfr></token><token id="624970" text="всерьёз"><tfr rev_id="1457216" t="всерьёз"><v><l id="53525" t="всерьёз"><g v="ADVB"></g></l></v></tfr></token><token id="624971" text="переживают"><tfr rev_id="1457217" t="переживают"><v><l id="228687" t="переживаю"><g v="VERB"></g><g v="impf"></g><g v="tran"></g><g v="plur"></g><g v="3per"></g><g v="pres"></g><g v="indc"></g></l></v></tfr></token><token id="624972" text=","><tfr rev_id="1457218" t=","><v><l id="0" t=","><g v="PNCT"></g></l></v></tfr></token><token id="624973" text="что"><tfr rev_id="3197047" t="что"><v><l id="377004" t="что"><g v="CONJ"></g></l></v><v><l id="377005" t="что"><g v="NPRO"></g><g v="neut"></g><g v="sing"></g><g v="nomn"></g></l></v><v><l id="377005" t="что"><g v="NPRO"></g><g v="neut"></g><g v="sing"></g><g v="accs"></g></l></v><v><l id="377006" t="что"><g v="ADVB"></g><g v="Ques"></g></l></v><v><l id="388695" t="что"><g v="PRCL"></g></l></v></tfr></token><token id="624974" text="российские"><tfr rev_id="4074910" t="российские"><v><l id="309319" t="российский"><g v="ADJF"></g><g v="plur"></g><g v="nomn"></g></l></v></tfr></token><token id="624975" text="ограничения"><tfr rev_id="3761926" t="ограничения"><v><l id="202915" t="ограничение"><g v="NOUN"></g><g v="inan"></g><g v="neut"></g><g v="plur"></g><g v="nomn"></g></l></v></tfr></token><token id="624976" text="на"><tfr rev_id="3341405" t="на"><v><l id="166264" t="на"><g v="PREP"></g></l></v></tfr></token><token id="624977" text="поставки"><tfr rev_id="3715194" t="поставки"><v><l id="262094" t="поставка"><g v="NOUN"></g><g v="inan"></g><g v="femn"></g><g v="plur"></g><g v="accs"></g></l></v></tfr></token><token id="624978" text="кенгурятины"><tfr rev_id="4566672" t="кенгурятины"><v><l id="393836" t="кенгурятина"><g v="NOUN"></g><g v="inan"></g><g v="femn"></g><g v="plur"></g><g v="accs"></g></l></v><v><l id="393836" t="кенгурятина"><g v="NOUN"></g><g v="inan"></g><g v="femn"></g><g v="plur"></g><g v="nomn"></g></l></v><v><l id="393836" t="кенгурятина"><g v="NOUN"></g><g v="inan"></g><g v="femn"></g><g v="sing"></g><g v="gent"></g></l></v></tfr></token><token id="624979" text="станут"><tfr rev_id="1457225" t="станут"><v><l id="335164" t="стал"><g v="VERB"></g><g v="perf"></g><g v="intr"></g><g v="plur"></g><g v="3per"></g><g v="futr"></g><g v="indc"></g></l></v></tfr></token><token id="624980" text="настоящим"><tfr rev_id="4351353" t="настоящим"><v><l id="176151" t="настоящий"><g v="ADJF"></g><g v="neut"></g><g v="sing"></g><g v="ablt"></g></l></v></tfr></token><token id="624981" text="экологическим"><tfr rev_id="4352139" t="экологическим"><v><l id="383322" t="экологический"><g v="ADJF"></g><g v="neut"></g><g v="sing"></g><g v="ablt"></g></l></v></tfr></token><token id="624982" text="бедствием"><tfr rev_id="1457228" t="бедствием"><v><l id="25423" t="бедствие"><g v="NOUN"></g><g v="inan"></g><g v="neut"></g><g v="sing"></g><g v="ablt"></g></l></v></tfr></token><token id="624983" text="для"><tfr rev_id="3452990" t="для"><v><l id="85032" t="для"><g v="PREP"></g></l></v></tfr></token><token id="624984" text="страны"><tfr rev_id="3437719" t="страны"><v><l id="337100" t="страна"><g v="NOUN"></g><g v="inan"></g><g v="femn"></g><g v="sing"></g><g v="gent"></g></l></v></tfr></token><token id="624985" text="."><tfr rev_id="1457231" t="."><v><l id="0" t="."><g v="PNCT"></g></l></v></tfr></token></tokens></sentence><sentence id="34988"><source>И дело даже не в том, что на российский рынок шло около 70% всего австралийского экспорта мяса кенгуру и местные фермеры терпят огромные убытки.</source><tokens><token id="624986" text="И"><tfr rev_id="1457232" t="И"><v><l id="116949" t="и"><g v="CONJ"></g></l></v><v><l id="116950" t="и"><g v="INTJ"></g></l></v></tfr></token><token id="624987" text="дело"><tfr rev_id="1716211" t="дело"><v><l id="80628" t="дело"><g v="NOUN"></g><g v="inan"></g><g v="neut"></g><g v="sing"></g><g v="nomn"></g></l></v><v><l id="80628" t="дело"><g v="NOUN"></g><g v="inan"></g><g v="neut"></g><g v="sing"></g><g v="accs"></g></l></v></tfr></token><token id="624988" text="даже"><tfr rev_id="4079140" t="даже"><v><l id="77849" t="даже"><g v="PRCL"></g></l></v></tfr></token><token id="624989" text="не"><tfr rev_id="1457235" t="не"><v><l id="178876" t="не"><g v="PRCL"></g></l></v></tfr></token><token id="624990" text="в"><tfr rev_id="1457236" t="в"><v><l id="37409" t="в"><g v="PREP"></g></l></v></tfr></token><token id="624991" text="том"><tfr rev_id="4373872" t="том"><v><l id="348430" t="тот"><g v="ADJF"></g><g v="Subx"></g><g v="Apro"></g><g v="Anph"></g><g v="neut"></g><g v="sing"></g><g v="loct"></g></l></v></tfr></token><token id="624992" text=","><tfr rev_id="1457238" t=","><v><l id="0" t=","><g v="PNCT"></g></l></v></tfr></token><token id="624993" text="что"><tfr rev_id="3197048" t="что"><v><l id="377004" t="что"><g v="CONJ"></g></l></v><v><l id="377005" t="что"><g v="NPRO"></g><g v="neut"></g><g v="sing"></g><g v="nomn"></g></l></v><v><l id="377005" t="что"><g v="NPRO"></g><g v="neut"></g><g v="sing"></g><g v="accs"></g></l></v><v><l id="377006" t="что"><g v="ADVB"></g><g v="Ques"></g></l></v><v><l id="388695" t="что"><g v="PRCL"></g></l></v></tfr></token><token id="624994" text="на"><tfr rev_id="2912184" t="на"><v><l id="166264" t="на"><g v="PREP"></g></l></v><v><l id="388676" t="на"><g v="INTJ"></g></l></v></tfr></token><token id="624995" text="российский"><tfr rev_id="1457241" t="российский"><v><l id="309319" t="российский"><g v="ADJF"></g><g v="masc"></g><g v="sing"></g><g v="nomn"></g></l></v><v><l id="309319" t="российский"><g v="ADJF"></g><g v="inan"></g><g v="masc"></g><g v="sing"></g><g v="accs"></g></l></v></tfr></token><token id="624996" text="рынок"><tfr rev_id="3486384" t="рынок"><v><l id="310781" t="рынок"><g v="NOUN"></g><g v="inan"></g><g v="masc"></g><g v="sing"></g><g v="accs"></g></l></v></tfr></token><token id="624997" text="шло"><tfr rev_id="1457243" t="шло"><v><l id="117566" t="иду"><g v="VERB"></g><g v="impf"></g><g v="intr"></g><g v="neut"></g><g v="sing"></g><g v="past"></g><g v="indc"></g></l></v></tfr></token><token id="624998" text="около"><tfr rev_id="4421909" t="около"><v><l id="205005" t="около"><g v="PREP"></g></l></v></tfr></token><token id="624999" text="70"><tfr rev_id="2461979" t="70"><v><l id="0" t="70"><g v="NUMB"></g></l></v></tfr></token><token id="625000" text="%"><tfr rev_id="2444514" t="%"><v><l id="0" t="%"><g v="PNCT"></g></l></v></tfr></token><token id="625001" text="всего"><tfr rev_id="4508043" t="всего"><v><l id="42156" t="весь"><g v="ADJF"></g><g v="Subx"></g><g v="Apro"></g><g v="masc"></g><g v="sing"></g><g v="gent"></g></l></v><v><l id="42156" t="весь"><g v="ADJF"></g><g v="Subx"></g><g v="Apro"></g><g v="anim"></g><g v="masc"></g><g v="sing"></g><g v="accs"></g></l></v></tfr></token><token id="625002" text="австралийского"><tfr rev_id="3449698" t="австралийского"><v><l id="2946" t="австралийский"><g v="ADJF"></g><g v="masc"></g><g v="sing"></g><g v="gent"></g></l></v><v><l id="2946" t="австралийский"><g v="ADJF"></g><g v="anim"></g><g v="masc"></g><g v="sing"></g><g v="accs"></g></l></v></tfr></token><token id="625003" text="экспорта"><tfr rev_id="1457249" t="экспорта"><v><l id="383687" t="экспорт"><g v="NOUN"></g><g v="inan"></g><g v="masc"></g><g v="sing"></g><g v="gent"></g></l></v></tfr></token><token id="625004" text="мяса"><tfr rev_id="1457250" t="мяса"><v><l id="166158" t="мясо"><g v="NOUN"></g><g v="inan"></g><g v="neut"></g><g v="Sgtm"></g><g v="sing"></g><g v="gent"></g></l></v></tfr></token><token id="625005" text="кенгуру"><tfr rev_id="3807417" t="кенгуру"><v><l id="132406" t="кенгуру"><g v="NOUN"></g><g v="anim"></g><g v="masc"></g><g v="Fixd"></g><g v="sing"></g><g v="gent"></g></l></v></tfr></token><token id="625006" text="и"><tfr rev_id="1457252" t="и"><v><l id="116949" t="и"><g v="CONJ"></g></l></v><v><l id="116950" t="и"><g v="INTJ"></g></l></v></tfr></token><token id="625007" text="местные"><tfr rev_id="4083056" t="местные"><v><l id="158819" t="местный"><g v="ADJF"></g><g v="Qual"></g><g v="plur"></g><g v="nomn"></g></l></v></tfr></token><token id="625008" text="фермеры"><tfr rev_id="1457254" t="фермеры"><v><l id="365375" t="фермер"><g v="NOUN"></g><g v="anim"></g><g v="masc"></g><g v="plur"></g><g v="nomn"></g></l></v></tfr></token><token id="625009" text="терпят"><tfr rev_id="1457255" t="терпят"><v><l id="345543" t="терплю"><g v="VERB"></g><g v="impf"></g><g v="tran"></g><g v="plur"></g><g v="3per"></g><g v="pres"></g><g v="indc"></g></l></v></tfr></token><token id="625010" text="огромные"><tfr rev_id="3747747" t="огромные"><v><l id="203009" t="огромный"><g v="ADJF"></g><g v="Qual"></g><g v="inan"></g><g v="plur"></g><g v="accs"></g></l></v></tfr></token><token id="625011" text="убытки"><tfr rev_id="3749779" t="убытки"><v><l id="353164" t="убыток"><g v="NOUN"></g><g v="inan"></g><g v="masc"></g><g v="plur"></g><g v="accs"></g></l></v></tfr></token><token id="625012" text="."><tfr rev_id="1457258" t="."><v><l id="0" t="."><g v="PNCT"></g></l></v></tfr></token></tokens></sentence><sentence id="34989"><source>Просто если регулярно не забивать животных на многочисленных фермах, то Австралия рискует потерять своё второе название – нагрузка на пастбища Зелёного материка увеличится сразу на 30%.</source><tokens><token id="625013" text="Просто"><tfr rev_id="1457259" t="Просто"><v><l id="285025" t="просто"><g v="ADVB"></g><g v="Prdx"></g></l></v><v><l id="285026" t="просто"><g v="PRCL"></g></l></v><v><l id="285050" t="прост"><g v="ADJS"></g><g v="Qual"></g><g v="neut"></g><g v="sing"></g></l></v></tfr></token><token id="625014" text="если"><tfr rev_id="1457260" t="если"><v><l id="95365" t="если"><g v="CONJ"></g></l></v></tfr></token><token id="625015" text="регулярно"><tfr rev_id="1457261" t="регулярно"><v><l id="304944" t="регулярно"><g v="ADVB"></g></l></v><v><l id="304948" t="регулярен"><g v="ADJS"></g><g v="Qual"></g><g v="neut"></g><g v="sing"></g></l></v></tfr></token><token id="625016" text="не"><tfr rev_id="1457262" t="не"><v><l id="178876" t="не"><g v="PRCL"></g></l></v></tfr></token><token id="625017" text="забивать"><tfr rev_id="1457263" t="забивать"><v><l id="98506" t="забивать"><g v="INFN"></g><g v="impf"></g><g v="tran"></g></l></v></tfr></token><token id="625018" text="животных"><tfr rev_id="4153962" t="животных"><v><l id="97109" t="животное"><g v="NOUN"></g><g v="anim"></g><g v="neut"></g><g v="plur"></g><g v="gent"></g></l></v><v><l id="97109" t="животное"><g v="NOUN"></g><g v="anim"></g><g v="neut"></g><g v="plur"></g><g v="accs"></g></l></v><v><l id="97109" t="животное"><g v="NOUN"></g><g v="anim"></g><g v="neut"></g><g v="plur"></g><g v="loct"></g></l></v></tfr></token><token id="625019" text="на"><tfr rev_id="3343354" t="на"><v><l id="166264" t="на"><g v="PREP"></g></l></v></tfr></token><token id="625020" text="многочисленных"><tfr rev_id="4095795" t="многочисленных"><v><l id="162068" t="многочисленный"><g v="ADJF"></g><g v="Qual"></g><g v="plur"></g><g v="loct"></g></l></v></tfr></token><token id="625021" text="фермах"><tfr rev_id="1457267" t="фермах"><v><l id="365336" t="ферма"><g v="NOUN"></g><g v="inan"></g><g v="femn"></g><g v="plur"></g><g v="loct"></g></l></v></tfr></token><token id="625022" text=","><tfr rev_id="1457268" t=","><v><l id="0" t=","><g v="PNCT"></g></l></v></tfr></token><token id="625023" text="то"><tfr rev_id="3777557" t="то"><v><l id="346835" t="то"><g v="CONJ"></g></l></v><v><l id="346836" t="то"><g v="PRCL"></g></l></v><v><l id="348430" t="тот"><g v="ADJF"></g><g v="Subx"></g><g v="Apro"></g><g v="Anph"></g><g v="neut"></g><g v="sing"></g><g v="nomn"></g></l></v><v><l id="348430" t="тот"><g v="ADJF"></g><g v="Subx"></g><g v="Apro"></g><g v="Anph"></g><g v="neut"></g><g v="sing"></g><g v="accs"></g></l></v></tfr></token><token id="625024" text="Австралия"><tfr rev_id="1457270" t="Австралия"><v><l id="2948" t="австралия"><g v="NOUN"></g><g v="inan"></g><g v="femn"></g><g v="Sgtm"></g><g v="Geox"></g><g v="sing"></g><g v="nomn"></g></l></v></tfr></token><token id="625025" text="рискует"><tfr rev_id="1457271" t="рискует"><v><l id="307772" t="рискую"><g v="VERB"></g><g v="impf"></g><g v="intr"></g><g v="sing"></g><g v="3per"></g><g v="pres"></g><g v="indc"></g></l></v></tfr></token><token id="625026" text="потерять"><tfr rev_id="1457272" t="потерять"><v><l id="263150" t="потерять"><g v="INFN"></g><g v="perf"></g><g v="tran"></g></l></v></tfr></token><token id="625027" text="своё"><tfr rev_id="3632811" t="своё"><v><l id="316379" t="свой"><g v="ADJF"></g><g v="Apro"></g><g v="Anph"></g><g v="neut"></g><g v="sing"></g><g v="nomn"></g></l></v><v><l id="316379" t="свой"><g v="ADJF"></g><g v="Apro"></g><g v="Anph"></g><g v="neut"></g><g v="sing"></g><g v="accs"></g></l></v></tfr></token><token id="625028" text="второе"><tfr rev_id="4406912" t="второе"><v><l id="55043" t="второй"><g v="ADJF"></g><g v="Anum"></g><g v="neut"></g><g v="sing"></g><g v="accs"></g></l></v></tfr></token><token id="625029" text="название"><tfr rev_id="1457275" t="название"><v><l id="170336" t="название"><g v="NOUN"></g><g v="inan"></g><g v="neut"></g><g v="sing"></g><g v="nomn"></g></l></v><v><l id="170336" t="название"><g v="NOUN"></g><g v="inan"></g><g v="neut"></g><g v="sing"></g><g v="accs"></g></l></v></tfr></token><token id="625030" text="–"><tfr rev_id="2444515" t="–"><v><l id="0" t="–"><g v="PNCT"></g></l></v></tfr></token><token id="625031" text="нагрузка"><tfr rev_id="1457277" t="нагрузка"><v><l id="168266" t="нагрузка"><g v="NOUN"></g><g v="inan"></g><g v="femn"></g><g v="sing"></g><g v="nomn"></g></l></v></tfr></token><token id="625032" text="на"><tfr rev_id="3341266" t="на"><v><l id="166264" t="на"><g v="PREP"></g></l></v></tfr></token><token id="625033" text="пастбища"><tfr rev_id="3726861" t="пастбища"><v><l id="224819" t="пастбище"><g v="NOUN"></g><g v="inan"></g><g v="neut"></g><g v="plur"></g><g v="accs"></g></l></v></tfr></token><token id="625034" text="Зелёного"><tfr rev_id="4205240" t="Зелёного"><v><l id="114879" t="зелёный"><g v="ADJF"></g><g v="Qual"></g><g v="masc"></g><g v="sing"></g><g v="gent"></g></l></v><v><l id="114879" t="зелёный"><g v="ADJF"></g><g v="Qual"></g><g v="anim"></g><g v="masc"></g><g v="sing"></g><g v="accs"></g></l></v></tfr></token><token id="625035" text="материка"><tfr rev_id="1457281" t="материка"><v><l id="156258" t="материк"><g v="NOUN"></g><g v="inan"></g><g v="masc"></g><g v="sing"></g><g v="gent"></g></l></v></tfr></token><token id="625036" text="увеличится"><tfr rev_id="1457282" t="увеличится"><v><l id="353402" t="увеличился"><g v="VERB"></g><g v="perf"></g><g v="intr"></g><g v="sing"></g><g v="3per"></g><g v="futr"></g><g v="indc"></g></l></v></tfr></token><token id="625037" text="сразу"><tfr rev_id="1457283" t="сразу"><v><l id="333375" t="сразу"><g v="ADVB"></g></l></v></tfr></token><token id="625038" text="на"><tfr rev_id="3339104" t="на"><v><l id="166264" t="на"><g v="PREP"></g></l></v></tfr></token><token id="625039" text="30"><tfr rev_id="2461980" t="30"><v><l id="0" t="30"><g v="NUMB"></g></l></v></tfr></token><token id="625040" text="%"><tfr rev_id="2444516" t="%"><v><l id="0" t="%"><g v="PNCT"></g></l></v></tfr></token><token id="625041" text="."><tfr rev_id="1457287" t="."><v><l id="0" t="."><g v="PNCT"></g></l></v></tfr></token></tokens></sentence><sentence id="34990"><source>В первую очередь проблема коснётся земель штата Квинсленд, где наибольшее количество заводчиков кенгуру.</source><tokens><token id="625042" text="В"><tfr rev_id="1457288" t="В"><v><l id="37409" t="в"><g v="PREP"></g></l></v></tfr></token><token id="625043" text="первую"><tfr rev_id="1457289" t="первую"><v><l id="226359" t="первый"><g v="ADJF"></g><g v="Anum"></g><g v="femn"></g><g v="sing"></g><g v="accs"></g></l></v></tfr></token><token id="625044" text="очередь"><tfr rev_id="1457290" t="очередь"><v><l id="221692" t="очередь"><g v="NOUN"></g><g v="inan"></g><g v="femn"></g><g v="sing"></g><g v="nomn"></g></l></v><v><l id="221692" t="очередь"><g v="NOUN"></g><g v="inan"></g><g v="femn"></g><g v="sing"></g><g v="accs"></g></l></v></tfr></token><token id="625045" text="проблема"><tfr rev_id="1457291" t="проблема"><v><l id="277255" t="проблема"><g v="NOUN"></g><g v="inan"></g><g v="femn"></g><g v="sing"></g><g v="nomn"></g></l></v></tfr></token><token id="625046" text="коснётся"><tfr rev_id="1457292" t="коснётся"><v><l id="140656" t="коснулся"><g v="VERB"></g><g v="perf"></g><g v="intr"></g><g v="sing"></g><g v="3per"></g><g v="futr"></g><g v="indc"></g></l></v></tfr></token><token id="625047" text="земель"><tfr rev_id="4377681" t="земель"><v><l id="115091" t="земля"><g v="NOUN"></g><g v="inan"></g><g v="femn"></g><g v="plur"></g><g v="gent"></g></l></v></tfr></token><token id="625048" text="штата"><tfr rev_id="1457294" t="штата"><v><l id="381334" t="штат"><g v="NOUN"></g><g v="inan"></g><g v="masc"></g><g v="sing"></g><g v="gent"></g></l></v></tfr></token><token id="625049" text="Квинсленд"><tfr rev_id="1457295" t="Квинсленд"><v><l id="0" t="квинсленд"><g v="UNKN"></g></l></v></tfr></token><token id="625050" text=","><tfr rev_id="1457296" t=","><v><l id="0" t=","><g v="PNCT"></g></l></v></tfr></token><token id="625051" text="где"><tfr rev_id="2636470" t="где"><v><l id="67984" t="где"><g v="ADVB"></g><g v="Ques"></g></l></v><v><l id="388669" t="где"><g v="CONJ"></g></l></v></tfr></token><token id="625052" text="наибольшее"><tfr rev_id="4159861" t="наибольшее"><v><l id="32448" t="наибольший"><g v="ADJF"></g><g v="Supr"></g><g v="Qual"></g><g v="neut"></g><g v="sing"></g><g v="nomn"></g></l></v></tfr></token><token id="625053" text="количество"><tfr rev_id="3530750" t="количество"><v><l id="135983" t="количество"><g v="NOUN"></g><g v="inan"></g><g v="neut"></g><g v="sing"></g><g v="nomn"></g></l></v></tfr></token><token id="625054" text="заводчиков"><tfr rev_id="4311272" t="заводчиков"><v><l id="99851" t="заводчик"><g v="NOUN"></g><g v="anim"></g><g v="masc"></g><g v="plur"></g><g v="gent"></g></l></v></tfr></token><token id="625055" text="кенгуру"><tfr rev_id="4197180" t="кенгуру"><v><l id="132406" t="кенгуру"><g v="NOUN"></g><g v="anim"></g><g v="masc"></g><g v="Fixd"></g><g v="plur"></g><g v="gent"></g></l></v></tfr></token><token id="625056" text="."><tfr rev_id="1457302" t="."><v><l id="0" t="."><g v="PNCT"></g></l></v></tfr></token></tokens></sentence></paragraph><paragraph id="11145"><sentence id="34991"><source>Напомним, Россия уже запретила ввоз кенгурятины из 24 австралийских мясокомбинатов из-за существенного ужесточения санитарных правил, а с августа табу коснется всего мяса кенгуру, а также значительной доли австралийской говядины, баранины и другого мяса.</source><tokens><token id="625057" text="Напомним"><tfr rev_id="1457303" t="Напомним"><v><l id="173892" t="напомнил"><g v="VERB"></g><g v="perf"></g><g v="tran"></g><g v="plur"></g><g v="1per"></g><g v="futr"></g><g v="indc"></g></l></v><v><l id="173892" t="напомнил"><g v="VERB"></g><g v="perf"></g><g v="tran"></g><g v="sing"></g><g v="impr"></g><g v="incl"></g></l></v></tfr></token><token id="625058" text=","><tfr rev_id="1457304" t=","><v><l id="0" t=","><g v="PNCT"></g></l></v></tfr></token><token id="625059" text="Россия"><tfr rev_id="1457305" t="Россия"><v><l id="309322" t="россия"><g v="NOUN"></g><g v="inan"></g><g v="femn"></g><g v="Sgtm"></g><g v="Geox"></g><g v="sing"></g><g v="nomn"></g></l></v></tfr></token><token id="625060" text="уже"><tfr rev_id="2692763" t="уже"><v><l id="355422" t="уж"><g v="NOUN"></g><g v="anim"></g><g v="masc"></g><g v="sing"></g><g v="loct"></g></l></v><v><l id="355498" t="уже"><g v="ADVB"></g></l></v><v><l id="355674" t="уже"><g v="COMP"></g><g v="Qual"></g></l></v><v><l id="388673" t="уже"><g v="PRCL"></g></l></v></tfr></token><token id="625061" text="запретила"><tfr rev_id="1457307" t="запретила"><v><l id="107928" t="запретил"><g v="VERB"></g><g v="perf"></g><g v="tran"></g><g v="femn"></g><g v="sing"></g><g v="past"></g><g v="indc"></g></l></v></tfr></token><token id="625062" text="ввоз"><tfr rev_id="1457308" t="ввоз"><v><l id="39780" t="ввоз"><g v="NOUN"></g><g v="inan"></g><g v="masc"></g><g v="sing"></g><g v="nomn"></g></l></v><v><l id="39780" t="ввоз"><g v="NOUN"></g><g v="inan"></g><g v="masc"></g><g v="sing"></g><g v="accs"></g></l></v></tfr></token><token id="625063" text="кенгурятины"><tfr rev_id="4566673" t="кенгурятины"><v><l id="393836" t="кенгурятина"><g v="NOUN"></g><g v="inan"></g><g v="femn"></g><g v="plur"></g><g v="accs"></g></l></v><v><l id="393836" t="кенгурятина"><g v="NOUN"></g><g v="inan"></g><g v="femn"></g><g v="plur"></g><g v="nomn"></g></l></v><v><l id="393836" t="кенгурятина"><g v="NOUN"></g><g v="inan"></g><g v="femn"></g><g v="sing"></g><g v="gent"></g></l></v></tfr></token><token id="625064" text="из"><tfr rev_id="2560469" t="из"><v><l id="117677" t="из"><g v="PREP"></g></l></v></tfr></token><token id="625065" text="24"><tfr rev_id="2461981" t="24"><v><l id="0" t="24"><g v="NUMB"></g></l></v></tfr></token><token id="625066" text="австралийских"><tfr rev_id="3542485" t="австралийских"><v><l id="2946" t="австралийский"><g v="ADJF"></g><g v="plur"></g><g v="gent"></g></l></v></tfr></token><token id="625067" text="мясокомбинатов"><tfr rev_id="1457313" t="мясокомбинатов"><v><l id="166169" t="мясокомбинат"><g v="NOUN"></g><g v="inan"></g><g v="masc"></g><g v="plur"></g><g v="gent"></g></l></v></tfr></token><token id="625068" text="из-за"><tfr rev_id="1457314" t="из-за"><v><l id="117678" t="из-за"><g v="PREP"></g></l></v></tfr></token><token id="625069" text="существенного"><tfr rev_id="3449270" t="существенного"><v><l id="340474" t="существенный"><g v="ADJF"></g><g v="Qual"></g><g v="neut"></g><g v="sing"></g><g v="gent"></g></l></v></tfr></token><token id="625070" text="ужесточения"><tfr rev_id="3495350" t="ужесточения"><v><l id="355514" t="ужесточение"><g v="NOUN"></g><g v="inan"></g><g v="neut"></g><g v="sing"></g><g v="gent"></g></l></v></tfr></token><token id="625071" text="санитарных"><tfr rev_id="2956030" t="санитарных"><v><l id="313340" t="санитарный"><g v="ADJF"></g><g v="Qual"></g><g v="plur"></g><g v="gent"></g></l></v></tfr></token><token id="625072" text="правил"><tfr rev_id="1716212" t="правил"><v><l id="265619" t="правило"><g v="NOUN"></g><g v="inan"></g><g v="neut"></g><g v="plur"></g><g v="gent"></g></l></v></tfr></token><token id="625073" text=","><tfr rev_id="1457319" t=","><v><l id="0" t=","><g v="PNCT"></g></l></v></tfr></token><token id="625074" text="а"><tfr rev_id="1457320" t="а"><v><l id="51" t="а"><g v="CONJ"></g></l></v><v><l id="52" t="а"><g v="INTJ"></g></l></v><v><l id="53" t="а"><g v="PRCL"></g></l></v></tfr></token><token id="625075" text="с"><tfr rev_id="1457321" t="с"><v><l id="311151" t="с"><g v="PREP"></g></l></v></tfr></token><token id="625076" text="августа"><tfr rev_id="4138531" t="августа"><v><l id="2368" t="август"><g v="NOUN"></g><g v="inan"></g><g v="masc"></g><g v="sing"></g><g v="gent"></g></l></v></tfr></token><token id="625077" text="табу"><tfr rev_id="3808155" t="табу"><v><l id="342122" t="табу"><g v="NOUN"></g><g v="inan"></g><g v="neut"></g><g v="Fixd"></g><g v="sing"></g><g v="nomn"></g></l></v></tfr></token><token id="625078" text="коснется"><tfr rev_id="1457324" t="коснется"><v><l id="140656" t="коснулся"><g v="VERB"></g><g v="perf"></g><g v="intr"></g><g v="sing"></g><g v="3per"></g><g v="futr"></g><g v="indc"></g></l></v></tfr></token><token id="625079" text="всего"><tfr rev_id="4506930" t="всего"><v><l id="42156" t="весь"><g v="ADJF"></g><g v="Subx"></g><g v="Apro"></g><g v="neut"></g><g v="sing"></g><g v="gent"></g></l></v></tfr></token><token id="625080" text="мяса"><tfr rev_id="1457326" t="мяса"><v><l id="166158" t="мясо"><g v="NOUN"></g><g v="inan"></g><g v="neut"></g><g v="Sgtm"></g><g v="sing"></g><g v="gent"></g></l></v></tfr></token><token id="625081" text="кенгуру"><tfr rev_id="1457327" t="кенгуру"><v><l id="132406" t="кенгуру"><g v="NOUN"></g><g v="anim"></g><g v="masc"></g><g v="Fixd"></g><g v="sing"></g><g v="nomn"></g></l></v><v><l id="132406" t="кенгуру"><g v="NOUN"></g><g v="anim"></g><g v="masc"></g><g v="Fixd"></g><g v="sing"></g><g v="gent"></g></l></v><v><l id="132406" t="кенгуру"><g v="NOUN"></g><g v="anim"></g><g v="masc"></g><g v="Fixd"></g><g v="sing"></g><g v="datv"></g></l></v><v><l id="132406" t="кенгуру"><g v="NOUN"></g><g v="anim"></g><g v="masc"></g><g v="Fixd"></g><g v="sing"></g><g v="accs"></g></l></v><v><l id="132406" t="кенгуру"><g v="NOUN"></g><g v="anim"></g><g v="masc"></g><g v="Fixd"></g><g v="sing"></g><g v="ablt"></g></l></v><v><l id="132406" t="кенгуру"><g v="NOUN"></g><g v="anim"></g><g v="masc"></g><g v="Fixd"></g><g v="sing"></g><g v="loct"></g></l></v><v><l id="132406" t="кенгуру"><g v="NOUN"></g><g v="anim"></g><g v="masc"></g><g v="Fixd"></g><g v="plur"></g><g v="nomn"></g></l></v><v><l id="132406" t="кенгуру"><g v="NOUN"></g><g v="anim"></g><g v="masc"></g><g v="Fixd"></g><g v="plur"></g><g v="gent"></g></l></v><v><l id="132406" t="кенгуру"><g v="NOUN"></g><g v="anim"></g><g v="masc"></g><g v="Fixd"></g><g v="plur"></g><g v="datv"></g></l></v><v><l id="132406" t="кенгуру"><g v="NOUN"></g><g v="anim"></g><g v="masc"></g><g v="Fixd"></g><g v="plur"></g><g v="accs"></g></l></v><v><l id="132406" t="кенгуру"><g v="NOUN"></g><g v="anim"></g><g v="masc"></g><g v="Fixd"></g><g v="plur"></g><g v="ablt"></g></l></v><v><l id="132406" t="кенгуру"><g v="NOUN"></g><g v="anim"></g><g v="masc"></g><g v="Fixd"></g><g v="plur"></g><g v="loct"></g></l></v></tfr></token><token id="625082" text=","><tfr rev_id="1457328" t=","><v><l id="0" t=","><g v="PNCT"></g></l></v></tfr></token><token id="625083" text="а"><tfr rev_id="1457329" t="а"><v><l id="51" t="а"><g v="CONJ"></g></l></v><v><l id="52" t="а"><g v="INTJ"></g></l></v><v><l id="53" t="а"><g v="PRCL"></g></l></v></tfr></token><token id="625084" text="также"><tfr rev_id="4267763" t="также"><v><l id="342482" t="также"><g v="PRCL"></g></l></v></tfr></token><token id="625085" text="значительной"><tfr rev_id="4261676" t="значительной"><v><l id="116026" t="значительный"><g v="ADJF"></g><g v="Qual"></g><g v="femn"></g><g v="sing"></g><g v="gent"></g></l></v></tfr></token><token id="625086" text="доли"><tfr rev_id="3450031" t="доли"><v><l id="88151" t="доля"><g v="NOUN"></g><g v="inan"></g><g v="femn"></g><g v="sing"></g><g v="gent"></g></l></v></tfr></token><token id="625087" text="австралийской"><tfr rev_id="3692187" t="австралийской"><v><l id="2946" t="австралийский"><g v="ADJF"></g><g v="femn"></g><g v="sing"></g><g v="gent"></g></l></v></tfr></token><token id="625088" text="говядины"><tfr rev_id="3476285" t="говядины"><v><l id="72095" t="говядина"><g v="NOUN"></g><g v="inan"></g><g v="femn"></g><g v="sing"></g><g v="gent"></g></l></v></tfr></token><token id="625089" text=","><tfr rev_id="1457335" t=","><v><l id="0" t=","><g v="PNCT"></g></l></v></tfr></token><token id="625090" text="баранины"><tfr rev_id="3432564" t="баранины"><v><l id="23731" t="баранина"><g v="NOUN"></g><g v="inan"></g><g v="femn"></g><g v="sing"></g><g v="gent"></g></l></v></tfr></token><token id="625091" text="и"><tfr rev_id="1457337" t="и"><v><l id="116949" t="и"><g v="CONJ"></g></l></v><v><l id="116950" t="и"><g v="INTJ"></g></l></v></tfr></token><token id="625092" text="другого"><tfr rev_id="3560429" t="другого"><v><l id="92342" t="другой"><g v="ADJF"></g><g v="Apro"></g><g v="Subx"></g><g v="neut"></g><g v="sing"></g><g v="gent"></g></l></v></tfr></token><token id="625093" text="мяса"><tfr rev_id="1457339" t="мяса"><v><l id="166158" t="мясо"><g v="NOUN"></g><g v="inan"></g><g v="neut"></g><g v="Sgtm"></g><g v="sing"></g><g v="gent"></g></l></v></tfr></token><token id="625094" text="."><tfr rev_id="1457340" t="."><v><l id="0" t="."><g v="PNCT"></g></l></v></tfr></token></tokens></sentence><sentence id="34992"><source>Такая ситуация не могла устроить власти Австралии, поэтому Министерство сельского хозяйства страны готово немедленно перестроить поставки под изменившиеся требования России.</source><tokens><token id="625095" text="Такая"><tfr rev_id="2368736" t="Такая"><v><l id="342491" t="такой"><g v="ADJF"></g><g v="Apro"></g><g v="femn"></g><g v="sing"></g><g v="nomn"></g></l></v></tfr></token><token id="625096" text="ситуация"><tfr rev_id="1457342" t="ситуация"><v><l id="321441" t="ситуация"><g v="NOUN"></g><g v="inan"></g><g v="femn"></g><g v="sing"></g><g v="nomn"></g></l></v></tfr></token><token id="625097" text="не"><tfr rev_id="1457343" t="не"><v><l id="178876" t="не"><g v="PRCL"></g></l></v></tfr></token><token id="625098" text="могла"><tfr rev_id="1457344" t="могла"><v><l id="164485" t="могу"><g v="VERB"></g><g v="impf"></g><g v="intr"></g><g v="femn"></g><g v="sing"></g><g v="past"></g><g v="indc"></g></l></v></tfr></token><token id="625099" text="устроить"><tfr rev_id="1457345" t="устроить"><v><l id="361243" t="устроить"><g v="INFN"></g><g v="perf"></g><g v="tran"></g></l></v></tfr></token><token id="625100" text="власти"><tfr rev_id="3743543" t="власти"><v><l id="46816" t="власть"><g v="NOUN"></g><g v="inan"></g><g v="femn"></g><g v="plur"></g><g v="accs"></g></l></v></tfr></token><token id="625101" text="Австралии"><tfr rev_id="3455603" t="Австралии"><v><l id="2948" t="австралия"><g v="NOUN"></g><g v="inan"></g><g v="femn"></g><g v="Sgtm"></g><g v="Geox"></g><g v="sing"></g><g v="gent"></g></l></v></tfr></token><token id="625102" text=","><tfr rev_id="1457348" t=","><v><l id="0" t=","><g v="PNCT"></g></l></v></tfr></token><token id="625103" text="поэтому"><tfr rev_id="1457349" t="поэтому"><v><l id="265490" t="поэтому"><g v="ADVB"></g></l></v></tfr></token><token id="625104" text="Министерство"><tfr rev_id="4098003" t="Министерство"><v><l id="160612" t="министерство"><g v="NOUN"></g><g v="inan"></g><g v="neut"></g><g v="sing"></g><g v="nomn"></g></l></v></tfr></token><token id="625105" text="сельского"><tfr rev_id="4086018" t="сельского"><v><l id="318399" t="сельский"><g v="ADJF"></g><g v="neut"></g><g v="sing"></g><g v="gent"></g></l></v></tfr></token><token id="625106" text="хозяйства"><tfr rev_id="3489622" t="хозяйства"><v><l id="371203" t="хозяйство"><g v="NOUN"></g><g v="inan"></g><g v="neut"></g><g v="sing"></g><g v="gent"></g></l></v></tfr></token><token id="625107" text="страны"><tfr rev_id="3432290" t="страны"><v><l id="337100" t="страна"><g v="NOUN"></g><g v="inan"></g><g v="femn"></g><g v="sing"></g><g v="gent"></g></l></v></tfr></token><token id="625108" text="готово"><tfr rev_id="1457354" t="готово"><v><l id="74227" t="готов"><g v="ADJS"></g><g v="Qual"></g><g v="neut"></g><g v="sing"></g></l></v></tfr></token><token id="625109" text="немедленно"><tfr rev_id="1457355" t="немедленно"><v><l id="184005" t="немедленно"><g v="ADVB"></g></l></v><v><l id="184008" t="немедлен"><g v="ADJS"></g><g v="neut"></g><g v="sing"></g></l></v></tfr></token><token id="625110" text="перестроить"><tfr rev_id="1457356" t="перестроить"><v><l id="234875" t="перестроить"><g v="INFN"></g><g v="perf"></g><g v="tran"></g></l></v></tfr></token><token id="625111" text="поставки"><tfr rev_id="3796616" t="поставки"><v><l id="262094" t="поставка"><g v="NOUN"></g><g v="inan"></g><g v="femn"></g><g v="plur"></g><g v="accs"></g></l></v></tfr></token><token id="625112" text="под"><tfr rev_id="2503536" t="под"><v><l id="243755" t="под"><g v="PREP"></g></l></v></tfr></token><token id="625113" text="изменившиеся"><tfr rev_id="1457359" t="изменившиеся"><v><l id="119500" t="изменившийся"><g v="PRTF"></g><g v="perf"></g><g v="intr"></g><g v="past"></g><g v="actv"></g><g v="plur"></g><g v="nomn"></g></l></v><v><l id="119500" t="изменившийся"><g v="PRTF"></g><g v="perf"></g><g v="intr"></g><g v="past"></g><g v="actv"></g><g v="inan"></g><g v="plur"></g><g v="accs"></g></l></v></tfr></token><token id="625114" text="требования"><tfr rev_id="3741289" t="требования"><v><l id="349461" t="требование"><g v="NOUN"></g><g v="inan"></g><g v="neut"></g><g v="plur"></g><g v="accs"></g></l></v></tfr></token><token id="625115" text="России"><tfr rev_id="3455010" t="России"><v><l id="309322" t="россия"><g v="NOUN"></g><g v="inan"></g><g v="femn"></g><g v="Sgtm"></g><g v="Geox"></g><g v="sing"></g><g v="gent"></g></l></v></tfr></token><token id="625116" text="."><tfr rev_id="1457362" t="."><v><l id="0" t="."><g v="PNCT"></g></l></v></tfr></token></tokens></sentence><sentence id="34993"><source>«Они ввели новые стандарты и требования к тестированию, и наша задача - приспособиться к ним», - заявил представитель Австралийского совета мясной промышленности Стив Мартин, передаёт NEWSru.com.</source><tokens><token id="625117" text="«"><tfr rev_id="2444517" t="«"><v><l id="0" t="«"><g v="PNCT"></g></l></v></tfr></token><token id="625118" text="Они"><tfr rev_id="3599399" t="Они"><v><l id="206619" t="они"><g v="NPRO"></g><g v="3per"></g><g v="Anph"></g><g v="plur"></g><g v="nomn"></g></l></v></tfr></token><token id="625119" text="ввели"><tfr rev_id="1457365" t="ввели"><v><l id="39715" t="ввёл"><g v="VERB"></g><g v="perf"></g><g v="tran"></g><g v="plur"></g><g v="past"></g><g v="indc"></g></l></v></tfr></token><token id="625120" text="новые"><tfr rev_id="2780656" t="новые"><v><l id="191918" t="новый"><g v="ADJF"></g><g v="Qual"></g><g v="plur"></g><g v="nomn"></g></l></v><v><l id="191918" t="новый"><g v="ADJF"></g><g v="Qual"></g><g v="inan"></g><g v="plur"></g><g v="accs"></g></l></v></tfr></token><token id="625121" text="стандарты"><tfr rev_id="3751687" t="стандарты"><v><l id="334571" t="стандарт"><g v="NOUN"></g><g v="inan"></g><g v="masc"></g><g v="plur"></g><g v="accs"></g></l></v></tfr></token><token id="625122" text="и"><tfr rev_id="1457368" t="и"><v><l id="116949" t="и"><g v="CONJ"></g></l></v><v><l id="116950" t="и"><g v="INTJ"></g></l></v></tfr></token><token id="625123" text="требования"><tfr rev_id="3793421" t="требования"><v><l id="349461" t="требование"><g v="NOUN"></g><g v="inan"></g><g v="neut"></g><g v="plur"></g><g v="accs"></g></l></v></tfr></token><token id="625124" text="к"><tfr rev_id="1457370" t="к"><v><l id="127460" t="к"><g v="PREP"></g></l></v></tfr></token><token id="625125" text="тестированию"><tfr rev_id="1457371" t="тестированию"><v><l id="345762" t="тестирование"><g v="NOUN"></g><g v="inan"></g><g v="neut"></g><g v="Sgtm"></g><g v="sing"></g><g v="datv"></g></l></v></tfr></token><token id="625126" text=","><tfr rev_id="1457372" t=","><v><l id="0" t=","><g v="PNCT"></g></l></v></tfr></token><token id="625127" text="и"><tfr rev_id="1457373" t="и"><v><l id="116949" t="и"><g v="CONJ"></g></l></v><v><l id="116950" t="и"><g v="INTJ"></g></l></v></tfr></token><token id="625128" text="наша"><tfr rev_id="1457374" t="наша"><v><l id="178492" t="наш"><g v="ADJF"></g><g v="Apro"></g><g v="femn"></g><g v="sing"></g><g v="nomn"></g></l></v></tfr></token><token id="625129" text="задача"><tfr rev_id="1457375" t="задача"><v><l id="101455" t="задача"><g v="NOUN"></g><g v="inan"></g><g v="femn"></g><g v="sing"></g><g v="nomn"></g></l></v></tfr></token><token id="625130" text="-"><tfr rev_id="1457376" t="-"><v><l id="0" t="-"><g v="PNCT"></g></l></v></tfr></token><token id="625131" text="приспособиться"><tfr rev_id="1457377" t="приспособиться"><v><l id="274549" t="приспособиться"><g v="INFN"></g><g v="perf"></g><g v="intr"></g></l></v></tfr></token><token id="625132" text="к"><tfr rev_id="1457378" t="к"><v><l id="127460" t="к"><g v="PREP"></g></l></v></tfr></token><token id="625133" text="ним"><tfr rev_id="4531187" t="ним"><v><l id="206619" t="они"><g v="NPRO"></g><g v="3per"></g><g v="Anph"></g><g v="plur"></g><g v="datv"></g><g v="Af-p"></g></l></v></tfr></token><token id="625134" text="»"><tfr rev_id="2444518" t="»"><v><l id="0" t="»"><g v="PNCT"></g></l></v></tfr></token><token id="625135" text=","><tfr rev_id="1457381" t=","><v><l id="0" t=","><g v="PNCT"></g></l></v></tfr></token><token id="625136" text="-"><tfr rev_id="1457382" t="-"><v><l id="0" t="-"><g v="PNCT"></g></l></v></tfr></token><token id="625137" text="заявил"><tfr rev_id="1457383" t="заявил"><v><l id="114300" t="заявил"><g v="VERB"></g><g v="perf"></g><g v="tran"></g><g v="masc"></g><g v="sing"></g><g v="past"></g><g v="indc"></g></l></v></tfr></token><token id="625138" text="представитель"><tfr rev_id="1457384" t="представитель"><v><l id="267083" t="представитель"><g v="NOUN"></g><g v="anim"></g><g v="masc"></g><g v="sing"></g><g v="nomn"></g></l></v></tfr></token><token id="625139" text="Австралийского"><tfr rev_id="4085948" t="Австралийского"><v><l id="2946" t="австралийский"><g v="ADJF"></g><g v="masc"></g><g v="sing"></g><g v="gent"></g></l></v><v><l id="2946" t="австралийский"><g v="ADJF"></g><g v="anim"></g><g v="masc"></g><g v="sing"></g><g v="accs"></g></l></v></tfr></token><token id="625140" text="совета"><tfr rev_id="1457386" t="совета"><v><l id="327955" t="совет"><g v="NOUN"></g><g v="inan"></g><g v="masc"></g><g v="sing"></g><g v="gent"></g></l></v></tfr></token><token id="625141" text="мясной"><tfr rev_id="2635560" t="мясной"><v><l id="166155" t="мясной"><g v="ADJF"></g><g v="femn"></g><g v="sing"></g><g v="gent"></g></l></v><v><l id="166155" t="мясной"><g v="ADJF"></g><g v="femn"></g><g v="sing"></g><g v="datv"></g></l></v><v><l id="166155" t="мясной"><g v="ADJF"></g><g v="femn"></g><g v="sing"></g><g v="ablt"></g></l></v><v><l id="166155" t="мясной"><g v="ADJF"></g><g v="femn"></g><g v="sing"></g><g v="loct"></g></l></v></tfr></token><token id="625142" text="промышленности"><tfr rev_id="4343774" t="промышленности"><v><l id="282337" t="промышленность"><g v="NOUN"></g><g v="inan"></g><g v="femn"></g><g v="sing"></g><g v="gent"></g></l></v></tfr></token><token id="625143" text="Стив"><tfr rev_id="1457389" t="Стив"><v><l id="336115" t="стив"><g v="NOUN"></g><g v="anim"></g><g v="masc"></g><g v="Name"></g><g v="sing"></g><g v="nomn"></g></l></v></tfr></token><token id="625144" text="Мартин"><tfr rev_id="1457390" t="Мартин"><v><l id="155509" t="мартин"><g v="NOUN"></g><g v="anim"></g><g v="masc"></g><g v="Name"></g><g v="sing"></g><g v="nomn"></g></l></v></tfr></token><token id="625145" text=","><tfr rev_id="1457391" t=","><v><l id="0" t=","><g v="PNCT"></g></l></v></tfr></token><token id="625146" text="передаёт"><tfr rev_id="1457392" t="передаёт"><v><l id="228101" t="передаю"><g v="VERB"></g><g v="impf"></g><g v="tran"></g><g v="sing"></g><g v="3per"></g><g v="pres"></g><g v="indc"></g></l></v><v><l id="228108" t="передавал"><g v="VERB"></g><g v="perf"></g><g v="tran"></g><g v="sing"></g><g v="3per"></g><g v="futr"></g><g v="indc"></g></l></v></tfr></token><token id="625147" text="NEWSru.com"><tfr rev_id="2474879" t="NEWSru.com"><v><l id="0" t="NEWSru.com"><g v="LATN"></g></l></v></tfr></token><token id="625148" text="."><tfr rev_id="1457394" t="."><v><l id="0" t="."><g v="PNCT"></g></l></v></tfr></token></tokens></sentence></paragraph></paragraphs></text>