<?xml version="1.0" encoding="utf-8"?><text id="1200" parent="56" name="«Детройт Ред Уингз» набирает обороты"><tags><tag>Автор:http://ru.wikinews.org/wiki/Участник:Spy1986</tag><tag>Дата:12/10</tag><tag>Год:2006</tag><tag>Тема:ВикиКатегория:Национальная хоккейная лига</tag><tag>Тема:ВикиКатегория:Хоккей</tag><tag>url:http://ru.wikinews.org/w/index.php?title=«Детройт_Ред_Уингз»_набирает_обороты&amp;oldid=75539</tag><tag>Тема:ВикиКатегория:Спорт</tag></tags><paragraphs><paragraph id="11178"><sentence id="35075"><source>В среду в регулярном чемпионате Национальной хоккейной лиги состоялось пять матчей.</source><tokens><token id="626801" text="В"><tfr rev_id="1458924" t="В"><v><l id="37409" t="в"><g v="PREP"></g></l></v></tfr></token><token id="626802" text="среду"><tfr rev_id="1458925" t="среду"><v><l id="333471" t="среда"><g v="NOUN"></g><g v="inan"></g><g v="femn"></g><g v="sing"></g><g v="accs"></g></l></v></tfr></token><token id="626803" text="в"><tfr rev_id="1458926" t="в"><v><l id="37409" t="в"><g v="PREP"></g></l></v></tfr></token><token id="626804" text="регулярном"><tfr rev_id="4210772" t="регулярном"><v><l id="304946" t="регулярный"><g v="ADJF"></g><g v="Qual"></g><g v="masc"></g><g v="sing"></g><g v="loct"></g></l></v></tfr></token><token id="626805" text="чемпионате"><tfr rev_id="1458928" t="чемпионате"><v><l id="375186" t="чемпионат"><g v="NOUN"></g><g v="inan"></g><g v="masc"></g><g v="sing"></g><g v="loct"></g></l></v></tfr></token><token id="626806" text="Национальной"><tfr rev_id="2948699" t="Национальной"><v><l id="178150" t="национальный"><g v="ADJF"></g><g v="femn"></g><g v="sing"></g><g v="gent"></g></l></v></tfr></token><token id="626807" text="хоккейной"><tfr rev_id="4417477" t="хоккейной"><v><l id="371217" t="хоккейный"><g v="ADJF"></g><g v="Qual"></g><g v="femn"></g><g v="sing"></g><g v="gent"></g></l></v></tfr></token><token id="626808" text="лиги"><tfr rev_id="3482337" t="лиги"><v><l id="148983" t="лига"><g v="NOUN"></g><g v="inan"></g><g v="femn"></g><g v="sing"></g><g v="gent"></g></l></v></tfr></token><token id="626809" text="состоялось"><tfr rev_id="1458932" t="состоялось"><v><l id="330568" t="состоялся"><g v="VERB"></g><g v="perf"></g><g v="intr"></g><g v="neut"></g><g v="sing"></g><g v="past"></g><g v="indc"></g></l></v></tfr></token><token id="626810" text="пять"><tfr rev_id="1458933" t="пять"><v><l id="290440" t="пять"><g v="NUMR"></g><g v="nomn"></g></l></v><v><l id="290440" t="пять"><g v="NUMR"></g><g v="accs"></g></l></v></tfr></token><token id="626811" text="матчей"><tfr rev_id="1458934" t="матчей"><v><l id="156440" t="матч"><g v="NOUN"></g><g v="inan"></g><g v="masc"></g><g v="plur"></g><g v="gent"></g></l></v></tfr></token><token id="626812" text="."><tfr rev_id="1458935" t="."><v><l id="0" t="."><g v="PNCT"></g></l></v></tfr></token></tokens></sentence><sentence id="35076"><source>В Детройте, «Рэд Уингз» разгромили «Финикс» — 9:2, впервые с 13 февраля 1996 года забросив 9 шайб.</source><tokens><token id="626813" text="В"><tfr rev_id="1458936" t="В"><v><l id="37409" t="в"><g v="PREP"></g></l></v></tfr></token><token id="626814" text="Детройте"><tfr rev_id="1458937" t="Детройте"><v><l id="82253" t="детройт"><g v="NOUN"></g><g v="inan"></g><g v="masc"></g><g v="Geox"></g><g v="sing"></g><g v="loct"></g></l></v></tfr></token><token id="626815" text=","><tfr rev_id="1458938" t=","><v><l id="0" t=","><g v="PNCT"></g></l></v></tfr></token><token id="626816" text="«"><tfr rev_id="2444549" t="«"><v><l id="0" t="«"><g v="PNCT"></g></l></v></tfr></token><token id="626817" text="Рэд"><tfr rev_id="1458940" t="Рэд"><v><l id="0" t="рэд"><g v="UNKN"></g></l></v></tfr></token><token id="626818" text="Уингз"><tfr rev_id="1458941" t="Уингз"><v><l id="0" t="уингз"><g v="UNKN"></g></l></v></tfr></token><token id="626819" text="»"><tfr rev_id="2444550" t="»"><v><l id="0" t="»"><g v="PNCT"></g></l></v></tfr></token><token id="626820" text="разгромили"><tfr rev_id="1458943" t="разгромили"><v><l id="293235" t="разгромил"><g v="VERB"></g><g v="perf"></g><g v="tran"></g><g v="plur"></g><g v="past"></g><g v="indc"></g></l></v></tfr></token><token id="626821" text="«"><tfr rev_id="2444551" t="«"><v><l id="0" t="«"><g v="PNCT"></g></l></v></tfr></token><token id="626822" text="Финикс"><tfr rev_id="1458945" t="Финикс"><v><l id="0" t="финикс"><g v="UNKN"></g></l></v></tfr></token><token id="626823" text="»"><tfr rev_id="2444552" t="»"><v><l id="0" t="»"><g v="PNCT"></g></l></v></tfr></token><token id="626824" text="—"><tfr rev_id="2444553" t="—"><v><l id="0" t="—"><g v="PNCT"></g></l></v></tfr></token><token id="626825" text="9"><tfr rev_id="2462006" t="9"><v><l id="0" t="9"><g v="NUMB"></g></l></v></tfr></token><token id="626826" text=":"><tfr rev_id="1458949" t=":"><v><l id="0" t=":"><g v="PNCT"></g></l></v></tfr></token><token id="626827" text="2"><tfr rev_id="2462007" t="2"><v><l id="0" t="2"><g v="NUMB"></g></l></v></tfr></token><token id="626828" text=","><tfr rev_id="1458951" t=","><v><l id="0" t=","><g v="PNCT"></g></l></v></tfr></token><token id="626829" text="впервые"><tfr rev_id="1458952" t="впервые"><v><l id="52345" t="впервые"><g v="ADVB"></g></l></v></tfr></token><token id="626830" text="с"><tfr rev_id="1458953" t="с"><v><l id="311151" t="с"><g v="PREP"></g></l></v></tfr></token><token id="626831" text="13"><tfr rev_id="2462008" t="13"><v><l id="0" t="13"><g v="NUMB"></g></l></v></tfr></token><token id="626832" text="февраля"><tfr rev_id="1458955" t="февраля"><v><l id="364920" t="февраль"><g v="NOUN"></g><g v="inan"></g><g v="masc"></g><g v="sing"></g><g v="gent"></g></l></v></tfr></token><token id="626833" text="1996"><tfr rev_id="2462009" t="1996"><v><l id="0" t="1996"><g v="NUMB"></g></l></v></tfr></token><token id="626834" text="года"><tfr rev_id="3497097" t="года"><v><l id="72149" t="год"><g v="NOUN"></g><g v="inan"></g><g v="masc"></g><g v="sing"></g><g v="gen1"></g></l></v></tfr></token><token id="626835" text="забросив"><tfr rev_id="1458958" t="забросив"><v><l id="98954" t="забросив"><g v="GRND"></g><g v="perf"></g><g v="tran"></g><g v="past"></g></l></v></tfr></token><token id="626836" text="9"><tfr rev_id="2462010" t="9"><v><l id="0" t="9"><g v="NUMB"></g></l></v></tfr></token><token id="626837" text="шайб"><tfr rev_id="1458960" t="шайб"><v><l id="377727" t="шайба"><g v="NOUN"></g><g v="inan"></g><g v="femn"></g><g v="plur"></g><g v="gent"></g></l></v></tfr></token><token id="626838" text="."><tfr rev_id="1458961" t="."><v><l id="0" t="."><g v="PNCT"></g></l></v></tfr></token></tokens></sentence><sentence id="35077"><source>Американец Мэтью Шнайдер оформил хет-трик и сделал одну результативную передачу.</source><tokens><token id="626839" text="Американец"><tfr rev_id="1458962" t="Американец"><v><l id="11394" t="американец"><g v="NOUN"></g><g v="anim"></g><g v="masc"></g><g v="sing"></g><g v="nomn"></g></l></v></tfr></token><token id="626840" text="Мэтью"><tfr rev_id="4151820" t="Мэтью"><v><l id="166008" t="мэтью"><g v="NOUN"></g><g v="anim"></g><g v="masc"></g><g v="Sgtm"></g><g v="Fixd"></g><g v="Name"></g><g v="sing"></g><g v="nomn"></g></l></v></tfr></token><token id="626841" text="Шнайдер"><tfr rev_id="4287683" t="Шнайдер"><v><l id="380626" t="шнайдер"><g v="NOUN"></g><g v="anim"></g><g v="masc"></g><g v="Sgtm"></g><g v="Surn"></g><g v="sing"></g><g v="nomn"></g></l></v></tfr></token><token id="626842" text="оформил"><tfr rev_id="1458965" t="оформил"><v><l id="220962" t="оформил"><g v="VERB"></g><g v="perf"></g><g v="tran"></g><g v="masc"></g><g v="sing"></g><g v="past"></g><g v="indc"></g></l></v></tfr></token><token id="626843" text="хет-трик"><tfr rev_id="4167876" t="хет-трик"><v><l id="388854" t="хет-трик"><g v="NOUN"></g><g v="inan"></g><g v="masc"></g><g v="sing"></g><g v="accs"></g></l></v></tfr></token><token id="626844" text="и"><tfr rev_id="1458967" t="и"><v><l id="116949" t="и"><g v="CONJ"></g></l></v><v><l id="116950" t="и"><g v="INTJ"></g></l></v></tfr></token><token id="626845" text="сделал"><tfr rev_id="1458968" t="сделал"><v><l id="317246" t="сделал"><g v="VERB"></g><g v="perf"></g><g v="tran"></g><g v="masc"></g><g v="sing"></g><g v="past"></g><g v="indc"></g></l></v></tfr></token><token id="626846" text="одну"><tfr rev_id="4302836" t="одну"><v><l id="203319" t="один"><g v="ADJF"></g><g v="Apro"></g><g v="Anum"></g><g v="femn"></g><g v="sing"></g><g v="accs"></g></l></v></tfr></token><token id="626847" text="результативную"><tfr rev_id="1458970" t="результативную"><v><l id="305393" t="результативный"><g v="ADJF"></g><g v="Qual"></g><g v="femn"></g><g v="sing"></g><g v="accs"></g></l></v></tfr></token><token id="626848" text="передачу"><tfr rev_id="1458971" t="передачу"><v><l id="228169" t="передача"><g v="NOUN"></g><g v="inan"></g><g v="femn"></g><g v="sing"></g><g v="accs"></g></l></v></tfr></token><token id="626849" text="."><tfr rev_id="1458972" t="."><v><l id="0" t="."><g v="PNCT"></g></l></v></tfr></token></tokens></sentence><sentence id="35078"><source>Во второй двадцатиминутке в ворота «койотов» влетело пять безответных шайб, что предопределило исход матча.</source><tokens><token id="626850" text="Во"><tfr rev_id="2920263" t="Во"><v><l id="37409" t="в"><g v="PREP"></g><g v="Vpre"></g></l></v></tfr></token><token id="626851" text="второй"><tfr rev_id="4428362" t="второй"><v><l id="55043" t="второй"><g v="ADJF"></g><g v="Anum"></g><g v="femn"></g><g v="sing"></g><g v="loct"></g></l></v></tfr></token><token id="626852" text="двадцатиминутке"><tfr rev_id="4555905" t="двадцатиминутке"><v><l id="391985" t="двадцатиминутка"><g v="NOUN"></g><g v="inan"></g><g v="femn"></g><g v="Infr"></g><g v="sing"></g><g v="loct"></g></l></v></tfr></token><token id="626853" text="в"><tfr rev_id="1458976" t="в"><v><l id="37409" t="в"><g v="PREP"></g></l></v></tfr></token><token id="626854" text="ворота"><tfr rev_id="3800625" t="ворота"><v><l id="51139" t="ворота"><g v="NOUN"></g><g v="inan"></g><g v="GNdr"></g><g v="Pltm"></g><g v="plur"></g><g v="accs"></g></l></v></tfr></token><token id="626855" text="«"><tfr rev_id="2444554" t="«"><v><l id="0" t="«"><g v="PNCT"></g></l></v></tfr></token><token id="626856" text="койотов"><tfr rev_id="3464963" t="койотов"><v><l id="135600" t="койот"><g v="NOUN"></g><g v="anim"></g><g v="masc"></g><g v="plur"></g><g v="gent"></g></l></v></tfr></token><token id="626857" text="»"><tfr rev_id="2444555" t="»"><v><l id="0" t="»"><g v="PNCT"></g></l></v></tfr></token><token id="626858" text="влетело"><tfr rev_id="1458981" t="влетело"><v><l id="46899" t="влетел"><g v="VERB"></g><g v="perf"></g><g v="intr"></g><g v="neut"></g><g v="sing"></g><g v="past"></g><g v="indc"></g></l></v></tfr></token><token id="626859" text="пять"><tfr rev_id="1458982" t="пять"><v><l id="290440" t="пять"><g v="NUMR"></g><g v="nomn"></g></l></v><v><l id="290440" t="пять"><g v="NUMR"></g><g v="accs"></g></l></v></tfr></token><token id="626860" text="безответных"><tfr rev_id="4351557" t="безответных"><v><l id="26245" t="безответный"><g v="ADJF"></g><g v="Qual"></g><g v="plur"></g><g v="gent"></g></l></v></tfr></token><token id="626861" text="шайб"><tfr rev_id="1458984" t="шайб"><v><l id="377727" t="шайба"><g v="NOUN"></g><g v="inan"></g><g v="femn"></g><g v="plur"></g><g v="gent"></g></l></v></tfr></token><token id="626862" text=","><tfr rev_id="1458985" t=","><v><l id="0" t=","><g v="PNCT"></g></l></v></tfr></token><token id="626863" text="что"><tfr rev_id="3197061" t="что"><v><l id="377004" t="что"><g v="CONJ"></g></l></v><v><l id="377005" t="что"><g v="NPRO"></g><g v="neut"></g><g v="sing"></g><g v="nomn"></g></l></v><v><l id="377005" t="что"><g v="NPRO"></g><g v="neut"></g><g v="sing"></g><g v="accs"></g></l></v><v><l id="377006" t="что"><g v="ADVB"></g><g v="Ques"></g></l></v><v><l id="388695" t="что"><g v="PRCL"></g></l></v></tfr></token><token id="626864" text="предопределило"><tfr rev_id="1458987" t="предопределило"><v><l id="266639" t="предопределил"><g v="VERB"></g><g v="perf"></g><g v="tran"></g><g v="neut"></g><g v="sing"></g><g v="past"></g><g v="indc"></g></l></v></tfr></token><token id="626865" text="исход"><tfr rev_id="1458988" t="исход"><v><l id="126754" t="исход"><g v="NOUN"></g><g v="inan"></g><g v="masc"></g><g v="sing"></g><g v="nomn"></g></l></v><v><l id="126754" t="исход"><g v="NOUN"></g><g v="inan"></g><g v="masc"></g><g v="sing"></g><g v="accs"></g></l></v></tfr></token><token id="626866" text="матча"><tfr rev_id="1458989" t="матча"><v><l id="156440" t="матч"><g v="NOUN"></g><g v="inan"></g><g v="masc"></g><g v="sing"></g><g v="gent"></g></l></v></tfr></token><token id="626867" text="."><tfr rev_id="1458990" t="."><v><l id="0" t="."><g v="PNCT"></g></l></v></tfr></token></tokens></sentence><sentence id="35079"><source>Россиянин Павел Дацюк отметился тремя очками (1 гол + 2 передачи).</source><tokens><token id="626868" text="Россиянин"><tfr rev_id="1458991" t="Россиянин"><v><l id="309323" t="россиянин"><g v="NOUN"></g><g v="anim"></g><g v="masc"></g><g v="sing"></g><g v="nomn"></g></l></v></tfr></token><token id="626869" text="Павел"><tfr rev_id="1458992" t="Павел"><v><l id="222379" t="павел"><g v="NOUN"></g><g v="anim"></g><g v="masc"></g><g v="Name"></g><g v="sing"></g><g v="nomn"></g></l></v></tfr></token><token id="626870" text="Дацюк"><tfr rev_id="1458993" t="Дацюк"><v><l id="0" t="дацюк"><g v="UNKN"></g></l></v></tfr></token><token id="626871" text="отметился"><tfr rev_id="1458994" t="отметился"><v><l id="215590" t="отметился"><g v="VERB"></g><g v="perf"></g><g v="intr"></g><g v="masc"></g><g v="sing"></g><g v="past"></g><g v="indc"></g></l></v></tfr></token><token id="626872" text="тремя"><tfr rev_id="1458995" t="тремя"><v><l id="349973" t="три"><g v="NUMR"></g><g v="ablt"></g></l></v></tfr></token><token id="626873" text="очками"><tfr rev_id="1458996" t="очками"><v><l id="221871" t="очки"><g v="NOUN"></g><g v="inan"></g><g v="GNdr"></g><g v="Pltm"></g><g v="plur"></g><g v="ablt"></g></l></v><v><l id="221875" t="очко"><g v="NOUN"></g><g v="inan"></g><g v="neut"></g><g v="plur"></g><g v="ablt"></g></l></v></tfr></token><token id="626874" text="("><tfr rev_id="1458997" t="("><v><l id="0" t="("><g v="PNCT"></g></l></v></tfr></token><token id="626875" text="1"><tfr rev_id="2462011" t="1"><v><l id="0" t="1"><g v="NUMB"></g></l></v></tfr></token><token id="626876" text="гол"><tfr rev_id="3693567" t="гол"><v><l id="72212" t="гол"><g v="NOUN"></g><g v="inan"></g><g v="masc"></g><g v="sing"></g><g v="nomn"></g></l></v></tfr></token><token id="626877" text="+"><tfr rev_id="4334338" t="+"><v><l id="0" t="+"><g v="SYMB"></g></l></v></tfr></token><token id="626878" text="2"><tfr rev_id="2462012" t="2"><v><l id="0" t="2"><g v="NUMB"></g></l></v></tfr></token><token id="626879" text="передачи"><tfr rev_id="2722267" t="передачи"><v><l id="228169" t="передача"><g v="NOUN"></g><g v="inan"></g><g v="femn"></g><g v="sing"></g><g v="gent"></g></l></v></tfr></token><token id="626880" text=")"><tfr rev_id="1459003" t=")"><v><l id="0" t=")"><g v="PNCT"></g></l></v></tfr></token><token id="626881" text="."><tfr rev_id="1459004" t="."><v><l id="0" t="."><g v="PNCT"></g></l></v></tfr></token></tokens></sentence></paragraph><paragraph id="11179"><sentence id="35080"><source>Шайба Алексея Ковалёва, а также результативные передачи Андрея Маркова и Сергея Самсонова помогли «Монреалю» взять верх над «Филадельфией» — 3:1.</source><tokens><token id="626882" text="Шайба"><tfr rev_id="1459005" t="Шайба"><v><l id="377727" t="шайба"><g v="NOUN"></g><g v="inan"></g><g v="femn"></g><g v="sing"></g><g v="nomn"></g></l></v></tfr></token><token id="626883" text="Алексея"><tfr rev_id="2922264" t="Алексея"><v><l id="8618" t="алексей"><g v="NOUN"></g><g v="anim"></g><g v="masc"></g><g v="Name"></g><g v="sing"></g><g v="gent"></g></l></v></tfr></token><token id="626884" text="Ковалёва"><tfr rev_id="4426551" t="Ковалёва"><v><l id="135053" t="ковалёв"><g v="NOUN"></g><g v="anim"></g><g v="masc"></g><g v="Sgtm"></g><g v="Surn"></g><g v="sing"></g><g v="gent"></g></l></v></tfr></token><token id="626885" text=","><tfr rev_id="1459008" t=","><v><l id="0" t=","><g v="PNCT"></g></l></v></tfr></token><token id="626886" text="а"><tfr rev_id="4103702" t="а"><v><l id="51" t="а"><g v="CONJ"></g></l></v></tfr></token><token id="626887" text="также"><tfr rev_id="4267767" t="также"><v><l id="342482" t="также"><g v="PRCL"></g></l></v></tfr></token><token id="626888" text="результативные"><tfr rev_id="3767844" t="результативные"><v><l id="305393" t="результативный"><g v="ADJF"></g><g v="Qual"></g><g v="plur"></g><g v="nomn"></g></l></v></tfr></token><token id="626889" text="передачи"><tfr rev_id="3715168" t="передачи"><v><l id="228169" t="передача"><g v="NOUN"></g><g v="inan"></g><g v="femn"></g><g v="plur"></g><g v="nomn"></g></l></v></tfr></token><token id="626890" text="Андрея"><tfr rev_id="3546798" t="Андрея"><v><l id="12977" t="андрей"><g v="NOUN"></g><g v="anim"></g><g v="masc"></g><g v="Name"></g><g v="sing"></g><g v="gent"></g></l></v></tfr></token><token id="626891" text="Маркова"><tfr rev_id="3859755" t="Маркова"><v><l id="155337" t="марков"><g v="NOUN"></g><g v="anim"></g><g v="masc"></g><g v="Sgtm"></g><g v="Surn"></g><g v="sing"></g><g v="gent"></g></l></v><v><l id="155337" t="марков"><g v="NOUN"></g><g v="anim"></g><g v="masc"></g><g v="Sgtm"></g><g v="Surn"></g><g v="sing"></g><g v="accs"></g></l></v></tfr></token><token id="626892" text="и"><tfr rev_id="1459015" t="и"><v><l id="116949" t="и"><g v="CONJ"></g></l></v><v><l id="116950" t="и"><g v="INTJ"></g></l></v></tfr></token><token id="626893" text="Сергея"><tfr rev_id="4363951" t="Сергея"><v><l id="319056" t="сергей"><g v="NOUN"></g><g v="anim"></g><g v="masc"></g><g v="Name"></g><g v="sing"></g><g v="gent"></g></l></v></tfr></token><token id="626894" text="Самсонова"><tfr rev_id="4076954" t="Самсонова"><v><l id="313141" t="самсонов"><g v="NOUN"></g><g v="anim"></g><g v="masc"></g><g v="Sgtm"></g><g v="Surn"></g><g v="sing"></g><g v="gent"></g></l></v><v><l id="313141" t="самсонов"><g v="NOUN"></g><g v="anim"></g><g v="masc"></g><g v="Sgtm"></g><g v="Surn"></g><g v="sing"></g><g v="accs"></g></l></v></tfr></token><token id="626895" text="помогли"><tfr rev_id="1459018" t="помогли"><v><l id="257948" t="помог"><g v="VERB"></g><g v="perf"></g><g v="intr"></g><g v="plur"></g><g v="past"></g><g v="indc"></g></l></v></tfr></token><token id="626896" text="«"><tfr rev_id="2444556" t="«"><v><l id="0" t="«"><g v="PNCT"></g></l></v></tfr></token><token id="626897" text="Монреалю"><tfr rev_id="1459020" t="Монреалю"><v><l id="163350" t="монреаль"><g v="NOUN"></g><g v="inan"></g><g v="masc"></g><g v="Sgtm"></g><g v="Geox"></g><g v="sing"></g><g v="datv"></g></l></v></tfr></token><token id="626898" text="»"><tfr rev_id="2444557" t="»"><v><l id="0" t="»"><g v="PNCT"></g></l></v></tfr></token><token id="626899" text="взять"><tfr rev_id="1459022" t="взять"><v><l id="44305" t="взять"><g v="INFN"></g><g v="perf"></g><g v="tran"></g></l></v></tfr></token><token id="626900" text="верх"><tfr rev_id="2782515" t="верх"><v><l id="41694" t="верх"><g v="NOUN"></g><g v="inan"></g><g v="masc"></g><g v="sing"></g><g v="accs"></g></l></v></tfr></token><token id="626901" text="над"><tfr rev_id="1459024" t="над"><v><l id="168356" t="над"><g v="PREP"></g></l></v></tfr></token><token id="626902" text="«"><tfr rev_id="2444558" t="«"><v><l id="0" t="«"><g v="PNCT"></g></l></v></tfr></token><token id="626903" text="Филадельфией"><tfr rev_id="3792828" t="Филадельфией"><v><l id="389962" t="филадельфия"><g v="NOUN"></g><g v="inan"></g><g v="femn"></g><g v="Sgtm"></g><g v="Geox"></g><g v="sing"></g><g v="ablt"></g></l></v></tfr></token><token id="626904" text="»"><tfr rev_id="2444559" t="»"><v><l id="0" t="»"><g v="PNCT"></g></l></v></tfr></token><token id="626905" text="—"><tfr rev_id="2444560" t="—"><v><l id="0" t="—"><g v="PNCT"></g></l></v></tfr></token><token id="626906" text="3"><tfr rev_id="2462013" t="3"><v><l id="0" t="3"><g v="NUMB"></g></l></v></tfr></token><token id="626907" text=":"><tfr rev_id="1459030" t=":"><v><l id="0" t=":"><g v="PNCT"></g></l></v></tfr></token><token id="626908" text="1"><tfr rev_id="2462014" t="1"><v><l id="0" t="1"><g v="NUMB"></g></l></v></tfr></token><token id="626909" text="."><tfr rev_id="1459032" t="."><v><l id="0" t="."><g v="PNCT"></g></l></v></tfr></token></tokens></sentence></paragraph><paragraph id="11180"><sentence id="35081"><source>В матче «Атланта» — «Бостон» хозяева добились крупной победы — 4:1.</source><tokens><token id="626910" text="В"><tfr rev_id="1459033" t="В"><v><l id="37409" t="в"><g v="PREP"></g></l></v></tfr></token><token id="626911" text="матче"><tfr rev_id="1459034" t="матче"><v><l id="156440" t="матч"><g v="NOUN"></g><g v="inan"></g><g v="masc"></g><g v="sing"></g><g v="loct"></g></l></v></tfr></token><token id="626912" text="«"><tfr rev_id="2444561" t="«"><v><l id="0" t="«"><g v="PNCT"></g></l></v></tfr></token><token id="626913" text="Атланта"><tfr rev_id="4257179" t="Атланта"><v><l id="388666" t="атланта"><g v="NOUN"></g><g v="inan"></g><g v="femn"></g><g v="Sgtm"></g><g v="Geox"></g><g v="sing"></g><g v="nomn"></g></l></v></tfr></token><token id="626914" text="»"><tfr rev_id="2444562" t="»"><v><l id="0" t="»"><g v="PNCT"></g></l></v></tfr></token><token id="626915" text="—"><tfr rev_id="2444563" t="—"><v><l id="0" t="—"><g v="PNCT"></g></l></v></tfr></token><token id="626916" text="«"><tfr rev_id="2444564" t="«"><v><l id="0" t="«"><g v="PNCT"></g></l></v></tfr></token><token id="626917" text="Бостон"><tfr rev_id="4506029" t="Бостон"><v><l id="33133" t="бостон"><g v="NOUN"></g><g v="inan"></g><g v="masc"></g><g v="sing"></g><g v="nomn"></g></l></v><v><l id="390924" t="бостон"><g v="NOUN"></g><g v="inan"></g><g v="masc"></g><g v="Geox"></g><g v="sing"></g><g v="accs"></g></l></v><v><l id="390924" t="бостон"><g v="NOUN"></g><g v="inan"></g><g v="masc"></g><g v="Geox"></g><g v="sing"></g><g v="nomn"></g></l></v></tfr></token><token id="626918" text="»"><tfr rev_id="2444565" t="»"><v><l id="0" t="»"><g v="PNCT"></g></l></v></tfr></token><token id="626919" text="хозяева"><tfr rev_id="1459042" t="хозяева"><v><l id="371180" t="хозяин"><g v="NOUN"></g><g v="anim"></g><g v="masc"></g><g v="plur"></g><g v="nomn"></g></l></v></tfr></token><token id="626920" text="добились"><tfr rev_id="1459043" t="добились"><v><l id="85268" t="добился"><g v="VERB"></g><g v="perf"></g><g v="intr"></g><g v="plur"></g><g v="past"></g><g v="indc"></g></l></v></tfr></token><token id="626921" text="крупной"><tfr rev_id="3556834" t="крупной"><v><l id="143763" t="крупный"><g v="ADJF"></g><g v="Qual"></g><g v="femn"></g><g v="sing"></g><g v="gent"></g></l></v></tfr></token><token id="626922" text="победы"><tfr rev_id="3124537" t="победы"><v><l id="241476" t="победа"><g v="NOUN"></g><g v="inan"></g><g v="femn"></g><g v="sing"></g><g v="gent"></g></l></v></tfr></token><token id="626923" text="—"><tfr rev_id="2444566" t="—"><v><l id="0" t="—"><g v="PNCT"></g></l></v></tfr></token><token id="626924" text="4"><tfr rev_id="2462015" t="4"><v><l id="0" t="4"><g v="NUMB"></g></l></v></tfr></token><token id="626925" text=":"><tfr rev_id="1459048" t=":"><v><l id="0" t=":"><g v="PNCT"></g></l></v></tfr></token><token id="626926" text="1"><tfr rev_id="2462016" t="1"><v><l id="0" t="1"><g v="NUMB"></g></l></v></tfr></token><token id="626927" text="."><tfr rev_id="1459050" t="."><v><l id="0" t="."><g v="PNCT"></g></l></v></tfr></token></tokens></sentence><sentence id="35082"><source>Илья Ковальчук, Виталий Вишневский и дважды Вячеслав Козлов результативно ассистировали одноклубникам по «трэшерз».</source><tokens><token id="626928" text="Илья"><tfr rev_id="1459051" t="Илья"><v><l id="121460" t="илья"><g v="NOUN"></g><g v="anim"></g><g v="masc"></g><g v="Sgtm"></g><g v="Name"></g><g v="sing"></g><g v="nomn"></g></l></v></tfr></token><token id="626929" text="Ковальчук"><tfr rev_id="4329240" t="Ковальчук"><v><l id="135069" t="ковальчук"><g v="NOUN"></g><g v="anim"></g><g v="masc"></g><g v="Sgtm"></g><g v="Surn"></g><g v="sing"></g><g v="nomn"></g></l></v></tfr></token><token id="626930" text=","><tfr rev_id="1459053" t=","><v><l id="0" t=","><g v="PNCT"></g></l></v></tfr></token><token id="626931" text="Виталий"><tfr rev_id="3461323" t="Виталий"><v><l id="45637" t="виталий"><g v="NOUN"></g><g v="anim"></g><g v="masc"></g><g v="Name"></g><g v="sing"></g><g v="nomn"></g></l></v></tfr></token><token id="626932" text="Вишневский"><tfr rev_id="3190539" t="Вишневский"><v><l id="45954" t="вишневский"><g v="NOUN"></g><g v="anim"></g><g v="masc"></g><g v="Sgtm"></g><g v="Surn"></g><g v="sing"></g><g v="nomn"></g></l></v></tfr></token><token id="626933" text="и"><tfr rev_id="3462584" t="и"><v><l id="116949" t="и"><g v="CONJ"></g></l></v></tfr></token><token id="626934" text="дважды"><tfr rev_id="1459057" t="дважды"><v><l id="78793" t="дважды"><g v="ADVB"></g></l></v></tfr></token><token id="626935" text="Вячеслав"><tfr rev_id="3452225" t="Вячеслав"><v><l id="65227" t="вячеслав"><g v="NOUN"></g><g v="anim"></g><g v="masc"></g><g v="Name"></g><g v="sing"></g><g v="nomn"></g></l></v></tfr></token><token id="626936" text="Козлов"><tfr rev_id="4203817" t="Козлов"><v><l id="135511" t="козлов"><g v="NOUN"></g><g v="anim"></g><g v="masc"></g><g v="Sgtm"></g><g v="Surn"></g><g v="sing"></g><g v="nomn"></g></l></v></tfr></token><token id="626937" text="результативно"><tfr rev_id="3647786" t="результативно"><v><l id="305394" t="результативен"><g v="ADJS"></g><g v="Qual"></g><g v="neut"></g><g v="sing"></g></l></v><v><l id="389438" t="результативно"><g v="ADVB"></g></l></v></tfr></token><token id="626938" text="ассистировали"><tfr rev_id="1459061" t="ассистировали"><v><l id="18813" t="ассистирую"><g v="VERB"></g><g v="impf"></g><g v="intr"></g><g v="plur"></g><g v="past"></g><g v="indc"></g></l></v></tfr></token><token id="626939" text="одноклубникам"><tfr rev_id="1459062" t="одноклубникам"><v><l id="203429" t="одноклубник"><g v="NOUN"></g><g v="anim"></g><g v="masc"></g><g v="plur"></g><g v="datv"></g></l></v></tfr></token><token id="626940" text="по"><tfr rev_id="1459063" t="по"><v><l id="241240" t="по"><g v="PREP"></g></l></v></tfr></token><token id="626941" text="«"><tfr rev_id="2444567" t="«"><v><l id="0" t="«"><g v="PNCT"></g></l></v></tfr></token><token id="626942" text="трэшерз"><tfr rev_id="1459065" t="трэшерз"><v><l id="0" t="трэшерз"><g v="UNKN"></g></l></v></tfr></token><token id="626943" text="»"><tfr rev_id="2444568" t="»"><v><l id="0" t="»"><g v="PNCT"></g></l></v></tfr></token><token id="626944" text="."><tfr rev_id="1459067" t="."><v><l id="0" t="."><g v="PNCT"></g></l></v></tfr></token></tokens></sentence><sentence id="35083"><source>Голкпипер Кари Лехтонен установил новый клубный рекорд «Атланты».</source><tokens><token id="626945" text="Голкпипер"><tfr rev_id="1459068" t="Голкпипер"><v><l id="0" t="голкпипер"><g v="UNKN"></g></l></v></tfr></token><token id="626946" text="Кари"><tfr rev_id="4504579" t="Кари"><v><l id="0" t="Кари"><g v="UNKN"></g></l></v></tfr></token><token id="626947" text="Лехтонен"><tfr rev_id="1459070" t="Лехтонен"><v><l id="0" t="лехтонен"><g v="UNKN"></g></l></v></tfr></token><token id="626948" text="установил"><tfr rev_id="1459071" t="установил"><v><l id="360981" t="установил"><g v="VERB"></g><g v="perf"></g><g v="tran"></g><g v="masc"></g><g v="sing"></g><g v="past"></g><g v="indc"></g></l></v></tfr></token><token id="626949" text="новый"><tfr rev_id="1459072" t="новый"><v><l id="191918" t="новый"><g v="ADJF"></g><g v="Qual"></g><g v="masc"></g><g v="sing"></g><g v="nomn"></g></l></v><v><l id="191918" t="новый"><g v="ADJF"></g><g v="Qual"></g><g v="inan"></g><g v="masc"></g><g v="sing"></g><g v="accs"></g></l></v></tfr></token><token id="626950" text="клубный"><tfr rev_id="4494594" t="клубный"><v><l id="134667" t="клубный"><g v="ADJF"></g><g v="masc"></g><g v="sing"></g><g v="nomn"></g></l></v><v><l id="134667" t="клубный"><g v="ADJF"></g><g v="inan"></g><g v="masc"></g><g v="sing"></g><g v="accs"></g></l></v></tfr></token><token id="626951" text="рекорд"><tfr rev_id="1459074" t="рекорд"><v><l id="305797" t="рекорд"><g v="NOUN"></g><g v="inan"></g><g v="masc"></g><g v="sing"></g><g v="nomn"></g></l></v><v><l id="305797" t="рекорд"><g v="NOUN"></g><g v="inan"></g><g v="masc"></g><g v="sing"></g><g v="accs"></g></l></v></tfr></token><token id="626952" text="«"><tfr rev_id="2444569" t="«"><v><l id="0" t="«"><g v="PNCT"></g></l></v></tfr></token><token id="626953" text="Атланты"><tfr rev_id="3727354" t="Атланты"><v><l id="0" t="Атланты"><g v="UNKN"></g></l></v></tfr></token><token id="626954" text="»"><tfr rev_id="2444570" t="»"><v><l id="0" t="»"><g v="PNCT"></g></l></v></tfr></token><token id="626955" text="."><tfr rev_id="1459078" t="."><v><l id="0" t="."><g v="PNCT"></g></l></v></tfr></token></tokens></sentence><sentence id="35084"><source>«Сухая» серия финна составила 167 минут и 56 секунд.</source><tokens><token id="626956" text="«"><tfr rev_id="2444571" t="«"><v><l id="0" t="«"><g v="PNCT"></g></l></v></tfr></token><token id="626957" text="Сухая"><tfr rev_id="3411687" t="Сухая"><v><l id="340303" t="сухой"><g v="ADJF"></g><g v="Qual"></g><g v="femn"></g><g v="sing"></g><g v="nomn"></g></l></v></tfr></token><token id="626958" text="»"><tfr rev_id="2444572" t="»"><v><l id="0" t="»"><g v="PNCT"></g></l></v></tfr></token><token id="626959" text="серия"><tfr rev_id="1459082" t="серия"><v><l id="319321" t="серия"><g v="NOUN"></g><g v="inan"></g><g v="femn"></g><g v="sing"></g><g v="nomn"></g></l></v></tfr></token><token id="626960" text="финна"><tfr rev_id="4389437" t="финна"><v><l id="366158" t="финн"><g v="NOUN"></g><g v="anim"></g><g v="masc"></g><g v="sing"></g><g v="gent"></g></l></v></tfr></token><token id="626961" text="составила"><tfr rev_id="1459084" t="составила"><v><l id="330483" t="составил"><g v="VERB"></g><g v="perf"></g><g v="tran"></g><g v="femn"></g><g v="sing"></g><g v="past"></g><g v="indc"></g></l></v></tfr></token><token id="626962" text="167"><tfr rev_id="2462017" t="167"><v><l id="0" t="167"><g v="NUMB"></g></l></v></tfr></token><token id="626963" text="минут"><tfr rev_id="1714322" t="минут"><v><l id="160750" t="минута"><g v="NOUN"></g><g v="inan"></g><g v="femn"></g><g v="plur"></g><g v="gent"></g></l></v></tfr></token><token id="626964" text="и"><tfr rev_id="1459087" t="и"><v><l id="116949" t="и"><g v="CONJ"></g></l></v><v><l id="116950" t="и"><g v="INTJ"></g></l></v></tfr></token><token id="626965" text="56"><tfr rev_id="2462018" t="56"><v><l id="0" t="56"><g v="NUMB"></g></l></v></tfr></token><token id="626966" text="секунд"><tfr rev_id="1459089" t="секунд"><v><l id="318156" t="секунда"><g v="NOUN"></g><g v="inan"></g><g v="femn"></g><g v="plur"></g><g v="gent"></g></l></v></tfr></token><token id="626967" text="."><tfr rev_id="1459090" t="."><v><l id="0" t="."><g v="PNCT"></g></l></v></tfr></token></tokens></sentence></paragraph><paragraph id="11181"><sentence id="35085"><source>Действующий обладатель Кубка Стэнли «Каролина» потерпела очередное поражение — на этот раз от в гостях от «Флориды» 3:6.</source><tokens><token id="626968" text="Действующий"><tfr rev_id="1459091" t="Действующий"><v><l id="80105" t="действующий"><g v="PRTF"></g><g v="impf"></g><g v="intr"></g><g v="pres"></g><g v="actv"></g><g v="masc"></g><g v="sing"></g><g v="nomn"></g></l></v><v><l id="80105" t="действующий"><g v="PRTF"></g><g v="impf"></g><g v="intr"></g><g v="pres"></g><g v="actv"></g><g v="inan"></g><g v="masc"></g><g v="sing"></g><g v="accs"></g></l></v><v><l id="80108" t="действующий"><g v="ADJF"></g><g v="masc"></g><g v="sing"></g><g v="nomn"></g></l></v><v><l id="80108" t="действующий"><g v="ADJF"></g><g v="inan"></g><g v="masc"></g><g v="sing"></g><g v="accs"></g></l></v></tfr></token><token id="626969" text="обладатель"><tfr rev_id="1459092" t="обладатель"><v><l id="196099" t="обладатель"><g v="NOUN"></g><g v="anim"></g><g v="masc"></g><g v="sing"></g><g v="nomn"></g></l></v></tfr></token><token id="626970" text="Кубка"><tfr rev_id="1459093" t="Кубка"><v><l id="144289" t="кубок"><g v="NOUN"></g><g v="inan"></g><g v="masc"></g><g v="sing"></g><g v="gent"></g></l></v></tfr></token><token id="626971" text="Стэнли"><tfr rev_id="4453916" t="Стэнли"><v><l id="390752" t="стэнли"><g v="NOUN"></g><g v="anim"></g><g v="masc"></g><g v="Sgtm"></g><g v="Fixd"></g><g v="Name"></g><g v="sing"></g><g v="ablt"></g></l></v><v><l id="390752" t="стэнли"><g v="NOUN"></g><g v="anim"></g><g v="masc"></g><g v="Sgtm"></g><g v="Fixd"></g><g v="Name"></g><g v="sing"></g><g v="accs"></g></l></v><v><l id="390752" t="стэнли"><g v="NOUN"></g><g v="anim"></g><g v="masc"></g><g v="Sgtm"></g><g v="Fixd"></g><g v="Name"></g><g v="sing"></g><g v="datv"></g></l></v><v><l id="390752" t="стэнли"><g v="NOUN"></g><g v="anim"></g><g v="masc"></g><g v="Sgtm"></g><g v="Fixd"></g><g v="Name"></g><g v="sing"></g><g v="gent"></g></l></v><v><l id="390752" t="стэнли"><g v="NOUN"></g><g v="anim"></g><g v="masc"></g><g v="Sgtm"></g><g v="Fixd"></g><g v="Name"></g><g v="sing"></g><g v="loct"></g></l></v><v><l id="390752" t="стэнли"><g v="NOUN"></g><g v="anim"></g><g v="masc"></g><g v="Sgtm"></g><g v="Fixd"></g><g v="Name"></g><g v="sing"></g><g v="nomn"></g></l></v></tfr></token><token id="626972" text="«"><tfr rev_id="2444573" t="«"><v><l id="0" t="«"><g v="PNCT"></g></l></v></tfr></token><token id="626973" text="Каролина"><tfr rev_id="1459096" t="Каролина"><v><l id="130628" t="каролина"><g v="NOUN"></g><g v="anim"></g><g v="femn"></g><g v="Name"></g><g v="sing"></g><g v="nomn"></g></l></v><v><l id="130629" t="каролина"><g v="NOUN"></g><g v="inan"></g><g v="femn"></g><g v="Sgtm"></g><g v="Geox"></g><g v="sing"></g><g v="nomn"></g></l></v></tfr></token><token id="626974" text="»"><tfr rev_id="2444574" t="»"><v><l id="0" t="»"><g v="PNCT"></g></l></v></tfr></token><token id="626975" text="потерпела"><tfr rev_id="1459098" t="потерпела"><v><l id="263138" t="потерпел"><g v="VERB"></g><g v="perf"></g><g v="tran"></g><g v="femn"></g><g v="sing"></g><g v="past"></g><g v="indc"></g></l></v></tfr></token><token id="626976" text="очередное"><tfr rev_id="1459099" t="очередное"><v><l id="221690" t="очередной"><g v="ADJF"></g><g v="neut"></g><g v="sing"></g><g v="nomn"></g></l></v><v><l id="221690" t="очередной"><g v="ADJF"></g><g v="neut"></g><g v="sing"></g><g v="accs"></g></l></v></tfr></token><token id="626977" text="поражение"><tfr rev_id="4100406" t="поражение"><v><l id="259943" t="поражение"><g v="NOUN"></g><g v="inan"></g><g v="neut"></g><g v="sing"></g><g v="accs"></g></l></v></tfr></token><token id="626978" text="—"><tfr rev_id="2444575" t="—"><v><l id="0" t="—"><g v="PNCT"></g></l></v></tfr></token><token id="626979" text="на"><tfr rev_id="3342593" t="на"><v><l id="166264" t="на"><g v="PREP"></g></l></v></tfr></token><token id="626980" text="этот"><tfr rev_id="4432105" t="этот"><v><l id="386581" t="этот"><g v="ADJF"></g><g v="Subx"></g><g v="Apro"></g><g v="Anph"></g><g v="masc"></g><g v="sing"></g><g v="nomn"></g></l></v><v><l id="386581" t="этот"><g v="ADJF"></g><g v="Subx"></g><g v="Apro"></g><g v="Anph"></g><g v="inan"></g><g v="masc"></g><g v="sing"></g><g v="accs"></g></l></v></tfr></token><token id="626981" text="раз"><tfr rev_id="4510878" t="раз"><v><l id="291500" t="раз"><g v="NOUN"></g><g v="inan"></g><g v="masc"></g><g v="sing"></g><g v="nomn"></g></l></v><v><l id="291500" t="раз"><g v="NOUN"></g><g v="inan"></g><g v="masc"></g><g v="sing"></g><g v="accs"></g></l></v></tfr></token><token id="626982" text="от"><tfr rev_id="1459105" t="от"><v><l id="211644" t="от"><g v="PREP"></g></l></v></tfr></token><token id="626983" text="в"><tfr rev_id="1459106" t="в"><v><l id="37409" t="в"><g v="PREP"></g></l></v></tfr></token><token id="626984" text="гостях"><tfr rev_id="1459107" t="гостях"><v><l id="74145" t="гость"><g v="NOUN"></g><g v="anim"></g><g v="masc"></g><g v="plur"></g><g v="loct"></g></l></v></tfr></token><token id="626985" text="от"><tfr rev_id="1459108" t="от"><v><l id="211644" t="от"><g v="PREP"></g></l></v></tfr></token><token id="626986" text="«"><tfr rev_id="2444576" t="«"><v><l id="0" t="«"><g v="PNCT"></g></l></v></tfr></token><token id="626987" text="Флориды"><tfr rev_id="4494727" t="Флориды"><v><l id="366619" t="флорида"><g v="NOUN"></g><g v="inan"></g><g v="femn"></g><g v="Sgtm"></g><g v="Geox"></g><g v="sing"></g><g v="gent"></g></l></v></tfr></token><token id="626988" text="»"><tfr rev_id="2444577" t="»"><v><l id="0" t="»"><g v="PNCT"></g></l></v></tfr></token><token id="626989" text="3"><tfr rev_id="2462019" t="3"><v><l id="0" t="3"><g v="NUMB"></g></l></v></tfr></token><token id="626990" text=":"><tfr rev_id="1459113" t=":"><v><l id="0" t=":"><g v="PNCT"></g></l></v></tfr></token><token id="626991" text="6"><tfr rev_id="2462020" t="6"><v><l id="0" t="6"><g v="NUMB"></g></l></v></tfr></token><token id="626992" text="."><tfr rev_id="1459115" t="."><v><l id="0" t="."><g v="PNCT"></g></l></v></tfr></token></tokens></sentence><sentence id="35086"><source>В составе «пантер» дублем отметились Гэри Робертс и финн Олли Йокинен.</source><tokens><token id="626993" text="В"><tfr rev_id="1459116" t="В"><v><l id="37409" t="в"><g v="PREP"></g></l></v></tfr></token><token id="626994" text="составе"><tfr rev_id="1459117" t="составе"><v><l id="330479" t="состав"><g v="NOUN"></g><g v="inan"></g><g v="masc"></g><g v="sing"></g><g v="loct"></g></l></v></tfr></token><token id="626995" text="«"><tfr rev_id="2444578" t="«"><v><l id="0" t="«"><g v="PNCT"></g></l></v></tfr></token><token id="626996" text="пантер"><tfr rev_id="4098053" t="пантер"><v><l id="223430" t="пантера"><g v="NOUN"></g><g v="anim"></g><g v="femn"></g><g v="plur"></g><g v="gent"></g></l></v></tfr></token><token id="626997" text="»"><tfr rev_id="2444579" t="»"><v><l id="0" t="»"><g v="PNCT"></g></l></v></tfr></token><token id="626998" text="дублем"><tfr rev_id="1459121" t="дублем"><v><l id="92696" t="дубль"><g v="NOUN"></g><g v="inan"></g><g v="masc"></g><g v="sing"></g><g v="ablt"></g></l></v></tfr></token><token id="626999" text="отметились"><tfr rev_id="1459122" t="отметились"><v><l id="215590" t="отметился"><g v="VERB"></g><g v="perf"></g><g v="intr"></g><g v="plur"></g><g v="past"></g><g v="indc"></g></l></v></tfr></token><token id="627000" text="Гэри"><tfr rev_id="4138292" t="Гэри"><v><l id="77448" t="гэри"><g v="NOUN"></g><g v="anim"></g><g v="masc"></g><g v="Sgtm"></g><g v="Fixd"></g><g v="Name"></g><g v="sing"></g><g v="nomn"></g></l></v></tfr></token><token id="627001" text="Робертс"><tfr rev_id="1459124" t="Робертс"><v><l id="0" t="робертс"><g v="UNKN"></g></l></v></tfr></token><token id="627002" text="и"><tfr rev_id="1459125" t="и"><v><l id="116949" t="и"><g v="CONJ"></g></l></v><v><l id="116950" t="и"><g v="INTJ"></g></l></v></tfr></token><token id="627003" text="финн"><tfr rev_id="3463059" t="финн"><v><l id="366158" t="финн"><g v="NOUN"></g><g v="anim"></g><g v="masc"></g><g v="sing"></g><g v="nomn"></g></l></v></tfr></token><token id="627004" text="Олли"><tfr rev_id="1459127" t="Олли"><v><l id="0" t="олли"><g v="UNKN"></g></l></v></tfr></token><token id="627005" text="Йокинен"><tfr rev_id="1459128" t="Йокинен"><v><l id="0" t="йокинен"><g v="UNKN"></g></l></v></tfr></token><token id="627006" text="."><tfr rev_id="1459129" t="."><v><l id="0" t="."><g v="PNCT"></g></l></v></tfr></token></tokens></sentence></paragraph><paragraph id="11182"><sentence id="35087"><source>Голкипер «Нью-Йорк Айлендерс» Майк Данэм сделал 46 сэйвов, что позволило его команде одержать первую победу в сезоне.</source><tokens><token id="627007" text="Голкипер"><tfr rev_id="1459130" t="Голкипер"><v><l id="72280" t="голкипер"><g v="NOUN"></g><g v="anim"></g><g v="masc"></g><g v="sing"></g><g v="nomn"></g></l></v></tfr></token><token id="627008" text="«"><tfr rev_id="2444580" t="«"><v><l id="0" t="«"><g v="PNCT"></g></l></v></tfr></token><token id="627009" text="Нью-Йорк"><tfr rev_id="1459132" t="Нью-Йорк"><v><l id="192831" t="нью-йорк"><g v="NOUN"></g><g v="inan"></g><g v="masc"></g><g v="Geox"></g><g v="sing"></g><g v="nomn"></g></l></v><v><l id="192831" t="нью-йорк"><g v="NOUN"></g><g v="inan"></g><g v="masc"></g><g v="Geox"></g><g v="sing"></g><g v="accs"></g></l></v></tfr></token><token id="627010" text="Айлендерс"><tfr rev_id="1459133" t="Айлендерс"><v><l id="0" t="айлендерс"><g v="UNKN"></g></l></v></tfr></token><token id="627011" text="»"><tfr rev_id="2444581" t="»"><v><l id="0" t="»"><g v="PNCT"></g></l></v></tfr></token><token id="627012" text="Майк"><tfr rev_id="1459135" t="Майк"><v><l id="153168" t="майк"><g v="NOUN"></g><g v="anim"></g><g v="masc"></g><g v="Name"></g><g v="sing"></g><g v="nomn"></g></l></v></tfr></token><token id="627013" text="Данэм"><tfr rev_id="1459136" t="Данэм"><v><l id="0" t="данэм"><g v="UNKN"></g></l></v></tfr></token><token id="627014" text="сделал"><tfr rev_id="1459137" t="сделал"><v><l id="317246" t="сделал"><g v="VERB"></g><g v="perf"></g><g v="tran"></g><g v="masc"></g><g v="sing"></g><g v="past"></g><g v="indc"></g></l></v></tfr></token><token id="627015" text="46"><tfr rev_id="2462021" t="46"><v><l id="0" t="46"><g v="NUMB"></g></l></v></tfr></token><token id="627016" text="сэйвов"><tfr rev_id="1459139" t="сэйвов"><v><l id="0" t="сэйвов"><g v="UNKN"></g></l></v></tfr></token><token id="627017" text=","><tfr rev_id="1459140" t=","><v><l id="0" t=","><g v="PNCT"></g></l></v></tfr></token><token id="627018" text="что"><tfr rev_id="3197062" t="что"><v><l id="377004" t="что"><g v="CONJ"></g></l></v><v><l id="377005" t="что"><g v="NPRO"></g><g v="neut"></g><g v="sing"></g><g v="nomn"></g></l></v><v><l id="377005" t="что"><g v="NPRO"></g><g v="neut"></g><g v="sing"></g><g v="accs"></g></l></v><v><l id="377006" t="что"><g v="ADVB"></g><g v="Ques"></g></l></v><v><l id="388695" t="что"><g v="PRCL"></g></l></v></tfr></token><token id="627019" text="позволило"><tfr rev_id="1459142" t="позволило"><v><l id="253425" t="позволил"><g v="VERB"></g><g v="perf"></g><g v="tran"></g><g v="neut"></g><g v="sing"></g><g v="past"></g><g v="indc"></g></l></v></tfr></token><token id="627020" text="его"><tfr rev_id="4514572" t="его"><v><l id="94208" t="его"><g v="ADJF"></g><g v="Fixd"></g><g v="Apro"></g><g v="Anph"></g><g v="femn"></g><g v="sing"></g><g v="nomn"></g></l></v><v><l id="94208" t="его"><g v="ADJF"></g><g v="Fixd"></g><g v="Apro"></g><g v="Anph"></g><g v="femn"></g><g v="sing"></g><g v="gent"></g></l></v><v><l id="94208" t="его"><g v="ADJF"></g><g v="Fixd"></g><g v="Apro"></g><g v="Anph"></g><g v="femn"></g><g v="sing"></g><g v="datv"></g></l></v><v><l id="94208" t="его"><g v="ADJF"></g><g v="Fixd"></g><g v="Apro"></g><g v="Anph"></g><g v="femn"></g><g v="sing"></g><g v="accs"></g></l></v><v><l id="94208" t="его"><g v="ADJF"></g><g v="Fixd"></g><g v="Apro"></g><g v="Anph"></g><g v="femn"></g><g v="sing"></g><g v="ablt"></g></l></v><v><l id="94208" t="его"><g v="ADJF"></g><g v="Fixd"></g><g v="Apro"></g><g v="Anph"></g><g v="femn"></g><g v="sing"></g><g v="loct"></g></l></v></tfr></token><token id="627021" text="команде"><tfr rev_id="2737571" t="команде"><v><l id="136706" t="команда"><g v="NOUN"></g><g v="inan"></g><g v="femn"></g><g v="sing"></g><g v="datv"></g></l></v></tfr></token><token id="627022" text="одержать"><tfr rev_id="1459145" t="одержать"><v><l id="203267" t="одержать"><g v="INFN"></g><g v="perf"></g><g v="tran"></g></l></v></tfr></token><token id="627023" text="первую"><tfr rev_id="1459146" t="первую"><v><l id="226359" t="первый"><g v="ADJF"></g><g v="Anum"></g><g v="femn"></g><g v="sing"></g><g v="accs"></g></l></v></tfr></token><token id="627024" text="победу"><tfr rev_id="1459147" t="победу"><v><l id="241476" t="победа"><g v="NOUN"></g><g v="inan"></g><g v="femn"></g><g v="sing"></g><g v="accs"></g></l></v></tfr></token><token id="627025" text="в"><tfr rev_id="1459148" t="в"><v><l id="37409" t="в"><g v="PREP"></g></l></v></tfr></token><token id="627026" text="сезоне"><tfr rev_id="1459149" t="сезоне"><v><l id="317857" t="сезон"><g v="NOUN"></g><g v="inan"></g><g v="masc"></g><g v="sing"></g><g v="loct"></g></l></v></tfr></token><token id="627027" text="."><tfr rev_id="1459150" t="."><v><l id="0" t="."><g v="PNCT"></g></l></v></tfr></token></tokens></sentence><sentence id="35088"><source>В гостях был обыгран «Анахайм Дакс».</source><tokens><token id="627028" text="В"><tfr rev_id="1459151" t="В"><v><l id="37409" t="в"><g v="PREP"></g></l></v></tfr></token><token id="627029" text="гостях"><tfr rev_id="1459152" t="гостях"><v><l id="74145" t="гость"><g v="NOUN"></g><g v="anim"></g><g v="masc"></g><g v="plur"></g><g v="loct"></g></l></v></tfr></token><token id="627030" text="был"><tfr rev_id="1459153" t="был"><v><l id="37265" t="есть"><g v="VERB"></g><g v="impf"></g><g v="intr"></g><g v="masc"></g><g v="sing"></g><g v="past"></g><g v="indc"></g></l></v></tfr></token><token id="627031" text="обыгран"><tfr rev_id="1459154" t="обыгран"><v><l id="201961" t="обыгран"><g v="PRTS"></g><g v="perf"></g><g v="past"></g><g v="pssv"></g><g v="masc"></g><g v="sing"></g></l></v></tfr></token><token id="627032" text="«"><tfr rev_id="2444582" t="«"><v><l id="0" t="«"><g v="PNCT"></g></l></v></tfr></token><token id="627033" text="Анахайм"><tfr rev_id="1459156" t="Анахайм"><v><l id="0" t="анахайм"><g v="UNKN"></g></l></v></tfr></token><token id="627034" text="Дакс"><tfr rev_id="1459157" t="Дакс"><v><l id="0" t="дакс"><g v="UNKN"></g></l></v></tfr></token><token id="627035" text="»"><tfr rev_id="2444583" t="»"><v><l id="0" t="»"><g v="PNCT"></g></l></v></tfr></token><token id="627036" text="."><tfr rev_id="1459159" t="."><v><l id="0" t="."><g v="PNCT"></g></l></v></tfr></token></tokens></sentence><sentence id="35089"><source>В составе «островитян» отметился шайбой Алексей Яшин, а его одноклубник Виктор Козлов записал на свой счет голевую передачу.</source><tokens><token id="627037" text="В"><tfr rev_id="1459160" t="В"><v><l id="37409" t="в"><g v="PREP"></g></l></v></tfr></token><token id="627038" text="составе"><tfr rev_id="1459161" t="составе"><v><l id="330479" t="состав"><g v="NOUN"></g><g v="inan"></g><g v="masc"></g><g v="sing"></g><g v="loct"></g></l></v></tfr></token><token id="627039" text="«"><tfr rev_id="2444584" t="«"><v><l id="0" t="«"><g v="PNCT"></g></l></v></tfr></token><token id="627040" text="островитян"><tfr rev_id="4358860" t="островитян"><v><l id="211189" t="островитянин"><g v="NOUN"></g><g v="anim"></g><g v="masc"></g><g v="plur"></g><g v="gent"></g></l></v></tfr></token><token id="627041" text="»"><tfr rev_id="2444585" t="»"><v><l id="0" t="»"><g v="PNCT"></g></l></v></tfr></token><token id="627042" text="отметился"><tfr rev_id="1459165" t="отметился"><v><l id="215590" t="отметился"><g v="VERB"></g><g v="perf"></g><g v="intr"></g><g v="masc"></g><g v="sing"></g><g v="past"></g><g v="indc"></g></l></v></tfr></token><token id="627043" text="шайбой"><tfr rev_id="1459166" t="шайбой"><v><l id="377727" t="шайба"><g v="NOUN"></g><g v="inan"></g><g v="femn"></g><g v="sing"></g><g v="ablt"></g></l></v></tfr></token><token id="627044" text="Алексей"><tfr rev_id="1459167" t="Алексей"><v><l id="8618" t="алексей"><g v="NOUN"></g><g v="anim"></g><g v="masc"></g><g v="Name"></g><g v="sing"></g><g v="nomn"></g></l></v></tfr></token><token id="627045" text="Яшин"><tfr rev_id="1459168" t="Яшин"><v><l id="388428" t="яшин"><g v="NOUN"></g><g v="anim"></g><g v="masc"></g><g v="Sgtm"></g><g v="Surn"></g><g v="sing"></g><g v="nomn"></g></l></v></tfr></token><token id="627046" text=","><tfr rev_id="1459169" t=","><v><l id="0" t=","><g v="PNCT"></g></l></v></tfr></token><token id="627047" text="а"><tfr rev_id="3705784" t="а"><v><l id="51" t="а"><g v="CONJ"></g></l></v></tfr></token><token id="627048" text="его"><tfr rev_id="4457503" t="его"><v><l id="94208" t="его"><g v="ADJF"></g><g v="Fixd"></g><g v="Apro"></g><g v="Anph"></g><g v="masc"></g><g v="sing"></g><g v="nomn"></g></l></v><v><l id="94208" t="его"><g v="ADJF"></g><g v="Fixd"></g><g v="Apro"></g><g v="Anph"></g><g v="masc"></g><g v="sing"></g><g v="gent"></g></l></v><v><l id="94208" t="его"><g v="ADJF"></g><g v="Fixd"></g><g v="Apro"></g><g v="Anph"></g><g v="masc"></g><g v="sing"></g><g v="datv"></g></l></v><v><l id="94208" t="его"><g v="ADJF"></g><g v="Fixd"></g><g v="Apro"></g><g v="Anph"></g><g v="masc"></g><g v="sing"></g><g v="accs"></g></l></v><v><l id="94208" t="его"><g v="ADJF"></g><g v="Fixd"></g><g v="Apro"></g><g v="Anph"></g><g v="masc"></g><g v="sing"></g><g v="ablt"></g></l></v><v><l id="94208" t="его"><g v="ADJF"></g><g v="Fixd"></g><g v="Apro"></g><g v="Anph"></g><g v="masc"></g><g v="sing"></g><g v="loct"></g></l></v></tfr></token><token id="627049" text="одноклубник"><tfr rev_id="1459172" t="одноклубник"><v><l id="203429" t="одноклубник"><g v="NOUN"></g><g v="anim"></g><g v="masc"></g><g v="sing"></g><g v="nomn"></g></l></v></tfr></token><token id="627050" text="Виктор"><tfr rev_id="1459173" t="Виктор"><v><l id="44808" t="виктор"><g v="NOUN"></g><g v="anim"></g><g v="masc"></g><g v="Name"></g><g v="sing"></g><g v="nomn"></g></l></v></tfr></token><token id="627051" text="Козлов"><tfr rev_id="3692781" t="Козлов"><v><l id="135511" t="козлов"><g v="NOUN"></g><g v="anim"></g><g v="masc"></g><g v="Sgtm"></g><g v="Surn"></g><g v="sing"></g><g v="nomn"></g></l></v></tfr></token><token id="627052" text="записал"><tfr rev_id="1459175" t="записал"><v><l id="107245" t="записал"><g v="VERB"></g><g v="perf"></g><g v="tran"></g><g v="masc"></g><g v="sing"></g><g v="past"></g><g v="indc"></g></l></v><v><l id="107251" t="записал"><g v="VERB"></g><g v="perf"></g><g v="tran"></g><g v="masc"></g><g v="sing"></g><g v="past"></g><g v="indc"></g></l></v></tfr></token><token id="627053" text="на"><tfr rev_id="3344225" t="на"><v><l id="166264" t="на"><g v="PREP"></g></l></v></tfr></token><token id="627054" text="свой"><tfr rev_id="3629876" t="свой"><v><l id="316379" t="свой"><g v="ADJF"></g><g v="Apro"></g><g v="Anph"></g><g v="masc"></g><g v="sing"></g><g v="nomn"></g></l></v><v><l id="316379" t="свой"><g v="ADJF"></g><g v="Apro"></g><g v="Anph"></g><g v="inan"></g><g v="masc"></g><g v="sing"></g><g v="accs"></g></l></v></tfr></token><token id="627055" text="счет"><tfr rev_id="1459178" t="счет"><v><l id="341128" t="счёт"><g v="NOUN"></g><g v="inan"></g><g v="masc"></g><g v="sing"></g><g v="nomn"></g></l></v><v><l id="341128" t="счёт"><g v="NOUN"></g><g v="inan"></g><g v="masc"></g><g v="sing"></g><g v="accs"></g></l></v></tfr></token><token id="627056" text="голевую"><tfr rev_id="1459179" t="голевую"><v><l id="72240" t="голевой"><g v="ADJF"></g><g v="femn"></g><g v="sing"></g><g v="accs"></g></l></v></tfr></token><token id="627057" text="передачу"><tfr rev_id="1459180" t="передачу"><v><l id="228169" t="передача"><g v="NOUN"></g><g v="inan"></g><g v="femn"></g><g v="sing"></g><g v="accs"></g></l></v></tfr></token><token id="627058" text="."><tfr rev_id="1459181" t="."><v><l id="0" t="."><g v="PNCT"></g></l></v></tfr></token></tokens></sentence><sentence id="35090"><source>Решающий буллит реализовал левый крайний ньюйоркцев Майк Йорк.</source><tokens><token id="627059" text="Решающий"><tfr rev_id="1459182" t="Решающий"><v><l id="307337" t="решающий"><g v="PRTF"></g><g v="impf"></g><g v="tran"></g><g v="pres"></g><g v="actv"></g><g v="masc"></g><g v="sing"></g><g v="nomn"></g></l></v><v><l id="307337" t="решающий"><g v="PRTF"></g><g v="impf"></g><g v="tran"></g><g v="pres"></g><g v="actv"></g><g v="inan"></g><g v="masc"></g><g v="sing"></g><g v="accs"></g></l></v><v><l id="307347" t="решающий"><g v="ADJF"></g><g v="masc"></g><g v="sing"></g><g v="nomn"></g></l></v><v><l id="307347" t="решающий"><g v="ADJF"></g><g v="inan"></g><g v="masc"></g><g v="sing"></g><g v="accs"></g></l></v></tfr></token><token id="627060" text="буллит"><tfr rev_id="2508308" t="буллит"><v><l id="388549" t="буллит"><g v="NOUN"></g><g v="inan"></g><g v="masc"></g><g v="sing"></g><g v="nomn"></g></l></v><v><l id="388549" t="буллит"><g v="NOUN"></g><g v="inan"></g><g v="masc"></g><g v="sing"></g><g v="accs"></g></l></v></tfr></token><token id="627061" text="реализовал"><tfr rev_id="1459184" t="реализовал"><v><l id="304408" t="реализовал"><g v="VERB"></g><g v="perf"></g><g v="tran"></g><g v="masc"></g><g v="sing"></g><g v="past"></g><g v="indc"></g></l></v><v><l id="304409" t="реализую"><g v="VERB"></g><g v="impf"></g><g v="tran"></g><g v="masc"></g><g v="sing"></g><g v="past"></g><g v="indc"></g></l></v></tfr></token><token id="627062" text="левый"><tfr rev_id="4153974" t="левый"><v><l id="147433" t="левый"><g v="ADJF"></g><g v="Qual"></g><g v="masc"></g><g v="sing"></g><g v="nomn"></g></l></v><v><l id="147433" t="левый"><g v="ADJF"></g><g v="Qual"></g><g v="inan"></g><g v="masc"></g><g v="sing"></g><g v="accs"></g></l></v></tfr></token><token id="627063" text="крайний"><tfr rev_id="4408812" t="крайний"><v><l id="141514" t="крайний"><g v="ADJF"></g><g v="masc"></g><g v="sing"></g><g v="nomn"></g></l></v></tfr></token><token id="627064" text="ньюйоркцев"><tfr rev_id="4202531" t="ньюйоркцев"><v><l id="192838" t="ньюйоркец"><g v="NOUN"></g><g v="anim"></g><g v="masc"></g><g v="plur"></g><g v="gent"></g></l></v></tfr></token><token id="627065" text="Майк"><tfr rev_id="1459188" t="Майк"><v><l id="153168" t="майк"><g v="NOUN"></g><g v="anim"></g><g v="masc"></g><g v="Name"></g><g v="sing"></g><g v="nomn"></g></l></v></tfr></token><token id="627066" text="Йорк"><tfr rev_id="4101070" t="Йорк"><v><l id="0" t="Йорк"><g v="UNKN"></g></l></v></tfr></token><token id="627067" text="."><tfr rev_id="1459190" t="."><v><l id="0" t="."><g v="PNCT"></g></l></v></tfr></token></tokens></sentence></paragraph></paragraphs></text>