<?xml version="1.0" encoding="utf-8"?><text id="1212" parent="226" name="ТВ интегрируется с онлайном"><tags><tag>url:http://www.chaskor.ru/news/tv_integriruetsya_s_onlajnom</tag><tag>Год:2010</tag><tag>Дата:26/01</tag><tag>Тема:ЧасКор:Медиа</tag><tag>Тема:ЧасКор:Медиа/Медиабизнес</tag></tags><paragraphs><paragraph id="11261"><sentence id="35496"><source>ТВ интегрируется с онлайном</source><tokens><token id="634351" text="ТВ"><tfr rev_id="4139054" t="ТВ"><v><l id="343680" t="тв"><g v="NOUN"></g><g v="inan"></g><g v="neut"></g><g v="Sgtm"></g><g v="Fixd"></g><g v="Abbr"></g><g v="sing"></g><g v="nomn"></g></l></v></tfr></token><token id="634352" text="интегрируется"><tfr rev_id="1466467" t="интегрируется"><v><l id="123047" t="интегрируюсь"><g v="VERB"></g><g v="impf"></g><g v="intr"></g><g v="sing"></g><g v="3per"></g><g v="pres"></g><g v="indc"></g></l></v></tfr></token><token id="634353" text="с"><tfr rev_id="1466468" t="с"><v><l id="311151" t="с"><g v="PREP"></g></l></v></tfr></token><token id="634354" text="онлайном"><tfr rev_id="4321769" t="онлайном"><v><l id="390387" t="онлайн"><g v="NOUN"></g><g v="inan"></g><g v="masc"></g><g v="sing"></g><g v="ablt"></g></l></v></tfr></token></tokens></sentence><sentence id="35497"><source>Компания Nielsen предлагает по-новому подсчитать аудитории СМИ.</source><tokens><token id="634355" text="Компания"><tfr rev_id="1466470" t="Компания"><v><l id="137146" t="компания"><g v="NOUN"></g><g v="inan"></g><g v="femn"></g><g v="sing"></g><g v="nomn"></g></l></v></tfr></token><token id="634356" text="Nielsen"><tfr rev_id="2474931" t="Nielsen"><v><l id="0" t="Nielsen"><g v="LATN"></g></l></v></tfr></token><token id="634357" text="предлагает"><tfr rev_id="1466472" t="предлагает"><v><l id="266518" t="предлагаю"><g v="VERB"></g><g v="impf"></g><g v="tran"></g><g v="sing"></g><g v="3per"></g><g v="pres"></g><g v="indc"></g></l></v></tfr></token><token id="634358" text="по-новому"><tfr rev_id="1466473" t="по-новому"><v><l id="241300" t="по-новому"><g v="ADVB"></g></l></v></tfr></token><token id="634359" text="подсчитать"><tfr rev_id="1466474" t="подсчитать"><v><l id="251209" t="подсчитать"><g v="INFN"></g><g v="perf"></g><g v="tran"></g></l></v></tfr></token><token id="634360" text="аудитории"><tfr rev_id="3768604" t="аудитории"><v><l id="19864" t="аудитория"><g v="NOUN"></g><g v="inan"></g><g v="femn"></g><g v="plur"></g><g v="accs"></g></l></v></tfr></token><token id="634361" text="СМИ"><tfr rev_id="4489538" t="СМИ"><v><l id="326341" t="сми"><g v="NOUN"></g><g v="inan"></g><g v="GNdr"></g><g v="Pltm"></g><g v="Fixd"></g><g v="Abbr"></g><g v="plur"></g><g v="gent"></g></l></v></tfr></token><token id="634362" text="."><tfr rev_id="1466477" t="."><v><l id="0" t="."><g v="PNCT"></g></l></v></tfr></token></tokens></sentence></paragraph><paragraph id="11262"><sentence id="35498"><source>Компания Nielsen начнёт считать интернет-зрителей телеканалов и отдельных телепроектов в США уже в феврале 2011 года.</source><tokens><token id="634363" text="Компания"><tfr rev_id="1466478" t="Компания"><v><l id="137146" t="компания"><g v="NOUN"></g><g v="inan"></g><g v="femn"></g><g v="sing"></g><g v="nomn"></g></l></v></tfr></token><token id="634364" text="Nielsen"><tfr rev_id="2474932" t="Nielsen"><v><l id="0" t="Nielsen"><g v="LATN"></g></l></v></tfr></token><token id="634365" text="начнёт"><tfr rev_id="1466480" t="начнёт"><v><l id="178224" t="начал"><g v="VERB"></g><g v="perf"></g><g v="tran"></g><g v="sing"></g><g v="3per"></g><g v="futr"></g><g v="indc"></g></l></v></tfr></token><token id="634366" text="считать"><tfr rev_id="1466481" t="считать"><v><l id="341321" t="считать"><g v="INFN"></g><g v="impf"></g><g v="tran"></g></l></v><v><l id="341330" t="считать"><g v="INFN"></g><g v="perf"></g><g v="tran"></g></l></v></tfr></token><token id="634367" text="интернет-зрителей"><tfr rev_id="1466482" t="интернет-зрителей"><v><l id="0" t="интернет-зрителей"><g v="UNKN"></g></l></v></tfr></token><token id="634368" text="телеканалов"><tfr rev_id="1466483" t="телеканалов"><v><l id="344167" t="телеканал"><g v="NOUN"></g><g v="inan"></g><g v="masc"></g><g v="plur"></g><g v="gent"></g></l></v></tfr></token><token id="634369" text="и"><tfr rev_id="1466484" t="и"><v><l id="116949" t="и"><g v="CONJ"></g></l></v><v><l id="116950" t="и"><g v="INTJ"></g></l></v></tfr></token><token id="634370" text="отдельных"><tfr rev_id="3532527" t="отдельных"><v><l id="213415" t="отдельный"><g v="ADJF"></g><g v="Qual"></g><g v="plur"></g><g v="gent"></g></l></v></tfr></token><token id="634371" text="телепроектов"><tfr rev_id="1466486" t="телепроектов"><v><l id="0" t="телепроектов"><g v="UNKN"></g></l></v></tfr></token><token id="634372" text="в"><tfr rev_id="1466487" t="в"><v><l id="37409" t="в"><g v="PREP"></g></l></v></tfr></token><token id="634373" text="США"><tfr rev_id="3811391" t="США"><v><l id="341371" t="сша"><g v="NOUN"></g><g v="inan"></g><g v="GNdr"></g><g v="Pltm"></g><g v="Fixd"></g><g v="Abbr"></g><g v="Geox"></g><g v="plur"></g><g v="loct"></g></l></v></tfr></token><token id="634374" text="уже"><tfr rev_id="2692793" t="уже"><v><l id="355422" t="уж"><g v="NOUN"></g><g v="anim"></g><g v="masc"></g><g v="sing"></g><g v="loct"></g></l></v><v><l id="355498" t="уже"><g v="ADVB"></g></l></v><v><l id="355674" t="уже"><g v="COMP"></g><g v="Qual"></g></l></v><v><l id="388673" t="уже"><g v="PRCL"></g></l></v></tfr></token><token id="634375" text="в"><tfr rev_id="1466490" t="в"><v><l id="37409" t="в"><g v="PREP"></g></l></v></tfr></token><token id="634376" text="феврале"><tfr rev_id="1466491" t="феврале"><v><l id="364920" t="февраль"><g v="NOUN"></g><g v="inan"></g><g v="masc"></g><g v="sing"></g><g v="loct"></g></l></v></tfr></token><token id="634377" text="2011"><tfr rev_id="2462048" t="2011"><v><l id="0" t="2011"><g v="NUMB"></g></l></v></tfr></token><token id="634378" text="года"><tfr rev_id="3451938" t="года"><v><l id="72149" t="год"><g v="NOUN"></g><g v="inan"></g><g v="masc"></g><g v="sing"></g><g v="gen1"></g></l></v></tfr></token><token id="634379" text="."><tfr rev_id="1466494" t="."><v><l id="0" t="."><g v="PNCT"></g></l></v></tfr></token></tokens></sentence><sentence id="35499"><source>Это будет «единый совокупный национальный телерейтинг» (так значится в письме Сары Эриксон, вице-президента Nielsen по работе с клиентами в Северной Америке), и, по оценке представителей компании, он сможет стать основанием для определения цен на рекламу.</source><tokens><token id="634380" text="Это"><tfr rev_id="4510046" t="Это"><v><l id="386575" t="это"><g v="NPRO"></g><g v="neut"></g><g v="sing"></g><g v="nomn"></g></l></v><v><l id="386575" t="это"><g v="NPRO"></g><g v="neut"></g><g v="sing"></g><g v="accs"></g></l></v></tfr></token><token id="634381" text="будет"><tfr rev_id="1466496" t="будет"><v><l id="37265" t="есть"><g v="VERB"></g><g v="impf"></g><g v="intr"></g><g v="sing"></g><g v="3per"></g><g v="futr"></g><g v="indc"></g></l></v></tfr></token><token id="634382" text="«"><tfr rev_id="2444876" t="«"><v><l id="0" t="«"><g v="PNCT"></g></l></v></tfr></token><token id="634383" text="единый"><tfr rev_id="1466498" t="единый"><v><l id="94410" t="единый"><g v="ADJF"></g><g v="Qual"></g><g v="masc"></g><g v="sing"></g><g v="nomn"></g></l></v><v><l id="94410" t="единый"><g v="ADJF"></g><g v="Qual"></g><g v="inan"></g><g v="masc"></g><g v="sing"></g><g v="accs"></g></l></v></tfr></token><token id="634384" text="совокупный"><tfr rev_id="1466499" t="совокупный"><v><l id="328162" t="совокупный"><g v="ADJF"></g><g v="Qual"></g><g v="masc"></g><g v="sing"></g><g v="nomn"></g></l></v><v><l id="328162" t="совокупный"><g v="ADJF"></g><g v="Qual"></g><g v="inan"></g><g v="masc"></g><g v="sing"></g><g v="accs"></g></l></v></tfr></token><token id="634385" text="национальный"><tfr rev_id="1466500" t="национальный"><v><l id="178150" t="национальный"><g v="ADJF"></g><g v="masc"></g><g v="sing"></g><g v="nomn"></g></l></v><v><l id="178150" t="национальный"><g v="ADJF"></g><g v="inan"></g><g v="masc"></g><g v="sing"></g><g v="accs"></g></l></v></tfr></token><token id="634386" text="телерейтинг"><tfr rev_id="1466501" t="телерейтинг"><v><l id="0" t="телерейтинг"><g v="UNKN"></g></l></v></tfr></token><token id="634387" text="»"><tfr rev_id="2444877" t="»"><v><l id="0" t="»"><g v="PNCT"></g></l></v></tfr></token><token id="634388" text="("><tfr rev_id="1466503" t="("><v><l id="0" t="("><g v="PNCT"></g></l></v></tfr></token><token id="634389" text="так"><tfr rev_id="1466504" t="так"><v><l id="342451" t="так"><g v="CONJ"></g></l></v><v><l id="342452" t="так"><g v="PRCL"></g></l></v><v><l id="342453" t="так"><g v="ADVB"></g><g v="Dmns"></g></l></v></tfr></token><token id="634390" text="значится"><tfr rev_id="1466505" t="значится"><v><l id="116039" t="значусь"><g v="VERB"></g><g v="impf"></g><g v="intr"></g><g v="sing"></g><g v="3per"></g><g v="pres"></g><g v="indc"></g></l></v></tfr></token><token id="634391" text="в"><tfr rev_id="1466506" t="в"><v><l id="37409" t="в"><g v="PREP"></g></l></v></tfr></token><token id="634392" text="письме"><tfr rev_id="1466507" t="письме"><v><l id="239196" t="письмо"><g v="NOUN"></g><g v="inan"></g><g v="neut"></g><g v="sing"></g><g v="loct"></g></l></v></tfr></token><token id="634393" text="Сары"><tfr rev_id="3471230" t="Сары"><v><l id="313556" t="сара"><g v="NOUN"></g><g v="anim"></g><g v="femn"></g><g v="Name"></g><g v="sing"></g><g v="gent"></g></l></v></tfr></token><token id="634394" text="Эриксон"><tfr rev_id="1466509" t="Эриксон"><v><l id="386015" t="эриксон"><g v="NOUN"></g><g v="anim"></g><g v="masc"></g><g v="Name"></g><g v="sing"></g><g v="nomn"></g></l></v></tfr></token><token id="634395" text=","><tfr rev_id="1466510" t=","><v><l id="0" t=","><g v="PNCT"></g></l></v></tfr></token><token id="634396" text="вице-президента"><tfr rev_id="4216587" t="вице-президента"><v><l id="45907" t="вице-президент"><g v="NOUN"></g><g v="anim"></g><g v="masc"></g><g v="sing"></g><g v="gent"></g></l></v></tfr></token><token id="634397" text="Nielsen"><tfr rev_id="2474933" t="Nielsen"><v><l id="0" t="Nielsen"><g v="LATN"></g></l></v></tfr></token><token id="634398" text="по"><tfr rev_id="1466513" t="по"><v><l id="241240" t="по"><g v="PREP"></g></l></v></tfr></token><token id="634399" text="работе"><tfr rev_id="2931052" t="работе"><v><l id="290501" t="работа"><g v="NOUN"></g><g v="inan"></g><g v="femn"></g><g v="sing"></g><g v="datv"></g></l></v></tfr></token><token id="634400" text="с"><tfr rev_id="1466515" t="с"><v><l id="311151" t="с"><g v="PREP"></g></l></v></tfr></token><token id="634401" text="клиентами"><tfr rev_id="4455732" t="клиентами"><v><l id="134285" t="клиент"><g v="NOUN"></g><g v="anim"></g><g v="masc"></g><g v="plur"></g><g v="ablt"></g></l></v></tfr></token><token id="634402" text="в"><tfr rev_id="1466517" t="в"><v><l id="37409" t="в"><g v="PREP"></g></l></v></tfr></token><token id="634403" text="Северной"><tfr rev_id="4424236" t="Северной"><v><l id="317517" t="северный"><g v="ADJF"></g><g v="Qual"></g><g v="femn"></g><g v="sing"></g><g v="loct"></g></l></v></tfr></token><token id="634404" text="Америке"><tfr rev_id="3551697" t="Америке"><v><l id="11393" t="америка"><g v="NOUN"></g><g v="inan"></g><g v="femn"></g><g v="Sgtm"></g><g v="Geox"></g><g v="sing"></g><g v="loct"></g></l></v></tfr></token><token id="634405" text=")"><tfr rev_id="1466520" t=")"><v><l id="0" t=")"><g v="PNCT"></g></l></v></tfr></token><token id="634406" text=","><tfr rev_id="1466521" t=","><v><l id="0" t=","><g v="PNCT"></g></l></v></tfr></token><token id="634407" text="и"><tfr rev_id="3677802" t="и"><v><l id="116949" t="и"><g v="CONJ"></g></l></v></tfr></token><token id="634408" text=","><tfr rev_id="1466523" t=","><v><l id="0" t=","><g v="PNCT"></g></l></v></tfr></token><token id="634409" text="по"><tfr rev_id="1466524" t="по"><v><l id="241240" t="по"><g v="PREP"></g></l></v></tfr></token><token id="634410" text="оценке"><tfr rev_id="3447483" t="оценке"><v><l id="221498" t="оценка"><g v="NOUN"></g><g v="inan"></g><g v="femn"></g><g v="sing"></g><g v="datv"></g></l></v></tfr></token><token id="634411" text="представителей"><tfr rev_id="2866534" t="представителей"><v><l id="267083" t="представитель"><g v="NOUN"></g><g v="anim"></g><g v="masc"></g><g v="plur"></g><g v="gent"></g></l></v></tfr></token><token id="634412" text="компании"><tfr rev_id="4101829" t="компании"><v><l id="137146" t="компания"><g v="NOUN"></g><g v="inan"></g><g v="femn"></g><g v="sing"></g><g v="gent"></g></l></v></tfr></token><token id="634413" text=","><tfr rev_id="1466528" t=","><v><l id="0" t=","><g v="PNCT"></g></l></v></tfr></token><token id="634414" text="он"><tfr rev_id="3575668" t="он"><v><l id="206541" t="он"><g v="NPRO"></g><g v="masc"></g><g v="3per"></g><g v="Anph"></g><g v="sing"></g><g v="nomn"></g></l></v></tfr></token><token id="634415" text="сможет"><tfr rev_id="1466530" t="сможет"><v><l id="326830" t="смог"><g v="VERB"></g><g v="perf"></g><g v="intr"></g><g v="sing"></g><g v="3per"></g><g v="futr"></g><g v="indc"></g></l></v></tfr></token><token id="634416" text="стать"><tfr rev_id="1712960" t="стать"><v><l id="335165" t="стать"><g v="INFN"></g><g v="perf"></g><g v="intr"></g></l></v></tfr></token><token id="634417" text="основанием"><tfr rev_id="1466532" t="основанием"><v><l id="210575" t="основание"><g v="NOUN"></g><g v="inan"></g><g v="neut"></g><g v="sing"></g><g v="ablt"></g></l></v></tfr></token><token id="634418" text="для"><tfr rev_id="2922744" t="для"><v><l id="85032" t="для"><g v="PREP"></g></l></v></tfr></token><token id="634419" text="определения"><tfr rev_id="3446822" t="определения"><v><l id="207991" t="определение"><g v="NOUN"></g><g v="inan"></g><g v="neut"></g><g v="sing"></g><g v="gent"></g></l></v></tfr></token><token id="634420" text="цен"><tfr rev_id="1466535" t="цен"><v><l id="373297" t="цена"><g v="NOUN"></g><g v="inan"></g><g v="femn"></g><g v="plur"></g><g v="gent"></g></l></v></tfr></token><token id="634421" text="на"><tfr rev_id="2912326" t="на"><v><l id="166264" t="на"><g v="PREP"></g></l></v><v><l id="388676" t="на"><g v="INTJ"></g></l></v></tfr></token><token id="634422" text="рекламу"><tfr rev_id="1466537" t="рекламу"><v><l id="305670" t="реклама"><g v="NOUN"></g><g v="inan"></g><g v="femn"></g><g v="sing"></g><g v="accs"></g></l></v></tfr></token><token id="634423" text="."><tfr rev_id="1466538" t="."><v><l id="0" t="."><g v="PNCT"></g></l></v></tfr></token></tokens></sentence><sentence id="35500"><source>На такой шаг Nielsen подтолкнули сами телекомпании: возможности совокупного подсчёта традиционной и онлайновой телеаудитории рынок ждал уже давно.</source><tokens><token id="634424" text="На"><tfr rev_id="3337688" t="На"><v><l id="166264" t="на"><g v="PREP"></g></l></v></tfr></token><token id="634425" text="такой"><tfr rev_id="2635579" t="такой"><v><l id="342491" t="такой"><g v="ADJF"></g><g v="Apro"></g><g v="masc"></g><g v="sing"></g><g v="nomn"></g></l></v><v><l id="342491" t="такой"><g v="ADJF"></g><g v="Apro"></g><g v="inan"></g><g v="masc"></g><g v="sing"></g><g v="accs"></g></l></v></tfr></token><token id="634426" text="шаг"><tfr rev_id="1466541" t="шаг"><v><l id="377653" t="шаг"><g v="NOUN"></g><g v="inan"></g><g v="masc"></g><g v="sing"></g><g v="nomn"></g></l></v><v><l id="377653" t="шаг"><g v="NOUN"></g><g v="inan"></g><g v="masc"></g><g v="sing"></g><g v="accs"></g></l></v></tfr></token><token id="634427" text="Nielsen"><tfr rev_id="2474934" t="Nielsen"><v><l id="0" t="Nielsen"><g v="LATN"></g></l></v></tfr></token><token id="634428" text="подтолкнули"><tfr rev_id="1466543" t="подтолкнули"><v><l id="251594" t="подтолкнул"><g v="VERB"></g><g v="perf"></g><g v="tran"></g><g v="plur"></g><g v="past"></g><g v="indc"></g></l></v></tfr></token><token id="634429" text="сами"><tfr rev_id="3765447" t="сами"><v><l id="312034" t="сам"><g v="ADJF"></g><g v="Apro"></g><g v="plur"></g><g v="nomn"></g></l></v></tfr></token><token id="634430" text="телекомпании"><tfr rev_id="3726572" t="телекомпании"><v><l id="344185" t="телекомпания"><g v="NOUN"></g><g v="inan"></g><g v="femn"></g><g v="plur"></g><g v="nomn"></g></l></v></tfr></token><token id="634431" text=":"><tfr rev_id="1466546" t=":"><v><l id="0" t=":"><g v="PNCT"></g></l></v></tfr></token><token id="634432" text="возможности"><tfr rev_id="3764654" t="возможности"><v><l id="49410" t="возможность"><g v="NOUN"></g><g v="inan"></g><g v="femn"></g><g v="sing"></g><g v="gent"></g></l></v></tfr></token><token id="634433" text="совокупного"><tfr rev_id="3530904" t="совокупного"><v><l id="328162" t="совокупный"><g v="ADJF"></g><g v="Qual"></g><g v="masc"></g><g v="sing"></g><g v="gent"></g></l></v><v><l id="328162" t="совокупный"><g v="ADJF"></g><g v="Qual"></g><g v="anim"></g><g v="masc"></g><g v="sing"></g><g v="accs"></g></l></v></tfr></token><token id="634434" text="подсчёта"><tfr rev_id="1466549" t="подсчёта"><v><l id="251206" t="подсчёт"><g v="NOUN"></g><g v="inan"></g><g v="masc"></g><g v="sing"></g><g v="gent"></g></l></v></tfr></token><token id="634435" text="традиционной"><tfr rev_id="3711073" t="традиционной"><v><l id="348768" t="традиционный"><g v="ADJF"></g><g v="femn"></g><g v="sing"></g><g v="gent"></g></l></v></tfr></token><token id="634436" text="и"><tfr rev_id="3488576" t="и"><v><l id="116949" t="и"><g v="CONJ"></g></l></v></tfr></token><token id="634437" text="онлайновой"><tfr rev_id="3713943" t="онлайновой"><v><l id="206647" t="онлайновый"><g v="ADJF"></g><g v="femn"></g><g v="sing"></g><g v="gent"></g></l></v></tfr></token><token id="634438" text="телеаудитории"><tfr rev_id="1466553" t="телеаудитории"><v><l id="0" t="телеаудитории"><g v="UNKN"></g></l></v></tfr></token><token id="634439" text="рынок"><tfr rev_id="3465876" t="рынок"><v><l id="310781" t="рынок"><g v="NOUN"></g><g v="inan"></g><g v="masc"></g><g v="sing"></g><g v="nomn"></g></l></v></tfr></token><token id="634440" text="ждал"><tfr rev_id="1466555" t="ждал"><v><l id="96195" t="жду"><g v="VERB"></g><g v="impf"></g><g v="tran"></g><g v="masc"></g><g v="sing"></g><g v="past"></g><g v="indc"></g></l></v></tfr></token><token id="634441" text="уже"><tfr rev_id="2692794" t="уже"><v><l id="355422" t="уж"><g v="NOUN"></g><g v="anim"></g><g v="masc"></g><g v="sing"></g><g v="loct"></g></l></v><v><l id="355498" t="уже"><g v="ADVB"></g></l></v><v><l id="355674" t="уже"><g v="COMP"></g><g v="Qual"></g></l></v><v><l id="388673" t="уже"><g v="PRCL"></g></l></v></tfr></token><token id="634442" text="давно"><tfr rev_id="1466557" t="давно"><v><l id="77708" t="давно"><g v="ADVB"></g></l></v></tfr></token><token id="634443" text="."><tfr rev_id="1466558" t="."><v><l id="0" t="."><g v="PNCT"></g></l></v></tfr></token></tokens></sentence><sentence id="35501"><source>Телевизионщикам важно показать, что на самом деле их аудитория больше, чем та, которую можно измерить традиционными способами, в частности с помощью приборов, подключённых к стационарному телевизору.</source><tokens><token id="634444" text="Телевизионщикам"><tfr rev_id="1466559" t="Телевизионщикам"><v><l id="344100" t="телевизионщик"><g v="NOUN"></g><g v="anim"></g><g v="masc"></g><g v="plur"></g><g v="datv"></g></l></v></tfr></token><token id="634445" text="важно"><tfr rev_id="2637107" t="важно"><v><l id="37717" t="важно"><g v="ADVB"></g><g v="Prdx"></g></l></v></tfr></token><token id="634446" text="показать"><tfr rev_id="1466561" t="показать"><v><l id="253983" t="показать"><g v="INFN"></g><g v="perf"></g><g v="tran"></g></l></v></tfr></token><token id="634447" text=","><tfr rev_id="1466562" t=","><v><l id="0" t=","><g v="PNCT"></g></l></v></tfr></token><token id="634448" text="что"><tfr rev_id="3197104" t="что"><v><l id="377004" t="что"><g v="CONJ"></g></l></v><v><l id="377005" t="что"><g v="NPRO"></g><g v="neut"></g><g v="sing"></g><g v="nomn"></g></l></v><v><l id="377005" t="что"><g v="NPRO"></g><g v="neut"></g><g v="sing"></g><g v="accs"></g></l></v><v><l id="377006" t="что"><g v="ADVB"></g><g v="Ques"></g></l></v><v><l id="388695" t="что"><g v="PRCL"></g></l></v></tfr></token><token id="634449" text="на"><tfr rev_id="3338103" t="на"><v><l id="166264" t="на"><g v="PREP"></g></l></v></tfr></token><token id="634450" text="самом"><tfr rev_id="3453855" t="самом"><v><l id="312034" t="сам"><g v="ADJF"></g><g v="Apro"></g><g v="neut"></g><g v="sing"></g><g v="loct"></g></l></v><v><l id="313174" t="самый"><g v="ADJF"></g><g v="Apro"></g><g v="neut"></g><g v="sing"></g><g v="loct"></g></l></v></tfr></token><token id="634451" text="деле"><tfr rev_id="1466566" t="деле"><v><l id="80628" t="дело"><g v="NOUN"></g><g v="inan"></g><g v="neut"></g><g v="sing"></g><g v="loct"></g></l></v></tfr></token><token id="634452" text="их"><tfr rev_id="4457821" t="их"><v><l id="127205" t="их"><g v="ADJF"></g><g v="Fixd"></g><g v="Apro"></g><g v="Anph"></g><g v="femn"></g><g v="sing"></g><g v="nomn"></g></l></v><v><l id="127205" t="их"><g v="ADJF"></g><g v="Fixd"></g><g v="Apro"></g><g v="Anph"></g><g v="femn"></g><g v="sing"></g><g v="gent"></g></l></v><v><l id="127205" t="их"><g v="ADJF"></g><g v="Fixd"></g><g v="Apro"></g><g v="Anph"></g><g v="femn"></g><g v="sing"></g><g v="datv"></g></l></v><v><l id="127205" t="их"><g v="ADJF"></g><g v="Fixd"></g><g v="Apro"></g><g v="Anph"></g><g v="femn"></g><g v="sing"></g><g v="accs"></g></l></v><v><l id="127205" t="их"><g v="ADJF"></g><g v="Fixd"></g><g v="Apro"></g><g v="Anph"></g><g v="femn"></g><g v="sing"></g><g v="ablt"></g></l></v><v><l id="127205" t="их"><g v="ADJF"></g><g v="Fixd"></g><g v="Apro"></g><g v="Anph"></g><g v="femn"></g><g v="sing"></g><g v="loct"></g></l></v></tfr></token><token id="634453" text="аудитория"><tfr rev_id="1466568" t="аудитория"><v><l id="19864" t="аудитория"><g v="NOUN"></g><g v="inan"></g><g v="femn"></g><g v="sing"></g><g v="nomn"></g></l></v></tfr></token><token id="634454" text="больше"><tfr rev_id="2558481" t="больше"><v><l id="32325" t="больше"><g v="ADVB"></g></l></v><v><l id="32447" t="больше"><g v="COMP"></g><g v="Qual"></g></l></v></tfr></token><token id="634455" text=","><tfr rev_id="1466570" t=","><v><l id="0" t=","><g v="PNCT"></g></l></v></tfr></token><token id="634456" text="чем"><tfr rev_id="4307144" t="чем"><v><l id="375161" t="чем"><g v="CONJ"></g></l></v></tfr></token><token id="634457" text="та"><tfr rev_id="3775650" t="та"><v><l id="348430" t="тот"><g v="ADJF"></g><g v="Subx"></g><g v="Apro"></g><g v="Anph"></g><g v="femn"></g><g v="sing"></g><g v="nomn"></g></l></v></tfr></token><token id="634458" text=","><tfr rev_id="1466573" t=","><v><l id="0" t=","><g v="PNCT"></g></l></v></tfr></token><token id="634459" text="которую"><tfr rev_id="3641067" t="которую"><v><l id="141203" t="который"><g v="ADJF"></g><g v="Apro"></g><g v="Subx"></g><g v="Anph"></g><g v="femn"></g><g v="sing"></g><g v="accs"></g></l></v></tfr></token><token id="634460" text="можно"><tfr rev_id="1466575" t="можно"><v><l id="162467" t="можно"><g v="PRED"></g><g v="pres"></g></l></v></tfr></token><token id="634461" text="измерить"><tfr rev_id="1466576" t="измерить"><v><l id="119544" t="измерить"><g v="INFN"></g><g v="perf"></g><g v="tran"></g></l></v></tfr></token><token id="634462" text="традиционными"><tfr rev_id="1466577" t="традиционными"><v><l id="348768" t="традиционный"><g v="ADJF"></g><g v="plur"></g><g v="ablt"></g></l></v></tfr></token><token id="634463" text="способами"><tfr rev_id="1466578" t="способами"><v><l id="332835" t="способ"><g v="NOUN"></g><g v="inan"></g><g v="masc"></g><g v="plur"></g><g v="ablt"></g></l></v></tfr></token><token id="634464" text=","><tfr rev_id="1466579" t=","><v><l id="0" t=","><g v="PNCT"></g></l></v></tfr></token><token id="634465" text="в"><tfr rev_id="1466580" t="в"><v><l id="37409" t="в"><g v="PREP"></g></l></v></tfr></token><token id="634466" text="частности"><tfr rev_id="4286419" t="частности"><v><l id="374794" t="частность"><g v="NOUN"></g><g v="inan"></g><g v="femn"></g><g v="sing"></g><g v="loct"></g></l></v></tfr></token><token id="634467" text="с"><tfr rev_id="1466582" t="с"><v><l id="311151" t="с"><g v="PREP"></g></l></v></tfr></token><token id="634468" text="помощью"><tfr rev_id="1466583" t="помощью"><v><l id="257960" t="помощь"><g v="NOUN"></g><g v="inan"></g><g v="femn"></g><g v="sing"></g><g v="ablt"></g></l></v></tfr></token><token id="634469" text="приборов"><tfr rev_id="1466584" t="приборов"><v><l id="268878" t="прибор"><g v="NOUN"></g><g v="inan"></g><g v="masc"></g><g v="plur"></g><g v="gent"></g></l></v></tfr></token><token id="634470" text=","><tfr rev_id="1466585" t=","><v><l id="0" t=","><g v="PNCT"></g></l></v></tfr></token><token id="634471" text="подключённых"><tfr rev_id="3417763" t="подключённых"><v><l id="246420" t="подключённый"><g v="PRTF"></g><g v="perf"></g><g v="tran"></g><g v="past"></g><g v="pssv"></g><g v="plur"></g><g v="gent"></g></l></v></tfr></token><token id="634472" text="к"><tfr rev_id="1466587" t="к"><v><l id="127460" t="к"><g v="PREP"></g></l></v></tfr></token><token id="634473" text="стационарному"><tfr rev_id="3946328" t="стационарному"><v><l id="335195" t="стационарный"><g v="ADJF"></g><g v="masc"></g><g v="sing"></g><g v="datv"></g></l></v></tfr></token><token id="634474" text="телевизору"><tfr rev_id="1466589" t="телевизору"><v><l id="344101" t="телевизор"><g v="NOUN"></g><g v="inan"></g><g v="masc"></g><g v="sing"></g><g v="datv"></g></l></v></tfr></token><token id="634475" text="."><tfr rev_id="1466590" t="."><v><l id="0" t="."><g v="PNCT"></g></l></v></tfr></token></tokens></sentence><sentence id="35502"><source>Стоит отметить, что в США крупнейшие телеканалы выкладывают практически все свои шоу онлайн.</source><tokens><token id="634476" text="Стоит"><tfr rev_id="1466591" t="Стоит"><v><l id="336464" t="стою"><g v="VERB"></g><g v="impf"></g><g v="tran"></g><g v="sing"></g><g v="3per"></g><g v="pres"></g><g v="indc"></g></l></v><v><l id="336469" t="стоило"><g v="VERB"></g><g v="impf"></g><g v="intr"></g><g v="Impe"></g><g v="sing"></g><g v="pres"></g><g v="indc"></g></l></v><v><l id="336980" t="стою"><g v="VERB"></g><g v="impf"></g><g v="intr"></g><g v="sing"></g><g v="3per"></g><g v="pres"></g><g v="indc"></g></l></v></tfr></token><token id="634477" text="отметить"><tfr rev_id="1466592" t="отметить"><v><l id="215585" t="отметить"><g v="INFN"></g><g v="perf"></g><g v="tran"></g></l></v></tfr></token><token id="634478" text=","><tfr rev_id="1466593" t=","><v><l id="0" t=","><g v="PNCT"></g></l></v></tfr></token><token id="634479" text="что"><tfr rev_id="3197105" t="что"><v><l id="377004" t="что"><g v="CONJ"></g></l></v><v><l id="377005" t="что"><g v="NPRO"></g><g v="neut"></g><g v="sing"></g><g v="nomn"></g></l></v><v><l id="377005" t="что"><g v="NPRO"></g><g v="neut"></g><g v="sing"></g><g v="accs"></g></l></v><v><l id="377006" t="что"><g v="ADVB"></g><g v="Ques"></g></l></v><v><l id="388695" t="что"><g v="PRCL"></g></l></v></tfr></token><token id="634480" text="в"><tfr rev_id="1466595" t="в"><v><l id="37409" t="в"><g v="PREP"></g></l></v></tfr></token><token id="634481" text="США"><tfr rev_id="3811392" t="США"><v><l id="341371" t="сша"><g v="NOUN"></g><g v="inan"></g><g v="GNdr"></g><g v="Pltm"></g><g v="Fixd"></g><g v="Abbr"></g><g v="Geox"></g><g v="plur"></g><g v="loct"></g></l></v></tfr></token><token id="634482" text="крупнейшие"><tfr rev_id="3879929" t="крупнейшие"><v><l id="143764" t="крупнейший"><g v="ADJF"></g><g v="Supr"></g><g v="Qual"></g><g v="plur"></g><g v="nomn"></g></l></v></tfr></token><token id="634483" text="телеканалы"><tfr rev_id="3749758" t="телеканалы"><v><l id="344167" t="телеканал"><g v="NOUN"></g><g v="inan"></g><g v="masc"></g><g v="plur"></g><g v="nomn"></g></l></v></tfr></token><token id="634484" text="выкладывают"><tfr rev_id="1466599" t="выкладывают"><v><l id="58091" t="выкладываю"><g v="VERB"></g><g v="impf"></g><g v="tran"></g><g v="plur"></g><g v="3per"></g><g v="pres"></g><g v="indc"></g></l></v></tfr></token><token id="634485" text="практически"><tfr rev_id="1466600" t="практически"><v><l id="265904" t="практически"><g v="ADVB"></g></l></v></tfr></token><token id="634486" text="все"><tfr rev_id="4509744" t="все"><v><l id="42156" t="весь"><g v="ADJF"></g><g v="Subx"></g><g v="Apro"></g><g v="inan"></g><g v="plur"></g><g v="accs"></g></l></v><v><l id="42156" t="весь"><g v="ADJF"></g><g v="Subx"></g><g v="Apro"></g><g v="plur"></g><g v="nomn"></g></l></v></tfr></token><token id="634487" text="свои"><tfr rev_id="3742268" t="свои"><v><l id="316379" t="свой"><g v="ADJF"></g><g v="Apro"></g><g v="Anph"></g><g v="inan"></g><g v="plur"></g><g v="accs"></g></l></v></tfr></token><token id="634488" text="шоу"><tfr rev_id="3648135" t="шоу"><v><l id="380838" t="шоу"><g v="NOUN"></g><g v="inan"></g><g v="neut"></g><g v="Fixd"></g><g v="plur"></g><g v="accs"></g></l></v></tfr></token><token id="634489" text="онлайн"><tfr rev_id="4575690" t="онлайн"><v><l id="389036" t="онлайн"><g v="ADVB"></g></l></v></tfr></token><token id="634490" text="."><tfr rev_id="1466605" t="."><v><l id="0" t="."><g v="PNCT"></g></l></v></tfr></token></tokens></sentence><sentence id="35503"><source>Такие телесериалы, как Lost, Heroes и Gossip Girl смотрело в интернете огромное количество зрителей, сообщает AdAge.com.</source><tokens><token id="634491" text="Такие"><tfr rev_id="3860199" t="Такие"><v><l id="342491" t="такой"><g v="ADJF"></g><g v="Apro"></g><g v="inan"></g><g v="plur"></g><g v="accs"></g></l></v></tfr></token><token id="634492" text="телесериалы"><tfr rev_id="3749982" t="телесериалы"><v><l id="344283" t="телесериал"><g v="NOUN"></g><g v="inan"></g><g v="masc"></g><g v="plur"></g><g v="accs"></g></l></v></tfr></token><token id="634493" text=","><tfr rev_id="1466608" t=","><v><l id="0" t=","><g v="PNCT"></g></l></v></tfr></token><token id="634494" text="как"><tfr rev_id="1466609" t="как"><v><l id="128190" t="как"><g v="CONJ"></g></l></v><v><l id="128191" t="как"><g v="PRCL"></g></l></v><v><l id="128192" t="как"><g v="ADVB"></g><g v="Ques"></g></l></v></tfr></token><token id="634495" text="Lost"><tfr rev_id="2474935" t="Lost"><v><l id="0" t="Lost"><g v="LATN"></g></l></v></tfr></token><token id="634496" text=","><tfr rev_id="1466611" t=","><v><l id="0" t=","><g v="PNCT"></g></l></v></tfr></token><token id="634497" text="Heroes"><tfr rev_id="2474936" t="Heroes"><v><l id="0" t="Heroes"><g v="LATN"></g></l></v></tfr></token><token id="634498" text="и"><tfr rev_id="3724336" t="и"><v><l id="116949" t="и"><g v="CONJ"></g></l></v></tfr></token><token id="634499" text="Gossip"><tfr rev_id="2474937" t="Gossip"><v><l id="0" t="Gossip"><g v="LATN"></g></l></v></tfr></token><token id="634500" text="Girl"><tfr rev_id="2474938" t="Girl"><v><l id="0" t="Girl"><g v="LATN"></g></l></v></tfr></token><token id="634501" text="смотрело"><tfr rev_id="1466616" t="смотрело"><v><l id="326798" t="смотрю"><g v="VERB"></g><g v="impf"></g><g v="tran"></g><g v="neut"></g><g v="sing"></g><g v="past"></g><g v="indc"></g></l></v></tfr></token><token id="634502" text="в"><tfr rev_id="1466617" t="в"><v><l id="37409" t="в"><g v="PREP"></g></l></v></tfr></token><token id="634503" text="интернете"><tfr rev_id="1466618" t="интернете"><v><l id="123255" t="интернет"><g v="NOUN"></g><g v="inan"></g><g v="masc"></g><g v="sing"></g><g v="loct"></g></l></v></tfr></token><token id="634504" text="огромное"><tfr rev_id="3281808" t="огромное"><v><l id="203009" t="огромный"><g v="ADJF"></g><g v="Qual"></g><g v="neut"></g><g v="sing"></g><g v="nomn"></g></l></v></tfr></token><token id="634505" text="количество"><tfr rev_id="3300599" t="количество"><v><l id="135983" t="количество"><g v="NOUN"></g><g v="inan"></g><g v="neut"></g><g v="sing"></g><g v="nomn"></g></l></v></tfr></token><token id="634506" text="зрителей"><tfr rev_id="4382903" t="зрителей"><v><l id="116577" t="зритель"><g v="NOUN"></g><g v="anim"></g><g v="masc"></g><g v="plur"></g><g v="gent"></g></l></v></tfr></token><token id="634507" text=","><tfr rev_id="1466622" t=","><v><l id="0" t=","><g v="PNCT"></g></l></v></tfr></token><token id="634508" text="сообщает"><tfr rev_id="1466623" t="сообщает"><v><l id="329538" t="сообщаю"><g v="VERB"></g><g v="impf"></g><g v="tran"></g><g v="sing"></g><g v="3per"></g><g v="pres"></g><g v="indc"></g></l></v></tfr></token><token id="634509" text="AdAge.com"><tfr rev_id="2474939" t="AdAge.com"><v><l id="0" t="AdAge.com"><g v="LATN"></g></l></v></tfr></token><token id="634510" text="."><tfr rev_id="1466625" t="."><v><l id="0" t="."><g v="PNCT"></g></l></v></tfr></token></tokens></sentence><sentence id="35504"><source>Однако проект медиаизмерителя может стать успешным только в том случае, если его поддержит большинство телеканалов, и рекламных агентств, и рекламодателей.</source><tokens><token id="634511" text="Однако"><tfr rev_id="2624561" t="Однако"><v><l id="203386" t="однако"><g v="INTJ"></g></l></v><v><l id="203387" t="однако"><g v="CONJ"></g><g v="Prnt"></g></l></v></tfr></token><token id="634512" text="проект"><tfr rev_id="4098764" t="проект"><v><l id="279545" t="проект"><g v="NOUN"></g><g v="inan"></g><g v="masc"></g><g v="sing"></g><g v="nomn"></g></l></v></tfr></token><token id="634513" text="медиаизмерителя"><tfr rev_id="1466628" t="медиаизмерителя"><v><l id="0" t="медиаизмерителя"><g v="UNKN"></g></l></v></tfr></token><token id="634514" text="может"><tfr rev_id="3797640" t="может"><v><l id="164485" t="могу"><g v="VERB"></g><g v="impf"></g><g v="intr"></g><g v="sing"></g><g v="3per"></g><g v="pres"></g><g v="indc"></g></l></v></tfr></token><token id="634515" text="стать"><tfr rev_id="1712961" t="стать"><v><l id="335165" t="стать"><g v="INFN"></g><g v="perf"></g><g v="intr"></g></l></v></tfr></token><token id="634516" text="успешным"><tfr rev_id="4310167" t="успешным"><v><l id="360843" t="успешный"><g v="ADJF"></g><g v="Qual"></g><g v="masc"></g><g v="sing"></g><g v="ablt"></g></l></v></tfr></token><token id="634517" text="только"><tfr rev_id="3784105" t="только"><v><l id="347395" t="только"><g v="CONJ"></g></l></v><v><l id="347396" t="только"><g v="PRCL"></g></l></v><v><l id="390053" t="только"><g v="ADVB"></g></l></v></tfr></token><token id="634518" text="в"><tfr rev_id="1466633" t="в"><v><l id="37409" t="в"><g v="PREP"></g></l></v></tfr></token><token id="634519" text="том"><tfr rev_id="4376049" t="том"><v><l id="348430" t="тот"><g v="ADJF"></g><g v="Subx"></g><g v="Apro"></g><g v="Anph"></g><g v="masc"></g><g v="sing"></g><g v="loct"></g></l></v></tfr></token><token id="634520" text="случае"><tfr rev_id="1466635" t="случае"><v><l id="325472" t="случай"><g v="NOUN"></g><g v="inan"></g><g v="masc"></g><g v="sing"></g><g v="loct"></g></l></v></tfr></token><token id="634521" text=","><tfr rev_id="1466636" t=","><v><l id="0" t=","><g v="PNCT"></g></l></v></tfr></token><token id="634522" text="если"><tfr rev_id="1466637" t="если"><v><l id="95365" t="если"><g v="CONJ"></g></l></v></tfr></token><token id="634523" text="его"><tfr rev_id="4527852" t="его"><v><l id="206541" t="он"><g v="NPRO"></g><g v="masc"></g><g v="3per"></g><g v="Anph"></g><g v="sing"></g><g v="gent"></g></l></v><v><l id="206541" t="он"><g v="NPRO"></g><g v="masc"></g><g v="3per"></g><g v="Anph"></g><g v="sing"></g><g v="accs"></g></l></v><v><l id="206649" t="оно"><g v="NPRO"></g><g v="neut"></g><g v="3per"></g><g v="Anph"></g><g v="sing"></g><g v="gent"></g></l></v><v><l id="206649" t="оно"><g v="NPRO"></g><g v="neut"></g><g v="3per"></g><g v="Anph"></g><g v="sing"></g><g v="accs"></g></l></v></tfr></token><token id="634524" text="поддержит"><tfr rev_id="1466639" t="поддержит"><v><l id="245396" t="поддержал"><g v="VERB"></g><g v="perf"></g><g v="tran"></g><g v="sing"></g><g v="3per"></g><g v="futr"></g><g v="indc"></g></l></v></tfr></token><token id="634525" text="большинство"><tfr rev_id="3530803" t="большинство"><v><l id="32441" t="большинство"><g v="NOUN"></g><g v="inan"></g><g v="neut"></g><g v="Sgtm"></g><g v="sing"></g><g v="nomn"></g></l></v></tfr></token><token id="634526" text="телеканалов"><tfr rev_id="1466641" t="телеканалов"><v><l id="344167" t="телеканал"><g v="NOUN"></g><g v="inan"></g><g v="masc"></g><g v="plur"></g><g v="gent"></g></l></v></tfr></token><token id="634527" text=","><tfr rev_id="1466642" t=","><v><l id="0" t=","><g v="PNCT"></g></l></v></tfr></token><token id="634528" text="и"><tfr rev_id="3555727" t="и"><v><l id="116949" t="и"><g v="CONJ"></g></l></v></tfr></token><token id="634529" text="рекламных"><tfr rev_id="4095787" t="рекламных"><v><l id="305693" t="рекламный"><g v="ADJF"></g><g v="Qual"></g><g v="plur"></g><g v="gent"></g></l></v></tfr></token><token id="634530" text="агентств"><tfr rev_id="1466645" t="агентств"><v><l id="3934" t="агентство"><g v="NOUN"></g><g v="inan"></g><g v="neut"></g><g v="plur"></g><g v="gent"></g></l></v></tfr></token><token id="634531" text=","><tfr rev_id="1466646" t=","><v><l id="0" t=","><g v="PNCT"></g></l></v></tfr></token><token id="634532" text="и"><tfr rev_id="1466647" t="и"><v><l id="116949" t="и"><g v="CONJ"></g></l></v><v><l id="116950" t="и"><g v="INTJ"></g></l></v></tfr></token><token id="634533" text="рекламодателей"><tfr rev_id="4459063" t="рекламодателей"><v><l id="305696" t="рекламодатель"><g v="NOUN"></g><g v="anim"></g><g v="masc"></g><g v="plur"></g><g v="gent"></g></l></v></tfr></token><token id="634534" text="."><tfr rev_id="1466649" t="."><v><l id="0" t="."><g v="PNCT"></g></l></v></tfr></token></tokens></sentence><sentence id="35505"><source>Пока же желаемого единства нет.</source><tokens><token id="634535" text="Пока"><tfr rev_id="4485791" t="Пока"><v><l id="253968" t="пока"><g v="ADVB"></g></l></v></tfr></token><token id="634536" text="же"><tfr rev_id="1466651" t="же"><v><l id="96208" t="же"><g v="CONJ"></g></l></v><v><l id="96209" t="же"><g v="PRCL"></g></l></v></tfr></token><token id="634537" text="желаемого"><tfr rev_id="4166807" t="желаемого"><v><l id="96266" t="желаемый"><g v="ADJF"></g><g v="neut"></g><g v="sing"></g><g v="gent"></g></l></v></tfr></token><token id="634538" text="единства"><tfr rev_id="3494023" t="единства"><v><l id="94408" t="единство"><g v="NOUN"></g><g v="inan"></g><g v="neut"></g><g v="sing"></g><g v="gent"></g></l></v></tfr></token><token id="634539" text="нет"><tfr rev_id="3759257" t="нет"><v><l id="389552" t="нет"><g v="PRED"></g><g v="pres"></g></l></v></tfr></token><token id="634540" text="."><tfr rev_id="1466655" t="."><v><l id="0" t="."><g v="PNCT"></g></l></v></tfr></token></tokens></sentence><sentence id="35506"><source>В частности, телекомпания NBC Universal создала свою систему под названием Total Audience Measurement Index, которая учитывает телепросмотры на ТВ, в онлайне и через мобильные телефоны.</source><tokens><token id="634541" text="В"><tfr rev_id="1466656" t="В"><v><l id="37409" t="в"><g v="PREP"></g></l></v></tfr></token><token id="634542" text="частности"><tfr rev_id="3559150" t="частности"><v><l id="374794" t="частность"><g v="NOUN"></g><g v="inan"></g><g v="femn"></g><g v="sing"></g><g v="loct"></g></l></v></tfr></token><token id="634543" text=","><tfr rev_id="1466658" t=","><v><l id="0" t=","><g v="PNCT"></g></l></v></tfr></token><token id="634544" text="телекомпания"><tfr rev_id="1466659" t="телекомпания"><v><l id="344185" t="телекомпания"><g v="NOUN"></g><g v="inan"></g><g v="femn"></g><g v="sing"></g><g v="nomn"></g></l></v></tfr></token><token id="634545" text="NBC"><tfr rev_id="2474940" t="NBC"><v><l id="0" t="NBC"><g v="LATN"></g></l></v></tfr></token><token id="634546" text="Universal"><tfr rev_id="2474941" t="Universal"><v><l id="0" t="Universal"><g v="LATN"></g></l></v></tfr></token><token id="634547" text="создала"><tfr rev_id="1466662" t="создала"><v><l id="328585" t="создал"><g v="VERB"></g><g v="perf"></g><g v="tran"></g><g v="femn"></g><g v="sing"></g><g v="past"></g><g v="indc"></g></l></v></tfr></token><token id="634548" text="свою"><tfr rev_id="3632257" t="свою"><v><l id="316379" t="свой"><g v="ADJF"></g><g v="Apro"></g><g v="Anph"></g><g v="femn"></g><g v="sing"></g><g v="accs"></g></l></v></tfr></token><token id="634549" text="систему"><tfr rev_id="1466664" t="систему"><v><l id="321350" t="система"><g v="NOUN"></g><g v="inan"></g><g v="femn"></g><g v="sing"></g><g v="accs"></g></l></v></tfr></token><token id="634550" text="под"><tfr rev_id="2603659" t="под"><v><l id="243755" t="под"><g v="PREP"></g></l></v></tfr></token><token id="634551" text="названием"><tfr rev_id="1466666" t="названием"><v><l id="170336" t="название"><g v="NOUN"></g><g v="inan"></g><g v="neut"></g><g v="sing"></g><g v="ablt"></g></l></v></tfr></token><token id="634552" text="Total"><tfr rev_id="2474942" t="Total"><v><l id="0" t="Total"><g v="LATN"></g></l></v></tfr></token><token id="634553" text="Audience"><tfr rev_id="2474943" t="Audience"><v><l id="0" t="Audience"><g v="LATN"></g></l></v></tfr></token><token id="634554" text="Measurement"><tfr rev_id="2474944" t="Measurement"><v><l id="0" t="Measurement"><g v="LATN"></g></l></v></tfr></token><token id="634555" text="Index"><tfr rev_id="2474945" t="Index"><v><l id="0" t="Index"><g v="LATN"></g></l></v></tfr></token><token id="634556" text=","><tfr rev_id="1466671" t=","><v><l id="0" t=","><g v="PNCT"></g></l></v></tfr></token><token id="634557" text="которая"><tfr rev_id="3639827" t="которая"><v><l id="141203" t="который"><g v="ADJF"></g><g v="Apro"></g><g v="Subx"></g><g v="Anph"></g><g v="femn"></g><g v="sing"></g><g v="nomn"></g></l></v></tfr></token><token id="634558" text="учитывает"><tfr rev_id="1466673" t="учитывает"><v><l id="363301" t="учитываю"><g v="VERB"></g><g v="impf"></g><g v="tran"></g><g v="sing"></g><g v="3per"></g><g v="pres"></g><g v="indc"></g></l></v></tfr></token><token id="634559" text="телепросмотры"><tfr rev_id="1466674" t="телепросмотры"><v><l id="0" t="телепросмотры"><g v="UNKN"></g></l></v></tfr></token><token id="634560" text="на"><tfr rev_id="3336929" t="на"><v><l id="166264" t="на"><g v="PREP"></g></l></v></tfr></token><token id="634561" text="ТВ"><tfr rev_id="4139055" t="ТВ"><v><l id="343680" t="тв"><g v="NOUN"></g><g v="inan"></g><g v="neut"></g><g v="Sgtm"></g><g v="Fixd"></g><g v="Abbr"></g><g v="sing"></g><g v="loct"></g></l></v></tfr></token><token id="634562" text=","><tfr rev_id="1466677" t=","><v><l id="0" t=","><g v="PNCT"></g></l></v></tfr></token><token id="634563" text="в"><tfr rev_id="1466678" t="в"><v><l id="37409" t="в"><g v="PREP"></g></l></v></tfr></token><token id="634564" text="онлайне"><tfr rev_id="4321770" t="онлайне"><v><l id="390387" t="онлайн"><g v="NOUN"></g><g v="inan"></g><g v="masc"></g><g v="sing"></g><g v="loct"></g></l></v></tfr></token><token id="634565" text="и"><tfr rev_id="1466680" t="и"><v><l id="116949" t="и"><g v="CONJ"></g></l></v><v><l id="116950" t="и"><g v="INTJ"></g></l></v></tfr></token><token id="634566" text="через"><tfr rev_id="1466681" t="через"><v><l id="375333" t="через"><g v="PREP"></g></l></v></tfr></token><token id="634567" text="мобильные"><tfr rev_id="4086523" t="мобильные"><v><l id="162202" t="мобильный"><g v="ADJF"></g><g v="Qual"></g><g v="inan"></g><g v="plur"></g><g v="accs"></g></l></v></tfr></token><token id="634568" text="телефоны"><tfr rev_id="3727266" t="телефоны"><v><l id="344325" t="телефон"><g v="NOUN"></g><g v="inan"></g><g v="masc"></g><g v="plur"></g><g v="accs"></g></l></v></tfr></token><token id="634569" text="."><tfr rev_id="1466684" t="."><v><l id="0" t="."><g v="PNCT"></g></l></v></tfr></token></tokens></sentence><sentence id="35507"><source>Кроме того, NBC исследует особенности телесмотрения на различных медиаплатформах.</source><tokens><token id="634570" text="Кроме"><tfr rev_id="1466685" t="Кроме"><v><l id="143259" t="кроме"><g v="PREP"></g></l></v></tfr></token><token id="634571" text="того"><tfr rev_id="4171637" t="того"><v><l id="348430" t="тот"><g v="ADJF"></g><g v="Subx"></g><g v="Apro"></g><g v="Anph"></g><g v="neut"></g><g v="sing"></g><g v="gent"></g></l></v></tfr></token><token id="634572" text=","><tfr rev_id="1466687" t=","><v><l id="0" t=","><g v="PNCT"></g></l></v></tfr></token><token id="634573" text="NBC"><tfr rev_id="2474946" t="NBC"><v><l id="0" t="NBC"><g v="LATN"></g></l></v></tfr></token><token id="634574" text="исследует"><tfr rev_id="1466689" t="исследует"><v><l id="125804" t="исследовал"><g v="VERB"></g><g v="perf"></g><g v="tran"></g><g v="sing"></g><g v="3per"></g><g v="futr"></g><g v="indc"></g></l></v><v><l id="125805" t="исследую"><g v="VERB"></g><g v="impf"></g><g v="tran"></g><g v="sing"></g><g v="3per"></g><g v="pres"></g><g v="indc"></g></l></v></tfr></token><token id="634575" text="особенности"><tfr rev_id="3796659" t="особенности"><v><l id="210628" t="особенность"><g v="NOUN"></g><g v="inan"></g><g v="femn"></g><g v="plur"></g><g v="accs"></g></l></v></tfr></token><token id="634576" text="телесмотрения"><tfr rev_id="1466691" t="телесмотрения"><v><l id="0" t="телесмотрения"><g v="UNKN"></g></l></v></tfr></token><token id="634577" text="на"><tfr rev_id="3395656" t="на"><v><l id="166264" t="на"><g v="PREP"></g></l></v></tfr></token><token id="634578" text="различных"><tfr rev_id="4351607" t="различных"><v><l id="294553" t="различный"><g v="ADJF"></g><g v="Qual"></g><g v="plur"></g><g v="loct"></g></l></v></tfr></token><token id="634579" text="медиаплатформах"><tfr rev_id="1466694" t="медиаплатформах"><v><l id="0" t="медиаплатформах"><g v="UNKN"></g></l></v></tfr></token><token id="634580" text="."><tfr rev_id="1466695" t="."><v><l id="0" t="."><g v="PNCT"></g></l></v></tfr></token></tokens></sentence></paragraph><paragraph id="11263"><sentence id="35508"><source>О том, как ТВ уже интегрировано с интернетом, читайте в статье Частного корреспондента «Говорим «видео в интернете» — подразумеваем YouTube»</source><tokens><token id="634581" text="О"><tfr rev_id="3326638" t="О"><v><l id="192977" t="о"><g v="PREP"></g></l></v></tfr></token><token id="634582" text="том"><tfr rev_id="4373819" t="том"><v><l id="348430" t="тот"><g v="ADJF"></g><g v="Subx"></g><g v="Apro"></g><g v="Anph"></g><g v="neut"></g><g v="sing"></g><g v="loct"></g></l></v></tfr></token><token id="634583" text=","><tfr rev_id="1466698" t=","><v><l id="0" t=","><g v="PNCT"></g></l></v></tfr></token><token id="634584" text="как"><tfr rev_id="1466699" t="как"><v><l id="128190" t="как"><g v="CONJ"></g></l></v><v><l id="128191" t="как"><g v="PRCL"></g></l></v><v><l id="128192" t="как"><g v="ADVB"></g><g v="Ques"></g></l></v></tfr></token><token id="634585" text="ТВ"><tfr rev_id="4139056" t="ТВ"><v><l id="343680" t="тв"><g v="NOUN"></g><g v="inan"></g><g v="neut"></g><g v="Sgtm"></g><g v="Fixd"></g><g v="Abbr"></g><g v="sing"></g><g v="nomn"></g></l></v></tfr></token><token id="634586" text="уже"><tfr rev_id="2692795" t="уже"><v><l id="355422" t="уж"><g v="NOUN"></g><g v="anim"></g><g v="masc"></g><g v="sing"></g><g v="loct"></g></l></v><v><l id="355498" t="уже"><g v="ADVB"></g></l></v><v><l id="355674" t="уже"><g v="COMP"></g><g v="Qual"></g></l></v><v><l id="388673" t="уже"><g v="PRCL"></g></l></v></tfr></token><token id="634587" text="интегрировано"><tfr rev_id="1466702" t="интегрировано"><v><l id="123043" t="интегрирован"><g v="PRTS"></g><g v="perf"></g><g v="past"></g><g v="pssv"></g><g v="neut"></g><g v="sing"></g></l></v><v><l id="123044" t="интегрирован"><g v="PRTS"></g><g v="impf"></g><g v="past"></g><g v="pssv"></g><g v="neut"></g><g v="sing"></g></l></v></tfr></token><token id="634588" text="с"><tfr rev_id="1466703" t="с"><v><l id="311151" t="с"><g v="PREP"></g></l></v></tfr></token><token id="634589" text="интернетом"><tfr rev_id="1466704" t="интернетом"><v><l id="123255" t="интернет"><g v="NOUN"></g><g v="inan"></g><g v="masc"></g><g v="sing"></g><g v="ablt"></g></l></v></tfr></token><token id="634590" text=","><tfr rev_id="1466705" t=","><v><l id="0" t=","><g v="PNCT"></g></l></v></tfr></token><token id="634591" text="читайте"><tfr rev_id="1466706" t="читайте"><v><l id="376719" t="читаю"><g v="VERB"></g><g v="impf"></g><g v="tran"></g><g v="plur"></g><g v="impr"></g><g v="excl"></g></l></v></tfr></token><token id="634592" text="в"><tfr rev_id="1466707" t="в"><v><l id="37409" t="в"><g v="PREP"></g></l></v></tfr></token><token id="634593" text="статье"><tfr rev_id="3556346" t="статье"><v><l id="335173" t="статья"><g v="NOUN"></g><g v="inan"></g><g v="femn"></g><g v="sing"></g><g v="loct"></g></l></v></tfr></token><token id="634594" text="Частного"><tfr rev_id="4309134" t="Частного"><v><l id="374795" t="частный"><g v="ADJF"></g><g v="Qual"></g><g v="masc"></g><g v="sing"></g><g v="gent"></g></l></v><v><l id="374795" t="частный"><g v="ADJF"></g><g v="Qual"></g><g v="anim"></g><g v="masc"></g><g v="sing"></g><g v="accs"></g></l></v></tfr></token><token id="634595" text="корреспондента"><tfr rev_id="4397502" t="корреспондента"><v><l id="140239" t="корреспондент"><g v="NOUN"></g><g v="anim"></g><g v="masc"></g><g v="sing"></g><g v="gent"></g></l></v></tfr></token><token id="634596" text="«"><tfr rev_id="2444878" t="«"><v><l id="0" t="«"><g v="PNCT"></g></l></v></tfr></token><token id="634597" text="Говорим"><tfr rev_id="2635091" t="Говорим"><v><l id="72053" t="говорю"><g v="VERB"></g><g v="impf"></g><g v="tran"></g><g v="plur"></g><g v="1per"></g><g v="pres"></g><g v="indc"></g></l></v></tfr></token><token id="634598" text="«"><tfr rev_id="2444879" t="«"><v><l id="0" t="«"><g v="PNCT"></g></l></v></tfr></token><token id="634599" text="видео"><tfr rev_id="4168273" t="видео"><v><l id="44466" t="видео"><g v="NOUN"></g><g v="inan"></g><g v="neut"></g><g v="Fixd"></g><g v="sing"></g><g v="nomn"></g></l></v></tfr></token><token id="634600" text="в"><tfr rev_id="1466715" t="в"><v><l id="37409" t="в"><g v="PREP"></g></l></v></tfr></token><token id="634601" text="интернете"><tfr rev_id="1466716" t="интернете"><v><l id="123255" t="интернет"><g v="NOUN"></g><g v="inan"></g><g v="masc"></g><g v="sing"></g><g v="loct"></g></l></v></tfr></token><token id="634602" text="»"><tfr rev_id="2444880" t="»"><v><l id="0" t="»"><g v="PNCT"></g></l></v></tfr></token><token id="634603" text="—"><tfr rev_id="2444881" t="—"><v><l id="0" t="—"><g v="PNCT"></g></l></v></tfr></token><token id="634604" text="подразумеваем"><tfr rev_id="2635144" t="подразумеваем"><v><l id="249533" t="подразумеваю"><g v="VERB"></g><g v="impf"></g><g v="tran"></g><g v="plur"></g><g v="1per"></g><g v="pres"></g><g v="indc"></g></l></v></tfr></token><token id="634605" text="YouTube"><tfr rev_id="2474947" t="YouTube"><v><l id="0" t="YouTube"><g v="LATN"></g></l></v></tfr></token><token id="634606" text="»"><tfr rev_id="2444882" t="»"><v><l id="0" t="»"><g v="PNCT"></g></l></v></tfr></token></tokens></sentence></paragraph></paragraphs></text>