<?xml version="1.0" encoding="utf-8"?><text id="1214" parent="226" name="ЖЖ разрешит рекламу"><tags><tag>url:http://www.chaskor.ru/news/zhzh_razreshit_reklamu</tag><tag>Год:2009</tag><tag>Дата:23/04</tag><tag>Тема:ЧасКор:Медиа</tag><tag>Тема:ЧасКор:Медиа/Медиа</tag></tags><paragraphs><paragraph id="11267"><sentence id="35520"><source>ЖЖ разрешит рекламу</source><tokens><token id="634837" text="ЖЖ"><tfr rev_id="4250355" t="ЖЖ"><v><l id="389060" t="жж"><g v="NOUN"></g><g v="inan"></g><g v="masc"></g><g v="Fixd"></g><g v="Abbr"></g><g v="Sgtm"></g><g v="sing"></g><g v="nomn"></g></l></v></tfr></token><token id="634838" text="разрешит"><tfr rev_id="1466953" t="разрешит"><v><l id="296667" t="разрешил"><g v="VERB"></g><g v="perf"></g><g v="tran"></g><g v="sing"></g><g v="3per"></g><g v="futr"></g><g v="indc"></g></l></v></tfr></token><token id="634839" text="рекламу"><tfr rev_id="1466954" t="рекламу"><v><l id="305670" t="реклама"><g v="NOUN"></g><g v="inan"></g><g v="femn"></g><g v="sing"></g><g v="accs"></g></l></v></tfr></token></tokens></sentence><sentence id="35521"><source>СУП перестанет банить предприимчивых юзеров.</source><tokens><token id="634840" text="СУП"><tfr rev_id="1466955" t="СУП"><v><l id="339620" t="суп"><g v="NOUN"></g><g v="inan"></g><g v="masc"></g><g v="sing"></g><g v="nomn"></g></l></v><v><l id="339620" t="суп"><g v="NOUN"></g><g v="inan"></g><g v="masc"></g><g v="sing"></g><g v="accs"></g></l></v></tfr></token><token id="634841" text="перестанет"><tfr rev_id="1466956" t="перестанет"><v><l id="234671" t="перестал"><g v="VERB"></g><g v="perf"></g><g v="intr"></g><g v="sing"></g><g v="3per"></g><g v="futr"></g><g v="indc"></g></l></v></tfr></token><token id="634842" text="банить"><tfr rev_id="1466957" t="банить"><v><l id="23551" t="банить"><g v="INFN"></g><g v="impf"></g><g v="tran"></g></l></v></tfr></token><token id="634843" text="предприимчивых"><tfr rev_id="4403083" t="предприимчивых"><v><l id="266895" t="предприимчивый"><g v="ADJF"></g><g v="Qual"></g><g v="anim"></g><g v="plur"></g><g v="accs"></g></l></v></tfr></token><token id="634844" text="юзеров"><tfr rev_id="3945028" t="юзеров"><v><l id="386907" t="юзер"><g v="NOUN"></g><g v="anim"></g><g v="masc"></g><g v="Slng"></g><g v="plur"></g><g v="accs"></g></l></v></tfr></token><token id="634845" text="."><tfr rev_id="1466960" t="."><v><l id="0" t="."><g v="PNCT"></g></l></v></tfr></token></tokens></sentence></paragraph><paragraph id="11268"><sentence id="35522"><source>На секции Объединенной конференции РИФ+КИБ «Кто успеет в новый Клондайк? Продвижение в соцсетях и блогах» Анжелика Петроченко, отвечающая в компании «СУП» за ЖЖ, сделала любопытное заявление.</source><tokens><token id="634846" text="На"><tfr rev_id="3396238" t="На"><v><l id="166264" t="на"><g v="PREP"></g></l></v></tfr></token><token id="634847" text="секции"><tfr rev_id="4343793" t="секции"><v><l id="318196" t="секция"><g v="NOUN"></g><g v="inan"></g><g v="femn"></g><g v="sing"></g><g v="loct"></g></l></v></tfr></token><token id="634848" text="Объединенной"><tfr rev_id="3419325" t="Объединенной"><v><l id="201759" t="объединённый"><g v="PRTF"></g><g v="perf"></g><g v="tran"></g><g v="past"></g><g v="pssv"></g><g v="femn"></g><g v="sing"></g><g v="gent"></g></l></v></tfr></token><token id="634849" text="конференции"><tfr rev_id="4314144" t="конференции"><v><l id="138725" t="конференция"><g v="NOUN"></g><g v="inan"></g><g v="femn"></g><g v="sing"></g><g v="gent"></g></l></v></tfr></token><token id="634850" text="РИФ"><tfr rev_id="4240389" t="РИФ"><v><l id="0" t="РИФ"><g v="UNKN"></g></l></v></tfr></token><token id="634851" text="+"><tfr rev_id="4334341" t="+"><v><l id="0" t="+"><g v="SYMB"></g></l></v></tfr></token><token id="634852" text="КИБ"><tfr rev_id="1466967" t="КИБ"><v><l id="0" t="киб"><g v="UNKN"></g></l></v></tfr></token><token id="634853" text="«"><tfr rev_id="2444893" t="«"><v><l id="0" t="«"><g v="PNCT"></g></l></v></tfr></token><token id="634854" text="Кто"><tfr rev_id="1466969" t="Кто"><v><l id="144216" t="кто"><g v="NPRO"></g><g v="masc"></g><g v="sing"></g><g v="nomn"></g></l></v></tfr></token><token id="634855" text="успеет"><tfr rev_id="1466970" t="успеет"><v><l id="360832" t="успел"><g v="VERB"></g><g v="perf"></g><g v="intr"></g><g v="sing"></g><g v="3per"></g><g v="futr"></g><g v="indc"></g></l></v></tfr></token><token id="634856" text="в"><tfr rev_id="1466971" t="в"><v><l id="37409" t="в"><g v="PREP"></g></l></v></tfr></token><token id="634857" text="новый"><tfr rev_id="1466972" t="новый"><v><l id="191918" t="новый"><g v="ADJF"></g><g v="Qual"></g><g v="masc"></g><g v="sing"></g><g v="nomn"></g></l></v><v><l id="191918" t="новый"><g v="ADJF"></g><g v="Qual"></g><g v="inan"></g><g v="masc"></g><g v="sing"></g><g v="accs"></g></l></v></tfr></token><token id="634858" text="Клондайк"><tfr rev_id="1466973" t="Клондайк"><v><l id="0" t="клондайк"><g v="UNKN"></g></l></v></tfr></token><token id="634859" text="?"><tfr rev_id="1466974" t="?"><v><l id="0" t="?"><g v="PNCT"></g></l></v></tfr></token><token id="634860" text="Продвижение"><tfr rev_id="4106925" t="Продвижение"><v><l id="278994" t="продвижение"><g v="NOUN"></g><g v="inan"></g><g v="neut"></g><g v="sing"></g><g v="nomn"></g></l></v></tfr></token><token id="634861" text="в"><tfr rev_id="1466976" t="в"><v><l id="37409" t="в"><g v="PREP"></g></l></v></tfr></token><token id="634862" text="соцсетях"><tfr rev_id="2559955" t="соцсетях"><v><l id="388636" t="соцсеть"><g v="NOUN"></g><g v="inan"></g><g v="femn"></g><g v="plur"></g><g v="loct"></g></l></v></tfr></token><token id="634863" text="и"><tfr rev_id="4082132" t="и"><v><l id="116949" t="и"><g v="CONJ"></g></l></v></tfr></token><token id="634864" text="блогах"><tfr rev_id="2922119" t="блогах"><v><l id="388678" t="блог"><g v="NOUN"></g><g v="inan"></g><g v="masc"></g><g v="plur"></g><g v="loct"></g></l></v></tfr></token><token id="634865" text="»"><tfr rev_id="2444894" t="»"><v><l id="0" t="»"><g v="PNCT"></g></l></v></tfr></token><token id="634866" text="Анжелика"><tfr rev_id="1466981" t="Анжелика"><v><l id="13298" t="анжелика"><g v="NOUN"></g><g v="anim"></g><g v="femn"></g><g v="Name"></g><g v="sing"></g><g v="nomn"></g></l></v></tfr></token><token id="634867" text="Петроченко"><tfr rev_id="4326737" t="Петроченко"><v><l id="238066" t="петроченко"><g v="NOUN"></g><g v="anim"></g><g v="ms-f"></g><g v="Fixd"></g><g v="Surn"></g><g v="sing"></g><g v="nomn"></g></l></v></tfr></token><token id="634868" text=","><tfr rev_id="1466983" t=","><v><l id="0" t=","><g v="PNCT"></g></l></v></tfr></token><token id="634869" text="отвечающая"><tfr rev_id="1466984" t="отвечающая"><v><l id="212456" t="отвечающий"><g v="PRTF"></g><g v="impf"></g><g v="intr"></g><g v="pres"></g><g v="actv"></g><g v="femn"></g><g v="sing"></g><g v="nomn"></g></l></v></tfr></token><token id="634870" text="в"><tfr rev_id="1466985" t="в"><v><l id="37409" t="в"><g v="PREP"></g></l></v></tfr></token><token id="634871" text="компании"><tfr rev_id="4180060" t="компании"><v><l id="137146" t="компания"><g v="NOUN"></g><g v="inan"></g><g v="femn"></g><g v="sing"></g><g v="loct"></g></l></v></tfr></token><token id="634872" text="«"><tfr rev_id="2444895" t="«"><v><l id="0" t="«"><g v="PNCT"></g></l></v></tfr></token><token id="634873" text="СУП"><tfr rev_id="3708066" t="СУП"><v><l id="339620" t="суп"><g v="NOUN"></g><g v="inan"></g><g v="masc"></g><g v="sing"></g><g v="nomn"></g></l></v></tfr></token><token id="634874" text="»"><tfr rev_id="2444896" t="»"><v><l id="0" t="»"><g v="PNCT"></g></l></v></tfr></token><token id="634875" text="за"><tfr rev_id="1466990" t="за"><v><l id="98043" t="за"><g v="PREP"></g></l></v></tfr></token><token id="634876" text="ЖЖ"><tfr rev_id="4180737" t="ЖЖ"><v><l id="389060" t="жж"><g v="NOUN"></g><g v="inan"></g><g v="masc"></g><g v="Fixd"></g><g v="Abbr"></g><g v="Sgtm"></g><g v="sing"></g><g v="accs"></g></l></v></tfr></token><token id="634877" text=","><tfr rev_id="1466992" t=","><v><l id="0" t=","><g v="PNCT"></g></l></v></tfr></token><token id="634878" text="сделала"><tfr rev_id="1466993" t="сделала"><v><l id="317246" t="сделал"><g v="VERB"></g><g v="perf"></g><g v="tran"></g><g v="femn"></g><g v="sing"></g><g v="past"></g><g v="indc"></g></l></v></tfr></token><token id="634879" text="любопытное"><tfr rev_id="1466994" t="любопытное"><v><l id="152046" t="любопытный"><g v="ADJF"></g><g v="Qual"></g><g v="neut"></g><g v="sing"></g><g v="nomn"></g></l></v><v><l id="152046" t="любопытный"><g v="ADJF"></g><g v="Qual"></g><g v="neut"></g><g v="sing"></g><g v="accs"></g></l></v></tfr></token><token id="634880" text="заявление"><tfr rev_id="4099574" t="заявление"><v><l id="114311" t="заявление"><g v="NOUN"></g><g v="inan"></g><g v="neut"></g><g v="sing"></g><g v="accs"></g></l></v></tfr></token><token id="634881" text="."><tfr rev_id="1466996" t="."><v><l id="0" t="."><g v="PNCT"></g></l></v></tfr></token></tokens></sentence><sentence id="35523"><source>СУП рассматривает возможность в ближайшем будущем официально разрешить пользователям размещать рекламу в своих аккаунтах.</source><tokens><token id="634882" text="СУП"><tfr rev_id="3523591" t="СУП"><v><l id="339620" t="суп"><g v="NOUN"></g><g v="inan"></g><g v="masc"></g><g v="sing"></g><g v="nomn"></g></l></v></tfr></token><token id="634883" text="рассматривает"><tfr rev_id="1466998" t="рассматривает"><v><l id="301124" t="рассматриваю"><g v="VERB"></g><g v="impf"></g><g v="tran"></g><g v="sing"></g><g v="3per"></g><g v="pres"></g><g v="indc"></g></l></v></tfr></token><token id="634884" text="возможность"><tfr rev_id="3503392" t="возможность"><v><l id="49410" t="возможность"><g v="NOUN"></g><g v="inan"></g><g v="femn"></g><g v="sing"></g><g v="accs"></g></l></v></tfr></token><token id="634885" text="в"><tfr rev_id="1467000" t="в"><v><l id="37409" t="в"><g v="PREP"></g></l></v></tfr></token><token id="634886" text="ближайшем"><tfr rev_id="4430775" t="ближайшем"><v><l id="30857" t="ближайший"><g v="ADJF"></g><g v="Supr"></g><g v="Qual"></g><g v="neut"></g><g v="sing"></g><g v="loct"></g></l></v></tfr></token><token id="634887" text="будущем"><tfr rev_id="4154323" t="будущем"><v><l id="35163" t="будущее"><g v="NOUN"></g><g v="inan"></g><g v="neut"></g><g v="sing"></g><g v="loct"></g></l></v></tfr></token><token id="634888" text="официально"><tfr rev_id="3709875" t="официально"><v><l id="220937" t="официально"><g v="ADVB"></g></l></v></tfr></token><token id="634889" text="разрешить"><tfr rev_id="1467004" t="разрешить"><v><l id="296668" t="разрешить"><g v="INFN"></g><g v="perf"></g><g v="tran"></g></l></v></tfr></token><token id="634890" text="пользователям"><tfr rev_id="1467005" t="пользователям"><v><l id="257079" t="пользователь"><g v="NOUN"></g><g v="anim"></g><g v="masc"></g><g v="plur"></g><g v="datv"></g></l></v></tfr></token><token id="634891" text="размещать"><tfr rev_id="1467006" t="размещать"><v><l id="295129" t="размещать"><g v="INFN"></g><g v="impf"></g><g v="tran"></g></l></v></tfr></token><token id="634892" text="рекламу"><tfr rev_id="1467007" t="рекламу"><v><l id="305670" t="реклама"><g v="NOUN"></g><g v="inan"></g><g v="femn"></g><g v="sing"></g><g v="accs"></g></l></v></tfr></token><token id="634893" text="в"><tfr rev_id="1467008" t="в"><v><l id="37409" t="в"><g v="PREP"></g></l></v></tfr></token><token id="634894" text="своих"><tfr rev_id="3633837" t="своих"><v><l id="316379" t="свой"><g v="ADJF"></g><g v="Apro"></g><g v="Anph"></g><g v="plur"></g><g v="loct"></g></l></v></tfr></token><token id="634895" text="аккаунтах"><tfr rev_id="1467010" t="аккаунтах"><v><l id="7070" t="аккаунт"><g v="NOUN"></g><g v="inan"></g><g v="masc"></g><g v="plur"></g><g v="loct"></g></l></v></tfr></token><token id="634896" text="."><tfr rev_id="1467011" t="."><v><l id="0" t="."><g v="PNCT"></g></l></v></tfr></token></tokens></sentence><sentence id="35524"><source>Таким образом, юзерам больше не нужно дрожать, ожидая суровых действий abuse team после того, как они разместят у себя в дневнике рекламный текст с рекламным обращением.</source><tokens><token id="634897" text="Таким"><tfr rev_id="4349931" t="Таким"><v><l id="342491" t="такой"><g v="ADJF"></g><g v="Apro"></g><g v="masc"></g><g v="sing"></g><g v="ablt"></g></l></v></tfr></token><token id="634898" text="образом"><tfr rev_id="1467013" t="образом"><v><l id="198787" t="образ"><g v="NOUN"></g><g v="inan"></g><g v="masc"></g><g v="sing"></g><g v="ablt"></g></l></v></tfr></token><token id="634899" text=","><tfr rev_id="1467014" t=","><v><l id="0" t=","><g v="PNCT"></g></l></v></tfr></token><token id="634900" text="юзерам"><tfr rev_id="1467015" t="юзерам"><v><l id="386907" t="юзер"><g v="NOUN"></g><g v="anim"></g><g v="masc"></g><g v="Slng"></g><g v="plur"></g><g v="datv"></g></l></v></tfr></token><token id="634901" text="больше"><tfr rev_id="2558482" t="больше"><v><l id="32325" t="больше"><g v="ADVB"></g></l></v><v><l id="32447" t="больше"><g v="COMP"></g><g v="Qual"></g></l></v></tfr></token><token id="634902" text="не"><tfr rev_id="1467017" t="не"><v><l id="178876" t="не"><g v="PRCL"></g></l></v></tfr></token><token id="634903" text="нужно"><tfr rev_id="1467018" t="нужно"><v><l id="192579" t="нужно"><g v="PRED"></g><g v="pres"></g></l></v><v><l id="192584" t="нужен"><g v="ADJS"></g><g v="Qual"></g><g v="neut"></g><g v="sing"></g></l></v></tfr></token><token id="634904" text="дрожать"><tfr rev_id="1467019" t="дрожать"><v><l id="92224" t="дрожать"><g v="INFN"></g><g v="impf"></g><g v="intr"></g></l></v></tfr></token><token id="634905" text=","><tfr rev_id="1467020" t=","><v><l id="0" t=","><g v="PNCT"></g></l></v></tfr></token><token id="634906" text="ожидая"><tfr rev_id="1467021" t="ожидая"><v><l id="203951" t="ожидая"><g v="GRND"></g><g v="impf"></g><g v="tran"></g><g v="pres"></g></l></v></tfr></token><token id="634907" text="суровых"><tfr rev_id="3558059" t="суровых"><v><l id="339942" t="суровый"><g v="ADJF"></g><g v="Qual"></g><g v="plur"></g><g v="gent"></g></l></v></tfr></token><token id="634908" text="действий"><tfr rev_id="1467023" t="действий"><v><l id="80091" t="действие"><g v="NOUN"></g><g v="inan"></g><g v="neut"></g><g v="plur"></g><g v="gent"></g></l></v></tfr></token><token id="634909" text="abuse"><tfr rev_id="2474948" t="abuse"><v><l id="0" t="abuse"><g v="LATN"></g></l></v></tfr></token><token id="634910" text="team"><tfr rev_id="2474949" t="team"><v><l id="0" t="team"><g v="LATN"></g></l></v></tfr></token><token id="634911" text="после"><tfr rev_id="4407272" t="после"><v><l id="261542" t="после"><g v="PREP"></g></l></v></tfr></token><token id="634912" text="того"><tfr rev_id="3806114" t="того"><v><l id="348430" t="тот"><g v="ADJF"></g><g v="Subx"></g><g v="Apro"></g><g v="Anph"></g><g v="neut"></g><g v="sing"></g><g v="gent"></g></l></v></tfr></token><token id="634913" text=","><tfr rev_id="1467028" t=","><v><l id="0" t=","><g v="PNCT"></g></l></v></tfr></token><token id="634914" text="как"><tfr rev_id="1467029" t="как"><v><l id="128190" t="как"><g v="CONJ"></g></l></v><v><l id="128191" t="как"><g v="PRCL"></g></l></v><v><l id="128192" t="как"><g v="ADVB"></g><g v="Ques"></g></l></v></tfr></token><token id="634915" text="они"><tfr rev_id="3599406" t="они"><v><l id="206619" t="они"><g v="NPRO"></g><g v="3per"></g><g v="Anph"></g><g v="plur"></g><g v="nomn"></g></l></v></tfr></token><token id="634916" text="разместят"><tfr rev_id="1467031" t="разместят"><v><l id="295050" t="разместил"><g v="VERB"></g><g v="perf"></g><g v="tran"></g><g v="plur"></g><g v="3per"></g><g v="futr"></g><g v="indc"></g></l></v></tfr></token><token id="634917" text="у"><tfr rev_id="3301616" t="у"><v><l id="352818" t="у"><g v="PREP"></g></l></v></tfr></token><token id="634918" text="себя"><tfr rev_id="3634967" t="себя"><v><l id="317456" t="себя"><g v="NPRO"></g><g v="Anph"></g><g v="sing"></g><g v="gent"></g></l></v></tfr></token><token id="634919" text="в"><tfr rev_id="1467034" t="в"><v><l id="37409" t="в"><g v="PREP"></g></l></v></tfr></token><token id="634920" text="дневнике"><tfr rev_id="1467035" t="дневнике"><v><l id="85113" t="дневник"><g v="NOUN"></g><g v="inan"></g><g v="masc"></g><g v="sing"></g><g v="loct"></g></l></v></tfr></token><token id="634921" text="рекламный"><tfr rev_id="1467036" t="рекламный"><v><l id="305693" t="рекламный"><g v="ADJF"></g><g v="Qual"></g><g v="masc"></g><g v="sing"></g><g v="nomn"></g></l></v><v><l id="305693" t="рекламный"><g v="ADJF"></g><g v="Qual"></g><g v="inan"></g><g v="masc"></g><g v="sing"></g><g v="accs"></g></l></v></tfr></token><token id="634922" text="текст"><tfr rev_id="3430800" t="текст"><v><l id="344022" t="текст"><g v="NOUN"></g><g v="inan"></g><g v="masc"></g><g v="sing"></g><g v="accs"></g></l></v></tfr></token><token id="634923" text="с"><tfr rev_id="1467038" t="с"><v><l id="311151" t="с"><g v="PREP"></g></l></v></tfr></token><token id="634924" text="рекламным"><tfr rev_id="4308483" t="рекламным"><v><l id="305693" t="рекламный"><g v="ADJF"></g><g v="Qual"></g><g v="neut"></g><g v="sing"></g><g v="ablt"></g></l></v></tfr></token><token id="634925" text="обращением"><tfr rev_id="1467040" t="обращением"><v><l id="198955" t="обращение"><g v="NOUN"></g><g v="inan"></g><g v="neut"></g><g v="sing"></g><g v="ablt"></g></l></v></tfr></token><token id="634926" text="."><tfr rev_id="1467041" t="."><v><l id="0" t="."><g v="PNCT"></g></l></v></tfr></token></tokens></sentence><sentence id="35525"><source>Примером политики благоприятствования г-жа Петроченко назвала ЖЖ Артемия Лебедева, который уже размещает посты, помеченные как реклама.</source><tokens><token id="634927" text="Примером"><tfr rev_id="1467042" t="Примером"><v><l id="271975" t="пример"><g v="NOUN"></g><g v="inan"></g><g v="masc"></g><g v="sing"></g><g v="ablt"></g></l></v></tfr></token><token id="634928" text="политики"><tfr rev_id="3487823" t="политики"><v><l id="255853" t="политика"><g v="NOUN"></g><g v="inan"></g><g v="femn"></g><g v="sing"></g><g v="gent"></g></l></v></tfr></token><token id="634929" text="благоприятствования"><tfr rev_id="3461643" t="благоприятствования"><v><l id="30513" t="благоприятствование"><g v="NOUN"></g><g v="inan"></g><g v="neut"></g><g v="sing"></g><g v="gent"></g></l></v></tfr></token><token id="634930" text="г-жа"><tfr rev_id="1467045" t="г-жа"><v><l id="65246" t="г-жа"><g v="NOUN"></g><g v="anim"></g><g v="femn"></g><g v="sing"></g><g v="nomn"></g></l></v></tfr></token><token id="634931" text="Петроченко"><tfr rev_id="4326738" t="Петроченко"><v><l id="238066" t="петроченко"><g v="NOUN"></g><g v="anim"></g><g v="ms-f"></g><g v="Fixd"></g><g v="Surn"></g><g v="sing"></g><g v="nomn"></g></l></v></tfr></token><token id="634932" text="назвала"><tfr rev_id="1467047" t="назвала"><v><l id="170342" t="назвал"><g v="VERB"></g><g v="perf"></g><g v="tran"></g><g v="femn"></g><g v="sing"></g><g v="past"></g><g v="indc"></g></l></v></tfr></token><token id="634933" text="ЖЖ"><tfr rev_id="4250330" t="ЖЖ"><v><l id="389060" t="жж"><g v="NOUN"></g><g v="inan"></g><g v="masc"></g><g v="Fixd"></g><g v="Abbr"></g><g v="Sgtm"></g><g v="sing"></g><g v="accs"></g></l></v></tfr></token><token id="634934" text="Артемия"><tfr rev_id="4175920" t="Артемия"><v><l id="17342" t="артемий"><g v="NOUN"></g><g v="anim"></g><g v="masc"></g><g v="Name"></g><g v="sing"></g><g v="gent"></g></l></v><v><l id="17342" t="артемий"><g v="NOUN"></g><g v="anim"></g><g v="masc"></g><g v="Name"></g><g v="sing"></g><g v="accs"></g></l></v></tfr></token><token id="634935" text="Лебедева"><tfr rev_id="4076883" t="Лебедева"><v><l id="147287" t="лебедев"><g v="NOUN"></g><g v="anim"></g><g v="masc"></g><g v="Sgtm"></g><g v="Surn"></g><g v="sing"></g><g v="gent"></g></l></v><v><l id="147287" t="лебедев"><g v="NOUN"></g><g v="anim"></g><g v="masc"></g><g v="Sgtm"></g><g v="Surn"></g><g v="sing"></g><g v="accs"></g></l></v></tfr></token><token id="634936" text=","><tfr rev_id="1467051" t=","><v><l id="0" t=","><g v="PNCT"></g></l></v></tfr></token><token id="634937" text="который"><tfr rev_id="3637432" t="который"><v><l id="141203" t="который"><g v="ADJF"></g><g v="Apro"></g><g v="Subx"></g><g v="Anph"></g><g v="masc"></g><g v="sing"></g><g v="nomn"></g></l></v><v><l id="141203" t="который"><g v="ADJF"></g><g v="Apro"></g><g v="Subx"></g><g v="Anph"></g><g v="inan"></g><g v="masc"></g><g v="sing"></g><g v="accs"></g></l></v></tfr></token><token id="634938" text="уже"><tfr rev_id="2692796" t="уже"><v><l id="355422" t="уж"><g v="NOUN"></g><g v="anim"></g><g v="masc"></g><g v="sing"></g><g v="loct"></g></l></v><v><l id="355498" t="уже"><g v="ADVB"></g></l></v><v><l id="355674" t="уже"><g v="COMP"></g><g v="Qual"></g></l></v><v><l id="388673" t="уже"><g v="PRCL"></g></l></v></tfr></token><token id="634939" text="размещает"><tfr rev_id="1467054" t="размещает"><v><l id="295128" t="размещаю"><g v="VERB"></g><g v="impf"></g><g v="tran"></g><g v="sing"></g><g v="3per"></g><g v="pres"></g><g v="indc"></g></l></v></tfr></token><token id="634940" text="посты"><tfr rev_id="3757326" t="посты"><v><l id="262073" t="пост"><g v="NOUN"></g><g v="inan"></g><g v="masc"></g><g v="plur"></g><g v="accs"></g></l></v></tfr></token><token id="634941" text=","><tfr rev_id="1467056" t=","><v><l id="0" t=","><g v="PNCT"></g></l></v></tfr></token><token id="634942" text="помеченные"><tfr rev_id="1467057" t="помеченные"><v><l id="257611" t="помеченный"><g v="PRTF"></g><g v="perf"></g><g v="tran"></g><g v="past"></g><g v="pssv"></g><g v="plur"></g><g v="nomn"></g></l></v><v><l id="257611" t="помеченный"><g v="PRTF"></g><g v="perf"></g><g v="tran"></g><g v="past"></g><g v="pssv"></g><g v="inan"></g><g v="plur"></g><g v="accs"></g></l></v></tfr></token><token id="634943" text="как"><tfr rev_id="1467058" t="как"><v><l id="128190" t="как"><g v="CONJ"></g></l></v><v><l id="128191" t="как"><g v="PRCL"></g></l></v><v><l id="128192" t="как"><g v="ADVB"></g><g v="Ques"></g></l></v></tfr></token><token id="634944" text="реклама"><tfr rev_id="1467059" t="реклама"><v><l id="305670" t="реклама"><g v="NOUN"></g><g v="inan"></g><g v="femn"></g><g v="sing"></g><g v="nomn"></g></l></v></tfr></token><token id="634945" text="."><tfr rev_id="1467060" t="."><v><l id="0" t="."><g v="PNCT"></g></l></v></tfr></token></tokens></sentence></paragraph></paragraphs></text>