<?xml version="1.0" encoding="utf-8"?><text id="1216" parent="226" name="Е-mail должен быть у каждого"><tags><tag>url:http://www.chaskor.ru/news/e-mail_dolzhen_byt_u_kazhdogo</tag><tag>Год:2009</tag><tag>Дата:01/12</tag><tag>Тема:ЧасКор:Технологии</tag><tag>Тема:ЧасКор:Технологии/Сеть</tag></tags><paragraphs><paragraph id="11271"><sentence id="35532"><source>Е-mail должен быть у каждого</source><tokens><token id="635066" text="Е-mail"><tfr rev_id="1467181" t="Е-mail"><v><l id="0" t="Е-mail"><g v="UNKN"></g></l></v></tfr></token><token id="635067" text="должен"><tfr rev_id="2558782" t="должен"><v><l id="87975" t="должен"><g v="ADJS"></g><g v="masc"></g><g v="sing"></g></l></v></tfr></token><token id="635068" text="быть"><tfr rev_id="1467183" t="быть"><v><l id="37266" t="быть"><g v="INFN"></g><g v="impf"></g><g v="intr"></g></l></v></tfr></token><token id="635069" text="у"><tfr rev_id="3230517" t="у"><v><l id="352818" t="у"><g v="PREP"></g></l></v></tfr></token><token id="635070" text="каждого"><tfr rev_id="4429926" t="каждого"><v><l id="127875" t="каждый"><g v="ADJF"></g><g v="Subx"></g><g v="Apro"></g><g v="masc"></g><g v="sing"></g><g v="gent"></g></l></v><v><l id="127875" t="каждый"><g v="ADJF"></g><g v="Subx"></g><g v="Apro"></g><g v="anim"></g><g v="masc"></g><g v="sing"></g><g v="accs"></g></l></v></tfr></token></tokens></sentence><sentence id="35533"><source>Гражданам Турции государство выдаст почтовые адреса.</source><tokens><token id="635071" text="Гражданам"><tfr rev_id="1467186" t="Гражданам"><v><l id="74521" t="гражданин"><g v="NOUN"></g><g v="anim"></g><g v="masc"></g><g v="plur"></g><g v="datv"></g></l></v></tfr></token><token id="635072" text="Турции"><tfr rev_id="3455562" t="Турции"><v><l id="351881" t="турция"><g v="NOUN"></g><g v="inan"></g><g v="femn"></g><g v="Sgtm"></g><g v="Geox"></g><g v="sing"></g><g v="gent"></g></l></v></tfr></token><token id="635073" text="государство"><tfr rev_id="3301106" t="государство"><v><l id="74164" t="государство"><g v="NOUN"></g><g v="inan"></g><g v="neut"></g><g v="sing"></g><g v="nomn"></g></l></v></tfr></token><token id="635074" text="выдаст"><tfr rev_id="1467189" t="выдаст"><v><l id="56957" t="выдал"><g v="VERB"></g><g v="perf"></g><g v="tran"></g><g v="sing"></g><g v="3per"></g><g v="futr"></g><g v="indc"></g></l></v></tfr></token><token id="635075" text="почтовые"><tfr rev_id="3748392" t="почтовые"><v><l id="265020" t="почтовый"><g v="ADJF"></g><g v="Qual"></g><g v="inan"></g><g v="plur"></g><g v="accs"></g></l></v></tfr></token><token id="635076" text="адреса"><tfr rev_id="3794084" t="адреса"><v><l id="5167" t="адрес"><g v="NOUN"></g><g v="inan"></g><g v="masc"></g><g v="plur"></g><g v="accs"></g></l></v></tfr></token><token id="635077" text="."><tfr rev_id="1467192" t="."><v><l id="0" t="."><g v="PNCT"></g></l></v></tfr></token></tokens></sentence></paragraph><paragraph id="11272"><sentence id="35534"><source>Турецкие власти намерены обеспечить всех граждан страны адресом электронной почты.</source><tokens><token id="635078" text="Турецкие"><tfr rev_id="3818877" t="Турецкие"><v><l id="351763" t="турецкий"><g v="ADJF"></g><g v="plur"></g><g v="nomn"></g></l></v></tfr></token><token id="635079" text="власти"><tfr rev_id="3762063" t="власти"><v><l id="46816" t="власть"><g v="NOUN"></g><g v="inan"></g><g v="femn"></g><g v="plur"></g><g v="nomn"></g></l></v></tfr></token><token id="635080" text="намерены"><tfr rev_id="1467195" t="намерены"><v><l id="172445" t="намерен"><g v="ADJS"></g><g v="plur"></g></l></v><v><l id="172473" t="намерен"><g v="PRTS"></g><g v="perf"></g><g v="past"></g><g v="pssv"></g><g v="plur"></g></l></v></tfr></token><token id="635081" text="обеспечить"><tfr rev_id="1467196" t="обеспечить"><v><l id="194763" t="обеспечить"><g v="INFN"></g><g v="perf"></g><g v="tran"></g></l></v></tfr></token><token id="635082" text="всех"><tfr rev_id="4135841" t="всех"><v><l id="42156" t="весь"><g v="ADJF"></g><g v="Subx"></g><g v="Apro"></g><g v="anim"></g><g v="plur"></g><g v="accs"></g></l></v></tfr></token><token id="635083" text="граждан"><tfr rev_id="3823039" t="граждан"><v><l id="74521" t="гражданин"><g v="NOUN"></g><g v="anim"></g><g v="masc"></g><g v="plur"></g><g v="accs"></g></l></v></tfr></token><token id="635084" text="страны"><tfr rev_id="3523261" t="страны"><v><l id="337100" t="страна"><g v="NOUN"></g><g v="inan"></g><g v="femn"></g><g v="sing"></g><g v="gent"></g></l></v></tfr></token><token id="635085" text="адресом"><tfr rev_id="1467200" t="адресом"><v><l id="5167" t="адрес"><g v="NOUN"></g><g v="inan"></g><g v="masc"></g><g v="sing"></g><g v="ablt"></g></l></v></tfr></token><token id="635086" text="электронной"><tfr rev_id="4315277" t="электронной"><v><l id="384368" t="электронный"><g v="ADJF"></g><g v="femn"></g><g v="sing"></g><g v="gent"></g></l></v></tfr></token><token id="635087" text="почты"><tfr rev_id="3433968" t="почты"><v><l id="264988" t="почта"><g v="NOUN"></g><g v="inan"></g><g v="femn"></g><g v="sing"></g><g v="gent"></g></l></v></tfr></token><token id="635088" text="."><tfr rev_id="1467203" t="."><v><l id="0" t="."><g v="PNCT"></g></l></v></tfr></token></tokens></sentence><sentence id="35535"><source>С этой целью учреждён проект Anapost.</source><tokens><token id="635089" text="С"><tfr rev_id="1467204" t="С"><v><l id="311151" t="с"><g v="PREP"></g></l></v></tfr></token><token id="635090" text="этой"><tfr rev_id="4438019" t="этой"><v><l id="386581" t="этот"><g v="ADJF"></g><g v="Subx"></g><g v="Apro"></g><g v="Anph"></g><g v="femn"></g><g v="sing"></g><g v="ablt"></g></l></v></tfr></token><token id="635091" text="целью"><tfr rev_id="1467206" t="целью"><v><l id="373216" t="цель"><g v="NOUN"></g><g v="inan"></g><g v="femn"></g><g v="sing"></g><g v="ablt"></g></l></v></tfr></token><token id="635092" text="учреждён"><tfr rev_id="1467207" t="учреждён"><v><l id="363343" t="учреждён"><g v="PRTS"></g><g v="perf"></g><g v="past"></g><g v="pssv"></g><g v="masc"></g><g v="sing"></g></l></v></tfr></token><token id="635093" text="проект"><tfr rev_id="1467208" t="проект"><v><l id="279545" t="проект"><g v="NOUN"></g><g v="inan"></g><g v="masc"></g><g v="sing"></g><g v="nomn"></g></l></v><v><l id="279545" t="проект"><g v="NOUN"></g><g v="inan"></g><g v="masc"></g><g v="sing"></g><g v="accs"></g></l></v></tfr></token><token id="635094" text="Anapost"><tfr rev_id="2474951" t="Anapost"><v><l id="0" t="Anapost"><g v="LATN"></g></l></v></tfr></token><token id="635095" text="."><tfr rev_id="1467210" t="."><v><l id="0" t="."><g v="PNCT"></g></l></v></tfr></token></tokens></sentence><sentence id="35536"><source>В соответствии с ним адреса электронной почты будут выдаваться всем новорождённым и заноситься в удостоверение личности.</source><tokens><token id="635096" text="В"><tfr rev_id="1467211" t="В"><v><l id="37409" t="в"><g v="PREP"></g></l></v></tfr></token><token id="635097" text="соответствии"><tfr rev_id="1467212" t="соответствии"><v><l id="329623" t="соответствие"><g v="NOUN"></g><g v="inan"></g><g v="neut"></g><g v="sing"></g><g v="loct"></g></l></v></tfr></token><token id="635098" text="с"><tfr rev_id="1467213" t="с"><v><l id="311151" t="с"><g v="PREP"></g></l></v></tfr></token><token id="635099" text="ним"><tfr rev_id="4530959" t="ним"><v><l id="206541" t="он"><g v="NPRO"></g><g v="masc"></g><g v="3per"></g><g v="Anph"></g><g v="sing"></g><g v="ablt"></g><g v="Af-p"></g></l></v><v><l id="206649" t="оно"><g v="NPRO"></g><g v="neut"></g><g v="3per"></g><g v="Anph"></g><g v="sing"></g><g v="ablt"></g><g v="Af-p"></g></l></v></tfr></token><token id="635100" text="адреса"><tfr rev_id="3796533" t="адреса"><v><l id="5167" t="адрес"><g v="NOUN"></g><g v="inan"></g><g v="masc"></g><g v="plur"></g><g v="nomn"></g></l></v></tfr></token><token id="635101" text="электронной"><tfr rev_id="4417649" t="электронной"><v><l id="384368" t="электронный"><g v="ADJF"></g><g v="femn"></g><g v="sing"></g><g v="gent"></g></l></v></tfr></token><token id="635102" text="почты"><tfr rev_id="3451408" t="почты"><v><l id="264988" t="почта"><g v="NOUN"></g><g v="inan"></g><g v="femn"></g><g v="sing"></g><g v="gent"></g></l></v></tfr></token><token id="635103" text="будут"><tfr rev_id="1467218" t="будут"><v><l id="37265" t="есть"><g v="VERB"></g><g v="impf"></g><g v="intr"></g><g v="plur"></g><g v="3per"></g><g v="futr"></g><g v="indc"></g></l></v></tfr></token><token id="635104" text="выдаваться"><tfr rev_id="1467219" t="выдаваться"><v><l id="56903" t="выдаваться"><g v="INFN"></g><g v="impf"></g><g v="intr"></g></l></v></tfr></token><token id="635105" text="всем"><tfr rev_id="4130505" t="всем"><v><l id="42156" t="весь"><g v="ADJF"></g><g v="Subx"></g><g v="Apro"></g><g v="plur"></g><g v="datv"></g></l></v></tfr></token><token id="635106" text="новорождённым"><tfr rev_id="3472658" t="новорождённым"><v><l id="191785" t="новорождённый"><g v="ADJF"></g><g v="Subx"></g><g v="plur"></g><g v="datv"></g></l></v></tfr></token><token id="635107" text="и"><tfr rev_id="1467222" t="и"><v><l id="116949" t="и"><g v="CONJ"></g></l></v><v><l id="116950" t="и"><g v="INTJ"></g></l></v></tfr></token><token id="635108" text="заноситься"><tfr rev_id="1467223" t="заноситься"><v><l id="106474" t="заноситься"><g v="INFN"></g><g v="impf"></g><g v="intr"></g></l></v><v><l id="106479" t="заноситься"><g v="INFN"></g><g v="perf"></g><g v="intr"></g></l></v></tfr></token><token id="635109" text="в"><tfr rev_id="1467224" t="в"><v><l id="37409" t="в"><g v="PREP"></g></l></v></tfr></token><token id="635110" text="удостоверение"><tfr rev_id="3458138" t="удостоверение"><v><l id="355176" t="удостоверение"><g v="NOUN"></g><g v="inan"></g><g v="neut"></g><g v="sing"></g><g v="accs"></g></l></v></tfr></token><token id="635111" text="личности"><tfr rev_id="4343794" t="личности"><v><l id="150210" t="личность"><g v="NOUN"></g><g v="inan"></g><g v="femn"></g><g v="sing"></g><g v="gent"></g></l></v></tfr></token><token id="635112" text="."><tfr rev_id="1467227" t="."><v><l id="0" t="."><g v="PNCT"></g></l></v></tfr></token></tokens></sentence><sentence id="35537"><source>Каждому из 70 млн уже живущих жителей Турции будет выдан почтовый ящик ёмкостью до 10 Гб.</source><tokens><token id="635113" text="Каждому"><tfr rev_id="4430122" t="Каждому"><v><l id="127875" t="каждый"><g v="ADJF"></g><g v="Subx"></g><g v="Apro"></g><g v="masc"></g><g v="sing"></g><g v="datv"></g></l></v></tfr></token><token id="635114" text="из"><tfr rev_id="2604141" t="из"><v><l id="117677" t="из"><g v="PREP"></g></l></v></tfr></token><token id="635115" text="70"><tfr rev_id="2462057" t="70"><v><l id="0" t="70"><g v="NUMB"></g></l></v></tfr></token><token id="635116" text="млн"><tfr rev_id="4165485" t="млн"><v><l id="389040" t="млн"><g v="NOUN"></g><g v="inan"></g><g v="masc"></g><g v="Fixd"></g><g v="Abbr"></g><g v="plur"></g><g v="nomn"></g></l></v><v><l id="389040" t="млн"><g v="NOUN"></g><g v="inan"></g><g v="masc"></g><g v="Fixd"></g><g v="Abbr"></g><g v="plur"></g><g v="gent"></g></l></v><v><l id="389040" t="млн"><g v="NOUN"></g><g v="inan"></g><g v="masc"></g><g v="Fixd"></g><g v="Abbr"></g><g v="plur"></g><g v="datv"></g></l></v><v><l id="389040" t="млн"><g v="NOUN"></g><g v="inan"></g><g v="masc"></g><g v="Fixd"></g><g v="Abbr"></g><g v="plur"></g><g v="accs"></g></l></v><v><l id="389040" t="млн"><g v="NOUN"></g><g v="inan"></g><g v="masc"></g><g v="Fixd"></g><g v="Abbr"></g><g v="plur"></g><g v="ablt"></g></l></v><v><l id="389040" t="млн"><g v="NOUN"></g><g v="inan"></g><g v="masc"></g><g v="Fixd"></g><g v="Abbr"></g><g v="plur"></g><g v="loct"></g></l></v></tfr></token><token id="635117" text="уже"><tfr rev_id="2692797" t="уже"><v><l id="355422" t="уж"><g v="NOUN"></g><g v="anim"></g><g v="masc"></g><g v="sing"></g><g v="loct"></g></l></v><v><l id="355498" t="уже"><g v="ADVB"></g></l></v><v><l id="355674" t="уже"><g v="COMP"></g><g v="Qual"></g></l></v><v><l id="388673" t="уже"><g v="PRCL"></g></l></v></tfr></token><token id="635118" text="живущих"><tfr rev_id="1467233" t="живущих"><v><l id="97605" t="живущий"><g v="PRTF"></g><g v="impf"></g><g v="intr"></g><g v="pres"></g><g v="actv"></g><g v="plur"></g><g v="gent"></g></l></v><v><l id="97605" t="живущий"><g v="PRTF"></g><g v="impf"></g><g v="intr"></g><g v="pres"></g><g v="actv"></g><g v="anim"></g><g v="plur"></g><g v="accs"></g></l></v><v><l id="97605" t="живущий"><g v="PRTF"></g><g v="impf"></g><g v="intr"></g><g v="pres"></g><g v="actv"></g><g v="plur"></g><g v="loct"></g></l></v></tfr></token><token id="635119" text="жителей"><tfr rev_id="4355579" t="жителей"><v><l id="97562" t="житель"><g v="NOUN"></g><g v="anim"></g><g v="masc"></g><g v="plur"></g><g v="gent"></g></l></v></tfr></token><token id="635120" text="Турции"><tfr rev_id="3455649" t="Турции"><v><l id="351881" t="турция"><g v="NOUN"></g><g v="inan"></g><g v="femn"></g><g v="Sgtm"></g><g v="Geox"></g><g v="sing"></g><g v="gent"></g></l></v></tfr></token><token id="635121" text="будет"><tfr rev_id="1467236" t="будет"><v><l id="37265" t="есть"><g v="VERB"></g><g v="impf"></g><g v="intr"></g><g v="sing"></g><g v="3per"></g><g v="futr"></g><g v="indc"></g></l></v></tfr></token><token id="635122" text="выдан"><tfr rev_id="1467237" t="выдан"><v><l id="56961" t="выдан"><g v="PRTS"></g><g v="perf"></g><g v="past"></g><g v="pssv"></g><g v="masc"></g><g v="sing"></g></l></v></tfr></token><token id="635123" text="почтовый"><tfr rev_id="1467238" t="почтовый"><v><l id="265020" t="почтовый"><g v="ADJF"></g><g v="Qual"></g><g v="masc"></g><g v="sing"></g><g v="nomn"></g></l></v><v><l id="265020" t="почтовый"><g v="ADJF"></g><g v="Qual"></g><g v="inan"></g><g v="masc"></g><g v="sing"></g><g v="accs"></g></l></v></tfr></token><token id="635124" text="ящик"><tfr rev_id="4211006" t="ящик"><v><l id="388456" t="ящик"><g v="NOUN"></g><g v="inan"></g><g v="masc"></g><g v="sing"></g><g v="nomn"></g></l></v></tfr></token><token id="635125" text="ёмкостью"><tfr rev_id="1467240" t="ёмкостью"><v><l id="33" t="ёмкость"><g v="NOUN"></g><g v="inan"></g><g v="femn"></g><g v="sing"></g><g v="ablt"></g></l></v></tfr></token><token id="635126" text="до"><tfr rev_id="1467241" t="до"><v><l id="85153" t="до"><g v="PREP"></g></l></v></tfr></token><token id="635127" text="10"><tfr rev_id="2462058" t="10"><v><l id="0" t="10"><g v="NUMB"></g></l></v></tfr></token><token id="635128" text="Гб"><tfr rev_id="4396125" t="Гб"><v><l id="67872" t="гб"><g v="NOUN"></g><g v="inan"></g><g v="masc"></g><g v="Fixd"></g><g v="Abbr"></g><g v="plur"></g><g v="gent"></g></l></v></tfr></token><token id="635129" text="."><tfr rev_id="1467244" t="."><v><l id="0" t="."><g v="PNCT"></g></l></v></tfr></token></tokens></sentence><sentence id="35538"><source>Кроме того, в 2010 году Турция собирается запустить собственную поисковую систему.</source><tokens><token id="635130" text="Кроме"><tfr rev_id="1467245" t="Кроме"><v><l id="143259" t="кроме"><g v="PREP"></g></l></v></tfr></token><token id="635131" text="того"><tfr rev_id="3770843" t="того"><v><l id="348430" t="тот"><g v="ADJF"></g><g v="Subx"></g><g v="Apro"></g><g v="Anph"></g><g v="neut"></g><g v="sing"></g><g v="gent"></g></l></v></tfr></token><token id="635132" text=","><tfr rev_id="1467247" t=","><v><l id="0" t=","><g v="PNCT"></g></l></v></tfr></token><token id="635133" text="в"><tfr rev_id="1467248" t="в"><v><l id="37409" t="в"><g v="PREP"></g></l></v></tfr></token><token id="635134" text="2010"><tfr rev_id="2462059" t="2010"><v><l id="0" t="2010"><g v="NUMB"></g></l></v></tfr></token><token id="635135" text="году"><tfr rev_id="2964682" t="году"><v><l id="72149" t="год"><g v="NOUN"></g><g v="inan"></g><g v="masc"></g><g v="sing"></g><g v="loc2"></g></l></v></tfr></token><token id="635136" text="Турция"><tfr rev_id="1467251" t="Турция"><v><l id="351881" t="турция"><g v="NOUN"></g><g v="inan"></g><g v="femn"></g><g v="Sgtm"></g><g v="Geox"></g><g v="sing"></g><g v="nomn"></g></l></v></tfr></token><token id="635137" text="собирается"><tfr rev_id="1467252" t="собирается"><v><l id="327680" t="собираюсь"><g v="VERB"></g><g v="impf"></g><g v="intr"></g><g v="sing"></g><g v="3per"></g><g v="pres"></g><g v="indc"></g></l></v></tfr></token><token id="635138" text="запустить"><tfr rev_id="1467253" t="запустить"><v><l id="108327" t="запустить"><g v="INFN"></g><g v="perf"></g><g v="tran"></g></l></v></tfr></token><token id="635139" text="собственную"><tfr rev_id="1467254" t="собственную"><v><l id="327840" t="собственный"><g v="ADJF"></g><g v="femn"></g><g v="sing"></g><g v="accs"></g></l></v></tfr></token><token id="635140" text="поисковую"><tfr rev_id="2700290" t="поисковую"><v><l id="253890" t="поисковый"><g v="ADJF"></g><g v="femn"></g><g v="sing"></g><g v="accs"></g></l></v></tfr></token><token id="635141" text="систему"><tfr rev_id="1467256" t="систему"><v><l id="321350" t="система"><g v="NOUN"></g><g v="inan"></g><g v="femn"></g><g v="sing"></g><g v="accs"></g></l></v></tfr></token><token id="635142" text="."><tfr rev_id="1467257" t="."><v><l id="0" t="."><g v="PNCT"></g></l></v></tfr></token></tokens></sentence><sentence id="35539"><source>Эксперты сомневаются в том, что «обязательные» адреса электронной почты будут пользоваться большой популярностью в ближайшее время: пользователи будут опасаться слежки за собой в интернете.</source><tokens><token id="635143" text="Эксперты"><tfr rev_id="1467258" t="Эксперты"><v><l id="383582" t="эксперт"><g v="NOUN"></g><g v="anim"></g><g v="masc"></g><g v="plur"></g><g v="nomn"></g></l></v></tfr></token><token id="635144" text="сомневаются"><tfr rev_id="1467259" t="сомневаются"><v><l id="329379" t="сомневаюсь"><g v="VERB"></g><g v="impf"></g><g v="intr"></g><g v="plur"></g><g v="3per"></g><g v="pres"></g><g v="indc"></g></l></v></tfr></token><token id="635145" text="в"><tfr rev_id="1467260" t="в"><v><l id="37409" t="в"><g v="PREP"></g></l></v></tfr></token><token id="635146" text="том"><tfr rev_id="4412176" t="том"><v><l id="348430" t="тот"><g v="ADJF"></g><g v="Subx"></g><g v="Apro"></g><g v="Anph"></g><g v="neut"></g><g v="sing"></g><g v="loct"></g></l></v></tfr></token><token id="635147" text=","><tfr rev_id="1467262" t=","><v><l id="0" t=","><g v="PNCT"></g></l></v></tfr></token><token id="635148" text="что"><tfr rev_id="3197108" t="что"><v><l id="377004" t="что"><g v="CONJ"></g></l></v><v><l id="377005" t="что"><g v="NPRO"></g><g v="neut"></g><g v="sing"></g><g v="nomn"></g></l></v><v><l id="377005" t="что"><g v="NPRO"></g><g v="neut"></g><g v="sing"></g><g v="accs"></g></l></v><v><l id="377006" t="что"><g v="ADVB"></g><g v="Ques"></g></l></v><v><l id="388695" t="что"><g v="PRCL"></g></l></v></tfr></token><token id="635149" text="«"><tfr rev_id="2444897" t="«"><v><l id="0" t="«"><g v="PNCT"></g></l></v></tfr></token><token id="635150" text="обязательные"><tfr rev_id="4076266" t="обязательные"><v><l id="202087" t="обязательный"><g v="ADJF"></g><g v="plur"></g><g v="nomn"></g></l></v></tfr></token><token id="635151" text="»"><tfr rev_id="2444898" t="»"><v><l id="0" t="»"><g v="PNCT"></g></l></v></tfr></token><token id="635152" text="адреса"><tfr rev_id="3796973" t="адреса"><v><l id="5167" t="адрес"><g v="NOUN"></g><g v="inan"></g><g v="masc"></g><g v="plur"></g><g v="nomn"></g></l></v></tfr></token><token id="635153" text="электронной"><tfr rev_id="3558872" t="электронной"><v><l id="384368" t="электронный"><g v="ADJF"></g><g v="femn"></g><g v="sing"></g><g v="gent"></g></l></v></tfr></token><token id="635154" text="почты"><tfr rev_id="3447932" t="почты"><v><l id="264988" t="почта"><g v="NOUN"></g><g v="inan"></g><g v="femn"></g><g v="sing"></g><g v="gent"></g></l></v></tfr></token><token id="635155" text="будут"><tfr rev_id="1467270" t="будут"><v><l id="37265" t="есть"><g v="VERB"></g><g v="impf"></g><g v="intr"></g><g v="plur"></g><g v="3per"></g><g v="futr"></g><g v="indc"></g></l></v></tfr></token><token id="635156" text="пользоваться"><tfr rev_id="1467271" t="пользоваться"><v><l id="257091" t="пользоваться"><g v="INFN"></g><g v="impf"></g><g v="intr"></g></l></v></tfr></token><token id="635157" text="большой"><tfr rev_id="2635581" t="большой"><v><l id="32445" t="большой"><g v="ADJF"></g><g v="Qual"></g><g v="femn"></g><g v="sing"></g><g v="gent"></g></l></v><v><l id="32445" t="большой"><g v="ADJF"></g><g v="Qual"></g><g v="femn"></g><g v="sing"></g><g v="datv"></g></l></v><v><l id="32445" t="большой"><g v="ADJF"></g><g v="Qual"></g><g v="femn"></g><g v="sing"></g><g v="ablt"></g></l></v><v><l id="32445" t="большой"><g v="ADJF"></g><g v="Qual"></g><g v="femn"></g><g v="sing"></g><g v="loct"></g></l></v></tfr></token><token id="635158" text="популярностью"><tfr rev_id="1467273" t="популярностью"><v><l id="259761" t="популярность"><g v="NOUN"></g><g v="inan"></g><g v="femn"></g><g v="sing"></g><g v="ablt"></g></l></v></tfr></token><token id="635159" text="в"><tfr rev_id="1467274" t="в"><v><l id="37409" t="в"><g v="PREP"></g></l></v></tfr></token><token id="635160" text="ближайшее"><tfr rev_id="4430846" t="ближайшее"><v><l id="30857" t="ближайший"><g v="ADJF"></g><g v="Supr"></g><g v="Qual"></g><g v="neut"></g><g v="sing"></g><g v="nomn"></g></l></v><v><l id="30857" t="ближайший"><g v="ADJF"></g><g v="Supr"></g><g v="Qual"></g><g v="neut"></g><g v="sing"></g><g v="accs"></g></l></v></tfr></token><token id="635161" text="время"><tfr rev_id="1467276" t="время"><v><l id="53149" t="время"><g v="NOUN"></g><g v="inan"></g><g v="neut"></g><g v="sing"></g><g v="nomn"></g></l></v><v><l id="53149" t="время"><g v="NOUN"></g><g v="inan"></g><g v="neut"></g><g v="sing"></g><g v="accs"></g></l></v></tfr></token><token id="635162" text=":"><tfr rev_id="1467277" t=":"><v><l id="0" t=":"><g v="PNCT"></g></l></v></tfr></token><token id="635163" text="пользователи"><tfr rev_id="1467278" t="пользователи"><v><l id="257079" t="пользователь"><g v="NOUN"></g><g v="anim"></g><g v="masc"></g><g v="plur"></g><g v="nomn"></g></l></v></tfr></token><token id="635164" text="будут"><tfr rev_id="1467279" t="будут"><v><l id="37265" t="есть"><g v="VERB"></g><g v="impf"></g><g v="intr"></g><g v="plur"></g><g v="3per"></g><g v="futr"></g><g v="indc"></g></l></v></tfr></token><token id="635165" text="опасаться"><tfr rev_id="1467280" t="опасаться"><v><l id="206839" t="опасаться"><g v="INFN"></g><g v="impf"></g><g v="intr"></g></l></v></tfr></token><token id="635166" text="слежки"><tfr rev_id="3444635" t="слежки"><v><l id="324777" t="слежка"><g v="NOUN"></g><g v="inan"></g><g v="femn"></g><g v="sing"></g><g v="gent"></g></l></v></tfr></token><token id="635167" text="за"><tfr rev_id="1467282" t="за"><v><l id="98043" t="за"><g v="PREP"></g></l></v></tfr></token><token id="635168" text="собой"><tfr rev_id="3636380" t="собой"><v><l id="317456" t="себя"><g v="NPRO"></g><g v="Anph"></g><g v="sing"></g><g v="ablt"></g></l></v></tfr></token><token id="635169" text="в"><tfr rev_id="1467284" t="в"><v><l id="37409" t="в"><g v="PREP"></g></l></v></tfr></token><token id="635170" text="интернете"><tfr rev_id="1467285" t="интернете"><v><l id="123255" t="интернет"><g v="NOUN"></g><g v="inan"></g><g v="masc"></g><g v="sing"></g><g v="loct"></g></l></v></tfr></token><token id="635171" text="."><tfr rev_id="1467286" t="."><v><l id="0" t="."><g v="PNCT"></g></l></v></tfr></token></tokens></sentence><sentence id="35540"><source>Подробнее о том, как сохранить приватность в Сети, читайте в статье Частного корреспондента «Веб-сёрфинг: техника безопасности»</source><tokens><token id="635172" text="Подробнее"><tfr rev_id="4496592" t="Подробнее"><v><l id="249806" t="подробнее"><g v="COMP"></g></l></v></tfr></token><token id="635173" text="о"><tfr rev_id="3325779" t="о"><v><l id="192977" t="о"><g v="PREP"></g></l></v></tfr></token><token id="635174" text="том"><tfr rev_id="4309527" t="том"><v><l id="348430" t="тот"><g v="ADJF"></g><g v="Subx"></g><g v="Apro"></g><g v="Anph"></g><g v="neut"></g><g v="sing"></g><g v="loct"></g></l></v></tfr></token><token id="635175" text=","><tfr rev_id="1467290" t=","><v><l id="0" t=","><g v="PNCT"></g></l></v></tfr></token><token id="635176" text="как"><tfr rev_id="1467291" t="как"><v><l id="128190" t="как"><g v="CONJ"></g></l></v><v><l id="128191" t="как"><g v="PRCL"></g></l></v><v><l id="128192" t="как"><g v="ADVB"></g><g v="Ques"></g></l></v></tfr></token><token id="635177" text="сохранить"><tfr rev_id="1467292" t="сохранить"><v><l id="330989" t="сохранить"><g v="INFN"></g><g v="perf"></g><g v="tran"></g></l></v></tfr></token><token id="635178" text="приватность"><tfr rev_id="3300379" t="приватность"><v><l id="269117" t="приватность"><g v="NOUN"></g><g v="inan"></g><g v="femn"></g><g v="sing"></g><g v="accs"></g></l></v></tfr></token><token id="635179" text="в"><tfr rev_id="1467294" t="в"><v><l id="37409" t="в"><g v="PREP"></g></l></v></tfr></token><token id="635180" text="Сети"><tfr rev_id="4392237" t="Сети"><v><l id="319643" t="сеть"><g v="NOUN"></g><g v="inan"></g><g v="femn"></g><g v="sing"></g><g v="loc1"></g></l></v><v><l id="319643" t="сеть"><g v="NOUN"></g><g v="inan"></g><g v="femn"></g><g v="sing"></g><g v="loc2"></g></l></v></tfr></token><token id="635181" text=","><tfr rev_id="1467296" t=","><v><l id="0" t=","><g v="PNCT"></g></l></v></tfr></token><token id="635182" text="читайте"><tfr rev_id="1467297" t="читайте"><v><l id="376719" t="читаю"><g v="VERB"></g><g v="impf"></g><g v="tran"></g><g v="plur"></g><g v="impr"></g><g v="excl"></g></l></v></tfr></token><token id="635183" text="в"><tfr rev_id="1467298" t="в"><v><l id="37409" t="в"><g v="PREP"></g></l></v></tfr></token><token id="635184" text="статье"><tfr rev_id="2737467" t="статье"><v><l id="335173" t="статья"><g v="NOUN"></g><g v="inan"></g><g v="femn"></g><g v="sing"></g><g v="loct"></g></l></v></tfr></token><token id="635185" text="Частного"><tfr rev_id="4309108" t="Частного"><v><l id="374795" t="частный"><g v="ADJF"></g><g v="Qual"></g><g v="masc"></g><g v="sing"></g><g v="gent"></g></l></v><v><l id="374795" t="частный"><g v="ADJF"></g><g v="Qual"></g><g v="anim"></g><g v="masc"></g><g v="sing"></g><g v="accs"></g></l></v></tfr></token><token id="635186" text="корреспондента"><tfr rev_id="4216829" t="корреспондента"><v><l id="140239" t="корреспондент"><g v="NOUN"></g><g v="anim"></g><g v="masc"></g><g v="sing"></g><g v="gent"></g></l></v></tfr></token><token id="635187" text="«"><tfr rev_id="2444899" t="«"><v><l id="0" t="«"><g v="PNCT"></g></l></v></tfr></token><token id="635188" text="Веб-сёрфинг"><tfr rev_id="4540454" t="Веб-сёрфинг"><v><l id="392613" t="веб-сёрфинг"><g v="NOUN"></g><g v="inan"></g><g v="masc"></g><g v="sing"></g><g v="accs"></g></l></v><v><l id="392613" t="веб-сёрфинг"><g v="NOUN"></g><g v="inan"></g><g v="masc"></g><g v="sing"></g><g v="nomn"></g></l></v></tfr></token><token id="635189" text=":"><tfr rev_id="1467304" t=":"><v><l id="0" t=":"><g v="PNCT"></g></l></v></tfr></token><token id="635190" text="техника"><tfr rev_id="3680107" t="техника"><v><l id="345936" t="техника"><g v="NOUN"></g><g v="inan"></g><g v="femn"></g><g v="sing"></g><g v="nomn"></g></l></v></tfr></token><token id="635191" text="безопасности"><tfr rev_id="4179881" t="безопасности"><v><l id="26215" t="безопасность"><g v="NOUN"></g><g v="inan"></g><g v="femn"></g><g v="sing"></g><g v="gent"></g></l></v></tfr></token><token id="635192" text="»"><tfr rev_id="2444900" t="»"><v><l id="0" t="»"><g v="PNCT"></g></l></v></tfr></token></tokens></sentence></paragraph></paragraphs></text>