<?xml version="1.0" encoding="utf-8"?><text id="1217" parent="226" name="Судьбу мэра решит президент"><tags><tag>url:http://www.chaskor.ru/news/sudbu_mera_reshit_prezident</tag><tag>Год:2010</tag><tag>Дата:15/09</tag><tag>Тема:ЧасКор:Общество</tag><tag>Тема:ЧасКор:Общество/Государство</tag></tags><paragraphs><paragraph id="11273"><sentence id="35541"><source>Судьбу мэра решит президент</source><tokens><token id="635193" text="Судьбу"><tfr rev_id="1467308" t="Судьбу"><v><l id="339107" t="судьба"><g v="NOUN"></g><g v="inan"></g><g v="femn"></g><g v="sing"></g><g v="accs"></g></l></v></tfr></token><token id="635194" text="мэра"><tfr rev_id="3689809" t="мэра"><v><l id="165997" t="мэр"><g v="NOUN"></g><g v="anim"></g><g v="masc"></g><g v="sing"></g><g v="gent"></g></l></v></tfr></token><token id="635195" text="решит"><tfr rev_id="1467310" t="решит"><v><l id="307396" t="решил"><g v="VERB"></g><g v="perf"></g><g v="tran"></g><g v="sing"></g><g v="3per"></g><g v="futr"></g><g v="indc"></g></l></v></tfr></token><token id="635196" text="президент"><tfr rev_id="1467311" t="президент"><v><l id="267449" t="президент"><g v="NOUN"></g><g v="anim"></g><g v="masc"></g><g v="sing"></g><g v="nomn"></g></l></v></tfr></token></tokens></sentence><sentence id="35542"><source>В СМИ появилась информация о том, что Кремль уже составил шорт-лист претендентов на пост тглавы российской столицы.</source><tokens><token id="635197" text="В"><tfr rev_id="1467312" t="В"><v><l id="37409" t="в"><g v="PREP"></g></l></v></tfr></token><token id="635198" text="СМИ"><tfr rev_id="4489539" t="СМИ"><v><l id="326341" t="сми"><g v="NOUN"></g><g v="inan"></g><g v="GNdr"></g><g v="Pltm"></g><g v="Fixd"></g><g v="Abbr"></g><g v="plur"></g><g v="loct"></g></l></v></tfr></token><token id="635199" text="появилась"><tfr rev_id="1467314" t="появилась"><v><l id="265507" t="появился"><g v="VERB"></g><g v="perf"></g><g v="intr"></g><g v="femn"></g><g v="sing"></g><g v="past"></g><g v="indc"></g></l></v></tfr></token><token id="635200" text="информация"><tfr rev_id="1467315" t="информация"><v><l id="123576" t="информация"><g v="NOUN"></g><g v="inan"></g><g v="femn"></g><g v="sing"></g><g v="nomn"></g></l></v></tfr></token><token id="635201" text="о"><tfr rev_id="3326731" t="о"><v><l id="192977" t="о"><g v="PREP"></g></l></v></tfr></token><token id="635202" text="том"><tfr rev_id="4309873" t="том"><v><l id="348430" t="тот"><g v="ADJF"></g><g v="Subx"></g><g v="Apro"></g><g v="Anph"></g><g v="neut"></g><g v="sing"></g><g v="loct"></g></l></v></tfr></token><token id="635203" text=","><tfr rev_id="1467318" t=","><v><l id="0" t=","><g v="PNCT"></g></l></v></tfr></token><token id="635204" text="что"><tfr rev_id="3197109" t="что"><v><l id="377004" t="что"><g v="CONJ"></g></l></v><v><l id="377005" t="что"><g v="NPRO"></g><g v="neut"></g><g v="sing"></g><g v="nomn"></g></l></v><v><l id="377005" t="что"><g v="NPRO"></g><g v="neut"></g><g v="sing"></g><g v="accs"></g></l></v><v><l id="377006" t="что"><g v="ADVB"></g><g v="Ques"></g></l></v><v><l id="388695" t="что"><g v="PRCL"></g></l></v></tfr></token><token id="635205" text="Кремль"><tfr rev_id="4212228" t="Кремль"><v><l id="142282" t="кремль"><g v="NOUN"></g><g v="inan"></g><g v="masc"></g><g v="sing"></g><g v="nomn"></g></l></v></tfr></token><token id="635206" text="уже"><tfr rev_id="2692798" t="уже"><v><l id="355422" t="уж"><g v="NOUN"></g><g v="anim"></g><g v="masc"></g><g v="sing"></g><g v="loct"></g></l></v><v><l id="355498" t="уже"><g v="ADVB"></g></l></v><v><l id="355674" t="уже"><g v="COMP"></g><g v="Qual"></g></l></v><v><l id="388673" t="уже"><g v="PRCL"></g></l></v></tfr></token><token id="635207" text="составил"><tfr rev_id="1467322" t="составил"><v><l id="330483" t="составил"><g v="VERB"></g><g v="perf"></g><g v="tran"></g><g v="masc"></g><g v="sing"></g><g v="past"></g><g v="indc"></g></l></v></tfr></token><token id="635208" text="шорт-лист"><tfr rev_id="4385929" t="шорт-лист"><v><l id="390288" t="шорт-лист"><g v="NOUN"></g><g v="inan"></g><g v="masc"></g><g v="sing"></g><g v="accs"></g></l></v></tfr></token><token id="635209" text="претендентов"><tfr rev_id="2369375" t="претендентов"><v><l id="268410" t="претендент"><g v="NOUN"></g><g v="anim"></g><g v="masc"></g><g v="plur"></g><g v="gent"></g></l></v></tfr></token><token id="635210" text="на"><tfr rev_id="3344630" t="на"><v><l id="166264" t="на"><g v="PREP"></g></l></v></tfr></token><token id="635211" text="пост"><tfr rev_id="4094164" t="пост"><v><l id="262073" t="пост"><g v="NOUN"></g><g v="inan"></g><g v="masc"></g><g v="sing"></g><g v="accs"></g></l></v></tfr></token><token id="635212" text="тглавы"><tfr rev_id="1467327" t="тглавы"><v><l id="0" t="тглавы"><g v="UNKN"></g></l></v></tfr></token><token id="635213" text="российской"><tfr rev_id="3558829" t="российской"><v><l id="309319" t="российский"><g v="ADJF"></g><g v="femn"></g><g v="sing"></g><g v="gent"></g></l></v></tfr></token><token id="635214" text="столицы"><tfr rev_id="3435869" t="столицы"><v><l id="336588" t="столица"><g v="NOUN"></g><g v="inan"></g><g v="femn"></g><g v="sing"></g><g v="gent"></g></l></v></tfr></token><token id="635215" text="."><tfr rev_id="1467330" t="."><v><l id="0" t="."><g v="PNCT"></g></l></v></tfr></token></tokens></sentence></paragraph><paragraph id="11274"><sentence id="35543"><source>Как заявил высокопоставленный источник в администрации Кремля в среду, 15 сентября, вопрос о продолжении исполнения полномочий мэром Москвы находится в компетенции президента РФ и не может решаться Лужковым.</source><tokens><token id="635216" text="Как"><tfr rev_id="1467331" t="Как"><v><l id="128190" t="как"><g v="CONJ"></g></l></v><v><l id="128191" t="как"><g v="PRCL"></g></l></v><v><l id="128192" t="как"><g v="ADVB"></g><g v="Ques"></g></l></v></tfr></token><token id="635217" text="заявил"><tfr rev_id="1467332" t="заявил"><v><l id="114300" t="заявил"><g v="VERB"></g><g v="perf"></g><g v="tran"></g><g v="masc"></g><g v="sing"></g><g v="past"></g><g v="indc"></g></l></v></tfr></token><token id="635218" text="высокопоставленный"><tfr rev_id="4360781" t="высокопоставленный"><v><l id="62325" t="высокопоставленный"><g v="ADJF"></g><g v="masc"></g><g v="sing"></g><g v="nomn"></g></l></v></tfr></token><token id="635219" text="источник"><tfr rev_id="4105779" t="источник"><v><l id="126464" t="источник"><g v="NOUN"></g><g v="inan"></g><g v="masc"></g><g v="sing"></g><g v="nomn"></g></l></v></tfr></token><token id="635220" text="в"><tfr rev_id="1467335" t="в"><v><l id="37409" t="в"><g v="PREP"></g></l></v></tfr></token><token id="635221" text="администрации"><tfr rev_id="4343795" t="администрации"><v><l id="5057" t="администрация"><g v="NOUN"></g><g v="inan"></g><g v="femn"></g><g v="sing"></g><g v="loct"></g></l></v></tfr></token><token id="635222" text="Кремля"><tfr rev_id="1467337" t="Кремля"><v><l id="142282" t="кремль"><g v="NOUN"></g><g v="inan"></g><g v="masc"></g><g v="sing"></g><g v="gent"></g></l></v></tfr></token><token id="635223" text="в"><tfr rev_id="1467338" t="в"><v><l id="37409" t="в"><g v="PREP"></g></l></v></tfr></token><token id="635224" text="среду"><tfr rev_id="1467339" t="среду"><v><l id="333471" t="среда"><g v="NOUN"></g><g v="inan"></g><g v="femn"></g><g v="sing"></g><g v="accs"></g></l></v></tfr></token><token id="635225" text=","><tfr rev_id="1467340" t=","><v><l id="0" t=","><g v="PNCT"></g></l></v></tfr></token><token id="635226" text="15"><tfr rev_id="2462060" t="15"><v><l id="0" t="15"><g v="NUMB"></g></l></v></tfr></token><token id="635227" text="сентября"><tfr rev_id="1467342" t="сентября"><v><l id="318866" t="сентябрь"><g v="NOUN"></g><g v="inan"></g><g v="masc"></g><g v="sing"></g><g v="gent"></g></l></v></tfr></token><token id="635228" text=","><tfr rev_id="1467343" t=","><v><l id="0" t=","><g v="PNCT"></g></l></v></tfr></token><token id="635229" text="вопрос"><tfr rev_id="1467344" t="вопрос"><v><l id="50830" t="вопрос"><g v="NOUN"></g><g v="inan"></g><g v="masc"></g><g v="sing"></g><g v="nomn"></g></l></v><v><l id="50830" t="вопрос"><g v="NOUN"></g><g v="inan"></g><g v="masc"></g><g v="sing"></g><g v="accs"></g></l></v></tfr></token><token id="635230" text="о"><tfr rev_id="3328883" t="о"><v><l id="192977" t="о"><g v="PREP"></g></l></v></tfr></token><token id="635231" text="продолжении"><tfr rev_id="1467346" t="продолжении"><v><l id="279227" t="продолжение"><g v="NOUN"></g><g v="inan"></g><g v="neut"></g><g v="sing"></g><g v="loct"></g></l></v></tfr></token><token id="635232" text="исполнения"><tfr rev_id="3448406" t="исполнения"><v><l id="125355" t="исполнение"><g v="NOUN"></g><g v="inan"></g><g v="neut"></g><g v="sing"></g><g v="gent"></g></l></v></tfr></token><token id="635233" text="полномочий"><tfr rev_id="1467348" t="полномочий"><v><l id="256121" t="полномочие"><g v="NOUN"></g><g v="inan"></g><g v="neut"></g><g v="plur"></g><g v="gent"></g></l></v></tfr></token><token id="635234" text="мэром"><tfr rev_id="1467349" t="мэром"><v><l id="165997" t="мэр"><g v="NOUN"></g><g v="anim"></g><g v="masc"></g><g v="sing"></g><g v="ablt"></g></l></v></tfr></token><token id="635235" text="Москвы"><tfr rev_id="1467350" t="Москвы"><v><l id="163901" t="москва"><g v="NOUN"></g><g v="inan"></g><g v="femn"></g><g v="Sgtm"></g><g v="Geox"></g><g v="sing"></g><g v="gent"></g></l></v></tfr></token><token id="635236" text="находится"><tfr rev_id="1467351" t="находится"><v><l id="177898" t="нахожусь"><g v="VERB"></g><g v="impf"></g><g v="intr"></g><g v="sing"></g><g v="3per"></g><g v="pres"></g><g v="indc"></g></l></v><v><l id="177903" t="находился"><g v="VERB"></g><g v="perf"></g><g v="intr"></g><g v="sing"></g><g v="3per"></g><g v="futr"></g><g v="indc"></g></l></v></tfr></token><token id="635237" text="в"><tfr rev_id="1467352" t="в"><v><l id="37409" t="в"><g v="PREP"></g></l></v></tfr></token><token id="635238" text="компетенции"><tfr rev_id="4177178" t="компетенции"><v><l id="137218" t="компетенция"><g v="NOUN"></g><g v="inan"></g><g v="femn"></g><g v="sing"></g><g v="loct"></g></l></v></tfr></token><token id="635239" text="президента"><tfr rev_id="4461138" t="президента"><v><l id="267449" t="президент"><g v="NOUN"></g><g v="anim"></g><g v="masc"></g><g v="sing"></g><g v="gent"></g></l></v></tfr></token><token id="635240" text="РФ"><tfr rev_id="3657480" t="РФ"><v><l id="310486" t="рф"><g v="NOUN"></g><g v="inan"></g><g v="femn"></g><g v="Sgtm"></g><g v="Fixd"></g><g v="Abbr"></g><g v="Geox"></g><g v="sing"></g><g v="gent"></g></l></v></tfr></token><token id="635241" text="и"><tfr rev_id="3558519" t="и"><v><l id="116949" t="и"><g v="CONJ"></g></l></v></tfr></token><token id="635242" text="не"><tfr rev_id="1467357" t="не"><v><l id="178876" t="не"><g v="PRCL"></g></l></v></tfr></token><token id="635243" text="может"><tfr rev_id="3797207" t="может"><v><l id="164485" t="могу"><g v="VERB"></g><g v="impf"></g><g v="intr"></g><g v="sing"></g><g v="3per"></g><g v="pres"></g><g v="indc"></g></l></v></tfr></token><token id="635244" text="решаться"><tfr rev_id="1467359" t="решаться"><v><l id="307343" t="решаться"><g v="INFN"></g><g v="impf"></g><g v="intr"></g></l></v></tfr></token><token id="635245" text="Лужковым"><tfr rev_id="2606204" t="Лужковым"><v><l id="151327" t="лужков"><g v="NOUN"></g><g v="anim"></g><g v="masc"></g><g v="Sgtm"></g><g v="Surn"></g><g v="sing"></g><g v="ablt"></g></l></v></tfr></token><token id="635246" text="."><tfr rev_id="1467361" t="."><v><l id="0" t="."><g v="PNCT"></g></l></v></tfr></token></tokens></sentence><sentence id="35544"><source>Заявление прозвучало в ответ на слова столичного градоначальника о том, что из-за критики в СМИ в отставку он не уйдёт, сообщает РИА «Новости».</source><tokens><token id="635247" text="Заявление"><tfr rev_id="3544075" t="Заявление"><v><l id="114311" t="заявление"><g v="NOUN"></g><g v="inan"></g><g v="neut"></g><g v="sing"></g><g v="nomn"></g></l></v></tfr></token><token id="635248" text="прозвучало"><tfr rev_id="1467363" t="прозвучало"><v><l id="279914" t="прозвучал"><g v="VERB"></g><g v="perf"></g><g v="intr"></g><g v="neut"></g><g v="sing"></g><g v="past"></g><g v="indc"></g></l></v></tfr></token><token id="635249" text="в"><tfr rev_id="1467364" t="в"><v><l id="37409" t="в"><g v="PREP"></g></l></v></tfr></token><token id="635250" text="ответ"><tfr rev_id="1467365" t="ответ"><v><l id="212408" t="ответ"><g v="NOUN"></g><g v="inan"></g><g v="masc"></g><g v="sing"></g><g v="nomn"></g></l></v><v><l id="212408" t="ответ"><g v="NOUN"></g><g v="inan"></g><g v="masc"></g><g v="sing"></g><g v="accs"></g></l></v></tfr></token><token id="635251" text="на"><tfr rev_id="3342406" t="на"><v><l id="166264" t="на"><g v="PREP"></g></l></v></tfr></token><token id="635252" text="слова"><tfr rev_id="3801859" t="слова"><v><l id="325168" t="слово"><g v="NOUN"></g><g v="inan"></g><g v="neut"></g><g v="plur"></g><g v="accs"></g></l></v></tfr></token><token id="635253" text="столичного"><tfr rev_id="4415329" t="столичного"><v><l id="336589" t="столичный"><g v="ADJF"></g><g v="Qual"></g><g v="masc"></g><g v="sing"></g><g v="gent"></g></l></v></tfr></token><token id="635254" text="градоначальника"><tfr rev_id="4397313" t="градоначальника"><v><l id="74487" t="градоначальник"><g v="NOUN"></g><g v="anim"></g><g v="masc"></g><g v="sing"></g><g v="gent"></g></l></v></tfr></token><token id="635255" text="о"><tfr rev_id="3327028" t="о"><v><l id="192977" t="о"><g v="PREP"></g></l></v></tfr></token><token id="635256" text="том"><tfr rev_id="4395594" t="том"><v><l id="348430" t="тот"><g v="ADJF"></g><g v="Subx"></g><g v="Apro"></g><g v="Anph"></g><g v="neut"></g><g v="sing"></g><g v="loct"></g></l></v></tfr></token><token id="635257" text=","><tfr rev_id="1467372" t=","><v><l id="0" t=","><g v="PNCT"></g></l></v></tfr></token><token id="635258" text="что"><tfr rev_id="3197110" t="что"><v><l id="377004" t="что"><g v="CONJ"></g></l></v><v><l id="377005" t="что"><g v="NPRO"></g><g v="neut"></g><g v="sing"></g><g v="nomn"></g></l></v><v><l id="377005" t="что"><g v="NPRO"></g><g v="neut"></g><g v="sing"></g><g v="accs"></g></l></v><v><l id="377006" t="что"><g v="ADVB"></g><g v="Ques"></g></l></v><v><l id="388695" t="что"><g v="PRCL"></g></l></v></tfr></token><token id="635259" text="из-за"><tfr rev_id="1467374" t="из-за"><v><l id="117678" t="из-за"><g v="PREP"></g></l></v></tfr></token><token id="635260" text="критики"><tfr rev_id="3483870" t="критики"><v><l id="142954" t="критика"><g v="NOUN"></g><g v="inan"></g><g v="femn"></g><g v="sing"></g><g v="gent"></g></l></v></tfr></token><token id="635261" text="в"><tfr rev_id="1467376" t="в"><v><l id="37409" t="в"><g v="PREP"></g></l></v></tfr></token><token id="635262" text="СМИ"><tfr rev_id="4489540" t="СМИ"><v><l id="326341" t="сми"><g v="NOUN"></g><g v="inan"></g><g v="GNdr"></g><g v="Pltm"></g><g v="Fixd"></g><g v="Abbr"></g><g v="plur"></g><g v="loct"></g></l></v></tfr></token><token id="635263" text="в"><tfr rev_id="1467378" t="в"><v><l id="37409" t="в"><g v="PREP"></g></l></v></tfr></token><token id="635264" text="отставку"><tfr rev_id="1467379" t="отставку"><v><l id="218332" t="отставка"><g v="NOUN"></g><g v="inan"></g><g v="femn"></g><g v="sing"></g><g v="accs"></g></l></v></tfr></token><token id="635265" text="он"><tfr rev_id="3575669" t="он"><v><l id="206541" t="он"><g v="NPRO"></g><g v="masc"></g><g v="3per"></g><g v="Anph"></g><g v="sing"></g><g v="nomn"></g></l></v></tfr></token><token id="635266" text="не"><tfr rev_id="1467381" t="не"><v><l id="178876" t="не"><g v="PRCL"></g></l></v></tfr></token><token id="635267" text="уйдёт"><tfr rev_id="1467382" t="уйдёт"><v><l id="355910" t="ушёл"><g v="VERB"></g><g v="perf"></g><g v="intr"></g><g v="sing"></g><g v="3per"></g><g v="futr"></g><g v="indc"></g></l></v></tfr></token><token id="635268" text=","><tfr rev_id="1467383" t=","><v><l id="0" t=","><g v="PNCT"></g></l></v></tfr></token><token id="635269" text="сообщает"><tfr rev_id="1467384" t="сообщает"><v><l id="329538" t="сообщаю"><g v="VERB"></g><g v="impf"></g><g v="tran"></g><g v="sing"></g><g v="3per"></g><g v="pres"></g><g v="indc"></g></l></v></tfr></token><token id="635270" text="РИА"><tfr rev_id="4138926" t="РИА"><v><l id="307554" t="риа"><g v="NOUN"></g><g v="inan"></g><g v="neut"></g><g v="Sgtm"></g><g v="Fixd"></g><g v="Abbr"></g><g v="Orgn"></g><g v="sing"></g><g v="nomn"></g></l></v></tfr></token><token id="635271" text="«"><tfr rev_id="2444901" t="«"><v><l id="0" t="«"><g v="PNCT"></g></l></v></tfr></token><token id="635272" text="Новости"><tfr rev_id="3757674" t="Новости"><v><l id="191855" t="новость"><g v="NOUN"></g><g v="inan"></g><g v="femn"></g><g v="plur"></g><g v="nomn"></g></l></v></tfr></token><token id="635273" text="»"><tfr rev_id="2444902" t="»"><v><l id="0" t="»"><g v="PNCT"></g></l></v></tfr></token><token id="635274" text="."><tfr rev_id="1467389" t="."><v><l id="0" t="."><g v="PNCT"></g></l></v></tfr></token></tokens></sentence><sentence id="35545"><source>Между тем, «Ведомости» сегодня написали о том, что Кремль и правительство уже согласовали кандидатуру преемника Юрия Лужков.</source><tokens><token id="635275" text="Между"><tfr rev_id="1467390" t="Между"><v><l id="157306" t="между"><g v="PREP"></g></l></v></tfr></token><token id="635276" text="тем"><tfr rev_id="4538207" t="тем"><v><l id="348430" t="тот"><g v="ADJF"></g><g v="Subx"></g><g v="Apro"></g><g v="Anph"></g><g v="masc"></g><g v="sing"></g><g v="ablt"></g></l></v><v><l id="348430" t="тот"><g v="ADJF"></g><g v="Subx"></g><g v="Apro"></g><g v="Anph"></g><g v="neut"></g><g v="sing"></g><g v="ablt"></g></l></v></tfr></token><token id="635277" text=","><tfr rev_id="1467392" t=","><v><l id="0" t=","><g v="PNCT"></g></l></v></tfr></token><token id="635278" text="«"><tfr rev_id="2444903" t="«"><v><l id="0" t="«"><g v="PNCT"></g></l></v></tfr></token><token id="635279" text="Ведомости"><tfr rev_id="3813182" t="Ведомости"><v><l id="40348" t="ведомость"><g v="NOUN"></g><g v="inan"></g><g v="femn"></g><g v="plur"></g><g v="nomn"></g></l></v></tfr></token><token id="635280" text="»"><tfr rev_id="2444904" t="»"><v><l id="0" t="»"><g v="PNCT"></g></l></v></tfr></token><token id="635281" text="сегодня"><tfr rev_id="1467396" t="сегодня"><v><l id="317730" t="сегодня"><g v="ADVB"></g></l></v></tfr></token><token id="635282" text="написали"><tfr rev_id="1467397" t="написали"><v><l id="173434" t="написал"><g v="VERB"></g><g v="perf"></g><g v="tran"></g><g v="plur"></g><g v="past"></g><g v="indc"></g></l></v></tfr></token><token id="635283" text="о"><tfr rev_id="3417424" t="о"><v><l id="192977" t="о"><g v="PREP"></g></l></v></tfr></token><token id="635284" text="том"><tfr rev_id="4374000" t="том"><v><l id="348430" t="тот"><g v="ADJF"></g><g v="Subx"></g><g v="Apro"></g><g v="Anph"></g><g v="neut"></g><g v="sing"></g><g v="loct"></g></l></v></tfr></token><token id="635285" text=","><tfr rev_id="1467400" t=","><v><l id="0" t=","><g v="PNCT"></g></l></v></tfr></token><token id="635286" text="что"><tfr rev_id="3197111" t="что"><v><l id="377004" t="что"><g v="CONJ"></g></l></v><v><l id="377005" t="что"><g v="NPRO"></g><g v="neut"></g><g v="sing"></g><g v="nomn"></g></l></v><v><l id="377005" t="что"><g v="NPRO"></g><g v="neut"></g><g v="sing"></g><g v="accs"></g></l></v><v><l id="377006" t="что"><g v="ADVB"></g><g v="Ques"></g></l></v><v><l id="388695" t="что"><g v="PRCL"></g></l></v></tfr></token><token id="635287" text="Кремль"><tfr rev_id="4098844" t="Кремль"><v><l id="142282" t="кремль"><g v="NOUN"></g><g v="inan"></g><g v="masc"></g><g v="sing"></g><g v="nomn"></g></l></v></tfr></token><token id="635288" text="и"><tfr rev_id="1467403" t="и"><v><l id="116949" t="и"><g v="CONJ"></g></l></v><v><l id="116950" t="и"><g v="INTJ"></g></l></v></tfr></token><token id="635289" text="правительство"><tfr rev_id="3473940" t="правительство"><v><l id="265638" t="правительство"><g v="NOUN"></g><g v="inan"></g><g v="neut"></g><g v="sing"></g><g v="nomn"></g></l></v></tfr></token><token id="635290" text="уже"><tfr rev_id="2692799" t="уже"><v><l id="355422" t="уж"><g v="NOUN"></g><g v="anim"></g><g v="masc"></g><g v="sing"></g><g v="loct"></g></l></v><v><l id="355498" t="уже"><g v="ADVB"></g></l></v><v><l id="355674" t="уже"><g v="COMP"></g><g v="Qual"></g></l></v><v><l id="388673" t="уже"><g v="PRCL"></g></l></v></tfr></token><token id="635291" text="согласовали"><tfr rev_id="1467406" t="согласовали"><v><l id="328263" t="согласовал"><g v="VERB"></g><g v="perf"></g><g v="tran"></g><g v="plur"></g><g v="past"></g><g v="indc"></g></l></v></tfr></token><token id="635292" text="кандидатуру"><tfr rev_id="3806326" t="кандидатуру"><v><l id="129329" t="кандидатура"><g v="NOUN"></g><g v="inan"></g><g v="femn"></g><g v="sing"></g><g v="accs"></g></l></v></tfr></token><token id="635293" text="преемника"><tfr rev_id="4216457" t="преемника"><v><l id="267392" t="преемник"><g v="NOUN"></g><g v="anim"></g><g v="masc"></g><g v="sing"></g><g v="gent"></g></l></v></tfr></token><token id="635294" text="Юрия"><tfr rev_id="3542782" t="Юрия"><v><l id="387110" t="юрий"><g v="NOUN"></g><g v="anim"></g><g v="masc"></g><g v="Name"></g><g v="sing"></g><g v="gent"></g></l></v></tfr></token><token id="635295" text="Лужков"><tfr rev_id="1467410" t="Лужков"><v><l id="151327" t="лужков"><g v="NOUN"></g><g v="anim"></g><g v="masc"></g><g v="Sgtm"></g><g v="Surn"></g><g v="sing"></g><g v="nomn"></g></l></v><v><l id="151331" t="лужок"><g v="NOUN"></g><g v="inan"></g><g v="masc"></g><g v="plur"></g><g v="gent"></g></l></v></tfr></token><token id="635296" text="."><tfr rev_id="1467411" t="."><v><l id="0" t="."><g v="PNCT"></g></l></v></tfr></token></tokens></sentence><sentence id="35546"><source>В списке якобы четыре претендента: вице-премьеры Сергей Собянин и Сергей Иванов, министр Сергей Шойгу и бывший калининградский губернатор Георгий Боос.</source><tokens><token id="635297" text="В"><tfr rev_id="1467412" t="В"><v><l id="37409" t="в"><g v="PREP"></g></l></v></tfr></token><token id="635298" text="списке"><tfr rev_id="1467413" t="списке"><v><l id="332279" t="список"><g v="NOUN"></g><g v="inan"></g><g v="masc"></g><g v="sing"></g><g v="loct"></g></l></v></tfr></token><token id="635299" text="якобы"><tfr rev_id="4470128" t="якобы"><v><l id="387706" t="якобы"><g v="CONJ"></g></l></v><v><l id="387707" t="якобы"><g v="PRCL"></g></l></v></tfr></token><token id="635300" text="четыре"><tfr rev_id="1467415" t="четыре"><v><l id="376181" t="четыре"><g v="NUMR"></g><g v="nomn"></g></l></v><v><l id="376181" t="четыре"><g v="NUMR"></g><g v="inan"></g><g v="accs"></g></l></v></tfr></token><token id="635301" text="претендента"><tfr rev_id="4215485" t="претендента"><v><l id="268410" t="претендент"><g v="NOUN"></g><g v="anim"></g><g v="masc"></g><g v="sing"></g><g v="gent"></g></l></v></tfr></token><token id="635302" text=":"><tfr rev_id="1467417" t=":"><v><l id="0" t=":"><g v="PNCT"></g></l></v></tfr></token><token id="635303" text="вице-премьеры"><tfr rev_id="1467418" t="вице-премьеры"><v><l id="45909" t="вице-премьер"><g v="NOUN"></g><g v="anim"></g><g v="masc"></g><g v="plur"></g><g v="nomn"></g></l></v></tfr></token><token id="635304" text="Сергей"><tfr rev_id="1467419" t="Сергей"><v><l id="319056" t="сергей"><g v="NOUN"></g><g v="anim"></g><g v="masc"></g><g v="Name"></g><g v="sing"></g><g v="nomn"></g></l></v></tfr></token><token id="635305" text="Собянин"><tfr rev_id="1467420" t="Собянин"><v><l id="327857" t="собянин"><g v="NOUN"></g><g v="anim"></g><g v="masc"></g><g v="Sgtm"></g><g v="Surn"></g><g v="sing"></g><g v="nomn"></g></l></v></tfr></token><token id="635306" text="и"><tfr rev_id="1467421" t="и"><v><l id="116949" t="и"><g v="CONJ"></g></l></v><v><l id="116950" t="и"><g v="INTJ"></g></l></v></tfr></token><token id="635307" text="Сергей"><tfr rev_id="1467422" t="Сергей"><v><l id="319056" t="сергей"><g v="NOUN"></g><g v="anim"></g><g v="masc"></g><g v="Name"></g><g v="sing"></g><g v="nomn"></g></l></v></tfr></token><token id="635308" text="Иванов"><tfr rev_id="4195965" t="Иванов"><v><l id="117045" t="иванов"><g v="NOUN"></g><g v="anim"></g><g v="masc"></g><g v="Sgtm"></g><g v="Surn"></g><g v="sing"></g><g v="nomn"></g></l></v></tfr></token><token id="635309" text=","><tfr rev_id="1467424" t=","><v><l id="0" t=","><g v="PNCT"></g></l></v></tfr></token><token id="635310" text="министр"><tfr rev_id="1467425" t="министр"><v><l id="160614" t="министр"><g v="NOUN"></g><g v="anim"></g><g v="masc"></g><g v="sing"></g><g v="nomn"></g></l></v></tfr></token><token id="635311" text="Сергей"><tfr rev_id="1467426" t="Сергей"><v><l id="319056" t="сергей"><g v="NOUN"></g><g v="anim"></g><g v="masc"></g><g v="Name"></g><g v="sing"></g><g v="nomn"></g></l></v></tfr></token><token id="635312" text="Шойгу"><tfr rev_id="4326812" t="Шойгу"><v><l id="380703" t="шойгу"><g v="NOUN"></g><g v="anim"></g><g v="ms-f"></g><g v="Fixd"></g><g v="Surn"></g><g v="sing"></g><g v="nomn"></g></l></v></tfr></token><token id="635313" text="и"><tfr rev_id="4104379" t="и"><v><l id="116949" t="и"><g v="CONJ"></g></l></v></tfr></token><token id="635314" text="бывший"><tfr rev_id="1467429" t="бывший"><v><l id="37002" t="бывший"><g v="ADJF"></g><g v="masc"></g><g v="sing"></g><g v="nomn"></g></l></v><v><l id="37002" t="бывший"><g v="ADJF"></g><g v="inan"></g><g v="masc"></g><g v="sing"></g><g v="accs"></g></l></v><v><l id="37267" t="бывший"><g v="PRTF"></g><g v="impf"></g><g v="intr"></g><g v="past"></g><g v="actv"></g><g v="masc"></g><g v="sing"></g><g v="nomn"></g></l></v><v><l id="37267" t="бывший"><g v="PRTF"></g><g v="impf"></g><g v="intr"></g><g v="past"></g><g v="actv"></g><g v="inan"></g><g v="masc"></g><g v="sing"></g><g v="accs"></g></l></v></tfr></token><token id="635315" text="калининградский"><tfr rev_id="1467430" t="калининградский"><v><l id="128514" t="калининградский"><g v="ADJF"></g><g v="masc"></g><g v="sing"></g><g v="nomn"></g></l></v><v><l id="128514" t="калининградский"><g v="ADJF"></g><g v="inan"></g><g v="masc"></g><g v="sing"></g><g v="accs"></g></l></v></tfr></token><token id="635316" text="губернатор"><tfr rev_id="1467431" t="губернатор"><v><l id="76396" t="губернатор"><g v="NOUN"></g><g v="anim"></g><g v="masc"></g><g v="sing"></g><g v="nomn"></g></l></v></tfr></token><token id="635317" text="Георгий"><tfr rev_id="3446224" t="Георгий"><v><l id="68797" t="георгий"><g v="NOUN"></g><g v="anim"></g><g v="masc"></g><g v="Name"></g><g v="sing"></g><g v="nomn"></g></l></v></tfr></token><token id="635318" text="Боос"><tfr rev_id="1467433" t="Боос"><v><l id="0" t="боос"><g v="UNKN"></g></l></v></tfr></token><token id="635319" text="."><tfr rev_id="1467434" t="."><v><l id="0" t="."><g v="PNCT"></g></l></v></tfr></token></tokens></sentence><sentence id="35547"><source>Днём ранее московское отделение «Единой России» единогласно приняло заявление, в котором говорится: «Лужков был и остаётся единственным лидером городской партийной организации, с которым московские единороссы подтверждают готовность участвовать в выборах и побеждать».</source><tokens><token id="635320" text="Днём"><tfr rev_id="4278227" t="Днём"><v><l id="81427" t="день"><g v="NOUN"></g><g v="inan"></g><g v="masc"></g><g v="sing"></g><g v="ablt"></g></l></v></tfr></token><token id="635321" text="ранее"><tfr rev_id="1467436" t="ранее"><v><l id="297884" t="ранее"><g v="ADVB"></g></l></v></tfr></token><token id="635322" text="московское"><tfr rev_id="1467437" t="московское"><v><l id="163933" t="московский"><g v="ADJF"></g><g v="neut"></g><g v="sing"></g><g v="nomn"></g></l></v><v><l id="163933" t="московский"><g v="ADJF"></g><g v="neut"></g><g v="sing"></g><g v="accs"></g></l></v></tfr></token><token id="635323" text="отделение"><tfr rev_id="3662054" t="отделение"><v><l id="213368" t="отделение"><g v="NOUN"></g><g v="inan"></g><g v="neut"></g><g v="sing"></g><g v="nomn"></g></l></v></tfr></token><token id="635324" text="«"><tfr rev_id="2444905" t="«"><v><l id="0" t="«"><g v="PNCT"></g></l></v></tfr></token><token id="635325" text="Единой"><tfr rev_id="4170231" t="Единой"><v><l id="94410" t="единый"><g v="ADJF"></g><g v="Qual"></g><g v="femn"></g><g v="sing"></g><g v="gent"></g></l></v></tfr></token><token id="635326" text="России"><tfr rev_id="2627639" t="России"><v><l id="309322" t="россия"><g v="NOUN"></g><g v="inan"></g><g v="femn"></g><g v="Sgtm"></g><g v="Geox"></g><g v="sing"></g><g v="gent"></g></l></v></tfr></token><token id="635327" text="»"><tfr rev_id="2444906" t="»"><v><l id="0" t="»"><g v="PNCT"></g></l></v></tfr></token><token id="635328" text="единогласно"><tfr rev_id="1467443" t="единогласно"><v><l id="94344" t="единогласно"><g v="ADVB"></g></l></v><v><l id="94346" t="единогласен"><g v="ADJS"></g><g v="neut"></g><g v="sing"></g></l></v></tfr></token><token id="635329" text="приняло"><tfr rev_id="1467444" t="приняло"><v><l id="272700" t="принял"><g v="VERB"></g><g v="perf"></g><g v="tran"></g><g v="neut"></g><g v="sing"></g><g v="past"></g><g v="indc"></g></l></v></tfr></token><token id="635330" text="заявление"><tfr rev_id="3301260" t="заявление"><v><l id="114311" t="заявление"><g v="NOUN"></g><g v="inan"></g><g v="neut"></g><g v="sing"></g><g v="accs"></g></l></v></tfr></token><token id="635331" text=","><tfr rev_id="1467446" t=","><v><l id="0" t=","><g v="PNCT"></g></l></v></tfr></token><token id="635332" text="в"><tfr rev_id="1467447" t="в"><v><l id="37409" t="в"><g v="PREP"></g></l></v></tfr></token><token id="635333" text="котором"><tfr rev_id="3741542" t="котором"><v><l id="141203" t="который"><g v="ADJF"></g><g v="Apro"></g><g v="Subx"></g><g v="Anph"></g><g v="neut"></g><g v="sing"></g><g v="loct"></g></l></v></tfr></token><token id="635334" text="говорится"><tfr rev_id="1467449" t="говорится"><v><l id="72062" t="говорюсь"><g v="VERB"></g><g v="impf"></g><g v="intr"></g><g v="sing"></g><g v="3per"></g><g v="pres"></g><g v="indc"></g></l></v></tfr></token><token id="635335" text=":"><tfr rev_id="1467450" t=":"><v><l id="0" t=":"><g v="PNCT"></g></l></v></tfr></token><token id="635336" text="«"><tfr rev_id="2444907" t="«"><v><l id="0" t="«"><g v="PNCT"></g></l></v></tfr></token><token id="635337" text="Лужков"><tfr rev_id="3443661" t="Лужков"><v><l id="151327" t="лужков"><g v="NOUN"></g><g v="anim"></g><g v="masc"></g><g v="Sgtm"></g><g v="Surn"></g><g v="sing"></g><g v="nomn"></g></l></v></tfr></token><token id="635338" text="был"><tfr rev_id="1467453" t="был"><v><l id="37265" t="есть"><g v="VERB"></g><g v="impf"></g><g v="intr"></g><g v="masc"></g><g v="sing"></g><g v="past"></g><g v="indc"></g></l></v></tfr></token><token id="635339" text="и"><tfr rev_id="1467454" t="и"><v><l id="116949" t="и"><g v="CONJ"></g></l></v><v><l id="116950" t="и"><g v="INTJ"></g></l></v></tfr></token><token id="635340" text="остаётся"><tfr rev_id="1467455" t="остаётся"><v><l id="210812" t="остаюсь"><g v="VERB"></g><g v="impf"></g><g v="intr"></g><g v="sing"></g><g v="3per"></g><g v="pres"></g><g v="indc"></g></l></v></tfr></token><token id="635341" text="единственным"><tfr rev_id="4376726" t="единственным"><v><l id="94404" t="единственный"><g v="ADJF"></g><g v="masc"></g><g v="sing"></g><g v="ablt"></g></l></v></tfr></token><token id="635342" text="лидером"><tfr rev_id="1467457" t="лидером"><v><l id="149007" t="лидер"><g v="NOUN"></g><g v="anim"></g><g v="masc"></g><g v="sing"></g><g v="ablt"></g></l></v></tfr></token><token id="635343" text="городской"><tfr rev_id="4463974" t="городской"><v><l id="73611" t="городской"><g v="ADJF"></g><g v="femn"></g><g v="sing"></g><g v="gent"></g></l></v></tfr></token><token id="635344" text="партийной"><tfr rev_id="3556912" t="партийной"><v><l id="224416" t="партийный"><g v="ADJF"></g><g v="Subx"></g><g v="Qual"></g><g v="femn"></g><g v="sing"></g><g v="gent"></g></l></v></tfr></token><token id="635345" text="организации"><tfr rev_id="4343796" t="организации"><v><l id="208750" t="организация"><g v="NOUN"></g><g v="inan"></g><g v="femn"></g><g v="sing"></g><g v="gent"></g></l></v></tfr></token><token id="635346" text=","><tfr rev_id="1467461" t=","><v><l id="0" t=","><g v="PNCT"></g></l></v></tfr></token><token id="635347" text="с"><tfr rev_id="1467462" t="с"><v><l id="311151" t="с"><g v="PREP"></g></l></v></tfr></token><token id="635348" text="которым"><tfr rev_id="4414168" t="которым"><v><l id="141203" t="который"><g v="ADJF"></g><g v="Apro"></g><g v="Subx"></g><g v="Anph"></g><g v="masc"></g><g v="sing"></g><g v="ablt"></g></l></v></tfr></token><token id="635349" text="московские"><tfr rev_id="2780650" t="московские"><v><l id="163933" t="московский"><g v="ADJF"></g><g v="plur"></g><g v="nomn"></g></l></v><v><l id="163933" t="московский"><g v="ADJF"></g><g v="inan"></g><g v="plur"></g><g v="accs"></g></l></v></tfr></token><token id="635350" text="единороссы"><tfr rev_id="3418802" t="единороссы"><v><l id="388788" t="единоросс"><g v="NOUN"></g><g v="anim"></g><g v="masc"></g><g v="plur"></g><g v="nomn"></g></l></v></tfr></token><token id="635351" text="подтверждают"><tfr rev_id="1467466" t="подтверждают"><v><l id="251447" t="подтверждаю"><g v="VERB"></g><g v="impf"></g><g v="tran"></g><g v="plur"></g><g v="3per"></g><g v="pres"></g><g v="indc"></g></l></v><v><l id="251454" t="подтверждаю"><g v="VERB"></g><g v="impf"></g><g v="intr"></g><g v="plur"></g><g v="3per"></g><g v="pres"></g><g v="indc"></g></l></v></tfr></token><token id="635352" text="готовность"><tfr rev_id="4106893" t="готовность"><v><l id="74219" t="готовность"><g v="NOUN"></g><g v="inan"></g><g v="femn"></g><g v="sing"></g><g v="accs"></g></l></v></tfr></token><token id="635353" text="участвовать"><tfr rev_id="1467468" t="участвовать"><v><l id="363128" t="участвовать"><g v="INFN"></g><g v="impf"></g><g v="intr"></g></l></v></tfr></token><token id="635354" text="в"><tfr rev_id="1467469" t="в"><v><l id="37409" t="в"><g v="PREP"></g></l></v></tfr></token><token id="635355" text="выборах"><tfr rev_id="1467470" t="выборах"><v><l id="55719" t="выбор"><g v="NOUN"></g><g v="inan"></g><g v="masc"></g><g v="plur"></g><g v="loct"></g></l></v><v><l id="55749" t="выборы"><g v="NOUN"></g><g v="inan"></g><g v="GNdr"></g><g v="Pltm"></g><g v="plur"></g><g v="loct"></g></l></v></tfr></token><token id="635356" text="и"><tfr rev_id="3488630" t="и"><v><l id="116949" t="и"><g v="CONJ"></g></l></v></tfr></token><token id="635357" text="побеждать"><tfr rev_id="1467472" t="побеждать"><v><l id="241522" t="побеждать"><g v="INFN"></g><g v="impf"></g><g v="tran"></g></l></v></tfr></token><token id="635358" text="»"><tfr rev_id="2444908" t="»"><v><l id="0" t="»"><g v="PNCT"></g></l></v></tfr></token><token id="635359" text="."><tfr rev_id="1467474" t="."><v><l id="0" t="."><g v="PNCT"></g></l></v></tfr></token></tokens></sentence><sentence id="35548"><source>Напомним, на прошедшей неделе сразу несколько российских телеканалов показали разоблачительные сюжеты о деятельности мэра Москвы Юрия Лужкова и его жены Елены Батуриной.</source><tokens><token id="635360" text="Напомним"><tfr rev_id="1467475" t="Напомним"><v><l id="173892" t="напомнил"><g v="VERB"></g><g v="perf"></g><g v="tran"></g><g v="plur"></g><g v="1per"></g><g v="futr"></g><g v="indc"></g></l></v><v><l id="173892" t="напомнил"><g v="VERB"></g><g v="perf"></g><g v="tran"></g><g v="sing"></g><g v="impr"></g><g v="incl"></g></l></v></tfr></token><token id="635361" text=","><tfr rev_id="1467476" t=","><v><l id="0" t=","><g v="PNCT"></g></l></v></tfr></token><token id="635362" text="на"><tfr rev_id="3344394" t="на"><v><l id="166264" t="на"><g v="PREP"></g></l></v></tfr></token><token id="635363" text="прошедшей"><tfr rev_id="4331696" t="прошедшей"><v><l id="280312" t="прошедший"><g v="PRTF"></g><g v="perf"></g><g v="tran"></g><g v="past"></g><g v="actv"></g><g v="femn"></g><g v="sing"></g><g v="gent"></g></l></v><v><l id="280312" t="прошедший"><g v="PRTF"></g><g v="perf"></g><g v="tran"></g><g v="past"></g><g v="actv"></g><g v="femn"></g><g v="sing"></g><g v="datv"></g></l></v><v><l id="280312" t="прошедший"><g v="PRTF"></g><g v="perf"></g><g v="tran"></g><g v="past"></g><g v="actv"></g><g v="femn"></g><g v="sing"></g><g v="ablt"></g></l></v><v><l id="280312" t="прошедший"><g v="PRTF"></g><g v="perf"></g><g v="tran"></g><g v="past"></g><g v="actv"></g><g v="femn"></g><g v="sing"></g><g v="loct"></g></l></v><v><l id="287612" t="прошедший"><g v="ADJF"></g><g v="femn"></g><g v="sing"></g><g v="gent"></g></l></v><v><l id="287612" t="прошедший"><g v="ADJF"></g><g v="femn"></g><g v="sing"></g><g v="datv"></g></l></v><v><l id="287612" t="прошедший"><g v="ADJF"></g><g v="femn"></g><g v="sing"></g><g v="ablt"></g></l></v><v><l id="287612" t="прошедший"><g v="ADJF"></g><g v="femn"></g><g v="sing"></g><g v="loct"></g></l></v></tfr></token><token id="635364" text="неделе"><tfr rev_id="3500254" t="неделе"><v><l id="180718" t="неделя"><g v="NOUN"></g><g v="inan"></g><g v="femn"></g><g v="sing"></g><g v="loct"></g></l></v></tfr></token><token id="635365" text="сразу"><tfr rev_id="1467480" t="сразу"><v><l id="333375" t="сразу"><g v="ADVB"></g></l></v></tfr></token><token id="635366" text="несколько"><tfr rev_id="4176631" t="несколько"><v><l id="188126" t="несколько"><g v="NUMR"></g><g v="nomn"></g></l></v><v><l id="188126" t="несколько"><g v="NUMR"></g><g v="inan"></g><g v="accs"></g></l></v></tfr></token><token id="635367" text="российских"><tfr rev_id="3671085" t="российских"><v><l id="309319" t="российский"><g v="ADJF"></g><g v="plur"></g><g v="gent"></g></l></v></tfr></token><token id="635368" text="телеканалов"><tfr rev_id="1467483" t="телеканалов"><v><l id="344167" t="телеканал"><g v="NOUN"></g><g v="inan"></g><g v="masc"></g><g v="plur"></g><g v="gent"></g></l></v></tfr></token><token id="635369" text="показали"><tfr rev_id="1467484" t="показали"><v><l id="253982" t="показал"><g v="VERB"></g><g v="perf"></g><g v="tran"></g><g v="plur"></g><g v="past"></g><g v="indc"></g></l></v></tfr></token><token id="635370" text="разоблачительные"><tfr rev_id="3860134" t="разоблачительные"><v><l id="296080" t="разоблачительный"><g v="ADJF"></g><g v="inan"></g><g v="plur"></g><g v="accs"></g></l></v></tfr></token><token id="635371" text="сюжеты"><tfr rev_id="3749049" t="сюжеты"><v><l id="341892" t="сюжет"><g v="NOUN"></g><g v="inan"></g><g v="masc"></g><g v="plur"></g><g v="accs"></g></l></v></tfr></token><token id="635372" text="о"><tfr rev_id="3282062" t="о"><v><l id="192977" t="о"><g v="PREP"></g></l></v></tfr></token><token id="635373" text="деятельности"><tfr rev_id="4179843" t="деятельности"><v><l id="82512" t="деятельность"><g v="NOUN"></g><g v="inan"></g><g v="femn"></g><g v="sing"></g><g v="loct"></g></l></v></tfr></token><token id="635374" text="мэра"><tfr rev_id="4386150" t="мэра"><v><l id="165997" t="мэр"><g v="NOUN"></g><g v="anim"></g><g v="masc"></g><g v="sing"></g><g v="gent"></g></l></v></tfr></token><token id="635375" text="Москвы"><tfr rev_id="1467490" t="Москвы"><v><l id="163901" t="москва"><g v="NOUN"></g><g v="inan"></g><g v="femn"></g><g v="Sgtm"></g><g v="Geox"></g><g v="sing"></g><g v="gent"></g></l></v></tfr></token><token id="635376" text="Юрия"><tfr rev_id="4216564" t="Юрия"><v><l id="387110" t="юрий"><g v="NOUN"></g><g v="anim"></g><g v="masc"></g><g v="Name"></g><g v="sing"></g><g v="gent"></g></l></v></tfr></token><token id="635377" text="Лужкова"><tfr rev_id="4083361" t="Лужкова"><v><l id="151327" t="лужков"><g v="NOUN"></g><g v="anim"></g><g v="masc"></g><g v="Sgtm"></g><g v="Surn"></g><g v="sing"></g><g v="gent"></g></l></v><v><l id="151327" t="лужков"><g v="NOUN"></g><g v="anim"></g><g v="masc"></g><g v="Sgtm"></g><g v="Surn"></g><g v="sing"></g><g v="accs"></g></l></v></tfr></token><token id="635378" text="и"><tfr rev_id="3693057" t="и"><v><l id="116949" t="и"><g v="CONJ"></g></l></v></tfr></token><token id="635379" text="его"><tfr rev_id="4498480" t="его"><v><l id="94208" t="его"><g v="ADJF"></g><g v="Fixd"></g><g v="Apro"></g><g v="Anph"></g><g v="masc"></g><g v="sing"></g><g v="nomn"></g></l></v><v><l id="94208" t="его"><g v="ADJF"></g><g v="Fixd"></g><g v="Apro"></g><g v="Anph"></g><g v="masc"></g><g v="sing"></g><g v="gent"></g></l></v><v><l id="94208" t="его"><g v="ADJF"></g><g v="Fixd"></g><g v="Apro"></g><g v="Anph"></g><g v="masc"></g><g v="sing"></g><g v="datv"></g></l></v><v><l id="94208" t="его"><g v="ADJF"></g><g v="Fixd"></g><g v="Apro"></g><g v="Anph"></g><g v="masc"></g><g v="sing"></g><g v="accs"></g></l></v><v><l id="94208" t="его"><g v="ADJF"></g><g v="Fixd"></g><g v="Apro"></g><g v="Anph"></g><g v="masc"></g><g v="sing"></g><g v="ablt"></g></l></v><v><l id="94208" t="его"><g v="ADJF"></g><g v="Fixd"></g><g v="Apro"></g><g v="Anph"></g><g v="masc"></g><g v="sing"></g><g v="loct"></g></l></v><v><l id="94208" t="его"><g v="ADJF"></g><g v="Fixd"></g><g v="Apro"></g><g v="Anph"></g><g v="femn"></g><g v="sing"></g><g v="nomn"></g></l></v><v><l id="94208" t="его"><g v="ADJF"></g><g v="Fixd"></g><g v="Apro"></g><g v="Anph"></g><g v="femn"></g><g v="sing"></g><g v="gent"></g></l></v><v><l id="94208" t="его"><g v="ADJF"></g><g v="Fixd"></g><g v="Apro"></g><g v="Anph"></g><g v="femn"></g><g v="sing"></g><g v="datv"></g></l></v><v><l id="94208" t="его"><g v="ADJF"></g><g v="Fixd"></g><g v="Apro"></g><g v="Anph"></g><g v="femn"></g><g v="sing"></g><g v="accs"></g></l></v><v><l id="94208" t="его"><g v="ADJF"></g><g v="Fixd"></g><g v="Apro"></g><g v="Anph"></g><g v="femn"></g><g v="sing"></g><g v="ablt"></g></l></v><v><l id="94208" t="его"><g v="ADJF"></g><g v="Fixd"></g><g v="Apro"></g><g v="Anph"></g><g v="femn"></g><g v="sing"></g><g v="loct"></g></l></v><v><l id="94208" t="его"><g v="ADJF"></g><g v="Fixd"></g><g v="Apro"></g><g v="Anph"></g><g v="neut"></g><g v="sing"></g><g v="nomn"></g></l></v><v><l id="94208" t="его"><g v="ADJF"></g><g v="Fixd"></g><g v="Apro"></g><g v="Anph"></g><g v="neut"></g><g v="sing"></g><g v="gent"></g></l></v><v><l id="94208" t="его"><g v="ADJF"></g><g v="Fixd"></g><g v="Apro"></g><g v="Anph"></g><g v="neut"></g><g v="sing"></g><g v="datv"></g></l></v><v><l id="94208" t="его"><g v="ADJF"></g><g v="Fixd"></g><g v="Apro"></g><g v="Anph"></g><g v="neut"></g><g v="sing"></g><g v="accs"></g></l></v><v><l id="94208" t="его"><g v="ADJF"></g><g v="Fixd"></g><g v="Apro"></g><g v="Anph"></g><g v="neut"></g><g v="sing"></g><g v="ablt"></g></l></v><v><l id="94208" t="его"><g v="ADJF"></g><g v="Fixd"></g><g v="Apro"></g><g v="Anph"></g><g v="neut"></g><g v="sing"></g><g v="loct"></g></l></v></tfr></token><token id="635380" text="жены"><tfr rev_id="3452502" t="жены"><v><l id="96662" t="жена"><g v="NOUN"></g><g v="anim"></g><g v="femn"></g><g v="sing"></g><g v="gent"></g></l></v></tfr></token><token id="635381" text="Елены"><tfr rev_id="3500723" t="Елены"><v><l id="94629" t="елена"><g v="NOUN"></g><g v="anim"></g><g v="femn"></g><g v="Name"></g><g v="sing"></g><g v="gent"></g></l></v></tfr></token><token id="635382" text="Батуриной"><tfr rev_id="4321814" t="Батуриной"><v><l id="24626" t="батурина"><g v="NOUN"></g><g v="anim"></g><g v="femn"></g><g v="Sgtm"></g><g v="Surn"></g><g v="sing"></g><g v="gent"></g></l></v></tfr></token><token id="635383" text="."><tfr rev_id="1467498" t="."><v><l id="0" t="."><g v="PNCT"></g></l></v></tfr></token></tokens></sentence><sentence id="35549"><source>Сначала на телеканале НТВ вышла программа «Дело в кепке».</source><tokens><token id="635384" text="Сначала"><tfr rev_id="1467499" t="Сначала"><v><l id="327200" t="сначала"><g v="ADVB"></g></l></v></tfr></token><token id="635385" text="на"><tfr rev_id="3340569" t="на"><v><l id="166264" t="на"><g v="PREP"></g></l></v></tfr></token><token id="635386" text="телеканале"><tfr rev_id="1467501" t="телеканале"><v><l id="344167" t="телеканал"><g v="NOUN"></g><g v="inan"></g><g v="masc"></g><g v="sing"></g><g v="loct"></g></l></v></tfr></token><token id="635387" text="НТВ"><tfr rev_id="4489379" t="НТВ"><v><l id="192522" t="нтв"><g v="NOUN"></g><g v="inan"></g><g v="neut"></g><g v="Sgtm"></g><g v="Fixd"></g><g v="Abbr"></g><g v="Orgn"></g><g v="sing"></g><g v="nomn"></g></l></v></tfr></token><token id="635388" text="вышла"><tfr rev_id="1467503" t="вышла"><v><l id="57749" t="вышел"><g v="VERB"></g><g v="perf"></g><g v="intr"></g><g v="femn"></g><g v="sing"></g><g v="past"></g><g v="indc"></g></l></v></tfr></token><token id="635389" text="программа"><tfr rev_id="1467504" t="программа"><v><l id="278686" t="программа"><g v="NOUN"></g><g v="inan"></g><g v="femn"></g><g v="sing"></g><g v="nomn"></g></l></v></tfr></token><token id="635390" text="«"><tfr rev_id="2444909" t="«"><v><l id="0" t="«"><g v="PNCT"></g></l></v></tfr></token><token id="635391" text="Дело"><tfr rev_id="1715734" t="Дело"><v><l id="80628" t="дело"><g v="NOUN"></g><g v="inan"></g><g v="neut"></g><g v="sing"></g><g v="nomn"></g></l></v><v><l id="80628" t="дело"><g v="NOUN"></g><g v="inan"></g><g v="neut"></g><g v="sing"></g><g v="accs"></g></l></v></tfr></token><token id="635392" text="в"><tfr rev_id="1467507" t="в"><v><l id="37409" t="в"><g v="PREP"></g></l></v></tfr></token><token id="635393" text="кепке"><tfr rev_id="2737666" t="кепке"><v><l id="132463" t="кепка"><g v="NOUN"></g><g v="inan"></g><g v="femn"></g><g v="sing"></g><g v="loct"></g></l></v></tfr></token><token id="635394" text="»"><tfr rev_id="2444910" t="»"><v><l id="0" t="»"><g v="PNCT"></g></l></v></tfr></token><token id="635395" text="."><tfr rev_id="1467510" t="."><v><l id="0" t="."><g v="PNCT"></g></l></v></tfr></token></tokens></sentence><sentence id="35550"><source>Затем на канале «Россия-24» вышел фильм о том, как пострадало архитектурное наследие Москвы.</source><tokens><token id="635396" text="Затем"><tfr rev_id="1467511" t="Затем"><v><l id="111250" t="затем"><g v="ADVB"></g><g v="Dmns"></g></l></v></tfr></token><token id="635397" text="на"><tfr rev_id="3340863" t="на"><v><l id="166264" t="на"><g v="PREP"></g></l></v></tfr></token><token id="635398" text="канале"><tfr rev_id="1467513" t="канале"><v><l id="129205" t="канал"><g v="NOUN"></g><g v="inan"></g><g v="masc"></g><g v="sing"></g><g v="loct"></g></l></v></tfr></token><token id="635399" text="«"><tfr rev_id="2444911" t="«"><v><l id="0" t="«"><g v="PNCT"></g></l></v></tfr></token><token id="635400" text="Россия-24"><tfr rev_id="1467515" t="Россия-24"><v><l id="0" t="Россия-24"><g v="UNKN"></g></l></v></tfr></token><token id="635401" text="»"><tfr rev_id="2444912" t="»"><v><l id="0" t="»"><g v="PNCT"></g></l></v></tfr></token><token id="635402" text="вышел"><tfr rev_id="1467517" t="вышел"><v><l id="57749" t="вышел"><g v="VERB"></g><g v="perf"></g><g v="intr"></g><g v="masc"></g><g v="sing"></g><g v="past"></g><g v="indc"></g></l></v></tfr></token><token id="635403" text="фильм"><tfr rev_id="1467518" t="фильм"><v><l id="366005" t="фильм"><g v="NOUN"></g><g v="inan"></g><g v="masc"></g><g v="sing"></g><g v="nomn"></g></l></v><v><l id="366005" t="фильм"><g v="NOUN"></g><g v="inan"></g><g v="masc"></g><g v="sing"></g><g v="accs"></g></l></v></tfr></token><token id="635404" text="о"><tfr rev_id="3281969" t="о"><v><l id="192977" t="о"><g v="PREP"></g></l></v></tfr></token><token id="635405" text="том"><tfr rev_id="4412188" t="том"><v><l id="348430" t="тот"><g v="ADJF"></g><g v="Subx"></g><g v="Apro"></g><g v="Anph"></g><g v="neut"></g><g v="sing"></g><g v="loct"></g></l></v></tfr></token><token id="635406" text=","><tfr rev_id="1467521" t=","><v><l id="0" t=","><g v="PNCT"></g></l></v></tfr></token><token id="635407" text="как"><tfr rev_id="1467522" t="как"><v><l id="128190" t="как"><g v="CONJ"></g></l></v><v><l id="128191" t="как"><g v="PRCL"></g></l></v><v><l id="128192" t="как"><g v="ADVB"></g><g v="Ques"></g></l></v></tfr></token><token id="635408" text="пострадало"><tfr rev_id="1467523" t="пострадало"><v><l id="262435" t="пострадал"><g v="VERB"></g><g v="perf"></g><g v="intr"></g><g v="neut"></g><g v="sing"></g><g v="past"></g><g v="indc"></g></l></v></tfr></token><token id="635409" text="архитектурное"><tfr rev_id="1467524" t="архитектурное"><v><l id="17855" t="архитектурный"><g v="ADJF"></g><g v="neut"></g><g v="sing"></g><g v="nomn"></g></l></v><v><l id="17855" t="архитектурный"><g v="ADJF"></g><g v="neut"></g><g v="sing"></g><g v="accs"></g></l></v></tfr></token><token id="635410" text="наследие"><tfr rev_id="3300503" t="наследие"><v><l id="175537" t="наследие"><g v="NOUN"></g><g v="inan"></g><g v="neut"></g><g v="sing"></g><g v="nomn"></g></l></v></tfr></token><token id="635411" text="Москвы"><tfr rev_id="1467526" t="Москвы"><v><l id="163901" t="москва"><g v="NOUN"></g><g v="inan"></g><g v="femn"></g><g v="Sgtm"></g><g v="Geox"></g><g v="sing"></g><g v="gent"></g></l></v></tfr></token><token id="635412" text="."><tfr rev_id="1467527" t="."><v><l id="0" t="."><g v="PNCT"></g></l></v></tfr></token></tokens></sentence><sentence id="35551"><source>Ещё один сюжет с критикой столичного мэра был показан на канале «Россия-1» в итоговой программе «Вести недели».</source><tokens><token id="635413" text="Ещё"><tfr rev_id="1467528" t="Ещё"><v><l id="95551" t="ещё"><g v="PRCL"></g></l></v><v><l id="95552" t="ещё"><g v="ADVB"></g></l></v></tfr></token><token id="635414" text="один"><tfr rev_id="4299669" t="один"><v><l id="203319" t="один"><g v="ADJF"></g><g v="Apro"></g><g v="Anum"></g><g v="masc"></g><g v="sing"></g><g v="nomn"></g></l></v><v><l id="203319" t="один"><g v="ADJF"></g><g v="Apro"></g><g v="Anum"></g><g v="inan"></g><g v="masc"></g><g v="sing"></g><g v="accs"></g></l></v></tfr></token><token id="635415" text="сюжет"><tfr rev_id="3282303" t="сюжет"><v><l id="341892" t="сюжет"><g v="NOUN"></g><g v="inan"></g><g v="masc"></g><g v="sing"></g><g v="nomn"></g></l></v></tfr></token><token id="635416" text="с"><tfr rev_id="1467531" t="с"><v><l id="311151" t="с"><g v="PREP"></g></l></v></tfr></token><token id="635417" text="критикой"><tfr rev_id="1467532" t="критикой"><v><l id="142954" t="критика"><g v="NOUN"></g><g v="inan"></g><g v="femn"></g><g v="sing"></g><g v="ablt"></g></l></v></tfr></token><token id="635418" text="столичного"><tfr rev_id="4167608" t="столичного"><v><l id="336589" t="столичный"><g v="ADJF"></g><g v="Qual"></g><g v="masc"></g><g v="sing"></g><g v="gent"></g></l></v><v><l id="336589" t="столичный"><g v="ADJF"></g><g v="Qual"></g><g v="anim"></g><g v="masc"></g><g v="sing"></g><g v="accs"></g></l></v></tfr></token><token id="635419" text="мэра"><tfr rev_id="4389576" t="мэра"><v><l id="165997" t="мэр"><g v="NOUN"></g><g v="anim"></g><g v="masc"></g><g v="sing"></g><g v="gent"></g></l></v></tfr></token><token id="635420" text="был"><tfr rev_id="1467535" t="был"><v><l id="37265" t="есть"><g v="VERB"></g><g v="impf"></g><g v="intr"></g><g v="masc"></g><g v="sing"></g><g v="past"></g><g v="indc"></g></l></v></tfr></token><token id="635421" text="показан"><tfr rev_id="1467536" t="показан"><v><l id="253986" t="показан"><g v="PRTS"></g><g v="perf"></g><g v="past"></g><g v="pssv"></g><g v="masc"></g><g v="sing"></g></l></v></tfr></token><token id="635422" text="на"><tfr rev_id="3339163" t="на"><v><l id="166264" t="на"><g v="PREP"></g></l></v></tfr></token><token id="635423" text="канале"><tfr rev_id="1467538" t="канале"><v><l id="129205" t="канал"><g v="NOUN"></g><g v="inan"></g><g v="masc"></g><g v="sing"></g><g v="loct"></g></l></v></tfr></token><token id="635424" text="«"><tfr rev_id="2444913" t="«"><v><l id="0" t="«"><g v="PNCT"></g></l></v></tfr></token><token id="635425" text="Россия-1"><tfr rev_id="1467540" t="Россия-1"><v><l id="0" t="Россия-1"><g v="UNKN"></g></l></v></tfr></token><token id="635426" text="»"><tfr rev_id="2444914" t="»"><v><l id="0" t="»"><g v="PNCT"></g></l></v></tfr></token><token id="635427" text="в"><tfr rev_id="1467542" t="в"><v><l id="37409" t="в"><g v="PREP"></g></l></v></tfr></token><token id="635428" text="итоговой"><tfr rev_id="4159696" t="итоговой"><v><l id="127143" t="итоговый"><g v="ADJF"></g><g v="femn"></g><g v="sing"></g><g v="loct"></g></l></v></tfr></token><token id="635429" text="программе"><tfr rev_id="3447770" t="программе"><v><l id="278686" t="программа"><g v="NOUN"></g><g v="inan"></g><g v="femn"></g><g v="sing"></g><g v="loct"></g></l></v></tfr></token><token id="635430" text="«"><tfr rev_id="2444915" t="«"><v><l id="0" t="«"><g v="PNCT"></g></l></v></tfr></token><token id="635431" text="Вести"><tfr rev_id="3802555" t="Вести"><v><l id="42154" t="весть"><g v="NOUN"></g><g v="inan"></g><g v="femn"></g><g v="plur"></g><g v="nomn"></g></l></v></tfr></token><token id="635432" text="недели"><tfr rev_id="3446614" t="недели"><v><l id="180718" t="неделя"><g v="NOUN"></g><g v="inan"></g><g v="femn"></g><g v="sing"></g><g v="gent"></g></l></v></tfr></token><token id="635433" text="»"><tfr rev_id="2444916" t="»"><v><l id="0" t="»"><g v="PNCT"></g></l></v></tfr></token><token id="635434" text="."><tfr rev_id="1467549" t="."><v><l id="0" t="."><g v="PNCT"></g></l></v></tfr></token></tokens></sentence><sentence id="35552"><source>В довершение Первый канал в итоговой программе «Время» пустил в эфир большой сюжет о московских пробках.</source><tokens><token id="635435" text="В"><tfr rev_id="1467550" t="В"><v><l id="37409" t="в"><g v="PREP"></g></l></v></tfr></token><token id="635436" text="довершение"><tfr rev_id="4096279" t="довершение"><v><l id="85782" t="довершение"><g v="NOUN"></g><g v="inan"></g><g v="neut"></g><g v="sing"></g><g v="accs"></g></l></v></tfr></token><token id="635437" text="Первый"><tfr rev_id="1467552" t="Первый"><v><l id="226359" t="первый"><g v="ADJF"></g><g v="Anum"></g><g v="masc"></g><g v="sing"></g><g v="nomn"></g></l></v><v><l id="226359" t="первый"><g v="ADJF"></g><g v="Anum"></g><g v="inan"></g><g v="masc"></g><g v="sing"></g><g v="accs"></g></l></v></tfr></token><token id="635438" text="канал"><tfr rev_id="3677120" t="канал"><v><l id="129205" t="канал"><g v="NOUN"></g><g v="inan"></g><g v="masc"></g><g v="sing"></g><g v="nomn"></g></l></v></tfr></token><token id="635439" text="в"><tfr rev_id="1467554" t="в"><v><l id="37409" t="в"><g v="PREP"></g></l></v></tfr></token><token id="635440" text="итоговой"><tfr rev_id="3862116" t="итоговой"><v><l id="127143" t="итоговый"><g v="ADJF"></g><g v="femn"></g><g v="sing"></g><g v="loct"></g></l></v></tfr></token><token id="635441" text="программе"><tfr rev_id="2605730" t="программе"><v><l id="278686" t="программа"><g v="NOUN"></g><g v="inan"></g><g v="femn"></g><g v="sing"></g><g v="loct"></g></l></v></tfr></token><token id="635442" text="«"><tfr rev_id="2444917" t="«"><v><l id="0" t="«"><g v="PNCT"></g></l></v></tfr></token><token id="635443" text="Время"><tfr rev_id="1467558" t="Время"><v><l id="53149" t="время"><g v="NOUN"></g><g v="inan"></g><g v="neut"></g><g v="sing"></g><g v="nomn"></g></l></v><v><l id="53149" t="время"><g v="NOUN"></g><g v="inan"></g><g v="neut"></g><g v="sing"></g><g v="accs"></g></l></v></tfr></token><token id="635444" text="»"><tfr rev_id="2444918" t="»"><v><l id="0" t="»"><g v="PNCT"></g></l></v></tfr></token><token id="635445" text="пустил"><tfr rev_id="1467560" t="пустил"><v><l id="289356" t="пустил"><g v="VERB"></g><g v="perf"></g><g v="tran"></g><g v="masc"></g><g v="sing"></g><g v="past"></g><g v="indc"></g></l></v></tfr></token><token id="635446" text="в"><tfr rev_id="1467561" t="в"><v><l id="37409" t="в"><g v="PREP"></g></l></v></tfr></token><token id="635447" text="эфир"><tfr rev_id="3552333" t="эфир"><v><l id="386632" t="эфир"><g v="NOUN"></g><g v="inan"></g><g v="masc"></g><g v="sing"></g><g v="accs"></g></l></v></tfr></token><token id="635448" text="большой"><tfr rev_id="2635582" t="большой"><v><l id="32445" t="большой"><g v="ADJF"></g><g v="Qual"></g><g v="masc"></g><g v="sing"></g><g v="nomn"></g></l></v><v><l id="32445" t="большой"><g v="ADJF"></g><g v="Qual"></g><g v="inan"></g><g v="masc"></g><g v="sing"></g><g v="accs"></g></l></v></tfr></token><token id="635449" text="сюжет"><tfr rev_id="4212167" t="сюжет"><v><l id="341892" t="сюжет"><g v="NOUN"></g><g v="inan"></g><g v="masc"></g><g v="sing"></g><g v="accs"></g></l></v></tfr></token><token id="635450" text="о"><tfr rev_id="3327961" t="о"><v><l id="192977" t="о"><g v="PREP"></g></l></v></tfr></token><token id="635451" text="московских"><tfr rev_id="4347178" t="московских"><v><l id="163933" t="московский"><g v="ADJF"></g><g v="plur"></g><g v="loct"></g></l></v></tfr></token><token id="635452" text="пробках"><tfr rev_id="1467567" t="пробках"><v><l id="277246" t="пробка"><g v="NOUN"></g><g v="inan"></g><g v="femn"></g><g v="plur"></g><g v="loct"></g></l></v></tfr></token><token id="635453" text="."><tfr rev_id="1467568" t="."><v><l id="0" t="."><g v="PNCT"></g></l></v></tfr></token></tokens></sentence><sentence id="35553"><source>В ответ мэр Москвы дал интервью телеканалу РЕН-ТВ (одному из немногих каналов, который не принимал участия в атаке на Лужкова).</source><tokens><token id="635454" text="В"><tfr rev_id="1467569" t="В"><v><l id="37409" t="в"><g v="PREP"></g></l></v></tfr></token><token id="635455" text="ответ"><tfr rev_id="3555793" t="ответ"><v><l id="212408" t="ответ"><g v="NOUN"></g><g v="inan"></g><g v="masc"></g><g v="sing"></g><g v="accs"></g></l></v></tfr></token><token id="635456" text="мэр"><tfr rev_id="1467571" t="мэр"><v><l id="165997" t="мэр"><g v="NOUN"></g><g v="anim"></g><g v="masc"></g><g v="sing"></g><g v="nomn"></g></l></v></tfr></token><token id="635457" text="Москвы"><tfr rev_id="1467572" t="Москвы"><v><l id="163901" t="москва"><g v="NOUN"></g><g v="inan"></g><g v="femn"></g><g v="Sgtm"></g><g v="Geox"></g><g v="sing"></g><g v="gent"></g></l></v></tfr></token><token id="635458" text="дал"><tfr rev_id="1467573" t="дал"><v><l id="78546" t="дал"><g v="VERB"></g><g v="perf"></g><g v="tran"></g><g v="masc"></g><g v="sing"></g><g v="past"></g><g v="indc"></g></l></v></tfr></token><token id="635459" text="интервью"><tfr rev_id="4396157" t="интервью"><v><l id="123140" t="интервью"><g v="NOUN"></g><g v="inan"></g><g v="neut"></g><g v="Fixd"></g><g v="sing"></g><g v="accs"></g></l></v></tfr></token><token id="635460" text="телеканалу"><tfr rev_id="1467575" t="телеканалу"><v><l id="344167" t="телеканал"><g v="NOUN"></g><g v="inan"></g><g v="masc"></g><g v="sing"></g><g v="datv"></g></l></v></tfr></token><token id="635461" text="РЕН-ТВ"><tfr rev_id="4543170" t="РЕН-ТВ"><v><l id="393388" t="рен-тв"><g v="NOUN"></g><g v="inan"></g><g v="masc"></g><g v="Sgtm"></g><g v="Fixd"></g><g v="Orgn"></g><g v="sing"></g><g v="ablt"></g></l></v><v><l id="393388" t="рен-тв"><g v="NOUN"></g><g v="inan"></g><g v="masc"></g><g v="Sgtm"></g><g v="Fixd"></g><g v="Orgn"></g><g v="sing"></g><g v="accs"></g></l></v><v><l id="393388" t="рен-тв"><g v="NOUN"></g><g v="inan"></g><g v="masc"></g><g v="Sgtm"></g><g v="Fixd"></g><g v="Orgn"></g><g v="sing"></g><g v="datv"></g></l></v><v><l id="393388" t="рен-тв"><g v="NOUN"></g><g v="inan"></g><g v="masc"></g><g v="Sgtm"></g><g v="Fixd"></g><g v="Orgn"></g><g v="sing"></g><g v="gent"></g></l></v><v><l id="393388" t="рен-тв"><g v="NOUN"></g><g v="inan"></g><g v="masc"></g><g v="Sgtm"></g><g v="Fixd"></g><g v="Orgn"></g><g v="sing"></g><g v="loct"></g></l></v><v><l id="393388" t="рен-тв"><g v="NOUN"></g><g v="inan"></g><g v="masc"></g><g v="Sgtm"></g><g v="Fixd"></g><g v="Orgn"></g><g v="sing"></g><g v="nomn"></g></l></v></tfr></token><token id="635462" text="("><tfr rev_id="1467577" t="("><v><l id="0" t="("><g v="PNCT"></g></l></v></tfr></token><token id="635463" text="одному"><tfr rev_id="4301014" t="одному"><v><l id="203319" t="один"><g v="ADJF"></g><g v="Apro"></g><g v="Anum"></g><g v="masc"></g><g v="sing"></g><g v="datv"></g></l></v></tfr></token><token id="635464" text="из"><tfr rev_id="1718114" t="из"><v><l id="117677" t="из"><g v="PREP"></g></l></v></tfr></token><token id="635465" text="немногих"><tfr rev_id="3282195" t="немногих"><v><l id="184139" t="немногий"><g v="ADJF"></g><g v="Apro"></g><g v="plur"></g><g v="gent"></g></l></v><v><l id="184139" t="немногий"><g v="ADJF"></g><g v="Apro"></g><g v="anim"></g><g v="plur"></g><g v="accs"></g></l></v><v><l id="184139" t="немногий"><g v="ADJF"></g><g v="Apro"></g><g v="plur"></g><g v="loct"></g></l></v></tfr></token><token id="635466" text="каналов"><tfr rev_id="1467581" t="каналов"><v><l id="129205" t="канал"><g v="NOUN"></g><g v="inan"></g><g v="masc"></g><g v="plur"></g><g v="gent"></g></l></v></tfr></token><token id="635467" text=","><tfr rev_id="1467582" t=","><v><l id="0" t=","><g v="PNCT"></g></l></v></tfr></token><token id="635468" text="который"><tfr rev_id="3637433" t="который"><v><l id="141203" t="который"><g v="ADJF"></g><g v="Apro"></g><g v="Subx"></g><g v="Anph"></g><g v="masc"></g><g v="sing"></g><g v="nomn"></g></l></v><v><l id="141203" t="который"><g v="ADJF"></g><g v="Apro"></g><g v="Subx"></g><g v="Anph"></g><g v="inan"></g><g v="masc"></g><g v="sing"></g><g v="accs"></g></l></v></tfr></token><token id="635469" text="не"><tfr rev_id="1467584" t="не"><v><l id="178876" t="не"><g v="PRCL"></g></l></v></tfr></token><token id="635470" text="принимал"><tfr rev_id="1467585" t="принимал"><v><l id="272582" t="принимаю"><g v="VERB"></g><g v="impf"></g><g v="tran"></g><g v="masc"></g><g v="sing"></g><g v="past"></g><g v="indc"></g></l></v></tfr></token><token id="635471" text="участия"><tfr rev_id="3521900" t="участия"><v><l id="363132" t="участие"><g v="NOUN"></g><g v="inan"></g><g v="neut"></g><g v="sing"></g><g v="gent"></g></l></v></tfr></token><token id="635472" text="в"><tfr rev_id="1467587" t="в"><v><l id="37409" t="в"><g v="PREP"></g></l></v></tfr></token><token id="635473" text="атаке"><tfr rev_id="3447227" t="атаке"><v><l id="19312" t="атака"><g v="NOUN"></g><g v="inan"></g><g v="femn"></g><g v="sing"></g><g v="loct"></g></l></v></tfr></token><token id="635474" text="на"><tfr rev_id="3344846" t="на"><v><l id="166264" t="на"><g v="PREP"></g></l></v></tfr></token><token id="635475" text="Лужкова"><tfr rev_id="4426417" t="Лужкова"><v><l id="151327" t="лужков"><g v="NOUN"></g><g v="anim"></g><g v="masc"></g><g v="Sgtm"></g><g v="Surn"></g><g v="sing"></g><g v="accs"></g></l></v></tfr></token><token id="635476" text=")"><tfr rev_id="1467591" t=")"><v><l id="0" t=")"><g v="PNCT"></g></l></v></tfr></token><token id="635477" text="."><tfr rev_id="1467592" t="."><v><l id="0" t="."><g v="PNCT"></g></l></v></tfr></token></tokens></sentence><sentence id="35554"><source>«Я отвечаю однозначно: это грязь, каша, собранная для того, чтобы воздействовать на мэра.</source><tokens><token id="635478" text="«"><tfr rev_id="2444919" t="«"><v><l id="0" t="«"><g v="PNCT"></g></l></v></tfr></token><token id="635479" text="Я"><tfr rev_id="1467594" t="Я"><v><l id="387317" t="я"><g v="NPRO"></g><g v="1per"></g><g v="sing"></g><g v="nomn"></g></l></v></tfr></token><token id="635480" text="отвечаю"><tfr rev_id="1467595" t="отвечаю"><v><l id="212454" t="отвечаю"><g v="VERB"></g><g v="impf"></g><g v="intr"></g><g v="sing"></g><g v="1per"></g><g v="pres"></g><g v="indc"></g></l></v></tfr></token><token id="635481" text="однозначно"><tfr rev_id="1467596" t="однозначно"><v><l id="203418" t="однозначно"><g v="ADVB"></g></l></v><v><l id="203421" t="однозначен"><g v="ADJS"></g><g v="neut"></g><g v="sing"></g></l></v></tfr></token><token id="635482" text=":"><tfr rev_id="1467597" t=":"><v><l id="0" t=":"><g v="PNCT"></g></l></v></tfr></token><token id="635483" text="это"><tfr rev_id="4497414" t="это"><v><l id="386575" t="это"><g v="NPRO"></g><g v="neut"></g><g v="sing"></g><g v="nomn"></g></l></v><v><l id="386575" t="это"><g v="NPRO"></g><g v="neut"></g><g v="sing"></g><g v="accs"></g></l></v></tfr></token><token id="635484" text="грязь"><tfr rev_id="3473838" t="грязь"><v><l id="76326" t="грязь"><g v="NOUN"></g><g v="inan"></g><g v="femn"></g><g v="sing"></g><g v="nomn"></g></l></v></tfr></token><token id="635485" text=","><tfr rev_id="1467600" t=","><v><l id="0" t=","><g v="PNCT"></g></l></v></tfr></token><token id="635486" text="каша"><tfr rev_id="1467601" t="каша"><v><l id="131656" t="каша"><g v="NOUN"></g><g v="inan"></g><g v="femn"></g><g v="sing"></g><g v="nomn"></g></l></v></tfr></token><token id="635487" text=","><tfr rev_id="1467602" t=","><v><l id="0" t=","><g v="PNCT"></g></l></v></tfr></token><token id="635488" text="собранная"><tfr rev_id="3695217" t="собранная"><v><l id="327820" t="собранный"><g v="PRTF"></g><g v="perf"></g><g v="tran"></g><g v="past"></g><g v="pssv"></g><g v="femn"></g><g v="sing"></g><g v="nomn"></g></l></v></tfr></token><token id="635489" text="для"><tfr rev_id="2601727" t="для"><v><l id="85032" t="для"><g v="PREP"></g></l></v></tfr></token><token id="635490" text="того"><tfr rev_id="4384980" t="того"><v><l id="348430" t="тот"><g v="ADJF"></g><g v="Subx"></g><g v="Apro"></g><g v="Anph"></g><g v="neut"></g><g v="sing"></g><g v="gent"></g></l></v></tfr></token><token id="635491" text=","><tfr rev_id="1467606" t=","><v><l id="0" t=","><g v="PNCT"></g></l></v></tfr></token><token id="635492" text="чтобы"><tfr rev_id="1467607" t="чтобы"><v><l id="377013" t="чтобы"><g v="CONJ"></g></l></v><v><l id="377014" t="чтобы"><g v="PRCL"></g></l></v></tfr></token><token id="635493" text="воздействовать"><tfr rev_id="1467608" t="воздействовать"><v><l id="49028" t="воздействовать"><g v="INFN"></g><g v="perf"></g><g v="intr"></g></l></v><v><l id="49029" t="воздействовать"><g v="INFN"></g><g v="impf"></g><g v="intr"></g></l></v></tfr></token><token id="635494" text="на"><tfr rev_id="3396371" t="на"><v><l id="166264" t="на"><g v="PREP"></g></l></v></tfr></token><token id="635495" text="мэра"><tfr rev_id="4216754" t="мэра"><v><l id="165997" t="мэр"><g v="NOUN"></g><g v="anim"></g><g v="masc"></g><g v="sing"></g><g v="accs"></g></l></v></tfr></token><token id="635496" text="."><tfr rev_id="1467611" t="."><v><l id="0" t="."><g v="PNCT"></g></l></v></tfr></token></tokens></sentence><sentence id="35555"><source>Но оправдываться — это не тот способ на Руси, чтобы себя защитить», — заявил градоначальник, ещё раз подчеркнув, что не намерен уходить в отставку.</source><tokens><token id="635497" text="Но"><tfr rev_id="1467612" t="Но"><v><l id="191429" t="но"><g v="CONJ"></g></l></v><v><l id="191430" t="но"><g v="INTJ"></g></l></v></tfr></token><token id="635498" text="оправдываться"><tfr rev_id="1467613" t="оправдываться"><v><l id="207932" t="оправдываться"><g v="INFN"></g><g v="impf"></g><g v="intr"></g></l></v></tfr></token><token id="635499" text="—"><tfr rev_id="2444920" t="—"><v><l id="0" t="—"><g v="PNCT"></g></l></v></tfr></token><token id="635500" text="это"><tfr rev_id="4441629" t="это"><v><l id="386574" t="это"><g v="PRCL"></g></l></v><v><l id="386575" t="это"><g v="NPRO"></g><g v="neut"></g><g v="sing"></g><g v="nomn"></g></l></v><v><l id="386575" t="это"><g v="NPRO"></g><g v="neut"></g><g v="sing"></g><g v="accs"></g></l></v><v><l id="386581" t="этот"><g v="ADJF"></g><g v="Subx"></g><g v="Apro"></g><g v="Anph"></g><g v="neut"></g><g v="sing"></g><g v="nomn"></g></l></v><v><l id="386581" t="этот"><g v="ADJF"></g><g v="Subx"></g><g v="Apro"></g><g v="Anph"></g><g v="neut"></g><g v="sing"></g><g v="accs"></g></l></v></tfr></token><token id="635501" text="не"><tfr rev_id="1467616" t="не"><v><l id="178876" t="не"><g v="PRCL"></g></l></v></tfr></token><token id="635502" text="тот"><tfr rev_id="3769770" t="тот"><v><l id="348430" t="тот"><g v="ADJF"></g><g v="Subx"></g><g v="Apro"></g><g v="Anph"></g><g v="masc"></g><g v="sing"></g><g v="nomn"></g></l></v><v><l id="348430" t="тот"><g v="ADJF"></g><g v="Subx"></g><g v="Apro"></g><g v="Anph"></g><g v="inan"></g><g v="masc"></g><g v="sing"></g><g v="accs"></g></l></v></tfr></token><token id="635503" text="способ"><tfr rev_id="4348385" t="способ"><v><l id="332835" t="способ"><g v="NOUN"></g><g v="inan"></g><g v="masc"></g><g v="sing"></g><g v="nomn"></g></l></v></tfr></token><token id="635504" text="на"><tfr rev_id="3343651" t="на"><v><l id="166264" t="на"><g v="PREP"></g></l></v></tfr></token><token id="635505" text="Руси"><tfr rev_id="2782141" t="Руси"><v><l id="310365" t="русь"><g v="NOUN"></g><g v="inan"></g><g v="femn"></g><g v="Sgtm"></g><g v="Geox"></g><g v="sing"></g><g v="loct"></g></l></v></tfr></token><token id="635506" text=","><tfr rev_id="1467621" t=","><v><l id="0" t=","><g v="PNCT"></g></l></v></tfr></token><token id="635507" text="чтобы"><tfr rev_id="1467622" t="чтобы"><v><l id="377013" t="чтобы"><g v="CONJ"></g></l></v><v><l id="377014" t="чтобы"><g v="PRCL"></g></l></v></tfr></token><token id="635508" text="себя"><tfr rev_id="3634968" t="себя"><v><l id="317456" t="себя"><g v="NPRO"></g><g v="Anph"></g><g v="sing"></g><g v="accs"></g></l></v></tfr></token><token id="635509" text="защитить"><tfr rev_id="1467624" t="защитить"><v><l id="114241" t="защитить"><g v="INFN"></g><g v="perf"></g><g v="tran"></g></l></v></tfr></token><token id="635510" text="»"><tfr rev_id="2444921" t="»"><v><l id="0" t="»"><g v="PNCT"></g></l></v></tfr></token><token id="635511" text=","><tfr rev_id="1467626" t=","><v><l id="0" t=","><g v="PNCT"></g></l></v></tfr></token><token id="635512" text="—"><tfr rev_id="2444922" t="—"><v><l id="0" t="—"><g v="PNCT"></g></l></v></tfr></token><token id="635513" text="заявил"><tfr rev_id="1467628" t="заявил"><v><l id="114300" t="заявил"><g v="VERB"></g><g v="perf"></g><g v="tran"></g><g v="masc"></g><g v="sing"></g><g v="past"></g><g v="indc"></g></l></v></tfr></token><token id="635514" text="градоначальник"><tfr rev_id="1467629" t="градоначальник"><v><l id="74487" t="градоначальник"><g v="NOUN"></g><g v="anim"></g><g v="masc"></g><g v="sing"></g><g v="nomn"></g></l></v></tfr></token><token id="635515" text=","><tfr rev_id="1467630" t=","><v><l id="0" t=","><g v="PNCT"></g></l></v></tfr></token><token id="635516" text="ещё"><tfr rev_id="1467631" t="ещё"><v><l id="95551" t="ещё"><g v="PRCL"></g></l></v><v><l id="95552" t="ещё"><g v="ADVB"></g></l></v></tfr></token><token id="635517" text="раз"><tfr rev_id="4509769" t="раз"><v><l id="291500" t="раз"><g v="NOUN"></g><g v="inan"></g><g v="masc"></g><g v="sing"></g><g v="nomn"></g></l></v><v><l id="291500" t="раз"><g v="NOUN"></g><g v="inan"></g><g v="masc"></g><g v="sing"></g><g v="accs"></g></l></v></tfr></token><token id="635518" text="подчеркнув"><tfr rev_id="1467633" t="подчеркнув"><v><l id="252375" t="подчеркнув"><g v="GRND"></g><g v="perf"></g><g v="tran"></g><g v="past"></g></l></v></tfr></token><token id="635519" text=","><tfr rev_id="1467634" t=","><v><l id="0" t=","><g v="PNCT"></g></l></v></tfr></token><token id="635520" text="что"><tfr rev_id="3197112" t="что"><v><l id="377004" t="что"><g v="CONJ"></g></l></v><v><l id="377005" t="что"><g v="NPRO"></g><g v="neut"></g><g v="sing"></g><g v="nomn"></g></l></v><v><l id="377005" t="что"><g v="NPRO"></g><g v="neut"></g><g v="sing"></g><g v="accs"></g></l></v><v><l id="377006" t="что"><g v="ADVB"></g><g v="Ques"></g></l></v><v><l id="388695" t="что"><g v="PRCL"></g></l></v></tfr></token><token id="635521" text="не"><tfr rev_id="1467636" t="не"><v><l id="178876" t="не"><g v="PRCL"></g></l></v></tfr></token><token id="635522" text="намерен"><tfr rev_id="1467637" t="намерен"><v><l id="172445" t="намерен"><g v="ADJS"></g><g v="masc"></g><g v="sing"></g></l></v><v><l id="172450" t="намерен"><g v="ADJS"></g><g v="Qual"></g><g v="masc"></g><g v="sing"></g></l></v><v><l id="172473" t="намерен"><g v="PRTS"></g><g v="perf"></g><g v="past"></g><g v="pssv"></g><g v="masc"></g><g v="sing"></g></l></v></tfr></token><token id="635523" text="уходить"><tfr rev_id="1467638" t="уходить"><v><l id="362938" t="уходить"><g v="INFN"></g><g v="impf"></g><g v="intr"></g></l></v><v><l id="362943" t="уходить"><g v="INFN"></g><g v="perf"></g><g v="tran"></g></l></v></tfr></token><token id="635524" text="в"><tfr rev_id="1467639" t="в"><v><l id="37409" t="в"><g v="PREP"></g></l></v></tfr></token><token id="635525" text="отставку"><tfr rev_id="1467640" t="отставку"><v><l id="218332" t="отставка"><g v="NOUN"></g><g v="inan"></g><g v="femn"></g><g v="sing"></g><g v="accs"></g></l></v></tfr></token><token id="635526" text="."><tfr rev_id="1467641" t="."><v><l id="0" t="."><g v="PNCT"></g></l></v></tfr></token></tokens></sentence><sentence id="35556"><source>Как верный муж Лужков попытался защитить и свою супругу, которой в эти дни досталось от журналистов нисколько не меньше.</source><tokens><token id="635527" text="Как"><tfr rev_id="1467642" t="Как"><v><l id="128190" t="как"><g v="CONJ"></g></l></v><v><l id="128191" t="как"><g v="PRCL"></g></l></v><v><l id="128192" t="как"><g v="ADVB"></g><g v="Ques"></g></l></v></tfr></token><token id="635528" text="верный"><tfr rev_id="1467643" t="верный"><v><l id="41487" t="верный"><g v="ADJF"></g><g v="Qual"></g><g v="masc"></g><g v="sing"></g><g v="nomn"></g></l></v><v><l id="41487" t="верный"><g v="ADJF"></g><g v="Qual"></g><g v="inan"></g><g v="masc"></g><g v="sing"></g><g v="accs"></g></l></v></tfr></token><token id="635529" text="муж"><tfr rev_id="4280321" t="муж"><v><l id="164704" t="муж"><g v="NOUN"></g><g v="anim"></g><g v="masc"></g><g v="sing"></g><g v="nomn"></g></l></v></tfr></token><token id="635530" text="Лужков"><tfr rev_id="3264275" t="Лужков"><v><l id="151327" t="лужков"><g v="NOUN"></g><g v="anim"></g><g v="masc"></g><g v="Sgtm"></g><g v="Surn"></g><g v="sing"></g><g v="nomn"></g></l></v></tfr></token><token id="635531" text="попытался"><tfr rev_id="1467646" t="попытался"><v><l id="259840" t="попытался"><g v="VERB"></g><g v="perf"></g><g v="intr"></g><g v="masc"></g><g v="sing"></g><g v="past"></g><g v="indc"></g></l></v></tfr></token><token id="635532" text="защитить"><tfr rev_id="1467647" t="защитить"><v><l id="114241" t="защитить"><g v="INFN"></g><g v="perf"></g><g v="tran"></g></l></v></tfr></token><token id="635533" text="и"><tfr rev_id="3724298" t="и"><v><l id="116949" t="и"><g v="CONJ"></g></l></v></tfr></token><token id="635534" text="свою"><tfr rev_id="3632258" t="свою"><v><l id="316379" t="свой"><g v="ADJF"></g><g v="Apro"></g><g v="Anph"></g><g v="femn"></g><g v="sing"></g><g v="accs"></g></l></v></tfr></token><token id="635535" text="супругу"><tfr rev_id="4182296" t="супругу"><v><l id="339819" t="супруга"><g v="NOUN"></g><g v="anim"></g><g v="femn"></g><g v="sing"></g><g v="accs"></g></l></v></tfr></token><token id="635536" text=","><tfr rev_id="1467651" t=","><v><l id="0" t=","><g v="PNCT"></g></l></v></tfr></token><token id="635537" text="которой"><tfr rev_id="4417444" t="которой"><v><l id="141203" t="который"><g v="ADJF"></g><g v="Apro"></g><g v="Subx"></g><g v="Anph"></g><g v="femn"></g><g v="sing"></g><g v="datv"></g></l></v></tfr></token><token id="635538" text="в"><tfr rev_id="1467653" t="в"><v><l id="37409" t="в"><g v="PREP"></g></l></v></tfr></token><token id="635539" text="эти"><tfr rev_id="4446152" t="эти"><v><l id="386581" t="этот"><g v="ADJF"></g><g v="Subx"></g><g v="Apro"></g><g v="Anph"></g><g v="inan"></g><g v="plur"></g><g v="accs"></g></l></v></tfr></token><token id="635540" text="дни"><tfr rev_id="3716334" t="дни"><v><l id="81427" t="день"><g v="NOUN"></g><g v="inan"></g><g v="masc"></g><g v="plur"></g><g v="accs"></g></l></v></tfr></token><token id="635541" text="досталось"><tfr rev_id="1467656" t="досталось"><v><l id="90486" t="достался"><g v="VERB"></g><g v="perf"></g><g v="intr"></g><g v="neut"></g><g v="sing"></g><g v="past"></g><g v="indc"></g></l></v></tfr></token><token id="635542" text="от"><tfr rev_id="1467657" t="от"><v><l id="211644" t="от"><g v="PREP"></g></l></v></tfr></token><token id="635543" text="журналистов"><tfr rev_id="3540929" t="журналистов"><v><l id="97974" t="журналист"><g v="NOUN"></g><g v="anim"></g><g v="masc"></g><g v="plur"></g><g v="gent"></g></l></v></tfr></token><token id="635544" text="нисколько"><tfr rev_id="4181942" t="нисколько"><v><l id="191127" t="нисколько"><g v="ADVB"></g></l></v></tfr></token><token id="635545" text="не"><tfr rev_id="1467660" t="не"><v><l id="178876" t="не"><g v="PRCL"></g></l></v></tfr></token><token id="635546" text="меньше"><tfr rev_id="4266752" t="меньше"><v><l id="153697" t="меньше"><g v="COMP"></g><g v="Qual"></g></l></v></tfr></token><token id="635547" text="."><tfr rev_id="1467662" t="."><v><l id="0" t="."><g v="PNCT"></g></l></v></tfr></token></tokens></sentence><sentence id="35557"><source>«Моя жена — талантливейший человек.</source><tokens><token id="635548" text="«"><tfr rev_id="2444923" t="«"><v><l id="0" t="«"><g v="PNCT"></g></l></v></tfr></token><token id="635549" text="Моя"><tfr rev_id="2629022" t="Моя"><v><l id="162570" t="мой"><g v="ADJF"></g><g v="Apro"></g><g v="femn"></g><g v="sing"></g><g v="nomn"></g></l></v></tfr></token><token id="635550" text="жена"><tfr rev_id="1467665" t="жена"><v><l id="96662" t="жена"><g v="NOUN"></g><g v="anim"></g><g v="femn"></g><g v="sing"></g><g v="nomn"></g></l></v></tfr></token><token id="635551" text="—"><tfr rev_id="2444924" t="—"><v><l id="0" t="—"><g v="PNCT"></g></l></v></tfr></token><token id="635552" text="талантливейший"><tfr rev_id="1467667" t="талантливейший"><v><l id="342612" t="талантливейший"><g v="ADJF"></g><g v="Supr"></g><g v="Qual"></g><g v="masc"></g><g v="sing"></g><g v="nomn"></g></l></v><v><l id="342612" t="талантливейший"><g v="ADJF"></g><g v="Supr"></g><g v="Qual"></g><g v="inan"></g><g v="masc"></g><g v="sing"></g><g v="accs"></g></l></v></tfr></token><token id="635553" text="человек"><tfr rev_id="3473645" t="человек"><v><l id="375073" t="человек"><g v="NOUN"></g><g v="anim"></g><g v="masc"></g><g v="sing"></g><g v="nomn"></g></l></v></tfr></token><token id="635554" text="."><tfr rev_id="1467669" t="."><v><l id="0" t="."><g v="PNCT"></g></l></v></tfr></token></tokens></sentence><sentence id="35558"><source>Это признают все, кто с ней сталкивался по работе.</source><tokens><token id="635555" text="Это"><tfr rev_id="4441630" t="Это"><v><l id="386574" t="это"><g v="PRCL"></g></l></v><v><l id="386575" t="это"><g v="NPRO"></g><g v="neut"></g><g v="sing"></g><g v="nomn"></g></l></v><v><l id="386575" t="это"><g v="NPRO"></g><g v="neut"></g><g v="sing"></g><g v="accs"></g></l></v><v><l id="386581" t="этот"><g v="ADJF"></g><g v="Subx"></g><g v="Apro"></g><g v="Anph"></g><g v="neut"></g><g v="sing"></g><g v="nomn"></g></l></v><v><l id="386581" t="этот"><g v="ADJF"></g><g v="Subx"></g><g v="Apro"></g><g v="Anph"></g><g v="neut"></g><g v="sing"></g><g v="accs"></g></l></v></tfr></token><token id="635556" text="признают"><tfr rev_id="1467671" t="признают"><v><l id="270625" t="признаю"><g v="VERB"></g><g v="impf"></g><g v="tran"></g><g v="plur"></g><g v="3per"></g><g v="pres"></g><g v="indc"></g></l></v><v><l id="270647" t="признал"><g v="VERB"></g><g v="perf"></g><g v="tran"></g><g v="plur"></g><g v="3per"></g><g v="futr"></g><g v="indc"></g></l></v></tfr></token><token id="635557" text="все"><tfr rev_id="4537345" t="все"><v><l id="42156" t="весь"><g v="ADJF"></g><g v="Subx"></g><g v="Apro"></g><g v="inan"></g><g v="plur"></g><g v="accs"></g></l></v><v><l id="42156" t="весь"><g v="ADJF"></g><g v="Subx"></g><g v="Apro"></g><g v="neut"></g><g v="sing"></g><g v="accs"></g></l></v><v><l id="42156" t="весь"><g v="ADJF"></g><g v="Subx"></g><g v="Apro"></g><g v="neut"></g><g v="sing"></g><g v="nomn"></g></l></v><v><l id="42156" t="весь"><g v="ADJF"></g><g v="Subx"></g><g v="Apro"></g><g v="plur"></g><g v="nomn"></g></l></v></tfr></token><token id="635558" text=","><tfr rev_id="1467673" t=","><v><l id="0" t=","><g v="PNCT"></g></l></v></tfr></token><token id="635559" text="кто"><tfr rev_id="1467674" t="кто"><v><l id="144216" t="кто"><g v="NPRO"></g><g v="masc"></g><g v="sing"></g><g v="nomn"></g></l></v></tfr></token><token id="635560" text="с"><tfr rev_id="1467675" t="с"><v><l id="311151" t="с"><g v="PREP"></g></l></v></tfr></token><token id="635561" text="ней"><tfr rev_id="4351150" t="ней"><v><l id="206544" t="она"><g v="NPRO"></g><g v="femn"></g><g v="3per"></g><g v="Anph"></g><g v="sing"></g><g v="ablt"></g><g v="Af-p"></g></l></v></tfr></token><token id="635562" text="сталкивался"><tfr rev_id="1467677" t="сталкивался"><v><l id="334544" t="сталкиваюсь"><g v="VERB"></g><g v="impf"></g><g v="intr"></g><g v="masc"></g><g v="sing"></g><g v="past"></g><g v="indc"></g></l></v></tfr></token><token id="635563" text="по"><tfr rev_id="1467678" t="по"><v><l id="241240" t="по"><g v="PREP"></g></l></v></tfr></token><token id="635564" text="работе"><tfr rev_id="2737501" t="работе"><v><l id="290501" t="работа"><g v="NOUN"></g><g v="inan"></g><g v="femn"></g><g v="sing"></g><g v="datv"></g></l></v></tfr></token><token id="635565" text="."><tfr rev_id="1467680" t="."><v><l id="0" t="."><g v="PNCT"></g></l></v></tfr></token></tokens></sentence><sentence id="35559"><source>Она была бы ещё более богатым человеком, если бы не была женой мэра Москвы»,</source><tokens><token id="635566" text="Она"><tfr rev_id="3586513" t="Она"><v><l id="206544" t="она"><g v="NPRO"></g><g v="femn"></g><g v="3per"></g><g v="Anph"></g><g v="sing"></g><g v="nomn"></g></l></v></tfr></token><token id="635567" text="была"><tfr rev_id="1467682" t="была"><v><l id="37265" t="есть"><g v="VERB"></g><g v="impf"></g><g v="intr"></g><g v="femn"></g><g v="sing"></g><g v="past"></g><g v="indc"></g></l></v></tfr></token><token id="635568" text="бы"><tfr rev_id="1467683" t="бы"><v><l id="36985" t="бы"><g v="PRCL"></g></l></v></tfr></token><token id="635569" text="ещё"><tfr rev_id="1467684" t="ещё"><v><l id="95551" t="ещё"><g v="PRCL"></g></l></v><v><l id="95552" t="ещё"><g v="ADVB"></g></l></v></tfr></token><token id="635570" text="более"><tfr rev_id="1467685" t="более"><v><l id="32065" t="более"><g v="ADVB"></g></l></v></tfr></token><token id="635571" text="богатым"><tfr rev_id="4412609" t="богатым"><v><l id="31403" t="богатый"><g v="ADJF"></g><g v="Qual"></g><g v="masc"></g><g v="sing"></g><g v="ablt"></g></l></v></tfr></token><token id="635572" text="человеком"><tfr rev_id="1467687" t="человеком"><v><l id="375073" t="человек"><g v="NOUN"></g><g v="anim"></g><g v="masc"></g><g v="sing"></g><g v="ablt"></g></l></v></tfr></token><token id="635573" text=","><tfr rev_id="1467688" t=","><v><l id="0" t=","><g v="PNCT"></g></l></v></tfr></token><token id="635574" text="если"><tfr rev_id="1467689" t="если"><v><l id="95365" t="если"><g v="CONJ"></g></l></v></tfr></token><token id="635575" text="бы"><tfr rev_id="1467690" t="бы"><v><l id="36985" t="бы"><g v="PRCL"></g></l></v></tfr></token><token id="635576" text="не"><tfr rev_id="1467691" t="не"><v><l id="178876" t="не"><g v="PRCL"></g></l></v></tfr></token><token id="635577" text="была"><tfr rev_id="1467692" t="была"><v><l id="37265" t="есть"><g v="VERB"></g><g v="impf"></g><g v="intr"></g><g v="femn"></g><g v="sing"></g><g v="past"></g><g v="indc"></g></l></v></tfr></token><token id="635578" text="женой"><tfr rev_id="1467693" t="женой"><v><l id="96662" t="жена"><g v="NOUN"></g><g v="anim"></g><g v="femn"></g><g v="sing"></g><g v="ablt"></g></l></v></tfr></token><token id="635579" text="мэра"><tfr rev_id="3417549" t="мэра"><v><l id="165997" t="мэр"><g v="NOUN"></g><g v="anim"></g><g v="masc"></g><g v="sing"></g><g v="gent"></g></l></v></tfr></token><token id="635580" text="Москвы"><tfr rev_id="1467695" t="Москвы"><v><l id="163901" t="москва"><g v="NOUN"></g><g v="inan"></g><g v="femn"></g><g v="Sgtm"></g><g v="Geox"></g><g v="sing"></g><g v="gent"></g></l></v></tfr></token><token id="635581" text="»"><tfr rev_id="2444925" t="»"><v><l id="0" t="»"><g v="PNCT"></g></l></v></tfr></token><token id="635582" text=","><tfr rev_id="1467697" t=","><v><l id="0" t=","><g v="PNCT"></g></l></v></tfr></token></tokens></sentence><sentence id="35560"><source>— заключил мэр.</source><tokens><token id="635583" text="—"><tfr rev_id="2444926" t="—"><v><l id="0" t="—"><g v="PNCT"></g></l></v></tfr></token><token id="635584" text="заключил"><tfr rev_id="1467699" t="заключил"><v><l id="103485" t="заключил"><g v="VERB"></g><g v="perf"></g><g v="tran"></g><g v="masc"></g><g v="sing"></g><g v="past"></g><g v="indc"></g></l></v></tfr></token><token id="635585" text="мэр"><tfr rev_id="1467700" t="мэр"><v><l id="165997" t="мэр"><g v="NOUN"></g><g v="anim"></g><g v="masc"></g><g v="sing"></g><g v="nomn"></g></l></v></tfr></token><token id="635586" text="."><tfr rev_id="1467701" t="."><v><l id="0" t="."><g v="PNCT"></g></l></v></tfr></token></tokens></sentence></paragraph><paragraph id="11275"><sentence id="35561"><source>Подробнее о недавних разоблачительных телесюжетах, посвящённых Лужкову читайте в статье Частного корреспондента «Телеканалы снимают кепку »</source><tokens><token id="635587" text="Подробнее"><tfr rev_id="4496593" t="Подробнее"><v><l id="249806" t="подробнее"><g v="COMP"></g></l></v></tfr></token><token id="635588" text="о"><tfr rev_id="3328831" t="о"><v><l id="192977" t="о"><g v="PREP"></g></l></v></tfr></token><token id="635589" text="недавних"><tfr rev_id="3884849" t="недавних"><v><l id="180618" t="недавний"><g v="ADJF"></g><g v="Qual"></g><g v="plur"></g><g v="loct"></g></l></v></tfr></token><token id="635590" text="разоблачительных"><tfr rev_id="4197697" t="разоблачительных"><v><l id="296080" t="разоблачительный"><g v="ADJF"></g><g v="plur"></g><g v="loct"></g></l></v></tfr></token><token id="635591" text="телесюжетах"><tfr rev_id="1467706" t="телесюжетах"><v><l id="344306" t="телесюжет"><g v="NOUN"></g><g v="inan"></g><g v="masc"></g><g v="plur"></g><g v="loct"></g></l></v></tfr></token><token id="635592" text=","><tfr rev_id="1467707" t=","><v><l id="0" t=","><g v="PNCT"></g></l></v></tfr></token><token id="635593" text="посвящённых"><tfr rev_id="1467708" t="посвящённых"><v><l id="261152" t="посвящённый"><g v="PRTF"></g><g v="perf"></g><g v="tran"></g><g v="past"></g><g v="pssv"></g><g v="plur"></g><g v="gent"></g></l></v><v><l id="261152" t="посвящённый"><g v="PRTF"></g><g v="perf"></g><g v="tran"></g><g v="past"></g><g v="pssv"></g><g v="anim"></g><g v="plur"></g><g v="accs"></g></l></v><v><l id="261152" t="посвящённый"><g v="PRTF"></g><g v="perf"></g><g v="tran"></g><g v="past"></g><g v="pssv"></g><g v="plur"></g><g v="loct"></g></l></v></tfr></token><token id="635594" text="Лужкову"><tfr rev_id="4160097" t="Лужкову"><v><l id="151327" t="лужков"><g v="NOUN"></g><g v="anim"></g><g v="masc"></g><g v="Sgtm"></g><g v="Surn"></g><g v="sing"></g><g v="datv"></g></l></v></tfr></token><token id="635595" text="читайте"><tfr rev_id="1467710" t="читайте"><v><l id="376719" t="читаю"><g v="VERB"></g><g v="impf"></g><g v="tran"></g><g v="plur"></g><g v="impr"></g><g v="excl"></g></l></v></tfr></token><token id="635596" text="в"><tfr rev_id="1467711" t="в"><v><l id="37409" t="в"><g v="PREP"></g></l></v></tfr></token><token id="635597" text="статье"><tfr rev_id="3550710" t="статье"><v><l id="335173" t="статья"><g v="NOUN"></g><g v="inan"></g><g v="femn"></g><g v="sing"></g><g v="loct"></g></l></v></tfr></token><token id="635598" text="Частного"><tfr rev_id="4371510" t="Частного"><v><l id="374795" t="частный"><g v="ADJF"></g><g v="Qual"></g><g v="masc"></g><g v="sing"></g><g v="gent"></g></l></v><v><l id="374795" t="частный"><g v="ADJF"></g><g v="Qual"></g><g v="anim"></g><g v="masc"></g><g v="sing"></g><g v="accs"></g></l></v></tfr></token><token id="635599" text="корреспондента"><tfr rev_id="3417624" t="корреспондента"><v><l id="140239" t="корреспондент"><g v="NOUN"></g><g v="anim"></g><g v="masc"></g><g v="sing"></g><g v="gent"></g></l></v></tfr></token><token id="635600" text="«"><tfr rev_id="2444927" t="«"><v><l id="0" t="«"><g v="PNCT"></g></l></v></tfr></token><token id="635601" text="Телеканалы"><tfr rev_id="3751778" t="Телеканалы"><v><l id="344167" t="телеканал"><g v="NOUN"></g><g v="inan"></g><g v="masc"></g><g v="plur"></g><g v="nomn"></g></l></v></tfr></token><token id="635602" text="снимают"><tfr rev_id="1467717" t="снимают"><v><l id="327401" t="снимаю"><g v="VERB"></g><g v="impf"></g><g v="tran"></g><g v="plur"></g><g v="3per"></g><g v="pres"></g><g v="indc"></g></l></v></tfr></token><token id="635603" text="кепку"><tfr rev_id="1467718" t="кепку"><v><l id="132463" t="кепка"><g v="NOUN"></g><g v="inan"></g><g v="femn"></g><g v="sing"></g><g v="accs"></g></l></v></tfr></token><token id="635604" text="»"><tfr rev_id="2444928" t="»"><v><l id="0" t="»"><g v="PNCT"></g></l></v></tfr></token></tokens></sentence></paragraph></paragraphs></text>