<?xml version="1.0" encoding="utf-8"?><text id="1222" parent="56" name="Александр Грищук — чемпион мира по блицу"><tags><tag>Автор:http://ru.wikinews.org/wiki/Участник:Ygrek</tag><tag>url:http://ru.wikinews.org/w/index.php?title=Александр_Грищук_—_чемпион_мира_по_блицу&amp;oldid=59305</tag><tag>Дата:08/09</tag><tag>Тема:ВикиКатегория:Шахматы</tag><tag>Гео:ВикиКатегория:Израиль</tag><tag>Гео:ВикиКатегория:Россия</tag><tag>Год:2006</tag></tags><paragraphs><paragraph id="11288"><sentence id="35631"><source>С 5 по 8 сентября в Ришон ЛеЗион (Rishon LeZion) (Израиль) проводился чемпионат мира по шахматам в блиц.</source><tokens><token id="636739" text="С"><tfr rev_id="1468854" t="С"><v><l id="311151" t="с"><g v="PREP"></g></l></v></tfr></token><token id="636740" text="5"><tfr rev_id="2462080" t="5"><v><l id="0" t="5"><g v="NUMB"></g></l></v></tfr></token><token id="636741" text="по"><tfr rev_id="1468856" t="по"><v><l id="241240" t="по"><g v="PREP"></g></l></v></tfr></token><token id="636742" text="8"><tfr rev_id="2462081" t="8"><v><l id="0" t="8"><g v="NUMB"></g></l></v></tfr></token><token id="636743" text="сентября"><tfr rev_id="1468858" t="сентября"><v><l id="318866" t="сентябрь"><g v="NOUN"></g><g v="inan"></g><g v="masc"></g><g v="sing"></g><g v="gent"></g></l></v></tfr></token><token id="636744" text="в"><tfr rev_id="1468859" t="в"><v><l id="37409" t="в"><g v="PREP"></g></l></v></tfr></token><token id="636745" text="Ришон"><tfr rev_id="1468860" t="Ришон"><v><l id="0" t="ришон"><g v="UNKN"></g></l></v></tfr></token><token id="636746" text="ЛеЗион"><tfr rev_id="1468861" t="ЛеЗион"><v><l id="0" t="лезион"><g v="UNKN"></g></l></v></tfr></token><token id="636747" text="("><tfr rev_id="1468862" t="("><v><l id="0" t="("><g v="PNCT"></g></l></v></tfr></token><token id="636748" text="Rishon"><tfr rev_id="2474961" t="Rishon"><v><l id="0" t="Rishon"><g v="LATN"></g></l></v></tfr></token><token id="636749" text="LeZion"><tfr rev_id="2474962" t="LeZion"><v><l id="0" t="LeZion"><g v="LATN"></g></l></v></tfr></token><token id="636750" text=")"><tfr rev_id="1468865" t=")"><v><l id="0" t=")"><g v="PNCT"></g></l></v></tfr></token><token id="636751" text="("><tfr rev_id="1468866" t="("><v><l id="0" t="("><g v="PNCT"></g></l></v></tfr></token><token id="636752" text="Израиль"><tfr rev_id="4331723" t="Израиль"><v><l id="120470" t="израиль"><g v="NOUN"></g><g v="inan"></g><g v="masc"></g><g v="Sgtm"></g><g v="Geox"></g><g v="sing"></g><g v="nomn"></g></l></v><v><l id="120470" t="израиль"><g v="NOUN"></g><g v="inan"></g><g v="masc"></g><g v="Sgtm"></g><g v="Geox"></g><g v="sing"></g><g v="accs"></g></l></v></tfr></token><token id="636753" text=")"><tfr rev_id="1468868" t=")"><v><l id="0" t=")"><g v="PNCT"></g></l></v></tfr></token><token id="636754" text="проводился"><tfr rev_id="1468869" t="проводился"><v><l id="278015" t="провожусь"><g v="VERB"></g><g v="impf"></g><g v="intr"></g><g v="masc"></g><g v="sing"></g><g v="past"></g><g v="indc"></g></l></v></tfr></token><token id="636755" text="чемпионат"><tfr rev_id="4099893" t="чемпионат"><v><l id="375186" t="чемпионат"><g v="NOUN"></g><g v="inan"></g><g v="masc"></g><g v="sing"></g><g v="nomn"></g></l></v></tfr></token><token id="636756" text="мира"><tfr rev_id="3723539" t="мира"><v><l id="160807" t="мир"><g v="NOUN"></g><g v="inan"></g><g v="masc"></g><g v="sing"></g><g v="gen1"></g></l></v></tfr></token><token id="636757" text="по"><tfr rev_id="1468872" t="по"><v><l id="241240" t="по"><g v="PREP"></g></l></v></tfr></token><token id="636758" text="шахматам"><tfr rev_id="1468873" t="шахматам"><v><l id="378578" t="шахматы"><g v="NOUN"></g><g v="inan"></g><g v="GNdr"></g><g v="Pltm"></g><g v="plur"></g><g v="datv"></g></l></v></tfr></token><token id="636759" text="в"><tfr rev_id="1468874" t="в"><v><l id="37409" t="в"><g v="PREP"></g></l></v></tfr></token><token id="636760" text="блиц"><tfr rev_id="1468875" t="блиц"><v><l id="30972" t="блиц"><g v="NOUN"></g><g v="inan"></g><g v="masc"></g><g v="sing"></g><g v="nomn"></g></l></v><v><l id="30972" t="блиц"><g v="NOUN"></g><g v="inan"></g><g v="masc"></g><g v="sing"></g><g v="accs"></g></l></v></tfr></token><token id="636761" text="."><tfr rev_id="1468876" t="."><v><l id="0" t="."><g v="PNCT"></g></l></v></tfr></token></tokens></sentence><sentence id="35632"><source>В финальном турнире играли 16 шахматистов.</source><tokens><token id="636762" text="В"><tfr rev_id="1468877" t="В"><v><l id="37409" t="в"><g v="PREP"></g></l></v></tfr></token><token id="636763" text="финальном"><tfr rev_id="4167774" t="финальном"><v><l id="366071" t="финальный"><g v="ADJF"></g><g v="Qual"></g><g v="masc"></g><g v="sing"></g><g v="loct"></g></l></v></tfr></token><token id="636764" text="турнире"><tfr rev_id="1468879" t="турнире"><v><l id="351849" t="турнир"><g v="NOUN"></g><g v="inan"></g><g v="masc"></g><g v="sing"></g><g v="loct"></g></l></v></tfr></token><token id="636765" text="играли"><tfr rev_id="1468880" t="играли"><v><l id="117311" t="играю"><g v="VERB"></g><g v="impf"></g><g v="tran"></g><g v="plur"></g><g v="past"></g><g v="indc"></g></l></v></tfr></token><token id="636766" text="16"><tfr rev_id="2462082" t="16"><v><l id="0" t="16"><g v="NUMB"></g></l></v></tfr></token><token id="636767" text="шахматистов"><tfr rev_id="4096522" t="шахматистов"><v><l id="378571" t="шахматист"><g v="NOUN"></g><g v="anim"></g><g v="masc"></g><g v="plur"></g><g v="gent"></g></l></v></tfr></token><token id="636768" text="."><tfr rev_id="1468883" t="."><v><l id="0" t="."><g v="PNCT"></g></l></v></tfr></token></tokens></sentence><sentence id="35633"><source>Первое и второе места в финальном турнире разделили российские гроссмейстеры Александр Грищук и Пётр Свидлер.</source><tokens><token id="636769" text="Первое"><tfr rev_id="4406887" t="Первое"><v><l id="226359" t="первый"><g v="ADJF"></g><g v="Anum"></g><g v="neut"></g><g v="sing"></g><g v="accs"></g></l></v></tfr></token><token id="636770" text="и"><tfr rev_id="1468885" t="и"><v><l id="116949" t="и"><g v="CONJ"></g></l></v><v><l id="116950" t="и"><g v="INTJ"></g></l></v></tfr></token><token id="636771" text="второе"><tfr rev_id="4154401" t="второе"><v><l id="55043" t="второй"><g v="ADJF"></g><g v="Anum"></g><g v="neut"></g><g v="sing"></g><g v="nomn"></g></l></v><v><l id="55043" t="второй"><g v="ADJF"></g><g v="Anum"></g><g v="neut"></g><g v="sing"></g><g v="accs"></g></l></v></tfr></token><token id="636772" text="места"><tfr rev_id="3796168" t="места"><v><l id="158822" t="место"><g v="NOUN"></g><g v="inan"></g><g v="neut"></g><g v="plur"></g><g v="accs"></g></l></v></tfr></token><token id="636773" text="в"><tfr rev_id="1468888" t="в"><v><l id="37409" t="в"><g v="PREP"></g></l></v></tfr></token><token id="636774" text="финальном"><tfr rev_id="4076824" t="финальном"><v><l id="366071" t="финальный"><g v="ADJF"></g><g v="Qual"></g><g v="masc"></g><g v="sing"></g><g v="loct"></g></l></v></tfr></token><token id="636775" text="турнире"><tfr rev_id="1468890" t="турнире"><v><l id="351849" t="турнир"><g v="NOUN"></g><g v="inan"></g><g v="masc"></g><g v="sing"></g><g v="loct"></g></l></v></tfr></token><token id="636776" text="разделили"><tfr rev_id="1468891" t="разделили"><v><l id="293565" t="разделил"><g v="VERB"></g><g v="perf"></g><g v="tran"></g><g v="plur"></g><g v="past"></g><g v="indc"></g></l></v></tfr></token><token id="636777" text="российские"><tfr rev_id="3812911" t="российские"><v><l id="309319" t="российский"><g v="ADJF"></g><g v="plur"></g><g v="nomn"></g></l></v></tfr></token><token id="636778" text="гроссмейстеры"><tfr rev_id="1468893" t="гроссмейстеры"><v><l id="75762" t="гроссмейстер"><g v="NOUN"></g><g v="anim"></g><g v="masc"></g><g v="plur"></g><g v="nomn"></g></l></v></tfr></token><token id="636779" text="Александр"><tfr rev_id="2371438" t="Александр"><v><l id="8527" t="александр"><g v="NOUN"></g><g v="anim"></g><g v="masc"></g><g v="Name"></g><g v="sing"></g><g v="nomn"></g></l></v></tfr></token><token id="636780" text="Грищук"><tfr rev_id="1468895" t="Грищук"><v><l id="0" t="грищук"><g v="UNKN"></g></l></v></tfr></token><token id="636781" text="и"><tfr rev_id="3724347" t="и"><v><l id="116949" t="и"><g v="CONJ"></g></l></v></tfr></token><token id="636782" text="Пётр"><tfr rev_id="3427139" t="Пётр"><v><l id="237954" t="пётр"><g v="NOUN"></g><g v="anim"></g><g v="masc"></g><g v="Name"></g><g v="sing"></g><g v="nomn"></g></l></v></tfr></token><token id="636783" text="Свидлер"><tfr rev_id="1468898" t="Свидлер"><v><l id="0" t="свидлер"><g v="UNKN"></g></l></v></tfr></token><token id="636784" text="."><tfr rev_id="1468899" t="."><v><l id="0" t="."><g v="PNCT"></g></l></v></tfr></token></tokens></sentence><sentence id="35634"><source>Они набрали по 10,5 очков из 15.</source><tokens><token id="636785" text="Они"><tfr rev_id="3599409" t="Они"><v><l id="206619" t="они"><g v="NPRO"></g><g v="3per"></g><g v="Anph"></g><g v="plur"></g><g v="nomn"></g></l></v></tfr></token><token id="636786" text="набрали"><tfr rev_id="1468901" t="набрали"><v><l id="166662" t="набрал"><g v="VERB"></g><g v="perf"></g><g v="tran"></g><g v="plur"></g><g v="past"></g><g v="indc"></g></l></v></tfr></token><token id="636787" text="по"><tfr rev_id="1468902" t="по"><v><l id="241240" t="по"><g v="PREP"></g></l></v></tfr></token><token id="636788" text="10,5"><tfr rev_id="2462083" t="10,5"><v><l id="0" t="10,5"><g v="NUMB"></g></l></v></tfr></token><token id="636789" text="очков"><tfr rev_id="2700891" t="очков"><v><l id="221871" t="очки"><g v="NOUN"></g><g v="inan"></g><g v="GNdr"></g><g v="Pltm"></g><g v="plur"></g><g v="gent"></g></l></v><v><l id="221875" t="очко"><g v="NOUN"></g><g v="inan"></g><g v="neut"></g><g v="plur"></g><g v="gent"></g></l></v></tfr></token><token id="636790" text="из"><tfr rev_id="1718073" t="из"><v><l id="117677" t="из"><g v="PREP"></g></l></v></tfr></token><token id="636791" text="15"><tfr rev_id="2462084" t="15"><v><l id="0" t="15"><g v="NUMB"></g></l></v></tfr></token><token id="636792" text="."><tfr rev_id="1468907" t="."><v><l id="0" t="."><g v="PNCT"></g></l></v></tfr></token></tokens></sentence><sentence id="35635"><source>Согласна регламенту была назначена партия в блиц на условиях «внезапной смерти».</source><tokens><token id="636793" text="Согласна"><tfr rev_id="1468908" t="Согласна"><v><l id="328258" t="согласен"><g v="ADJS"></g><g v="Qual"></g><g v="femn"></g><g v="sing"></g></l></v></tfr></token><token id="636794" text="регламенту"><tfr rev_id="1468909" t="регламенту"><v><l id="304867" t="регламент"><g v="NOUN"></g><g v="inan"></g><g v="masc"></g><g v="sing"></g><g v="datv"></g></l></v></tfr></token><token id="636795" text="была"><tfr rev_id="1468910" t="была"><v><l id="37265" t="есть"><g v="VERB"></g><g v="impf"></g><g v="intr"></g><g v="femn"></g><g v="sing"></g><g v="past"></g><g v="indc"></g></l></v></tfr></token><token id="636796" text="назначена"><tfr rev_id="1468911" t="назначена"><v><l id="170427" t="назначен"><g v="PRTS"></g><g v="perf"></g><g v="past"></g><g v="pssv"></g><g v="femn"></g><g v="sing"></g></l></v></tfr></token><token id="636797" text="партия"><tfr rev_id="1468912" t="партия"><v><l id="224431" t="партия"><g v="NOUN"></g><g v="inan"></g><g v="femn"></g><g v="sing"></g><g v="nomn"></g></l></v></tfr></token><token id="636798" text="в"><tfr rev_id="1468913" t="в"><v><l id="37409" t="в"><g v="PREP"></g></l></v></tfr></token><token id="636799" text="блиц"><tfr rev_id="1468914" t="блиц"><v><l id="30972" t="блиц"><g v="NOUN"></g><g v="inan"></g><g v="masc"></g><g v="sing"></g><g v="nomn"></g></l></v><v><l id="30972" t="блиц"><g v="NOUN"></g><g v="inan"></g><g v="masc"></g><g v="sing"></g><g v="accs"></g></l></v></tfr></token><token id="636800" text="на"><tfr rev_id="3344046" t="на"><v><l id="166264" t="на"><g v="PREP"></g></l></v></tfr></token><token id="636801" text="условиях"><tfr rev_id="1468916" t="условиях"><v><l id="360556" t="условие"><g v="NOUN"></g><g v="inan"></g><g v="neut"></g><g v="plur"></g><g v="loct"></g></l></v></tfr></token><token id="636802" text="«"><tfr rev_id="2445008" t="«"><v><l id="0" t="«"><g v="PNCT"></g></l></v></tfr></token><token id="636803" text="внезапной"><tfr rev_id="4170888" t="внезапной"><v><l id="47361" t="внезапный"><g v="ADJF"></g><g v="Qual"></g><g v="femn"></g><g v="sing"></g><g v="gent"></g></l></v></tfr></token><token id="636804" text="смерти"><tfr rev_id="4263521" t="смерти"><v><l id="326158" t="смерть"><g v="NOUN"></g><g v="inan"></g><g v="femn"></g><g v="sing"></g><g v="gent"></g></l></v></tfr></token><token id="636805" text="»"><tfr rev_id="2445009" t="»"><v><l id="0" t="»"><g v="PNCT"></g></l></v></tfr></token><token id="636806" text="."><tfr rev_id="1468921" t="."><v><l id="0" t="."><g v="PNCT"></g></l></v></tfr></token></tokens></sentence><sentence id="35636"><source>Эту партия выиграл Александр Грищук и стал чемпионом мира па шахматам в блиц.</source><tokens><token id="636807" text="Эту"><tfr rev_id="4438925" t="Эту"><v><l id="386581" t="этот"><g v="ADJF"></g><g v="Subx"></g><g v="Apro"></g><g v="Anph"></g><g v="femn"></g><g v="sing"></g><g v="accs"></g></l></v></tfr></token><token id="636808" text="партия"><tfr rev_id="1468923" t="партия"><v><l id="224431" t="партия"><g v="NOUN"></g><g v="inan"></g><g v="femn"></g><g v="sing"></g><g v="nomn"></g></l></v></tfr></token><token id="636809" text="выиграл"><tfr rev_id="1468924" t="выиграл"><v><l id="57698" t="выиграл"><g v="VERB"></g><g v="perf"></g><g v="tran"></g><g v="masc"></g><g v="sing"></g><g v="past"></g><g v="indc"></g></l></v></tfr></token><token id="636810" text="Александр"><tfr rev_id="3437866" t="Александр"><v><l id="8527" t="александр"><g v="NOUN"></g><g v="anim"></g><g v="masc"></g><g v="Name"></g><g v="sing"></g><g v="nomn"></g></l></v></tfr></token><token id="636811" text="Грищук"><tfr rev_id="1468926" t="Грищук"><v><l id="0" t="грищук"><g v="UNKN"></g></l></v></tfr></token><token id="636812" text="и"><tfr rev_id="1468927" t="и"><v><l id="116949" t="и"><g v="CONJ"></g></l></v><v><l id="116950" t="и"><g v="INTJ"></g></l></v></tfr></token><token id="636813" text="стал"><tfr rev_id="1468928" t="стал"><v><l id="335164" t="стал"><g v="VERB"></g><g v="perf"></g><g v="intr"></g><g v="masc"></g><g v="sing"></g><g v="past"></g><g v="indc"></g></l></v></tfr></token><token id="636814" text="чемпионом"><tfr rev_id="1468929" t="чемпионом"><v><l id="375185" t="чемпион"><g v="NOUN"></g><g v="anim"></g><g v="masc"></g><g v="sing"></g><g v="ablt"></g></l></v></tfr></token><token id="636815" text="мира"><tfr rev_id="4171410" t="мира"><v><l id="160807" t="мир"><g v="NOUN"></g><g v="inan"></g><g v="masc"></g><g v="sing"></g><g v="gen1"></g></l></v></tfr></token><token id="636816" text="па"><tfr rev_id="1468931" t="па"><v><l id="222352" t="па"><g v="NOUN"></g><g v="inan"></g><g v="neut"></g><g v="Fixd"></g><g v="sing"></g><g v="nomn"></g></l></v><v><l id="222352" t="па"><g v="NOUN"></g><g v="inan"></g><g v="neut"></g><g v="Fixd"></g><g v="sing"></g><g v="gent"></g></l></v><v><l id="222352" t="па"><g v="NOUN"></g><g v="inan"></g><g v="neut"></g><g v="Fixd"></g><g v="sing"></g><g v="datv"></g></l></v><v><l id="222352" t="па"><g v="NOUN"></g><g v="inan"></g><g v="neut"></g><g v="Fixd"></g><g v="sing"></g><g v="accs"></g></l></v><v><l id="222352" t="па"><g v="NOUN"></g><g v="inan"></g><g v="neut"></g><g v="Fixd"></g><g v="sing"></g><g v="ablt"></g></l></v><v><l id="222352" t="па"><g v="NOUN"></g><g v="inan"></g><g v="neut"></g><g v="Fixd"></g><g v="sing"></g><g v="loct"></g></l></v><v><l id="222352" t="па"><g v="NOUN"></g><g v="inan"></g><g v="neut"></g><g v="Fixd"></g><g v="plur"></g><g v="nomn"></g></l></v><v><l id="222352" t="па"><g v="NOUN"></g><g v="inan"></g><g v="neut"></g><g v="Fixd"></g><g v="plur"></g><g v="gent"></g></l></v><v><l id="222352" t="па"><g v="NOUN"></g><g v="inan"></g><g v="neut"></g><g v="Fixd"></g><g v="plur"></g><g v="datv"></g></l></v><v><l id="222352" t="па"><g v="NOUN"></g><g v="inan"></g><g v="neut"></g><g v="Fixd"></g><g v="plur"></g><g v="accs"></g></l></v><v><l id="222352" t="па"><g v="NOUN"></g><g v="inan"></g><g v="neut"></g><g v="Fixd"></g><g v="plur"></g><g v="ablt"></g></l></v><v><l id="222352" t="па"><g v="NOUN"></g><g v="inan"></g><g v="neut"></g><g v="Fixd"></g><g v="plur"></g><g v="loct"></g></l></v></tfr></token><token id="636817" text="шахматам"><tfr rev_id="1468932" t="шахматам"><v><l id="378578" t="шахматы"><g v="NOUN"></g><g v="inan"></g><g v="GNdr"></g><g v="Pltm"></g><g v="plur"></g><g v="datv"></g></l></v></tfr></token><token id="636818" text="в"><tfr rev_id="1468933" t="в"><v><l id="37409" t="в"><g v="PREP"></g></l></v></tfr></token><token id="636819" text="блиц"><tfr rev_id="1468934" t="блиц"><v><l id="30972" t="блиц"><g v="NOUN"></g><g v="inan"></g><g v="masc"></g><g v="sing"></g><g v="nomn"></g></l></v><v><l id="30972" t="блиц"><g v="NOUN"></g><g v="inan"></g><g v="masc"></g><g v="sing"></g><g v="accs"></g></l></v></tfr></token><token id="636820" text="."><tfr rev_id="1468935" t="."><v><l id="0" t="."><g v="PNCT"></g></l></v></tfr></token></tokens></sentence><sentence id="35637"><source>Третье место завоевал Теймур Раджабов (Азербайджан), который опередил Вишванатана Ананда (Индия) и Юдит Полгар (Венгрия).</source><tokens><token id="636821" text="Третье"><tfr rev_id="4154402" t="Третье"><v><l id="349855" t="третий"><g v="ADJF"></g><g v="Anum"></g><g v="neut"></g><g v="sing"></g><g v="nomn"></g></l></v><v><l id="349855" t="третий"><g v="ADJF"></g><g v="Anum"></g><g v="neut"></g><g v="sing"></g><g v="accs"></g></l></v></tfr></token><token id="636822" text="место"><tfr rev_id="1468937" t="место"><v><l id="158822" t="место"><g v="NOUN"></g><g v="inan"></g><g v="neut"></g><g v="sing"></g><g v="nomn"></g></l></v><v><l id="158822" t="место"><g v="NOUN"></g><g v="inan"></g><g v="neut"></g><g v="sing"></g><g v="accs"></g></l></v></tfr></token><token id="636823" text="завоевал"><tfr rev_id="1468938" t="завоевал"><v><l id="99863" t="завоевал"><g v="VERB"></g><g v="perf"></g><g v="tran"></g><g v="masc"></g><g v="sing"></g><g v="past"></g><g v="indc"></g></l></v></tfr></token><token id="636824" text="Теймур"><tfr rev_id="1468939" t="Теймур"><v><l id="344005" t="теймур"><g v="NOUN"></g><g v="anim"></g><g v="masc"></g><g v="Name"></g><g v="sing"></g><g v="nomn"></g></l></v></tfr></token><token id="636825" text="Раджабов"><tfr rev_id="4331166" t="Раджабов"><v><l id="390472" t="раджабов"><g v="NOUN"></g><g v="anim"></g><g v="masc"></g><g v="Sgtm"></g><g v="Surn"></g><g v="sing"></g><g v="nomn"></g></l></v></tfr></token><token id="636826" text="("><tfr rev_id="1468941" t="("><v><l id="0" t="("><g v="PNCT"></g></l></v></tfr></token><token id="636827" text="Азербайджан"><tfr rev_id="1468942" t="Азербайджан"><v><l id="5673" t="азербайджан"><g v="NOUN"></g><g v="inan"></g><g v="masc"></g><g v="Geox"></g><g v="sing"></g><g v="nomn"></g></l></v><v><l id="5673" t="азербайджан"><g v="NOUN"></g><g v="inan"></g><g v="masc"></g><g v="Geox"></g><g v="sing"></g><g v="accs"></g></l></v></tfr></token><token id="636828" text=")"><tfr rev_id="1468943" t=")"><v><l id="0" t=")"><g v="PNCT"></g></l></v></tfr></token><token id="636829" text=","><tfr rev_id="1468944" t=","><v><l id="0" t=","><g v="PNCT"></g></l></v></tfr></token><token id="636830" text="который"><tfr rev_id="3637436" t="который"><v><l id="141203" t="который"><g v="ADJF"></g><g v="Apro"></g><g v="Subx"></g><g v="Anph"></g><g v="masc"></g><g v="sing"></g><g v="nomn"></g></l></v><v><l id="141203" t="который"><g v="ADJF"></g><g v="Apro"></g><g v="Subx"></g><g v="Anph"></g><g v="inan"></g><g v="masc"></g><g v="sing"></g><g v="accs"></g></l></v></tfr></token><token id="636831" text="опередил"><tfr rev_id="1468946" t="опередил"><v><l id="206958" t="опередил"><g v="VERB"></g><g v="perf"></g><g v="tran"></g><g v="masc"></g><g v="sing"></g><g v="past"></g><g v="indc"></g></l></v></tfr></token><token id="636832" text="Вишванатана"><tfr rev_id="4389678" t="Вишванатана"><v><l id="45930" t="вишванатан"><g v="NOUN"></g><g v="anim"></g><g v="masc"></g><g v="Name"></g><g v="sing"></g><g v="accs"></g></l></v></tfr></token><token id="636833" text="Ананда"><tfr rev_id="4356516" t="Ананда"><v><l id="12291" t="ананд"><g v="NOUN"></g><g v="anim"></g><g v="masc"></g><g v="Name"></g><g v="sing"></g><g v="accs"></g></l></v></tfr></token><token id="636834" text="("><tfr rev_id="1468949" t="("><v><l id="0" t="("><g v="PNCT"></g></l></v></tfr></token><token id="636835" text="Индия"><tfr rev_id="4290230" t="Индия"><v><l id="122271" t="индия"><g v="NOUN"></g><g v="inan"></g><g v="femn"></g><g v="Sgtm"></g><g v="Geox"></g><g v="sing"></g><g v="nomn"></g></l></v></tfr></token><token id="636836" text=")"><tfr rev_id="1468951" t=")"><v><l id="0" t=")"><g v="PNCT"></g></l></v></tfr></token><token id="636837" text="и"><tfr rev_id="1468952" t="и"><v><l id="116949" t="и"><g v="CONJ"></g></l></v><v><l id="116950" t="и"><g v="INTJ"></g></l></v></tfr></token><token id="636838" text="Юдит"><tfr rev_id="4162680" t="Юдит"><v><l id="386825" t="юдит"><g v="NOUN"></g><g v="anim"></g><g v="femn"></g><g v="Sgtm"></g><g v="Fixd"></g><g v="Name"></g><g v="sing"></g><g v="accs"></g></l></v></tfr></token><token id="636839" text="Полгар"><tfr rev_id="1468954" t="Полгар"><v><l id="0" t="полгар"><g v="UNKN"></g></l></v></tfr></token><token id="636840" text="("><tfr rev_id="1468955" t="("><v><l id="0" t="("><g v="PNCT"></g></l></v></tfr></token><token id="636841" text="Венгрия"><tfr rev_id="1468956" t="Венгрия"><v><l id="40896" t="венгрия"><g v="NOUN"></g><g v="inan"></g><g v="femn"></g><g v="Sgtm"></g><g v="Geox"></g><g v="sing"></g><g v="nomn"></g></l></v></tfr></token><token id="636842" text=")"><tfr rev_id="1468957" t=")"><v><l id="0" t=")"><g v="PNCT"></g></l></v></tfr></token><token id="636843" text="."><tfr rev_id="1468958" t="."><v><l id="0" t="."><g v="PNCT"></g></l></v></tfr></token></tokens></sentence></paragraph><paragraph id="11289"><sentence id="35638"><source>Перед главным турниром был проведен квалификационный турнир, в котором участвовали 170 шахматистов.</source><tokens><token id="636844" text="Перед"><tfr rev_id="2602592" t="Перед"><v><l id="228071" t="перед"><g v="PREP"></g></l></v></tfr></token><token id="636845" text="главным"><tfr rev_id="4296698" t="главным"><v><l id="70842" t="главный"><g v="ADJF"></g><g v="Qual"></g><g v="masc"></g><g v="sing"></g><g v="ablt"></g></l></v></tfr></token><token id="636846" text="турниром"><tfr rev_id="1468961" t="турниром"><v><l id="351849" t="турнир"><g v="NOUN"></g><g v="inan"></g><g v="masc"></g><g v="sing"></g><g v="ablt"></g></l></v></tfr></token><token id="636847" text="был"><tfr rev_id="1468962" t="был"><v><l id="37265" t="есть"><g v="VERB"></g><g v="impf"></g><g v="intr"></g><g v="masc"></g><g v="sing"></g><g v="past"></g><g v="indc"></g></l></v></tfr></token><token id="636848" text="проведен"><tfr rev_id="1468963" t="проведен"><v><l id="277834" t="проведён"><g v="PRTS"></g><g v="perf"></g><g v="past"></g><g v="pssv"></g><g v="masc"></g><g v="sing"></g></l></v></tfr></token><token id="636849" text="квалификационный"><tfr rev_id="1468964" t="квалификационный"><v><l id="131931" t="квалификационный"><g v="ADJF"></g><g v="masc"></g><g v="sing"></g><g v="nomn"></g></l></v><v><l id="131931" t="квалификационный"><g v="ADJF"></g><g v="inan"></g><g v="masc"></g><g v="sing"></g><g v="accs"></g></l></v></tfr></token><token id="636850" text="турнир"><tfr rev_id="4106905" t="турнир"><v><l id="351849" t="турнир"><g v="NOUN"></g><g v="inan"></g><g v="masc"></g><g v="sing"></g><g v="nomn"></g></l></v></tfr></token><token id="636851" text=","><tfr rev_id="1468966" t=","><v><l id="0" t=","><g v="PNCT"></g></l></v></tfr></token><token id="636852" text="в"><tfr rev_id="1468967" t="в"><v><l id="37409" t="в"><g v="PREP"></g></l></v></tfr></token><token id="636853" text="котором"><tfr rev_id="4297857" t="котором"><v><l id="141203" t="который"><g v="ADJF"></g><g v="Apro"></g><g v="Subx"></g><g v="Anph"></g><g v="masc"></g><g v="sing"></g><g v="loct"></g></l></v></tfr></token><token id="636854" text="участвовали"><tfr rev_id="1468969" t="участвовали"><v><l id="363127" t="участвую"><g v="VERB"></g><g v="impf"></g><g v="intr"></g><g v="plur"></g><g v="past"></g><g v="indc"></g></l></v></tfr></token><token id="636855" text="170"><tfr rev_id="2462085" t="170"><v><l id="0" t="170"><g v="NUMB"></g></l></v></tfr></token><token id="636856" text="шахматистов"><tfr rev_id="3704569" t="шахматистов"><v><l id="378571" t="шахматист"><g v="NOUN"></g><g v="anim"></g><g v="masc"></g><g v="plur"></g><g v="gent"></g></l></v></tfr></token><token id="636857" text="."><tfr rev_id="1468972" t="."><v><l id="0" t="."><g v="PNCT"></g></l></v></tfr></token></tokens></sentence><sentence id="35639"><source>Шесть первых из этого турнира были допущены в финальный турнир, ещё восемь участников финального турнира поучили персональные приглашения и двое были отобраны в Интернет на шахматном портале ICC.</source><tokens><token id="636858" text="Шесть"><tfr rev_id="1468973" t="Шесть"><v><l id="379421" t="шесть"><g v="NUMR"></g><g v="nomn"></g></l></v><v><l id="379421" t="шесть"><g v="NUMR"></g><g v="accs"></g></l></v></tfr></token><token id="636859" text="первых"><tfr rev_id="4404903" t="первых"><v><l id="226359" t="первый"><g v="ADJF"></g><g v="Anum"></g><g v="plur"></g><g v="gent"></g></l></v></tfr></token><token id="636860" text="из"><tfr rev_id="2603554" t="из"><v><l id="117677" t="из"><g v="PREP"></g></l></v></tfr></token><token id="636861" text="этого"><tfr rev_id="4433354" t="этого"><v><l id="386581" t="этот"><g v="ADJF"></g><g v="Subx"></g><g v="Apro"></g><g v="Anph"></g><g v="masc"></g><g v="sing"></g><g v="gent"></g></l></v><v><l id="386581" t="этот"><g v="ADJF"></g><g v="Subx"></g><g v="Apro"></g><g v="Anph"></g><g v="anim"></g><g v="masc"></g><g v="sing"></g><g v="accs"></g></l></v></tfr></token><token id="636862" text="турнира"><tfr rev_id="1468977" t="турнира"><v><l id="351849" t="турнир"><g v="NOUN"></g><g v="inan"></g><g v="masc"></g><g v="sing"></g><g v="gent"></g></l></v></tfr></token><token id="636863" text="были"><tfr rev_id="1714771" t="были"><v><l id="37265" t="есть"><g v="VERB"></g><g v="impf"></g><g v="intr"></g><g v="plur"></g><g v="past"></g><g v="indc"></g></l></v></tfr></token><token id="636864" text="допущены"><tfr rev_id="1468979" t="допущены"><v><l id="89501" t="допущен"><g v="PRTS"></g><g v="perf"></g><g v="past"></g><g v="pssv"></g><g v="plur"></g></l></v></tfr></token><token id="636865" text="в"><tfr rev_id="1468980" t="в"><v><l id="37409" t="в"><g v="PREP"></g></l></v></tfr></token><token id="636866" text="финальный"><tfr rev_id="1468981" t="финальный"><v><l id="366071" t="финальный"><g v="ADJF"></g><g v="Qual"></g><g v="masc"></g><g v="sing"></g><g v="nomn"></g></l></v><v><l id="366071" t="финальный"><g v="ADJF"></g><g v="Qual"></g><g v="inan"></g><g v="masc"></g><g v="sing"></g><g v="accs"></g></l></v></tfr></token><token id="636867" text="турнир"><tfr rev_id="1468982" t="турнир"><v><l id="351849" t="турнир"><g v="NOUN"></g><g v="inan"></g><g v="masc"></g><g v="sing"></g><g v="nomn"></g></l></v><v><l id="351849" t="турнир"><g v="NOUN"></g><g v="inan"></g><g v="masc"></g><g v="sing"></g><g v="accs"></g></l></v></tfr></token><token id="636868" text=","><tfr rev_id="1468983" t=","><v><l id="0" t=","><g v="PNCT"></g></l></v></tfr></token><token id="636869" text="ещё"><tfr rev_id="1468984" t="ещё"><v><l id="95551" t="ещё"><g v="PRCL"></g></l></v><v><l id="95552" t="ещё"><g v="ADVB"></g></l></v></tfr></token><token id="636870" text="восемь"><tfr rev_id="1468985" t="восемь"><v><l id="51338" t="восемь"><g v="NUMR"></g><g v="nomn"></g></l></v><v><l id="51338" t="восемь"><g v="NUMR"></g><g v="accs"></g></l></v></tfr></token><token id="636871" text="участников"><tfr rev_id="3945034" t="участников"><v><l id="363151" t="участник"><g v="NOUN"></g><g v="anim"></g><g v="masc"></g><g v="plur"></g><g v="gent"></g></l></v></tfr></token><token id="636872" text="финального"><tfr rev_id="3539172" t="финального"><v><l id="366071" t="финальный"><g v="ADJF"></g><g v="Qual"></g><g v="masc"></g><g v="sing"></g><g v="gent"></g></l></v><v><l id="366071" t="финальный"><g v="ADJF"></g><g v="Qual"></g><g v="anim"></g><g v="masc"></g><g v="sing"></g><g v="accs"></g></l></v></tfr></token><token id="636873" text="турнира"><tfr rev_id="1468988" t="турнира"><v><l id="351849" t="турнир"><g v="NOUN"></g><g v="inan"></g><g v="masc"></g><g v="sing"></g><g v="gent"></g></l></v></tfr></token><token id="636874" text="поучили"><tfr rev_id="1468989" t="поучили"><v><l id="264063" t="поучил"><g v="VERB"></g><g v="perf"></g><g v="tran"></g><g v="plur"></g><g v="past"></g><g v="indc"></g></l></v></tfr></token><token id="636875" text="персональные"><tfr rev_id="3795108" t="персональные"><v><l id="237462" t="персональный"><g v="ADJF"></g><g v="inan"></g><g v="plur"></g><g v="accs"></g></l></v></tfr></token><token id="636876" text="приглашения"><tfr rev_id="3718421" t="приглашения"><v><l id="269744" t="приглашение"><g v="NOUN"></g><g v="inan"></g><g v="neut"></g><g v="plur"></g><g v="accs"></g></l></v></tfr></token><token id="636877" text="и"><tfr rev_id="1468992" t="и"><v><l id="116949" t="и"><g v="CONJ"></g></l></v><v><l id="116950" t="и"><g v="INTJ"></g></l></v></tfr></token><token id="636878" text="двое"><tfr rev_id="1468993" t="двое"><v><l id="78866" t="двое"><g v="NUMR"></g><g v="Coll"></g><g v="nomn"></g></l></v><v><l id="78866" t="двое"><g v="NUMR"></g><g v="Coll"></g><g v="inan"></g><g v="accs"></g></l></v></tfr></token><token id="636879" text="были"><tfr rev_id="1715557" t="были"><v><l id="37265" t="есть"><g v="VERB"></g><g v="impf"></g><g v="intr"></g><g v="plur"></g><g v="past"></g><g v="indc"></g></l></v></tfr></token><token id="636880" text="отобраны"><tfr rev_id="1468995" t="отобраны"><v><l id="215993" t="отобран"><g v="PRTS"></g><g v="perf"></g><g v="past"></g><g v="pssv"></g><g v="plur"></g></l></v></tfr></token><token id="636881" text="в"><tfr rev_id="1468996" t="в"><v><l id="37409" t="в"><g v="PREP"></g></l></v></tfr></token><token id="636882" text="Интернет"><tfr rev_id="4324225" t="Интернет"><v><l id="123255" t="интернет"><g v="NOUN"></g><g v="inan"></g><g v="masc"></g><g v="sing"></g><g v="loct"></g><g v="Infr"></g></l></v></tfr></token><token id="636883" text="на"><tfr rev_id="3397851" t="на"><v><l id="166264" t="на"><g v="PREP"></g></l></v></tfr></token><token id="636884" text="шахматном"><tfr rev_id="4165302" t="шахматном"><v><l id="378575" t="шахматный"><g v="ADJF"></g><g v="Qual"></g><g v="masc"></g><g v="sing"></g><g v="loct"></g></l></v></tfr></token><token id="636885" text="портале"><tfr rev_id="1469000" t="портале"><v><l id="260539" t="портал"><g v="NOUN"></g><g v="inan"></g><g v="masc"></g><g v="sing"></g><g v="loct"></g></l></v></tfr></token><token id="636886" text="ICC"><tfr rev_id="2627552" t="ICC"><v><l id="0" t="ICC"><g v="LATN"></g></l></v></tfr></token><token id="636887" text="."><tfr rev_id="1469002" t="."><v><l id="0" t="."><g v="PNCT"></g></l></v></tfr></token></tokens></sentence></paragraph></paragraphs></text>