<?xml version="1.0" encoding="utf-8"?><text id="1224" parent="226" name="Защитников Химкинского леса жестоко избили"><tags><tag>url:http://www.chaskor.ru/news/zashchitnikov_himkinskogo_lesa_zhestoko_izbili</tag><tag>Год:2010</tag><tag>Дата:23/07</tag><tag>Тема:ЧасКор:Общество</tag><tag>Тема:ЧасКор:Общество/ЧП</tag></tags><paragraphs><paragraph id="11293"><sentence id="35655"><source>Защитников Химкинского леса жестоко избили</source><tokens><token id="637122" text="Защитников"><tfr rev_id="4202401" t="Защитников"><v><l id="114250" t="защитник"><g v="NOUN"></g><g v="anim"></g><g v="masc"></g><g v="plur"></g><g v="accs"></g></l></v></tfr></token><token id="637123" text="Химкинского"><tfr rev_id="3468745" t="Химкинского"><v><l id="370211" t="химкинский"><g v="ADJF"></g><g v="masc"></g><g v="sing"></g><g v="gent"></g></l></v><v><l id="370211" t="химкинский"><g v="ADJF"></g><g v="anim"></g><g v="masc"></g><g v="sing"></g><g v="accs"></g></l></v></tfr></token><token id="637124" text="леса"><tfr rev_id="4286641" t="леса"><v><l id="148350" t="лес"><g v="NOUN"></g><g v="inan"></g><g v="masc"></g><g v="sing"></g><g v="gen1"></g></l></v></tfr></token><token id="637125" text="жестоко"><tfr rev_id="4239283" t="жестоко"><v><l id="96923" t="жестоко"><g v="ADVB"></g></l></v></tfr></token><token id="637126" text="избили"><tfr rev_id="1469241" t="избили"><v><l id="117835" t="избил"><g v="VERB"></g><g v="perf"></g><g v="tran"></g><g v="plur"></g><g v="past"></g><g v="indc"></g></l></v></tfr></token></tokens></sentence><sentence id="35656"><source>Активистов сначала атаковали неизвестные в масках, а затем задержал ОМОН.</source><tokens><token id="637127" text="Активистов"><tfr rev_id="3540811" t="Активистов"><v><l id="7658" t="активист"><g v="NOUN"></g><g v="anim"></g><g v="masc"></g><g v="plur"></g><g v="accs"></g></l></v></tfr></token><token id="637128" text="сначала"><tfr rev_id="1469243" t="сначала"><v><l id="327200" t="сначала"><g v="ADVB"></g></l></v></tfr></token><token id="637129" text="атаковали"><tfr rev_id="1469244" t="атаковали"><v><l id="19320" t="атаковал"><g v="VERB"></g><g v="perf"></g><g v="tran"></g><g v="plur"></g><g v="past"></g><g v="indc"></g></l></v><v><l id="19321" t="атакую"><g v="VERB"></g><g v="impf"></g><g v="tran"></g><g v="plur"></g><g v="past"></g><g v="indc"></g></l></v></tfr></token><token id="637130" text="неизвестные"><tfr rev_id="4075494" t="неизвестные"><v><l id="182657" t="неизвестный"><g v="ADJF"></g><g v="Qual"></g><g v="plur"></g><g v="nomn"></g></l></v></tfr></token><token id="637131" text="в"><tfr rev_id="1469246" t="в"><v><l id="37409" t="в"><g v="PREP"></g></l></v></tfr></token><token id="637132" text="масках"><tfr rev_id="1469247" t="масках"><v><l id="155747" t="маска"><g v="NOUN"></g><g v="inan"></g><g v="femn"></g><g v="plur"></g><g v="loct"></g></l></v></tfr></token><token id="637133" text=","><tfr rev_id="1469248" t=","><v><l id="0" t=","><g v="PNCT"></g></l></v></tfr></token><token id="637134" text="а"><tfr rev_id="3539643" t="а"><v><l id="51" t="а"><g v="CONJ"></g></l></v></tfr></token><token id="637135" text="затем"><tfr rev_id="1469250" t="затем"><v><l id="111250" t="затем"><g v="ADVB"></g><g v="Dmns"></g></l></v></tfr></token><token id="637136" text="задержал"><tfr rev_id="1469251" t="задержал"><v><l id="101569" t="задержал"><g v="VERB"></g><g v="perf"></g><g v="tran"></g><g v="masc"></g><g v="sing"></g><g v="past"></g><g v="indc"></g></l></v></tfr></token><token id="637137" text="ОМОН"><tfr rev_id="4318815" t="ОМОН"><v><l id="206409" t="омон"><g v="NOUN"></g><g v="inan"></g><g v="masc"></g><g v="Abbr"></g><g v="Orgn"></g><g v="sing"></g><g v="nomn"></g></l></v><v><l id="206409" t="омон"><g v="NOUN"></g><g v="inan"></g><g v="masc"></g><g v="Abbr"></g><g v="Orgn"></g><g v="sing"></g><g v="accs"></g></l></v></tfr></token><token id="637138" text="."><tfr rev_id="1469253" t="."><v><l id="0" t="."><g v="PNCT"></g></l></v></tfr></token></tokens></sentence></paragraph><paragraph id="11294"><sentence id="35657"><source>Ранним утром на лагерь экологов, противостоящих вырубке Химкинского леса в районе аэропорта «Шереметьево», было совершено жестокое нападение.</source><tokens><token id="637139" text="Ранним"><tfr rev_id="4104639" t="Ранним"><v><l id="297967" t="ранний"><g v="ADJF"></g><g v="neut"></g><g v="sing"></g><g v="ablt"></g></l></v></tfr></token><token id="637140" text="утром"><tfr rev_id="4264679" t="утром"><v><l id="362468" t="утро"><g v="NOUN"></g><g v="inan"></g><g v="neut"></g><g v="sing"></g><g v="ablt"></g></l></v></tfr></token><token id="637141" text="на"><tfr rev_id="3345366" t="на"><v><l id="166264" t="на"><g v="PREP"></g></l></v></tfr></token><token id="637142" text="лагерь"><tfr rev_id="4108154" t="лагерь"><v><l id="146268" t="лагерь"><g v="NOUN"></g><g v="inan"></g><g v="masc"></g><g v="sing"></g><g v="accs"></g></l></v></tfr></token><token id="637143" text="экологов"><tfr rev_id="4098180" t="экологов"><v><l id="383319" t="эколог"><g v="NOUN"></g><g v="anim"></g><g v="masc"></g><g v="plur"></g><g v="gent"></g></l></v></tfr></token><token id="637144" text=","><tfr rev_id="1469259" t=","><v><l id="0" t=","><g v="PNCT"></g></l></v></tfr></token><token id="637145" text="противостоящих"><tfr rev_id="1469260" t="противостоящих"><v><l id="286162" t="противостоящий"><g v="PRTF"></g><g v="impf"></g><g v="intr"></g><g v="pres"></g><g v="actv"></g><g v="plur"></g><g v="gent"></g></l></v><v><l id="286162" t="противостоящий"><g v="PRTF"></g><g v="impf"></g><g v="intr"></g><g v="pres"></g><g v="actv"></g><g v="anim"></g><g v="plur"></g><g v="accs"></g></l></v><v><l id="286162" t="противостоящий"><g v="PRTF"></g><g v="impf"></g><g v="intr"></g><g v="pres"></g><g v="actv"></g><g v="plur"></g><g v="loct"></g></l></v><v><l id="286165" t="противостоящий"><g v="ADJF"></g><g v="plur"></g><g v="gent"></g></l></v><v><l id="286165" t="противостоящий"><g v="ADJF"></g><g v="anim"></g><g v="plur"></g><g v="accs"></g></l></v><v><l id="286165" t="противостоящий"><g v="ADJF"></g><g v="plur"></g><g v="loct"></g></l></v></tfr></token><token id="637146" text="вырубке"><tfr rev_id="3447737" t="вырубке"><v><l id="61411" t="вырубка"><g v="NOUN"></g><g v="inan"></g><g v="femn"></g><g v="sing"></g><g v="datv"></g></l></v></tfr></token><token id="637147" text="Химкинского"><tfr rev_id="3472454" t="Химкинского"><v><l id="370211" t="химкинский"><g v="ADJF"></g><g v="masc"></g><g v="sing"></g><g v="gent"></g></l></v><v><l id="370211" t="химкинский"><g v="ADJF"></g><g v="anim"></g><g v="masc"></g><g v="sing"></g><g v="accs"></g></l></v></tfr></token><token id="637148" text="леса"><tfr rev_id="4286767" t="леса"><v><l id="148350" t="лес"><g v="NOUN"></g><g v="inan"></g><g v="masc"></g><g v="sing"></g><g v="gen1"></g></l></v></tfr></token><token id="637149" text="в"><tfr rev_id="1469264" t="в"><v><l id="37409" t="в"><g v="PREP"></g></l></v></tfr></token><token id="637150" text="районе"><tfr rev_id="1469265" t="районе"><v><l id="297595" t="район"><g v="NOUN"></g><g v="inan"></g><g v="masc"></g><g v="sing"></g><g v="loct"></g></l></v></tfr></token><token id="637151" text="аэропорта"><tfr rev_id="1469266" t="аэропорта"><v><l id="21366" t="аэропорт"><g v="NOUN"></g><g v="inan"></g><g v="masc"></g><g v="sing"></g><g v="gent"></g></l></v></tfr></token><token id="637152" text="«"><tfr rev_id="2445016" t="«"><v><l id="0" t="«"><g v="PNCT"></g></l></v></tfr></token><token id="637153" text="Шереметьево"><tfr rev_id="4083615" t="Шереметьево"><v><l id="379215" t="шереметьево"><g v="NOUN"></g><g v="inan"></g><g v="neut"></g><g v="Sgtm"></g><g v="Geox"></g><g v="sing"></g><g v="nomn"></g></l></v></tfr></token><token id="637154" text="»"><tfr rev_id="2445017" t="»"><v><l id="0" t="»"><g v="PNCT"></g></l></v></tfr></token><token id="637155" text=","><tfr rev_id="1469270" t=","><v><l id="0" t=","><g v="PNCT"></g></l></v></tfr></token><token id="637156" text="было"><tfr rev_id="3125102" t="было"><v><l id="37265" t="есть"><g v="VERB"></g><g v="impf"></g><g v="intr"></g><g v="neut"></g><g v="sing"></g><g v="past"></g><g v="indc"></g></l></v></tfr></token><token id="637157" text="совершено"><tfr rev_id="1469272" t="совершено"><v><l id="327928" t="совершён"><g v="PRTS"></g><g v="perf"></g><g v="past"></g><g v="pssv"></g><g v="neut"></g><g v="sing"></g></l></v></tfr></token><token id="637158" text="жестокое"><tfr rev_id="1469273" t="жестокое"><v><l id="96919" t="жестокий"><g v="ADJF"></g><g v="Qual"></g><g v="neut"></g><g v="sing"></g><g v="nomn"></g></l></v><v><l id="96919" t="жестокий"><g v="ADJF"></g><g v="Qual"></g><g v="neut"></g><g v="sing"></g><g v="accs"></g></l></v></tfr></token><token id="637159" text="нападение"><tfr rev_id="3551662" t="нападение"><v><l id="173117" t="нападение"><g v="NOUN"></g><g v="inan"></g><g v="neut"></g><g v="sing"></g><g v="nomn"></g></l></v></tfr></token><token id="637160" text="."><tfr rev_id="1469275" t="."><v><l id="0" t="."><g v="PNCT"></g></l></v></tfr></token></tokens></sentence><sentence id="35658"><source>Защитников флоры атаковали около 05:00 часов примерно полсотни неизвестных в масках, похожих на ультраправых футбольных фанатов.</source><tokens><token id="637161" text="Защитников"><tfr rev_id="4202421" t="Защитников"><v><l id="114250" t="защитник"><g v="NOUN"></g><g v="anim"></g><g v="masc"></g><g v="plur"></g><g v="accs"></g></l></v></tfr></token><token id="637162" text="флоры"><tfr rev_id="4337140" t="флоры"><v><l id="366600" t="флора"><g v="NOUN"></g><g v="inan"></g><g v="femn"></g><g v="sing"></g><g v="gent"></g></l></v></tfr></token><token id="637163" text="атаковали"><tfr rev_id="1469278" t="атаковали"><v><l id="19320" t="атаковал"><g v="VERB"></g><g v="perf"></g><g v="tran"></g><g v="plur"></g><g v="past"></g><g v="indc"></g></l></v><v><l id="19321" t="атакую"><g v="VERB"></g><g v="impf"></g><g v="tran"></g><g v="plur"></g><g v="past"></g><g v="indc"></g></l></v></tfr></token><token id="637164" text="около"><tfr rev_id="4422515" t="около"><v><l id="205005" t="около"><g v="PREP"></g></l></v></tfr></token><token id="637165" text="05:00"><tfr rev_id="4567400" t="05:00"><v><l id="0" t="05:00"><g v="TIME"></g></l></v></tfr></token><token id="637166" text="часов"><tfr rev_id="1469281" t="часов"><v><l id="374736" t="час"><g v="NOUN"></g><g v="inan"></g><g v="masc"></g><g v="plur"></g><g v="gent"></g></l></v><v><l id="374822" t="часы"><g v="NOUN"></g><g v="inan"></g><g v="GNdr"></g><g v="Pltm"></g><g v="plur"></g><g v="gent"></g></l></v></tfr></token><token id="637167" text="примерно"><tfr rev_id="2691015" t="примерно"><v><l id="272014" t="примерно"><g v="ADVB"></g></l></v><v><l id="272017" t="примерен"><g v="ADJS"></g><g v="Qual"></g><g v="neut"></g><g v="sing"></g></l></v><v><l id="388671" t="примерно"><g v="PRCL"></g></l></v></tfr></token><token id="637168" text="полсотни"><tfr rev_id="3551658" t="полсотни"><v><l id="256543" t="полсотни"><g v="NOUN"></g><g v="inan"></g><g v="neut"></g><g v="sing"></g><g v="nomn"></g></l></v></tfr></token><token id="637169" text="неизвестных"><tfr rev_id="3884845" t="неизвестных"><v><l id="182657" t="неизвестный"><g v="ADJF"></g><g v="Qual"></g><g v="plur"></g><g v="gent"></g></l></v></tfr></token><token id="637170" text="в"><tfr rev_id="1469285" t="в"><v><l id="37409" t="в"><g v="PREP"></g></l></v></tfr></token><token id="637171" text="масках"><tfr rev_id="1469286" t="масках"><v><l id="155747" t="маска"><g v="NOUN"></g><g v="inan"></g><g v="femn"></g><g v="plur"></g><g v="loct"></g></l></v></tfr></token><token id="637172" text=","><tfr rev_id="1469287" t=","><v><l id="0" t=","><g v="PNCT"></g></l></v></tfr></token><token id="637173" text="похожих"><tfr rev_id="4359449" t="похожих"><v><l id="264398" t="похожий"><g v="ADJF"></g><g v="Qual"></g><g v="plur"></g><g v="gent"></g></l></v></tfr></token><token id="637174" text="на"><tfr rev_id="3333817" t="на"><v><l id="166264" t="на"><g v="PREP"></g></l></v></tfr></token><token id="637175" text="ультраправых"><tfr rev_id="4390423" t="ультраправых"><v><l id="357134" t="ультраправый"><g v="ADJF"></g><g v="anim"></g><g v="plur"></g><g v="accs"></g></l></v></tfr></token><token id="637176" text="футбольных"><tfr rev_id="4578297" t="футбольных"><v><l id="368776" t="футбольный"><g v="ADJF"></g><g v="anim"></g><g v="plur"></g><g v="accs"></g></l></v></tfr></token><token id="637177" text="фанатов"><tfr rev_id="4382973" t="фанатов"><v><l id="364350" t="фанат"><g v="NOUN"></g><g v="anim"></g><g v="masc"></g><g v="plur"></g><g v="accs"></g></l></v></tfr></token><token id="637178" text="."><tfr rev_id="1469293" t="."><v><l id="0" t="."><g v="PNCT"></g></l></v></tfr></token></tokens></sentence><sentence id="35659"><source>Нападавшие были одеты в шорты, майки и кроссовки, их лица были замотаны белыми майками с цифрой 19.</source><tokens><token id="637179" text="Нападавшие"><tfr rev_id="1469294" t="Нападавшие"><v><l id="173110" t="нападавший"><g v="PRTF"></g><g v="impf"></g><g v="intr"></g><g v="past"></g><g v="actv"></g><g v="plur"></g><g v="nomn"></g></l></v><v><l id="173110" t="нападавший"><g v="PRTF"></g><g v="impf"></g><g v="intr"></g><g v="past"></g><g v="actv"></g><g v="inan"></g><g v="plur"></g><g v="accs"></g></l></v><v><l id="173114" t="нападавший"><g v="PRTF"></g><g v="perf"></g><g v="intr"></g><g v="past"></g><g v="actv"></g><g v="plur"></g><g v="nomn"></g></l></v><v><l id="173114" t="нападавший"><g v="PRTF"></g><g v="perf"></g><g v="intr"></g><g v="past"></g><g v="actv"></g><g v="inan"></g><g v="plur"></g><g v="accs"></g></l></v></tfr></token><token id="637180" text="были"><tfr rev_id="1715563" t="были"><v><l id="37265" t="есть"><g v="VERB"></g><g v="impf"></g><g v="intr"></g><g v="plur"></g><g v="past"></g><g v="indc"></g></l></v></tfr></token><token id="637181" text="одеты"><tfr rev_id="1469296" t="одеты"><v><l id="203297" t="одет"><g v="ADJS"></g><g v="Qual"></g><g v="plur"></g></l></v><v><l id="203303" t="одет"><g v="PRTS"></g><g v="perf"></g><g v="past"></g><g v="pssv"></g><g v="plur"></g></l></v></tfr></token><token id="637182" text="в"><tfr rev_id="1469297" t="в"><v><l id="37409" t="в"><g v="PREP"></g></l></v></tfr></token><token id="637183" text="шорты"><tfr rev_id="3701265" t="шорты"><v><l id="380796" t="шорты"><g v="NOUN"></g><g v="inan"></g><g v="GNdr"></g><g v="Pltm"></g><g v="plur"></g><g v="accs"></g></l></v></tfr></token><token id="637184" text=","><tfr rev_id="1469299" t=","><v><l id="0" t=","><g v="PNCT"></g></l></v></tfr></token><token id="637185" text="майки"><tfr rev_id="3796158" t="майки"><v><l id="153171" t="майка"><g v="NOUN"></g><g v="inan"></g><g v="femn"></g><g v="plur"></g><g v="accs"></g></l></v></tfr></token><token id="637186" text="и"><tfr rev_id="1469301" t="и"><v><l id="116949" t="и"><g v="CONJ"></g></l></v><v><l id="116950" t="и"><g v="INTJ"></g></l></v></tfr></token><token id="637187" text="кроссовки"><tfr rev_id="3284695" t="кроссовки"><v><l id="143389" t="кроссовок"><g v="NOUN"></g><g v="inan"></g><g v="masc"></g><g v="plur"></g><g v="accs"></g></l></v></tfr></token><token id="637188" text=","><tfr rev_id="1469303" t=","><v><l id="0" t=","><g v="PNCT"></g></l></v></tfr></token><token id="637189" text="их"><tfr rev_id="4511073" t="их"><v><l id="127205" t="их"><g v="ADJF"></g><g v="Fixd"></g><g v="Apro"></g><g v="Anph"></g><g v="plur"></g><g v="nomn"></g></l></v><v><l id="127205" t="их"><g v="ADJF"></g><g v="Fixd"></g><g v="Apro"></g><g v="Anph"></g><g v="plur"></g><g v="gent"></g></l></v><v><l id="127205" t="их"><g v="ADJF"></g><g v="Fixd"></g><g v="Apro"></g><g v="Anph"></g><g v="plur"></g><g v="datv"></g></l></v><v><l id="127205" t="их"><g v="ADJF"></g><g v="Fixd"></g><g v="Apro"></g><g v="Anph"></g><g v="plur"></g><g v="accs"></g></l></v><v><l id="127205" t="их"><g v="ADJF"></g><g v="Fixd"></g><g v="Apro"></g><g v="Anph"></g><g v="plur"></g><g v="ablt"></g></l></v><v><l id="127205" t="их"><g v="ADJF"></g><g v="Fixd"></g><g v="Apro"></g><g v="Anph"></g><g v="plur"></g><g v="loct"></g></l></v></tfr></token><token id="637190" text="лица"><tfr rev_id="4292643" t="лица"><v><l id="150190" t="лицо"><g v="NOUN"></g><g v="inan"></g><g v="neut"></g><g v="plur"></g><g v="nomn"></g></l></v></tfr></token><token id="637191" text="были"><tfr rev_id="1715721" t="были"><v><l id="37265" t="есть"><g v="VERB"></g><g v="impf"></g><g v="intr"></g><g v="plur"></g><g v="past"></g><g v="indc"></g></l></v></tfr></token><token id="637192" text="замотаны"><tfr rev_id="1469307" t="замотаны"><v><l id="105871" t="замотан"><g v="PRTS"></g><g v="perf"></g><g v="past"></g><g v="pssv"></g><g v="plur"></g></l></v></tfr></token><token id="637193" text="белыми"><tfr rev_id="4154409" t="белыми"><v><l id="27334" t="белый"><g v="ADJF"></g><g v="Qual"></g><g v="plur"></g><g v="ablt"></g></l></v></tfr></token><token id="637194" text="майками"><tfr rev_id="3493110" t="майками"><v><l id="153171" t="майка"><g v="NOUN"></g><g v="inan"></g><g v="femn"></g><g v="plur"></g><g v="ablt"></g></l></v></tfr></token><token id="637195" text="с"><tfr rev_id="1469310" t="с"><v><l id="311151" t="с"><g v="PREP"></g></l></v></tfr></token><token id="637196" text="цифрой"><tfr rev_id="1469311" t="цифрой"><v><l id="374165" t="цифра"><g v="NOUN"></g><g v="inan"></g><g v="femn"></g><g v="sing"></g><g v="ablt"></g></l></v></tfr></token><token id="637197" text="19"><tfr rev_id="2462090" t="19"><v><l id="0" t="19"><g v="NUMB"></g></l></v></tfr></token><token id="637198" text="."><tfr rev_id="1469313" t="."><v><l id="0" t="."><g v="PNCT"></g></l></v></tfr></token></tokens></sentence><sentence id="35660"><source>«Они окружили лагерь, включили технику, а нам сказали: «Мы пришли убирать и убивать».</source><tokens><token id="637199" text="«"><tfr rev_id="2445018" t="«"><v><l id="0" t="«"><g v="PNCT"></g></l></v></tfr></token><token id="637200" text="Они"><tfr rev_id="3599410" t="Они"><v><l id="206619" t="они"><g v="NPRO"></g><g v="3per"></g><g v="Anph"></g><g v="plur"></g><g v="nomn"></g></l></v></tfr></token><token id="637201" text="окружили"><tfr rev_id="1469316" t="окружили"><v><l id="205538" t="окружил"><g v="VERB"></g><g v="perf"></g><g v="tran"></g><g v="plur"></g><g v="past"></g><g v="indc"></g></l></v></tfr></token><token id="637202" text="лагерь"><tfr rev_id="3689232" t="лагерь"><v><l id="146268" t="лагерь"><g v="NOUN"></g><g v="inan"></g><g v="masc"></g><g v="sing"></g><g v="accs"></g></l></v></tfr></token><token id="637203" text=","><tfr rev_id="1469318" t=","><v><l id="0" t=","><g v="PNCT"></g></l></v></tfr></token><token id="637204" text="включили"><tfr rev_id="1469319" t="включили"><v><l id="46210" t="включил"><g v="VERB"></g><g v="perf"></g><g v="tran"></g><g v="plur"></g><g v="past"></g><g v="indc"></g></l></v></tfr></token><token id="637205" text="технику"><tfr rev_id="3470633" t="технику"><v><l id="345936" t="техника"><g v="NOUN"></g><g v="inan"></g><g v="femn"></g><g v="sing"></g><g v="accs"></g></l></v></tfr></token><token id="637206" text=","><tfr rev_id="1469321" t=","><v><l id="0" t=","><g v="PNCT"></g></l></v></tfr></token><token id="637207" text="а"><tfr rev_id="1469322" t="а"><v><l id="51" t="а"><g v="CONJ"></g></l></v><v><l id="52" t="а"><g v="INTJ"></g></l></v><v><l id="53" t="а"><g v="PRCL"></g></l></v></tfr></token><token id="637208" text="нам"><tfr rev_id="1469323" t="нам"><v><l id="165750" t="мы"><g v="NPRO"></g><g v="1per"></g><g v="plur"></g><g v="datv"></g></l></v></tfr></token><token id="637209" text="сказали"><tfr rev_id="1469324" t="сказали"><v><l id="321532" t="сказал"><g v="VERB"></g><g v="perf"></g><g v="tran"></g><g v="plur"></g><g v="past"></g><g v="indc"></g></l></v></tfr></token><token id="637210" text=":"><tfr rev_id="1469325" t=":"><v><l id="0" t=":"><g v="PNCT"></g></l></v></tfr></token><token id="637211" text="«"><tfr rev_id="2445019" t="«"><v><l id="0" t="«"><g v="PNCT"></g></l></v></tfr></token><token id="637212" text="Мы"><tfr rev_id="1469327" t="Мы"><v><l id="165750" t="мы"><g v="NPRO"></g><g v="1per"></g><g v="plur"></g><g v="nomn"></g></l></v></tfr></token><token id="637213" text="пришли"><tfr rev_id="1469328" t="пришли"><v><l id="270737" t="пришёл"><g v="VERB"></g><g v="perf"></g><g v="intr"></g><g v="plur"></g><g v="past"></g><g v="indc"></g></l></v><v><l id="274244" t="прислал"><g v="VERB"></g><g v="perf"></g><g v="tran"></g><g v="sing"></g><g v="impr"></g><g v="excl"></g></l></v></tfr></token><token id="637214" text="убирать"><tfr rev_id="1469329" t="убирать"><v><l id="353004" t="убирать"><g v="INFN"></g><g v="impf"></g><g v="tran"></g></l></v></tfr></token><token id="637215" text="и"><tfr rev_id="1469330" t="и"><v><l id="116949" t="и"><g v="CONJ"></g></l></v><v><l id="116950" t="и"><g v="INTJ"></g></l></v></tfr></token><token id="637216" text="убивать"><tfr rev_id="1469331" t="убивать"><v><l id="352978" t="убивать"><g v="INFN"></g><g v="impf"></g><g v="tran"></g></l></v></tfr></token><token id="637217" text="»"><tfr rev_id="2445020" t="»"><v><l id="0" t="»"><g v="PNCT"></g></l></v></tfr></token><token id="637218" text="."><tfr rev_id="1469333" t="."><v><l id="0" t="."><g v="PNCT"></g></l></v></tfr></token></tokens></sentence><sentence id="35661"><source>Устроили жуткую драку.</source><tokens><token id="637219" text="Устроили"><tfr rev_id="1469334" t="Устроили"><v><l id="361242" t="устроил"><g v="VERB"></g><g v="perf"></g><g v="tran"></g><g v="plur"></g><g v="past"></g><g v="indc"></g></l></v></tfr></token><token id="637220" text="жуткую"><tfr rev_id="1469335" t="жуткую"><v><l id="97996" t="жуткий"><g v="ADJF"></g><g v="Qual"></g><g v="femn"></g><g v="sing"></g><g v="accs"></g></l></v></tfr></token><token id="637221" text="драку"><tfr rev_id="1469336" t="драку"><v><l id="91683" t="драка"><g v="NOUN"></g><g v="inan"></g><g v="femn"></g><g v="sing"></g><g v="accs"></g></l></v></tfr></token><token id="637222" text="."><tfr rev_id="1469337" t="."><v><l id="0" t="."><g v="PNCT"></g></l></v></tfr></token></tokens></sentence><sentence id="35662"><source>Одной девушке повредили руку, а ещё одному активисту — шею.</source><tokens><token id="637223" text="Одной"><tfr rev_id="4302353" t="Одной"><v><l id="203319" t="один"><g v="ADJF"></g><g v="Apro"></g><g v="Anum"></g><g v="femn"></g><g v="sing"></g><g v="datv"></g></l></v></tfr></token><token id="637224" text="девушке"><tfr rev_id="3550014" t="девушке"><v><l id="79399" t="девушка"><g v="NOUN"></g><g v="anim"></g><g v="femn"></g><g v="sing"></g><g v="datv"></g></l></v></tfr></token><token id="637225" text="повредили"><tfr rev_id="1469340" t="повредили"><v><l id="242724" t="повредил"><g v="VERB"></g><g v="perf"></g><g v="tran"></g><g v="plur"></g><g v="past"></g><g v="indc"></g></l></v></tfr></token><token id="637226" text="руку"><tfr rev_id="1469341" t="руку"><v><l id="309953" t="рука"><g v="NOUN"></g><g v="inan"></g><g v="femn"></g><g v="sing"></g><g v="accs"></g></l></v></tfr></token><token id="637227" text=","><tfr rev_id="1469342" t=","><v><l id="0" t=","><g v="PNCT"></g></l></v></tfr></token><token id="637228" text="а"><tfr rev_id="1469343" t="а"><v><l id="51" t="а"><g v="CONJ"></g></l></v><v><l id="52" t="а"><g v="INTJ"></g></l></v><v><l id="53" t="а"><g v="PRCL"></g></l></v></tfr></token><token id="637229" text="ещё"><tfr rev_id="1469344" t="ещё"><v><l id="95551" t="ещё"><g v="PRCL"></g></l></v><v><l id="95552" t="ещё"><g v="ADVB"></g></l></v></tfr></token><token id="637230" text="одному"><tfr rev_id="4301015" t="одному"><v><l id="203319" t="один"><g v="ADJF"></g><g v="Apro"></g><g v="Anum"></g><g v="masc"></g><g v="sing"></g><g v="datv"></g></l></v></tfr></token><token id="637231" text="активисту"><tfr rev_id="1469346" t="активисту"><v><l id="7658" t="активист"><g v="NOUN"></g><g v="anim"></g><g v="masc"></g><g v="sing"></g><g v="datv"></g></l></v></tfr></token><token id="637232" text="—"><tfr rev_id="2445021" t="—"><v><l id="0" t="—"><g v="PNCT"></g></l></v></tfr></token><token id="637233" text="шею"><tfr rev_id="1469348" t="шею"><v><l id="379441" t="шея"><g v="NOUN"></g><g v="inan"></g><g v="femn"></g><g v="sing"></g><g v="accs"></g></l></v></tfr></token><token id="637234" text="."><tfr rev_id="1469349" t="."><v><l id="0" t="."><g v="PNCT"></g></l></v></tfr></token></tokens></sentence><sentence id="35663"><source>Мы все вместе пошли к ним, сказали, что вызвали милицию, и потребовали порубочные билеты, которых у них не оказалось»,</source><tokens><token id="637235" text="Мы"><tfr rev_id="1469350" t="Мы"><v><l id="165750" t="мы"><g v="NPRO"></g><g v="1per"></g><g v="plur"></g><g v="nomn"></g></l></v></tfr></token><token id="637236" text="все"><tfr rev_id="4538336" t="все"><v><l id="42156" t="весь"><g v="ADJF"></g><g v="Subx"></g><g v="Apro"></g><g v="inan"></g><g v="plur"></g><g v="accs"></g></l></v><v><l id="42156" t="весь"><g v="ADJF"></g><g v="Subx"></g><g v="Apro"></g><g v="plur"></g><g v="nomn"></g></l></v></tfr></token><token id="637237" text="вместе"><tfr rev_id="1469352" t="вместе"><v><l id="47122" t="вместе"><g v="ADVB"></g></l></v></tfr></token><token id="637238" text="пошли"><tfr rev_id="1469353" t="пошли"><v><l id="253964" t="пошёл"><g v="VERB"></g><g v="perf"></g><g v="intr"></g><g v="plur"></g><g v="past"></g><g v="indc"></g></l></v><v><l id="261532" t="послал"><g v="VERB"></g><g v="perf"></g><g v="tran"></g><g v="sing"></g><g v="impr"></g><g v="excl"></g></l></v></tfr></token><token id="637239" text="к"><tfr rev_id="1469354" t="к"><v><l id="127460" t="к"><g v="PREP"></g></l></v></tfr></token><token id="637240" text="ним"><tfr rev_id="4530599" t="ним"><v><l id="206619" t="они"><g v="NPRO"></g><g v="3per"></g><g v="Anph"></g><g v="plur"></g><g v="datv"></g><g v="Af-p"></g></l></v></tfr></token><token id="637241" text=","><tfr rev_id="1469356" t=","><v><l id="0" t=","><g v="PNCT"></g></l></v></tfr></token><token id="637242" text="сказали"><tfr rev_id="1469357" t="сказали"><v><l id="321532" t="сказал"><g v="VERB"></g><g v="perf"></g><g v="tran"></g><g v="plur"></g><g v="past"></g><g v="indc"></g></l></v></tfr></token><token id="637243" text=","><tfr rev_id="1469358" t=","><v><l id="0" t=","><g v="PNCT"></g></l></v></tfr></token><token id="637244" text="что"><tfr rev_id="3197124" t="что"><v><l id="377004" t="что"><g v="CONJ"></g></l></v><v><l id="377005" t="что"><g v="NPRO"></g><g v="neut"></g><g v="sing"></g><g v="nomn"></g></l></v><v><l id="377005" t="что"><g v="NPRO"></g><g v="neut"></g><g v="sing"></g><g v="accs"></g></l></v><v><l id="377006" t="что"><g v="ADVB"></g><g v="Ques"></g></l></v><v><l id="388695" t="что"><g v="PRCL"></g></l></v></tfr></token><token id="637245" text="вызвали"><tfr rev_id="1469360" t="вызвали"><v><l id="57525" t="вызвал"><g v="VERB"></g><g v="perf"></g><g v="tran"></g><g v="plur"></g><g v="past"></g><g v="indc"></g></l></v></tfr></token><token id="637246" text="милицию"><tfr rev_id="1469361" t="милицию"><v><l id="160225" t="милиция"><g v="NOUN"></g><g v="inan"></g><g v="femn"></g><g v="sing"></g><g v="accs"></g></l></v></tfr></token><token id="637247" text=","><tfr rev_id="1469362" t=","><v><l id="0" t=","><g v="PNCT"></g></l></v></tfr></token><token id="637248" text="и"><tfr rev_id="1469363" t="и"><v><l id="116949" t="и"><g v="CONJ"></g></l></v><v><l id="116950" t="и"><g v="INTJ"></g></l></v></tfr></token><token id="637249" text="потребовали"><tfr rev_id="1469364" t="потребовали"><v><l id="263551" t="потребовал"><g v="VERB"></g><g v="perf"></g><g v="tran"></g><g v="plur"></g><g v="past"></g><g v="indc"></g></l></v></tfr></token><token id="637250" text="порубочные"><tfr rev_id="3861357" t="порубочные"><v><l id="260720" t="порубочный"><g v="ADJF"></g><g v="inan"></g><g v="plur"></g><g v="accs"></g></l></v></tfr></token><token id="637251" text="билеты"><tfr rev_id="3757359" t="билеты"><v><l id="29580" t="билет"><g v="NOUN"></g><g v="inan"></g><g v="masc"></g><g v="plur"></g><g v="accs"></g></l></v></tfr></token><token id="637252" text=","><tfr rev_id="1469367" t=","><v><l id="0" t=","><g v="PNCT"></g></l></v></tfr></token><token id="637253" text="которых"><tfr rev_id="4420587" t="которых"><v><l id="141203" t="который"><g v="ADJF"></g><g v="Apro"></g><g v="Subx"></g><g v="Anph"></g><g v="plur"></g><g v="gent"></g></l></v></tfr></token><token id="637254" text="у"><tfr rev_id="3326208" t="у"><v><l id="352818" t="у"><g v="PREP"></g></l></v></tfr></token><token id="637255" text="них"><tfr rev_id="3603693" t="них"><v><l id="206619" t="они"><g v="NPRO"></g><g v="3per"></g><g v="Anph"></g><g v="plur"></g><g v="gent"></g><g v="Af-p"></g></l></v></tfr></token><token id="637256" text="не"><tfr rev_id="1469371" t="не"><v><l id="178876" t="не"><g v="PRCL"></g></l></v></tfr></token><token id="637257" text="оказалось"><tfr rev_id="1469372" t="оказалось"><v><l id="204462" t="оказался"><g v="VERB"></g><g v="perf"></g><g v="intr"></g><g v="neut"></g><g v="sing"></g><g v="past"></g><g v="indc"></g></l></v></tfr></token><token id="637258" text="»"><tfr rev_id="2445022" t="»"><v><l id="0" t="»"><g v="PNCT"></g></l></v></tfr></token><token id="637259" text=","><tfr rev_id="1469374" t=","><v><l id="0" t=","><g v="PNCT"></g></l></v></tfr></token></tokens></sentence><sentence id="35664"><source>— цитирует «Газета.Ru» лидера движения «В защиту Химкинского леса» Аллу Чернышёву.</source><tokens><token id="637260" text="—"><tfr rev_id="2445023" t="—"><v><l id="0" t="—"><g v="PNCT"></g></l></v></tfr></token><token id="637261" text="цитирует"><tfr rev_id="1469376" t="цитирует"><v><l id="374102" t="цитирую"><g v="VERB"></g><g v="impf"></g><g v="tran"></g><g v="sing"></g><g v="3per"></g><g v="pres"></g><g v="indc"></g></l></v></tfr></token><token id="637262" text="«"><tfr rev_id="2445024" t="«"><v><l id="0" t="«"><g v="PNCT"></g></l></v></tfr></token><token id="637263" text="Газета.Ru"><tfr rev_id="1469378" t="Газета.Ru"><v><l id="0" t="Газета.Ru"><g v="UNKN"></g></l></v></tfr></token><token id="637264" text="»"><tfr rev_id="2445025" t="»"><v><l id="0" t="»"><g v="PNCT"></g></l></v></tfr></token><token id="637265" text="лидера"><tfr rev_id="2826774" t="лидера"><v><l id="149007" t="лидер"><g v="NOUN"></g><g v="anim"></g><g v="masc"></g><g v="sing"></g><g v="accs"></g></l></v></tfr></token><token id="637266" text="движения"><tfr rev_id="3439665" t="движения"><v><l id="78833" t="движение"><g v="NOUN"></g><g v="inan"></g><g v="neut"></g><g v="sing"></g><g v="gent"></g></l></v></tfr></token><token id="637267" text="«"><tfr rev_id="2445026" t="«"><v><l id="0" t="«"><g v="PNCT"></g></l></v></tfr></token><token id="637268" text="В"><tfr rev_id="1469383" t="В"><v><l id="37409" t="в"><g v="PREP"></g></l></v></tfr></token><token id="637269" text="защиту"><tfr rev_id="1469384" t="защиту"><v><l id="114235" t="защита"><g v="NOUN"></g><g v="inan"></g><g v="femn"></g><g v="sing"></g><g v="accs"></g></l></v></tfr></token><token id="637270" text="Химкинского"><tfr rev_id="3470304" t="Химкинского"><v><l id="370211" t="химкинский"><g v="ADJF"></g><g v="masc"></g><g v="sing"></g><g v="gent"></g></l></v><v><l id="370211" t="химкинский"><g v="ADJF"></g><g v="anim"></g><g v="masc"></g><g v="sing"></g><g v="accs"></g></l></v></tfr></token><token id="637271" text="леса"><tfr rev_id="3759204" t="леса"><v><l id="148350" t="лес"><g v="NOUN"></g><g v="inan"></g><g v="masc"></g><g v="sing"></g><g v="gen1"></g></l></v></tfr></token><token id="637272" text="»"><tfr rev_id="2445027" t="»"><v><l id="0" t="»"><g v="PNCT"></g></l></v></tfr></token><token id="637273" text="Аллу"><tfr rev_id="3782876" t="Аллу"><v><l id="9639" t="алла"><g v="NOUN"></g><g v="anim"></g><g v="femn"></g><g v="Name"></g><g v="sing"></g><g v="accs"></g></l></v></tfr></token><token id="637274" text="Чернышёву"><tfr rev_id="4293483" t="Чернышёву"><v><l id="375811" t="чернышёва"><g v="NOUN"></g><g v="anim"></g><g v="femn"></g><g v="Sgtm"></g><g v="Surn"></g><g v="sing"></g><g v="accs"></g></l></v></tfr></token><token id="637275" text="."><tfr rev_id="1469390" t="."><v><l id="0" t="."><g v="PNCT"></g></l></v></tfr></token></tokens></sentence><sentence id="35665"><source>После драки к лагерю экологов, которые почти неделю назад установили баррикады на подъездах к месту вырубки, прибыли милиционеры.</source><tokens><token id="637276" text="После"><tfr rev_id="4406787" t="После"><v><l id="261542" t="после"><g v="PREP"></g></l></v></tfr></token><token id="637277" text="драки"><tfr rev_id="3439471" t="драки"><v><l id="91683" t="драка"><g v="NOUN"></g><g v="inan"></g><g v="femn"></g><g v="sing"></g><g v="gent"></g></l></v></tfr></token><token id="637278" text="к"><tfr rev_id="1469393" t="к"><v><l id="127460" t="к"><g v="PREP"></g></l></v></tfr></token><token id="637279" text="лагерю"><tfr rev_id="1469394" t="лагерю"><v><l id="146268" t="лагерь"><g v="NOUN"></g><g v="inan"></g><g v="masc"></g><g v="sing"></g><g v="datv"></g></l></v></tfr></token><token id="637280" text="экологов"><tfr rev_id="3538125" t="экологов"><v><l id="383319" t="эколог"><g v="NOUN"></g><g v="anim"></g><g v="masc"></g><g v="plur"></g><g v="gent"></g></l></v></tfr></token><token id="637281" text=","><tfr rev_id="1469396" t=","><v><l id="0" t=","><g v="PNCT"></g></l></v></tfr></token><token id="637282" text="которые"><tfr rev_id="3879825" t="которые"><v><l id="141203" t="который"><g v="ADJF"></g><g v="Apro"></g><g v="Subx"></g><g v="Anph"></g><g v="plur"></g><g v="nomn"></g></l></v></tfr></token><token id="637283" text="почти"><tfr rev_id="2691491" t="почти"><v><l id="264793" t="почёл"><g v="VERB"></g><g v="perf"></g><g v="tran"></g><g v="sing"></g><g v="impr"></g><g v="excl"></g></l></v><v><l id="265002" t="почти"><g v="ADVB"></g></l></v><v><l id="265008" t="почтил"><g v="VERB"></g><g v="perf"></g><g v="tran"></g><g v="sing"></g><g v="impr"></g><g v="excl"></g></l></v><v><l id="388672" t="почти"><g v="PRCL"></g></l></v></tfr></token><token id="637284" text="неделю"><tfr rev_id="1469399" t="неделю"><v><l id="180718" t="неделя"><g v="NOUN"></g><g v="inan"></g><g v="femn"></g><g v="sing"></g><g v="accs"></g></l></v></tfr></token><token id="637285" text="назад"><tfr rev_id="1469400" t="назад"><v><l id="170252" t="назад"><g v="ADVB"></g></l></v></tfr></token><token id="637286" text="установили"><tfr rev_id="1469401" t="установили"><v><l id="360981" t="установил"><g v="VERB"></g><g v="perf"></g><g v="tran"></g><g v="plur"></g><g v="past"></g><g v="indc"></g></l></v></tfr></token><token id="637287" text="баррикады"><tfr rev_id="3762096" t="баррикады"><v><l id="24088" t="баррикада"><g v="NOUN"></g><g v="inan"></g><g v="femn"></g><g v="plur"></g><g v="accs"></g></l></v></tfr></token><token id="637288" text="на"><tfr rev_id="3337728" t="на"><v><l id="166264" t="на"><g v="PREP"></g></l></v></tfr></token><token id="637289" text="подъездах"><tfr rev_id="1469404" t="подъездах"><v><l id="252780" t="подъезд"><g v="NOUN"></g><g v="inan"></g><g v="masc"></g><g v="plur"></g><g v="loct"></g></l></v></tfr></token><token id="637290" text="к"><tfr rev_id="1469405" t="к"><v><l id="127460" t="к"><g v="PREP"></g></l></v></tfr></token><token id="637291" text="месту"><tfr rev_id="1469406" t="месту"><v><l id="158822" t="место"><g v="NOUN"></g><g v="inan"></g><g v="neut"></g><g v="sing"></g><g v="datv"></g></l></v></tfr></token><token id="637292" text="вырубки"><tfr rev_id="3437735" t="вырубки"><v><l id="61411" t="вырубка"><g v="NOUN"></g><g v="inan"></g><g v="femn"></g><g v="sing"></g><g v="gent"></g></l></v></tfr></token><token id="637293" text=","><tfr rev_id="1469408" t=","><v><l id="0" t=","><g v="PNCT"></g></l></v></tfr></token><token id="637294" text="прибыли"><tfr rev_id="1714653" t="прибыли"><v><l id="268969" t="прибыл"><g v="VERB"></g><g v="perf"></g><g v="intr"></g><g v="plur"></g><g v="past"></g><g v="indc"></g></l></v></tfr></token><token id="637295" text="милиционеры"><tfr rev_id="1469410" t="милиционеры"><v><l id="160220" t="милиционер"><g v="NOUN"></g><g v="anim"></g><g v="masc"></g><g v="plur"></g><g v="nomn"></g></l></v></tfr></token><token id="637296" text="."><tfr rev_id="1469411" t="."><v><l id="0" t="."><g v="PNCT"></g></l></v></tfr></token></tokens></sentence><sentence id="35666"><source>По заверениям защитников леса, сотрудники правоохранительных органов почему-то начали арестовывать не налётчиков, а активистов.</source><tokens><token id="637297" text="По"><tfr rev_id="1469412" t="По"><v><l id="241240" t="по"><g v="PREP"></g></l></v></tfr></token><token id="637298" text="заверениям"><tfr rev_id="1469413" t="заверениям"><v><l id="99379" t="заверение"><g v="NOUN"></g><g v="inan"></g><g v="neut"></g><g v="plur"></g><g v="datv"></g></l></v></tfr></token><token id="637299" text="защитников"><tfr rev_id="3704540" t="защитников"><v><l id="114250" t="защитник"><g v="NOUN"></g><g v="anim"></g><g v="masc"></g><g v="plur"></g><g v="gent"></g></l></v></tfr></token><token id="637300" text="леса"><tfr rev_id="3783011" t="леса"><v><l id="148350" t="лес"><g v="NOUN"></g><g v="inan"></g><g v="masc"></g><g v="sing"></g><g v="gen1"></g></l></v></tfr></token><token id="637301" text=","><tfr rev_id="1469416" t=","><v><l id="0" t=","><g v="PNCT"></g></l></v></tfr></token><token id="637302" text="сотрудники"><tfr rev_id="1469417" t="сотрудники"><v><l id="330867" t="сотрудник"><g v="NOUN"></g><g v="anim"></g><g v="masc"></g><g v="plur"></g><g v="nomn"></g></l></v></tfr></token><token id="637303" text="правоохранительных"><tfr rev_id="2848557" t="правоохранительных"><v><l id="265734" t="правоохранительный"><g v="ADJF"></g><g v="plur"></g><g v="gent"></g></l></v></tfr></token><token id="637304" text="органов"><tfr rev_id="1469419" t="органов"><v><l id="208736" t="орган"><g v="NOUN"></g><g v="inan"></g><g v="masc"></g><g v="plur"></g><g v="gent"></g></l></v></tfr></token><token id="637305" text="почему-то"><tfr rev_id="1469420" t="почему-то"><v><l id="264708" t="почему-то"><g v="ADVB"></g></l></v></tfr></token><token id="637306" text="начали"><tfr rev_id="1469421" t="начали"><v><l id="178224" t="начал"><g v="VERB"></g><g v="perf"></g><g v="tran"></g><g v="plur"></g><g v="past"></g><g v="indc"></g></l></v></tfr></token><token id="637307" text="арестовывать"><tfr rev_id="1469422" t="арестовывать"><v><l id="16273" t="арестовывать"><g v="INFN"></g><g v="impf"></g><g v="tran"></g></l></v></tfr></token><token id="637308" text="не"><tfr rev_id="1469423" t="не"><v><l id="178876" t="не"><g v="PRCL"></g></l></v></tfr></token><token id="637309" text="налётчиков"><tfr rev_id="4202442" t="налётчиков"><v><l id="171742" t="налётчик"><g v="NOUN"></g><g v="anim"></g><g v="masc"></g><g v="plur"></g><g v="accs"></g></l></v></tfr></token><token id="637310" text=","><tfr rev_id="1469425" t=","><v><l id="0" t=","><g v="PNCT"></g></l></v></tfr></token><token id="637311" text="а"><tfr rev_id="1469426" t="а"><v><l id="51" t="а"><g v="CONJ"></g></l></v><v><l id="52" t="а"><g v="INTJ"></g></l></v><v><l id="53" t="а"><g v="PRCL"></g></l></v></tfr></token><token id="637312" text="активистов"><tfr rev_id="4096527" t="активистов"><v><l id="7658" t="активист"><g v="NOUN"></g><g v="anim"></g><g v="masc"></g><g v="plur"></g><g v="accs"></g></l></v></tfr></token><token id="637313" text="."><tfr rev_id="1469428" t="."><v><l id="0" t="."><g v="PNCT"></g></l></v></tfr></token></tokens></sentence><sentence id="35667"><source>Всего в ОВД № 2 подмосковных Химок было доставлено девять человек.</source><tokens><token id="637314" text="Всего"><tfr rev_id="4492742" t="Всего"><v><l id="53373" t="всего"><g v="ADVB"></g></l></v></tfr></token><token id="637315" text="в"><tfr rev_id="1469430" t="в"><v><l id="37409" t="в"><g v="PREP"></g></l></v></tfr></token><token id="637316" text="ОВД"><tfr rev_id="4493156" t="ОВД"><v><l id="389829" t="овд"><g v="NOUN"></g><g v="inan"></g><g v="masc"></g><g v="Sgtm"></g><g v="Fixd"></g><g v="Abbr"></g><g v="Orgn"></g><g v="sing"></g><g v="nomn"></g></l></v><v><l id="389829" t="овд"><g v="NOUN"></g><g v="inan"></g><g v="masc"></g><g v="Sgtm"></g><g v="Fixd"></g><g v="Abbr"></g><g v="Orgn"></g><g v="sing"></g><g v="gent"></g></l></v><v><l id="389829" t="овд"><g v="NOUN"></g><g v="inan"></g><g v="masc"></g><g v="Sgtm"></g><g v="Fixd"></g><g v="Abbr"></g><g v="Orgn"></g><g v="sing"></g><g v="datv"></g></l></v><v><l id="389829" t="овд"><g v="NOUN"></g><g v="inan"></g><g v="masc"></g><g v="Sgtm"></g><g v="Fixd"></g><g v="Abbr"></g><g v="Orgn"></g><g v="sing"></g><g v="accs"></g></l></v><v><l id="389829" t="овд"><g v="NOUN"></g><g v="inan"></g><g v="masc"></g><g v="Sgtm"></g><g v="Fixd"></g><g v="Abbr"></g><g v="Orgn"></g><g v="sing"></g><g v="ablt"></g></l></v><v><l id="389829" t="овд"><g v="NOUN"></g><g v="inan"></g><g v="masc"></g><g v="Sgtm"></g><g v="Fixd"></g><g v="Abbr"></g><g v="Orgn"></g><g v="sing"></g><g v="loct"></g></l></v></tfr></token><token id="637317" text="№"><tfr rev_id="4334342" t="№"><v><l id="0" t="№"><g v="SYMB"></g></l></v></tfr></token><token id="637318" text="2"><tfr rev_id="2462091" t="2"><v><l id="0" t="2"><g v="NUMB"></g></l></v></tfr></token><token id="637319" text="подмосковных"><tfr rev_id="2927864" t="подмосковных"><v><l id="247773" t="подмосковный"><g v="ADJF"></g><g v="plur"></g><g v="gent"></g></l></v></tfr></token><token id="637320" text="Химок"><tfr rev_id="1469435" t="Химок"><v><l id="370209" t="химки"><g v="NOUN"></g><g v="inan"></g><g v="GNdr"></g><g v="Pltm"></g><g v="Geox"></g><g v="plur"></g><g v="gent"></g></l></v></tfr></token><token id="637321" text="было"><tfr rev_id="3125117" t="было"><v><l id="37265" t="есть"><g v="VERB"></g><g v="impf"></g><g v="intr"></g><g v="neut"></g><g v="sing"></g><g v="past"></g><g v="indc"></g></l></v></tfr></token><token id="637322" text="доставлено"><tfr rev_id="1469437" t="доставлено"><v><l id="90444" t="доставлен"><g v="PRTS"></g><g v="perf"></g><g v="past"></g><g v="pssv"></g><g v="neut"></g><g v="sing"></g></l></v></tfr></token><token id="637323" text="девять"><tfr rev_id="1469438" t="девять"><v><l id="79531" t="девять"><g v="NUMR"></g><g v="nomn"></g></l></v><v><l id="79531" t="девять"><g v="NUMR"></g><g v="accs"></g></l></v></tfr></token><token id="637324" text="человек"><tfr rev_id="3492136" t="человек"><v><l id="375073" t="человек"><g v="NOUN"></g><g v="anim"></g><g v="masc"></g><g v="plur"></g><g v="gent"></g></l></v></tfr></token><token id="637325" text="."><tfr rev_id="1469440" t="."><v><l id="0" t="."><g v="PNCT"></g></l></v></tfr></token></tokens></sentence><sentence id="35668"><source>«Многих задерживали очень грубо: одну девушку милиционеры дотащили до своего автобуса за волосы», — свидетельствуют экологи.</source><tokens><token id="637326" text="«"><tfr rev_id="2445028" t="«"><v><l id="0" t="«"><g v="PNCT"></g></l></v></tfr></token><token id="637327" text="Многих"><tfr rev_id="3453684" t="Многих"><v><l id="161426" t="многие"><g v="NPRO"></g><g v="plur"></g><g v="gent"></g></l></v><v><l id="161426" t="многие"><g v="NPRO"></g><g v="plur"></g><g v="accs"></g></l></v><v><l id="161426" t="многие"><g v="NPRO"></g><g v="plur"></g><g v="loct"></g></l></v></tfr></token><token id="637328" text="задерживали"><tfr rev_id="1469443" t="задерживали"><v><l id="101580" t="задерживаю"><g v="VERB"></g><g v="impf"></g><g v="tran"></g><g v="plur"></g><g v="past"></g><g v="indc"></g></l></v></tfr></token><token id="637329" text="очень"><tfr rev_id="1469444" t="очень"><v><l id="221681" t="очень"><g v="ADVB"></g></l></v></tfr></token><token id="637330" text="грубо"><tfr rev_id="1469445" t="грубо"><v><l id="75874" t="грубо"><g v="ADVB"></g></l></v><v><l id="75901" t="груб"><g v="ADJS"></g><g v="Qual"></g><g v="neut"></g><g v="sing"></g></l></v></tfr></token><token id="637331" text=":"><tfr rev_id="1469446" t=":"><v><l id="0" t=":"><g v="PNCT"></g></l></v></tfr></token><token id="637332" text="одну"><tfr rev_id="4302837" t="одну"><v><l id="203319" t="один"><g v="ADJF"></g><g v="Apro"></g><g v="Anum"></g><g v="femn"></g><g v="sing"></g><g v="accs"></g></l></v></tfr></token><token id="637333" text="девушку"><tfr rev_id="1469448" t="девушку"><v><l id="79399" t="девушка"><g v="NOUN"></g><g v="anim"></g><g v="femn"></g><g v="sing"></g><g v="accs"></g></l></v></tfr></token><token id="637334" text="милиционеры"><tfr rev_id="1469449" t="милиционеры"><v><l id="160220" t="милиционер"><g v="NOUN"></g><g v="anim"></g><g v="masc"></g><g v="plur"></g><g v="nomn"></g></l></v></tfr></token><token id="637335" text="дотащили"><tfr rev_id="1469450" t="дотащили"><v><l id="90942" t="дотащил"><g v="VERB"></g><g v="perf"></g><g v="tran"></g><g v="plur"></g><g v="past"></g><g v="indc"></g></l></v></tfr></token><token id="637336" text="до"><tfr rev_id="1469451" t="до"><v><l id="85153" t="до"><g v="PREP"></g></l></v></tfr></token><token id="637337" text="своего"><tfr rev_id="3881336" t="своего"><v><l id="316379" t="свой"><g v="ADJF"></g><g v="Apro"></g><g v="Anph"></g><g v="masc"></g><g v="sing"></g><g v="gent"></g></l></v><v><l id="316379" t="свой"><g v="ADJF"></g><g v="Apro"></g><g v="Anph"></g><g v="anim"></g><g v="masc"></g><g v="sing"></g><g v="accs"></g></l></v></tfr></token><token id="637338" text="автобуса"><tfr rev_id="1469453" t="автобуса"><v><l id="3021" t="автобус"><g v="NOUN"></g><g v="inan"></g><g v="masc"></g><g v="sing"></g><g v="gent"></g></l></v></tfr></token><token id="637339" text="за"><tfr rev_id="1469454" t="за"><v><l id="98043" t="за"><g v="PREP"></g></l></v></tfr></token><token id="637340" text="волосы"><tfr rev_id="3743942" t="волосы"><v><l id="50241" t="волос"><g v="NOUN"></g><g v="inan"></g><g v="masc"></g><g v="plur"></g><g v="accs"></g></l></v></tfr></token><token id="637341" text="»"><tfr rev_id="2445029" t="»"><v><l id="0" t="»"><g v="PNCT"></g></l></v></tfr></token><token id="637342" text=","><tfr rev_id="1469457" t=","><v><l id="0" t=","><g v="PNCT"></g></l></v></tfr></token><token id="637343" text="—"><tfr rev_id="2445030" t="—"><v><l id="0" t="—"><g v="PNCT"></g></l></v></tfr></token><token id="637344" text="свидетельствуют"><tfr rev_id="1469459" t="свидетельствуют"><v><l id="315887" t="свидетельствую"><g v="VERB"></g><g v="impf"></g><g v="tran"></g><g v="plur"></g><g v="3per"></g><g v="pres"></g><g v="indc"></g></l></v><v><l id="315896" t="свидетельствую"><g v="VERB"></g><g v="impf"></g><g v="intr"></g><g v="plur"></g><g v="3per"></g><g v="pres"></g><g v="indc"></g></l></v></tfr></token><token id="637345" text="экологи"><tfr rev_id="1469460" t="экологи"><v><l id="383319" t="эколог"><g v="NOUN"></g><g v="anim"></g><g v="masc"></g><g v="plur"></g><g v="nomn"></g></l></v></tfr></token><token id="637346" text="."><tfr rev_id="1469461" t="."><v><l id="0" t="."><g v="PNCT"></g></l></v></tfr></token></tokens></sentence><sentence id="35669"><source>При этом сам лагерь был уничтожен, а место вырубки было оцеплено милицейскими кордонами.</source><tokens><token id="637347" text="При"><tfr rev_id="2628994" t="При"><v><l id="268625" t="при"><g v="PREP"></g></l></v></tfr></token><token id="637348" text="этом"><tfr rev_id="4473672" t="этом"><v><l id="386575" t="это"><g v="NPRO"></g><g v="neut"></g><g v="sing"></g><g v="loct"></g></l></v></tfr></token><token id="637349" text="сам"><tfr rev_id="1469464" t="сам"><v><l id="312034" t="сам"><g v="ADJF"></g><g v="Apro"></g><g v="masc"></g><g v="sing"></g><g v="nomn"></g></l></v><v><l id="312034" t="сам"><g v="ADJF"></g><g v="Apro"></g><g v="inan"></g><g v="masc"></g><g v="sing"></g><g v="accs"></g></l></v></tfr></token><token id="637350" text="лагерь"><tfr rev_id="4106922" t="лагерь"><v><l id="146268" t="лагерь"><g v="NOUN"></g><g v="inan"></g><g v="masc"></g><g v="sing"></g><g v="nomn"></g></l></v></tfr></token><token id="637351" text="был"><tfr rev_id="1469466" t="был"><v><l id="37265" t="есть"><g v="VERB"></g><g v="impf"></g><g v="intr"></g><g v="masc"></g><g v="sing"></g><g v="past"></g><g v="indc"></g></l></v></tfr></token><token id="637352" text="уничтожен"><tfr rev_id="1469467" t="уничтожен"><v><l id="358454" t="уничтожен"><g v="PRTS"></g><g v="perf"></g><g v="past"></g><g v="pssv"></g><g v="masc"></g><g v="sing"></g></l></v></tfr></token><token id="637353" text=","><tfr rev_id="1469468" t=","><v><l id="0" t=","><g v="PNCT"></g></l></v></tfr></token><token id="637354" text="а"><tfr rev_id="3487631" t="а"><v><l id="51" t="а"><g v="CONJ"></g></l></v></tfr></token><token id="637355" text="место"><tfr rev_id="1469470" t="место"><v><l id="158822" t="место"><g v="NOUN"></g><g v="inan"></g><g v="neut"></g><g v="sing"></g><g v="nomn"></g></l></v><v><l id="158822" t="место"><g v="NOUN"></g><g v="inan"></g><g v="neut"></g><g v="sing"></g><g v="accs"></g></l></v></tfr></token><token id="637356" text="вырубки"><tfr rev_id="3434285" t="вырубки"><v><l id="61411" t="вырубка"><g v="NOUN"></g><g v="inan"></g><g v="femn"></g><g v="sing"></g><g v="gent"></g></l></v></tfr></token><token id="637357" text="было"><tfr rev_id="3094326" t="было"><v><l id="37265" t="есть"><g v="VERB"></g><g v="impf"></g><g v="intr"></g><g v="neut"></g><g v="sing"></g><g v="past"></g><g v="indc"></g></l></v></tfr></token><token id="637358" text="оцеплено"><tfr rev_id="1469473" t="оцеплено"><v><l id="221519" t="оцеплен"><g v="PRTS"></g><g v="perf"></g><g v="past"></g><g v="pssv"></g><g v="neut"></g><g v="sing"></g></l></v></tfr></token><token id="637359" text="милицейскими"><tfr rev_id="1469474" t="милицейскими"><v><l id="160219" t="милицейский"><g v="ADJF"></g><g v="plur"></g><g v="ablt"></g></l></v></tfr></token><token id="637360" text="кордонами"><tfr rev_id="4163028" t="кордонами"><v><l id="139537" t="кордон"><g v="NOUN"></g><g v="inan"></g><g v="masc"></g><g v="plur"></g><g v="ablt"></g></l></v></tfr></token><token id="637361" text="."><tfr rev_id="1469476" t="."><v><l id="0" t="."><g v="PNCT"></g></l></v></tfr></token></tokens></sentence></paragraph><paragraph id="11295"><sentence id="35670"><source>Подробнее о конфликте между защитниками Химкинского леса и строителями федеральной дороги читайте в статье Частного корреспондента «Общественность ратью»</source><tokens><token id="637362" text="Подробнее"><tfr rev_id="4496594" t="Подробнее"><v><l id="249806" t="подробнее"><g v="COMP"></g></l></v></tfr></token><token id="637363" text="о"><tfr rev_id="3326060" t="о"><v><l id="192977" t="о"><g v="PREP"></g></l></v></tfr></token><token id="637364" text="конфликте"><tfr rev_id="1469479" t="конфликте"><v><l id="138849" t="конфликт"><g v="NOUN"></g><g v="inan"></g><g v="masc"></g><g v="sing"></g><g v="loct"></g></l></v></tfr></token><token id="637365" text="между"><tfr rev_id="1469480" t="между"><v><l id="157306" t="между"><g v="PREP"></g></l></v></tfr></token><token id="637366" text="защитниками"><tfr rev_id="1469481" t="защитниками"><v><l id="114250" t="защитник"><g v="NOUN"></g><g v="anim"></g><g v="masc"></g><g v="plur"></g><g v="ablt"></g></l></v></tfr></token><token id="637367" text="Химкинского"><tfr rev_id="4205744" t="Химкинского"><v><l id="370211" t="химкинский"><g v="ADJF"></g><g v="masc"></g><g v="sing"></g><g v="gent"></g></l></v><v><l id="370211" t="химкинский"><g v="ADJF"></g><g v="anim"></g><g v="masc"></g><g v="sing"></g><g v="accs"></g></l></v></tfr></token><token id="637368" text="леса"><tfr rev_id="4293814" t="леса"><v><l id="148350" t="лес"><g v="NOUN"></g><g v="inan"></g><g v="masc"></g><g v="sing"></g><g v="gen1"></g></l></v></tfr></token><token id="637369" text="и"><tfr rev_id="1469484" t="и"><v><l id="116949" t="и"><g v="CONJ"></g></l></v><v><l id="116950" t="и"><g v="INTJ"></g></l></v></tfr></token><token id="637370" text="строителями"><tfr rev_id="1469485" t="строителями"><v><l id="337664" t="строитель"><g v="NOUN"></g><g v="anim"></g><g v="masc"></g><g v="plur"></g><g v="ablt"></g></l></v></tfr></token><token id="637371" text="федеральной"><tfr rev_id="3284548" t="федеральной"><v><l id="364933" t="федеральный"><g v="ADJF"></g><g v="femn"></g><g v="sing"></g><g v="gent"></g></l></v></tfr></token><token id="637372" text="дороги"><tfr rev_id="4209028" t="дороги"><v><l id="89707" t="дорога"><g v="NOUN"></g><g v="inan"></g><g v="femn"></g><g v="sing"></g><g v="gent"></g></l></v></tfr></token><token id="637373" text="читайте"><tfr rev_id="1469488" t="читайте"><v><l id="376719" t="читаю"><g v="VERB"></g><g v="impf"></g><g v="tran"></g><g v="plur"></g><g v="impr"></g><g v="excl"></g></l></v></tfr></token><token id="637374" text="в"><tfr rev_id="1469489" t="в"><v><l id="37409" t="в"><g v="PREP"></g></l></v></tfr></token><token id="637375" text="статье"><tfr rev_id="3447560" t="статье"><v><l id="335173" t="статья"><g v="NOUN"></g><g v="inan"></g><g v="femn"></g><g v="sing"></g><g v="loct"></g></l></v></tfr></token><token id="637376" text="Частного"><tfr rev_id="4309843" t="Частного"><v><l id="374795" t="частный"><g v="ADJF"></g><g v="Qual"></g><g v="masc"></g><g v="sing"></g><g v="gent"></g></l></v><v><l id="374795" t="частный"><g v="ADJF"></g><g v="Qual"></g><g v="anim"></g><g v="masc"></g><g v="sing"></g><g v="accs"></g></l></v></tfr></token><token id="637377" text="корреспондента"><tfr rev_id="4461884" t="корреспондента"><v><l id="140239" t="корреспондент"><g v="NOUN"></g><g v="anim"></g><g v="masc"></g><g v="sing"></g><g v="gent"></g></l></v></tfr></token><token id="637378" text="«"><tfr rev_id="2445031" t="«"><v><l id="0" t="«"><g v="PNCT"></g></l></v></tfr></token><token id="637379" text="Общественность"><tfr rev_id="4099444" t="Общественность"><v><l id="201611" t="общественность"><g v="NOUN"></g><g v="inan"></g><g v="femn"></g><g v="sing"></g><g v="nomn"></g></l></v></tfr></token><token id="637380" text="ратью"><tfr rev_id="1469495" t="ратью"><v><l id="303967" t="рать"><g v="NOUN"></g><g v="inan"></g><g v="femn"></g><g v="sing"></g><g v="ablt"></g></l></v></tfr></token><token id="637381" text="»"><tfr rev_id="2445032" t="»"><v><l id="0" t="»"><g v="PNCT"></g></l></v></tfr></token></tokens></sentence></paragraph></paragraphs></text>