<?xml version="1.0" encoding="utf-8"?><text id="1238" parent="226" name="24240 Главред «Новой газеты» предложил работу Платону Лебедеву"><tags><tag>url:http://www.chaskor.ru/news/glavred_novoj_gazety_predlozhil_rabotu_platonu_lebedevu_24240</tag><tag>Год:2011</tag><tag>Дата:26/07</tag><tag>Тема:ЧасКор:Медиа</tag><tag>Тема:ЧасКор:Медиа/Медиа</tag></tags><paragraphs><paragraph id="11414"><sentence id="36020"><source>Главред «Новой газеты» предложил работу Платону Лебедеву</source><tokens><token id="643825" text="Главред"><tfr rev_id="3420514" t="Главред"><v><l id="388947" t="главред"><g v="NOUN"></g><g v="anim"></g><g v="masc"></g><g v="sing"></g><g v="nomn"></g></l></v></tfr></token><token id="643826" text="«"><tfr rev_id="2445357" t="«"><v><l id="0" t="«"><g v="PNCT"></g></l></v></tfr></token><token id="643827" text="Новой"><tfr rev_id="4317205" t="Новой"><v><l id="191918" t="новый"><g v="ADJF"></g><g v="Qual"></g><g v="femn"></g><g v="sing"></g><g v="gent"></g></l></v></tfr></token><token id="643828" text="газеты"><tfr rev_id="3492534" t="газеты"><v><l id="65825" t="газета"><g v="NOUN"></g><g v="inan"></g><g v="femn"></g><g v="sing"></g><g v="gent"></g></l></v></tfr></token><token id="643829" text="»"><tfr rev_id="2445358" t="»"><v><l id="0" t="»"><g v="PNCT"></g></l></v></tfr></token><token id="643830" text="предложил"><tfr rev_id="1475940" t="предложил"><v><l id="266540" t="предложил"><g v="VERB"></g><g v="perf"></g><g v="tran"></g><g v="masc"></g><g v="sing"></g><g v="past"></g><g v="indc"></g></l></v></tfr></token><token id="643831" text="работу"><tfr rev_id="1475941" t="работу"><v><l id="290501" t="работа"><g v="NOUN"></g><g v="inan"></g><g v="femn"></g><g v="sing"></g><g v="accs"></g></l></v></tfr></token><token id="643832" text="Платону"><tfr rev_id="1475942" t="Платону"><v><l id="240038" t="платон"><g v="NOUN"></g><g v="anim"></g><g v="masc"></g><g v="Name"></g><g v="sing"></g><g v="datv"></g></l></v></tfr></token><token id="643833" text="Лебедеву"><tfr rev_id="4159995" t="Лебедеву"><v><l id="147287" t="лебедев"><g v="NOUN"></g><g v="anim"></g><g v="masc"></g><g v="Sgtm"></g><g v="Surn"></g><g v="sing"></g><g v="datv"></g></l></v></tfr></token></tokens></sentence><sentence id="36021"><source>Экс-главе МФО «МЕНАТЕП» прочат место экономического обозревателя.</source><tokens><token id="643834" text="Экс-главе"><tfr rev_id="4575757" t="Экс-главе"><v><l id="392960" t="экс-глава"><g v="NOUN"></g><g v="anim"></g><g v="ms-f"></g><g v="sing"></g><g v="datv"></g></l></v></tfr></token><token id="643835" text="МФО"><tfr rev_id="1475945" t="МФО"><v><l id="0" t="мфо"><g v="UNKN"></g></l></v></tfr></token><token id="643836" text="«"><tfr rev_id="2445359" t="«"><v><l id="0" t="«"><g v="PNCT"></g></l></v></tfr></token><token id="643837" text="МЕНАТЕП"><tfr rev_id="3537838" t="МЕНАТЕП"><v><l id="158320" t="менатеп"><g v="NOUN"></g><g v="inan"></g><g v="masc"></g><g v="Orgn"></g><g v="sing"></g><g v="nomn"></g></l></v></tfr></token><token id="643838" text="»"><tfr rev_id="2445360" t="»"><v><l id="0" t="»"><g v="PNCT"></g></l></v></tfr></token><token id="643839" text="прочат"><tfr rev_id="1475949" t="прочат"><v><l id="287515" t="прочу"><g v="VERB"></g><g v="impf"></g><g v="tran"></g><g v="plur"></g><g v="3per"></g><g v="pres"></g><g v="indc"></g></l></v></tfr></token><token id="643840" text="место"><tfr rev_id="3300446" t="место"><v><l id="158822" t="место"><g v="NOUN"></g><g v="inan"></g><g v="neut"></g><g v="sing"></g><g v="accs"></g></l></v></tfr></token><token id="643841" text="экономического"><tfr rev_id="3454377" t="экономического"><v><l id="383364" t="экономический"><g v="ADJF"></g><g v="masc"></g><g v="sing"></g><g v="gent"></g></l></v><v><l id="383364" t="экономический"><g v="ADJF"></g><g v="anim"></g><g v="masc"></g><g v="sing"></g><g v="accs"></g></l></v></tfr></token><token id="643842" text="обозревателя"><tfr rev_id="4214980" t="обозревателя"><v><l id="198278" t="обозреватель"><g v="NOUN"></g><g v="anim"></g><g v="masc"></g><g v="sing"></g><g v="gent"></g></l></v></tfr></token><token id="643843" text="."><tfr rev_id="1475953" t="."><v><l id="0" t="."><g v="PNCT"></g></l></v></tfr></token></tokens></sentence></paragraph><paragraph id="11415"><sentence id="36022"><source>Главный редактор «Новой газеты» Дмитрий Муратов предложил Платону Лебедеву место экономического обозревателя.</source><tokens><token id="643844" text="Главный"><tfr rev_id="1475954" t="Главный"><v><l id="70842" t="главный"><g v="ADJF"></g><g v="Qual"></g><g v="masc"></g><g v="sing"></g><g v="nomn"></g></l></v><v><l id="70842" t="главный"><g v="ADJF"></g><g v="Qual"></g><g v="inan"></g><g v="masc"></g><g v="sing"></g><g v="accs"></g></l></v></tfr></token><token id="643845" text="редактор"><tfr rev_id="1475955" t="редактор"><v><l id="304972" t="редактор"><g v="NOUN"></g><g v="anim"></g><g v="masc"></g><g v="sing"></g><g v="nomn"></g></l></v></tfr></token><token id="643846" text="«"><tfr rev_id="2445361" t="«"><v><l id="0" t="«"><g v="PNCT"></g></l></v></tfr></token><token id="643847" text="Новой"><tfr rev_id="3711048" t="Новой"><v><l id="191918" t="новый"><g v="ADJF"></g><g v="Qual"></g><g v="femn"></g><g v="sing"></g><g v="gent"></g></l></v></tfr></token><token id="643848" text="газеты"><tfr rev_id="3483420" t="газеты"><v><l id="65825" t="газета"><g v="NOUN"></g><g v="inan"></g><g v="femn"></g><g v="sing"></g><g v="gent"></g></l></v></tfr></token><token id="643849" text="»"><tfr rev_id="2445362" t="»"><v><l id="0" t="»"><g v="PNCT"></g></l></v></tfr></token><token id="643850" text="Дмитрий"><tfr rev_id="3452209" t="Дмитрий"><v><l id="85055" t="дмитрий"><g v="NOUN"></g><g v="anim"></g><g v="masc"></g><g v="Name"></g><g v="sing"></g><g v="nomn"></g></l></v></tfr></token><token id="643851" text="Муратов"><tfr rev_id="3491962" t="Муратов"><v><l id="165147" t="муратов"><g v="NOUN"></g><g v="anim"></g><g v="masc"></g><g v="Sgtm"></g><g v="Surn"></g><g v="sing"></g><g v="nomn"></g></l></v></tfr></token><token id="643852" text="предложил"><tfr rev_id="1475962" t="предложил"><v><l id="266540" t="предложил"><g v="VERB"></g><g v="perf"></g><g v="tran"></g><g v="masc"></g><g v="sing"></g><g v="past"></g><g v="indc"></g></l></v></tfr></token><token id="643853" text="Платону"><tfr rev_id="1475963" t="Платону"><v><l id="240038" t="платон"><g v="NOUN"></g><g v="anim"></g><g v="masc"></g><g v="Name"></g><g v="sing"></g><g v="datv"></g></l></v></tfr></token><token id="643854" text="Лебедеву"><tfr rev_id="4293293" t="Лебедеву"><v><l id="147287" t="лебедев"><g v="NOUN"></g><g v="anim"></g><g v="masc"></g><g v="Sgtm"></g><g v="Surn"></g><g v="sing"></g><g v="datv"></g></l></v></tfr></token><token id="643855" text="место"><tfr rev_id="3301044" t="место"><v><l id="158822" t="место"><g v="NOUN"></g><g v="inan"></g><g v="neut"></g><g v="sing"></g><g v="accs"></g></l></v></tfr></token><token id="643856" text="экономического"><tfr rev_id="4205998" t="экономического"><v><l id="383364" t="экономический"><g v="ADJF"></g><g v="masc"></g><g v="sing"></g><g v="gent"></g></l></v><v><l id="383364" t="экономический"><g v="ADJF"></g><g v="anim"></g><g v="masc"></g><g v="sing"></g><g v="accs"></g></l></v></tfr></token><token id="643857" text="обозревателя"><tfr rev_id="4461038" t="обозревателя"><v><l id="198278" t="обозреватель"><g v="NOUN"></g><g v="anim"></g><g v="masc"></g><g v="sing"></g><g v="gent"></g></l></v></tfr></token><token id="643858" text="."><tfr rev_id="1475968" t="."><v><l id="0" t="."><g v="PNCT"></g></l></v></tfr></token></tokens></sentence><sentence id="36023"><source>Как сообщает РИА «Новости», об этом Муратов сообщил во время процесса об условно-досрочном освобождении бывшего главы МФО «МЕНАТЕП».</source><tokens><token id="643859" text="Как"><tfr rev_id="1475969" t="Как"><v><l id="128190" t="как"><g v="CONJ"></g></l></v><v><l id="128191" t="как"><g v="PRCL"></g></l></v><v><l id="128192" t="как"><g v="ADVB"></g><g v="Ques"></g></l></v></tfr></token><token id="643860" text="сообщает"><tfr rev_id="1475970" t="сообщает"><v><l id="329538" t="сообщаю"><g v="VERB"></g><g v="impf"></g><g v="tran"></g><g v="sing"></g><g v="3per"></g><g v="pres"></g><g v="indc"></g></l></v></tfr></token><token id="643861" text="РИА"><tfr rev_id="4138930" t="РИА"><v><l id="307554" t="риа"><g v="NOUN"></g><g v="inan"></g><g v="neut"></g><g v="Sgtm"></g><g v="Fixd"></g><g v="Abbr"></g><g v="Orgn"></g><g v="sing"></g><g v="nomn"></g></l></v></tfr></token><token id="643862" text="«"><tfr rev_id="2445363" t="«"><v><l id="0" t="«"><g v="PNCT"></g></l></v></tfr></token><token id="643863" text="Новости"><tfr rev_id="3767571" t="Новости"><v><l id="191855" t="новость"><g v="NOUN"></g><g v="inan"></g><g v="femn"></g><g v="plur"></g><g v="nomn"></g></l></v></tfr></token><token id="643864" text="»"><tfr rev_id="2445364" t="»"><v><l id="0" t="»"><g v="PNCT"></g></l></v></tfr></token><token id="643865" text=","><tfr rev_id="1475975" t=","><v><l id="0" t=","><g v="PNCT"></g></l></v></tfr></token><token id="643866" text="об"><tfr rev_id="2921249" t="об"><v><l id="192977" t="о"><g v="PREP"></g><g v="Vpre"></g></l></v></tfr></token><token id="643867" text="этом"><tfr rev_id="3272765" t="этом"><v><l id="386575" t="это"><g v="NPRO"></g><g v="neut"></g><g v="sing"></g><g v="loct"></g></l></v></tfr></token><token id="643868" text="Муратов"><tfr rev_id="3488239" t="Муратов"><v><l id="165147" t="муратов"><g v="NOUN"></g><g v="anim"></g><g v="masc"></g><g v="Sgtm"></g><g v="Surn"></g><g v="sing"></g><g v="nomn"></g></l></v></tfr></token><token id="643869" text="сообщил"><tfr rev_id="1475979" t="сообщил"><v><l id="329556" t="сообщил"><g v="VERB"></g><g v="perf"></g><g v="tran"></g><g v="masc"></g><g v="sing"></g><g v="past"></g><g v="indc"></g></l></v></tfr></token><token id="643870" text="во"><tfr rev_id="2920281" t="во"><v><l id="37409" t="в"><g v="PREP"></g><g v="Vpre"></g></l></v></tfr></token><token id="643871" text="время"><tfr rev_id="3230453" t="время"><v><l id="53149" t="время"><g v="NOUN"></g><g v="inan"></g><g v="neut"></g><g v="sing"></g><g v="accs"></g></l></v></tfr></token><token id="643872" text="процесса"><tfr rev_id="1475982" t="процесса"><v><l id="287363" t="процесс"><g v="NOUN"></g><g v="inan"></g><g v="masc"></g><g v="sing"></g><g v="gent"></g></l></v></tfr></token><token id="643873" text="об"><tfr rev_id="2921250" t="об"><v><l id="192977" t="о"><g v="PREP"></g><g v="Vpre"></g></l></v></tfr></token><token id="643874" text="условно-досрочном"><tfr rev_id="3470258" t="условно-досрочном"><v><l id="360570" t="условно-досрочный"><g v="ADJF"></g><g v="neut"></g><g v="sing"></g><g v="loct"></g></l></v></tfr></token><token id="643875" text="освобождении"><tfr rev_id="1475985" t="освобождении"><v><l id="209718" t="освобождение"><g v="NOUN"></g><g v="inan"></g><g v="neut"></g><g v="sing"></g><g v="loct"></g></l></v></tfr></token><token id="643876" text="бывшего"><tfr rev_id="1475986" t="бывшего"><v><l id="37002" t="бывший"><g v="ADJF"></g><g v="masc"></g><g v="sing"></g><g v="gent"></g></l></v><v><l id="37002" t="бывший"><g v="ADJF"></g><g v="anim"></g><g v="masc"></g><g v="sing"></g><g v="accs"></g></l></v><v><l id="37002" t="бывший"><g v="ADJF"></g><g v="neut"></g><g v="sing"></g><g v="gent"></g></l></v><v><l id="37267" t="бывший"><g v="PRTF"></g><g v="impf"></g><g v="intr"></g><g v="past"></g><g v="actv"></g><g v="masc"></g><g v="sing"></g><g v="gent"></g></l></v><v><l id="37267" t="бывший"><g v="PRTF"></g><g v="impf"></g><g v="intr"></g><g v="past"></g><g v="actv"></g><g v="anim"></g><g v="masc"></g><g v="sing"></g><g v="accs"></g></l></v><v><l id="37267" t="бывший"><g v="PRTF"></g><g v="impf"></g><g v="intr"></g><g v="past"></g><g v="actv"></g><g v="neut"></g><g v="sing"></g><g v="gent"></g></l></v></tfr></token><token id="643877" text="главы"><tfr rev_id="4526239" t="главы"><v><l id="70790" t="глава"><g v="NOUN"></g><g v="anim"></g><g v="ms-f"></g><g v="sing"></g><g v="gent"></g></l></v></tfr></token><token id="643878" text="МФО"><tfr rev_id="1475988" t="МФО"><v><l id="0" t="мфо"><g v="UNKN"></g></l></v></tfr></token><token id="643879" text="«"><tfr rev_id="2445365" t="«"><v><l id="0" t="«"><g v="PNCT"></g></l></v></tfr></token><token id="643880" text="МЕНАТЕП"><tfr rev_id="3282264" t="МЕНАТЕП"><v><l id="158320" t="менатеп"><g v="NOUN"></g><g v="inan"></g><g v="masc"></g><g v="Orgn"></g><g v="sing"></g><g v="nomn"></g></l></v></tfr></token><token id="643881" text="»"><tfr rev_id="2445366" t="»"><v><l id="0" t="»"><g v="PNCT"></g></l></v></tfr></token><token id="643882" text="."><tfr rev_id="1475992" t="."><v><l id="0" t="."><g v="PNCT"></g></l></v></tfr></token></tokens></sentence><sentence id="36024"><source>Муратов подчеркнул, что решил предложить Лебедеву работу в газете, поскольку знает, что суд «уделяет особое внимание тому, как человек будет трудоустроен после выхода по УДО».</source><tokens><token id="643883" text="Муратов"><tfr rev_id="3283277" t="Муратов"><v><l id="165147" t="муратов"><g v="NOUN"></g><g v="anim"></g><g v="masc"></g><g v="Sgtm"></g><g v="Surn"></g><g v="sing"></g><g v="nomn"></g></l></v></tfr></token><token id="643884" text="подчеркнул"><tfr rev_id="1475994" t="подчеркнул"><v><l id="252370" t="подчеркнул"><g v="VERB"></g><g v="perf"></g><g v="tran"></g><g v="masc"></g><g v="sing"></g><g v="past"></g><g v="indc"></g></l></v></tfr></token><token id="643885" text=","><tfr rev_id="1475995" t=","><v><l id="0" t=","><g v="PNCT"></g></l></v></tfr></token><token id="643886" text="что"><tfr rev_id="3197216" t="что"><v><l id="377004" t="что"><g v="CONJ"></g></l></v><v><l id="377005" t="что"><g v="NPRO"></g><g v="neut"></g><g v="sing"></g><g v="nomn"></g></l></v><v><l id="377005" t="что"><g v="NPRO"></g><g v="neut"></g><g v="sing"></g><g v="accs"></g></l></v><v><l id="377006" t="что"><g v="ADVB"></g><g v="Ques"></g></l></v><v><l id="388695" t="что"><g v="PRCL"></g></l></v></tfr></token><token id="643887" text="решил"><tfr rev_id="1475997" t="решил"><v><l id="307396" t="решил"><g v="VERB"></g><g v="perf"></g><g v="tran"></g><g v="masc"></g><g v="sing"></g><g v="past"></g><g v="indc"></g></l></v></tfr></token><token id="643888" text="предложить"><tfr rev_id="1475998" t="предложить"><v><l id="266541" t="предложить"><g v="INFN"></g><g v="perf"></g><g v="tran"></g></l></v></tfr></token><token id="643889" text="Лебедеву"><tfr rev_id="4181686" t="Лебедеву"><v><l id="147287" t="лебедев"><g v="NOUN"></g><g v="anim"></g><g v="masc"></g><g v="Sgtm"></g><g v="Surn"></g><g v="sing"></g><g v="datv"></g></l></v></tfr></token><token id="643890" text="работу"><tfr rev_id="1476000" t="работу"><v><l id="290501" t="работа"><g v="NOUN"></g><g v="inan"></g><g v="femn"></g><g v="sing"></g><g v="accs"></g></l></v></tfr></token><token id="643891" text="в"><tfr rev_id="1476001" t="в"><v><l id="37409" t="в"><g v="PREP"></g></l></v></tfr></token><token id="643892" text="газете"><tfr rev_id="3552820" t="газете"><v><l id="65825" t="газета"><g v="NOUN"></g><g v="inan"></g><g v="femn"></g><g v="sing"></g><g v="loct"></g></l></v></tfr></token><token id="643893" text=","><tfr rev_id="1476003" t=","><v><l id="0" t=","><g v="PNCT"></g></l></v></tfr></token><token id="643894" text="поскольку"><tfr rev_id="1476004" t="поскольку"><v><l id="261429" t="поскольку"><g v="CONJ"></g></l></v></tfr></token><token id="643895" text="знает"><tfr rev_id="1476005" t="знает"><v><l id="115989" t="знаю"><g v="VERB"></g><g v="impf"></g><g v="tran"></g><g v="sing"></g><g v="3per"></g><g v="pres"></g><g v="indc"></g></l></v></tfr></token><token id="643896" text=","><tfr rev_id="1476006" t=","><v><l id="0" t=","><g v="PNCT"></g></l></v></tfr></token><token id="643897" text="что"><tfr rev_id="3197217" t="что"><v><l id="377004" t="что"><g v="CONJ"></g></l></v><v><l id="377005" t="что"><g v="NPRO"></g><g v="neut"></g><g v="sing"></g><g v="nomn"></g></l></v><v><l id="377005" t="что"><g v="NPRO"></g><g v="neut"></g><g v="sing"></g><g v="accs"></g></l></v><v><l id="377006" t="что"><g v="ADVB"></g><g v="Ques"></g></l></v><v><l id="388695" t="что"><g v="PRCL"></g></l></v></tfr></token><token id="643898" text="суд"><tfr rev_id="1476008" t="суд"><v><l id="338918" t="суд"><g v="NOUN"></g><g v="inan"></g><g v="masc"></g><g v="sing"></g><g v="nomn"></g></l></v><v><l id="338918" t="суд"><g v="NOUN"></g><g v="inan"></g><g v="masc"></g><g v="sing"></g><g v="accs"></g></l></v></tfr></token><token id="643899" text="«"><tfr rev_id="2445367" t="«"><v><l id="0" t="«"><g v="PNCT"></g></l></v></tfr></token><token id="643900" text="уделяет"><tfr rev_id="1476010" t="уделяет"><v><l id="354813" t="уделяю"><g v="VERB"></g><g v="impf"></g><g v="tran"></g><g v="sing"></g><g v="3per"></g><g v="pres"></g><g v="indc"></g></l></v></tfr></token><token id="643901" text="особое"><tfr rev_id="3756386" t="особое"><v><l id="210653" t="особый"><g v="ADJF"></g><g v="neut"></g><g v="sing"></g><g v="accs"></g></l></v></tfr></token><token id="643902" text="внимание"><tfr rev_id="3949282" t="внимание"><v><l id="47614" t="внимание"><g v="NOUN"></g><g v="inan"></g><g v="neut"></g><g v="sing"></g><g v="accs"></g></l></v></tfr></token><token id="643903" text="тому"><tfr rev_id="4171959" t="тому"><v><l id="348430" t="тот"><g v="ADJF"></g><g v="Subx"></g><g v="Apro"></g><g v="Anph"></g><g v="neut"></g><g v="sing"></g><g v="datv"></g></l></v></tfr></token><token id="643904" text=","><tfr rev_id="1476014" t=","><v><l id="0" t=","><g v="PNCT"></g></l></v></tfr></token><token id="643905" text="как"><tfr rev_id="1476015" t="как"><v><l id="128190" t="как"><g v="CONJ"></g></l></v><v><l id="128191" t="как"><g v="PRCL"></g></l></v><v><l id="128192" t="как"><g v="ADVB"></g><g v="Ques"></g></l></v></tfr></token><token id="643906" text="человек"><tfr rev_id="3505285" t="человек"><v><l id="375073" t="человек"><g v="NOUN"></g><g v="anim"></g><g v="masc"></g><g v="sing"></g><g v="nomn"></g></l></v></tfr></token><token id="643907" text="будет"><tfr rev_id="1476017" t="будет"><v><l id="37265" t="есть"><g v="VERB"></g><g v="impf"></g><g v="intr"></g><g v="sing"></g><g v="3per"></g><g v="futr"></g><g v="indc"></g></l></v></tfr></token><token id="643908" text="трудоустроен"><tfr rev_id="1476018" t="трудоустроен"><v><l id="350908" t="трудоустроен"><g v="PRTS"></g><g v="perf"></g><g v="past"></g><g v="pssv"></g><g v="masc"></g><g v="sing"></g></l></v></tfr></token><token id="643909" text="после"><tfr rev_id="4403739" t="после"><v><l id="261542" t="после"><g v="PREP"></g></l></v></tfr></token><token id="643910" text="выхода"><tfr rev_id="1476020" t="выхода"><v><l id="63960" t="выход"><g v="NOUN"></g><g v="inan"></g><g v="masc"></g><g v="sing"></g><g v="gent"></g></l></v></tfr></token><token id="643911" text="по"><tfr rev_id="1476021" t="по"><v><l id="241240" t="по"><g v="PREP"></g></l></v></tfr></token><token id="643912" text="УДО"><tfr rev_id="3752494" t="УДО"><v><l id="389997" t="удо"><g v="NOUN"></g><g v="inan"></g><g v="neut"></g><g v="Fixd"></g><g v="Abbr"></g><g v="sing"></g><g v="datv"></g></l></v></tfr></token><token id="643913" text="»"><tfr rev_id="2445368" t="»"><v><l id="0" t="»"><g v="PNCT"></g></l></v></tfr></token><token id="643914" text="."><tfr rev_id="1476024" t="."><v><l id="0" t="."><g v="PNCT"></g></l></v></tfr></token></tokens></sentence></paragraph><paragraph id="11416"><sentence id="36025"><source>Кроме того, Муратов в зале суда показал фотографию будущего рабочего места Лебедева, а также передал уже готовые визитки.</source><tokens><token id="643915" text="Кроме"><tfr rev_id="1476025" t="Кроме"><v><l id="143259" t="кроме"><g v="PREP"></g></l></v></tfr></token><token id="643916" text="того"><tfr rev_id="4370373" t="того"><v><l id="348430" t="тот"><g v="ADJF"></g><g v="Subx"></g><g v="Apro"></g><g v="Anph"></g><g v="neut"></g><g v="sing"></g><g v="gent"></g></l></v></tfr></token><token id="643917" text=","><tfr rev_id="1476027" t=","><v><l id="0" t=","><g v="PNCT"></g></l></v></tfr></token><token id="643918" text="Муратов"><tfr rev_id="3438009" t="Муратов"><v><l id="165147" t="муратов"><g v="NOUN"></g><g v="anim"></g><g v="masc"></g><g v="Sgtm"></g><g v="Surn"></g><g v="sing"></g><g v="nomn"></g></l></v></tfr></token><token id="643919" text="в"><tfr rev_id="1476029" t="в"><v><l id="37409" t="в"><g v="PREP"></g></l></v></tfr></token><token id="643920" text="зале"><tfr rev_id="4355541" t="зале"><v><l id="104463" t="зал"><g v="NOUN"></g><g v="inan"></g><g v="masc"></g><g v="sing"></g><g v="loct"></g></l></v></tfr></token><token id="643921" text="суда"><tfr rev_id="3492296" t="суда"><v><l id="338918" t="суд"><g v="NOUN"></g><g v="inan"></g><g v="masc"></g><g v="sing"></g><g v="gent"></g></l></v></tfr></token><token id="643922" text="показал"><tfr rev_id="1476032" t="показал"><v><l id="253982" t="показал"><g v="VERB"></g><g v="perf"></g><g v="tran"></g><g v="masc"></g><g v="sing"></g><g v="past"></g><g v="indc"></g></l></v></tfr></token><token id="643923" text="фотографию"><tfr rev_id="1476033" t="фотографию"><v><l id="367492" t="фотография"><g v="NOUN"></g><g v="inan"></g><g v="femn"></g><g v="sing"></g><g v="accs"></g></l></v></tfr></token><token id="643924" text="будущего"><tfr rev_id="4309826" t="будущего"><v><l id="35164" t="будущий"><g v="ADJF"></g><g v="neut"></g><g v="sing"></g><g v="gent"></g></l></v></tfr></token><token id="643925" text="рабочего"><tfr rev_id="4494344" t="рабочего"><v><l id="290534" t="рабочий"><g v="ADJF"></g><g v="neut"></g><g v="sing"></g><g v="gent"></g></l></v></tfr></token><token id="643926" text="места"><tfr rev_id="3487316" t="места"><v><l id="158822" t="место"><g v="NOUN"></g><g v="inan"></g><g v="neut"></g><g v="sing"></g><g v="gent"></g></l></v></tfr></token><token id="643927" text="Лебедева"><tfr rev_id="4396814" t="Лебедева"><v><l id="147287" t="лебедев"><g v="NOUN"></g><g v="anim"></g><g v="masc"></g><g v="Sgtm"></g><g v="Surn"></g><g v="sing"></g><g v="gent"></g></l></v></tfr></token><token id="643928" text=","><tfr rev_id="1476038" t=","><v><l id="0" t=","><g v="PNCT"></g></l></v></tfr></token><token id="643929" text="а"><tfr rev_id="1476039" t="а"><v><l id="51" t="а"><g v="CONJ"></g></l></v><v><l id="52" t="а"><g v="INTJ"></g></l></v><v><l id="53" t="а"><g v="PRCL"></g></l></v></tfr></token><token id="643930" text="также"><tfr rev_id="4267782" t="также"><v><l id="342482" t="также"><g v="PRCL"></g></l></v></tfr></token><token id="643931" text="передал"><tfr rev_id="1476041" t="передал"><v><l id="228159" t="передал"><g v="VERB"></g><g v="perf"></g><g v="tran"></g><g v="masc"></g><g v="sing"></g><g v="past"></g><g v="indc"></g></l></v></tfr></token><token id="643932" text="уже"><tfr rev_id="2692817" t="уже"><v><l id="355422" t="уж"><g v="NOUN"></g><g v="anim"></g><g v="masc"></g><g v="sing"></g><g v="loct"></g></l></v><v><l id="355498" t="уже"><g v="ADVB"></g></l></v><v><l id="355674" t="уже"><g v="COMP"></g><g v="Qual"></g></l></v><v><l id="388673" t="уже"><g v="PRCL"></g></l></v></tfr></token><token id="643933" text="готовые"><tfr rev_id="4076207" t="готовые"><v><l id="74226" t="готовый"><g v="ADJF"></g><g v="Qual"></g><g v="inan"></g><g v="plur"></g><g v="accs"></g></l></v></tfr></token><token id="643934" text="визитки"><tfr rev_id="3796320" t="визитки"><v><l id="44746" t="визитка"><g v="NOUN"></g><g v="inan"></g><g v="femn"></g><g v="plur"></g><g v="accs"></g></l></v></tfr></token><token id="643935" text="."><tfr rev_id="1476045" t="."><v><l id="0" t="."><g v="PNCT"></g></l></v></tfr></token></tokens></sentence><sentence id="36026"><source>Главред также заметил, что в 2010 году читатели «Новой газеты» назвали Лебедева Человеком года.</source><tokens><token id="643936" text="Главред"><tfr rev_id="3420515" t="Главред"><v><l id="388947" t="главред"><g v="NOUN"></g><g v="anim"></g><g v="masc"></g><g v="sing"></g><g v="nomn"></g></l></v></tfr></token><token id="643937" text="также"><tfr rev_id="4267783" t="также"><v><l id="342482" t="также"><g v="PRCL"></g></l></v></tfr></token><token id="643938" text="заметил"><tfr rev_id="1476048" t="заметил"><v><l id="105525" t="заметил"><g v="VERB"></g><g v="perf"></g><g v="tran"></g><g v="masc"></g><g v="sing"></g><g v="past"></g><g v="indc"></g></l></v></tfr></token><token id="643939" text=","><tfr rev_id="1476049" t=","><v><l id="0" t=","><g v="PNCT"></g></l></v></tfr></token><token id="643940" text="что"><tfr rev_id="3197218" t="что"><v><l id="377004" t="что"><g v="CONJ"></g></l></v><v><l id="377005" t="что"><g v="NPRO"></g><g v="neut"></g><g v="sing"></g><g v="nomn"></g></l></v><v><l id="377005" t="что"><g v="NPRO"></g><g v="neut"></g><g v="sing"></g><g v="accs"></g></l></v><v><l id="377006" t="что"><g v="ADVB"></g><g v="Ques"></g></l></v><v><l id="388695" t="что"><g v="PRCL"></g></l></v></tfr></token><token id="643941" text="в"><tfr rev_id="1476051" t="в"><v><l id="37409" t="в"><g v="PREP"></g></l></v></tfr></token><token id="643942" text="2010"><tfr rev_id="2462160" t="2010"><v><l id="0" t="2010"><g v="NUMB"></g></l></v></tfr></token><token id="643943" text="году"><tfr rev_id="2699217" t="году"><v><l id="72149" t="год"><g v="NOUN"></g><g v="inan"></g><g v="masc"></g><g v="sing"></g><g v="loc2"></g></l></v></tfr></token><token id="643944" text="читатели"><tfr rev_id="1476054" t="читатели"><v><l id="376715" t="читатель"><g v="NOUN"></g><g v="anim"></g><g v="masc"></g><g v="plur"></g><g v="nomn"></g></l></v></tfr></token><token id="643945" text="«"><tfr rev_id="2445369" t="«"><v><l id="0" t="«"><g v="PNCT"></g></l></v></tfr></token><token id="643946" text="Новой"><tfr rev_id="2925134" t="Новой"><v><l id="191918" t="новый"><g v="ADJF"></g><g v="Qual"></g><g v="femn"></g><g v="sing"></g><g v="gent"></g></l></v></tfr></token><token id="643947" text="газеты"><tfr rev_id="3496288" t="газеты"><v><l id="65825" t="газета"><g v="NOUN"></g><g v="inan"></g><g v="femn"></g><g v="sing"></g><g v="gent"></g></l></v></tfr></token><token id="643948" text="»"><tfr rev_id="2445370" t="»"><v><l id="0" t="»"><g v="PNCT"></g></l></v></tfr></token><token id="643949" text="назвали"><tfr rev_id="1476059" t="назвали"><v><l id="170342" t="назвал"><g v="VERB"></g><g v="perf"></g><g v="tran"></g><g v="plur"></g><g v="past"></g><g v="indc"></g></l></v></tfr></token><token id="643950" text="Лебедева"><tfr rev_id="4175615" t="Лебедева"><v><l id="147287" t="лебедев"><g v="NOUN"></g><g v="anim"></g><g v="masc"></g><g v="Sgtm"></g><g v="Surn"></g><g v="sing"></g><g v="gent"></g></l></v><v><l id="147287" t="лебедев"><g v="NOUN"></g><g v="anim"></g><g v="masc"></g><g v="Sgtm"></g><g v="Surn"></g><g v="sing"></g><g v="accs"></g></l></v></tfr></token><token id="643951" text="Человеком"><tfr rev_id="1476061" t="Человеком"><v><l id="375073" t="человек"><g v="NOUN"></g><g v="anim"></g><g v="masc"></g><g v="sing"></g><g v="ablt"></g></l></v></tfr></token><token id="643952" text="года"><tfr rev_id="3497175" t="года"><v><l id="72149" t="год"><g v="NOUN"></g><g v="inan"></g><g v="masc"></g><g v="sing"></g><g v="gen1"></g></l></v></tfr></token><token id="643953" text="."><tfr rev_id="1476063" t="."><v><l id="0" t="."><g v="PNCT"></g></l></v></tfr></token></tokens></sentence><sentence id="36027"><source>Впрочем, у самого бизнесмена это предложение вызвало улыбку.</source><tokens><token id="643954" text="Впрочем"><tfr rev_id="3423262" t="Впрочем"><v><l id="52738" t="впрочем"><g v="CONJ"></g><g v="Prnt"></g></l></v></tfr></token><token id="643955" text=","><tfr rev_id="1476065" t=","><v><l id="0" t=","><g v="PNCT"></g></l></v></tfr></token><token id="643956" text="у"><tfr rev_id="3301547" t="у"><v><l id="352818" t="у"><g v="PREP"></g></l></v></tfr></token><token id="643957" text="самого"><tfr rev_id="3453800" t="самого"><v><l id="312034" t="сам"><g v="ADJF"></g><g v="Apro"></g><g v="masc"></g><g v="sing"></g><g v="gent"></g></l></v><v><l id="312034" t="сам"><g v="ADJF"></g><g v="Apro"></g><g v="anim"></g><g v="masc"></g><g v="sing"></g><g v="accs"></g></l></v><v><l id="313174" t="самый"><g v="ADJF"></g><g v="Apro"></g><g v="masc"></g><g v="sing"></g><g v="gent"></g></l></v><v><l id="313174" t="самый"><g v="ADJF"></g><g v="Apro"></g><g v="anim"></g><g v="masc"></g><g v="sing"></g><g v="accs"></g></l></v></tfr></token><token id="643958" text="бизнесмена"><tfr rev_id="3302611" t="бизнесмена"><v><l id="29450" t="бизнесмен"><g v="NOUN"></g><g v="anim"></g><g v="masc"></g><g v="sing"></g><g v="gent"></g></l></v></tfr></token><token id="643959" text="это"><tfr rev_id="4441667" t="это"><v><l id="386574" t="это"><g v="PRCL"></g></l></v><v><l id="386575" t="это"><g v="NPRO"></g><g v="neut"></g><g v="sing"></g><g v="nomn"></g></l></v><v><l id="386575" t="это"><g v="NPRO"></g><g v="neut"></g><g v="sing"></g><g v="accs"></g></l></v><v><l id="386581" t="этот"><g v="ADJF"></g><g v="Subx"></g><g v="Apro"></g><g v="Anph"></g><g v="neut"></g><g v="sing"></g><g v="nomn"></g></l></v><v><l id="386581" t="этот"><g v="ADJF"></g><g v="Subx"></g><g v="Apro"></g><g v="Anph"></g><g v="neut"></g><g v="sing"></g><g v="accs"></g></l></v></tfr></token><token id="643960" text="предложение"><tfr rev_id="1476070" t="предложение"><v><l id="266539" t="предложение"><g v="NOUN"></g><g v="inan"></g><g v="neut"></g><g v="sing"></g><g v="nomn"></g></l></v><v><l id="266539" t="предложение"><g v="NOUN"></g><g v="inan"></g><g v="neut"></g><g v="sing"></g><g v="accs"></g></l></v></tfr></token><token id="643961" text="вызвало"><tfr rev_id="1476071" t="вызвало"><v><l id="57525" t="вызвал"><g v="VERB"></g><g v="perf"></g><g v="tran"></g><g v="neut"></g><g v="sing"></g><g v="past"></g><g v="indc"></g></l></v></tfr></token><token id="643962" text="улыбку"><tfr rev_id="1476072" t="улыбку"><v><l id="357052" t="улыбка"><g v="NOUN"></g><g v="inan"></g><g v="femn"></g><g v="sing"></g><g v="accs"></g></l></v></tfr></token><token id="643963" text="."><tfr rev_id="1476073" t="."><v><l id="0" t="."><g v="PNCT"></g></l></v></tfr></token></tokens></sentence></paragraph><paragraph id="11417"><sentence id="36028"><source>Напомним, Платон Лебедев находится в местах лишения свободы более 7,5 лет, то есть более половины срока заключения.</source><tokens><token id="643964" text="Напомним"><tfr rev_id="1476074" t="Напомним"><v><l id="173892" t="напомнил"><g v="VERB"></g><g v="perf"></g><g v="tran"></g><g v="plur"></g><g v="1per"></g><g v="futr"></g><g v="indc"></g></l></v><v><l id="173892" t="напомнил"><g v="VERB"></g><g v="perf"></g><g v="tran"></g><g v="sing"></g><g v="impr"></g><g v="incl"></g></l></v></tfr></token><token id="643965" text=","><tfr rev_id="1476075" t=","><v><l id="0" t=","><g v="PNCT"></g></l></v></tfr></token><token id="643966" text="Платон"><tfr rev_id="1476076" t="Платон"><v><l id="240038" t="платон"><g v="NOUN"></g><g v="anim"></g><g v="masc"></g><g v="Name"></g><g v="sing"></g><g v="nomn"></g></l></v></tfr></token><token id="643967" text="Лебедев"><tfr rev_id="1476077" t="Лебедев"><v><l id="147287" t="лебедев"><g v="NOUN"></g><g v="anim"></g><g v="masc"></g><g v="Sgtm"></g><g v="Surn"></g><g v="sing"></g><g v="nomn"></g></l></v></tfr></token><token id="643968" text="находится"><tfr rev_id="1476078" t="находится"><v><l id="177898" t="нахожусь"><g v="VERB"></g><g v="impf"></g><g v="intr"></g><g v="sing"></g><g v="3per"></g><g v="pres"></g><g v="indc"></g></l></v><v><l id="177903" t="находился"><g v="VERB"></g><g v="perf"></g><g v="intr"></g><g v="sing"></g><g v="3per"></g><g v="futr"></g><g v="indc"></g></l></v></tfr></token><token id="643969" text="в"><tfr rev_id="1476079" t="в"><v><l id="37409" t="в"><g v="PREP"></g></l></v></tfr></token><token id="643970" text="местах"><tfr rev_id="1476080" t="местах"><v><l id="158822" t="место"><g v="NOUN"></g><g v="inan"></g><g v="neut"></g><g v="plur"></g><g v="loct"></g></l></v></tfr></token><token id="643971" text="лишения"><tfr rev_id="3488197" t="лишения"><v><l id="150243" t="лишение"><g v="NOUN"></g><g v="inan"></g><g v="neut"></g><g v="sing"></g><g v="gent"></g></l></v></tfr></token><token id="643972" text="свободы"><tfr rev_id="3476071" t="свободы"><v><l id="316212" t="свобода"><g v="NOUN"></g><g v="inan"></g><g v="femn"></g><g v="sing"></g><g v="gent"></g></l></v></tfr></token><token id="643973" text="более"><tfr rev_id="1476083" t="более"><v><l id="32065" t="более"><g v="ADVB"></g></l></v></tfr></token><token id="643974" text="7,5"><tfr rev_id="2462161" t="7,5"><v><l id="0" t="7,5"><g v="NUMB"></g></l></v></tfr></token><token id="643975" text="лет"><tfr rev_id="3433429" t="лет"><v><l id="72149" t="год"><g v="NOUN"></g><g v="inan"></g><g v="masc"></g><g v="plur"></g><g v="gent"></g></l></v></tfr></token><token id="643976" text=","><tfr rev_id="1476086" t=","><v><l id="0" t=","><g v="PNCT"></g></l></v></tfr></token><token id="643977" text="то"><tfr rev_id="3777599" t="то"><v><l id="346835" t="то"><g v="CONJ"></g></l></v><v><l id="346836" t="то"><g v="PRCL"></g></l></v><v><l id="348430" t="тот"><g v="ADJF"></g><g v="Subx"></g><g v="Apro"></g><g v="Anph"></g><g v="neut"></g><g v="sing"></g><g v="nomn"></g></l></v><v><l id="348430" t="тот"><g v="ADJF"></g><g v="Subx"></g><g v="Apro"></g><g v="Anph"></g><g v="neut"></g><g v="sing"></g><g v="accs"></g></l></v></tfr></token><token id="643978" text="есть"><tfr rev_id="4372323" t="есть"><v><l id="37265" t="есть"><g v="VERB"></g><g v="impf"></g><g v="intr"></g><g v="sing"></g><g v="3per"></g><g v="pres"></g><g v="indc"></g></l></v><v><l id="37265" t="есть"><g v="VERB"></g><g v="impf"></g><g v="intr"></g><g v="plur"></g><g v="3per"></g><g v="pres"></g><g v="indc"></g></l></v></tfr></token><token id="643979" text="более"><tfr rev_id="1476089" t="более"><v><l id="32065" t="более"><g v="ADVB"></g></l></v></tfr></token><token id="643980" text="половины"><tfr rev_id="4410675" t="половины"><v><l id="256181" t="половина"><g v="NOUN"></g><g v="inan"></g><g v="femn"></g><g v="sing"></g><g v="gent"></g></l></v></tfr></token><token id="643981" text="срока"><tfr rev_id="1476091" t="срока"><v><l id="333848" t="срок"><g v="NOUN"></g><g v="inan"></g><g v="masc"></g><g v="sing"></g><g v="gen1"></g></l></v></tfr></token><token id="643982" text="заключения"><tfr rev_id="3469294" t="заключения"><v><l id="103480" t="заключение"><g v="NOUN"></g><g v="inan"></g><g v="neut"></g><g v="sing"></g><g v="gent"></g></l></v></tfr></token><token id="643983" text="."><tfr rev_id="1476093" t="."><v><l id="0" t="."><g v="PNCT"></g></l></v></tfr></token></tokens></sentence><sentence id="36029"><source>Согласно российскому законодательству, после половины срока осуждённые могут просить об УДО.</source><tokens><token id="643984" text="Согласно"><tfr rev_id="4422716" t="Согласно"><v><l id="328255" t="согласно"><g v="PREP"></g></l></v></tfr></token><token id="643985" text="российскому"><tfr rev_id="3454030" t="российскому"><v><l id="309319" t="российский"><g v="ADJF"></g><g v="neut"></g><g v="sing"></g><g v="datv"></g></l></v></tfr></token><token id="643986" text="законодательству"><tfr rev_id="1476096" t="законодательству"><v><l id="103720" t="законодательство"><g v="NOUN"></g><g v="inan"></g><g v="neut"></g><g v="sing"></g><g v="datv"></g></l></v></tfr></token><token id="643987" text=","><tfr rev_id="1476097" t=","><v><l id="0" t=","><g v="PNCT"></g></l></v></tfr></token><token id="643988" text="после"><tfr rev_id="4403601" t="после"><v><l id="261542" t="после"><g v="PREP"></g></l></v></tfr></token><token id="643989" text="половины"><tfr rev_id="4281320" t="половины"><v><l id="256181" t="половина"><g v="NOUN"></g><g v="inan"></g><g v="femn"></g><g v="sing"></g><g v="gent"></g></l></v></tfr></token><token id="643990" text="срока"><tfr rev_id="1476100" t="срока"><v><l id="333848" t="срок"><g v="NOUN"></g><g v="inan"></g><g v="masc"></g><g v="sing"></g><g v="gen1"></g></l></v></tfr></token><token id="643991" text="осуждённые"><tfr rev_id="4319240" t="осуждённые"><v><l id="211473" t="осуждённый"><g v="PRTF"></g><g v="Subx"></g><g v="perf"></g><g v="tran"></g><g v="past"></g><g v="pssv"></g><g v="plur"></g><g v="nomn"></g></l></v><v><l id="211473" t="осуждённый"><g v="PRTF"></g><g v="Subx"></g><g v="perf"></g><g v="tran"></g><g v="past"></g><g v="pssv"></g><g v="inan"></g><g v="plur"></g><g v="accs"></g></l></v></tfr></token><token id="643992" text="могут"><tfr rev_id="1476102" t="могут"><v><l id="164485" t="могу"><g v="VERB"></g><g v="impf"></g><g v="intr"></g><g v="plur"></g><g v="3per"></g><g v="pres"></g><g v="indc"></g></l></v></tfr></token><token id="643993" text="просить"><tfr rev_id="1476103" t="просить"><v><l id="284319" t="просить"><g v="INFN"></g><g v="impf"></g><g v="tran"></g></l></v></tfr></token><token id="643994" text="об"><tfr rev_id="2921251" t="об"><v><l id="192977" t="о"><g v="PREP"></g><g v="Vpre"></g></l></v></tfr></token><token id="643995" text="УДО"><tfr rev_id="3752495" t="УДО"><v><l id="389997" t="удо"><g v="NOUN"></g><g v="inan"></g><g v="neut"></g><g v="Fixd"></g><g v="Abbr"></g><g v="sing"></g><g v="loct"></g></l></v></tfr></token><token id="643996" text="."><tfr rev_id="1476106" t="."><v><l id="0" t="."><g v="PNCT"></g></l></v></tfr></token></tokens></sentence><sentence id="36030"><source>Платон Лебедев содержится в СИЗО в Архангельской области.</source><tokens><token id="643997" text="Платон"><tfr rev_id="1476107" t="Платон"><v><l id="240038" t="платон"><g v="NOUN"></g><g v="anim"></g><g v="masc"></g><g v="Name"></g><g v="sing"></g><g v="nomn"></g></l></v></tfr></token><token id="643998" text="Лебедев"><tfr rev_id="1476108" t="Лебедев"><v><l id="147287" t="лебедев"><g v="NOUN"></g><g v="anim"></g><g v="masc"></g><g v="Sgtm"></g><g v="Surn"></g><g v="sing"></g><g v="nomn"></g></l></v></tfr></token><token id="643999" text="содержится"><tfr rev_id="1476109" t="содержится"><v><l id="328417" t="содержусь"><g v="VERB"></g><g v="impf"></g><g v="intr"></g><g v="sing"></g><g v="3per"></g><g v="pres"></g><g v="indc"></g></l></v></tfr></token><token id="644000" text="в"><tfr rev_id="1476110" t="в"><v><l id="37409" t="в"><g v="PREP"></g></l></v></tfr></token><token id="644001" text="СИЗО"><tfr rev_id="4484615" t="СИЗО"><v><l id="390351" t="сизо"><g v="NOUN"></g><g v="inan"></g><g v="masc"></g><g v="Fixd"></g><g v="Abbr"></g><g v="sing"></g><g v="ablt"></g></l></v><v><l id="390351" t="сизо"><g v="NOUN"></g><g v="inan"></g><g v="masc"></g><g v="Fixd"></g><g v="Abbr"></g><g v="sing"></g><g v="accs"></g></l></v><v><l id="390351" t="сизо"><g v="NOUN"></g><g v="inan"></g><g v="masc"></g><g v="Fixd"></g><g v="Abbr"></g><g v="sing"></g><g v="datv"></g></l></v><v><l id="390351" t="сизо"><g v="NOUN"></g><g v="inan"></g><g v="masc"></g><g v="Fixd"></g><g v="Abbr"></g><g v="sing"></g><g v="gent"></g></l></v><v><l id="390351" t="сизо"><g v="NOUN"></g><g v="inan"></g><g v="masc"></g><g v="Fixd"></g><g v="Abbr"></g><g v="sing"></g><g v="loct"></g></l></v><v><l id="390351" t="сизо"><g v="NOUN"></g><g v="inan"></g><g v="masc"></g><g v="Fixd"></g><g v="Abbr"></g><g v="sing"></g><g v="nomn"></g></l></v></tfr></token><token id="644002" text="в"><tfr rev_id="1476112" t="в"><v><l id="37409" t="в"><g v="PREP"></g></l></v></tfr></token><token id="644003" text="Архангельской"><tfr rev_id="3710992" t="Архангельской"><v><l id="17716" t="архангельский"><g v="ADJF"></g><g v="femn"></g><g v="sing"></g><g v="loct"></g></l></v></tfr></token><token id="644004" text="области"><tfr rev_id="4281383" t="области"><v><l id="196229" t="область"><g v="NOUN"></g><g v="inan"></g><g v="femn"></g><g v="sing"></g><g v="loct"></g></l></v></tfr></token><token id="644005" text="."><tfr rev_id="1476115" t="."><v><l id="0" t="."><g v="PNCT"></g></l></v></tfr></token></tokens></sentence><sentence id="36031"><source>Ранее сообщалось, что он будет отбывать срок в колонии Вельска, однако официально эта информация не подтверждена.</source><tokens><token id="644006" text="Ранее"><tfr rev_id="1476116" t="Ранее"><v><l id="297884" t="ранее"><g v="ADVB"></g></l></v></tfr></token><token id="644007" text="сообщалось"><tfr rev_id="1476117" t="сообщалось"><v><l id="329545" t="сообщаюсь"><g v="VERB"></g><g v="impf"></g><g v="intr"></g><g v="neut"></g><g v="sing"></g><g v="past"></g><g v="indc"></g></l></v></tfr></token><token id="644008" text=","><tfr rev_id="1476118" t=","><v><l id="0" t=","><g v="PNCT"></g></l></v></tfr></token><token id="644009" text="что"><tfr rev_id="3197219" t="что"><v><l id="377004" t="что"><g v="CONJ"></g></l></v><v><l id="377005" t="что"><g v="NPRO"></g><g v="neut"></g><g v="sing"></g><g v="nomn"></g></l></v><v><l id="377005" t="что"><g v="NPRO"></g><g v="neut"></g><g v="sing"></g><g v="accs"></g></l></v><v><l id="377006" t="что"><g v="ADVB"></g><g v="Ques"></g></l></v><v><l id="388695" t="что"><g v="PRCL"></g></l></v></tfr></token><token id="644010" text="он"><tfr rev_id="3575698" t="он"><v><l id="206541" t="он"><g v="NPRO"></g><g v="masc"></g><g v="3per"></g><g v="Anph"></g><g v="sing"></g><g v="nomn"></g></l></v></tfr></token><token id="644011" text="будет"><tfr rev_id="1476121" t="будет"><v><l id="37265" t="есть"><g v="VERB"></g><g v="impf"></g><g v="intr"></g><g v="sing"></g><g v="3per"></g><g v="futr"></g><g v="indc"></g></l></v></tfr></token><token id="644012" text="отбывать"><tfr rev_id="1476122" t="отбывать"><v><l id="212083" t="отбывать"><g v="INFN"></g><g v="impf"></g><g v="tran"></g></l></v></tfr></token><token id="644013" text="срок"><tfr rev_id="4212784" t="срок"><v><l id="333848" t="срок"><g v="NOUN"></g><g v="inan"></g><g v="masc"></g><g v="sing"></g><g v="accs"></g></l></v></tfr></token><token id="644014" text="в"><tfr rev_id="1476124" t="в"><v><l id="37409" t="в"><g v="PREP"></g></l></v></tfr></token><token id="644015" text="колонии"><tfr rev_id="4270008" t="колонии"><v><l id="136278" t="колония"><g v="NOUN"></g><g v="inan"></g><g v="femn"></g><g v="sing"></g><g v="loct"></g></l></v></tfr></token><token id="644016" text="Вельска"><tfr rev_id="1476126" t="Вельска"><v><l id="40832" t="вельск"><g v="NOUN"></g><g v="inan"></g><g v="masc"></g><g v="Geox"></g><g v="sing"></g><g v="gent"></g></l></v></tfr></token><token id="644017" text=","><tfr rev_id="1476127" t=","><v><l id="0" t=","><g v="PNCT"></g></l></v></tfr></token><token id="644018" text="однако"><tfr rev_id="2624567" t="однако"><v><l id="203386" t="однако"><g v="INTJ"></g></l></v><v><l id="203387" t="однако"><g v="CONJ"></g><g v="Prnt"></g></l></v></tfr></token><token id="644019" text="официально"><tfr rev_id="1476129" t="официально"><v><l id="220937" t="официально"><g v="ADVB"></g></l></v><v><l id="220941" t="официален"><g v="ADJS"></g><g v="neut"></g><g v="sing"></g></l></v></tfr></token><token id="644020" text="эта"><tfr rev_id="4437211" t="эта"><v><l id="386581" t="этот"><g v="ADJF"></g><g v="Subx"></g><g v="Apro"></g><g v="Anph"></g><g v="femn"></g><g v="sing"></g><g v="nomn"></g></l></v></tfr></token><token id="644021" text="информация"><tfr rev_id="1476131" t="информация"><v><l id="123576" t="информация"><g v="NOUN"></g><g v="inan"></g><g v="femn"></g><g v="sing"></g><g v="nomn"></g></l></v></tfr></token><token id="644022" text="не"><tfr rev_id="1476132" t="не"><v><l id="178876" t="не"><g v="PRCL"></g></l></v></tfr></token><token id="644023" text="подтверждена"><tfr rev_id="1476133" t="подтверждена"><v><l id="251441" t="подтверждён"><g v="PRTS"></g><g v="perf"></g><g v="past"></g><g v="pssv"></g><g v="femn"></g><g v="sing"></g></l></v></tfr></token><token id="644024" text="."><tfr rev_id="1476134" t="."><v><l id="0" t="."><g v="PNCT"></g></l></v></tfr></token></tokens></sentence></paragraph><paragraph id="11418"><sentence id="36032"><source>Мнение блогеров, комментировавших начало судебных слушаний по второму делу Ходорковского и Лебедева, читайте в статье Частного корреспондента ««Запущена машина, и ее уже не остановишь»»</source><tokens><token id="644025" text="Мнение"><tfr rev_id="1476135" t="Мнение"><v><l id="161395" t="мнение"><g v="NOUN"></g><g v="inan"></g><g v="neut"></g><g v="sing"></g><g v="nomn"></g></l></v><v><l id="161395" t="мнение"><g v="NOUN"></g><g v="inan"></g><g v="neut"></g><g v="sing"></g><g v="accs"></g></l></v></tfr></token><token id="644026" text="блогеров"><tfr rev_id="4383205" t="блогеров"><v><l id="388654" t="блогер"><g v="NOUN"></g><g v="anim"></g><g v="masc"></g><g v="plur"></g><g v="gent"></g></l></v></tfr></token><token id="644027" text=","><tfr rev_id="1476137" t=","><v><l id="0" t=","><g v="PNCT"></g></l></v></tfr></token><token id="644028" text="комментировавших"><tfr rev_id="3944193" t="комментировавших"><v><l id="136979" t="комментировавший"><g v="PRTF"></g><g v="impf"></g><g v="tran"></g><g v="past"></g><g v="actv"></g><g v="plur"></g><g v="gent"></g></l></v></tfr></token><token id="644029" text="начало"><tfr rev_id="1716238" t="начало"><v><l id="178196" t="начало"><g v="NOUN"></g><g v="inan"></g><g v="neut"></g><g v="sing"></g><g v="nomn"></g></l></v><v><l id="178196" t="начало"><g v="NOUN"></g><g v="inan"></g><g v="neut"></g><g v="sing"></g><g v="accs"></g></l></v></tfr></token><token id="644030" text="судебных"><tfr rev_id="4351675" t="судебных"><v><l id="338966" t="судебный"><g v="ADJF"></g><g v="Qual"></g><g v="plur"></g><g v="gent"></g></l></v></tfr></token><token id="644031" text="слушаний"><tfr rev_id="1476141" t="слушаний"><v><l id="325508" t="слушание"><g v="NOUN"></g><g v="inan"></g><g v="neut"></g><g v="plur"></g><g v="gent"></g></l></v></tfr></token><token id="644032" text="по"><tfr rev_id="1476142" t="по"><v><l id="241240" t="по"><g v="PREP"></g></l></v></tfr></token><token id="644033" text="второму"><tfr rev_id="4375863" t="второму"><v><l id="55043" t="второй"><g v="ADJF"></g><g v="Anum"></g><g v="neut"></g><g v="sing"></g><g v="datv"></g></l></v></tfr></token><token id="644034" text="делу"><tfr rev_id="1476144" t="делу"><v><l id="80628" t="дело"><g v="NOUN"></g><g v="inan"></g><g v="neut"></g><g v="sing"></g><g v="datv"></g></l></v></tfr></token><token id="644035" text="Ходорковского"><tfr rev_id="4461615" t="Ходорковского"><v><l id="371128" t="ходорковский"><g v="NOUN"></g><g v="anim"></g><g v="masc"></g><g v="Sgtm"></g><g v="Surn"></g><g v="sing"></g><g v="gent"></g></l></v></tfr></token><token id="644036" text="и"><tfr rev_id="1476146" t="и"><v><l id="116949" t="и"><g v="CONJ"></g></l></v><v><l id="116950" t="и"><g v="INTJ"></g></l></v></tfr></token><token id="644037" text="Лебедева"><tfr rev_id="4356518" t="Лебедева"><v><l id="147287" t="лебедев"><g v="NOUN"></g><g v="anim"></g><g v="masc"></g><g v="Sgtm"></g><g v="Surn"></g><g v="sing"></g><g v="gent"></g></l></v></tfr></token><token id="644038" text=","><tfr rev_id="1476148" t=","><v><l id="0" t=","><g v="PNCT"></g></l></v></tfr></token><token id="644039" text="читайте"><tfr rev_id="1476149" t="читайте"><v><l id="376719" t="читаю"><g v="VERB"></g><g v="impf"></g><g v="tran"></g><g v="plur"></g><g v="impr"></g><g v="excl"></g></l></v></tfr></token><token id="644040" text="в"><tfr rev_id="1476150" t="в"><v><l id="37409" t="в"><g v="PREP"></g></l></v></tfr></token><token id="644041" text="статье"><tfr rev_id="3500251" t="статье"><v><l id="335173" t="статья"><g v="NOUN"></g><g v="inan"></g><g v="femn"></g><g v="sing"></g><g v="loct"></g></l></v></tfr></token><token id="644042" text="Частного"><tfr rev_id="4371578" t="Частного"><v><l id="374795" t="частный"><g v="ADJF"></g><g v="Qual"></g><g v="masc"></g><g v="sing"></g><g v="gent"></g></l></v><v><l id="374795" t="частный"><g v="ADJF"></g><g v="Qual"></g><g v="anim"></g><g v="masc"></g><g v="sing"></g><g v="accs"></g></l></v></tfr></token><token id="644043" text="корреспондента"><tfr rev_id="2922297" t="корреспондента"><v><l id="140239" t="корреспондент"><g v="NOUN"></g><g v="anim"></g><g v="masc"></g><g v="sing"></g><g v="gent"></g></l></v></tfr></token><token id="644044" text="««"><tfr rev_id="2445371" t="««"><v><l id="0" t="««"><g v="PNCT"></g></l></v></tfr></token><token id="644045" text="Запущена"><tfr rev_id="1476155" t="Запущена"><v><l id="108330" t="запущен"><g v="PRTS"></g><g v="perf"></g><g v="past"></g><g v="pssv"></g><g v="femn"></g><g v="sing"></g></l></v></tfr></token><token id="644046" text="машина"><tfr rev_id="4162961" t="машина"><v><l id="156690" t="машина"><g v="NOUN"></g><g v="inan"></g><g v="femn"></g><g v="sing"></g><g v="nomn"></g></l></v></tfr></token><token id="644047" text=","><tfr rev_id="1476157" t=","><v><l id="0" t=","><g v="PNCT"></g></l></v></tfr></token><token id="644048" text="и"><tfr rev_id="3409016" t="и"><v><l id="116949" t="и"><g v="CONJ"></g></l></v></tfr></token><token id="644049" text="ее"><tfr rev_id="4572209" t="ее"><v><l id="206544" t="она"><g v="NPRO"></g><g v="femn"></g><g v="3per"></g><g v="Anph"></g><g v="sing"></g><g v="gent"></g></l></v><v><l id="206544" t="она"><g v="NPRO"></g><g v="femn"></g><g v="3per"></g><g v="Anph"></g><g v="sing"></g><g v="accs"></g></l></v></tfr></token><token id="644050" text="уже"><tfr rev_id="2692818" t="уже"><v><l id="355422" t="уж"><g v="NOUN"></g><g v="anim"></g><g v="masc"></g><g v="sing"></g><g v="loct"></g></l></v><v><l id="355498" t="уже"><g v="ADVB"></g></l></v><v><l id="355674" t="уже"><g v="COMP"></g><g v="Qual"></g></l></v><v><l id="388673" t="уже"><g v="PRCL"></g></l></v></tfr></token><token id="644051" text="не"><tfr rev_id="1476161" t="не"><v><l id="178876" t="не"><g v="PRCL"></g></l></v></tfr></token><token id="644052" text="остановишь"><tfr rev_id="1476162" t="остановишь"><v><l id="210859" t="остановил"><g v="VERB"></g><g v="perf"></g><g v="tran"></g><g v="sing"></g><g v="2per"></g><g v="futr"></g><g v="indc"></g></l></v></tfr></token><token id="644053" text="»»"><tfr rev_id="2445372" t="»»"><v><l id="0" t="»»"><g v="PNCT"></g></l></v></tfr></token></tokens></sentence></paragraph></paragraphs></text>