<?xml version="1.0" encoding="utf-8"?><text id="124" parent="56" name="Аризонский стрелок предстал перед судом"><tags><tag>Гео:ВикиКатегория:США/Аризона</tag><tag>url:http://ru.wikinews.org/w/index.php?title=Аризонский_«стрелок»_предстал_перед_судом&amp;oldid=50888</tag><tag>Автор:http://ru.wikinews.org/wiki/Участник:Akishin D.</tag><tag>Дата:11/01</tag><tag>Год:2011</tag><tag>Тема:ВикиКатегория:Преступность и право</tag></tags><paragraphs><paragraph id="2701"><sentence id="8530"><source>22-летний житель Аризоны, открывший стрельбу, в результате которой пострадали 20 человек, и попытавшийся убить члена Конгресса США, впервые предстал перед судом по обвинению в совершении федерального преступления.</source><tokens><token id="165156" text="22-летний"><tfr rev_id="999959" t="22-летний"><v><l id="0" t="22-летний"><g v="UNKN"></g></l></v></tfr></token><token id="165157" text="житель"><tfr rev_id="999960" t="житель"><v><l id="97562" t="житель"><g v="NOUN"></g><g v="anim"></g><g v="masc"></g><g v="sing"></g><g v="nomn"></g></l></v></tfr></token><token id="165158" text="Аризоны"><tfr rev_id="3419980" t="Аризоны"><v><l id="388912" t="аризона"><g v="NOUN"></g><g v="inan"></g><g v="femn"></g><g v="Sgtm"></g><g v="Geox"></g><g v="sing"></g><g v="gent"></g></l></v></tfr></token><token id="165159" text=","><tfr rev_id="999962" t=","><v><l id="0" t=","><g v="PNCT"></g></l></v></tfr></token><token id="165160" text="открывший"><tfr rev_id="999963" t="открывший"><v><l id="214756" t="открывший"><g v="PRTF"></g><g v="perf"></g><g v="tran"></g><g v="past"></g><g v="actv"></g><g v="masc"></g><g v="sing"></g><g v="nomn"></g></l></v><v><l id="214756" t="открывший"><g v="PRTF"></g><g v="perf"></g><g v="tran"></g><g v="past"></g><g v="actv"></g><g v="inan"></g><g v="masc"></g><g v="sing"></g><g v="accs"></g></l></v></tfr></token><token id="165161" text="стрельбу"><tfr rev_id="999964" t="стрельбу"><v><l id="337404" t="стрельба"><g v="NOUN"></g><g v="inan"></g><g v="femn"></g><g v="sing"></g><g v="accs"></g></l></v></tfr></token><token id="165162" text=","><tfr rev_id="999965" t=","><v><l id="0" t=","><g v="PNCT"></g></l></v></tfr></token><token id="165163" text="в"><tfr rev_id="999966" t="в"><v><l id="37409" t="в"><g v="PREP"></g></l></v></tfr></token><token id="165164" text="результате"><tfr rev_id="999967" t="результате"><v><l id="305391" t="результат"><g v="NOUN"></g><g v="inan"></g><g v="masc"></g><g v="sing"></g><g v="loct"></g></l></v></tfr></token><token id="165165" text="которой"><tfr rev_id="4316285" t="которой"><v><l id="141203" t="который"><g v="ADJF"></g><g v="Apro"></g><g v="Subx"></g><g v="Anph"></g><g v="femn"></g><g v="sing"></g><g v="gent"></g></l></v></tfr></token><token id="165166" text="пострадали"><tfr rev_id="999969" t="пострадали"><v><l id="262435" t="пострадал"><g v="VERB"></g><g v="perf"></g><g v="intr"></g><g v="plur"></g><g v="past"></g><g v="indc"></g></l></v></tfr></token><token id="165167" text="20"><tfr rev_id="2456255" t="20"><v><l id="0" t="20"><g v="NUMB"></g></l></v></tfr></token><token id="165168" text="человек"><tfr rev_id="3440490" t="человек"><v><l id="375073" t="человек"><g v="NOUN"></g><g v="anim"></g><g v="masc"></g><g v="plur"></g><g v="gent"></g></l></v></tfr></token><token id="165169" text=","><tfr rev_id="999972" t=","><v><l id="0" t=","><g v="PNCT"></g></l></v></tfr></token><token id="165170" text="и"><tfr rev_id="999973" t="и"><v><l id="116949" t="и"><g v="CONJ"></g></l></v><v><l id="116950" t="и"><g v="INTJ"></g></l></v></tfr></token><token id="165171" text="попытавшийся"><tfr rev_id="999974" t="попытавшийся"><v><l id="259842" t="попытавшийся"><g v="PRTF"></g><g v="perf"></g><g v="intr"></g><g v="past"></g><g v="actv"></g><g v="masc"></g><g v="sing"></g><g v="nomn"></g></l></v><v><l id="259842" t="попытавшийся"><g v="PRTF"></g><g v="perf"></g><g v="intr"></g><g v="past"></g><g v="actv"></g><g v="inan"></g><g v="masc"></g><g v="sing"></g><g v="accs"></g></l></v></tfr></token><token id="165172" text="убить"><tfr rev_id="999975" t="убить"><v><l id="353021" t="убить"><g v="INFN"></g><g v="perf"></g><g v="tran"></g></l></v></tfr></token><token id="165173" text="члена"><tfr rev_id="4386090" t="члена"><v><l id="376827" t="член"><g v="NOUN"></g><g v="anim"></g><g v="masc"></g><g v="sing"></g><g v="accs"></g></l></v></tfr></token><token id="165174" text="Конгресса"><tfr rev_id="999977" t="Конгресса"><v><l id="137668" t="конгресс"><g v="NOUN"></g><g v="inan"></g><g v="masc"></g><g v="sing"></g><g v="gent"></g></l></v></tfr></token><token id="165175" text="США"><tfr rev_id="3811056" t="США"><v><l id="341371" t="сша"><g v="NOUN"></g><g v="inan"></g><g v="GNdr"></g><g v="Pltm"></g><g v="Fixd"></g><g v="Abbr"></g><g v="Geox"></g><g v="plur"></g><g v="gent"></g></l></v></tfr></token><token id="165176" text=","><tfr rev_id="999979" t=","><v><l id="0" t=","><g v="PNCT"></g></l></v></tfr></token><token id="165177" text="впервые"><tfr rev_id="999980" t="впервые"><v><l id="52345" t="впервые"><g v="ADVB"></g></l></v></tfr></token><token id="165178" text="предстал"><tfr rev_id="999981" t="предстал"><v><l id="267136" t="предстал"><g v="VERB"></g><g v="perf"></g><g v="intr"></g><g v="masc"></g><g v="sing"></g><g v="past"></g><g v="indc"></g></l></v></tfr></token><token id="165179" text="перед"><tfr rev_id="2561422" t="перед"><v><l id="228071" t="перед"><g v="PREP"></g></l></v></tfr></token><token id="165180" text="судом"><tfr rev_id="999983" t="судом"><v><l id="338918" t="суд"><g v="NOUN"></g><g v="inan"></g><g v="masc"></g><g v="sing"></g><g v="ablt"></g></l></v></tfr></token><token id="165181" text="по"><tfr rev_id="999984" t="по"><v><l id="241240" t="по"><g v="PREP"></g></l></v></tfr></token><token id="165182" text="обвинению"><tfr rev_id="999985" t="обвинению"><v><l id="193410" t="обвинение"><g v="NOUN"></g><g v="inan"></g><g v="neut"></g><g v="sing"></g><g v="datv"></g></l></v></tfr></token><token id="165183" text="в"><tfr rev_id="999986" t="в"><v><l id="37409" t="в"><g v="PREP"></g></l></v></tfr></token><token id="165184" text="совершении"><tfr rev_id="999987" t="совершении"><v><l id="327896" t="совершение"><g v="NOUN"></g><g v="inan"></g><g v="neut"></g><g v="sing"></g><g v="loct"></g></l></v></tfr></token><token id="165185" text="федерального"><tfr rev_id="3449381" t="федерального"><v><l id="364933" t="федеральный"><g v="ADJF"></g><g v="neut"></g><g v="sing"></g><g v="gent"></g></l></v></tfr></token><token id="165186" text="преступления"><tfr rev_id="2372560" t="преступления"><v><l id="268345" t="преступление"><g v="NOUN"></g><g v="inan"></g><g v="neut"></g><g v="sing"></g><g v="gent"></g></l></v></tfr></token><token id="165187" text="."><tfr rev_id="999990" t="."><v><l id="0" t="."><g v="PNCT"></g></l></v></tfr></token></tokens></sentence></paragraph><paragraph id="2702"><sentence id="8531"><source>В понедельник Джаред Лофнер в наручниках и в сопровождении нескольких охранников доставлен в суд в города Феникс.</source><tokens><token id="165188" text="В"><tfr rev_id="999991" t="В"><v><l id="37409" t="в"><g v="PREP"></g></l></v></tfr></token><token id="165189" text="понедельник"><tfr rev_id="4093333" t="понедельник"><v><l id="258364" t="понедельник"><g v="NOUN"></g><g v="inan"></g><g v="masc"></g><g v="sing"></g><g v="accs"></g></l></v></tfr></token><token id="165190" text="Джаред"><tfr rev_id="999993" t="Джаред"><v><l id="0" t="джаред"><g v="UNKN"></g></l></v></tfr></token><token id="165191" text="Лофнер"><tfr rev_id="999994" t="Лофнер"><v><l id="0" t="лофнер"><g v="UNKN"></g></l></v></tfr></token><token id="165192" text="в"><tfr rev_id="999995" t="в"><v><l id="37409" t="в"><g v="PREP"></g></l></v></tfr></token><token id="165193" text="наручниках"><tfr rev_id="999996" t="наручниках"><v><l id="174867" t="наручник"><g v="NOUN"></g><g v="inan"></g><g v="masc"></g><g v="plur"></g><g v="loct"></g></l></v></tfr></token><token id="165194" text="и"><tfr rev_id="999997" t="и"><v><l id="116949" t="и"><g v="CONJ"></g></l></v><v><l id="116950" t="и"><g v="INTJ"></g></l></v></tfr></token><token id="165195" text="в"><tfr rev_id="999998" t="в"><v><l id="37409" t="в"><g v="PREP"></g></l></v></tfr></token><token id="165196" text="сопровождении"><tfr rev_id="999999" t="сопровождении"><v><l id="329892" t="сопровождение"><g v="NOUN"></g><g v="inan"></g><g v="neut"></g><g v="sing"></g><g v="loct"></g></l></v></tfr></token><token id="165197" text="нескольких"><tfr rev_id="2781617" t="нескольких"><v><l id="188126" t="несколько"><g v="NUMR"></g><g v="gent"></g></l></v></tfr></token><token id="165198" text="охранников"><tfr rev_id="4355583" t="охранников"><v><l id="221341" t="охранник"><g v="NOUN"></g><g v="anim"></g><g v="masc"></g><g v="plur"></g><g v="gent"></g></l></v></tfr></token><token id="165199" text="доставлен"><tfr rev_id="1000002" t="доставлен"><v><l id="90444" t="доставлен"><g v="PRTS"></g><g v="perf"></g><g v="past"></g><g v="pssv"></g><g v="masc"></g><g v="sing"></g></l></v></tfr></token><token id="165200" text="в"><tfr rev_id="1000003" t="в"><v><l id="37409" t="в"><g v="PREP"></g></l></v></tfr></token><token id="165201" text="суд"><tfr rev_id="4103246" t="суд"><v><l id="338918" t="суд"><g v="NOUN"></g><g v="inan"></g><g v="masc"></g><g v="sing"></g><g v="accs"></g></l></v></tfr></token><token id="165202" text="в"><tfr rev_id="1000005" t="в"><v><l id="37409" t="в"><g v="PREP"></g></l></v></tfr></token><token id="165203" text="города"><tfr rev_id="3491106" t="города"><v><l id="73547" t="город"><g v="NOUN"></g><g v="inan"></g><g v="masc"></g><g v="sing"></g><g v="gent"></g></l></v></tfr></token><token id="165204" text="Феникс"><tfr rev_id="1000007" t="Феникс"><v><l id="365186" t="феникс"><g v="NOUN"></g><g v="anim"></g><g v="masc"></g><g v="sing"></g><g v="nomn"></g></l></v></tfr></token><token id="165205" text="."><tfr rev_id="1000008" t="."><v><l id="0" t="."><g v="PNCT"></g></l></v></tfr></token></tokens></sentence><sentence id="8532"><source>Побритый наголо и одетый в тюремную форму, он сказал, что знает свои права.</source><tokens><token id="165206" text="Побритый"><tfr rev_id="1000009" t="Побритый"><v><l id="241822" t="побритый"><g v="PRTF"></g><g v="perf"></g><g v="tran"></g><g v="past"></g><g v="pssv"></g><g v="masc"></g><g v="sing"></g><g v="nomn"></g></l></v><v><l id="241822" t="побритый"><g v="PRTF"></g><g v="perf"></g><g v="tran"></g><g v="past"></g><g v="pssv"></g><g v="inan"></g><g v="masc"></g><g v="sing"></g><g v="accs"></g></l></v></tfr></token><token id="165207" text="наголо"><tfr rev_id="1000010" t="наголо"><v><l id="167951" t="наголо"><g v="ADVB"></g></l></v></tfr></token><token id="165208" text="и"><tfr rev_id="3675334" t="и"><v><l id="116949" t="и"><g v="CONJ"></g></l></v></tfr></token><token id="165209" text="одетый"><tfr rev_id="1000012" t="одетый"><v><l id="203296" t="одетый"><g v="ADJF"></g><g v="Qual"></g><g v="masc"></g><g v="sing"></g><g v="nomn"></g></l></v><v><l id="203296" t="одетый"><g v="ADJF"></g><g v="Qual"></g><g v="inan"></g><g v="masc"></g><g v="sing"></g><g v="accs"></g></l></v><v><l id="203302" t="одетый"><g v="PRTF"></g><g v="perf"></g><g v="tran"></g><g v="past"></g><g v="pssv"></g><g v="masc"></g><g v="sing"></g><g v="nomn"></g></l></v><v><l id="203302" t="одетый"><g v="PRTF"></g><g v="perf"></g><g v="tran"></g><g v="past"></g><g v="pssv"></g><g v="inan"></g><g v="masc"></g><g v="sing"></g><g v="accs"></g></l></v></tfr></token><token id="165210" text="в"><tfr rev_id="1000013" t="в"><v><l id="37409" t="в"><g v="PREP"></g></l></v></tfr></token><token id="165211" text="тюремную"><tfr rev_id="1000014" t="тюремную"><v><l id="352504" t="тюремный"><g v="ADJF"></g><g v="Qual"></g><g v="femn"></g><g v="sing"></g><g v="accs"></g></l></v></tfr></token><token id="165212" text="форму"><tfr rev_id="1000015" t="форму"><v><l id="367077" t="форма"><g v="NOUN"></g><g v="inan"></g><g v="femn"></g><g v="sing"></g><g v="accs"></g></l></v></tfr></token><token id="165213" text=","><tfr rev_id="1000016" t=","><v><l id="0" t=","><g v="PNCT"></g></l></v></tfr></token><token id="165214" text="он"><tfr rev_id="3574546" t="он"><v><l id="206541" t="он"><g v="NPRO"></g><g v="masc"></g><g v="3per"></g><g v="Anph"></g><g v="sing"></g><g v="nomn"></g></l></v></tfr></token><token id="165215" text="сказал"><tfr rev_id="1000018" t="сказал"><v><l id="321532" t="сказал"><g v="VERB"></g><g v="perf"></g><g v="tran"></g><g v="masc"></g><g v="sing"></g><g v="past"></g><g v="indc"></g></l></v></tfr></token><token id="165216" text=","><tfr rev_id="1000019" t=","><v><l id="0" t=","><g v="PNCT"></g></l></v></tfr></token><token id="165217" text="что"><tfr rev_id="3192501" t="что"><v><l id="377004" t="что"><g v="CONJ"></g></l></v><v><l id="377005" t="что"><g v="NPRO"></g><g v="neut"></g><g v="sing"></g><g v="nomn"></g></l></v><v><l id="377005" t="что"><g v="NPRO"></g><g v="neut"></g><g v="sing"></g><g v="accs"></g></l></v><v><l id="377006" t="что"><g v="ADVB"></g><g v="Ques"></g></l></v><v><l id="388695" t="что"><g v="PRCL"></g></l></v></tfr></token><token id="165218" text="знает"><tfr rev_id="1000021" t="знает"><v><l id="115989" t="знаю"><g v="VERB"></g><g v="impf"></g><g v="tran"></g><g v="sing"></g><g v="3per"></g><g v="pres"></g><g v="indc"></g></l></v></tfr></token><token id="165219" text="свои"><tfr rev_id="3813985" t="свои"><v><l id="316379" t="свой"><g v="ADJF"></g><g v="Apro"></g><g v="Anph"></g><g v="inan"></g><g v="plur"></g><g v="accs"></g></l></v></tfr></token><token id="165220" text="права"><tfr rev_id="3814866" t="права"><v><l id="265680" t="право"><g v="NOUN"></g><g v="inan"></g><g v="neut"></g><g v="plur"></g><g v="accs"></g></l></v></tfr></token><token id="165221" text="."><tfr rev_id="1000024" t="."><v><l id="0" t="."><g v="PNCT"></g></l></v></tfr></token></tokens></sentence></paragraph><paragraph id="2703"><sentence id="8533"><source>Лофнер предстал перед судом через два дня после стрельбы в Тусоне.</source><tokens><token id="165222" text="Лофнер"><tfr rev_id="1000025" t="Лофнер"><v><l id="0" t="лофнер"><g v="UNKN"></g></l></v></tfr></token><token id="165223" text="предстал"><tfr rev_id="1000026" t="предстал"><v><l id="267136" t="предстал"><g v="VERB"></g><g v="perf"></g><g v="intr"></g><g v="masc"></g><g v="sing"></g><g v="past"></g><g v="indc"></g></l></v></tfr></token><token id="165224" text="перед"><tfr rev_id="2601647" t="перед"><v><l id="228071" t="перед"><g v="PREP"></g></l></v></tfr></token><token id="165225" text="судом"><tfr rev_id="1000028" t="судом"><v><l id="338918" t="суд"><g v="NOUN"></g><g v="inan"></g><g v="masc"></g><g v="sing"></g><g v="ablt"></g></l></v></tfr></token><token id="165226" text="через"><tfr rev_id="1000029" t="через"><v><l id="375333" t="через"><g v="PREP"></g></l></v></tfr></token><token id="165227" text="два"><tfr rev_id="4450230" t="два"><v><l id="78668" t="два"><g v="NUMR"></g><g v="masc"></g><g v="nomn"></g></l></v><v><l id="78668" t="два"><g v="NUMR"></g><g v="inan"></g><g v="masc"></g><g v="accs"></g></l></v><v><l id="78668" t="два"><g v="NUMR"></g><g v="neut"></g><g v="nomn"></g></l></v><v><l id="78668" t="два"><g v="NUMR"></g><g v="inan"></g><g v="neut"></g><g v="accs"></g></l></v></tfr></token><token id="165228" text="дня"><tfr rev_id="1000031" t="дня"><v><l id="81427" t="день"><g v="NOUN"></g><g v="inan"></g><g v="masc"></g><g v="sing"></g><g v="gent"></g></l></v></tfr></token><token id="165229" text="после"><tfr rev_id="4407226" t="после"><v><l id="261542" t="после"><g v="PREP"></g></l></v></tfr></token><token id="165230" text="стрельбы"><tfr rev_id="3500585" t="стрельбы"><v><l id="337404" t="стрельба"><g v="NOUN"></g><g v="inan"></g><g v="femn"></g><g v="sing"></g><g v="gent"></g></l></v></tfr></token><token id="165231" text="в"><tfr rev_id="1000034" t="в"><v><l id="37409" t="в"><g v="PREP"></g></l></v></tfr></token><token id="165232" text="Тусоне"><tfr rev_id="1000035" t="Тусоне"><v><l id="0" t="тусоне"><g v="UNKN"></g></l></v></tfr></token><token id="165233" text="."><tfr rev_id="1000036" t="."><v><l id="0" t="."><g v="PNCT"></g></l></v></tfr></token></tokens></sentence><sentence id="8534"><source>Тогда были убиты шесть человек, а член Палаты представителей Конгресса США от штата Аризона Гэбриэль Гиффордс получила ранение и в настоящее время находится в критическом состоянии.</source><tokens><token id="165234" text="Тогда"><tfr rev_id="1000037" t="Тогда"><v><l id="346921" t="тогда"><g v="ADVB"></g><g v="Dmns"></g></l></v></tfr></token><token id="165235" text="были"><tfr rev_id="1712590" t="были"><v><l id="37265" t="есть"><g v="VERB"></g><g v="impf"></g><g v="intr"></g><g v="plur"></g><g v="past"></g><g v="indc"></g></l></v></tfr></token><token id="165236" text="убиты"><tfr rev_id="1000039" t="убиты"><v><l id="353018" t="убит"><g v="ADJS"></g><g v="Qual"></g><g v="plur"></g></l></v><v><l id="353024" t="убит"><g v="PRTS"></g><g v="perf"></g><g v="past"></g><g v="pssv"></g><g v="plur"></g></l></v></tfr></token><token id="165237" text="шесть"><tfr rev_id="1000040" t="шесть"><v><l id="379421" t="шесть"><g v="NUMR"></g><g v="nomn"></g></l></v><v><l id="379421" t="шесть"><g v="NUMR"></g><g v="accs"></g></l></v></tfr></token><token id="165238" text="человек"><tfr rev_id="3479780" t="человек"><v><l id="375073" t="человек"><g v="NOUN"></g><g v="anim"></g><g v="masc"></g><g v="plur"></g><g v="gent"></g></l></v></tfr></token><token id="165239" text=","><tfr rev_id="1000042" t=","><v><l id="0" t=","><g v="PNCT"></g></l></v></tfr></token><token id="165240" text="а"><tfr rev_id="1000043" t="а"><v><l id="51" t="а"><g v="CONJ"></g></l></v><v><l id="52" t="а"><g v="INTJ"></g></l></v><v><l id="53" t="а"><g v="PRCL"></g></l></v></tfr></token><token id="165241" text="член"><tfr rev_id="4330996" t="член"><v><l id="376827" t="член"><g v="NOUN"></g><g v="anim"></g><g v="masc"></g><g v="sing"></g><g v="nomn"></g></l></v></tfr></token><token id="165242" text="Палаты"><tfr rev_id="3502506" t="Палаты"><v><l id="222780" t="палата"><g v="NOUN"></g><g v="inan"></g><g v="femn"></g><g v="sing"></g><g v="gent"></g></l></v></tfr></token><token id="165243" text="представителей"><tfr rev_id="2369411" t="представителей"><v><l id="267083" t="представитель"><g v="NOUN"></g><g v="anim"></g><g v="masc"></g><g v="plur"></g><g v="gent"></g></l></v></tfr></token><token id="165244" text="Конгресса"><tfr rev_id="1000047" t="Конгресса"><v><l id="137668" t="конгресс"><g v="NOUN"></g><g v="inan"></g><g v="masc"></g><g v="sing"></g><g v="gent"></g></l></v></tfr></token><token id="165245" text="США"><tfr rev_id="3811057" t="США"><v><l id="341371" t="сша"><g v="NOUN"></g><g v="inan"></g><g v="GNdr"></g><g v="Pltm"></g><g v="Fixd"></g><g v="Abbr"></g><g v="Geox"></g><g v="plur"></g><g v="gent"></g></l></v></tfr></token><token id="165246" text="от"><tfr rev_id="1000049" t="от"><v><l id="211644" t="от"><g v="PREP"></g></l></v></tfr></token><token id="165247" text="штата"><tfr rev_id="1000050" t="штата"><v><l id="381334" t="штат"><g v="NOUN"></g><g v="inan"></g><g v="masc"></g><g v="sing"></g><g v="gent"></g></l></v></tfr></token><token id="165248" text="Аризона"><tfr rev_id="3419981" t="Аризона"><v><l id="388912" t="аризона"><g v="NOUN"></g><g v="inan"></g><g v="femn"></g><g v="Sgtm"></g><g v="Geox"></g><g v="sing"></g><g v="nomn"></g></l></v></tfr></token><token id="165249" text="Гэбриэль"><tfr rev_id="1000052" t="Гэбриэль"><v><l id="0" t="гэбриэль"><g v="UNKN"></g></l></v></tfr></token><token id="165250" text="Гиффордс"><tfr rev_id="1000053" t="Гиффордс"><v><l id="0" t="гиффордс"><g v="UNKN"></g></l></v></tfr></token><token id="165251" text="получила"><tfr rev_id="1000054" t="получила"><v><l id="256959" t="получил"><g v="VERB"></g><g v="perf"></g><g v="tran"></g><g v="femn"></g><g v="sing"></g><g v="past"></g><g v="indc"></g></l></v></tfr></token><token id="165252" text="ранение"><tfr rev_id="4092680" t="ранение"><v><l id="297885" t="ранение"><g v="NOUN"></g><g v="inan"></g><g v="neut"></g><g v="sing"></g><g v="accs"></g></l></v></tfr></token><token id="165253" text="и"><tfr rev_id="1000056" t="и"><v><l id="116949" t="и"><g v="CONJ"></g></l></v><v><l id="116950" t="и"><g v="INTJ"></g></l></v></tfr></token><token id="165254" text="в"><tfr rev_id="1000057" t="в"><v><l id="37409" t="в"><g v="PREP"></g></l></v></tfr></token><token id="165255" text="настоящее"><tfr rev_id="4254072" t="настоящее"><v><l id="176151" t="настоящий"><g v="ADJF"></g><g v="neut"></g><g v="sing"></g><g v="nomn"></g></l></v><v><l id="176151" t="настоящий"><g v="ADJF"></g><g v="neut"></g><g v="sing"></g><g v="accs"></g></l></v></tfr></token><token id="165256" text="время"><tfr rev_id="3549884" t="время"><v><l id="53149" t="время"><g v="NOUN"></g><g v="inan"></g><g v="neut"></g><g v="sing"></g><g v="accs"></g></l></v></tfr></token><token id="165257" text="находится"><tfr rev_id="1000060" t="находится"><v><l id="177898" t="нахожусь"><g v="VERB"></g><g v="impf"></g><g v="intr"></g><g v="sing"></g><g v="3per"></g><g v="pres"></g><g v="indc"></g></l></v><v><l id="177903" t="находился"><g v="VERB"></g><g v="perf"></g><g v="intr"></g><g v="sing"></g><g v="3per"></g><g v="futr"></g><g v="indc"></g></l></v></tfr></token><token id="165258" text="в"><tfr rev_id="1000061" t="в"><v><l id="37409" t="в"><g v="PREP"></g></l></v></tfr></token><token id="165259" text="критическом"><tfr rev_id="4166364" t="критическом"><v><l id="142982" t="критический"><g v="ADJF"></g><g v="neut"></g><g v="sing"></g><g v="loct"></g></l></v></tfr></token><token id="165260" text="состоянии"><tfr rev_id="1000063" t="состоянии"><v><l id="330557" t="состояние"><g v="NOUN"></g><g v="inan"></g><g v="neut"></g><g v="sing"></g><g v="loct"></g></l></v></tfr></token><token id="165261" text="."><tfr rev_id="1000064" t="."><v><l id="0" t="."><g v="PNCT"></g></l></v></tfr></token></tokens></sentence><sentence id="8535"><source>Были ранены еще 13 человек.</source><tokens><token id="165262" text="Были"><tfr rev_id="1712591" t="Были"><v><l id="37265" t="есть"><g v="VERB"></g><g v="impf"></g><g v="intr"></g><g v="plur"></g><g v="past"></g><g v="indc"></g></l></v></tfr></token><token id="165263" text="ранены"><tfr rev_id="4347961" t="ранены"><v><l id="297935" t="ранен"><g v="PRTS"></g><g v="perf"></g><g v="past"></g><g v="pssv"></g><g v="plur"></g></l></v><v><l id="297936" t="ранен"><g v="PRTS"></g><g v="impf"></g><g v="past"></g><g v="pssv"></g><g v="plur"></g></l></v></tfr></token><token id="165264" text="еще"><tfr rev_id="1000067" t="еще"><v><l id="95551" t="ещё"><g v="PRCL"></g></l></v><v><l id="95552" t="ещё"><g v="ADVB"></g></l></v></tfr></token><token id="165265" text="13"><tfr rev_id="2456256" t="13"><v><l id="0" t="13"><g v="NUMB"></g></l></v></tfr></token><token id="165266" text="человек"><tfr rev_id="2756965" t="человек"><v><l id="375073" t="человек"><g v="NOUN"></g><g v="anim"></g><g v="masc"></g><g v="plur"></g><g v="gent"></g></l></v></tfr></token><token id="165267" text="."><tfr rev_id="1000070" t="."><v><l id="0" t="."><g v="PNCT"></g></l></v></tfr></token></tokens></sentence></paragraph><paragraph id="2704"><sentence id="8536"><source>В этот же день президент США Барак Обама заявил, что страна и народ до сих пор скорбят и не могут оправиться от шока, вызванного тем, что произошло в субботу.</source><tokens><token id="165268" text="В"><tfr rev_id="1000071" t="В"><v><l id="37409" t="в"><g v="PREP"></g></l></v></tfr></token><token id="165269" text="этот"><tfr rev_id="4431734" t="этот"><v><l id="386581" t="этот"><g v="ADJF"></g><g v="Subx"></g><g v="Apro"></g><g v="Anph"></g><g v="inan"></g><g v="masc"></g><g v="sing"></g><g v="accs"></g></l></v></tfr></token><token id="165270" text="же"><tfr rev_id="1000073" t="же"><v><l id="96208" t="же"><g v="CONJ"></g></l></v><v><l id="96209" t="же"><g v="PRCL"></g></l></v></tfr></token><token id="165271" text="день"><tfr rev_id="1712592" t="день"><v><l id="81427" t="день"><g v="NOUN"></g><g v="inan"></g><g v="masc"></g><g v="sing"></g><g v="nomn"></g></l></v><v><l id="81427" t="день"><g v="NOUN"></g><g v="inan"></g><g v="masc"></g><g v="sing"></g><g v="accs"></g></l></v></tfr></token><token id="165272" text="президент"><tfr rev_id="1000075" t="президент"><v><l id="267449" t="президент"><g v="NOUN"></g><g v="anim"></g><g v="masc"></g><g v="sing"></g><g v="nomn"></g></l></v></tfr></token><token id="165273" text="США"><tfr rev_id="4572900" t="США"><v><l id="341371" t="сша"><g v="NOUN"></g><g v="inan"></g><g v="GNdr"></g><g v="Pltm"></g><g v="Fixd"></g><g v="Abbr"></g><g v="Geox"></g><g v="plur"></g><g v="gent"></g></l></v></tfr></token><token id="165274" text="Барак"><tfr rev_id="4307706" t="Барак"><v><l id="23706" t="барак"><g v="NOUN"></g><g v="anim"></g><g v="masc"></g><g v="Name"></g><g v="sing"></g><g v="nomn"></g></l></v></tfr></token><token id="165275" text="Обама"><tfr rev_id="4576025" t="Обама"><v><l id="388472" t="обама"><g v="NOUN"></g><g v="anim"></g><g v="ms-f"></g><g v="Sgtm"></g><g v="Surn"></g><g v="sing"></g><g v="nomn"></g></l></v></tfr></token><token id="165276" text="заявил"><tfr rev_id="1000079" t="заявил"><v><l id="114300" t="заявил"><g v="VERB"></g><g v="perf"></g><g v="tran"></g><g v="masc"></g><g v="sing"></g><g v="past"></g><g v="indc"></g></l></v></tfr></token><token id="165277" text=","><tfr rev_id="1000080" t=","><v><l id="0" t=","><g v="PNCT"></g></l></v></tfr></token><token id="165278" text="что"><tfr rev_id="3192502" t="что"><v><l id="377004" t="что"><g v="CONJ"></g></l></v><v><l id="377005" t="что"><g v="NPRO"></g><g v="neut"></g><g v="sing"></g><g v="nomn"></g></l></v><v><l id="377005" t="что"><g v="NPRO"></g><g v="neut"></g><g v="sing"></g><g v="accs"></g></l></v><v><l id="377006" t="что"><g v="ADVB"></g><g v="Ques"></g></l></v><v><l id="388695" t="что"><g v="PRCL"></g></l></v></tfr></token><token id="165279" text="страна"><tfr rev_id="1000082" t="страна"><v><l id="337100" t="страна"><g v="NOUN"></g><g v="inan"></g><g v="femn"></g><g v="sing"></g><g v="nomn"></g></l></v></tfr></token><token id="165280" text="и"><tfr rev_id="1000083" t="и"><v><l id="116949" t="и"><g v="CONJ"></g></l></v><v><l id="116950" t="и"><g v="INTJ"></g></l></v></tfr></token><token id="165281" text="народ"><tfr rev_id="1000084" t="народ"><v><l id="174699" t="народ"><g v="NOUN"></g><g v="inan"></g><g v="masc"></g><g v="sing"></g><g v="nomn"></g></l></v><v><l id="174699" t="народ"><g v="NOUN"></g><g v="inan"></g><g v="masc"></g><g v="sing"></g><g v="accs"></g></l></v></tfr></token><token id="165282" text="до"><tfr rev_id="1000085" t="до"><v><l id="85153" t="до"><g v="PREP"></g></l></v></tfr></token><token id="165283" text="сих"><tfr rev_id="4361311" t="сих"><v><l id="317879" t="сей"><g v="ADJF"></g><g v="Apro"></g><g v="Subx"></g><g v="plur"></g><g v="gent"></g></l></v></tfr></token><token id="165284" text="пор"><tfr rev_id="1000087" t="пор"><v><l id="259871" t="пора"><g v="NOUN"></g><g v="inan"></g><g v="femn"></g><g v="plur"></g><g v="gent"></g></l></v></tfr></token><token id="165285" text="скорбят"><tfr rev_id="1000088" t="скорбят"><v><l id="323181" t="скорблю"><g v="VERB"></g><g v="impf"></g><g v="intr"></g><g v="plur"></g><g v="3per"></g><g v="pres"></g><g v="indc"></g></l></v></tfr></token><token id="165286" text="и"><tfr rev_id="1000089" t="и"><v><l id="116949" t="и"><g v="CONJ"></g></l></v><v><l id="116950" t="и"><g v="INTJ"></g></l></v></tfr></token><token id="165287" text="не"><tfr rev_id="1000090" t="не"><v><l id="178876" t="не"><g v="PRCL"></g></l></v></tfr></token><token id="165288" text="могут"><tfr rev_id="1000091" t="могут"><v><l id="164485" t="могу"><g v="VERB"></g><g v="impf"></g><g v="intr"></g><g v="plur"></g><g v="3per"></g><g v="pres"></g><g v="indc"></g></l></v></tfr></token><token id="165289" text="оправиться"><tfr rev_id="1000092" t="оправиться"><v><l id="207943" t="оправиться"><g v="INFN"></g><g v="perf"></g><g v="intr"></g></l></v></tfr></token><token id="165290" text="от"><tfr rev_id="1000093" t="от"><v><l id="211644" t="от"><g v="PREP"></g></l></v></tfr></token><token id="165291" text="шока"><tfr rev_id="1000094" t="шока"><v><l id="380707" t="шок"><g v="NOUN"></g><g v="inan"></g><g v="masc"></g><g v="sing"></g><g v="gent"></g></l></v></tfr></token><token id="165292" text=","><tfr rev_id="1000095" t=","><v><l id="0" t=","><g v="PNCT"></g></l></v></tfr></token><token id="165293" text="вызванного"><tfr rev_id="3442656" t="вызванного"><v><l id="57528" t="вызванный"><g v="PRTF"></g><g v="perf"></g><g v="tran"></g><g v="past"></g><g v="pssv"></g><g v="masc"></g><g v="sing"></g><g v="gent"></g></l></v><v><l id="57528" t="вызванный"><g v="PRTF"></g><g v="perf"></g><g v="tran"></g><g v="past"></g><g v="pssv"></g><g v="anim"></g><g v="masc"></g><g v="sing"></g><g v="accs"></g></l></v></tfr></token><token id="165294" text="тем"><tfr rev_id="4538182" t="тем"><v><l id="348430" t="тот"><g v="ADJF"></g><g v="Subx"></g><g v="Apro"></g><g v="Anph"></g><g v="masc"></g><g v="sing"></g><g v="ablt"></g></l></v><v><l id="348430" t="тот"><g v="ADJF"></g><g v="Subx"></g><g v="Apro"></g><g v="Anph"></g><g v="neut"></g><g v="sing"></g><g v="ablt"></g></l></v></tfr></token><token id="165295" text=","><tfr rev_id="1000098" t=","><v><l id="0" t=","><g v="PNCT"></g></l></v></tfr></token><token id="165296" text="что"><tfr rev_id="3192503" t="что"><v><l id="377004" t="что"><g v="CONJ"></g></l></v><v><l id="377005" t="что"><g v="NPRO"></g><g v="neut"></g><g v="sing"></g><g v="nomn"></g></l></v><v><l id="377005" t="что"><g v="NPRO"></g><g v="neut"></g><g v="sing"></g><g v="accs"></g></l></v><v><l id="377006" t="что"><g v="ADVB"></g><g v="Ques"></g></l></v><v><l id="388695" t="что"><g v="PRCL"></g></l></v></tfr></token><token id="165297" text="произошло"><tfr rev_id="1000100" t="произошло"><v><l id="280162" t="произошёл"><g v="VERB"></g><g v="perf"></g><g v="intr"></g><g v="neut"></g><g v="sing"></g><g v="past"></g><g v="indc"></g></l></v></tfr></token><token id="165298" text="в"><tfr rev_id="1000101" t="в"><v><l id="37409" t="в"><g v="PREP"></g></l></v></tfr></token><token id="165299" text="субботу"><tfr rev_id="1000102" t="субботу"><v><l id="338556" t="суббота"><g v="NOUN"></g><g v="inan"></g><g v="femn"></g><g v="sing"></g><g v="accs"></g></l></v></tfr></token><token id="165300" text="."><tfr rev_id="1000103" t="."><v><l id="0" t="."><g v="PNCT"></g></l></v></tfr></token></tokens></sentence><sentence id="8537"><source>Обама выступал в Белом доме через несколько часов после того, как по всей стране прошла минута молчания в память о жертвах этого преступления.</source><tokens><token id="165301" text="Обама"><tfr rev_id="4576026" t="Обама"><v><l id="388472" t="обама"><g v="NOUN"></g><g v="anim"></g><g v="ms-f"></g><g v="Sgtm"></g><g v="Surn"></g><g v="sing"></g><g v="nomn"></g></l></v></tfr></token><token id="165302" text="выступал"><tfr rev_id="1000105" t="выступал"><v><l id="62880" t="выступаю"><g v="VERB"></g><g v="impf"></g><g v="intr"></g><g v="masc"></g><g v="sing"></g><g v="past"></g><g v="indc"></g></l></v></tfr></token><token id="165303" text="в"><tfr rev_id="1000106" t="в"><v><l id="37409" t="в"><g v="PREP"></g></l></v></tfr></token><token id="165304" text="Белом"><tfr rev_id="4102233" t="Белом"><v><l id="27334" t="белый"><g v="ADJF"></g><g v="Qual"></g><g v="masc"></g><g v="sing"></g><g v="loct"></g></l></v></tfr></token><token id="165305" text="доме"><tfr rev_id="1000108" t="доме"><v><l id="88152" t="дом"><g v="NOUN"></g><g v="inan"></g><g v="masc"></g><g v="sing"></g><g v="loc1"></g></l></v></tfr></token><token id="165306" text="через"><tfr rev_id="1000109" t="через"><v><l id="375333" t="через"><g v="PREP"></g></l></v></tfr></token><token id="165307" text="несколько"><tfr rev_id="4176384" t="несколько"><v><l id="188126" t="несколько"><g v="NUMR"></g><g v="nomn"></g></l></v><v><l id="188126" t="несколько"><g v="NUMR"></g><g v="inan"></g><g v="accs"></g></l></v></tfr></token><token id="165308" text="часов"><tfr rev_id="4512844" t="часов"><v><l id="374736" t="час"><g v="NOUN"></g><g v="inan"></g><g v="masc"></g><g v="plur"></g><g v="gent"></g></l></v></tfr></token><token id="165309" text="после"><tfr rev_id="4406759" t="после"><v><l id="261542" t="после"><g v="PREP"></g></l></v></tfr></token><token id="165310" text="того"><tfr rev_id="4414069" t="того"><v><l id="348430" t="тот"><g v="ADJF"></g><g v="Subx"></g><g v="Apro"></g><g v="Anph"></g><g v="neut"></g><g v="sing"></g><g v="gent"></g></l></v></tfr></token><token id="165311" text=","><tfr rev_id="1000114" t=","><v><l id="0" t=","><g v="PNCT"></g></l></v></tfr></token><token id="165312" text="как"><tfr rev_id="1000115" t="как"><v><l id="128190" t="как"><g v="CONJ"></g></l></v><v><l id="128191" t="как"><g v="PRCL"></g></l></v><v><l id="128192" t="как"><g v="ADVB"></g><g v="Ques"></g></l></v></tfr></token><token id="165313" text="по"><tfr rev_id="1000116" t="по"><v><l id="241240" t="по"><g v="PREP"></g></l></v></tfr></token><token id="165314" text="всей"><tfr rev_id="4401807" t="всей"><v><l id="42156" t="весь"><g v="ADJF"></g><g v="Subx"></g><g v="Apro"></g><g v="femn"></g><g v="sing"></g><g v="datv"></g></l></v></tfr></token><token id="165315" text="стране"><tfr rev_id="3537323" t="стране"><v><l id="337100" t="страна"><g v="NOUN"></g><g v="inan"></g><g v="femn"></g><g v="sing"></g><g v="datv"></g></l></v></tfr></token><token id="165316" text="прошла"><tfr rev_id="4328243" t="прошла"><v><l id="280310" t="прошёл"><g v="VERB"></g><g v="perf"></g><g v="tran"></g><g v="femn"></g><g v="sing"></g><g v="past"></g><g v="indc"></g></l></v></tfr></token><token id="165317" text="минута"><tfr rev_id="1000120" t="минута"><v><l id="160750" t="минута"><g v="NOUN"></g><g v="inan"></g><g v="femn"></g><g v="sing"></g><g v="nomn"></g></l></v></tfr></token><token id="165318" text="молчания"><tfr rev_id="3440121" t="молчания"><v><l id="163008" t="молчание"><g v="NOUN"></g><g v="inan"></g><g v="neut"></g><g v="sing"></g><g v="gent"></g></l></v></tfr></token><token id="165319" text="в"><tfr rev_id="1000122" t="в"><v><l id="37409" t="в"><g v="PREP"></g></l></v></tfr></token><token id="165320" text="память"><tfr rev_id="1000123" t="память"><v><l id="223174" t="память"><g v="NOUN"></g><g v="inan"></g><g v="femn"></g><g v="sing"></g><g v="nomn"></g></l></v><v><l id="223174" t="память"><g v="NOUN"></g><g v="inan"></g><g v="femn"></g><g v="sing"></g><g v="accs"></g></l></v></tfr></token><token id="165321" text="о"><tfr rev_id="3282005" t="о"><v><l id="192977" t="о"><g v="PREP"></g></l></v></tfr></token><token id="165322" text="жертвах"><tfr rev_id="3492657" t="жертвах"><v><l id="96849" t="жертва"><g v="NOUN"></g><g v="anim"></g><g v="femn"></g><g v="plur"></g><g v="loct"></g></l></v></tfr></token><token id="165323" text="этого"><tfr rev_id="4433014" t="этого"><v><l id="386581" t="этот"><g v="ADJF"></g><g v="Subx"></g><g v="Apro"></g><g v="Anph"></g><g v="neut"></g><g v="sing"></g><g v="gent"></g></l></v></tfr></token><token id="165324" text="преступления"><tfr rev_id="3496881" t="преступления"><v><l id="268345" t="преступление"><g v="NOUN"></g><g v="inan"></g><g v="neut"></g><g v="sing"></g><g v="gent"></g></l></v></tfr></token><token id="165325" text="."><tfr rev_id="1000128" t="."><v><l id="0" t="."><g v="PNCT"></g></l></v></tfr></token></tokens></sentence></paragraph><paragraph id="2705"><sentence id="8538"><source>Президент и первая леди Мишель Обама задержались в Белом доме, а персонал и посетители собрались на ступенях Капитолия.</source><tokens><token id="165326" text="Президент"><tfr rev_id="1000129" t="Президент"><v><l id="267449" t="президент"><g v="NOUN"></g><g v="anim"></g><g v="masc"></g><g v="sing"></g><g v="nomn"></g></l></v></tfr></token><token id="165327" text="и"><tfr rev_id="3488597" t="и"><v><l id="116949" t="и"><g v="CONJ"></g></l></v></tfr></token><token id="165328" text="первая"><tfr rev_id="1000131" t="первая"><v><l id="226359" t="первый"><g v="ADJF"></g><g v="Anum"></g><g v="femn"></g><g v="sing"></g><g v="nomn"></g></l></v></tfr></token><token id="165329" text="леди"><tfr rev_id="4173539" t="леди"><v><l id="147712" t="леди"><g v="NOUN"></g><g v="anim"></g><g v="femn"></g><g v="Fixd"></g><g v="sing"></g><g v="nomn"></g></l></v></tfr></token><token id="165330" text="Мишель"><tfr rev_id="4294248" t="Мишель"><v><l id="161297" t="мишель"><g v="NOUN"></g><g v="anim"></g><g v="femn"></g><g v="Fixd"></g><g v="Name"></g><g v="sing"></g><g v="nomn"></g></l></v></tfr></token><token id="165331" text="Обама"><tfr rev_id="4576027" t="Обама"><v><l id="388472" t="обама"><g v="NOUN"></g><g v="anim"></g><g v="ms-f"></g><g v="Sgtm"></g><g v="Surn"></g><g v="sing"></g><g v="nomn"></g></l></v></tfr></token><token id="165332" text="задержались"><tfr rev_id="1000135" t="задержались"><v><l id="101575" t="задержался"><g v="VERB"></g><g v="perf"></g><g v="intr"></g><g v="plur"></g><g v="past"></g><g v="indc"></g></l></v></tfr></token><token id="165333" text="в"><tfr rev_id="1000136" t="в"><v><l id="37409" t="в"><g v="PREP"></g></l></v></tfr></token><token id="165334" text="Белом"><tfr rev_id="4496109" t="Белом"><v><l id="27334" t="белый"><g v="ADJF"></g><g v="Qual"></g><g v="masc"></g><g v="sing"></g><g v="loct"></g></l></v></tfr></token><token id="165335" text="доме"><tfr rev_id="1000138" t="доме"><v><l id="88152" t="дом"><g v="NOUN"></g><g v="inan"></g><g v="masc"></g><g v="sing"></g><g v="loc1"></g></l></v></tfr></token><token id="165336" text=","><tfr rev_id="1000139" t=","><v><l id="0" t=","><g v="PNCT"></g></l></v></tfr></token><token id="165337" text="а"><tfr rev_id="1000140" t="а"><v><l id="51" t="а"><g v="CONJ"></g></l></v><v><l id="52" t="а"><g v="INTJ"></g></l></v><v><l id="53" t="а"><g v="PRCL"></g></l></v></tfr></token><token id="165338" text="персонал"><tfr rev_id="1000141" t="персонал"><v><l id="237447" t="персонал"><g v="NOUN"></g><g v="inan"></g><g v="masc"></g><g v="sing"></g><g v="nomn"></g></l></v><v><l id="237447" t="персонал"><g v="NOUN"></g><g v="inan"></g><g v="masc"></g><g v="sing"></g><g v="accs"></g></l></v></tfr></token><token id="165339" text="и"><tfr rev_id="1000142" t="и"><v><l id="116949" t="и"><g v="CONJ"></g></l></v><v><l id="116950" t="и"><g v="INTJ"></g></l></v></tfr></token><token id="165340" text="посетители"><tfr rev_id="1000143" t="посетители"><v><l id="261297" t="посетитель"><g v="NOUN"></g><g v="anim"></g><g v="masc"></g><g v="plur"></g><g v="nomn"></g></l></v></tfr></token><token id="165341" text="собрались"><tfr rev_id="1000144" t="собрались"><v><l id="327823" t="собрался"><g v="VERB"></g><g v="perf"></g><g v="intr"></g><g v="plur"></g><g v="past"></g><g v="indc"></g></l></v></tfr></token><token id="165342" text="на"><tfr rev_id="3342048" t="на"><v><l id="166264" t="на"><g v="PREP"></g></l></v></tfr></token><token id="165343" text="ступенях"><tfr rev_id="1000146" t="ступенях"><v><l id="338304" t="ступень"><g v="NOUN"></g><g v="inan"></g><g v="femn"></g><g v="plur"></g><g v="loct"></g></l></v></tfr></token><token id="165344" text="Капитолия"><tfr rev_id="1000147" t="Капитолия"><v><l id="129736" t="капитолий"><g v="NOUN"></g><g v="inan"></g><g v="masc"></g><g v="sing"></g><g v="gent"></g></l></v></tfr></token><token id="165345" text="."><tfr rev_id="1000148" t="."><v><l id="0" t="."><g v="PNCT"></g></l></v></tfr></token></tokens></sentence><sentence id="8539"><source>Нью-йоркская фондовая биржа и государственные учреждения также почтили память погибших.</source><tokens><token id="165346" text="Нью-йоркская"><tfr rev_id="1000149" t="Нью-йоркская"><v><l id="192834" t="нью-йоркский"><g v="ADJF"></g><g v="femn"></g><g v="sing"></g><g v="nomn"></g></l></v></tfr></token><token id="165347" text="фондовая"><tfr rev_id="1000150" t="фондовая"><v><l id="366966" t="фондовый"><g v="ADJF"></g><g v="femn"></g><g v="sing"></g><g v="nomn"></g></l></v></tfr></token><token id="165348" text="биржа"><tfr rev_id="1000151" t="биржа"><v><l id="29955" t="биржа"><g v="NOUN"></g><g v="inan"></g><g v="femn"></g><g v="sing"></g><g v="nomn"></g></l></v></tfr></token><token id="165349" text="и"><tfr rev_id="1000152" t="и"><v><l id="116949" t="и"><g v="CONJ"></g></l></v><v><l id="116950" t="и"><g v="INTJ"></g></l></v></tfr></token><token id="165350" text="государственные"><tfr rev_id="3746828" t="государственные"><v><l id="74161" t="государственный"><g v="ADJF"></g><g v="plur"></g><g v="nomn"></g></l></v></tfr></token><token id="165351" text="учреждения"><tfr rev_id="3765813" t="учреждения"><v><l id="363361" t="учреждение"><g v="NOUN"></g><g v="inan"></g><g v="neut"></g><g v="plur"></g><g v="nomn"></g></l></v></tfr></token><token id="165352" text="также"><tfr rev_id="4267155" t="также"><v><l id="342482" t="также"><g v="PRCL"></g></l></v></tfr></token><token id="165353" text="почтили"><tfr rev_id="1000156" t="почтили"><v><l id="265008" t="почтил"><g v="VERB"></g><g v="perf"></g><g v="tran"></g><g v="plur"></g><g v="past"></g><g v="indc"></g></l></v></tfr></token><token id="165354" text="память"><tfr rev_id="4213356" t="память"><v><l id="223174" t="память"><g v="NOUN"></g><g v="inan"></g><g v="femn"></g><g v="sing"></g><g v="accs"></g></l></v></tfr></token><token id="165355" text="погибших"><tfr rev_id="1000158" t="погибших"><v><l id="243193" t="погибший"><g v="PRTF"></g><g v="perf"></g><g v="intr"></g><g v="past"></g><g v="actv"></g><g v="plur"></g><g v="gent"></g></l></v><v><l id="243193" t="погибший"><g v="PRTF"></g><g v="perf"></g><g v="intr"></g><g v="past"></g><g v="actv"></g><g v="anim"></g><g v="plur"></g><g v="accs"></g></l></v><v><l id="243193" t="погибший"><g v="PRTF"></g><g v="perf"></g><g v="intr"></g><g v="past"></g><g v="actv"></g><g v="plur"></g><g v="loct"></g></l></v><v><l id="243195" t="погибший"><g v="ADJF"></g><g v="plur"></g><g v="gent"></g></l></v><v><l id="243195" t="погибший"><g v="ADJF"></g><g v="anim"></g><g v="plur"></g><g v="accs"></g></l></v><v><l id="243195" t="погибший"><g v="ADJF"></g><g v="plur"></g><g v="loct"></g></l></v></tfr></token><token id="165356" text="."><tfr rev_id="1000159" t="."><v><l id="0" t="."><g v="PNCT"></g></l></v></tfr></token></tokens></sentence></paragraph><paragraph id="2706"><sentence id="8540"><source>Врачи, прооперировавшие и лечащие 40-летнюю Гиффордс, говорят, что они настроены немного более оптимистично.</source><tokens><token id="165357" text="Врачи"><tfr rev_id="1000160" t="Врачи"><v><l id="53020" t="врач"><g v="NOUN"></g><g v="anim"></g><g v="masc"></g><g v="plur"></g><g v="nomn"></g></l></v></tfr></token><token id="165358" text=","><tfr rev_id="1000161" t=","><v><l id="0" t=","><g v="PNCT"></g></l></v></tfr></token><token id="165359" text="прооперировавшие"><tfr rev_id="1000162" t="прооперировавшие"><v><l id="282684" t="прооперировавший"><g v="PRTF"></g><g v="perf"></g><g v="tran"></g><g v="past"></g><g v="actv"></g><g v="plur"></g><g v="nomn"></g></l></v><v><l id="282684" t="прооперировавший"><g v="PRTF"></g><g v="perf"></g><g v="tran"></g><g v="past"></g><g v="actv"></g><g v="inan"></g><g v="plur"></g><g v="accs"></g></l></v></tfr></token><token id="165360" text="и"><tfr rev_id="1000163" t="и"><v><l id="116949" t="и"><g v="CONJ"></g></l></v><v><l id="116950" t="и"><g v="INTJ"></g></l></v></tfr></token><token id="165361" text="лечащие"><tfr rev_id="3684351" t="лечащие"><v><l id="148741" t="лечащий"><g v="PRTF"></g><g v="impf"></g><g v="tran"></g><g v="pres"></g><g v="actv"></g><g v="Adjx"></g><g v="plur"></g><g v="nomn"></g></l></v><v><l id="148741" t="лечащий"><g v="PRTF"></g><g v="impf"></g><g v="tran"></g><g v="pres"></g><g v="actv"></g><g v="Adjx"></g><g v="inan"></g><g v="plur"></g><g v="accs"></g></l></v></tfr></token><token id="165362" text="40-летнюю"><tfr rev_id="1000165" t="40-летнюю"><v><l id="0" t="40-летнюю"><g v="UNKN"></g></l></v></tfr></token><token id="165363" text="Гиффордс"><tfr rev_id="1000166" t="Гиффордс"><v><l id="0" t="гиффордс"><g v="UNKN"></g></l></v></tfr></token><token id="165364" text=","><tfr rev_id="1000167" t=","><v><l id="0" t=","><g v="PNCT"></g></l></v></tfr></token><token id="165365" text="говорят"><tfr rev_id="4232090" t="говорят"><v><l id="72053" t="говорю"><g v="VERB"></g><g v="impf"></g><g v="tran"></g><g v="plur"></g><g v="3per"></g><g v="pres"></g><g v="indc"></g></l></v></tfr></token><token id="165366" text=","><tfr rev_id="1000169" t=","><v><l id="0" t=","><g v="PNCT"></g></l></v></tfr></token><token id="165367" text="что"><tfr rev_id="4322306" t="что"><v><l id="377004" t="что"><g v="CONJ"></g></l></v></tfr></token><token id="165368" text="они"><tfr rev_id="3598775" t="они"><v><l id="206619" t="они"><g v="NPRO"></g><g v="3per"></g><g v="Anph"></g><g v="plur"></g><g v="nomn"></g></l></v></tfr></token><token id="165369" text="настроены"><tfr rev_id="1000172" t="настроены"><v><l id="176272" t="настроен"><g v="PRTS"></g><g v="perf"></g><g v="past"></g><g v="pssv"></g><g v="plur"></g></l></v></tfr></token><token id="165370" text="немного"><tfr rev_id="4170614" t="немного"><v><l id="184140" t="немного"><g v="ADVB"></g></l></v></tfr></token><token id="165371" text="более"><tfr rev_id="1000174" t="более"><v><l id="32065" t="более"><g v="ADVB"></g></l></v></tfr></token><token id="165372" text="оптимистично"><tfr rev_id="3647479" t="оптимистично"><v><l id="208318" t="оптимистичен"><g v="ADJS"></g><g v="Qual"></g><g v="neut"></g><g v="sing"></g></l></v><v><l id="389369" t="оптимистично"><g v="ADVB"></g></l></v></tfr></token><token id="165373" text="."><tfr rev_id="1000176" t="."><v><l id="0" t="."><g v="PNCT"></g></l></v></tfr></token></tokens></sentence><sentence id="8541"><source>По сообщениям докторов, она реагирует на простые команды.</source><tokens><token id="165374" text="По"><tfr rev_id="1000177" t="По"><v><l id="241240" t="по"><g v="PREP"></g></l></v></tfr></token><token id="165375" text="сообщениям"><tfr rev_id="1000178" t="сообщениям"><v><l id="329550" t="сообщение"><g v="NOUN"></g><g v="inan"></g><g v="neut"></g><g v="plur"></g><g v="datv"></g></l></v></tfr></token><token id="165376" text="докторов"><tfr rev_id="3716988" t="докторов"><v><l id="87485" t="доктор"><g v="NOUN"></g><g v="anim"></g><g v="masc"></g><g v="plur"></g><g v="gent"></g></l></v></tfr></token><token id="165377" text=","><tfr rev_id="1000180" t=","><v><l id="0" t=","><g v="PNCT"></g></l></v></tfr></token><token id="165378" text="она"><tfr rev_id="3586070" t="она"><v><l id="206544" t="она"><g v="NPRO"></g><g v="femn"></g><g v="3per"></g><g v="Anph"></g><g v="sing"></g><g v="nomn"></g></l></v></tfr></token><token id="165379" text="реагирует"><tfr rev_id="1000182" t="реагирует"><v><l id="304369" t="реагирую"><g v="VERB"></g><g v="impf"></g><g v="intr"></g><g v="sing"></g><g v="3per"></g><g v="pres"></g><g v="indc"></g></l></v></tfr></token><token id="165380" text="на"><tfr rev_id="3335116" t="на"><v><l id="166264" t="на"><g v="PREP"></g></l></v></tfr></token><token id="165381" text="простые"><tfr rev_id="3819339" t="простые"><v><l id="285047" t="простой"><g v="ADJF"></g><g v="Qual"></g><g v="inan"></g><g v="plur"></g><g v="accs"></g></l></v></tfr></token><token id="165382" text="команды"><tfr rev_id="3741292" t="команды"><v><l id="136706" t="команда"><g v="NOUN"></g><g v="inan"></g><g v="femn"></g><g v="plur"></g><g v="accs"></g></l></v></tfr></token><token id="165383" text="."><tfr rev_id="1000186" t="."><v><l id="0" t="."><g v="PNCT"></g></l></v></tfr></token></tokens></sentence><sentence id="8542"><source>Вместе с тем, они предупреждают, что опасность еще не миновала, хотя состояние их пациентки стабилизировалось.</source><tokens><token id="165384" text="Вместе"><tfr rev_id="1000187" t="Вместе"><v><l id="47122" t="вместе"><g v="ADVB"></g></l></v></tfr></token><token id="165385" text="с"><tfr rev_id="1000188" t="с"><v><l id="311151" t="с"><g v="PREP"></g></l></v></tfr></token><token id="165386" text="тем"><tfr rev_id="4515463" t="тем"><v><l id="348430" t="тот"><g v="ADJF"></g><g v="Subx"></g><g v="Apro"></g><g v="Anph"></g><g v="neut"></g><g v="sing"></g><g v="ablt"></g></l></v></tfr></token><token id="165387" text=","><tfr rev_id="1000190" t=","><v><l id="0" t=","><g v="PNCT"></g></l></v></tfr></token><token id="165388" text="они"><tfr rev_id="3598776" t="они"><v><l id="206619" t="они"><g v="NPRO"></g><g v="3per"></g><g v="Anph"></g><g v="plur"></g><g v="nomn"></g></l></v></tfr></token><token id="165389" text="предупреждают"><tfr rev_id="1000192" t="предупреждают"><v><l id="267280" t="предупреждаю"><g v="VERB"></g><g v="impf"></g><g v="tran"></g><g v="plur"></g><g v="3per"></g><g v="pres"></g><g v="indc"></g></l></v></tfr></token><token id="165390" text=","><tfr rev_id="1000193" t=","><v><l id="0" t=","><g v="PNCT"></g></l></v></tfr></token><token id="165391" text="что"><tfr rev_id="3192505" t="что"><v><l id="377004" t="что"><g v="CONJ"></g></l></v><v><l id="377005" t="что"><g v="NPRO"></g><g v="neut"></g><g v="sing"></g><g v="nomn"></g></l></v><v><l id="377005" t="что"><g v="NPRO"></g><g v="neut"></g><g v="sing"></g><g v="accs"></g></l></v><v><l id="377006" t="что"><g v="ADVB"></g><g v="Ques"></g></l></v><v><l id="388695" t="что"><g v="PRCL"></g></l></v></tfr></token><token id="165392" text="опасность"><tfr rev_id="1000195" t="опасность"><v><l id="206860" t="опасность"><g v="NOUN"></g><g v="inan"></g><g v="femn"></g><g v="sing"></g><g v="nomn"></g></l></v><v><l id="206860" t="опасность"><g v="NOUN"></g><g v="inan"></g><g v="femn"></g><g v="sing"></g><g v="accs"></g></l></v></tfr></token><token id="165393" text="еще"><tfr rev_id="1000196" t="еще"><v><l id="95551" t="ещё"><g v="PRCL"></g></l></v><v><l id="95552" t="ещё"><g v="ADVB"></g></l></v></tfr></token><token id="165394" text="не"><tfr rev_id="1000197" t="не"><v><l id="178876" t="не"><g v="PRCL"></g></l></v></tfr></token><token id="165395" text="миновала"><tfr rev_id="1000198" t="миновала"><v><l id="160649" t="миновал"><g v="VERB"></g><g v="perf"></g><g v="tran"></g><g v="femn"></g><g v="sing"></g><g v="past"></g><g v="indc"></g></l></v><v><l id="160650" t="миную"><g v="VERB"></g><g v="impf"></g><g v="tran"></g><g v="femn"></g><g v="sing"></g><g v="past"></g><g v="indc"></g></l></v></tfr></token><token id="165396" text=","><tfr rev_id="1000199" t=","><v><l id="0" t=","><g v="PNCT"></g></l></v></tfr></token><token id="165397" text="хотя"><tfr rev_id="3707973" t="хотя"><v><l id="371732" t="хотя"><g v="CONJ"></g></l></v></tfr></token><token id="165398" text="состояние"><tfr rev_id="4107016" t="состояние"><v><l id="330557" t="состояние"><g v="NOUN"></g><g v="inan"></g><g v="neut"></g><g v="sing"></g><g v="nomn"></g></l></v></tfr></token><token id="165399" text="их"><tfr rev_id="4516001" t="их"><v><l id="127205" t="их"><g v="ADJF"></g><g v="Fixd"></g><g v="Apro"></g><g v="Anph"></g><g v="femn"></g><g v="sing"></g><g v="nomn"></g></l></v><v><l id="127205" t="их"><g v="ADJF"></g><g v="Fixd"></g><g v="Apro"></g><g v="Anph"></g><g v="femn"></g><g v="sing"></g><g v="gent"></g></l></v><v><l id="127205" t="их"><g v="ADJF"></g><g v="Fixd"></g><g v="Apro"></g><g v="Anph"></g><g v="femn"></g><g v="sing"></g><g v="datv"></g></l></v><v><l id="127205" t="их"><g v="ADJF"></g><g v="Fixd"></g><g v="Apro"></g><g v="Anph"></g><g v="femn"></g><g v="sing"></g><g v="accs"></g></l></v><v><l id="127205" t="их"><g v="ADJF"></g><g v="Fixd"></g><g v="Apro"></g><g v="Anph"></g><g v="femn"></g><g v="sing"></g><g v="ablt"></g></l></v><v><l id="127205" t="их"><g v="ADJF"></g><g v="Fixd"></g><g v="Apro"></g><g v="Anph"></g><g v="femn"></g><g v="sing"></g><g v="loct"></g></l></v></tfr></token><token id="165400" text="пациентки"><tfr rev_id="3506976" t="пациентки"><v><l id="225419" t="пациентка"><g v="NOUN"></g><g v="anim"></g><g v="femn"></g><g v="sing"></g><g v="gent"></g></l></v></tfr></token><token id="165401" text="стабилизировалось"><tfr rev_id="1000204" t="стабилизировалось"><v><l id="334266" t="стабилизировался"><g v="VERB"></g><g v="perf"></g><g v="intr"></g><g v="neut"></g><g v="sing"></g><g v="past"></g><g v="indc"></g></l></v></tfr></token><token id="165402" text="."><tfr rev_id="1000205" t="."><v><l id="0" t="."><g v="PNCT"></g></l></v></tfr></token></tokens></sentence></paragraph><paragraph id="2707"><sentence id="8543"><source>В субботу во время встречи с избирателями возле одного из супермаркетов Гиффордс получила пулевое ранение в голову.</source><tokens><token id="165403" text="В"><tfr rev_id="1000206" t="В"><v><l id="37409" t="в"><g v="PREP"></g></l></v></tfr></token><token id="165404" text="субботу"><tfr rev_id="1000207" t="субботу"><v><l id="338556" t="суббота"><g v="NOUN"></g><g v="inan"></g><g v="femn"></g><g v="sing"></g><g v="accs"></g></l></v></tfr></token><token id="165405" text="во"><tfr rev_id="2919791" t="во"><v><l id="37409" t="в"><g v="PREP"></g><g v="Vpre"></g></l></v></tfr></token><token id="165406" text="время"><tfr rev_id="3465939" t="время"><v><l id="53149" t="время"><g v="NOUN"></g><g v="inan"></g><g v="neut"></g><g v="sing"></g><g v="accs"></g></l></v></tfr></token><token id="165407" text="встречи"><tfr rev_id="1717079" t="встречи"><v><l id="54530" t="встреча"><g v="NOUN"></g><g v="inan"></g><g v="femn"></g><g v="sing"></g><g v="gent"></g></l></v></tfr></token><token id="165408" text="с"><tfr rev_id="1000211" t="с"><v><l id="311151" t="с"><g v="PREP"></g></l></v></tfr></token><token id="165409" text="избирателями"><tfr rev_id="1000212" t="избирателями"><v><l id="117810" t="избиратель"><g v="NOUN"></g><g v="anim"></g><g v="masc"></g><g v="plur"></g><g v="ablt"></g></l></v></tfr></token><token id="165410" text="возле"><tfr rev_id="4456166" t="возле"><v><l id="49319" t="возле"><g v="PREP"></g></l></v></tfr></token><token id="165411" text="одного"><tfr rev_id="4300493" t="одного"><v><l id="203319" t="один"><g v="ADJF"></g><g v="Apro"></g><g v="Anum"></g><g v="masc"></g><g v="sing"></g><g v="gent"></g></l></v><v><l id="203319" t="один"><g v="ADJF"></g><g v="Apro"></g><g v="Anum"></g><g v="anim"></g><g v="masc"></g><g v="sing"></g><g v="accs"></g></l></v></tfr></token><token id="165412" text="из"><tfr rev_id="2503384" t="из"><v><l id="117677" t="из"><g v="PREP"></g></l></v></tfr></token><token id="165413" text="супермаркетов"><tfr rev_id="1000216" t="супермаркетов"><v><l id="339683" t="супермаркет"><g v="NOUN"></g><g v="inan"></g><g v="masc"></g><g v="plur"></g><g v="gent"></g></l></v></tfr></token><token id="165414" text="Гиффордс"><tfr rev_id="1000217" t="Гиффордс"><v><l id="0" t="гиффордс"><g v="UNKN"></g></l></v></tfr></token><token id="165415" text="получила"><tfr rev_id="1000218" t="получила"><v><l id="256959" t="получил"><g v="VERB"></g><g v="perf"></g><g v="tran"></g><g v="femn"></g><g v="sing"></g><g v="past"></g><g v="indc"></g></l></v></tfr></token><token id="165416" text="пулевое"><tfr rev_id="1000219" t="пулевое"><v><l id="289051" t="пулевой"><g v="ADJF"></g><g v="neut"></g><g v="sing"></g><g v="nomn"></g></l></v><v><l id="289051" t="пулевой"><g v="ADJF"></g><g v="neut"></g><g v="sing"></g><g v="accs"></g></l></v></tfr></token><token id="165417" text="ранение"><tfr rev_id="4364147" t="ранение"><v><l id="297885" t="ранение"><g v="NOUN"></g><g v="inan"></g><g v="neut"></g><g v="sing"></g><g v="accs"></g></l></v></tfr></token><token id="165418" text="в"><tfr rev_id="1000221" t="в"><v><l id="37409" t="в"><g v="PREP"></g></l></v></tfr></token><token id="165419" text="голову"><tfr rev_id="3470687" t="голову"><v><l id="72304" t="голова"><g v="NOUN"></g><g v="inan"></g><g v="femn"></g><g v="sing"></g><g v="accs"></g></l></v></tfr></token><token id="165420" text="."><tfr rev_id="1000223" t="."><v><l id="0" t="."><g v="PNCT"></g></l></v></tfr></token></tokens></sentence></paragraph><paragraph id="2708"><sentence id="8544"><source>Лофнеру предъявлено обвинение, состоящее из нескольких пунктов.</source><tokens><token id="165421" text="Лофнеру"><tfr rev_id="1000224" t="Лофнеру"><v><l id="0" t="лофнеру"><g v="UNKN"></g></l></v></tfr></token><token id="165422" text="предъявлено"><tfr rev_id="1000225" t="предъявлено"><v><l id="267368" t="предъявлен"><g v="PRTS"></g><g v="perf"></g><g v="past"></g><g v="pssv"></g><g v="neut"></g><g v="sing"></g></l></v></tfr></token><token id="165423" text="обвинение"><tfr rev_id="1000226" t="обвинение"><v><l id="193410" t="обвинение"><g v="NOUN"></g><g v="inan"></g><g v="neut"></g><g v="sing"></g><g v="nomn"></g></l></v><v><l id="193410" t="обвинение"><g v="NOUN"></g><g v="inan"></g><g v="neut"></g><g v="sing"></g><g v="accs"></g></l></v></tfr></token><token id="165424" text=","><tfr rev_id="1000227" t=","><v><l id="0" t=","><g v="PNCT"></g></l></v></tfr></token><token id="165425" text="состоящее"><tfr rev_id="1000228" t="состоящее"><v><l id="330565" t="состоящий"><g v="PRTF"></g><g v="impf"></g><g v="intr"></g><g v="pres"></g><g v="actv"></g><g v="neut"></g><g v="sing"></g><g v="nomn"></g></l></v><v><l id="330565" t="состоящий"><g v="PRTF"></g><g v="impf"></g><g v="intr"></g><g v="pres"></g><g v="actv"></g><g v="neut"></g><g v="sing"></g><g v="accs"></g></l></v></tfr></token><token id="165426" text="из"><tfr rev_id="2603879" t="из"><v><l id="117677" t="из"><g v="PREP"></g></l></v></tfr></token><token id="165427" text="нескольких"><tfr rev_id="2838484" t="нескольких"><v><l id="188126" t="несколько"><g v="NUMR"></g><g v="gent"></g></l></v></tfr></token><token id="165428" text="пунктов"><tfr rev_id="1000231" t="пунктов"><v><l id="289177" t="пункт"><g v="NOUN"></g><g v="inan"></g><g v="masc"></g><g v="plur"></g><g v="gent"></g></l></v></tfr></token><token id="165429" text="."><tfr rev_id="1000232" t="."><v><l id="0" t="."><g v="PNCT"></g></l></v></tfr></token></tokens></sentence><sentence id="8545"><source>Один из них – покушение на политическое убийство члена Конгресса, два пункта – покушение на убийство сотрудника федерального правительства и еще два пункта – покушение на убийство сотрудника федерального учреждения.</source><tokens><token id="165430" text="Один"><tfr rev_id="4299345" t="Один"><v><l id="203319" t="один"><g v="ADJF"></g><g v="Apro"></g><g v="Anum"></g><g v="masc"></g><g v="sing"></g><g v="nomn"></g></l></v><v><l id="203319" t="один"><g v="ADJF"></g><g v="Apro"></g><g v="Anum"></g><g v="inan"></g><g v="masc"></g><g v="sing"></g><g v="accs"></g></l></v></tfr></token><token id="165431" text="из"><tfr rev_id="2503404" t="из"><v><l id="117677" t="из"><g v="PREP"></g></l></v></tfr></token><token id="165432" text="них"><tfr rev_id="4199231" t="них"><v><l id="206619" t="они"><g v="NPRO"></g><g v="3per"></g><g v="Anph"></g><g v="plur"></g><g v="gent"></g><g v="Af-p"></g></l></v></tfr></token><token id="165433" text="–"><tfr rev_id="2427330" t="–"><v><l id="0" t="–"><g v="PNCT"></g></l></v></tfr></token><token id="165434" text="покушение"><tfr rev_id="4099607" t="покушение"><v><l id="255092" t="покушение"><g v="NOUN"></g><g v="inan"></g><g v="neut"></g><g v="sing"></g><g v="nomn"></g></l></v></tfr></token><token id="165435" text="на"><tfr rev_id="3342073" t="на"><v><l id="166264" t="на"><g v="PREP"></g></l></v></tfr></token><token id="165436" text="политическое"><tfr rev_id="1000239" t="политическое"><v><l id="255870" t="политический"><g v="ADJF"></g><g v="neut"></g><g v="sing"></g><g v="nomn"></g></l></v><v><l id="255870" t="политический"><g v="ADJF"></g><g v="neut"></g><g v="sing"></g><g v="accs"></g></l></v></tfr></token><token id="165437" text="убийство"><tfr rev_id="3301008" t="убийство"><v><l id="352998" t="убийство"><g v="NOUN"></g><g v="inan"></g><g v="neut"></g><g v="sing"></g><g v="accs"></g></l></v></tfr></token><token id="165438" text="члена"><tfr rev_id="4328819" t="члена"><v><l id="376827" t="член"><g v="NOUN"></g><g v="anim"></g><g v="masc"></g><g v="sing"></g><g v="gent"></g></l></v></tfr></token><token id="165439" text="Конгресса"><tfr rev_id="1000242" t="Конгресса"><v><l id="137668" t="конгресс"><g v="NOUN"></g><g v="inan"></g><g v="masc"></g><g v="sing"></g><g v="gent"></g></l></v></tfr></token><token id="165440" text=","><tfr rev_id="1000243" t=","><v><l id="0" t=","><g v="PNCT"></g></l></v></tfr></token><token id="165441" text="два"><tfr rev_id="4450231" t="два"><v><l id="78668" t="два"><g v="NUMR"></g><g v="masc"></g><g v="nomn"></g></l></v><v><l id="78668" t="два"><g v="NUMR"></g><g v="inan"></g><g v="masc"></g><g v="accs"></g></l></v><v><l id="78668" t="два"><g v="NUMR"></g><g v="neut"></g><g v="nomn"></g></l></v><v><l id="78668" t="два"><g v="NUMR"></g><g v="inan"></g><g v="neut"></g><g v="accs"></g></l></v></tfr></token><token id="165442" text="пункта"><tfr rev_id="1000245" t="пункта"><v><l id="289177" t="пункт"><g v="NOUN"></g><g v="inan"></g><g v="masc"></g><g v="sing"></g><g v="gent"></g></l></v></tfr></token><token id="165443" text="–"><tfr rev_id="2427331" t="–"><v><l id="0" t="–"><g v="PNCT"></g></l></v></tfr></token><token id="165444" text="покушение"><tfr rev_id="1000247" t="покушение"><v><l id="255092" t="покушение"><g v="NOUN"></g><g v="inan"></g><g v="neut"></g><g v="sing"></g><g v="nomn"></g></l></v><v><l id="255092" t="покушение"><g v="NOUN"></g><g v="inan"></g><g v="neut"></g><g v="sing"></g><g v="accs"></g></l></v></tfr></token><token id="165445" text="на"><tfr rev_id="3394252" t="на"><v><l id="166264" t="на"><g v="PREP"></g></l></v></tfr></token><token id="165446" text="убийство"><tfr rev_id="1000249" t="убийство"><v><l id="352998" t="убийство"><g v="NOUN"></g><g v="inan"></g><g v="neut"></g><g v="sing"></g><g v="nomn"></g></l></v><v><l id="352998" t="убийство"><g v="NOUN"></g><g v="inan"></g><g v="neut"></g><g v="sing"></g><g v="accs"></g></l></v></tfr></token><token id="165447" text="сотрудника"><tfr rev_id="4215059" t="сотрудника"><v><l id="330867" t="сотрудник"><g v="NOUN"></g><g v="anim"></g><g v="masc"></g><g v="sing"></g><g v="gent"></g></l></v></tfr></token><token id="165448" text="федерального"><tfr rev_id="3448718" t="федерального"><v><l id="364933" t="федеральный"><g v="ADJF"></g><g v="neut"></g><g v="sing"></g><g v="gent"></g></l></v></tfr></token><token id="165449" text="правительства"><tfr rev_id="3439700" t="правительства"><v><l id="265638" t="правительство"><g v="NOUN"></g><g v="inan"></g><g v="neut"></g><g v="sing"></g><g v="gent"></g></l></v></tfr></token><token id="165450" text="и"><tfr rev_id="1000253" t="и"><v><l id="116949" t="и"><g v="CONJ"></g></l></v><v><l id="116950" t="и"><g v="INTJ"></g></l></v></tfr></token><token id="165451" text="еще"><tfr rev_id="1000254" t="еще"><v><l id="95551" t="ещё"><g v="PRCL"></g></l></v><v><l id="95552" t="ещё"><g v="ADVB"></g></l></v></tfr></token><token id="165452" text="два"><tfr rev_id="4450232" t="два"><v><l id="78668" t="два"><g v="NUMR"></g><g v="masc"></g><g v="nomn"></g></l></v><v><l id="78668" t="два"><g v="NUMR"></g><g v="inan"></g><g v="masc"></g><g v="accs"></g></l></v><v><l id="78668" t="два"><g v="NUMR"></g><g v="neut"></g><g v="nomn"></g></l></v><v><l id="78668" t="два"><g v="NUMR"></g><g v="inan"></g><g v="neut"></g><g v="accs"></g></l></v></tfr></token><token id="165453" text="пункта"><tfr rev_id="1000256" t="пункта"><v><l id="289177" t="пункт"><g v="NOUN"></g><g v="inan"></g><g v="masc"></g><g v="sing"></g><g v="gent"></g></l></v></tfr></token><token id="165454" text="–"><tfr rev_id="2427332" t="–"><v><l id="0" t="–"><g v="PNCT"></g></l></v></tfr></token><token id="165455" text="покушение"><tfr rev_id="3531386" t="покушение"><v><l id="255092" t="покушение"><g v="NOUN"></g><g v="inan"></g><g v="neut"></g><g v="sing"></g><g v="nomn"></g></l></v></tfr></token><token id="165456" text="на"><tfr rev_id="3343663" t="на"><v><l id="166264" t="на"><g v="PREP"></g></l></v></tfr></token><token id="165457" text="убийство"><tfr rev_id="2560734" t="убийство"><v><l id="352998" t="убийство"><g v="NOUN"></g><g v="inan"></g><g v="neut"></g><g v="sing"></g><g v="accs"></g></l></v></tfr></token><token id="165458" text="сотрудника"><tfr rev_id="3546761" t="сотрудника"><v><l id="330867" t="сотрудник"><g v="NOUN"></g><g v="anim"></g><g v="masc"></g><g v="sing"></g><g v="gent"></g></l></v></tfr></token><token id="165459" text="федерального"><tfr rev_id="3285090" t="федерального"><v><l id="364933" t="федеральный"><g v="ADJF"></g><g v="neut"></g><g v="sing"></g><g v="gent"></g></l></v></tfr></token><token id="165460" text="учреждения"><tfr rev_id="3501726" t="учреждения"><v><l id="363361" t="учреждение"><g v="NOUN"></g><g v="inan"></g><g v="neut"></g><g v="sing"></g><g v="gent"></g></l></v></tfr></token><token id="165461" text="."><tfr rev_id="1000264" t="."><v><l id="0" t="."><g v="PNCT"></g></l></v></tfr></token></tokens></sentence></paragraph></paragraphs></text>