<?xml version="1.0" encoding="utf-8"?><text id="1242" parent="56" name="Алкоголь порождает рак горла"><tags><tag>Автор:http://ru.wikinews.org/wiki/Участник:Velopilger</tag><tag>url:http://ru.wikinews.org/w/index.php?title=Алкоголь_порождает_рак_горла&amp;oldid=56164</tag><tag>Дата:15/08</tag><tag>Год:2009</tag><tag>Тема:ВикиКатегория:Здоровье</tag><tag>Тема:ВикиКатегория:Медицина</tag><tag>Тема:ВикиКатегория:Наука и технологии</tag><tag>Тема:ВикиКатегория:Раковые болезни</tag><tag>Гео:ВикиКатегория:Великобритания</tag></tags><paragraphs><paragraph id="11436"><sentence id="36065"><source>Алкоголь поражает полость рта и горло.</source><tokens><token id="644738" text="Алкоголь"><tfr rev_id="4092699" t="Алкоголь"><v><l id="9619" t="алкоголь"><g v="NOUN"></g><g v="inan"></g><g v="masc"></g><g v="sing"></g><g v="nomn"></g></l></v></tfr></token><token id="644739" text="поражает"><tfr rev_id="1476849" t="поражает"><v><l id="259927" t="поражаю"><g v="VERB"></g><g v="impf"></g><g v="tran"></g><g v="sing"></g><g v="3per"></g><g v="pres"></g><g v="indc"></g></l></v></tfr></token><token id="644740" text="полость"><tfr rev_id="1476850" t="полость"><v><l id="256466" t="полость"><g v="NOUN"></g><g v="inan"></g><g v="femn"></g><g v="sing"></g><g v="nomn"></g></l></v><v><l id="256466" t="полость"><g v="NOUN"></g><g v="inan"></g><g v="femn"></g><g v="sing"></g><g v="accs"></g></l></v></tfr></token><token id="644741" text="рта"><tfr rev_id="4215989" t="рта"><v><l id="309496" t="рот"><g v="NOUN"></g><g v="anim"></g><g v="masc"></g><g v="sing"></g><g v="gent"></g></l></v><v><l id="309497" t="рот"><g v="NOUN"></g><g v="inan"></g><g v="masc"></g><g v="sing"></g><g v="gent"></g></l></v></tfr></token><token id="644742" text="и"><tfr rev_id="3558545" t="и"><v><l id="116949" t="и"><g v="CONJ"></g></l></v></tfr></token><token id="644743" text="горло"><tfr rev_id="3677085" t="горло"><v><l id="73402" t="горло"><g v="NOUN"></g><g v="inan"></g><g v="neut"></g><g v="sing"></g><g v="accs"></g></l></v></tfr></token><token id="644744" text="."><tfr rev_id="1476854" t="."><v><l id="0" t="."><g v="PNCT"></g></l></v></tfr></token></tokens></sentence><sentence id="36066"><source>К такому выводу пришли учёные-медики из Великобритании, исследуя статистику раковых заболеваний.</source><tokens><token id="644745" text="К"><tfr rev_id="1476855" t="К"><v><l id="127460" t="к"><g v="PREP"></g></l></v></tfr></token><token id="644746" text="такому"><tfr rev_id="4205245" t="такому"><v><l id="342491" t="такой"><g v="ADJF"></g><g v="Apro"></g><g v="masc"></g><g v="sing"></g><g v="datv"></g></l></v></tfr></token><token id="644747" text="выводу"><tfr rev_id="1476857" t="выводу"><v><l id="56345" t="вывод"><g v="NOUN"></g><g v="inan"></g><g v="masc"></g><g v="sing"></g><g v="datv"></g></l></v></tfr></token><token id="644748" text="пришли"><tfr rev_id="1476858" t="пришли"><v><l id="270737" t="пришёл"><g v="VERB"></g><g v="perf"></g><g v="intr"></g><g v="plur"></g><g v="past"></g><g v="indc"></g></l></v><v><l id="274244" t="прислал"><g v="VERB"></g><g v="perf"></g><g v="tran"></g><g v="sing"></g><g v="impr"></g><g v="excl"></g></l></v></tfr></token><token id="644749" text="учёные"><tfr rev_id="4154164" t="учёные"><v><l id="363100" t="учёный"><g v="NOUN"></g><g v="anim"></g><g v="masc"></g><g v="plur"></g><g v="nomn"></g></l></v></tfr></token><token id="644750" text="-"><tfr rev_id="1476860" t="-"><v><l id="0" t="-"><g v="PNCT"></g></l></v></tfr></token><token id="644751" text="медики"><tfr rev_id="1476861" t="медики"><v><l id="157027" t="медик"><g v="NOUN"></g><g v="anim"></g><g v="masc"></g><g v="plur"></g><g v="nomn"></g></l></v></tfr></token><token id="644752" text="из"><tfr rev_id="2560455" t="из"><v><l id="117677" t="из"><g v="PREP"></g></l></v></tfr></token><token id="644753" text="Великобритании"><tfr rev_id="2934932" t="Великобритании"><v><l id="40619" t="великобритания"><g v="NOUN"></g><g v="inan"></g><g v="femn"></g><g v="Sgtm"></g><g v="Geox"></g><g v="sing"></g><g v="gent"></g></l></v></tfr></token><token id="644754" text=","><tfr rev_id="1476864" t=","><v><l id="0" t=","><g v="PNCT"></g></l></v></tfr></token><token id="644755" text="исследуя"><tfr rev_id="1476865" t="исследуя"><v><l id="125818" t="исследуя"><g v="GRND"></g><g v="impf"></g><g v="tran"></g><g v="pres"></g></l></v></tfr></token><token id="644756" text="статистику"><tfr rev_id="4336222" t="статистику"><v><l id="335112" t="статистика"><g v="NOUN"></g><g v="inan"></g><g v="femn"></g><g v="sing"></g><g v="accs"></g></l></v></tfr></token><token id="644757" text="раковых"><tfr rev_id="3466721" t="раковых"><v><l id="297700" t="раковый"><g v="ADJF"></g><g v="plur"></g><g v="gent"></g></l></v></tfr></token><token id="644758" text="заболеваний"><tfr rev_id="1476868" t="заболеваний"><v><l id="98704" t="заболевание"><g v="NOUN"></g><g v="inan"></g><g v="neut"></g><g v="plur"></g><g v="gent"></g></l></v></tfr></token><token id="644759" text="."><tfr rev_id="1476869" t="."><v><l id="0" t="."><g v="PNCT"></g></l></v></tfr></token></tokens></sentence></paragraph><paragraph id="11437"><sentence id="36067"><source>Оказалось, что наиболее подвержена риску грозного заболевания 40-50-летняя возрастная группа.</source><tokens><token id="644760" text="Оказалось"><tfr rev_id="1476870" t="Оказалось"><v><l id="204462" t="оказался"><g v="VERB"></g><g v="perf"></g><g v="intr"></g><g v="neut"></g><g v="sing"></g><g v="past"></g><g v="indc"></g></l></v></tfr></token><token id="644761" text=","><tfr rev_id="1476871" t=","><v><l id="0" t=","><g v="PNCT"></g></l></v></tfr></token><token id="644762" text="что"><tfr rev_id="3197224" t="что"><v><l id="377004" t="что"><g v="CONJ"></g></l></v><v><l id="377005" t="что"><g v="NPRO"></g><g v="neut"></g><g v="sing"></g><g v="nomn"></g></l></v><v><l id="377005" t="что"><g v="NPRO"></g><g v="neut"></g><g v="sing"></g><g v="accs"></g></l></v><v><l id="377006" t="что"><g v="ADVB"></g><g v="Ques"></g></l></v><v><l id="388695" t="что"><g v="PRCL"></g></l></v></tfr></token><token id="644763" text="наиболее"><tfr rev_id="1476873" t="наиболее"><v><l id="170502" t="наиболее"><g v="ADVB"></g></l></v></tfr></token><token id="644764" text="подвержена"><tfr rev_id="1476874" t="подвержена"><v><l id="244365" t="подвержен"><g v="ADJS"></g><g v="femn"></g><g v="sing"></g></l></v></tfr></token><token id="644765" text="риску"><tfr rev_id="4391061" t="риску"><v><l id="307762" t="риск"><g v="NOUN"></g><g v="inan"></g><g v="masc"></g><g v="sing"></g><g v="datv"></g></l></v></tfr></token><token id="644766" text="грозного"><tfr rev_id="4309248" t="грозного"><v><l id="75615" t="грозный"><g v="ADJF"></g><g v="Qual"></g><g v="neut"></g><g v="sing"></g><g v="gent"></g></l></v></tfr></token><token id="644767" text="заболевания"><tfr rev_id="3285499" t="заболевания"><v><l id="98704" t="заболевание"><g v="NOUN"></g><g v="inan"></g><g v="neut"></g><g v="sing"></g><g v="gent"></g></l></v></tfr></token><token id="644768" text="40"><tfr rev_id="2462180" t="40"><v><l id="0" t="40"><g v="NUMB"></g></l></v></tfr></token><token id="644769" text="-"><tfr rev_id="1476879" t="-"><v><l id="0" t="-"><g v="PNCT"></g></l></v></tfr></token><token id="644770" text="50-летняя"><tfr rev_id="1476880" t="50-летняя"><v><l id="0" t="50-летняя"><g v="UNKN"></g></l></v></tfr></token><token id="644771" text="возрастная"><tfr rev_id="1476881" t="возрастная"><v><l id="49629" t="возрастной"><g v="ADJF"></g><g v="femn"></g><g v="sing"></g><g v="nomn"></g></l></v></tfr></token><token id="644772" text="группа"><tfr rev_id="1476882" t="группа"><v><l id="76092" t="группа"><g v="NOUN"></g><g v="inan"></g><g v="femn"></g><g v="sing"></g><g v="nomn"></g></l></v></tfr></token><token id="644773" text="."><tfr rev_id="1476883" t="."><v><l id="0" t="."><g v="PNCT"></g></l></v></tfr></token></tokens></sentence><sentence id="36068"><source>Кроме этого, статистика показывает, что рак поражает и тех, кто пристрастился к курению.</source><tokens><token id="644774" text="Кроме"><tfr rev_id="1476884" t="Кроме"><v><l id="143259" t="кроме"><g v="PREP"></g></l></v></tfr></token><token id="644775" text="этого"><tfr rev_id="4096276" t="этого"><v><l id="386575" t="это"><g v="NPRO"></g><g v="neut"></g><g v="sing"></g><g v="gent"></g></l></v></tfr></token><token id="644776" text=","><tfr rev_id="1476886" t=","><v><l id="0" t=","><g v="PNCT"></g></l></v></tfr></token><token id="644777" text="статистика"><tfr rev_id="4336126" t="статистика"><v><l id="335112" t="статистика"><g v="NOUN"></g><g v="inan"></g><g v="femn"></g><g v="sing"></g><g v="nomn"></g></l></v></tfr></token><token id="644778" text="показывает"><tfr rev_id="1476888" t="показывает"><v><l id="253999" t="показываю"><g v="VERB"></g><g v="impf"></g><g v="tran"></g><g v="sing"></g><g v="3per"></g><g v="pres"></g><g v="indc"></g></l></v></tfr></token><token id="644779" text=","><tfr rev_id="1476889" t=","><v><l id="0" t=","><g v="PNCT"></g></l></v></tfr></token><token id="644780" text="что"><tfr rev_id="3197225" t="что"><v><l id="377004" t="что"><g v="CONJ"></g></l></v><v><l id="377005" t="что"><g v="NPRO"></g><g v="neut"></g><g v="sing"></g><g v="nomn"></g></l></v><v><l id="377005" t="что"><g v="NPRO"></g><g v="neut"></g><g v="sing"></g><g v="accs"></g></l></v><v><l id="377006" t="что"><g v="ADVB"></g><g v="Ques"></g></l></v><v><l id="388695" t="что"><g v="PRCL"></g></l></v></tfr></token><token id="644781" text="рак"><tfr rev_id="4343099" t="рак"><v><l id="297641" t="рак"><g v="NOUN"></g><g v="inan"></g><g v="masc"></g><g v="sing"></g><g v="nomn"></g></l></v><v><l id="297641" t="рак"><g v="NOUN"></g><g v="inan"></g><g v="masc"></g><g v="sing"></g><g v="accs"></g></l></v></tfr></token><token id="644782" text="поражает"><tfr rev_id="1476892" t="поражает"><v><l id="259927" t="поражаю"><g v="VERB"></g><g v="impf"></g><g v="tran"></g><g v="sing"></g><g v="3per"></g><g v="pres"></g><g v="indc"></g></l></v></tfr></token><token id="644783" text="и"><tfr rev_id="1476893" t="и"><v><l id="116949" t="и"><g v="CONJ"></g></l></v><v><l id="116950" t="и"><g v="INTJ"></g></l></v></tfr></token><token id="644784" text="тех"><tfr rev_id="4099787" t="тех"><v><l id="348430" t="тот"><g v="ADJF"></g><g v="Subx"></g><g v="Apro"></g><g v="Anph"></g><g v="anim"></g><g v="plur"></g><g v="accs"></g></l></v></tfr></token><token id="644785" text=","><tfr rev_id="1476895" t=","><v><l id="0" t=","><g v="PNCT"></g></l></v></tfr></token><token id="644786" text="кто"><tfr rev_id="1476896" t="кто"><v><l id="144216" t="кто"><g v="NPRO"></g><g v="masc"></g><g v="sing"></g><g v="nomn"></g></l></v></tfr></token><token id="644787" text="пристрастился"><tfr rev_id="1476897" t="пристрастился"><v><l id="274744" t="пристрастился"><g v="VERB"></g><g v="perf"></g><g v="intr"></g><g v="masc"></g><g v="sing"></g><g v="past"></g><g v="indc"></g></l></v></tfr></token><token id="644788" text="к"><tfr rev_id="1476898" t="к"><v><l id="127460" t="к"><g v="PREP"></g></l></v></tfr></token><token id="644789" text="курению"><tfr rev_id="1476899" t="курению"><v><l id="145290" t="курение"><g v="NOUN"></g><g v="inan"></g><g v="neut"></g><g v="sing"></g><g v="datv"></g></l></v></tfr></token><token id="644790" text="."><tfr rev_id="1476900" t="."><v><l id="0" t="."><g v="PNCT"></g></l></v></tfr></token></tokens></sentence></paragraph><paragraph id="11438"><sentence id="36069"><source>В Великобритании ежегодно от рака ротовой полости и горла умирает 1800 человек, причём этот показатель стал расти в последние годы, вместе с ростом потребления алкоголя и табачных изделий в стране.</source><tokens><token id="644791" text="В"><tfr rev_id="1476901" t="В"><v><l id="37409" t="в"><g v="PREP"></g></l></v></tfr></token><token id="644792" text="Великобритании"><tfr rev_id="3456824" t="Великобритании"><v><l id="40619" t="великобритания"><g v="NOUN"></g><g v="inan"></g><g v="femn"></g><g v="Sgtm"></g><g v="Geox"></g><g v="sing"></g><g v="loct"></g></l></v></tfr></token><token id="644793" text="ежегодно"><tfr rev_id="1476903" t="ежегодно"><v><l id="94443" t="ежегодно"><g v="ADVB"></g></l></v><v><l id="94445" t="ежегоден"><g v="ADJS"></g><g v="Qual"></g><g v="neut"></g><g v="sing"></g></l></v></tfr></token><token id="644794" text="от"><tfr rev_id="1476904" t="от"><v><l id="211644" t="от"><g v="PREP"></g></l></v></tfr></token><token id="644795" text="рака"><tfr rev_id="4294325" t="рака"><v><l id="297641" t="рак"><g v="NOUN"></g><g v="inan"></g><g v="masc"></g><g v="sing"></g><g v="gent"></g></l></v></tfr></token><token id="644796" text="ротовой"><tfr rev_id="4316939" t="ротовой"><v><l id="309530" t="ротовой"><g v="ADJF"></g><g v="femn"></g><g v="sing"></g><g v="gent"></g></l></v></tfr></token><token id="644797" text="полости"><tfr rev_id="4271782" t="полости"><v><l id="256466" t="полость"><g v="NOUN"></g><g v="inan"></g><g v="femn"></g><g v="sing"></g><g v="gent"></g></l></v></tfr></token><token id="644798" text="и"><tfr rev_id="1476908" t="и"><v><l id="116949" t="и"><g v="CONJ"></g></l></v><v><l id="116950" t="и"><g v="INTJ"></g></l></v></tfr></token><token id="644799" text="горла"><tfr rev_id="3285530" t="горла"><v><l id="73402" t="горло"><g v="NOUN"></g><g v="inan"></g><g v="neut"></g><g v="sing"></g><g v="gent"></g></l></v></tfr></token><token id="644800" text="умирает"><tfr rev_id="1476910" t="умирает"><v><l id="357745" t="умираю"><g v="VERB"></g><g v="impf"></g><g v="intr"></g><g v="sing"></g><g v="3per"></g><g v="pres"></g><g v="indc"></g></l></v></tfr></token><token id="644801" text="1800"><tfr rev_id="2462181" t="1800"><v><l id="0" t="1800"><g v="NUMB"></g></l></v></tfr></token><token id="644802" text="человек"><tfr rev_id="3437215" t="человек"><v><l id="375073" t="человек"><g v="NOUN"></g><g v="anim"></g><g v="masc"></g><g v="plur"></g><g v="gent"></g></l></v></tfr></token><token id="644803" text=","><tfr rev_id="1476913" t=","><v><l id="0" t=","><g v="PNCT"></g></l></v></tfr></token><token id="644804" text="причём"><tfr rev_id="1476914" t="причём"><v><l id="276410" t="причём"><g v="CONJ"></g></l></v></tfr></token><token id="644805" text="этот"><tfr rev_id="4432117" t="этот"><v><l id="386581" t="этот"><g v="ADJF"></g><g v="Subx"></g><g v="Apro"></g><g v="Anph"></g><g v="masc"></g><g v="sing"></g><g v="nomn"></g></l></v><v><l id="386581" t="этот"><g v="ADJF"></g><g v="Subx"></g><g v="Apro"></g><g v="Anph"></g><g v="inan"></g><g v="masc"></g><g v="sing"></g><g v="accs"></g></l></v></tfr></token><token id="644806" text="показатель"><tfr rev_id="1476916" t="показатель"><v><l id="253977" t="показатель"><g v="NOUN"></g><g v="inan"></g><g v="masc"></g><g v="sing"></g><g v="nomn"></g></l></v><v><l id="253977" t="показатель"><g v="NOUN"></g><g v="inan"></g><g v="masc"></g><g v="sing"></g><g v="accs"></g></l></v></tfr></token><token id="644807" text="стал"><tfr rev_id="1476917" t="стал"><v><l id="335164" t="стал"><g v="VERB"></g><g v="perf"></g><g v="intr"></g><g v="masc"></g><g v="sing"></g><g v="past"></g><g v="indc"></g></l></v></tfr></token><token id="644808" text="расти"><tfr rev_id="4395086" t="расти"><v><l id="302042" t="расти"><g v="INFN"></g><g v="impf"></g><g v="intr"></g></l></v></tfr></token><token id="644809" text="в"><tfr rev_id="1476919" t="в"><v><l id="37409" t="в"><g v="PREP"></g></l></v></tfr></token><token id="644810" text="последние"><tfr rev_id="3748593" t="последние"><v><l id="261565" t="последний"><g v="ADJF"></g><g v="inan"></g><g v="plur"></g><g v="accs"></g></l></v></tfr></token><token id="644811" text="годы"><tfr rev_id="3727765" t="годы"><v><l id="72149" t="год"><g v="NOUN"></g><g v="inan"></g><g v="masc"></g><g v="plur"></g><g v="accs"></g></l></v></tfr></token><token id="644812" text=","><tfr rev_id="1476922" t=","><v><l id="0" t=","><g v="PNCT"></g></l></v></tfr></token><token id="644813" text="вместе"><tfr rev_id="1476923" t="вместе"><v><l id="47122" t="вместе"><g v="ADVB"></g></l></v></tfr></token><token id="644814" text="с"><tfr rev_id="1476924" t="с"><v><l id="311151" t="с"><g v="PREP"></g></l></v></tfr></token><token id="644815" text="ростом"><tfr rev_id="1476925" t="ростом"><v><l id="309343" t="рост"><g v="NOUN"></g><g v="inan"></g><g v="masc"></g><g v="sing"></g><g v="ablt"></g></l></v></tfr></token><token id="644816" text="потребления"><tfr rev_id="3495156" t="потребления"><v><l id="263534" t="потребление"><g v="NOUN"></g><g v="inan"></g><g v="neut"></g><g v="sing"></g><g v="gent"></g></l></v></tfr></token><token id="644817" text="алкоголя"><tfr rev_id="1476927" t="алкоголя"><v><l id="9619" t="алкоголь"><g v="NOUN"></g><g v="inan"></g><g v="masc"></g><g v="sing"></g><g v="gent"></g></l></v></tfr></token><token id="644818" text="и"><tfr rev_id="3551054" t="и"><v><l id="116949" t="и"><g v="CONJ"></g></l></v></tfr></token><token id="644819" text="табачных"><tfr rev_id="4409207" t="табачных"><v><l id="342064" t="табачный"><g v="ADJF"></g><g v="Qual"></g><g v="plur"></g><g v="gent"></g></l></v></tfr></token><token id="644820" text="изделий"><tfr rev_id="1476930" t="изделий"><v><l id="118761" t="изделие"><g v="NOUN"></g><g v="inan"></g><g v="neut"></g><g v="plur"></g><g v="gent"></g></l></v></tfr></token><token id="644821" text="в"><tfr rev_id="1476931" t="в"><v><l id="37409" t="в"><g v="PREP"></g></l></v></tfr></token><token id="644822" text="стране"><tfr rev_id="3471990" t="стране"><v><l id="337100" t="страна"><g v="NOUN"></g><g v="inan"></g><g v="femn"></g><g v="sing"></g><g v="loct"></g></l></v></tfr></token><token id="644823" text="."><tfr rev_id="1476933" t="."><v><l id="0" t="."><g v="PNCT"></g></l></v></tfr></token></tokens></sentence><sentence id="36070"><source>Количестве потребляемого алкоголя, в сравнении с 1950-ми годами, удвоилось.</source><tokens><token id="644824" text="Количестве"><tfr rev_id="1476934" t="Количестве"><v><l id="135983" t="количество"><g v="NOUN"></g><g v="inan"></g><g v="neut"></g><g v="sing"></g><g v="loct"></g></l></v></tfr></token><token id="644825" text="потребляемого"><tfr rev_id="3443198" t="потребляемого"><v><l id="263539" t="потребляемый"><g v="PRTF"></g><g v="impf"></g><g v="tran"></g><g v="pres"></g><g v="pssv"></g><g v="masc"></g><g v="sing"></g><g v="gent"></g></l></v><v><l id="263539" t="потребляемый"><g v="PRTF"></g><g v="impf"></g><g v="tran"></g><g v="pres"></g><g v="pssv"></g><g v="anim"></g><g v="masc"></g><g v="sing"></g><g v="accs"></g></l></v></tfr></token><token id="644826" text="алкоголя"><tfr rev_id="1476936" t="алкоголя"><v><l id="9619" t="алкоголь"><g v="NOUN"></g><g v="inan"></g><g v="masc"></g><g v="sing"></g><g v="gent"></g></l></v></tfr></token><token id="644827" text=","><tfr rev_id="1476937" t=","><v><l id="0" t=","><g v="PNCT"></g></l></v></tfr></token><token id="644828" text="в"><tfr rev_id="1476938" t="в"><v><l id="37409" t="в"><g v="PREP"></g></l></v></tfr></token><token id="644829" text="сравнении"><tfr rev_id="1476939" t="сравнении"><v><l id="333307" t="сравнение"><g v="NOUN"></g><g v="inan"></g><g v="neut"></g><g v="sing"></g><g v="loct"></g></l></v></tfr></token><token id="644830" text="с"><tfr rev_id="1476940" t="с"><v><l id="311151" t="с"><g v="PREP"></g></l></v></tfr></token><token id="644831" text="1950-ми"><tfr rev_id="4568156" t="1950-ми"><v><l id="393920" t="1950-й"><g v="ADJF"></g><g v="Abbr"></g><g v="Anum"></g><g v="plur"></g><g v="ablt"></g></l></v></tfr></token><token id="644832" text="годами"><tfr rev_id="4277864" t="годами"><v><l id="72149" t="год"><g v="NOUN"></g><g v="inan"></g><g v="masc"></g><g v="plur"></g><g v="ablt"></g></l></v></tfr></token><token id="644833" text=","><tfr rev_id="1476943" t=","><v><l id="0" t=","><g v="PNCT"></g></l></v></tfr></token><token id="644834" text="удвоилось"><tfr rev_id="1476944" t="удвоилось"><v><l id="354759" t="удвоился"><g v="VERB"></g><g v="perf"></g><g v="intr"></g><g v="neut"></g><g v="sing"></g><g v="past"></g><g v="indc"></g></l></v></tfr></token><token id="644835" text="."><tfr rev_id="1476945" t="."><v><l id="0" t="."><g v="PNCT"></g></l></v></tfr></token></tokens></sentence></paragraph><paragraph id="11439"><sentence id="36071"><source>«Люди даже не представляют, насколько тесная связь существует между алкоголем и онкологическими заболеваниями.</source><tokens><token id="644836" text="«"><tfr rev_id="2445387" t="«"><v><l id="0" t="«"><g v="PNCT"></g></l></v></tfr></token><token id="644837" text="Люди"><tfr rev_id="1476947" t="Люди"><v><l id="375073" t="человек"><g v="NOUN"></g><g v="anim"></g><g v="masc"></g><g v="plur"></g><g v="nomn"></g></l></v></tfr></token><token id="644838" text="даже"><tfr rev_id="4079152" t="даже"><v><l id="77849" t="даже"><g v="PRCL"></g></l></v></tfr></token><token id="644839" text="не"><tfr rev_id="1476949" t="не"><v><l id="178876" t="не"><g v="PRCL"></g></l></v></tfr></token><token id="644840" text="представляют"><tfr rev_id="1476950" t="представляют"><v><l id="267112" t="представляю"><g v="VERB"></g><g v="impf"></g><g v="tran"></g><g v="plur"></g><g v="3per"></g><g v="pres"></g><g v="indc"></g></l></v></tfr></token><token id="644841" text=","><tfr rev_id="1476951" t=","><v><l id="0" t=","><g v="PNCT"></g></l></v></tfr></token><token id="644842" text="насколько"><tfr rev_id="1476952" t="насколько"><v><l id="175425" t="насколько"><g v="ADVB"></g><g v="Ques"></g></l></v></tfr></token><token id="644843" text="тесная"><tfr rev_id="1476953" t="тесная"><v><l id="345741" t="тесный"><g v="ADJF"></g><g v="Qual"></g><g v="femn"></g><g v="sing"></g><g v="nomn"></g></l></v></tfr></token><token id="644844" text="связь"><tfr rev_id="3677028" t="связь"><v><l id="316572" t="связь"><g v="NOUN"></g><g v="inan"></g><g v="femn"></g><g v="sing"></g><g v="nomn"></g></l></v></tfr></token><token id="644845" text="существует"><tfr rev_id="1476955" t="существует"><v><l id="340484" t="существую"><g v="VERB"></g><g v="impf"></g><g v="intr"></g><g v="sing"></g><g v="3per"></g><g v="pres"></g><g v="indc"></g></l></v></tfr></token><token id="644846" text="между"><tfr rev_id="1476956" t="между"><v><l id="157306" t="между"><g v="PREP"></g></l></v></tfr></token><token id="644847" text="алкоголем"><tfr rev_id="1476957" t="алкоголем"><v><l id="9619" t="алкоголь"><g v="NOUN"></g><g v="inan"></g><g v="masc"></g><g v="sing"></g><g v="ablt"></g></l></v></tfr></token><token id="644848" text="и"><tfr rev_id="4208403" t="и"><v><l id="116949" t="и"><g v="CONJ"></g></l></v></tfr></token><token id="644849" text="онкологическими"><tfr rev_id="1476959" t="онкологическими"><v><l id="206639" t="онкологический"><g v="ADJF"></g><g v="plur"></g><g v="ablt"></g></l></v></tfr></token><token id="644850" text="заболеваниями"><tfr rev_id="1476960" t="заболеваниями"><v><l id="98704" t="заболевание"><g v="NOUN"></g><g v="inan"></g><g v="neut"></g><g v="plur"></g><g v="ablt"></g></l></v></tfr></token><token id="644851" text="."><tfr rev_id="1476961" t="."><v><l id="0" t="."><g v="PNCT"></g></l></v></tfr></token></tokens></sentence><sentence id="36072"><source>Болезнь печени по-прежнему считается основным результатом злоупотребления алкоголем.</source><tokens><token id="644852" text="Болезнь"><tfr rev_id="4093196" t="Болезнь"><v><l id="32085" t="болезнь"><g v="NOUN"></g><g v="inan"></g><g v="femn"></g><g v="sing"></g><g v="nomn"></g></l></v></tfr></token><token id="644853" text="печени"><tfr rev_id="4271658" t="печени"><v><l id="238250" t="печень"><g v="NOUN"></g><g v="inan"></g><g v="femn"></g><g v="sing"></g><g v="gent"></g></l></v></tfr></token><token id="644854" text="по-прежнему"><tfr rev_id="1476964" t="по-прежнему"><v><l id="241307" t="по-прежнему"><g v="ADVB"></g></l></v></tfr></token><token id="644855" text="считается"><tfr rev_id="1476965" t="считается"><v><l id="341335" t="считаюсь"><g v="VERB"></g><g v="impf"></g><g v="intr"></g><g v="sing"></g><g v="3per"></g><g v="pres"></g><g v="indc"></g></l></v></tfr></token><token id="644856" text="основным"><tfr rev_id="4351328" t="основным"><v><l id="210595" t="основной"><g v="ADJF"></g><g v="masc"></g><g v="sing"></g><g v="ablt"></g></l></v><v><l id="210598" t="основный"><g v="ADJF"></g><g v="Qual"></g><g v="masc"></g><g v="sing"></g><g v="ablt"></g></l></v></tfr></token><token id="644857" text="результатом"><tfr rev_id="1476967" t="результатом"><v><l id="305391" t="результат"><g v="NOUN"></g><g v="inan"></g><g v="masc"></g><g v="sing"></g><g v="ablt"></g></l></v></tfr></token><token id="644858" text="злоупотребления"><tfr rev_id="3468822" t="злоупотребления"><v><l id="115809" t="злоупотребление"><g v="NOUN"></g><g v="inan"></g><g v="neut"></g><g v="sing"></g><g v="gent"></g></l></v></tfr></token><token id="644859" text="алкоголем"><tfr rev_id="1476969" t="алкоголем"><v><l id="9619" t="алкоголь"><g v="NOUN"></g><g v="inan"></g><g v="masc"></g><g v="sing"></g><g v="ablt"></g></l></v></tfr></token><token id="644860" text="."><tfr rev_id="1476970" t="."><v><l id="0" t="."><g v="PNCT"></g></l></v></tfr></token></tokens></sentence><sentence id="36073"><source>Однако все больше и больше людей начинают страдать онкологией из-за своего пристрастия», — считает Дон Шенкер, занимающийся антиалкогольной политикой.</source><tokens><token id="644861" text="Однако"><tfr rev_id="4572763" t="Однако"><v><l id="203387" t="однако"><g v="CONJ"></g><g v="Prnt"></g></l></v></tfr></token><token id="644862" text="все"><tfr rev_id="4419628" t="все"><v><l id="390209" t="всё"><g v="PRCL"></g></l></v></tfr></token><token id="644863" text="больше"><tfr rev_id="2558488" t="больше"><v><l id="32325" t="больше"><g v="ADVB"></g></l></v><v><l id="32447" t="больше"><g v="COMP"></g><g v="Qual"></g></l></v></tfr></token><token id="644864" text="и"><tfr rev_id="1476974" t="и"><v><l id="116949" t="и"><g v="CONJ"></g></l></v><v><l id="116950" t="и"><g v="INTJ"></g></l></v></tfr></token><token id="644865" text="больше"><tfr rev_id="2558489" t="больше"><v><l id="32325" t="больше"><g v="ADVB"></g></l></v><v><l id="32447" t="больше"><g v="COMP"></g><g v="Qual"></g></l></v></tfr></token><token id="644866" text="людей"><tfr rev_id="3704577" t="людей"><v><l id="375073" t="человек"><g v="NOUN"></g><g v="anim"></g><g v="masc"></g><g v="plur"></g><g v="gent"></g></l></v></tfr></token><token id="644867" text="начинают"><tfr rev_id="1476977" t="начинают"><v><l id="178340" t="начинаю"><g v="VERB"></g><g v="impf"></g><g v="tran"></g><g v="plur"></g><g v="3per"></g><g v="pres"></g><g v="indc"></g></l></v></tfr></token><token id="644868" text="страдать"><tfr rev_id="1476978" t="страдать"><v><l id="337059" t="страдать"><g v="INFN"></g><g v="impf"></g><g v="intr"></g></l></v></tfr></token><token id="644869" text="онкологией"><tfr rev_id="1476979" t="онкологией"><v><l id="206640" t="онкология"><g v="NOUN"></g><g v="inan"></g><g v="femn"></g><g v="sing"></g><g v="ablt"></g></l></v></tfr></token><token id="644870" text="из-за"><tfr rev_id="1476980" t="из-за"><v><l id="117678" t="из-за"><g v="PREP"></g></l></v></tfr></token><token id="644871" text="своего"><tfr rev_id="3630297" t="своего"><v><l id="316379" t="свой"><g v="ADJF"></g><g v="Apro"></g><g v="Anph"></g><g v="neut"></g><g v="sing"></g><g v="gent"></g></l></v></tfr></token><token id="644872" text="пристрастия"><tfr rev_id="3505602" t="пристрастия"><v><l id="274737" t="пристрастие"><g v="NOUN"></g><g v="inan"></g><g v="neut"></g><g v="sing"></g><g v="gent"></g></l></v></tfr></token><token id="644873" text="»"><tfr rev_id="2445388" t="»"><v><l id="0" t="»"><g v="PNCT"></g></l></v></tfr></token><token id="644874" text=","><tfr rev_id="1476984" t=","><v><l id="0" t=","><g v="PNCT"></g></l></v></tfr></token><token id="644875" text="—"><tfr rev_id="2445389" t="—"><v><l id="0" t="—"><g v="PNCT"></g></l></v></tfr></token><token id="644876" text="считает"><tfr rev_id="1476986" t="считает"><v><l id="341320" t="считаю"><g v="VERB"></g><g v="impf"></g><g v="tran"></g><g v="sing"></g><g v="3per"></g><g v="pres"></g><g v="indc"></g></l></v><v><l id="341329" t="считал"><g v="VERB"></g><g v="perf"></g><g v="tran"></g><g v="sing"></g><g v="3per"></g><g v="futr"></g><g v="indc"></g></l></v></tfr></token><token id="644877" text="Дон"><tfr rev_id="1476987" t="Дон"><v><l id="88600" t="дон"><g v="NOUN"></g><g v="anim"></g><g v="masc"></g><g v="sing"></g><g v="nomn"></g></l></v><v><l id="88601" t="дон"><g v="NOUN"></g><g v="anim"></g><g v="masc"></g><g v="Name"></g><g v="sing"></g><g v="nomn"></g></l></v><v><l id="88604" t="дон"><g v="NOUN"></g><g v="inan"></g><g v="masc"></g><g v="Sgtm"></g><g v="Geox"></g><g v="sing"></g><g v="nomn"></g></l></v><v><l id="88604" t="дон"><g v="NOUN"></g><g v="inan"></g><g v="masc"></g><g v="Sgtm"></g><g v="Geox"></g><g v="sing"></g><g v="accs"></g></l></v></tfr></token><token id="644878" text="Шенкер"><tfr rev_id="1476988" t="Шенкер"><v><l id="0" t="шенкер"><g v="UNKN"></g></l></v></tfr></token><token id="644879" text=","><tfr rev_id="1476989" t=","><v><l id="0" t=","><g v="PNCT"></g></l></v></tfr></token><token id="644880" text="занимающийся"><tfr rev_id="1476990" t="занимающийся"><v><l id="106421" t="занимающийся"><g v="PRTF"></g><g v="impf"></g><g v="intr"></g><g v="pres"></g><g v="actv"></g><g v="masc"></g><g v="sing"></g><g v="nomn"></g></l></v><v><l id="106421" t="занимающийся"><g v="PRTF"></g><g v="impf"></g><g v="intr"></g><g v="pres"></g><g v="actv"></g><g v="inan"></g><g v="masc"></g><g v="sing"></g><g v="accs"></g></l></v></tfr></token><token id="644881" text="антиалкогольной"><tfr rev_id="4417576" t="антиалкогольной"><v><l id="14117" t="антиалкогольный"><g v="ADJF"></g><g v="femn"></g><g v="sing"></g><g v="ablt"></g></l></v></tfr></token><token id="644882" text="политикой"><tfr rev_id="1476992" t="политикой"><v><l id="255853" t="политика"><g v="NOUN"></g><g v="inan"></g><g v="femn"></g><g v="sing"></g><g v="ablt"></g></l></v></tfr></token><token id="644883" text="."><tfr rev_id="1476993" t="."><v><l id="0" t="."><g v="PNCT"></g></l></v></tfr></token></tokens></sentence></paragraph><paragraph id="11440"><sentence id="36074"><source>Губы, язык, дёсна и горло человека наиболее подвержены онкологическим заболеваниям.</source><tokens><token id="644884" text="Губы"><tfr rev_id="3795930" t="Губы"><v><l id="76363" t="губа"><g v="NOUN"></g><g v="inan"></g><g v="femn"></g><g v="plur"></g><g v="nomn"></g></l></v></tfr></token><token id="644885" text=","><tfr rev_id="1476995" t=","><v><l id="0" t=","><g v="PNCT"></g></l></v></tfr></token><token id="644886" text="язык"><tfr rev_id="4321455" t="язык"><v><l id="387573" t="язык"><g v="NOUN"></g><g v="inan"></g><g v="masc"></g><g v="sing"></g><g v="nomn"></g></l></v></tfr></token><token id="644887" text=","><tfr rev_id="1476997" t=","><v><l id="0" t=","><g v="PNCT"></g></l></v></tfr></token><token id="644888" text="дёсна"><tfr rev_id="4505363" t="дёсна"><v><l id="81990" t="десна"><g v="NOUN"></g><g v="inan"></g><g v="femn"></g><g v="sing"></g><g v="nomn"></g></l></v></tfr></token><token id="644889" text="и"><tfr rev_id="1476999" t="и"><v><l id="116949" t="и"><g v="CONJ"></g></l></v><v><l id="116950" t="и"><g v="INTJ"></g></l></v></tfr></token><token id="644890" text="горло"><tfr rev_id="1477000" t="горло"><v><l id="73402" t="горло"><g v="NOUN"></g><g v="inan"></g><g v="neut"></g><g v="sing"></g><g v="nomn"></g></l></v><v><l id="73402" t="горло"><g v="NOUN"></g><g v="inan"></g><g v="neut"></g><g v="sing"></g><g v="accs"></g></l></v></tfr></token><token id="644891" text="человека"><tfr rev_id="4397326" t="человека"><v><l id="375073" t="человек"><g v="NOUN"></g><g v="anim"></g><g v="masc"></g><g v="sing"></g><g v="gent"></g></l></v></tfr></token><token id="644892" text="наиболее"><tfr rev_id="1477002" t="наиболее"><v><l id="170502" t="наиболее"><g v="ADVB"></g></l></v></tfr></token><token id="644893" text="подвержены"><tfr rev_id="1477003" t="подвержены"><v><l id="244365" t="подвержен"><g v="ADJS"></g><g v="plur"></g></l></v></tfr></token><token id="644894" text="онкологическим"><tfr rev_id="3470402" t="онкологическим"><v><l id="206639" t="онкологический"><g v="ADJF"></g><g v="plur"></g><g v="datv"></g></l></v></tfr></token><token id="644895" text="заболеваниям"><tfr rev_id="1477005" t="заболеваниям"><v><l id="98704" t="заболевание"><g v="NOUN"></g><g v="inan"></g><g v="neut"></g><g v="plur"></g><g v="datv"></g></l></v></tfr></token><token id="644896" text="."><tfr rev_id="1477006" t="."><v><l id="0" t="."><g v="PNCT"></g></l></v></tfr></token></tokens></sentence><sentence id="36075"><source>Как показывает статистика, с середины 1990-х годов число мужчин, заболевших раком ротовой полости, возросло на 28%, а женщин - на 24%.</source><tokens><token id="644897" text="Как"><tfr rev_id="1477007" t="Как"><v><l id="128190" t="как"><g v="CONJ"></g></l></v><v><l id="128191" t="как"><g v="PRCL"></g></l></v><v><l id="128192" t="как"><g v="ADVB"></g><g v="Ques"></g></l></v></tfr></token><token id="644898" text="показывает"><tfr rev_id="1477008" t="показывает"><v><l id="253999" t="показываю"><g v="VERB"></g><g v="impf"></g><g v="tran"></g><g v="sing"></g><g v="3per"></g><g v="pres"></g><g v="indc"></g></l></v></tfr></token><token id="644899" text="статистика"><tfr rev_id="4337660" t="статистика"><v><l id="335112" t="статистика"><g v="NOUN"></g><g v="inan"></g><g v="femn"></g><g v="sing"></g><g v="nomn"></g></l></v></tfr></token><token id="644900" text=","><tfr rev_id="1477010" t=","><v><l id="0" t=","><g v="PNCT"></g></l></v></tfr></token><token id="644901" text="с"><tfr rev_id="1477011" t="с"><v><l id="311151" t="с"><g v="PREP"></g></l></v></tfr></token><token id="644902" text="середины"><tfr rev_id="3505710" t="середины"><v><l id="319232" t="середина"><g v="NOUN"></g><g v="inan"></g><g v="femn"></g><g v="sing"></g><g v="gent"></g></l></v></tfr></token><token id="644903" text="1990-х"><tfr rev_id="4567968" t="1990-х"><v><l id="393916" t="1990-й"><g v="ADJF"></g><g v="Abbr"></g><g v="Anum"></g><g v="anim"></g><g v="plur"></g><g v="accs"></g></l></v><v><l id="393916" t="1990-й"><g v="ADJF"></g><g v="Abbr"></g><g v="Anum"></g><g v="plur"></g><g v="gent"></g></l></v><v><l id="393916" t="1990-й"><g v="ADJF"></g><g v="Abbr"></g><g v="Anum"></g><g v="plur"></g><g v="loct"></g></l></v></tfr></token><token id="644904" text="годов"><tfr rev_id="1477014" t="годов"><v><l id="72149" t="год"><g v="NOUN"></g><g v="inan"></g><g v="masc"></g><g v="plur"></g><g v="gent"></g></l></v></tfr></token><token id="644905" text="число"><tfr rev_id="3282387" t="число"><v><l id="376585" t="число"><g v="NOUN"></g><g v="inan"></g><g v="neut"></g><g v="sing"></g><g v="nomn"></g></l></v></tfr></token><token id="644906" text="мужчин"><tfr rev_id="3645346" t="мужчин"><v><l id="164766" t="мужчина"><g v="NOUN"></g><g v="anim"></g><g v="masc"></g><g v="plur"></g><g v="gent"></g></l></v></tfr></token><token id="644907" text=","><tfr rev_id="1477017" t=","><v><l id="0" t=","><g v="PNCT"></g></l></v></tfr></token><token id="644908" text="заболевших"><tfr rev_id="1477018" t="заболевших"><v><l id="98712" t="заболевший"><g v="PRTF"></g><g v="perf"></g><g v="intr"></g><g v="past"></g><g v="actv"></g><g v="plur"></g><g v="gent"></g></l></v><v><l id="98712" t="заболевший"><g v="PRTF"></g><g v="perf"></g><g v="intr"></g><g v="past"></g><g v="actv"></g><g v="anim"></g><g v="plur"></g><g v="accs"></g></l></v><v><l id="98712" t="заболевший"><g v="PRTF"></g><g v="perf"></g><g v="intr"></g><g v="past"></g><g v="actv"></g><g v="plur"></g><g v="loct"></g></l></v></tfr></token><token id="644909" text="раком"><tfr rev_id="3492649" t="раком"><v><l id="297641" t="рак"><g v="NOUN"></g><g v="inan"></g><g v="masc"></g><g v="sing"></g><g v="ablt"></g></l></v></tfr></token><token id="644910" text="ротовой"><tfr rev_id="4316847" t="ротовой"><v><l id="309530" t="ротовой"><g v="ADJF"></g><g v="femn"></g><g v="sing"></g><g v="gent"></g></l></v></tfr></token><token id="644911" text="полости"><tfr rev_id="3887824" t="полости"><v><l id="256466" t="полость"><g v="NOUN"></g><g v="inan"></g><g v="femn"></g><g v="sing"></g><g v="gent"></g></l></v></tfr></token><token id="644912" text=","><tfr rev_id="1477022" t=","><v><l id="0" t=","><g v="PNCT"></g></l></v></tfr></token><token id="644913" text="возросло"><tfr rev_id="1477023" t="возросло"><v><l id="49618" t="возрос"><g v="VERB"></g><g v="perf"></g><g v="intr"></g><g v="neut"></g><g v="sing"></g><g v="past"></g><g v="indc"></g></l></v></tfr></token><token id="644914" text="на"><tfr rev_id="3342100" t="на"><v><l id="166264" t="на"><g v="PREP"></g></l></v></tfr></token><token id="644915" text="28"><tfr rev_id="2462182" t="28"><v><l id="0" t="28"><g v="NUMB"></g></l></v></tfr></token><token id="644916" text="%"><tfr rev_id="2445390" t="%"><v><l id="0" t="%"><g v="PNCT"></g></l></v></tfr></token><token id="644917" text=","><tfr rev_id="1477027" t=","><v><l id="0" t=","><g v="PNCT"></g></l></v></tfr></token><token id="644918" text="а"><tfr rev_id="1477028" t="а"><v><l id="51" t="а"><g v="CONJ"></g></l></v><v><l id="52" t="а"><g v="INTJ"></g></l></v><v><l id="53" t="а"><g v="PRCL"></g></l></v></tfr></token><token id="644919" text="женщин"><tfr rev_id="3464947" t="женщин"><v><l id="96749" t="женщина"><g v="NOUN"></g><g v="anim"></g><g v="femn"></g><g v="plur"></g><g v="gent"></g></l></v></tfr></token><token id="644920" text="-"><tfr rev_id="1477030" t="-"><v><l id="0" t="-"><g v="PNCT"></g></l></v></tfr></token><token id="644921" text="на"><tfr rev_id="3337309" t="на"><v><l id="166264" t="на"><g v="PREP"></g></l></v></tfr></token><token id="644922" text="24"><tfr rev_id="2462183" t="24"><v><l id="0" t="24"><g v="NUMB"></g></l></v></tfr></token><token id="644923" text="%"><tfr rev_id="2445391" t="%"><v><l id="0" t="%"><g v="PNCT"></g></l></v></tfr></token><token id="644924" text="."><tfr rev_id="1477034" t="."><v><l id="0" t="."><g v="PNCT"></g></l></v></tfr></token></tokens></sentence><sentence id="36076"><source>Учёные находят, что дополнительной причиной развития злокачественных опухолей является недостаточное потребление овощей и фруктов.</source><tokens><token id="644925" text="Учёные"><tfr rev_id="4154166" t="Учёные"><v><l id="363100" t="учёный"><g v="NOUN"></g><g v="anim"></g><g v="masc"></g><g v="plur"></g><g v="nomn"></g></l></v></tfr></token><token id="644926" text="находят"><tfr rev_id="1477036" t="находят"><v><l id="177885" t="нахожу"><g v="VERB"></g><g v="impf"></g><g v="tran"></g><g v="plur"></g><g v="3per"></g><g v="pres"></g><g v="indc"></g></l></v><v><l id="177892" t="находил"><g v="VERB"></g><g v="perf"></g><g v="tran"></g><g v="plur"></g><g v="3per"></g><g v="futr"></g><g v="indc"></g></l></v></tfr></token><token id="644927" text=","><tfr rev_id="1477037" t=","><v><l id="0" t=","><g v="PNCT"></g></l></v></tfr></token><token id="644928" text="что"><tfr rev_id="3197226" t="что"><v><l id="377004" t="что"><g v="CONJ"></g></l></v><v><l id="377005" t="что"><g v="NPRO"></g><g v="neut"></g><g v="sing"></g><g v="nomn"></g></l></v><v><l id="377005" t="что"><g v="NPRO"></g><g v="neut"></g><g v="sing"></g><g v="accs"></g></l></v><v><l id="377006" t="что"><g v="ADVB"></g><g v="Ques"></g></l></v><v><l id="388695" t="что"><g v="PRCL"></g></l></v></tfr></token><token id="644929" text="дополнительной"><tfr rev_id="3692270" t="дополнительной"><v><l id="89300" t="дополнительный"><g v="ADJF"></g><g v="femn"></g><g v="sing"></g><g v="ablt"></g></l></v></tfr></token><token id="644930" text="причиной"><tfr rev_id="1477040" t="причиной"><v><l id="276522" t="причина"><g v="NOUN"></g><g v="inan"></g><g v="femn"></g><g v="sing"></g><g v="ablt"></g></l></v></tfr></token><token id="644931" text="развития"><tfr rev_id="3490886" t="развития"><v><l id="292545" t="развитие"><g v="NOUN"></g><g v="inan"></g><g v="neut"></g><g v="sing"></g><g v="gent"></g></l></v></tfr></token><token id="644932" text="злокачественных"><tfr rev_id="4356887" t="злокачественных"><v><l id="115705" t="злокачественный"><g v="ADJF"></g><g v="plur"></g><g v="gent"></g></l></v></tfr></token><token id="644933" text="опухолей"><tfr rev_id="1477043" t="опухолей"><v><l id="208499" t="опухоль"><g v="NOUN"></g><g v="inan"></g><g v="femn"></g><g v="plur"></g><g v="gent"></g></l></v></tfr></token><token id="644934" text="является"><tfr rev_id="1477044" t="является"><v><l id="387385" t="являюсь"><g v="VERB"></g><g v="impf"></g><g v="intr"></g><g v="sing"></g><g v="3per"></g><g v="pres"></g><g v="indc"></g></l></v></tfr></token><token id="644935" text="недостаточное"><tfr rev_id="3667556" t="недостаточное"><v><l id="181681" t="недостаточный"><g v="ADJF"></g><g v="Qual"></g><g v="neut"></g><g v="sing"></g><g v="nomn"></g></l></v></tfr></token><token id="644936" text="потребление"><tfr rev_id="1477046" t="потребление"><v><l id="263534" t="потребление"><g v="NOUN"></g><g v="inan"></g><g v="neut"></g><g v="sing"></g><g v="nomn"></g></l></v><v><l id="263534" t="потребление"><g v="NOUN"></g><g v="inan"></g><g v="neut"></g><g v="sing"></g><g v="accs"></g></l></v></tfr></token><token id="644937" text="овощей"><tfr rev_id="1477047" t="овощей"><v><l id="202267" t="овощ"><g v="NOUN"></g><g v="inan"></g><g v="masc"></g><g v="plur"></g><g v="gent"></g></l></v></tfr></token><token id="644938" text="и"><tfr rev_id="1477048" t="и"><v><l id="116949" t="и"><g v="CONJ"></g></l></v><v><l id="116950" t="и"><g v="INTJ"></g></l></v></tfr></token><token id="644939" text="фруктов"><tfr rev_id="4337392" t="фруктов"><v><l id="368388" t="фрукт"><g v="NOUN"></g><g v="inan"></g><g v="masc"></g><g v="plur"></g><g v="gent"></g></l></v></tfr></token><token id="644940" text="."><tfr rev_id="1477050" t="."><v><l id="0" t="."><g v="PNCT"></g></l></v></tfr></token></tokens></sentence></paragraph></paragraphs></text>