<?xml version="1.0" encoding="utf-8"?><text id="1249" parent="56" name="ООН против Лукашенко"><tags><tag>Автор:http://ru.wikinews.org/wiki/Участник:Akishin D.</tag><tag>Дата:11/01</tag><tag>Год:2011</tag><tag>Тема:ВикиКатегория:Александр Лукашенко</tag><tag>Тема:ВикиКатегория:Международные отношения</tag><tag>Тема:ВикиКатегория:ООН</tag><tag>Тема:ВикиКатегория:Политика Белоруссии</tag><tag>Гео:ВикиКатегория:Белоруссия</tag><tag>url:http://ru.wikinews.org/w/index.php?title=ООН_против_Лукашенко&amp;oldid=63979</tag></tags><paragraphs><paragraph id="11532"><sentence id="36264"><source>Генеральный секретарь ООН Пан Ги Мун выразил обеспокоенность относительно продолжающегося тюремного заключения кандидатов в президенты от оппозиции и журналистов в Беларуси.</source><tokens><token id="648456" text="Генеральный"><tfr rev_id="1480566" t="Генеральный"><v><l id="68532" t="генеральный"><g v="ADJF"></g><g v="masc"></g><g v="sing"></g><g v="nomn"></g></l></v><v><l id="68532" t="генеральный"><g v="ADJF"></g><g v="inan"></g><g v="masc"></g><g v="sing"></g><g v="accs"></g></l></v></tfr></token><token id="648457" text="секретарь"><tfr rev_id="1716241" t="секретарь"><v><l id="318046" t="секретарь"><g v="NOUN"></g><g v="anim"></g><g v="masc"></g><g v="sing"></g><g v="nomn"></g></l></v></tfr></token><token id="648458" text="ООН"><tfr rev_id="4138823" t="ООН"><v><l id="206695" t="оон"><g v="NOUN"></g><g v="inan"></g><g v="femn"></g><g v="Sgtm"></g><g v="Fixd"></g><g v="Abbr"></g><g v="Orgn"></g><g v="sing"></g><g v="gent"></g></l></v></tfr></token><token id="648459" text="Пан"><tfr rev_id="1480569" t="Пан"><v><l id="223175" t="пан"><g v="NOUN"></g><g v="anim"></g><g v="masc"></g><g v="sing"></g><g v="nomn"></g></l></v></tfr></token><token id="648460" text="Ги"><tfr rev_id="1480570" t="Ги"><v><l id="0" t="ги"><g v="UNKN"></g></l></v></tfr></token><token id="648461" text="Мун"><tfr rev_id="4452915" t="Мун"><v><l id="390566" t="мун"><g v="NOUN"></g><g v="anim"></g><g v="masc"></g><g v="Name"></g><g v="sing"></g><g v="nomn"></g></l></v></tfr></token><token id="648462" text="выразил"><tfr rev_id="1480572" t="выразил"><v><l id="61211" t="выразил"><g v="VERB"></g><g v="perf"></g><g v="tran"></g><g v="masc"></g><g v="sing"></g><g v="past"></g><g v="indc"></g></l></v></tfr></token><token id="648463" text="обеспокоенность"><tfr rev_id="3523683" t="обеспокоенность"><v><l id="194796" t="обеспокоенность"><g v="NOUN"></g><g v="inan"></g><g v="femn"></g><g v="Sgtm"></g><g v="sing"></g><g v="accs"></g></l></v></tfr></token><token id="648464" text="относительно"><tfr rev_id="4490569" t="относительно"><v><l id="215910" t="относительно"><g v="PREP"></g></l></v></tfr></token><token id="648465" text="продолжающегося"><tfr rev_id="3443204" t="продолжающегося"><v><l id="279224" t="продолжающийся"><g v="PRTF"></g><g v="impf"></g><g v="intr"></g><g v="pres"></g><g v="actv"></g><g v="neut"></g><g v="sing"></g><g v="gent"></g></l></v></tfr></token><token id="648466" text="тюремного"><tfr rev_id="4096903" t="тюремного"><v><l id="352504" t="тюремный"><g v="ADJF"></g><g v="Qual"></g><g v="neut"></g><g v="sing"></g><g v="gent"></g></l></v></tfr></token><token id="648467" text="заключения"><tfr rev_id="3495790" t="заключения"><v><l id="103480" t="заключение"><g v="NOUN"></g><g v="inan"></g><g v="neut"></g><g v="sing"></g><g v="gent"></g></l></v></tfr></token><token id="648468" text="кандидатов"><tfr rev_id="4204654" t="кандидатов"><v><l id="129326" t="кандидат"><g v="NOUN"></g><g v="anim"></g><g v="masc"></g><g v="plur"></g><g v="gent"></g></l></v></tfr></token><token id="648469" text="в"><tfr rev_id="1480579" t="в"><v><l id="37409" t="в"><g v="PREP"></g></l></v></tfr></token><token id="648470" text="президенты"><tfr rev_id="1480580" t="президенты"><v><l id="267449" t="президент"><g v="NOUN"></g><g v="anim"></g><g v="masc"></g><g v="plur"></g><g v="nomn"></g></l></v></tfr></token><token id="648471" text="от"><tfr rev_id="1480581" t="от"><v><l id="211644" t="от"><g v="PREP"></g></l></v></tfr></token><token id="648472" text="оппозиции"><tfr rev_id="4177307" t="оппозиции"><v><l id="207895" t="оппозиция"><g v="NOUN"></g><g v="inan"></g><g v="femn"></g><g v="sing"></g><g v="gent"></g></l></v></tfr></token><token id="648473" text="и"><tfr rev_id="1480583" t="и"><v><l id="116949" t="и"><g v="CONJ"></g></l></v><v><l id="116950" t="и"><g v="INTJ"></g></l></v></tfr></token><token id="648474" text="журналистов"><tfr rev_id="3713366" t="журналистов"><v><l id="97974" t="журналист"><g v="NOUN"></g><g v="anim"></g><g v="masc"></g><g v="plur"></g><g v="gent"></g></l></v></tfr></token><token id="648475" text="в"><tfr rev_id="1480585" t="в"><v><l id="37409" t="в"><g v="PREP"></g></l></v></tfr></token><token id="648476" text="Беларуси"><tfr rev_id="3325596" t="Беларуси"><v><l id="26763" t="беларусь"><g v="NOUN"></g><g v="inan"></g><g v="femn"></g><g v="Sgtm"></g><g v="Geox"></g><g v="sing"></g><g v="loct"></g></l></v></tfr></token><token id="648477" text="."><tfr rev_id="1480587" t="."><v><l id="0" t="."><g v="PNCT"></g></l></v></tfr></token></tokens></sentence></paragraph><paragraph id="11533"><sentence id="36265"><source>В понедельник представитель генсека ООН сказал, что Пан Ги Мун призвал власти Беларуси незамедлительно освободить тех, кто все еще находится под стражей, и уважать гражданские права и надлежащие процедуры отправления правосудия.</source><tokens><token id="648478" text="В"><tfr rev_id="1480588" t="В"><v><l id="37409" t="в"><g v="PREP"></g></l></v></tfr></token><token id="648479" text="понедельник"><tfr rev_id="1480589" t="понедельник"><v><l id="258364" t="понедельник"><g v="NOUN"></g><g v="inan"></g><g v="masc"></g><g v="sing"></g><g v="nomn"></g></l></v><v><l id="258364" t="понедельник"><g v="NOUN"></g><g v="inan"></g><g v="masc"></g><g v="sing"></g><g v="accs"></g></l></v></tfr></token><token id="648480" text="представитель"><tfr rev_id="1480590" t="представитель"><v><l id="267083" t="представитель"><g v="NOUN"></g><g v="anim"></g><g v="masc"></g><g v="sing"></g><g v="nomn"></g></l></v></tfr></token><token id="648481" text="генсека"><tfr rev_id="3886596" t="генсека"><v><l id="68673" t="генсек"><g v="NOUN"></g><g v="anim"></g><g v="masc"></g><g v="sing"></g><g v="gent"></g></l></v></tfr></token><token id="648482" text="ООН"><tfr rev_id="4138824" t="ООН"><v><l id="206695" t="оон"><g v="NOUN"></g><g v="inan"></g><g v="femn"></g><g v="Sgtm"></g><g v="Fixd"></g><g v="Abbr"></g><g v="Orgn"></g><g v="sing"></g><g v="nomn"></g></l></v><v><l id="206695" t="оон"><g v="NOUN"></g><g v="inan"></g><g v="femn"></g><g v="Sgtm"></g><g v="Fixd"></g><g v="Abbr"></g><g v="Orgn"></g><g v="sing"></g><g v="gent"></g></l></v><v><l id="206695" t="оон"><g v="NOUN"></g><g v="inan"></g><g v="femn"></g><g v="Sgtm"></g><g v="Fixd"></g><g v="Abbr"></g><g v="Orgn"></g><g v="sing"></g><g v="datv"></g></l></v><v><l id="206695" t="оон"><g v="NOUN"></g><g v="inan"></g><g v="femn"></g><g v="Sgtm"></g><g v="Fixd"></g><g v="Abbr"></g><g v="Orgn"></g><g v="sing"></g><g v="accs"></g></l></v><v><l id="206695" t="оон"><g v="NOUN"></g><g v="inan"></g><g v="femn"></g><g v="Sgtm"></g><g v="Fixd"></g><g v="Abbr"></g><g v="Orgn"></g><g v="sing"></g><g v="ablt"></g></l></v><v><l id="206695" t="оон"><g v="NOUN"></g><g v="inan"></g><g v="femn"></g><g v="Sgtm"></g><g v="Fixd"></g><g v="Abbr"></g><g v="Orgn"></g><g v="sing"></g><g v="loct"></g></l></v></tfr></token><token id="648483" text="сказал"><tfr rev_id="1480593" t="сказал"><v><l id="321532" t="сказал"><g v="VERB"></g><g v="perf"></g><g v="tran"></g><g v="masc"></g><g v="sing"></g><g v="past"></g><g v="indc"></g></l></v></tfr></token><token id="648484" text=","><tfr rev_id="1480594" t=","><v><l id="0" t=","><g v="PNCT"></g></l></v></tfr></token><token id="648485" text="что"><tfr rev_id="3197261" t="что"><v><l id="377004" t="что"><g v="CONJ"></g></l></v><v><l id="377005" t="что"><g v="NPRO"></g><g v="neut"></g><g v="sing"></g><g v="nomn"></g></l></v><v><l id="377005" t="что"><g v="NPRO"></g><g v="neut"></g><g v="sing"></g><g v="accs"></g></l></v><v><l id="377006" t="что"><g v="ADVB"></g><g v="Ques"></g></l></v><v><l id="388695" t="что"><g v="PRCL"></g></l></v></tfr></token><token id="648486" text="Пан"><tfr rev_id="1480596" t="Пан"><v><l id="223175" t="пан"><g v="NOUN"></g><g v="anim"></g><g v="masc"></g><g v="sing"></g><g v="nomn"></g></l></v></tfr></token><token id="648487" text="Ги"><tfr rev_id="1480597" t="Ги"><v><l id="0" t="ги"><g v="UNKN"></g></l></v></tfr></token><token id="648488" text="Мун"><tfr rev_id="4452916" t="Мун"><v><l id="390566" t="мун"><g v="NOUN"></g><g v="anim"></g><g v="masc"></g><g v="Name"></g><g v="sing"></g><g v="nomn"></g></l></v></tfr></token><token id="648489" text="призвал"><tfr rev_id="1480599" t="призвал"><v><l id="270564" t="призвал"><g v="VERB"></g><g v="perf"></g><g v="tran"></g><g v="masc"></g><g v="sing"></g><g v="past"></g><g v="indc"></g></l></v></tfr></token><token id="648490" text="власти"><tfr rev_id="3793328" t="власти"><v><l id="46816" t="власть"><g v="NOUN"></g><g v="inan"></g><g v="femn"></g><g v="plur"></g><g v="accs"></g></l></v></tfr></token><token id="648491" text="Беларуси"><tfr rev_id="2922462" t="Беларуси"><v><l id="26763" t="беларусь"><g v="NOUN"></g><g v="inan"></g><g v="femn"></g><g v="Sgtm"></g><g v="Geox"></g><g v="sing"></g><g v="gent"></g></l></v></tfr></token><token id="648492" text="незамедлительно"><tfr rev_id="1480602" t="незамедлительно"><v><l id="182256" t="незамедлительно"><g v="ADVB"></g></l></v><v><l id="182259" t="незамедлителен"><g v="ADJS"></g><g v="neut"></g><g v="sing"></g></l></v></tfr></token><token id="648493" text="освободить"><tfr rev_id="1480603" t="освободить"><v><l id="209696" t="освободить"><g v="INFN"></g><g v="perf"></g><g v="tran"></g></l></v></tfr></token><token id="648494" text="тех"><tfr rev_id="3780492" t="тех"><v><l id="348430" t="тот"><g v="ADJF"></g><g v="Subx"></g><g v="Apro"></g><g v="Anph"></g><g v="anim"></g><g v="plur"></g><g v="accs"></g></l></v></tfr></token><token id="648495" text=","><tfr rev_id="1480605" t=","><v><l id="0" t=","><g v="PNCT"></g></l></v></tfr></token><token id="648496" text="кто"><tfr rev_id="1480606" t="кто"><v><l id="144216" t="кто"><g v="NPRO"></g><g v="masc"></g><g v="sing"></g><g v="nomn"></g></l></v></tfr></token><token id="648497" text="все"><tfr rev_id="4516203" t="все"><v><l id="390209" t="всё"><g v="PRCL"></g></l></v></tfr></token><token id="648498" text="еще"><tfr rev_id="1480608" t="еще"><v><l id="95551" t="ещё"><g v="PRCL"></g></l></v><v><l id="95552" t="ещё"><g v="ADVB"></g></l></v></tfr></token><token id="648499" text="находится"><tfr rev_id="1480609" t="находится"><v><l id="177898" t="нахожусь"><g v="VERB"></g><g v="impf"></g><g v="intr"></g><g v="sing"></g><g v="3per"></g><g v="pres"></g><g v="indc"></g></l></v><v><l id="177903" t="находился"><g v="VERB"></g><g v="perf"></g><g v="intr"></g><g v="sing"></g><g v="3per"></g><g v="futr"></g><g v="indc"></g></l></v></tfr></token><token id="648500" text="под"><tfr rev_id="2602979" t="под"><v><l id="243755" t="под"><g v="PREP"></g></l></v></tfr></token><token id="648501" text="стражей"><tfr rev_id="3471872" t="стражей"><v><l id="337072" t="стража"><g v="NOUN"></g><g v="inan"></g><g v="femn"></g><g v="sing"></g><g v="ablt"></g></l></v></tfr></token><token id="648502" text=","><tfr rev_id="1480612" t=","><v><l id="0" t=","><g v="PNCT"></g></l></v></tfr></token><token id="648503" text="и"><tfr rev_id="1480613" t="и"><v><l id="116949" t="и"><g v="CONJ"></g></l></v><v><l id="116950" t="и"><g v="INTJ"></g></l></v></tfr></token><token id="648504" text="уважать"><tfr rev_id="1480614" t="уважать"><v><l id="353223" t="уважать"><g v="INFN"></g><g v="impf"></g><g v="tran"></g></l></v></tfr></token><token id="648505" text="гражданские"><tfr rev_id="4076232" t="гражданские"><v><l id="74529" t="гражданский"><g v="ADJF"></g><g v="inan"></g><g v="plur"></g><g v="accs"></g></l></v></tfr></token><token id="648506" text="права"><tfr rev_id="3805131" t="права"><v><l id="265680" t="право"><g v="NOUN"></g><g v="inan"></g><g v="neut"></g><g v="plur"></g><g v="accs"></g></l></v></tfr></token><token id="648507" text="и"><tfr rev_id="1480617" t="и"><v><l id="116949" t="и"><g v="CONJ"></g></l></v><v><l id="116950" t="и"><g v="INTJ"></g></l></v></tfr></token><token id="648508" text="надлежащие"><tfr rev_id="3817543" t="надлежащие"><v><l id="169043" t="надлежащий"><g v="ADJF"></g><g v="inan"></g><g v="plur"></g><g v="accs"></g></l></v></tfr></token><token id="648509" text="процедуры"><tfr rev_id="3794540" t="процедуры"><v><l id="287322" t="процедура"><g v="NOUN"></g><g v="inan"></g><g v="femn"></g><g v="plur"></g><g v="accs"></g></l></v></tfr></token><token id="648510" text="отправления"><tfr rev_id="3264311" t="отправления"><v><l id="216949" t="отправление"><g v="NOUN"></g><g v="inan"></g><g v="neut"></g><g v="sing"></g><g v="gent"></g></l></v></tfr></token><token id="648511" text="правосудия"><tfr rev_id="3457751" t="правосудия"><v><l id="265771" t="правосудие"><g v="NOUN"></g><g v="inan"></g><g v="neut"></g><g v="sing"></g><g v="gent"></g></l></v></tfr></token><token id="648512" text="."><tfr rev_id="1480622" t="."><v><l id="0" t="."><g v="PNCT"></g></l></v></tfr></token></tokens></sentence></paragraph><paragraph id="11534"><sentence id="36266"><source>Представитель также сообщил, что Пан Ги Мун сожалеет о решении властей Беларуси закрыть представительство Организации по безопасности и сотрудничеству в Европе в Минске.</source><tokens><token id="648513" text="Представитель"><tfr rev_id="1480623" t="Представитель"><v><l id="267083" t="представитель"><g v="NOUN"></g><g v="anim"></g><g v="masc"></g><g v="sing"></g><g v="nomn"></g></l></v></tfr></token><token id="648514" text="также"><tfr rev_id="4267794" t="также"><v><l id="342482" t="также"><g v="PRCL"></g></l></v></tfr></token><token id="648515" text="сообщил"><tfr rev_id="1480625" t="сообщил"><v><l id="329556" t="сообщил"><g v="VERB"></g><g v="perf"></g><g v="tran"></g><g v="masc"></g><g v="sing"></g><g v="past"></g><g v="indc"></g></l></v></tfr></token><token id="648516" text=","><tfr rev_id="1480626" t=","><v><l id="0" t=","><g v="PNCT"></g></l></v></tfr></token><token id="648517" text="что"><tfr rev_id="3197262" t="что"><v><l id="377004" t="что"><g v="CONJ"></g></l></v><v><l id="377005" t="что"><g v="NPRO"></g><g v="neut"></g><g v="sing"></g><g v="nomn"></g></l></v><v><l id="377005" t="что"><g v="NPRO"></g><g v="neut"></g><g v="sing"></g><g v="accs"></g></l></v><v><l id="377006" t="что"><g v="ADVB"></g><g v="Ques"></g></l></v><v><l id="388695" t="что"><g v="PRCL"></g></l></v></tfr></token><token id="648518" text="Пан"><tfr rev_id="1480628" t="Пан"><v><l id="223175" t="пан"><g v="NOUN"></g><g v="anim"></g><g v="masc"></g><g v="sing"></g><g v="nomn"></g></l></v></tfr></token><token id="648519" text="Ги"><tfr rev_id="1480629" t="Ги"><v><l id="0" t="ги"><g v="UNKN"></g></l></v></tfr></token><token id="648520" text="Мун"><tfr rev_id="4452917" t="Мун"><v><l id="390566" t="мун"><g v="NOUN"></g><g v="anim"></g><g v="masc"></g><g v="Name"></g><g v="sing"></g><g v="nomn"></g></l></v></tfr></token><token id="648521" text="сожалеет"><tfr rev_id="1480631" t="сожалеет"><v><l id="328515" t="сожалею"><g v="VERB"></g><g v="impf"></g><g v="intr"></g><g v="sing"></g><g v="3per"></g><g v="pres"></g><g v="indc"></g></l></v></tfr></token><token id="648522" text="о"><tfr rev_id="3332852" t="о"><v><l id="192977" t="о"><g v="PREP"></g></l></v></tfr></token><token id="648523" text="решении"><tfr rev_id="1480633" t="решении"><v><l id="307350" t="решение"><g v="NOUN"></g><g v="inan"></g><g v="neut"></g><g v="sing"></g><g v="loct"></g></l></v></tfr></token><token id="648524" text="властей"><tfr rev_id="1480634" t="властей"><v><l id="46816" t="власть"><g v="NOUN"></g><g v="inan"></g><g v="femn"></g><g v="plur"></g><g v="gent"></g></l></v></tfr></token><token id="648525" text="Беларуси"><tfr rev_id="2602204" t="Беларуси"><v><l id="26763" t="беларусь"><g v="NOUN"></g><g v="inan"></g><g v="femn"></g><g v="Sgtm"></g><g v="Geox"></g><g v="sing"></g><g v="gent"></g></l></v></tfr></token><token id="648526" text="закрыть"><tfr rev_id="1480636" t="закрыть"><v><l id="104249" t="закрыть"><g v="INFN"></g><g v="perf"></g><g v="tran"></g></l></v></tfr></token><token id="648527" text="представительство"><tfr rev_id="3487879" t="представительство"><v><l id="267091" t="представительство"><g v="NOUN"></g><g v="inan"></g><g v="neut"></g><g v="sing"></g><g v="accs"></g></l></v></tfr></token><token id="648528" text="Организации"><tfr rev_id="4180214" t="Организации"><v><l id="208750" t="организация"><g v="NOUN"></g><g v="inan"></g><g v="femn"></g><g v="sing"></g><g v="gent"></g></l></v></tfr></token><token id="648529" text="по"><tfr rev_id="1480639" t="по"><v><l id="241240" t="по"><g v="PREP"></g></l></v></tfr></token><token id="648530" text="безопасности"><tfr rev_id="4265659" t="безопасности"><v><l id="26215" t="безопасность"><g v="NOUN"></g><g v="inan"></g><g v="femn"></g><g v="sing"></g><g v="datv"></g></l></v></tfr></token><token id="648531" text="и"><tfr rev_id="3495545" t="и"><v><l id="116949" t="и"><g v="CONJ"></g></l></v></tfr></token><token id="648532" text="сотрудничеству"><tfr rev_id="1480642" t="сотрудничеству"><v><l id="330875" t="сотрудничество"><g v="NOUN"></g><g v="inan"></g><g v="neut"></g><g v="sing"></g><g v="datv"></g></l></v></tfr></token><token id="648533" text="в"><tfr rev_id="1480643" t="в"><v><l id="37409" t="в"><g v="PREP"></g></l></v></tfr></token><token id="648534" text="Европе"><tfr rev_id="2737535" t="Европе"><v><l id="94019" t="европа"><g v="NOUN"></g><g v="inan"></g><g v="femn"></g><g v="Sgtm"></g><g v="Geox"></g><g v="sing"></g><g v="loct"></g></l></v></tfr></token><token id="648535" text="в"><tfr rev_id="1480645" t="в"><v><l id="37409" t="в"><g v="PREP"></g></l></v></tfr></token><token id="648536" text="Минске"><tfr rev_id="1480646" t="Минске"><v><l id="160701" t="минск"><g v="NOUN"></g><g v="inan"></g><g v="masc"></g><g v="Geox"></g><g v="sing"></g><g v="loct"></g></l></v></tfr></token><token id="648537" text="."><tfr rev_id="1480647" t="."><v><l id="0" t="."><g v="PNCT"></g></l></v></tfr></token></tokens></sentence></paragraph><paragraph id="11535"><sentence id="36267"><source>Представительство ОБСЕ было закрыто в прошлом месяце, после того как эта организация подвергла критике президентские выборы, в результате которых Александр Лукашенко с подавляющим преимуществом был избран на четвертый подряд срок.</source><tokens><token id="648538" text="Представительство"><tfr rev_id="3300703" t="Представительство"><v><l id="267091" t="представительство"><g v="NOUN"></g><g v="inan"></g><g v="neut"></g><g v="sing"></g><g v="nomn"></g></l></v></tfr></token><token id="648539" text="ОБСЕ"><tfr rev_id="4287409" t="ОБСЕ"><v><l id="199556" t="обсе"><g v="NOUN"></g><g v="inan"></g><g v="masc"></g><g v="Sgtm"></g><g v="Fixd"></g><g v="Abbr"></g><g v="sing"></g><g v="gent"></g></l></v></tfr></token><token id="648540" text="было"><tfr rev_id="4256780" t="было"><v><l id="37265" t="есть"><g v="VERB"></g><g v="impf"></g><g v="intr"></g><g v="neut"></g><g v="sing"></g><g v="past"></g><g v="indc"></g></l></v></tfr></token><token id="648541" text="закрыто"><tfr rev_id="1480651" t="закрыто"><v><l id="104246" t="закрыт"><g v="ADJS"></g><g v="Qual"></g><g v="neut"></g><g v="sing"></g></l></v><v><l id="104252" t="закрыт"><g v="PRTS"></g><g v="perf"></g><g v="past"></g><g v="pssv"></g><g v="neut"></g><g v="sing"></g></l></v></tfr></token><token id="648542" text="в"><tfr rev_id="1480652" t="в"><v><l id="37409" t="в"><g v="PREP"></g></l></v></tfr></token><token id="648543" text="прошлом"><tfr rev_id="4371528" t="прошлом"><v><l id="287715" t="прошлый"><g v="ADJF"></g><g v="masc"></g><g v="sing"></g><g v="loct"></g></l></v></tfr></token><token id="648544" text="месяце"><tfr rev_id="1480654" t="месяце"><v><l id="158841" t="месяц"><g v="NOUN"></g><g v="inan"></g><g v="masc"></g><g v="sing"></g><g v="loct"></g></l></v></tfr></token><token id="648545" text=","><tfr rev_id="1480655" t=","><v><l id="0" t=","><g v="PNCT"></g></l></v></tfr></token><token id="648546" text="после"><tfr rev_id="4406685" t="после"><v><l id="261542" t="после"><g v="PREP"></g></l></v></tfr></token><token id="648547" text="того"><tfr rev_id="4353521" t="того"><v><l id="348430" t="тот"><g v="ADJF"></g><g v="Subx"></g><g v="Apro"></g><g v="Anph"></g><g v="neut"></g><g v="sing"></g><g v="gent"></g></l></v></tfr></token><token id="648548" text="как"><tfr rev_id="1480658" t="как"><v><l id="128190" t="как"><g v="CONJ"></g></l></v><v><l id="128191" t="как"><g v="PRCL"></g></l></v><v><l id="128192" t="как"><g v="ADVB"></g><g v="Ques"></g></l></v></tfr></token><token id="648549" text="эта"><tfr rev_id="4437213" t="эта"><v><l id="386581" t="этот"><g v="ADJF"></g><g v="Subx"></g><g v="Apro"></g><g v="Anph"></g><g v="femn"></g><g v="sing"></g><g v="nomn"></g></l></v></tfr></token><token id="648550" text="организация"><tfr rev_id="1480660" t="организация"><v><l id="208750" t="организация"><g v="NOUN"></g><g v="inan"></g><g v="femn"></g><g v="sing"></g><g v="nomn"></g></l></v></tfr></token><token id="648551" text="подвергла"><tfr rev_id="1480661" t="подвергла"><v><l id="244353" t="подверг"><g v="VERB"></g><g v="perf"></g><g v="tran"></g><g v="femn"></g><g v="sing"></g><g v="past"></g><g v="indc"></g></l></v></tfr></token><token id="648552" text="критике"><tfr rev_id="2931224" t="критике"><v><l id="142954" t="критика"><g v="NOUN"></g><g v="inan"></g><g v="femn"></g><g v="sing"></g><g v="datv"></g></l></v></tfr></token><token id="648553" text="президентские"><tfr rev_id="3793641" t="президентские"><v><l id="267451" t="президентский"><g v="ADJF"></g><g v="inan"></g><g v="plur"></g><g v="accs"></g></l></v></tfr></token><token id="648554" text="выборы"><tfr rev_id="3727479" t="выборы"><v><l id="55719" t="выбор"><g v="NOUN"></g><g v="inan"></g><g v="masc"></g><g v="plur"></g><g v="accs"></g></l></v><v><l id="55749" t="выборы"><g v="NOUN"></g><g v="inan"></g><g v="GNdr"></g><g v="Pltm"></g><g v="plur"></g><g v="accs"></g></l></v></tfr></token><token id="648555" text=","><tfr rev_id="1480665" t=","><v><l id="0" t=","><g v="PNCT"></g></l></v></tfr></token><token id="648556" text="в"><tfr rev_id="1480666" t="в"><v><l id="37409" t="в"><g v="PREP"></g></l></v></tfr></token><token id="648557" text="результате"><tfr rev_id="1480667" t="результате"><v><l id="305391" t="результат"><g v="NOUN"></g><g v="inan"></g><g v="masc"></g><g v="sing"></g><g v="loct"></g></l></v></tfr></token><token id="648558" text="которых"><tfr rev_id="3671095" t="которых"><v><l id="141203" t="который"><g v="ADJF"></g><g v="Apro"></g><g v="Subx"></g><g v="Anph"></g><g v="plur"></g><g v="gent"></g></l></v></tfr></token><token id="648559" text="Александр"><tfr rev_id="3496576" t="Александр"><v><l id="8527" t="александр"><g v="NOUN"></g><g v="anim"></g><g v="masc"></g><g v="Name"></g><g v="sing"></g><g v="nomn"></g></l></v></tfr></token><token id="648560" text="Лукашенко"><tfr rev_id="4326424" t="Лукашенко"><v><l id="151410" t="лукашенко"><g v="NOUN"></g><g v="anim"></g><g v="ms-f"></g><g v="Fixd"></g><g v="Surn"></g><g v="sing"></g><g v="nomn"></g></l></v></tfr></token><token id="648561" text="с"><tfr rev_id="1480671" t="с"><v><l id="311151" t="с"><g v="PREP"></g></l></v></tfr></token><token id="648562" text="подавляющим"><tfr rev_id="3684712" t="подавляющим"><v><l id="243839" t="подавляющий"><g v="PRTF"></g><g v="impf"></g><g v="tran"></g><g v="pres"></g><g v="actv"></g><g v="Adjx"></g><g v="neut"></g><g v="sing"></g><g v="ablt"></g></l></v></tfr></token><token id="648563" text="преимуществом"><tfr rev_id="1480673" t="преимуществом"><v><l id="267502" t="преимущество"><g v="NOUN"></g><g v="inan"></g><g v="neut"></g><g v="sing"></g><g v="ablt"></g></l></v></tfr></token><token id="648564" text="был"><tfr rev_id="1480674" t="был"><v><l id="37265" t="есть"><g v="VERB"></g><g v="impf"></g><g v="intr"></g><g v="masc"></g><g v="sing"></g><g v="past"></g><g v="indc"></g></l></v></tfr></token><token id="648565" text="избран"><tfr rev_id="1480675" t="избран"><v><l id="117935" t="избран"><g v="ADJS"></g><g v="Qual"></g><g v="masc"></g><g v="sing"></g></l></v><v><l id="117941" t="избран"><g v="PRTS"></g><g v="perf"></g><g v="past"></g><g v="pssv"></g><g v="masc"></g><g v="sing"></g></l></v></tfr></token><token id="648566" text="на"><tfr rev_id="3344428" t="на"><v><l id="166264" t="на"><g v="PREP"></g></l></v></tfr></token><token id="648567" text="четвертый"><tfr rev_id="1480677" t="четвертый"><v><l id="376074" t="четвёртый"><g v="ADJF"></g><g v="Anum"></g><g v="masc"></g><g v="sing"></g><g v="nomn"></g></l></v><v><l id="376074" t="четвёртый"><g v="ADJF"></g><g v="Anum"></g><g v="inan"></g><g v="masc"></g><g v="sing"></g><g v="accs"></g></l></v></tfr></token><token id="648568" text="подряд"><tfr rev_id="4264682" t="подряд"><v><l id="249979" t="подряд"><g v="ADVB"></g></l></v></tfr></token><token id="648569" text="срок"><tfr rev_id="1480679" t="срок"><v><l id="333848" t="срок"><g v="NOUN"></g><g v="inan"></g><g v="masc"></g><g v="sing"></g><g v="nomn"></g></l></v><v><l id="333848" t="срок"><g v="NOUN"></g><g v="inan"></g><g v="masc"></g><g v="sing"></g><g v="accs"></g></l></v></tfr></token><token id="648570" text="."><tfr rev_id="1480680" t="."><v><l id="0" t="."><g v="PNCT"></g></l></v></tfr></token></tokens></sentence><sentence id="36268"><source>Оппозиция утверждает, что результаты голосования были фальсифицированы.</source><tokens><token id="648571" text="Оппозиция"><tfr rev_id="1480681" t="Оппозиция"><v><l id="207895" t="оппозиция"><g v="NOUN"></g><g v="inan"></g><g v="femn"></g><g v="sing"></g><g v="nomn"></g></l></v></tfr></token><token id="648572" text="утверждает"><tfr rev_id="1480682" t="утверждает"><v><l id="361706" t="утверждаю"><g v="VERB"></g><g v="impf"></g><g v="tran"></g><g v="sing"></g><g v="3per"></g><g v="pres"></g><g v="indc"></g></l></v><v><l id="361713" t="утверждаю"><g v="VERB"></g><g v="impf"></g><g v="intr"></g><g v="sing"></g><g v="3per"></g><g v="pres"></g><g v="indc"></g></l></v></tfr></token><token id="648573" text=","><tfr rev_id="1480683" t=","><v><l id="0" t=","><g v="PNCT"></g></l></v></tfr></token><token id="648574" text="что"><tfr rev_id="3197263" t="что"><v><l id="377004" t="что"><g v="CONJ"></g></l></v><v><l id="377005" t="что"><g v="NPRO"></g><g v="neut"></g><g v="sing"></g><g v="nomn"></g></l></v><v><l id="377005" t="что"><g v="NPRO"></g><g v="neut"></g><g v="sing"></g><g v="accs"></g></l></v><v><l id="377006" t="что"><g v="ADVB"></g><g v="Ques"></g></l></v><v><l id="388695" t="что"><g v="PRCL"></g></l></v></tfr></token><token id="648575" text="результаты"><tfr rev_id="3409754" t="результаты"><v><l id="305391" t="результат"><g v="NOUN"></g><g v="inan"></g><g v="masc"></g><g v="plur"></g><g v="nomn"></g></l></v></tfr></token><token id="648576" text="голосования"><tfr rev_id="3432485" t="голосования"><v><l id="72508" t="голосование"><g v="NOUN"></g><g v="inan"></g><g v="neut"></g><g v="sing"></g><g v="gent"></g></l></v></tfr></token><token id="648577" text="были"><tfr rev_id="1715403" t="были"><v><l id="37265" t="есть"><g v="VERB"></g><g v="impf"></g><g v="intr"></g><g v="plur"></g><g v="past"></g><g v="indc"></g></l></v></tfr></token><token id="648578" text="фальсифицированы"><tfr rev_id="1480688" t="фальсифицированы"><v><l id="364256" t="фальсифицирован"><g v="PRTS"></g><g v="perf"></g><g v="past"></g><g v="pssv"></g><g v="plur"></g></l></v><v><l id="364257" t="фальсифицирован"><g v="PRTS"></g><g v="impf"></g><g v="past"></g><g v="pssv"></g><g v="plur"></g></l></v></tfr></token><token id="648579" text="."><tfr rev_id="1480689" t="."><v><l id="0" t="."><g v="PNCT"></g></l></v></tfr></token></tokens></sentence></paragraph><paragraph id="11536"><sentence id="36269"><source>Лукашенко резко отреагировал на уличные протесты против результатов голосования.</source><tokens><token id="648580" text="Лукашенко"><tfr rev_id="4326425" t="Лукашенко"><v><l id="151410" t="лукашенко"><g v="NOUN"></g><g v="anim"></g><g v="ms-f"></g><g v="Fixd"></g><g v="Surn"></g><g v="sing"></g><g v="nomn"></g></l></v></tfr></token><token id="648581" text="резко"><tfr rev_id="4100905" t="резко"><v><l id="305329" t="резко"><g v="ADVB"></g></l></v></tfr></token><token id="648582" text="отреагировал"><tfr rev_id="1480692" t="отреагировал"><v><l id="217361" t="отреагировал"><g v="VERB"></g><g v="perf"></g><g v="intr"></g><g v="masc"></g><g v="sing"></g><g v="past"></g><g v="indc"></g></l></v></tfr></token><token id="648583" text="на"><tfr rev_id="3330367" t="на"><v><l id="166264" t="на"><g v="PREP"></g></l></v></tfr></token><token id="648584" text="уличные"><tfr rev_id="4092589" t="уличные"><v><l id="356921" t="уличный"><g v="ADJF"></g><g v="Qual"></g><g v="inan"></g><g v="plur"></g><g v="accs"></g></l></v></tfr></token><token id="648585" text="протесты"><tfr rev_id="3743961" t="протесты"><v><l id="285757" t="протест"><g v="NOUN"></g><g v="inan"></g><g v="masc"></g><g v="plur"></g><g v="accs"></g></l></v></tfr></token><token id="648586" text="против"><tfr rev_id="4484971" t="против"><v><l id="285790" t="против"><g v="PREP"></g></l></v></tfr></token><token id="648587" text="результатов"><tfr rev_id="1480697" t="результатов"><v><l id="305391" t="результат"><g v="NOUN"></g><g v="inan"></g><g v="masc"></g><g v="plur"></g><g v="gent"></g></l></v></tfr></token><token id="648588" text="голосования"><tfr rev_id="3438187" t="голосования"><v><l id="72508" t="голосование"><g v="NOUN"></g><g v="inan"></g><g v="neut"></g><g v="sing"></g><g v="gent"></g></l></v></tfr></token><token id="648589" text="."><tfr rev_id="1480699" t="."><v><l id="0" t="."><g v="PNCT"></g></l></v></tfr></token></tokens></sentence><sentence id="36270"><source>Правоохранительными органими было арестовано более 600 человек, в том числе пятеро кандидатов в президенты.</source><tokens><token id="648590" text="Правоохранительными"><tfr rev_id="1480700" t="Правоохранительными"><v><l id="265734" t="правоохранительный"><g v="ADJF"></g><g v="plur"></g><g v="ablt"></g></l></v></tfr></token><token id="648591" text="органими"><tfr rev_id="1480701" t="органими"><v><l id="0" t="органими"><g v="UNKN"></g></l></v></tfr></token><token id="648592" text="было"><tfr rev_id="3094274" t="было"><v><l id="37265" t="есть"><g v="VERB"></g><g v="impf"></g><g v="intr"></g><g v="neut"></g><g v="sing"></g><g v="past"></g><g v="indc"></g></l></v></tfr></token><token id="648593" text="арестовано"><tfr rev_id="1480703" t="арестовано"><v><l id="16270" t="арестован"><g v="PRTS"></g><g v="perf"></g><g v="past"></g><g v="pssv"></g><g v="neut"></g><g v="sing"></g></l></v></tfr></token><token id="648594" text="более"><tfr rev_id="1480704" t="более"><v><l id="32065" t="более"><g v="ADVB"></g></l></v></tfr></token><token id="648595" text="600"><tfr rev_id="2462201" t="600"><v><l id="0" t="600"><g v="NUMB"></g></l></v></tfr></token><token id="648596" text="человек"><tfr rev_id="3474080" t="человек"><v><l id="375073" t="человек"><g v="NOUN"></g><g v="anim"></g><g v="masc"></g><g v="plur"></g><g v="gent"></g></l></v></tfr></token><token id="648597" text=","><tfr rev_id="1480707" t=","><v><l id="0" t=","><g v="PNCT"></g></l></v></tfr></token><token id="648598" text="в"><tfr rev_id="1480708" t="в"><v><l id="37409" t="в"><g v="PREP"></g></l></v></tfr></token><token id="648599" text="том"><tfr rev_id="3774513" t="том"><v><l id="348430" t="тот"><g v="ADJF"></g><g v="Subx"></g><g v="Apro"></g><g v="Anph"></g><g v="neut"></g><g v="sing"></g><g v="loct"></g></l></v></tfr></token><token id="648600" text="числе"><tfr rev_id="1480710" t="числе"><v><l id="376585" t="число"><g v="NOUN"></g><g v="inan"></g><g v="neut"></g><g v="sing"></g><g v="loct"></g></l></v></tfr></token><token id="648601" text="пятеро"><tfr rev_id="1480711" t="пятеро"><v><l id="290310" t="пятеро"><g v="NUMR"></g><g v="Coll"></g><g v="nomn"></g></l></v><v><l id="290310" t="пятеро"><g v="NUMR"></g><g v="Coll"></g><g v="inan"></g><g v="accs"></g></l></v></tfr></token><token id="648602" text="кандидатов"><tfr rev_id="3713372" t="кандидатов"><v><l id="129326" t="кандидат"><g v="NOUN"></g><g v="anim"></g><g v="masc"></g><g v="plur"></g><g v="gent"></g></l></v></tfr></token><token id="648603" text="в"><tfr rev_id="1480713" t="в"><v><l id="37409" t="в"><g v="PREP"></g></l></v></tfr></token><token id="648604" text="президенты"><tfr rev_id="1480714" t="президенты"><v><l id="267449" t="президент"><g v="NOUN"></g><g v="anim"></g><g v="masc"></g><g v="plur"></g><g v="nomn"></g></l></v></tfr></token><token id="648605" text="."><tfr rev_id="1480715" t="."><v><l id="0" t="."><g v="PNCT"></g></l></v></tfr></token></tokens></sentence></paragraph><paragraph id="11537"><sentence id="36271"><source>В Соединенных Штатах Лукашенко был назван последним диктатором Европы за его атаку на гражданские права, ограничение свободы слова и подтасовку результатов выборов.</source><tokens><token id="648606" text="В"><tfr rev_id="1480716" t="В"><v><l id="37409" t="в"><g v="PREP"></g></l></v></tfr></token><token id="648607" text="Соединенных"><tfr rev_id="3944246" t="Соединенных"><v><l id="328493" t="соединённый"><g v="PRTF"></g><g v="perf"></g><g v="tran"></g><g v="past"></g><g v="pssv"></g><g v="Adjx"></g><g v="plur"></g><g v="loct"></g></l></v></tfr></token><token id="648608" text="Штатах"><tfr rev_id="1480718" t="Штатах"><v><l id="381334" t="штат"><g v="NOUN"></g><g v="inan"></g><g v="masc"></g><g v="plur"></g><g v="loct"></g></l></v></tfr></token><token id="648609" text="Лукашенко"><tfr rev_id="4326426" t="Лукашенко"><v><l id="151410" t="лукашенко"><g v="NOUN"></g><g v="anim"></g><g v="ms-f"></g><g v="Fixd"></g><g v="Surn"></g><g v="sing"></g><g v="nomn"></g></l></v></tfr></token><token id="648610" text="был"><tfr rev_id="1480720" t="был"><v><l id="37265" t="есть"><g v="VERB"></g><g v="impf"></g><g v="intr"></g><g v="masc"></g><g v="sing"></g><g v="past"></g><g v="indc"></g></l></v></tfr></token><token id="648611" text="назван"><tfr rev_id="1480721" t="назван"><v><l id="170338" t="назван"><g v="ADJS"></g><g v="masc"></g><g v="sing"></g></l></v><v><l id="170346" t="назван"><g v="PRTS"></g><g v="perf"></g><g v="past"></g><g v="pssv"></g><g v="masc"></g><g v="sing"></g></l></v></tfr></token><token id="648612" text="последним"><tfr rev_id="4420760" t="последним"><v><l id="261565" t="последний"><g v="ADJF"></g><g v="masc"></g><g v="sing"></g><g v="ablt"></g></l></v></tfr></token><token id="648613" text="диктатором"><tfr rev_id="1480723" t="диктатором"><v><l id="83822" t="диктатор"><g v="NOUN"></g><g v="anim"></g><g v="masc"></g><g v="sing"></g><g v="ablt"></g></l></v></tfr></token><token id="648614" text="Европы"><tfr rev_id="1480724" t="Европы"><v><l id="94019" t="европа"><g v="NOUN"></g><g v="inan"></g><g v="femn"></g><g v="Sgtm"></g><g v="Geox"></g><g v="sing"></g><g v="gent"></g></l></v></tfr></token><token id="648615" text="за"><tfr rev_id="1480725" t="за"><v><l id="98043" t="за"><g v="PREP"></g></l></v></tfr></token><token id="648616" text="его"><tfr rev_id="4454889" t="его"><v><l id="94208" t="его"><g v="ADJF"></g><g v="Fixd"></g><g v="Apro"></g><g v="Anph"></g><g v="femn"></g><g v="sing"></g><g v="nomn"></g></l></v><v><l id="94208" t="его"><g v="ADJF"></g><g v="Fixd"></g><g v="Apro"></g><g v="Anph"></g><g v="femn"></g><g v="sing"></g><g v="gent"></g></l></v><v><l id="94208" t="его"><g v="ADJF"></g><g v="Fixd"></g><g v="Apro"></g><g v="Anph"></g><g v="femn"></g><g v="sing"></g><g v="datv"></g></l></v><v><l id="94208" t="его"><g v="ADJF"></g><g v="Fixd"></g><g v="Apro"></g><g v="Anph"></g><g v="femn"></g><g v="sing"></g><g v="accs"></g></l></v><v><l id="94208" t="его"><g v="ADJF"></g><g v="Fixd"></g><g v="Apro"></g><g v="Anph"></g><g v="femn"></g><g v="sing"></g><g v="ablt"></g></l></v><v><l id="94208" t="его"><g v="ADJF"></g><g v="Fixd"></g><g v="Apro"></g><g v="Anph"></g><g v="femn"></g><g v="sing"></g><g v="loct"></g></l></v></tfr></token><token id="648617" text="атаку"><tfr rev_id="1480727" t="атаку"><v><l id="19312" t="атака"><g v="NOUN"></g><g v="inan"></g><g v="femn"></g><g v="sing"></g><g v="accs"></g></l></v></tfr></token><token id="648618" text="на"><tfr rev_id="3338731" t="на"><v><l id="166264" t="на"><g v="PREP"></g></l></v></tfr></token><token id="648619" text="гражданские"><tfr rev_id="3793494" t="гражданские"><v><l id="74529" t="гражданский"><g v="ADJF"></g><g v="inan"></g><g v="plur"></g><g v="accs"></g></l></v></tfr></token><token id="648620" text="права"><tfr rev_id="3802656" t="права"><v><l id="265680" t="право"><g v="NOUN"></g><g v="inan"></g><g v="neut"></g><g v="plur"></g><g v="accs"></g></l></v></tfr></token><token id="648621" text=","><tfr rev_id="1480731" t=","><v><l id="0" t=","><g v="PNCT"></g></l></v></tfr></token><token id="648622" text="ограничение"><tfr rev_id="4209747" t="ограничение"><v><l id="202915" t="ограничение"><g v="NOUN"></g><g v="inan"></g><g v="neut"></g><g v="sing"></g><g v="accs"></g></l></v></tfr></token><token id="648623" text="свободы"><tfr rev_id="3467002" t="свободы"><v><l id="316212" t="свобода"><g v="NOUN"></g><g v="inan"></g><g v="femn"></g><g v="sing"></g><g v="gent"></g></l></v></tfr></token><token id="648624" text="слова"><tfr rev_id="3432610" t="слова"><v><l id="325168" t="слово"><g v="NOUN"></g><g v="inan"></g><g v="neut"></g><g v="sing"></g><g v="gent"></g></l></v></tfr></token><token id="648625" text="и"><tfr rev_id="1480735" t="и"><v><l id="116949" t="и"><g v="CONJ"></g></l></v><v><l id="116950" t="и"><g v="INTJ"></g></l></v></tfr></token><token id="648626" text="подтасовку"><tfr rev_id="1480736" t="подтасовку"><v><l id="251386" t="подтасовка"><g v="NOUN"></g><g v="inan"></g><g v="femn"></g><g v="sing"></g><g v="accs"></g></l></v></tfr></token><token id="648627" text="результатов"><tfr rev_id="1480737" t="результатов"><v><l id="305391" t="результат"><g v="NOUN"></g><g v="inan"></g><g v="masc"></g><g v="plur"></g><g v="gent"></g></l></v></tfr></token><token id="648628" text="выборов"><tfr rev_id="1480738" t="выборов"><v><l id="55719" t="выбор"><g v="NOUN"></g><g v="inan"></g><g v="masc"></g><g v="plur"></g><g v="gent"></g></l></v><v><l id="55749" t="выборы"><g v="NOUN"></g><g v="inan"></g><g v="GNdr"></g><g v="Pltm"></g><g v="plur"></g><g v="gent"></g></l></v></tfr></token><token id="648629" text="."><tfr rev_id="1480739" t="."><v><l id="0" t="."><g v="PNCT"></g></l></v></tfr></token></tokens></sentence></paragraph></paragraphs></text>