<?xml version="1.0" encoding="utf-8"?><text id="1252" parent="56" name="Двойной теракт в Пакистане"><tags><tag>Автор:http://ru.wikinews.org/wiki/Участник:Schekinov Alexey Victorovich</tag><tag>url:http://ru.wikinews.org/w/index.php?title=Двойной_теракт_в_Пакистане&amp;oldid=56913</tag><tag>Дата:13/05</tag><tag>Год:2011</tag><tag>Тема:ВикиКатегория:Происшествия</tag><tag>Тема:ВикиКатегория:Теракты</tag><tag>Тема:ВикиКатегория:Терроризм</tag><tag>Гео:ВикиКатегория:Пакистан</tag></tags><paragraphs><paragraph id="11546"><sentence id="36288"><source>Пакистанские власти сообщили, что двумя взрывами бомб у военного учебного центра на северо-западе страны были убиты более 80 человек и десятки других были ранены.</source><tokens><token id="649032" text="Пакистанские"><tfr rev_id="4075811" t="Пакистанские"><v><l id="222674" t="пакистанский"><g v="ADJF"></g><g v="plur"></g><g v="nomn"></g></l></v></tfr></token><token id="649033" text="власти"><tfr rev_id="3805194" t="власти"><v><l id="46816" t="власть"><g v="NOUN"></g><g v="inan"></g><g v="femn"></g><g v="plur"></g><g v="nomn"></g></l></v></tfr></token><token id="649034" text="сообщили"><tfr rev_id="1481144" t="сообщили"><v><l id="329556" t="сообщил"><g v="VERB"></g><g v="perf"></g><g v="tran"></g><g v="plur"></g><g v="past"></g><g v="indc"></g></l></v></tfr></token><token id="649035" text=","><tfr rev_id="1481145" t=","><v><l id="0" t=","><g v="PNCT"></g></l></v></tfr></token><token id="649036" text="что"><tfr rev_id="3197267" t="что"><v><l id="377004" t="что"><g v="CONJ"></g></l></v><v><l id="377005" t="что"><g v="NPRO"></g><g v="neut"></g><g v="sing"></g><g v="nomn"></g></l></v><v><l id="377005" t="что"><g v="NPRO"></g><g v="neut"></g><g v="sing"></g><g v="accs"></g></l></v><v><l id="377006" t="что"><g v="ADVB"></g><g v="Ques"></g></l></v><v><l id="388695" t="что"><g v="PRCL"></g></l></v></tfr></token><token id="649037" text="двумя"><tfr rev_id="4449793" t="двумя"><v><l id="78668" t="два"><g v="NUMR"></g><g v="ablt"></g></l></v></tfr></token><token id="649038" text="взрывами"><tfr rev_id="1481148" t="взрывами"><v><l id="44102" t="взрыв"><g v="NOUN"></g><g v="inan"></g><g v="masc"></g><g v="plur"></g><g v="ablt"></g></l></v></tfr></token><token id="649039" text="бомб"><tfr rev_id="1481149" t="бомб"><v><l id="32469" t="бомба"><g v="NOUN"></g><g v="inan"></g><g v="femn"></g><g v="plur"></g><g v="gent"></g></l></v></tfr></token><token id="649040" text="у"><tfr rev_id="3281893" t="у"><v><l id="352818" t="у"><g v="PREP"></g></l></v></tfr></token><token id="649041" text="военного"><tfr rev_id="4493906" t="военного"><v><l id="48619" t="военный"><g v="ADJF"></g><g v="masc"></g><g v="sing"></g><g v="gent"></g></l></v><v><l id="48619" t="военный"><g v="ADJF"></g><g v="anim"></g><g v="masc"></g><g v="sing"></g><g v="accs"></g></l></v></tfr></token><token id="649042" text="учебного"><tfr rev_id="4542338" t="учебного"><v><l id="363181" t="учебный"><g v="ADJF"></g><g v="masc"></g><g v="sing"></g><g v="gent"></g></l></v><v><l id="363181" t="учебный"><g v="ADJF"></g><g v="anim"></g><g v="masc"></g><g v="sing"></g><g v="accs"></g></l></v></tfr></token><token id="649043" text="центра"><tfr rev_id="1481153" t="центра"><v><l id="373369" t="центр"><g v="NOUN"></g><g v="inan"></g><g v="masc"></g><g v="sing"></g><g v="gent"></g></l></v></tfr></token><token id="649044" text="на"><tfr rev_id="3339335" t="на"><v><l id="166264" t="на"><g v="PREP"></g></l></v></tfr></token><token id="649045" text="северо-западе"><tfr rev_id="1481155" t="северо-западе"><v><l id="317528" t="северо-запад"><g v="NOUN"></g><g v="inan"></g><g v="masc"></g><g v="sing"></g><g v="loct"></g></l></v></tfr></token><token id="649046" text="страны"><tfr rev_id="3441243" t="страны"><v><l id="337100" t="страна"><g v="NOUN"></g><g v="inan"></g><g v="femn"></g><g v="sing"></g><g v="gent"></g></l></v></tfr></token><token id="649047" text="были"><tfr rev_id="1714840" t="были"><v><l id="37265" t="есть"><g v="VERB"></g><g v="impf"></g><g v="intr"></g><g v="plur"></g><g v="past"></g><g v="indc"></g></l></v></tfr></token><token id="649048" text="убиты"><tfr rev_id="1481158" t="убиты"><v><l id="353018" t="убит"><g v="ADJS"></g><g v="Qual"></g><g v="plur"></g></l></v><v><l id="353024" t="убит"><g v="PRTS"></g><g v="perf"></g><g v="past"></g><g v="pssv"></g><g v="plur"></g></l></v></tfr></token><token id="649049" text="более"><tfr rev_id="1481159" t="более"><v><l id="32065" t="более"><g v="ADVB"></g></l></v></tfr></token><token id="649050" text="80"><tfr rev_id="2462211" t="80"><v><l id="0" t="80"><g v="NUMB"></g></l></v></tfr></token><token id="649051" text="человек"><tfr rev_id="3436919" t="человек"><v><l id="375073" t="человек"><g v="NOUN"></g><g v="anim"></g><g v="masc"></g><g v="plur"></g><g v="gent"></g></l></v></tfr></token><token id="649052" text="и"><tfr rev_id="1481162" t="и"><v><l id="116949" t="и"><g v="CONJ"></g></l></v><v><l id="116950" t="и"><g v="INTJ"></g></l></v></tfr></token><token id="649053" text="десятки"><tfr rev_id="4323910" t="десятки"><v><l id="82098" t="десятка"><g v="NOUN"></g><g v="inan"></g><g v="femn"></g><g v="plur"></g><g v="accs"></g></l></v><v><l id="82098" t="десятка"><g v="NOUN"></g><g v="inan"></g><g v="femn"></g><g v="plur"></g><g v="nomn"></g></l></v><v><l id="82098" t="десятка"><g v="NOUN"></g><g v="inan"></g><g v="femn"></g><g v="sing"></g><g v="gent"></g></l></v><v><l id="82106" t="десяток"><g v="NOUN"></g><g v="inan"></g><g v="masc"></g><g v="plur"></g><g v="accs"></g></l></v><v><l id="82106" t="десяток"><g v="NOUN"></g><g v="inan"></g><g v="masc"></g><g v="plur"></g><g v="nomn"></g></l></v></tfr></token><token id="649054" text="других"><tfr rev_id="4356916" t="других"><v><l id="92342" t="другой"><g v="ADJF"></g><g v="Apro"></g><g v="Subx"></g><g v="plur"></g><g v="gent"></g></l></v></tfr></token><token id="649055" text="были"><tfr rev_id="1714779" t="были"><v><l id="37265" t="есть"><g v="VERB"></g><g v="impf"></g><g v="intr"></g><g v="plur"></g><g v="past"></g><g v="indc"></g></l></v></tfr></token><token id="649056" text="ранены"><tfr rev_id="4347967" t="ранены"><v><l id="297935" t="ранен"><g v="PRTS"></g><g v="perf"></g><g v="past"></g><g v="pssv"></g><g v="plur"></g></l></v><v><l id="297936" t="ранен"><g v="PRTS"></g><g v="impf"></g><g v="past"></g><g v="pssv"></g><g v="plur"></g></l></v></tfr></token><token id="649057" text="."><tfr rev_id="1481167" t="."><v><l id="0" t="."><g v="PNCT"></g></l></v></tfr></token></tokens></sentence><sentence id="36289"><source>Ответственность за взрывы у военнизированного учебного центра взял на себя Талибан, объяснив это местью за гибель Усамы бин Ладена.</source><tokens><token id="649058" text="Ответственность"><tfr rev_id="4102444" t="Ответственность"><v><l id="212442" t="ответственность"><g v="NOUN"></g><g v="inan"></g><g v="femn"></g><g v="sing"></g><g v="accs"></g></l></v></tfr></token><token id="649059" text="за"><tfr rev_id="1481169" t="за"><v><l id="98043" t="за"><g v="PREP"></g></l></v></tfr></token><token id="649060" text="взрывы"><tfr rev_id="3757221" t="взрывы"><v><l id="44102" t="взрыв"><g v="NOUN"></g><g v="inan"></g><g v="masc"></g><g v="plur"></g><g v="accs"></g></l></v></tfr></token><token id="649061" text="у"><tfr rev_id="3282907" t="у"><v><l id="352818" t="у"><g v="PREP"></g></l></v></tfr></token><token id="649062" text="военнизированного"><tfr rev_id="1481172" t="военнизированного"><v><l id="0" t="военнизированного"><g v="UNKN"></g></l></v></tfr></token><token id="649063" text="учебного"><tfr rev_id="4542339" t="учебного"><v><l id="363181" t="учебный"><g v="ADJF"></g><g v="masc"></g><g v="sing"></g><g v="gent"></g></l></v><v><l id="363181" t="учебный"><g v="ADJF"></g><g v="anim"></g><g v="masc"></g><g v="sing"></g><g v="accs"></g></l></v></tfr></token><token id="649064" text="центра"><tfr rev_id="1481174" t="центра"><v><l id="373369" t="центр"><g v="NOUN"></g><g v="inan"></g><g v="masc"></g><g v="sing"></g><g v="gent"></g></l></v></tfr></token><token id="649065" text="взял"><tfr rev_id="1481175" t="взял"><v><l id="44304" t="взял"><g v="VERB"></g><g v="perf"></g><g v="tran"></g><g v="masc"></g><g v="sing"></g><g v="past"></g><g v="indc"></g></l></v></tfr></token><token id="649066" text="на"><tfr rev_id="3341402" t="на"><v><l id="166264" t="на"><g v="PREP"></g></l></v></tfr></token><token id="649067" text="себя"><tfr rev_id="3634975" t="себя"><v><l id="317456" t="себя"><g v="NPRO"></g><g v="Anph"></g><g v="sing"></g><g v="accs"></g></l></v></tfr></token><token id="649068" text="Талибан"><tfr rev_id="4279870" t="Талибан"><v><l id="342657" t="талибан"><g v="NOUN"></g><g v="inan"></g><g v="masc"></g><g v="Orgn"></g><g v="sing"></g><g v="nomn"></g></l></v></tfr></token><token id="649069" text=","><tfr rev_id="1481179" t=","><v><l id="0" t=","><g v="PNCT"></g></l></v></tfr></token><token id="649070" text="объяснив"><tfr rev_id="1481180" t="объяснив"><v><l id="201928" t="объяснив"><g v="GRND"></g><g v="perf"></g><g v="tran"></g><g v="past"></g></l></v></tfr></token><token id="649071" text="это"><tfr rev_id="4441688" t="это"><v><l id="386574" t="это"><g v="PRCL"></g></l></v><v><l id="386575" t="это"><g v="NPRO"></g><g v="neut"></g><g v="sing"></g><g v="nomn"></g></l></v><v><l id="386575" t="это"><g v="NPRO"></g><g v="neut"></g><g v="sing"></g><g v="accs"></g></l></v><v><l id="386581" t="этот"><g v="ADJF"></g><g v="Subx"></g><g v="Apro"></g><g v="Anph"></g><g v="neut"></g><g v="sing"></g><g v="nomn"></g></l></v><v><l id="386581" t="этот"><g v="ADJF"></g><g v="Subx"></g><g v="Apro"></g><g v="Anph"></g><g v="neut"></g><g v="sing"></g><g v="accs"></g></l></v></tfr></token><token id="649072" text="местью"><tfr rev_id="1481182" t="местью"><v><l id="158836" t="месть"><g v="NOUN"></g><g v="inan"></g><g v="femn"></g><g v="sing"></g><g v="ablt"></g></l></v></tfr></token><token id="649073" text="за"><tfr rev_id="1481183" t="за"><v><l id="98043" t="за"><g v="PREP"></g></l></v></tfr></token><token id="649074" text="гибель"><tfr rev_id="1481184" t="гибель"><v><l id="69488" t="гибель"><g v="NOUN"></g><g v="inan"></g><g v="femn"></g><g v="sing"></g><g v="nomn"></g></l></v><v><l id="69488" t="гибель"><g v="NOUN"></g><g v="inan"></g><g v="femn"></g><g v="sing"></g><g v="accs"></g></l></v></tfr></token><token id="649075" text="Усамы"><tfr rev_id="3493977" t="Усамы"><v><l id="360205" t="усама"><g v="NOUN"></g><g v="anim"></g><g v="masc"></g><g v="Name"></g><g v="sing"></g><g v="gent"></g></l></v></tfr></token><token id="649076" text="бин"><tfr rev_id="3448434" t="бин"><v><l id="388996" t="бин"><g v="PRCL"></g></l></v></tfr></token><token id="649077" text="Ладена"><tfr rev_id="4451424" t="Ладена"><v><l id="390658" t="ладен"><g v="NOUN"></g><g v="anim"></g><g v="masc"></g><g v="Name"></g><g v="sing"></g><g v="accs"></g></l></v><v><l id="390658" t="ладен"><g v="NOUN"></g><g v="anim"></g><g v="masc"></g><g v="Name"></g><g v="sing"></g><g v="gent"></g></l></v></tfr></token><token id="649078" text="."><tfr rev_id="1481188" t="."><v><l id="0" t="."><g v="PNCT"></g></l></v></tfr></token></tokens></sentence></paragraph><paragraph id="11547"><sentence id="36290"><source>По словам властей, практически все убитые в пятницу 13 мая в районе Шабакадар города Чарсадаа, у Центра подготовки полицейских для охраны границы, были курсантами.</source><tokens><token id="649079" text="По"><tfr rev_id="1481189" t="По"><v><l id="241240" t="по"><g v="PREP"></g></l></v></tfr></token><token id="649080" text="словам"><tfr rev_id="1481190" t="словам"><v><l id="325168" t="слово"><g v="NOUN"></g><g v="inan"></g><g v="neut"></g><g v="plur"></g><g v="datv"></g></l></v></tfr></token><token id="649081" text="властей"><tfr rev_id="1481191" t="властей"><v><l id="46816" t="власть"><g v="NOUN"></g><g v="inan"></g><g v="femn"></g><g v="plur"></g><g v="gent"></g></l></v></tfr></token><token id="649082" text=","><tfr rev_id="1481192" t=","><v><l id="0" t=","><g v="PNCT"></g></l></v></tfr></token><token id="649083" text="практически"><tfr rev_id="1481193" t="практически"><v><l id="265904" t="практически"><g v="ADVB"></g></l></v></tfr></token><token id="649084" text="все"><tfr rev_id="4512115" t="все"><v><l id="42156" t="весь"><g v="ADJF"></g><g v="Subx"></g><g v="Apro"></g><g v="inan"></g><g v="plur"></g><g v="accs"></g></l></v><v><l id="42156" t="весь"><g v="ADJF"></g><g v="Subx"></g><g v="Apro"></g><g v="plur"></g><g v="nomn"></g></l></v></tfr></token><token id="649085" text="убитые"><tfr rev_id="4319937" t="убитые"><v><l id="353017" t="убитый"><g v="ADJF"></g><g v="Qual"></g><g v="plur"></g><g v="nomn"></g></l></v><v><l id="353017" t="убитый"><g v="ADJF"></g><g v="Qual"></g><g v="inan"></g><g v="plur"></g><g v="accs"></g></l></v><v><l id="353023" t="убитый"><g v="PRTF"></g><g v="Subx"></g><g v="perf"></g><g v="tran"></g><g v="past"></g><g v="pssv"></g><g v="plur"></g><g v="nomn"></g></l></v><v><l id="353023" t="убитый"><g v="PRTF"></g><g v="Subx"></g><g v="perf"></g><g v="tran"></g><g v="past"></g><g v="pssv"></g><g v="inan"></g><g v="plur"></g><g v="accs"></g></l></v></tfr></token><token id="649086" text="в"><tfr rev_id="1481196" t="в"><v><l id="37409" t="в"><g v="PREP"></g></l></v></tfr></token><token id="649087" text="пятницу"><tfr rev_id="1481197" t="пятницу"><v><l id="290408" t="пятница"><g v="NOUN"></g><g v="inan"></g><g v="femn"></g><g v="sing"></g><g v="accs"></g></l></v></tfr></token><token id="649088" text="13"><tfr rev_id="2462212" t="13"><v><l id="0" t="13"><g v="NUMB"></g></l></v></tfr></token><token id="649089" text="мая"><tfr rev_id="4082904" t="мая"><v><l id="153142" t="май"><g v="NOUN"></g><g v="inan"></g><g v="masc"></g><g v="Sgtm"></g><g v="sing"></g><g v="gent"></g></l></v></tfr></token><token id="649090" text="в"><tfr rev_id="1481200" t="в"><v><l id="37409" t="в"><g v="PREP"></g></l></v></tfr></token><token id="649091" text="районе"><tfr rev_id="1481201" t="районе"><v><l id="297595" t="район"><g v="NOUN"></g><g v="inan"></g><g v="masc"></g><g v="sing"></g><g v="loct"></g></l></v></tfr></token><token id="649092" text="Шабакадар"><tfr rev_id="1481202" t="Шабакадар"><v><l id="0" t="шабакадар"><g v="UNKN"></g></l></v></tfr></token><token id="649093" text="города"><tfr rev_id="3482546" t="города"><v><l id="73547" t="город"><g v="NOUN"></g><g v="inan"></g><g v="masc"></g><g v="sing"></g><g v="gent"></g></l></v></tfr></token><token id="649094" text="Чарсадаа"><tfr rev_id="1481204" t="Чарсадаа"><v><l id="0" t="чарсадаа"><g v="UNKN"></g></l></v></tfr></token><token id="649095" text=","><tfr rev_id="1481205" t=","><v><l id="0" t=","><g v="PNCT"></g></l></v></tfr></token><token id="649096" text="у"><tfr rev_id="1481206" t="у"><v><l id="352818" t="у"><g v="PREP"></g></l></v><v><l id="352819" t="у"><g v="INTJ"></g></l></v></tfr></token><token id="649097" text="Центра"><tfr rev_id="1481207" t="Центра"><v><l id="373369" t="центр"><g v="NOUN"></g><g v="inan"></g><g v="masc"></g><g v="sing"></g><g v="gent"></g></l></v></tfr></token><token id="649098" text="подготовки"><tfr rev_id="2371629" t="подготовки"><v><l id="245114" t="подготовка"><g v="NOUN"></g><g v="inan"></g><g v="femn"></g><g v="sing"></g><g v="gent"></g></l></v></tfr></token><token id="649099" text="полицейских"><tfr rev_id="4472953" t="полицейских"><v><l id="255964" t="полицейский"><g v="NOUN"></g><g v="anim"></g><g v="masc"></g><g v="plur"></g><g v="gent"></g></l></v></tfr></token><token id="649100" text="для"><tfr rev_id="3442259" t="для"><v><l id="85032" t="для"><g v="PREP"></g></l></v></tfr></token><token id="649101" text="охраны"><tfr rev_id="2722538" t="охраны"><v><l id="221327" t="охрана"><g v="NOUN"></g><g v="inan"></g><g v="femn"></g><g v="sing"></g><g v="gent"></g></l></v></tfr></token><token id="649102" text="границы"><tfr rev_id="3436851" t="границы"><v><l id="74687" t="граница"><g v="NOUN"></g><g v="inan"></g><g v="femn"></g><g v="sing"></g><g v="gent"></g></l></v></tfr></token><token id="649103" text=","><tfr rev_id="1481213" t=","><v><l id="0" t=","><g v="PNCT"></g></l></v></tfr></token><token id="649104" text="были"><tfr rev_id="1715130" t="были"><v><l id="37265" t="есть"><g v="VERB"></g><g v="impf"></g><g v="intr"></g><g v="plur"></g><g v="past"></g><g v="indc"></g></l></v></tfr></token><token id="649105" text="курсантами"><tfr rev_id="1481215" t="курсантами"><v><l id="145473" t="курсант"><g v="NOUN"></g><g v="anim"></g><g v="masc"></g><g v="plur"></g><g v="ablt"></g></l></v></tfr></token><token id="649106" text="."><tfr rev_id="1481216" t="."><v><l id="0" t="."><g v="PNCT"></g></l></v></tfr></token></tokens></sentence><sentence id="36291"><source>Официальные лица сообщают, что теракт произошел, когда курсанты садились в машины, чтобы разъехаться по домам в короткие отпуска.</source><tokens><token id="649107" text="Официальные"><tfr rev_id="3820306" t="Официальные"><v><l id="220939" t="официальный"><g v="ADJF"></g><g v="plur"></g><g v="nomn"></g></l></v></tfr></token><token id="649108" text="лица"><tfr rev_id="4329034" t="лица"><v><l id="150189" t="лицо"><g v="NOUN"></g><g v="anim"></g><g v="neut"></g><g v="plur"></g><g v="nomn"></g></l></v></tfr></token><token id="649109" text="сообщают"><tfr rev_id="1481219" t="сообщают"><v><l id="329538" t="сообщаю"><g v="VERB"></g><g v="impf"></g><g v="tran"></g><g v="plur"></g><g v="3per"></g><g v="pres"></g><g v="indc"></g></l></v></tfr></token><token id="649110" text=","><tfr rev_id="1481220" t=","><v><l id="0" t=","><g v="PNCT"></g></l></v></tfr></token><token id="649111" text="что"><tfr rev_id="3197268" t="что"><v><l id="377004" t="что"><g v="CONJ"></g></l></v><v><l id="377005" t="что"><g v="NPRO"></g><g v="neut"></g><g v="sing"></g><g v="nomn"></g></l></v><v><l id="377005" t="что"><g v="NPRO"></g><g v="neut"></g><g v="sing"></g><g v="accs"></g></l></v><v><l id="377006" t="что"><g v="ADVB"></g><g v="Ques"></g></l></v><v><l id="388695" t="что"><g v="PRCL"></g></l></v></tfr></token><token id="649112" text="теракт"><tfr rev_id="4210371" t="теракт"><v><l id="345151" t="теракт"><g v="NOUN"></g><g v="inan"></g><g v="masc"></g><g v="sing"></g><g v="nomn"></g></l></v></tfr></token><token id="649113" text="произошел"><tfr rev_id="1481223" t="произошел"><v><l id="280162" t="произошёл"><g v="VERB"></g><g v="perf"></g><g v="intr"></g><g v="masc"></g><g v="sing"></g><g v="past"></g><g v="indc"></g></l></v></tfr></token><token id="649114" text=","><tfr rev_id="1481224" t=","><v><l id="0" t=","><g v="PNCT"></g></l></v></tfr></token><token id="649115" text="когда"><tfr rev_id="1481225" t="когда"><v><l id="135239" t="когда"><g v="CONJ"></g></l></v><v><l id="135240" t="когда"><g v="ADVB"></g><g v="Ques"></g></l></v></tfr></token><token id="649116" text="курсанты"><tfr rev_id="1481226" t="курсанты"><v><l id="145473" t="курсант"><g v="NOUN"></g><g v="anim"></g><g v="masc"></g><g v="plur"></g><g v="nomn"></g></l></v></tfr></token><token id="649117" text="садились"><tfr rev_id="1481227" t="садились"><v><l id="311424" t="сажусь"><g v="VERB"></g><g v="impf"></g><g v="intr"></g><g v="plur"></g><g v="past"></g><g v="indc"></g></l></v></tfr></token><token id="649118" text="в"><tfr rev_id="1481228" t="в"><v><l id="37409" t="в"><g v="PREP"></g></l></v></tfr></token><token id="649119" text="машины"><tfr rev_id="4410565" t="машины"><v><l id="156690" t="машина"><g v="NOUN"></g><g v="inan"></g><g v="femn"></g><g v="plur"></g><g v="nomn"></g></l></v><v><l id="156690" t="машина"><g v="NOUN"></g><g v="inan"></g><g v="femn"></g><g v="plur"></g><g v="accs"></g></l></v></tfr></token><token id="649120" text=","><tfr rev_id="1481230" t=","><v><l id="0" t=","><g v="PNCT"></g></l></v></tfr></token><token id="649121" text="чтобы"><tfr rev_id="1481231" t="чтобы"><v><l id="377013" t="чтобы"><g v="CONJ"></g></l></v><v><l id="377014" t="чтобы"><g v="PRCL"></g></l></v></tfr></token><token id="649122" text="разъехаться"><tfr rev_id="1481232" t="разъехаться"><v><l id="297333" t="разъехаться"><g v="INFN"></g><g v="perf"></g><g v="intr"></g></l></v></tfr></token><token id="649123" text="по"><tfr rev_id="1481233" t="по"><v><l id="241240" t="по"><g v="PREP"></g></l></v></tfr></token><token id="649124" text="домам"><tfr rev_id="1481234" t="домам"><v><l id="88152" t="дом"><g v="NOUN"></g><g v="inan"></g><g v="masc"></g><g v="plur"></g><g v="datv"></g></l></v></tfr></token><token id="649125" text="в"><tfr rev_id="1481235" t="в"><v><l id="37409" t="в"><g v="PREP"></g></l></v></tfr></token><token id="649126" text="короткие"><tfr rev_id="3768203" t="короткие"><v><l id="140035" t="короткий"><g v="ADJF"></g><g v="Qual"></g><g v="inan"></g><g v="plur"></g><g v="accs"></g></l></v></tfr></token><token id="649127" text="отпуска"><tfr rev_id="3805820" t="отпуска"><v><l id="217128" t="отпуск"><g v="NOUN"></g><g v="inan"></g><g v="masc"></g><g v="plur"></g><g v="accs"></g></l></v></tfr></token><token id="649128" text="."><tfr rev_id="1481238" t="."><v><l id="0" t="."><g v="PNCT"></g></l></v></tfr></token></tokens></sentence></paragraph><paragraph id="11548"><sentence id="36292"><source>По крайней мере, один взрыв, уточняют правительственные источники, был произведен террористом-самоубийцей.</source><tokens><token id="649129" text="По"><tfr rev_id="1481239" t="По"><v><l id="241240" t="по"><g v="PREP"></g></l></v></tfr></token><token id="649130" text="крайней"><tfr rev_id="4395618" t="крайней"><v><l id="141514" t="крайний"><g v="ADJF"></g><g v="femn"></g><g v="sing"></g><g v="datv"></g></l></v></tfr></token><token id="649131" text="мере"><tfr rev_id="3540039" t="мере"><v><l id="158460" t="мера"><g v="NOUN"></g><g v="inan"></g><g v="femn"></g><g v="sing"></g><g v="datv"></g></l></v><v><l id="158742" t="меря"><g v="NOUN"></g><g v="inan"></g><g v="femn"></g><g v="sing"></g><g v="datv"></g></l></v></tfr></token><token id="649132" text=","><tfr rev_id="1481242" t=","><v><l id="0" t=","><g v="PNCT"></g></l></v></tfr></token><token id="649133" text="один"><tfr rev_id="4299681" t="один"><v><l id="203319" t="один"><g v="ADJF"></g><g v="Apro"></g><g v="Anum"></g><g v="masc"></g><g v="sing"></g><g v="nomn"></g></l></v><v><l id="203319" t="один"><g v="ADJF"></g><g v="Apro"></g><g v="Anum"></g><g v="inan"></g><g v="masc"></g><g v="sing"></g><g v="accs"></g></l></v></tfr></token><token id="649134" text="взрыв"><tfr rev_id="2634557" t="взрыв"><v><l id="44102" t="взрыв"><g v="NOUN"></g><g v="inan"></g><g v="masc"></g><g v="sing"></g><g v="nomn"></g></l></v><v><l id="44102" t="взрыв"><g v="NOUN"></g><g v="inan"></g><g v="masc"></g><g v="sing"></g><g v="accs"></g></l></v></tfr></token><token id="649135" text=","><tfr rev_id="1481245" t=","><v><l id="0" t=","><g v="PNCT"></g></l></v></tfr></token><token id="649136" text="уточняют"><tfr rev_id="1481246" t="уточняют"><v><l id="362358" t="уточняю"><g v="VERB"></g><g v="impf"></g><g v="tran"></g><g v="plur"></g><g v="3per"></g><g v="pres"></g><g v="indc"></g></l></v></tfr></token><token id="649137" text="правительственные"><tfr rev_id="3748750" t="правительственные"><v><l id="265635" t="правительственный"><g v="ADJF"></g><g v="plur"></g><g v="nomn"></g></l></v></tfr></token><token id="649138" text="источники"><tfr rev_id="3750146" t="источники"><v><l id="126464" t="источник"><g v="NOUN"></g><g v="inan"></g><g v="masc"></g><g v="plur"></g><g v="nomn"></g></l></v></tfr></token><token id="649139" text=","><tfr rev_id="1481249" t=","><v><l id="0" t=","><g v="PNCT"></g></l></v></tfr></token><token id="649140" text="был"><tfr rev_id="1481250" t="был"><v><l id="37265" t="есть"><g v="VERB"></g><g v="impf"></g><g v="intr"></g><g v="masc"></g><g v="sing"></g><g v="past"></g><g v="indc"></g></l></v></tfr></token><token id="649141" text="произведен"><tfr rev_id="1481251" t="произведен"><v><l id="280089" t="произведён"><g v="PRTS"></g><g v="perf"></g><g v="past"></g><g v="pssv"></g><g v="masc"></g><g v="sing"></g></l></v></tfr></token><token id="649142" text="террористом"><tfr rev_id="1481252" t="террористом"><v><l id="345654" t="террорист"><g v="NOUN"></g><g v="anim"></g><g v="masc"></g><g v="sing"></g><g v="ablt"></g></l></v></tfr></token><token id="649143" text="-"><tfr rev_id="1481253" t="-"><v><l id="0" t="-"><g v="PNCT"></g></l></v></tfr></token><token id="649144" text="самоубийцей"><tfr rev_id="4527396" t="самоубийцей"><v><l id="312966" t="самоубийца"><g v="NOUN"></g><g v="anim"></g><g v="ms-f"></g><g v="sing"></g><g v="ablt"></g></l></v></tfr></token><token id="649145" text="."><tfr rev_id="1481255" t="."><v><l id="0" t="."><g v="PNCT"></g></l></v></tfr></token></tokens></sentence></paragraph><paragraph id="11549"><sentence id="36293"><source>Ответственность за взрывы у военнизированного учебного центра взял на себя Талибан, объяснив это местью за смерть лидера Аль-Кайды Усамы бин Ладена, который был убит американским спецназом в пакистанском Абботтабаде.</source><tokens><token id="649146" text="Ответственность"><tfr rev_id="4107197" t="Ответственность"><v><l id="212442" t="ответственность"><g v="NOUN"></g><g v="inan"></g><g v="femn"></g><g v="sing"></g><g v="accs"></g></l></v></tfr></token><token id="649147" text="за"><tfr rev_id="1481257" t="за"><v><l id="98043" t="за"><g v="PREP"></g></l></v></tfr></token><token id="649148" text="взрывы"><tfr rev_id="3751387" t="взрывы"><v><l id="44102" t="взрыв"><g v="NOUN"></g><g v="inan"></g><g v="masc"></g><g v="plur"></g><g v="accs"></g></l></v></tfr></token><token id="649149" text="у"><tfr rev_id="3301763" t="у"><v><l id="352818" t="у"><g v="PREP"></g></l></v></tfr></token><token id="649150" text="военнизированного"><tfr rev_id="1481260" t="военнизированного"><v><l id="0" t="военнизированного"><g v="UNKN"></g></l></v></tfr></token><token id="649151" text="учебного"><tfr rev_id="4542340" t="учебного"><v><l id="363181" t="учебный"><g v="ADJF"></g><g v="masc"></g><g v="sing"></g><g v="gent"></g></l></v><v><l id="363181" t="учебный"><g v="ADJF"></g><g v="anim"></g><g v="masc"></g><g v="sing"></g><g v="accs"></g></l></v></tfr></token><token id="649152" text="центра"><tfr rev_id="1481262" t="центра"><v><l id="373369" t="центр"><g v="NOUN"></g><g v="inan"></g><g v="masc"></g><g v="sing"></g><g v="gent"></g></l></v></tfr></token><token id="649153" text="взял"><tfr rev_id="1481263" t="взял"><v><l id="44304" t="взял"><g v="VERB"></g><g v="perf"></g><g v="tran"></g><g v="masc"></g><g v="sing"></g><g v="past"></g><g v="indc"></g></l></v></tfr></token><token id="649154" text="на"><tfr rev_id="3343303" t="на"><v><l id="166264" t="на"><g v="PREP"></g></l></v></tfr></token><token id="649155" text="себя"><tfr rev_id="3634976" t="себя"><v><l id="317456" t="себя"><g v="NPRO"></g><g v="Anph"></g><g v="sing"></g><g v="accs"></g></l></v></tfr></token><token id="649156" text="Талибан"><tfr rev_id="4279871" t="Талибан"><v><l id="342657" t="талибан"><g v="NOUN"></g><g v="inan"></g><g v="masc"></g><g v="Orgn"></g><g v="sing"></g><g v="nomn"></g></l></v></tfr></token><token id="649157" text=","><tfr rev_id="1481267" t=","><v><l id="0" t=","><g v="PNCT"></g></l></v></tfr></token><token id="649158" text="объяснив"><tfr rev_id="1481268" t="объяснив"><v><l id="201928" t="объяснив"><g v="GRND"></g><g v="perf"></g><g v="tran"></g><g v="past"></g></l></v></tfr></token><token id="649159" text="это"><tfr rev_id="4441689" t="это"><v><l id="386574" t="это"><g v="PRCL"></g></l></v><v><l id="386575" t="это"><g v="NPRO"></g><g v="neut"></g><g v="sing"></g><g v="nomn"></g></l></v><v><l id="386575" t="это"><g v="NPRO"></g><g v="neut"></g><g v="sing"></g><g v="accs"></g></l></v><v><l id="386581" t="этот"><g v="ADJF"></g><g v="Subx"></g><g v="Apro"></g><g v="Anph"></g><g v="neut"></g><g v="sing"></g><g v="nomn"></g></l></v><v><l id="386581" t="этот"><g v="ADJF"></g><g v="Subx"></g><g v="Apro"></g><g v="Anph"></g><g v="neut"></g><g v="sing"></g><g v="accs"></g></l></v></tfr></token><token id="649160" text="местью"><tfr rev_id="1481270" t="местью"><v><l id="158836" t="месть"><g v="NOUN"></g><g v="inan"></g><g v="femn"></g><g v="sing"></g><g v="ablt"></g></l></v></tfr></token><token id="649161" text="за"><tfr rev_id="1481271" t="за"><v><l id="98043" t="за"><g v="PREP"></g></l></v></tfr></token><token id="649162" text="смерть"><tfr rev_id="3506578" t="смерть"><v><l id="326158" t="смерть"><g v="NOUN"></g><g v="inan"></g><g v="femn"></g><g v="sing"></g><g v="accs"></g></l></v></tfr></token><token id="649163" text="лидера"><tfr rev_id="2922306" t="лидера"><v><l id="149007" t="лидер"><g v="NOUN"></g><g v="anim"></g><g v="masc"></g><g v="sing"></g><g v="gent"></g></l></v></tfr></token><token id="649164" text="Аль-Кайды"><tfr rev_id="4541293" t="Аль-Кайды"><v><l id="393025" t="аль-кайда"><g v="NOUN"></g><g v="inan"></g><g v="femn"></g><g v="Sgtm"></g><g v="Orgn"></g><g v="sing"></g><g v="gent"></g></l></v></tfr></token><token id="649165" text="Усамы"><tfr rev_id="3496669" t="Усамы"><v><l id="360205" t="усама"><g v="NOUN"></g><g v="anim"></g><g v="masc"></g><g v="Name"></g><g v="sing"></g><g v="gent"></g></l></v></tfr></token><token id="649166" text="бин"><tfr rev_id="3448435" t="бин"><v><l id="388996" t="бин"><g v="PRCL"></g></l></v></tfr></token><token id="649167" text="Ладена"><tfr rev_id="4454935" t="Ладена"><v><l id="390658" t="ладен"><g v="NOUN"></g><g v="anim"></g><g v="masc"></g><g v="Name"></g><g v="sing"></g><g v="gent"></g></l></v></tfr></token><token id="649168" text=","><tfr rev_id="1481278" t=","><v><l id="0" t=","><g v="PNCT"></g></l></v></tfr></token><token id="649169" text="который"><tfr rev_id="3637449" t="который"><v><l id="141203" t="который"><g v="ADJF"></g><g v="Apro"></g><g v="Subx"></g><g v="Anph"></g><g v="masc"></g><g v="sing"></g><g v="nomn"></g></l></v><v><l id="141203" t="который"><g v="ADJF"></g><g v="Apro"></g><g v="Subx"></g><g v="Anph"></g><g v="inan"></g><g v="masc"></g><g v="sing"></g><g v="accs"></g></l></v></tfr></token><token id="649170" text="был"><tfr rev_id="1481280" t="был"><v><l id="37265" t="есть"><g v="VERB"></g><g v="impf"></g><g v="intr"></g><g v="masc"></g><g v="sing"></g><g v="past"></g><g v="indc"></g></l></v></tfr></token><token id="649171" text="убит"><tfr rev_id="1481281" t="убит"><v><l id="353018" t="убит"><g v="ADJS"></g><g v="Qual"></g><g v="masc"></g><g v="sing"></g></l></v><v><l id="353024" t="убит"><g v="PRTS"></g><g v="perf"></g><g v="past"></g><g v="pssv"></g><g v="masc"></g><g v="sing"></g></l></v></tfr></token><token id="649172" text="американским"><tfr rev_id="4308980" t="американским"><v><l id="11429" t="американский"><g v="ADJF"></g><g v="masc"></g><g v="sing"></g><g v="ablt"></g></l></v></tfr></token><token id="649173" text="спецназом"><tfr rev_id="1481283" t="спецназом"><v><l id="331928" t="спецназ"><g v="NOUN"></g><g v="inan"></g><g v="masc"></g><g v="sing"></g><g v="ablt"></g></l></v></tfr></token><token id="649174" text="в"><tfr rev_id="1481284" t="в"><v><l id="37409" t="в"><g v="PREP"></g></l></v></tfr></token><token id="649175" text="пакистанском"><tfr rev_id="3449077" t="пакистанском"><v><l id="222674" t="пакистанский"><g v="ADJF"></g><g v="masc"></g><g v="sing"></g><g v="loct"></g></l></v></tfr></token><token id="649176" text="Абботтабаде"><tfr rev_id="1481286" t="Абботтабаде"><v><l id="0" t="абботтабаде"><g v="UNKN"></g></l></v></tfr></token><token id="649177" text="."><tfr rev_id="1481287" t="."><v><l id="0" t="."><g v="PNCT"></g></l></v></tfr></token></tokens></sentence></paragraph><paragraph id="11550"><sentence id="36294"><source>Атака учебного центра произошла через день после того, как власти сообщили, что ударом, нанесенным американскими беспилотниками, были убиты не менее семи боевиков.</source><tokens><token id="649178" text="Атака"><tfr rev_id="1481288" t="Атака"><v><l id="19312" t="атака"><g v="NOUN"></g><g v="inan"></g><g v="femn"></g><g v="sing"></g><g v="nomn"></g></l></v></tfr></token><token id="649179" text="учебного"><tfr rev_id="4542341" t="учебного"><v><l id="363181" t="учебный"><g v="ADJF"></g><g v="masc"></g><g v="sing"></g><g v="gent"></g></l></v><v><l id="363181" t="учебный"><g v="ADJF"></g><g v="anim"></g><g v="masc"></g><g v="sing"></g><g v="accs"></g></l></v></tfr></token><token id="649180" text="центра"><tfr rev_id="1481290" t="центра"><v><l id="373369" t="центр"><g v="NOUN"></g><g v="inan"></g><g v="masc"></g><g v="sing"></g><g v="gent"></g></l></v></tfr></token><token id="649181" text="произошла"><tfr rev_id="1481291" t="произошла"><v><l id="280162" t="произошёл"><g v="VERB"></g><g v="perf"></g><g v="intr"></g><g v="femn"></g><g v="sing"></g><g v="past"></g><g v="indc"></g></l></v></tfr></token><token id="649182" text="через"><tfr rev_id="1481292" t="через"><v><l id="375333" t="через"><g v="PREP"></g></l></v></tfr></token><token id="649183" text="день"><tfr rev_id="1716243" t="день"><v><l id="81427" t="день"><g v="NOUN"></g><g v="inan"></g><g v="masc"></g><g v="sing"></g><g v="nomn"></g></l></v><v><l id="81427" t="день"><g v="NOUN"></g><g v="inan"></g><g v="masc"></g><g v="sing"></g><g v="accs"></g></l></v></tfr></token><token id="649184" text="после"><tfr rev_id="4406117" t="после"><v><l id="261542" t="после"><g v="PREP"></g></l></v></tfr></token><token id="649185" text="того"><tfr rev_id="3770855" t="того"><v><l id="348430" t="тот"><g v="ADJF"></g><g v="Subx"></g><g v="Apro"></g><g v="Anph"></g><g v="masc"></g><g v="sing"></g><g v="gent"></g></l></v><v><l id="348430" t="тот"><g v="ADJF"></g><g v="Subx"></g><g v="Apro"></g><g v="Anph"></g><g v="anim"></g><g v="masc"></g><g v="sing"></g><g v="accs"></g></l></v><v><l id="348430" t="тот"><g v="ADJF"></g><g v="Subx"></g><g v="Apro"></g><g v="Anph"></g><g v="neut"></g><g v="sing"></g><g v="gent"></g></l></v></tfr></token><token id="649186" text=","><tfr rev_id="1481296" t=","><v><l id="0" t=","><g v="PNCT"></g></l></v></tfr></token><token id="649187" text="как"><tfr rev_id="1481297" t="как"><v><l id="128190" t="как"><g v="CONJ"></g></l></v><v><l id="128191" t="как"><g v="PRCL"></g></l></v><v><l id="128192" t="как"><g v="ADVB"></g><g v="Ques"></g></l></v></tfr></token><token id="649188" text="власти"><tfr rev_id="3768782" t="власти"><v><l id="46816" t="власть"><g v="NOUN"></g><g v="inan"></g><g v="femn"></g><g v="plur"></g><g v="nomn"></g></l></v></tfr></token><token id="649189" text="сообщили"><tfr rev_id="1481299" t="сообщили"><v><l id="329556" t="сообщил"><g v="VERB"></g><g v="perf"></g><g v="tran"></g><g v="plur"></g><g v="past"></g><g v="indc"></g></l></v></tfr></token><token id="649190" text=","><tfr rev_id="1481300" t=","><v><l id="0" t=","><g v="PNCT"></g></l></v></tfr></token><token id="649191" text="что"><tfr rev_id="3197269" t="что"><v><l id="377004" t="что"><g v="CONJ"></g></l></v><v><l id="377005" t="что"><g v="NPRO"></g><g v="neut"></g><g v="sing"></g><g v="nomn"></g></l></v><v><l id="377005" t="что"><g v="NPRO"></g><g v="neut"></g><g v="sing"></g><g v="accs"></g></l></v><v><l id="377006" t="что"><g v="ADVB"></g><g v="Ques"></g></l></v><v><l id="388695" t="что"><g v="PRCL"></g></l></v></tfr></token><token id="649192" text="ударом"><tfr rev_id="1481302" t="ударом"><v><l id="354672" t="удар"><g v="NOUN"></g><g v="inan"></g><g v="masc"></g><g v="sing"></g><g v="ablt"></g></l></v></tfr></token><token id="649193" text=","><tfr rev_id="1481303" t=","><v><l id="0" t=","><g v="PNCT"></g></l></v></tfr></token><token id="649194" text="нанесенным"><tfr rev_id="2761086" t="нанесенным"><v><l id="172905" t="нанесённый"><g v="PRTF"></g><g v="perf"></g><g v="tran"></g><g v="past"></g><g v="pssv"></g><g v="masc"></g><g v="sing"></g><g v="ablt"></g></l></v></tfr></token><token id="649195" text="американскими"><tfr rev_id="1481305" t="американскими"><v><l id="11429" t="американский"><g v="ADJF"></g><g v="plur"></g><g v="ablt"></g></l></v></tfr></token><token id="649196" text="беспилотниками"><tfr rev_id="4533857" t="беспилотниками"><v><l id="392607" t="беспилотник"><g v="NOUN"></g><g v="inan"></g><g v="masc"></g><g v="plur"></g><g v="ablt"></g></l></v></tfr></token><token id="649197" text=","><tfr rev_id="1481307" t=","><v><l id="0" t=","><g v="PNCT"></g></l></v></tfr></token><token id="649198" text="были"><tfr rev_id="1714629" t="были"><v><l id="37265" t="есть"><g v="VERB"></g><g v="impf"></g><g v="intr"></g><g v="plur"></g><g v="past"></g><g v="indc"></g></l></v></tfr></token><token id="649199" text="убиты"><tfr rev_id="1481309" t="убиты"><v><l id="353018" t="убит"><g v="ADJS"></g><g v="Qual"></g><g v="plur"></g></l></v><v><l id="353024" t="убит"><g v="PRTS"></g><g v="perf"></g><g v="past"></g><g v="pssv"></g><g v="plur"></g></l></v></tfr></token><token id="649200" text="не"><tfr rev_id="1481310" t="не"><v><l id="178876" t="не"><g v="PRCL"></g></l></v></tfr></token><token id="649201" text="менее"><tfr rev_id="1481311" t="менее"><v><l id="158343" t="менее"><g v="ADVB"></g></l></v></tfr></token><token id="649202" text="семи"><tfr rev_id="4353080" t="семи"><v><l id="318656" t="семь"><g v="NUMR"></g><g v="gent"></g></l></v></tfr></token><token id="649203" text="боевиков"><tfr rev_id="4219748" t="боевиков"><v><l id="31829" t="боевик"><g v="NOUN"></g><g v="anim"></g><g v="masc"></g><g v="plur"></g><g v="gent"></g></l></v></tfr></token><token id="649204" text="."><tfr rev_id="1481314" t="."><v><l id="0" t="."><g v="PNCT"></g></l></v></tfr></token></tokens></sentence><sentence id="36295"><source>Несколько ракет было выпущено по машине в районе Датта Кел в Северном Вазиристане, недалеко от границы с Афганистаном.</source><tokens><token id="649205" text="Несколько"><tfr rev_id="4179086" t="Несколько"><v><l id="188126" t="несколько"><g v="NUMR"></g><g v="nomn"></g></l></v><v><l id="188126" t="несколько"><g v="NUMR"></g><g v="inan"></g><g v="accs"></g></l></v></tfr></token><token id="649206" text="ракет"><tfr rev_id="1481316" t="ракет"><v><l id="297650" t="ракета"><g v="NOUN"></g><g v="inan"></g><g v="femn"></g><g v="plur"></g><g v="gent"></g></l></v></tfr></token><token id="649207" text="было"><tfr rev_id="3124276" t="было"><v><l id="37265" t="есть"><g v="VERB"></g><g v="impf"></g><g v="intr"></g><g v="neut"></g><g v="sing"></g><g v="past"></g><g v="indc"></g></l></v></tfr></token><token id="649208" text="выпущено"><tfr rev_id="1481318" t="выпущено"><v><l id="61018" t="выпущен"><g v="PRTS"></g><g v="perf"></g><g v="past"></g><g v="pssv"></g><g v="neut"></g><g v="sing"></g></l></v></tfr></token><token id="649209" text="по"><tfr rev_id="1481319" t="по"><v><l id="241240" t="по"><g v="PREP"></g></l></v></tfr></token><token id="649210" text="машине"><tfr rev_id="2931177" t="машине"><v><l id="156690" t="машина"><g v="NOUN"></g><g v="inan"></g><g v="femn"></g><g v="sing"></g><g v="datv"></g></l></v></tfr></token><token id="649211" text="в"><tfr rev_id="1481321" t="в"><v><l id="37409" t="в"><g v="PREP"></g></l></v></tfr></token><token id="649212" text="районе"><tfr rev_id="1481322" t="районе"><v><l id="297595" t="район"><g v="NOUN"></g><g v="inan"></g><g v="masc"></g><g v="sing"></g><g v="loct"></g></l></v></tfr></token><token id="649213" text="Датта"><tfr rev_id="1481323" t="Датта"><v><l id="0" t="датта"><g v="UNKN"></g></l></v></tfr></token><token id="649214" text="Кел"><tfr rev_id="1481324" t="Кел"><v><l id="0" t="кел"><g v="UNKN"></g></l></v></tfr></token><token id="649215" text="в"><tfr rev_id="1481325" t="в"><v><l id="37409" t="в"><g v="PREP"></g></l></v></tfr></token><token id="649216" text="Северном"><tfr rev_id="4299166" t="Северном"><v><l id="317517" t="северный"><g v="ADJF"></g><g v="Qual"></g><g v="masc"></g><g v="sing"></g><g v="loct"></g></l></v></tfr></token><token id="649217" text="Вазиристане"><tfr rev_id="1481327" t="Вазиристане"><v><l id="0" t="вазиристане"><g v="UNKN"></g></l></v></tfr></token><token id="649218" text=","><tfr rev_id="1481328" t=","><v><l id="0" t=","><g v="PNCT"></g></l></v></tfr></token><token id="649219" text="недалеко"><tfr rev_id="1481329" t="недалеко"><v><l id="180627" t="недалёк"><g v="ADJS"></g><g v="neut"></g><g v="sing"></g></l></v><v><l id="180627" t="недалёк"><g v="ADJS"></g><g v="neut"></g><g v="sing"></g></l></v><v><l id="180629" t="недалеко"><g v="ADVB"></g></l></v></tfr></token><token id="649220" text="от"><tfr rev_id="1481330" t="от"><v><l id="211644" t="от"><g v="PREP"></g></l></v></tfr></token><token id="649221" text="границы"><tfr rev_id="3097879" t="границы"><v><l id="74687" t="граница"><g v="NOUN"></g><g v="inan"></g><g v="femn"></g><g v="sing"></g><g v="gent"></g></l></v></tfr></token><token id="649222" text="с"><tfr rev_id="1481332" t="с"><v><l id="311151" t="с"><g v="PREP"></g></l></v></tfr></token><token id="649223" text="Афганистаном"><tfr rev_id="1481333" t="Афганистаном"><v><l id="20112" t="афганистан"><g v="NOUN"></g><g v="inan"></g><g v="masc"></g><g v="Geox"></g><g v="sing"></g><g v="ablt"></g></l></v></tfr></token><token id="649224" text="."><tfr rev_id="1481334" t="."><v><l id="0" t="."><g v="PNCT"></g></l></v></tfr></token></tokens></sentence><sentence id="36296"><source>Все, находящиеся внутри, были убиты.</source><tokens><token id="649225" text="Все"><tfr rev_id="4510437" t="Все"><v><l id="42156" t="весь"><g v="ADJF"></g><g v="Subx"></g><g v="Apro"></g><g v="inan"></g><g v="plur"></g><g v="accs"></g></l></v><v><l id="42156" t="весь"><g v="ADJF"></g><g v="Subx"></g><g v="Apro"></g><g v="plur"></g><g v="nomn"></g></l></v></tfr></token><token id="649226" text=","><tfr rev_id="1481336" t=","><v><l id="0" t=","><g v="PNCT"></g></l></v></tfr></token><token id="649227" text="находящиеся"><tfr rev_id="1481337" t="находящиеся"><v><l id="177900" t="находящийся"><g v="PRTF"></g><g v="impf"></g><g v="intr"></g><g v="pres"></g><g v="actv"></g><g v="plur"></g><g v="nomn"></g></l></v><v><l id="177900" t="находящийся"><g v="PRTF"></g><g v="impf"></g><g v="intr"></g><g v="pres"></g><g v="actv"></g><g v="inan"></g><g v="plur"></g><g v="accs"></g></l></v></tfr></token><token id="649228" text="внутри"><tfr rev_id="4421634" t="внутри"><v><l id="47669" t="внутри"><g v="ADVB"></g></l></v></tfr></token><token id="649229" text=","><tfr rev_id="1481339" t=","><v><l id="0" t=","><g v="PNCT"></g></l></v></tfr></token><token id="649230" text="были"><tfr rev_id="1715744" t="были"><v><l id="37265" t="есть"><g v="VERB"></g><g v="impf"></g><g v="intr"></g><g v="plur"></g><g v="past"></g><g v="indc"></g></l></v></tfr></token><token id="649231" text="убиты"><tfr rev_id="1481341" t="убиты"><v><l id="353018" t="убит"><g v="ADJS"></g><g v="Qual"></g><g v="plur"></g></l></v><v><l id="353024" t="убит"><g v="PRTS"></g><g v="perf"></g><g v="past"></g><g v="pssv"></g><g v="plur"></g></l></v></tfr></token><token id="649232" text="."><tfr rev_id="1481342" t="."><v><l id="0" t="."><g v="PNCT"></g></l></v></tfr></token></tokens></sentence></paragraph><paragraph id="11551"><sentence id="36297"><source>Предположительно, это был уже третий налет американских беспилотников после смерти бин Ладена.</source><tokens><token id="649233" text="Предположительно"><tfr rev_id="3654778" t="Предположительно"><v><l id="266826" t="предположительно"><g v="ADVB"></g></l></v><v><l id="266829" t="предположителен"><g v="ADJS"></g><g v="neut"></g><g v="sing"></g></l></v><v><l id="389083" t="предположительно"><g v="CONJ"></g><g v="Prnt"></g></l></v></tfr></token><token id="649234" text=","><tfr rev_id="1481344" t=","><v><l id="0" t=","><g v="PNCT"></g></l></v></tfr></token><token id="649235" text="это"><tfr rev_id="4497491" t="это"><v><l id="386575" t="это"><g v="NPRO"></g><g v="neut"></g><g v="sing"></g><g v="nomn"></g></l></v><v><l id="386575" t="это"><g v="NPRO"></g><g v="neut"></g><g v="sing"></g><g v="accs"></g></l></v></tfr></token><token id="649236" text="был"><tfr rev_id="1481346" t="был"><v><l id="37265" t="есть"><g v="VERB"></g><g v="impf"></g><g v="intr"></g><g v="masc"></g><g v="sing"></g><g v="past"></g><g v="indc"></g></l></v></tfr></token><token id="649237" text="уже"><tfr rev_id="2692823" t="уже"><v><l id="355422" t="уж"><g v="NOUN"></g><g v="anim"></g><g v="masc"></g><g v="sing"></g><g v="loct"></g></l></v><v><l id="355498" t="уже"><g v="ADVB"></g></l></v><v><l id="355674" t="уже"><g v="COMP"></g><g v="Qual"></g></l></v><v><l id="388673" t="уже"><g v="PRCL"></g></l></v></tfr></token><token id="649238" text="третий"><tfr rev_id="3521287" t="третий"><v><l id="349855" t="третий"><g v="ADJF"></g><g v="Anum"></g><g v="masc"></g><g v="sing"></g><g v="nomn"></g></l></v><v><l id="349855" t="третий"><g v="ADJF"></g><g v="Anum"></g><g v="inan"></g><g v="masc"></g><g v="sing"></g><g v="accs"></g></l></v></tfr></token><token id="649239" text="налет"><tfr rev_id="4108074" t="налет"><v><l id="171737" t="налёт"><g v="NOUN"></g><g v="inan"></g><g v="masc"></g><g v="sing"></g><g v="nomn"></g></l></v></tfr></token><token id="649240" text="американских"><tfr rev_id="3285324" t="американских"><v><l id="11429" t="американский"><g v="ADJF"></g><g v="plur"></g><g v="gent"></g></l></v></tfr></token><token id="649241" text="беспилотников"><tfr rev_id="4533858" t="беспилотников"><v><l id="392607" t="беспилотник"><g v="NOUN"></g><g v="inan"></g><g v="masc"></g><g v="plur"></g><g v="gent"></g></l></v></tfr></token><token id="649242" text="после"><tfr rev_id="4406725" t="после"><v><l id="261542" t="после"><g v="PREP"></g></l></v></tfr></token><token id="649243" text="смерти"><tfr rev_id="3887865" t="смерти"><v><l id="326158" t="смерть"><g v="NOUN"></g><g v="inan"></g><g v="femn"></g><g v="sing"></g><g v="gent"></g></l></v></tfr></token><token id="649244" text="бин"><tfr rev_id="3448436" t="бин"><v><l id="388996" t="бин"><g v="PRCL"></g></l></v></tfr></token><token id="649245" text="Ладена"><tfr rev_id="4451426" t="Ладена"><v><l id="390658" t="ладен"><g v="NOUN"></g><g v="anim"></g><g v="masc"></g><g v="Name"></g><g v="sing"></g><g v="accs"></g></l></v><v><l id="390658" t="ладен"><g v="NOUN"></g><g v="anim"></g><g v="masc"></g><g v="Name"></g><g v="sing"></g><g v="gent"></g></l></v></tfr></token><token id="649246" text="."><tfr rev_id="1481356" t="."><v><l id="0" t="."><g v="PNCT"></g></l></v></tfr></token></tokens></sentence></paragraph><paragraph id="11552"><sentence id="36298"><source>Власти Пакистана призвали положить конец ударам с беспилотных самолетов, которые, по их словам, являются нарушением суверенитета страны.</source><tokens><token id="649247" text="Власти"><tfr rev_id="3743720" t="Власти"><v><l id="46816" t="власть"><g v="NOUN"></g><g v="inan"></g><g v="femn"></g><g v="plur"></g><g v="nomn"></g></l></v></tfr></token><token id="649248" text="Пакистана"><tfr rev_id="1481358" t="Пакистана"><v><l id="222671" t="пакистан"><g v="NOUN"></g><g v="inan"></g><g v="masc"></g><g v="Geox"></g><g v="sing"></g><g v="gent"></g></l></v></tfr></token><token id="649249" text="призвали"><tfr rev_id="1481359" t="призвали"><v><l id="270564" t="призвал"><g v="VERB"></g><g v="perf"></g><g v="tran"></g><g v="plur"></g><g v="past"></g><g v="indc"></g></l></v></tfr></token><token id="649250" text="положить"><tfr rev_id="1481360" t="положить"><v><l id="256271" t="положить"><g v="INFN"></g><g v="perf"></g><g v="tran"></g></l></v></tfr></token><token id="649251" text="конец"><tfr rev_id="4209679" t="конец"><v><l id="137815" t="конец"><g v="NOUN"></g><g v="inan"></g><g v="masc"></g><g v="sing"></g><g v="accs"></g></l></v></tfr></token><token id="649252" text="ударам"><tfr rev_id="1481362" t="ударам"><v><l id="354672" t="удар"><g v="NOUN"></g><g v="inan"></g><g v="masc"></g><g v="plur"></g><g v="datv"></g></l></v></tfr></token><token id="649253" text="с"><tfr rev_id="1481363" t="с"><v><l id="311151" t="с"><g v="PREP"></g></l></v></tfr></token><token id="649254" text="беспилотных"><tfr rev_id="4356876" t="беспилотных"><v><l id="28378" t="беспилотный"><g v="ADJF"></g><g v="plur"></g><g v="gent"></g></l></v></tfr></token><token id="649255" text="самолетов"><tfr rev_id="1481365" t="самолетов"><v><l id="312513" t="самолёт"><g v="NOUN"></g><g v="inan"></g><g v="masc"></g><g v="plur"></g><g v="gent"></g></l></v></tfr></token><token id="649256" text=","><tfr rev_id="1481366" t=","><v><l id="0" t=","><g v="PNCT"></g></l></v></tfr></token><token id="649257" text="которые"><tfr rev_id="4084197" t="которые"><v><l id="141203" t="который"><g v="ADJF"></g><g v="Apro"></g><g v="Subx"></g><g v="Anph"></g><g v="plur"></g><g v="nomn"></g></l></v></tfr></token><token id="649258" text=","><tfr rev_id="1481368" t=","><v><l id="0" t=","><g v="PNCT"></g></l></v></tfr></token><token id="649259" text="по"><tfr rev_id="1481369" t="по"><v><l id="241240" t="по"><g v="PREP"></g></l></v></tfr></token><token id="649260" text="их"><tfr rev_id="4473015" t="их"><v><l id="127205" t="их"><g v="ADJF"></g><g v="Fixd"></g><g v="Apro"></g><g v="Anph"></g><g v="plur"></g><g v="nomn"></g></l></v><v><l id="127205" t="их"><g v="ADJF"></g><g v="Fixd"></g><g v="Apro"></g><g v="Anph"></g><g v="plur"></g><g v="gent"></g></l></v><v><l id="127205" t="их"><g v="ADJF"></g><g v="Fixd"></g><g v="Apro"></g><g v="Anph"></g><g v="plur"></g><g v="datv"></g></l></v><v><l id="127205" t="их"><g v="ADJF"></g><g v="Fixd"></g><g v="Apro"></g><g v="Anph"></g><g v="plur"></g><g v="accs"></g></l></v><v><l id="127205" t="их"><g v="ADJF"></g><g v="Fixd"></g><g v="Apro"></g><g v="Anph"></g><g v="plur"></g><g v="ablt"></g></l></v><v><l id="127205" t="их"><g v="ADJF"></g><g v="Fixd"></g><g v="Apro"></g><g v="Anph"></g><g v="plur"></g><g v="loct"></g></l></v></tfr></token><token id="649261" text="словам"><tfr rev_id="1481371" t="словам"><v><l id="325168" t="слово"><g v="NOUN"></g><g v="inan"></g><g v="neut"></g><g v="plur"></g><g v="datv"></g></l></v></tfr></token><token id="649262" text=","><tfr rev_id="1481372" t=","><v><l id="0" t=","><g v="PNCT"></g></l></v></tfr></token><token id="649263" text="являются"><tfr rev_id="1481373" t="являются"><v><l id="387385" t="являюсь"><g v="VERB"></g><g v="impf"></g><g v="intr"></g><g v="plur"></g><g v="3per"></g><g v="pres"></g><g v="indc"></g></l></v></tfr></token><token id="649264" text="нарушением"><tfr rev_id="1481374" t="нарушением"><v><l id="174883" t="нарушение"><g v="NOUN"></g><g v="inan"></g><g v="neut"></g><g v="sing"></g><g v="ablt"></g></l></v></tfr></token><token id="649265" text="суверенитета"><tfr rev_id="1481375" t="суверенитета"><v><l id="338875" t="суверенитет"><g v="NOUN"></g><g v="inan"></g><g v="masc"></g><g v="sing"></g><g v="gent"></g></l></v></tfr></token><token id="649266" text="страны"><tfr rev_id="3448034" t="страны"><v><l id="337100" t="страна"><g v="NOUN"></g><g v="inan"></g><g v="femn"></g><g v="sing"></g><g v="gent"></g></l></v></tfr></token><token id="649267" text="."><tfr rev_id="1481377" t="."><v><l id="0" t="."><g v="PNCT"></g></l></v></tfr></token></tokens></sentence><sentence id="36299"><source>США никогда публично не признавали применение беспилотников против боевиков в Пакистане, но в частном порядке признавали их существование в общении с некоторыми СМИ.</source><tokens><token id="649268" text="США"><tfr rev_id="3811414" t="США"><v><l id="341371" t="сша"><g v="NOUN"></g><g v="inan"></g><g v="GNdr"></g><g v="Pltm"></g><g v="Fixd"></g><g v="Abbr"></g><g v="Geox"></g><g v="plur"></g><g v="nomn"></g></l></v></tfr></token><token id="649269" text="никогда"><tfr rev_id="1481379" t="никогда"><v><l id="190941" t="никогда"><g v="ADVB"></g></l></v></tfr></token><token id="649270" text="публично"><tfr rev_id="3526101" t="публично"><v><l id="288854" t="публично"><g v="ADVB"></g></l></v></tfr></token><token id="649271" text="не"><tfr rev_id="1481381" t="не"><v><l id="178876" t="не"><g v="PRCL"></g></l></v></tfr></token><token id="649272" text="признавали"><tfr rev_id="1481382" t="признавали"><v><l id="270625" t="признаю"><g v="VERB"></g><g v="impf"></g><g v="tran"></g><g v="plur"></g><g v="past"></g><g v="indc"></g></l></v></tfr></token><token id="649273" text="применение"><tfr rev_id="4210402" t="применение"><v><l id="271946" t="применение"><g v="NOUN"></g><g v="inan"></g><g v="neut"></g><g v="sing"></g><g v="accs"></g></l></v></tfr></token><token id="649274" text="беспилотников"><tfr rev_id="4533859" t="беспилотников"><v><l id="392607" t="беспилотник"><g v="NOUN"></g><g v="inan"></g><g v="masc"></g><g v="plur"></g><g v="gent"></g></l></v></tfr></token><token id="649275" text="против"><tfr rev_id="4464766" t="против"><v><l id="285790" t="против"><g v="PREP"></g></l></v></tfr></token><token id="649276" text="боевиков"><tfr rev_id="4334056" t="боевиков"><v><l id="31829" t="боевик"><g v="NOUN"></g><g v="anim"></g><g v="masc"></g><g v="plur"></g><g v="gent"></g></l></v></tfr></token><token id="649277" text="в"><tfr rev_id="1481387" t="в"><v><l id="37409" t="в"><g v="PREP"></g></l></v></tfr></token><token id="649278" text="Пакистане"><tfr rev_id="1481388" t="Пакистане"><v><l id="222671" t="пакистан"><g v="NOUN"></g><g v="inan"></g><g v="masc"></g><g v="Geox"></g><g v="sing"></g><g v="loct"></g></l></v></tfr></token><token id="649279" text=","><tfr rev_id="1481389" t=","><v><l id="0" t=","><g v="PNCT"></g></l></v></tfr></token><token id="649280" text="но"><tfr rev_id="1481390" t="но"><v><l id="191429" t="но"><g v="CONJ"></g></l></v><v><l id="191430" t="но"><g v="INTJ"></g></l></v></tfr></token><token id="649281" text="в"><tfr rev_id="1481391" t="в"><v><l id="37409" t="в"><g v="PREP"></g></l></v></tfr></token><token id="649282" text="частном"><tfr rev_id="4309848" t="частном"><v><l id="374795" t="частный"><g v="ADJF"></g><g v="Qual"></g><g v="masc"></g><g v="sing"></g><g v="loct"></g></l></v></tfr></token><token id="649283" text="порядке"><tfr rev_id="1481393" t="порядке"><v><l id="260978" t="порядок"><g v="NOUN"></g><g v="inan"></g><g v="masc"></g><g v="sing"></g><g v="loct"></g></l></v></tfr></token><token id="649284" text="признавали"><tfr rev_id="1481394" t="признавали"><v><l id="270625" t="признаю"><g v="VERB"></g><g v="impf"></g><g v="tran"></g><g v="plur"></g><g v="past"></g><g v="indc"></g></l></v></tfr></token><token id="649285" text="их"><tfr rev_id="4515779" t="их"><v><l id="127205" t="их"><g v="ADJF"></g><g v="Fixd"></g><g v="Apro"></g><g v="Anph"></g><g v="neut"></g><g v="sing"></g><g v="nomn"></g></l></v><v><l id="127205" t="их"><g v="ADJF"></g><g v="Fixd"></g><g v="Apro"></g><g v="Anph"></g><g v="neut"></g><g v="sing"></g><g v="gent"></g></l></v><v><l id="127205" t="их"><g v="ADJF"></g><g v="Fixd"></g><g v="Apro"></g><g v="Anph"></g><g v="neut"></g><g v="sing"></g><g v="datv"></g></l></v><v><l id="127205" t="их"><g v="ADJF"></g><g v="Fixd"></g><g v="Apro"></g><g v="Anph"></g><g v="neut"></g><g v="sing"></g><g v="accs"></g></l></v><v><l id="127205" t="их"><g v="ADJF"></g><g v="Fixd"></g><g v="Apro"></g><g v="Anph"></g><g v="neut"></g><g v="sing"></g><g v="ablt"></g></l></v><v><l id="127205" t="их"><g v="ADJF"></g><g v="Fixd"></g><g v="Apro"></g><g v="Anph"></g><g v="neut"></g><g v="sing"></g><g v="loct"></g></l></v></tfr></token><token id="649286" text="существование"><tfr rev_id="1481396" t="существование"><v><l id="340482" t="существование"><g v="NOUN"></g><g v="inan"></g><g v="neut"></g><g v="sing"></g><g v="nomn"></g></l></v><v><l id="340482" t="существование"><g v="NOUN"></g><g v="inan"></g><g v="neut"></g><g v="sing"></g><g v="accs"></g></l></v></tfr></token><token id="649287" text="в"><tfr rev_id="1481397" t="в"><v><l id="37409" t="в"><g v="PREP"></g></l></v></tfr></token><token id="649288" text="общении"><tfr rev_id="1481398" t="общении"><v><l id="201514" t="общение"><g v="NOUN"></g><g v="inan"></g><g v="neut"></g><g v="sing"></g><g v="loct"></g></l></v></tfr></token><token id="649289" text="с"><tfr rev_id="1481399" t="с"><v><l id="311151" t="с"><g v="PREP"></g></l></v></tfr></token><token id="649290" text="некоторыми"><tfr rev_id="3272411" t="некоторыми"><v><l id="183542" t="некоторый"><g v="ADJF"></g><g v="Apro"></g><g v="plur"></g><g v="ablt"></g></l></v></tfr></token><token id="649291" text="СМИ"><tfr rev_id="4489548" t="СМИ"><v><l id="326341" t="сми"><g v="NOUN"></g><g v="inan"></g><g v="GNdr"></g><g v="Pltm"></g><g v="Fixd"></g><g v="Abbr"></g><g v="plur"></g><g v="ablt"></g></l></v></tfr></token><token id="649292" text="."><tfr rev_id="1481402" t="."><v><l id="0" t="."><g v="PNCT"></g></l></v></tfr></token></tokens></sentence></paragraph></paragraphs></text>