<?xml version="1.0" encoding="utf-8"?><text id="1273" parent="603" name="0010876 Как быстро распространяются интернет-черви?"><tags><tag>url:http://happy-mystx.livejournal.com/10876.html</tag><tag>Год:2009</tag><tag>Дата:28/09</tag><tag>Время:22:41</tag><tag>ЖЖ:Метка:measure</tag><tag>ЖЖ:Настроение:exhausted</tag><tag>ЖЖ:Метка:internet</tag></tags><paragraphs><paragraph id="11735"><sentence id="36770"><source>Как быстро распространяются интернет-черви?</source><tokens><token id="657885" text="Как"><tfr rev_id="1489993" t="Как"><v><l id="128190" t="как"><g v="CONJ"></g></l></v><v><l id="128191" t="как"><g v="PRCL"></g></l></v><v><l id="128192" t="как"><g v="ADVB"></g><g v="Ques"></g></l></v></tfr></token><token id="657886" text="быстро"><tfr rev_id="1489994" t="быстро"><v><l id="37073" t="быстро"><g v="ADVB"></g></l></v><v><l id="37234" t="быстр"><g v="ADJS"></g><g v="Qual"></g><g v="neut"></g><g v="sing"></g></l></v></tfr></token><token id="657887" text="распространяются"><tfr rev_id="1489995" t="распространяются"><v><l id="300355" t="распространяюсь"><g v="VERB"></g><g v="impf"></g><g v="intr"></g><g v="plur"></g><g v="3per"></g><g v="pres"></g><g v="indc"></g></l></v></tfr></token><token id="657888" text="интернет-черви"><tfr rev_id="4543147" t="интернет-черви"><v><l id="393417" t="интернет-червь"><g v="NOUN"></g><g v="anim"></g><g v="masc"></g><g v="plur"></g><g v="nomn"></g></l></v></tfr></token><token id="657889" text="?"><tfr rev_id="1489997" t="?"><v><l id="0" t="?"><g v="PNCT"></g></l></v></tfr></token></tokens></sentence></paragraph><paragraph id="11736"><sentence id="36771"><source>Еще одно исследование из разряда"А не измерить ли нам что-нибудь в Интернет?". :)</source><tokens><token id="657890" text="Еще"><tfr rev_id="1489998" t="Еще"><v><l id="95551" t="ещё"><g v="PRCL"></g></l></v><v><l id="95552" t="ещё"><g v="ADVB"></g></l></v></tfr></token><token id="657891" text="одно"><tfr rev_id="4303089" t="одно"><v><l id="203319" t="один"><g v="ADJF"></g><g v="Apro"></g><g v="Anum"></g><g v="neut"></g><g v="sing"></g><g v="nomn"></g></l></v><v><l id="203319" t="один"><g v="ADJF"></g><g v="Apro"></g><g v="Anum"></g><g v="neut"></g><g v="sing"></g><g v="accs"></g></l></v></tfr></token><token id="657892" text="исследование"><tfr rev_id="2782553" t="исследование"><v><l id="125799" t="исследование"><g v="NOUN"></g><g v="inan"></g><g v="neut"></g><g v="sing"></g><g v="nomn"></g></l></v></tfr></token><token id="657893" text="из"><tfr rev_id="2603979" t="из"><v><l id="117677" t="из"><g v="PREP"></g></l></v></tfr></token><token id="657894" text="разряда"><tfr rev_id="1490002" t="разряда"><v><l id="296890" t="разряд"><g v="NOUN"></g><g v="inan"></g><g v="masc"></g><g v="sing"></g><g v="gent"></g></l></v></tfr></token><token id="657895" text="&quot;"><tfr rev_id="1490003" t="&quot;"><v><l id="0" t="&quot;"><g v="PNCT"></g></l></v></tfr></token><token id="657896" text="А"><tfr rev_id="1490004" t="А"><v><l id="51" t="а"><g v="CONJ"></g></l></v><v><l id="52" t="а"><g v="INTJ"></g></l></v><v><l id="53" t="а"><g v="PRCL"></g></l></v></tfr></token><token id="657897" text="не"><tfr rev_id="1490005" t="не"><v><l id="178876" t="не"><g v="PRCL"></g></l></v></tfr></token><token id="657898" text="измерить"><tfr rev_id="1490006" t="измерить"><v><l id="119544" t="измерить"><g v="INFN"></g><g v="perf"></g><g v="tran"></g></l></v></tfr></token><token id="657899" text="ли"><tfr rev_id="4468706" t="ли"><v><l id="148847" t="ли"><g v="CONJ"></g></l></v><v><l id="148848" t="ли"><g v="PRCL"></g></l></v></tfr></token><token id="657900" text="нам"><tfr rev_id="1490008" t="нам"><v><l id="165750" t="мы"><g v="NPRO"></g><g v="1per"></g><g v="plur"></g><g v="datv"></g></l></v></tfr></token><token id="657901" text="что-нибудь"><tfr rev_id="2699581" t="что-нибудь"><v><l id="377008" t="что-нибудь"><g v="NPRO"></g><g v="neut"></g><g v="sing"></g><g v="accs"></g></l></v></tfr></token><token id="657902" text="в"><tfr rev_id="1490010" t="в"><v><l id="37409" t="в"><g v="PREP"></g></l></v></tfr></token><token id="657903" text="Интернет"><tfr rev_id="4542147" t="Интернет"><v><l id="123255" t="интернет"><g v="NOUN"></g><g v="inan"></g><g v="masc"></g><g v="sing"></g><g v="ablt"></g><g v="Infr"></g></l></v><v><l id="123255" t="интернет"><g v="NOUN"></g><g v="inan"></g><g v="masc"></g><g v="sing"></g><g v="accs"></g></l></v><v><l id="123255" t="интернет"><g v="NOUN"></g><g v="inan"></g><g v="masc"></g><g v="sing"></g><g v="datv"></g><g v="Infr"></g></l></v><v><l id="123255" t="интернет"><g v="NOUN"></g><g v="inan"></g><g v="masc"></g><g v="sing"></g><g v="gent"></g><g v="Infr"></g></l></v><v><l id="123255" t="интернет"><g v="NOUN"></g><g v="inan"></g><g v="masc"></g><g v="sing"></g><g v="loct"></g><g v="Infr"></g></l></v><v><l id="123255" t="интернет"><g v="NOUN"></g><g v="inan"></g><g v="masc"></g><g v="sing"></g><g v="nomn"></g></l></v></tfr></token><token id="657904" text="?"><tfr rev_id="1490012" t="?"><v><l id="0" t="?"><g v="PNCT"></g></l></v></tfr></token><token id="657905" text="&quot;"><tfr rev_id="1490013" t="&quot;"><v><l id="0" t="&quot;"><g v="PNCT"></g></l></v></tfr></token><token id="657906" text="."><tfr rev_id="1490014" t="."><v><l id="0" t="."><g v="PNCT"></g></l></v></tfr></token><token id="657907" text=":)"><tfr rev_id="1490015" t=":)"><v><l id="0" t=":)"><g v="PNCT"></g></l></v></tfr></token></tokens></sentence></paragraph><paragraph id="11737"><sentence id="36772"><source>Чуть ранее писалось про эффективность спамерской рекламы (тынц), сегодня напишу про то, как быстро интернет-черви могут распространиться по сети уязвимых компьютеров.</source><tokens><token id="657908" text="Чуть"><tfr rev_id="1490016" t="Чуть"><v><l id="377430" t="чуть"><g v="ADVB"></g></l></v><v><l id="377431" t="чуть"><g v="CONJ"></g></l></v></tfr></token><token id="657909" text="ранее"><tfr rev_id="1490017" t="ранее"><v><l id="297884" t="ранее"><g v="ADVB"></g></l></v></tfr></token><token id="657910" text="писалось"><tfr rev_id="1490018" t="писалось"><v><l id="239108" t="пишусь"><g v="VERB"></g><g v="impf"></g><g v="intr"></g><g v="neut"></g><g v="sing"></g><g v="past"></g><g v="indc"></g></l></v></tfr></token><token id="657911" text="про"><tfr rev_id="1490019" t="про"><v><l id="277024" t="про"><g v="PREP"></g></l></v></tfr></token><token id="657912" text="эффективность"><tfr rev_id="4100797" t="эффективность"><v><l id="386658" t="эффективность"><g v="NOUN"></g><g v="inan"></g><g v="femn"></g><g v="sing"></g><g v="accs"></g></l></v></tfr></token><token id="657913" text="спамерской"><tfr rev_id="4571147" t="спамерской"><v><l id="393942" t="спамерский"><g v="ADJF"></g><g v="femn"></g><g v="sing"></g><g v="ablt"></g></l></v><v><l id="393942" t="спамерский"><g v="ADJF"></g><g v="femn"></g><g v="sing"></g><g v="datv"></g></l></v><v><l id="393942" t="спамерский"><g v="ADJF"></g><g v="femn"></g><g v="sing"></g><g v="gent"></g></l></v><v><l id="393942" t="спамерский"><g v="ADJF"></g><g v="femn"></g><g v="sing"></g><g v="loct"></g></l></v></tfr></token><token id="657914" text="рекламы"><tfr rev_id="3432868" t="рекламы"><v><l id="305670" t="реклама"><g v="NOUN"></g><g v="inan"></g><g v="femn"></g><g v="sing"></g><g v="gent"></g></l></v></tfr></token><token id="657915" text="("><tfr rev_id="1490023" t="("><v><l id="0" t="("><g v="PNCT"></g></l></v></tfr></token><token id="657916" text="тынц"><tfr rev_id="1490024" t="тынц"><v><l id="0" t="тынц"><g v="UNKN"></g></l></v></tfr></token><token id="657917" text=")"><tfr rev_id="1490025" t=")"><v><l id="0" t=")"><g v="PNCT"></g></l></v></tfr></token><token id="657918" text=","><tfr rev_id="1490026" t=","><v><l id="0" t=","><g v="PNCT"></g></l></v></tfr></token><token id="657919" text="сегодня"><tfr rev_id="1490027" t="сегодня"><v><l id="317730" t="сегодня"><g v="ADVB"></g></l></v></tfr></token><token id="657920" text="напишу"><tfr rev_id="1490028" t="напишу"><v><l id="173434" t="написал"><g v="VERB"></g><g v="perf"></g><g v="tran"></g><g v="sing"></g><g v="1per"></g><g v="futr"></g><g v="indc"></g></l></v></tfr></token><token id="657921" text="про"><tfr rev_id="1490029" t="про"><v><l id="277024" t="про"><g v="PREP"></g></l></v></tfr></token><token id="657922" text="то"><tfr rev_id="4347695" t="то"><v><l id="348430" t="тот"><g v="ADJF"></g><g v="Subx"></g><g v="Apro"></g><g v="Anph"></g><g v="neut"></g><g v="sing"></g><g v="nomn"></g></l></v><v><l id="348430" t="тот"><g v="ADJF"></g><g v="Subx"></g><g v="Apro"></g><g v="Anph"></g><g v="neut"></g><g v="sing"></g><g v="accs"></g></l></v></tfr></token><token id="657923" text=","><tfr rev_id="1490031" t=","><v><l id="0" t=","><g v="PNCT"></g></l></v></tfr></token><token id="657924" text="как"><tfr rev_id="1490032" t="как"><v><l id="128190" t="как"><g v="CONJ"></g></l></v><v><l id="128191" t="как"><g v="PRCL"></g></l></v><v><l id="128192" t="как"><g v="ADVB"></g><g v="Ques"></g></l></v></tfr></token><token id="657925" text="быстро"><tfr rev_id="1490033" t="быстро"><v><l id="37073" t="быстро"><g v="ADVB"></g></l></v><v><l id="37234" t="быстр"><g v="ADJS"></g><g v="Qual"></g><g v="neut"></g><g v="sing"></g></l></v></tfr></token><token id="657926" text="интернет-черви"><tfr rev_id="4543148" t="интернет-черви"><v><l id="393417" t="интернет-червь"><g v="NOUN"></g><g v="anim"></g><g v="masc"></g><g v="plur"></g><g v="nomn"></g></l></v></tfr></token><token id="657927" text="могут"><tfr rev_id="1490035" t="могут"><v><l id="164485" t="могу"><g v="VERB"></g><g v="impf"></g><g v="intr"></g><g v="plur"></g><g v="3per"></g><g v="pres"></g><g v="indc"></g></l></v></tfr></token><token id="657928" text="распространиться"><tfr rev_id="1490036" t="распространиться"><v><l id="300345" t="распространиться"><g v="INFN"></g><g v="perf"></g><g v="intr"></g></l></v></tfr></token><token id="657929" text="по"><tfr rev_id="1490037" t="по"><v><l id="241240" t="по"><g v="PREP"></g></l></v></tfr></token><token id="657930" text="сети"><tfr rev_id="4565719" t="сети"><v><l id="319643" t="сеть"><g v="NOUN"></g><g v="inan"></g><g v="femn"></g><g v="sing"></g><g v="datv"></g></l></v></tfr></token><token id="657931" text="уязвимых"><tfr rev_id="4163166" t="уязвимых"><v><l id="363701" t="уязвимый"><g v="ADJF"></g><g v="Qual"></g><g v="plur"></g><g v="gent"></g></l></v></tfr></token><token id="657932" text="компьютеров"><tfr rev_id="1490040" t="компьютеров"><v><l id="137413" t="компьютер"><g v="NOUN"></g><g v="inan"></g><g v="masc"></g><g v="plur"></g><g v="gent"></g></l></v></tfr></token><token id="657933" text="."><tfr rev_id="1490041" t="."><v><l id="0" t="."><g v="PNCT"></g></l></v></tfr></token></tokens></sentence></paragraph><paragraph id="11738"><sentence id="36773"><source>Итак, исходные данные: 1 млн. уязвимых компьютеров, связанных в сеть (параметры сети типичны тем, что есть сейчас в Интернет).</source><tokens><token id="657934" text="Итак"><tfr rev_id="3423506" t="Итак"><v><l id="127094" t="итак"><g v="CONJ"></g><g v="Prnt"></g></l></v></tfr></token><token id="657935" text=","><tfr rev_id="1490043" t=","><v><l id="0" t=","><g v="PNCT"></g></l></v></tfr></token><token id="657936" text="исходные"><tfr rev_id="3820175" t="исходные"><v><l id="126774" t="исходный"><g v="ADJF"></g><g v="Qual"></g><g v="plur"></g><g v="nomn"></g></l></v></tfr></token><token id="657937" text="данные"><tfr rev_id="4535829" t="данные"><v><l id="78302" t="данные"><g v="NOUN"></g><g v="inan"></g><g v="GNdr"></g><g v="Pltm"></g><g v="plur"></g><g v="nomn"></g></l></v><v><l id="78302" t="данные"><g v="NOUN"></g><g v="inan"></g><g v="GNdr"></g><g v="Pltm"></g><g v="plur"></g><g v="accs"></g></l></v></tfr></token><token id="657938" text=":"><tfr rev_id="1490046" t=":"><v><l id="0" t=":"><g v="PNCT"></g></l></v></tfr></token><token id="657939" text="1"><tfr rev_id="2462335" t="1"><v><l id="0" t="1"><g v="NUMB"></g></l></v></tfr></token><token id="657940" text="млн"><tfr rev_id="4230410" t="млн"><v><l id="389040" t="млн"><g v="NOUN"></g><g v="inan"></g><g v="masc"></g><g v="Fixd"></g><g v="Abbr"></g><g v="sing"></g><g v="nomn"></g></l></v><v><l id="389040" t="млн"><g v="NOUN"></g><g v="inan"></g><g v="masc"></g><g v="Fixd"></g><g v="Abbr"></g><g v="sing"></g><g v="gent"></g></l></v><v><l id="389040" t="млн"><g v="NOUN"></g><g v="inan"></g><g v="masc"></g><g v="Fixd"></g><g v="Abbr"></g><g v="sing"></g><g v="datv"></g></l></v><v><l id="389040" t="млн"><g v="NOUN"></g><g v="inan"></g><g v="masc"></g><g v="Fixd"></g><g v="Abbr"></g><g v="sing"></g><g v="accs"></g></l></v><v><l id="389040" t="млн"><g v="NOUN"></g><g v="inan"></g><g v="masc"></g><g v="Fixd"></g><g v="Abbr"></g><g v="sing"></g><g v="ablt"></g></l></v><v><l id="389040" t="млн"><g v="NOUN"></g><g v="inan"></g><g v="masc"></g><g v="Fixd"></g><g v="Abbr"></g><g v="sing"></g><g v="loct"></g></l></v></tfr></token><token id="657941" text="."><tfr rev_id="1490049" t="."><v><l id="0" t="."><g v="PNCT"></g></l></v></tfr></token><token id="657942" text="уязвимых"><tfr rev_id="4198064" t="уязвимых"><v><l id="363701" t="уязвимый"><g v="ADJF"></g><g v="Qual"></g><g v="plur"></g><g v="gent"></g></l></v></tfr></token><token id="657943" text="компьютеров"><tfr rev_id="1490051" t="компьютеров"><v><l id="137413" t="компьютер"><g v="NOUN"></g><g v="inan"></g><g v="masc"></g><g v="plur"></g><g v="gent"></g></l></v></tfr></token><token id="657944" text=","><tfr rev_id="1490052" t=","><v><l id="0" t=","><g v="PNCT"></g></l></v></tfr></token><token id="657945" text="связанных"><tfr rev_id="1490053" t="связанных"><v><l id="316527" t="связанный"><g v="ADJF"></g><g v="Qual"></g><g v="plur"></g><g v="gent"></g></l></v><v><l id="316527" t="связанный"><g v="ADJF"></g><g v="Qual"></g><g v="anim"></g><g v="plur"></g><g v="accs"></g></l></v><v><l id="316527" t="связанный"><g v="ADJF"></g><g v="Qual"></g><g v="plur"></g><g v="loct"></g></l></v><v><l id="316533" t="связанный"><g v="PRTF"></g><g v="perf"></g><g v="tran"></g><g v="past"></g><g v="pssv"></g><g v="plur"></g><g v="gent"></g></l></v><v><l id="316533" t="связанный"><g v="PRTF"></g><g v="perf"></g><g v="tran"></g><g v="past"></g><g v="pssv"></g><g v="anim"></g><g v="plur"></g><g v="accs"></g></l></v><v><l id="316533" t="связанный"><g v="PRTF"></g><g v="perf"></g><g v="tran"></g><g v="past"></g><g v="pssv"></g><g v="plur"></g><g v="loct"></g></l></v></tfr></token><token id="657946" text="в"><tfr rev_id="1490054" t="в"><v><l id="37409" t="в"><g v="PREP"></g></l></v></tfr></token><token id="657947" text="сеть"><tfr rev_id="4103196" t="сеть"><v><l id="319643" t="сеть"><g v="NOUN"></g><g v="inan"></g><g v="femn"></g><g v="sing"></g><g v="accs"></g></l></v></tfr></token><token id="657948" text="("><tfr rev_id="1490056" t="("><v><l id="0" t="("><g v="PNCT"></g></l></v></tfr></token><token id="657949" text="параметры"><tfr rev_id="3716323" t="параметры"><v><l id="223782" t="параметр"><g v="NOUN"></g><g v="inan"></g><g v="masc"></g><g v="plur"></g><g v="nomn"></g></l></v></tfr></token><token id="657950" text="сети"><tfr rev_id="4387337" t="сети"><v><l id="319643" t="сеть"><g v="NOUN"></g><g v="inan"></g><g v="femn"></g><g v="sing"></g><g v="gent"></g></l></v></tfr></token><token id="657951" text="типичны"><tfr rev_id="1490059" t="типичны"><v><l id="346330" t="типичен"><g v="ADJS"></g><g v="Qual"></g><g v="plur"></g></l></v></tfr></token><token id="657952" text="тем"><tfr rev_id="4504442" t="тем"><v><l id="348430" t="тот"><g v="ADJF"></g><g v="Subx"></g><g v="Apro"></g><g v="Anph"></g><g v="masc"></g><g v="sing"></g><g v="ablt"></g></l></v><v><l id="348430" t="тот"><g v="ADJF"></g><g v="Subx"></g><g v="Apro"></g><g v="Anph"></g><g v="neut"></g><g v="sing"></g><g v="ablt"></g></l></v></tfr></token><token id="657953" text=","><tfr rev_id="1490061" t=","><v><l id="0" t=","><g v="PNCT"></g></l></v></tfr></token><token id="657954" text="что"><tfr rev_id="3197377" t="что"><v><l id="377004" t="что"><g v="CONJ"></g></l></v><v><l id="377005" t="что"><g v="NPRO"></g><g v="neut"></g><g v="sing"></g><g v="nomn"></g></l></v><v><l id="377005" t="что"><g v="NPRO"></g><g v="neut"></g><g v="sing"></g><g v="accs"></g></l></v><v><l id="377006" t="что"><g v="ADVB"></g><g v="Ques"></g></l></v><v><l id="388695" t="что"><g v="PRCL"></g></l></v></tfr></token><token id="657955" text="есть"><tfr rev_id="4395087" t="есть"><v><l id="37265" t="есть"><g v="VERB"></g><g v="impf"></g><g v="intr"></g><g v="sing"></g><g v="3per"></g><g v="pres"></g><g v="indc"></g></l></v><v><l id="37265" t="есть"><g v="VERB"></g><g v="impf"></g><g v="intr"></g><g v="plur"></g><g v="3per"></g><g v="pres"></g><g v="indc"></g></l></v></tfr></token><token id="657956" text="сейчас"><tfr rev_id="1490064" t="сейчас"><v><l id="317975" t="сейчас"><g v="ADVB"></g></l></v></tfr></token><token id="657957" text="в"><tfr rev_id="1490065" t="в"><v><l id="37409" t="в"><g v="PREP"></g></l></v></tfr></token><token id="657958" text="Интернет"><tfr rev_id="4542148" t="Интернет"><v><l id="123255" t="интернет"><g v="NOUN"></g><g v="inan"></g><g v="masc"></g><g v="sing"></g><g v="ablt"></g><g v="Infr"></g></l></v><v><l id="123255" t="интернет"><g v="NOUN"></g><g v="inan"></g><g v="masc"></g><g v="sing"></g><g v="accs"></g></l></v><v><l id="123255" t="интернет"><g v="NOUN"></g><g v="inan"></g><g v="masc"></g><g v="sing"></g><g v="datv"></g><g v="Infr"></g></l></v><v><l id="123255" t="интернет"><g v="NOUN"></g><g v="inan"></g><g v="masc"></g><g v="sing"></g><g v="gent"></g><g v="Infr"></g></l></v><v><l id="123255" t="интернет"><g v="NOUN"></g><g v="inan"></g><g v="masc"></g><g v="sing"></g><g v="loct"></g><g v="Infr"></g></l></v><v><l id="123255" t="интернет"><g v="NOUN"></g><g v="inan"></g><g v="masc"></g><g v="sing"></g><g v="nomn"></g></l></v></tfr></token><token id="657959" text=")"><tfr rev_id="1490067" t=")"><v><l id="0" t=")"><g v="PNCT"></g></l></v></tfr></token><token id="657960" text="."><tfr rev_id="1490068" t="."><v><l id="0" t="."><g v="PNCT"></g></l></v></tfr></token></tokens></sentence><sentence id="36774"><source>Имеется компьютерный червь.</source><tokens><token id="657961" text="Имеется"><tfr rev_id="1490069" t="Имеется"><v><l id="121616" t="имеюсь"><g v="VERB"></g><g v="impf"></g><g v="intr"></g><g v="sing"></g><g v="3per"></g><g v="pres"></g><g v="indc"></g></l></v></tfr></token><token id="657962" text="компьютерный"><tfr rev_id="1490070" t="компьютерный"><v><l id="137452" t="компьютерный"><g v="ADJF"></g><g v="masc"></g><g v="sing"></g><g v="nomn"></g></l></v><v><l id="137452" t="компьютерный"><g v="ADJF"></g><g v="inan"></g><g v="masc"></g><g v="sing"></g><g v="accs"></g></l></v></tfr></token><token id="657963" text="червь"><tfr rev_id="3467505" t="червь"><v><l id="375294" t="червь"><g v="NOUN"></g><g v="anim"></g><g v="masc"></g><g v="sing"></g><g v="nomn"></g></l></v></tfr></token><token id="657964" text="."><tfr rev_id="1490072" t="."><v><l id="0" t="."><g v="PNCT"></g></l></v></tfr></token></tokens></sentence></paragraph><paragraph id="11739"><sentence id="36775"><source>Задача: за сколько времени этот червь заразит 95% уязвимых компьютеров?</source><tokens><token id="657965" text="Задача"><tfr rev_id="1490073" t="Задача"><v><l id="101455" t="задача"><g v="NOUN"></g><g v="inan"></g><g v="femn"></g><g v="sing"></g><g v="nomn"></g></l></v></tfr></token><token id="657966" text=":"><tfr rev_id="1490074" t=":"><v><l id="0" t=":"><g v="PNCT"></g></l></v></tfr></token><token id="657967" text="за"><tfr rev_id="1490075" t="за"><v><l id="98043" t="за"><g v="PREP"></g></l></v></tfr></token><token id="657968" text="сколько"><tfr rev_id="4516644" t="сколько"><v><l id="322911" t="сколько"><g v="NUMR"></g><g v="nomn"></g></l></v><v><l id="322911" t="сколько"><g v="NUMR"></g><g v="inan"></g><g v="accs"></g></l></v><v><l id="388694" t="сколько"><g v="CONJ"></g></l></v><v><l id="390965" t="сколько"><g v="ADVB"></g></l></v></tfr></token><token id="657969" text="времени"><tfr rev_id="3545628" t="времени"><v><l id="53149" t="время"><g v="NOUN"></g><g v="inan"></g><g v="neut"></g><g v="sing"></g><g v="gent"></g></l></v></tfr></token><token id="657970" text="этот"><tfr rev_id="4432131" t="этот"><v><l id="386581" t="этот"><g v="ADJF"></g><g v="Subx"></g><g v="Apro"></g><g v="Anph"></g><g v="masc"></g><g v="sing"></g><g v="nomn"></g></l></v><v><l id="386581" t="этот"><g v="ADJF"></g><g v="Subx"></g><g v="Apro"></g><g v="Anph"></g><g v="inan"></g><g v="masc"></g><g v="sing"></g><g v="accs"></g></l></v></tfr></token><token id="657971" text="червь"><tfr rev_id="4294563" t="червь"><v><l id="375294" t="червь"><g v="NOUN"></g><g v="anim"></g><g v="masc"></g><g v="sing"></g><g v="nomn"></g></l></v></tfr></token><token id="657972" text="заразит"><tfr rev_id="1490080" t="заразит"><v><l id="108538" t="заразил"><g v="VERB"></g><g v="perf"></g><g v="tran"></g><g v="sing"></g><g v="3per"></g><g v="futr"></g><g v="indc"></g></l></v></tfr></token><token id="657973" text="95"><tfr rev_id="2462336" t="95"><v><l id="0" t="95"><g v="NUMB"></g></l></v></tfr></token><token id="657974" text="%"><tfr rev_id="2445767" t="%"><v><l id="0" t="%"><g v="PNCT"></g></l></v></tfr></token><token id="657975" text="уязвимых"><tfr rev_id="4312877" t="уязвимых"><v><l id="363701" t="уязвимый"><g v="ADJF"></g><g v="Qual"></g><g v="plur"></g><g v="gent"></g></l></v></tfr></token><token id="657976" text="компьютеров"><tfr rev_id="1490084" t="компьютеров"><v><l id="137413" t="компьютер"><g v="NOUN"></g><g v="inan"></g><g v="masc"></g><g v="plur"></g><g v="gent"></g></l></v></tfr></token><token id="657977" text="?"><tfr rev_id="1490085" t="?"><v><l id="0" t="?"><g v="PNCT"></g></l></v></tfr></token></tokens></sentence></paragraph><paragraph id="11740"><sentence id="36776"><source>Ответ: от 510 миллисекунд до 1,3 секунды.</source><tokens><token id="657978" text="Ответ"><tfr rev_id="3503440" t="Ответ"><v><l id="212408" t="ответ"><g v="NOUN"></g><g v="inan"></g><g v="masc"></g><g v="sing"></g><g v="nomn"></g></l></v></tfr></token><token id="657979" text=":"><tfr rev_id="1490087" t=":"><v><l id="0" t=":"><g v="PNCT"></g></l></v></tfr></token><token id="657980" text="от"><tfr rev_id="1490088" t="от"><v><l id="211644" t="от"><g v="PREP"></g></l></v></tfr></token><token id="657981" text="510"><tfr rev_id="2462337" t="510"><v><l id="0" t="510"><g v="NUMB"></g></l></v></tfr></token><token id="657982" text="миллисекунд"><tfr rev_id="1490090" t="миллисекунд"><v><l id="160269" t="миллисекунда"><g v="NOUN"></g><g v="inan"></g><g v="femn"></g><g v="plur"></g><g v="gent"></g></l></v></tfr></token><token id="657983" text="до"><tfr rev_id="1490091" t="до"><v><l id="85153" t="до"><g v="PREP"></g></l></v></tfr></token><token id="657984" text="1,3"><tfr rev_id="2462338" t="1,3"><v><l id="0" t="1,3"><g v="NUMB"></g></l></v></tfr></token><token id="657985" text="секунды"><tfr rev_id="1716899" t="секунды"><v><l id="318156" t="секунда"><g v="NOUN"></g><g v="inan"></g><g v="femn"></g><g v="sing"></g><g v="gent"></g></l></v></tfr></token><token id="657986" text="."><tfr rev_id="1490094" t="."><v><l id="0" t="."><g v="PNCT"></g></l></v></tfr></token></tokens></sentence></paragraph><paragraph id="11741"><sentence id="36777"><source>Полное исследование можно найти в статье"The top speed of flash worms".</source><tokens><token id="657987" text="Полное"><tfr rev_id="1490095" t="Полное"><v><l id="256169" t="полный"><g v="ADJF"></g><g v="Qual"></g><g v="neut"></g><g v="sing"></g><g v="nomn"></g></l></v><v><l id="256169" t="полный"><g v="ADJF"></g><g v="Qual"></g><g v="neut"></g><g v="sing"></g><g v="accs"></g></l></v></tfr></token><token id="657988" text="исследование"><tfr rev_id="1490096" t="исследование"><v><l id="125799" t="исследование"><g v="NOUN"></g><g v="inan"></g><g v="neut"></g><g v="sing"></g><g v="nomn"></g></l></v><v><l id="125799" t="исследование"><g v="NOUN"></g><g v="inan"></g><g v="neut"></g><g v="sing"></g><g v="accs"></g></l></v></tfr></token><token id="657989" text="можно"><tfr rev_id="1490097" t="можно"><v><l id="162467" t="можно"><g v="PRED"></g><g v="pres"></g></l></v></tfr></token><token id="657990" text="найти"><tfr rev_id="1490098" t="найти"><v><l id="170612" t="найти"><g v="INFN"></g><g v="perf"></g><g v="tran"></g></l></v></tfr></token><token id="657991" text="в"><tfr rev_id="1490099" t="в"><v><l id="37409" t="в"><g v="PREP"></g></l></v></tfr></token><token id="657992" text="статье"><tfr rev_id="3551360" t="статье"><v><l id="335173" t="статья"><g v="NOUN"></g><g v="inan"></g><g v="femn"></g><g v="sing"></g><g v="loct"></g></l></v></tfr></token><token id="657993" text="&quot;"><tfr rev_id="1490101" t="&quot;"><v><l id="0" t="&quot;"><g v="PNCT"></g></l></v></tfr></token><token id="657994" text="The"><tfr rev_id="2475083" t="The"><v><l id="0" t="The"><g v="LATN"></g></l></v></tfr></token><token id="657995" text="top"><tfr rev_id="2475084" t="top"><v><l id="0" t="top"><g v="LATN"></g></l></v></tfr></token><token id="657996" text="speed"><tfr rev_id="2475085" t="speed"><v><l id="0" t="speed"><g v="LATN"></g></l></v></tfr></token><token id="657997" text="of"><tfr rev_id="2475086" t="of"><v><l id="0" t="of"><g v="LATN"></g></l></v></tfr></token><token id="657998" text="flash"><tfr rev_id="2475087" t="flash"><v><l id="0" t="flash"><g v="LATN"></g></l></v></tfr></token><token id="657999" text="worms"><tfr rev_id="2475088" t="worms"><v><l id="0" t="worms"><g v="LATN"></g></l></v></tfr></token><token id="658000" text="&quot;"><tfr rev_id="1490108" t="&quot;"><v><l id="0" t="&quot;"><g v="PNCT"></g></l></v></tfr></token><token id="658001" text="."><tfr rev_id="1490109" t="."><v><l id="0" t="."><g v="PNCT"></g></l></v></tfr></token></tokens></sentence></paragraph></paragraphs></text>