<?xml version="1.0" encoding="utf-8"?><text id="1274" parent="603" name="0015035 Смена религии"><tags><tag>url:http://happy-mystx.livejournal.com/15035.html</tag><tag>Год:2010</tag><tag>Дата:10/01</tag><tag>Время:12:16</tag><tag>ЖЖ:Настроение:working</tag></tags><paragraphs><paragraph id="11742"><sentence id="36778"><source>Смена религии</source><tokens><token id="658002" text="Смена"><tfr rev_id="1490110" t="Смена"><v><l id="326053" t="смена"><g v="NOUN"></g><g v="inan"></g><g v="femn"></g><g v="sing"></g><g v="nomn"></g></l></v></tfr></token><token id="658003" text="религии"><tfr rev_id="4345683" t="религии"><v><l id="305982" t="религия"><g v="NOUN"></g><g v="inan"></g><g v="femn"></g><g v="sing"></g><g v="gent"></g></l></v></tfr></token></tokens></sentence></paragraph><paragraph id="11743"><sentence id="36779"><source>Итак, я окончательно пересел на Мак.</source><tokens><token id="658004" text="Итак"><tfr rev_id="3423507" t="Итак"><v><l id="127094" t="итак"><g v="CONJ"></g><g v="Prnt"></g></l></v></tfr></token><token id="658005" text=","><tfr rev_id="1490113" t=","><v><l id="0" t=","><g v="PNCT"></g></l></v></tfr></token><token id="658006" text="я"><tfr rev_id="1490114" t="я"><v><l id="387317" t="я"><g v="NPRO"></g><g v="1per"></g><g v="sing"></g><g v="nomn"></g></l></v></tfr></token><token id="658007" text="окончательно"><tfr rev_id="1490115" t="окончательно"><v><l id="205177" t="окончательно"><g v="ADVB"></g></l></v><v><l id="205183" t="окончателен"><g v="ADJS"></g><g v="neut"></g><g v="sing"></g></l></v></tfr></token><token id="658008" text="пересел"><tfr rev_id="1490116" t="пересел"><v><l id="234050" t="пересел"><g v="VERB"></g><g v="perf"></g><g v="intr"></g><g v="masc"></g><g v="sing"></g><g v="past"></g><g v="indc"></g></l></v></tfr></token><token id="658009" text="на"><tfr rev_id="3344462" t="на"><v><l id="166264" t="на"><g v="PREP"></g></l></v></tfr></token><token id="658010" text="Мак"><tfr rev_id="4104125" t="Мак"><v><l id="153240" t="мак"><g v="NOUN"></g><g v="inan"></g><g v="masc"></g><g v="sing"></g><g v="accs"></g></l></v></tfr></token><token id="658011" text="."><tfr rev_id="1490119" t="."><v><l id="0" t="."><g v="PNCT"></g></l></v></tfr></token></tokens></sentence><sentence id="36780"><source>Два месяца опыта показывают, что лучше этой платформы на данный момент нет.</source><tokens><token id="658012" text="Два"><tfr rev_id="4450451" t="Два"><v><l id="78668" t="два"><g v="NUMR"></g><g v="masc"></g><g v="nomn"></g></l></v><v><l id="78668" t="два"><g v="NUMR"></g><g v="inan"></g><g v="masc"></g><g v="accs"></g></l></v><v><l id="78668" t="два"><g v="NUMR"></g><g v="neut"></g><g v="nomn"></g></l></v><v><l id="78668" t="два"><g v="NUMR"></g><g v="inan"></g><g v="neut"></g><g v="accs"></g></l></v></tfr></token><token id="658013" text="месяца"><tfr rev_id="1490121" t="месяца"><v><l id="158841" t="месяц"><g v="NOUN"></g><g v="inan"></g><g v="masc"></g><g v="sing"></g><g v="gent"></g></l></v></tfr></token><token id="658014" text="опыта"><tfr rev_id="1490122" t="опыта"><v><l id="208575" t="опыт"><g v="NOUN"></g><g v="inan"></g><g v="masc"></g><g v="sing"></g><g v="gent"></g></l></v></tfr></token><token id="658015" text="показывают"><tfr rev_id="1490123" t="показывают"><v><l id="253999" t="показываю"><g v="VERB"></g><g v="impf"></g><g v="tran"></g><g v="plur"></g><g v="3per"></g><g v="pres"></g><g v="indc"></g></l></v></tfr></token><token id="658016" text=","><tfr rev_id="1490124" t=","><v><l id="0" t=","><g v="PNCT"></g></l></v></tfr></token><token id="658017" text="что"><tfr rev_id="3197378" t="что"><v><l id="377004" t="что"><g v="CONJ"></g></l></v><v><l id="377005" t="что"><g v="NPRO"></g><g v="neut"></g><g v="sing"></g><g v="nomn"></g></l></v><v><l id="377005" t="что"><g v="NPRO"></g><g v="neut"></g><g v="sing"></g><g v="accs"></g></l></v><v><l id="377006" t="что"><g v="ADVB"></g><g v="Ques"></g></l></v><v><l id="388695" t="что"><g v="PRCL"></g></l></v></tfr></token><token id="658018" text="лучше"><tfr rev_id="1490126" t="лучше"><v><l id="151661" t="лучше"><g v="PRCL"></g></l></v><v><l id="371670" t="лучше"><g v="COMP"></g><g v="Qual"></g></l></v></tfr></token><token id="658019" text="этой"><tfr rev_id="4438031" t="этой"><v><l id="386581" t="этот"><g v="ADJF"></g><g v="Subx"></g><g v="Apro"></g><g v="Anph"></g><g v="femn"></g><g v="sing"></g><g v="gent"></g></l></v></tfr></token><token id="658020" text="платформы"><tfr rev_id="3497298" t="платформы"><v><l id="240062" t="платформа"><g v="NOUN"></g><g v="inan"></g><g v="femn"></g><g v="sing"></g><g v="gent"></g></l></v></tfr></token><token id="658021" text="на"><tfr rev_id="3344676" t="на"><v><l id="166264" t="на"><g v="PREP"></g></l></v></tfr></token><token id="658022" text="данный"><tfr rev_id="3662526" t="данный"><v><l id="78303" t="данный"><g v="ADJF"></g><g v="Apro"></g><g v="masc"></g><g v="sing"></g><g v="nomn"></g></l></v><v><l id="78303" t="данный"><g v="ADJF"></g><g v="Apro"></g><g v="inan"></g><g v="masc"></g><g v="sing"></g><g v="accs"></g></l></v><v><l id="78549" t="данный"><g v="PRTF"></g><g v="perf"></g><g v="tran"></g><g v="past"></g><g v="pssv"></g><g v="masc"></g><g v="sing"></g><g v="nomn"></g></l></v><v><l id="78549" t="данный"><g v="PRTF"></g><g v="perf"></g><g v="tran"></g><g v="past"></g><g v="pssv"></g><g v="inan"></g><g v="masc"></g><g v="sing"></g><g v="accs"></g></l></v></tfr></token><token id="658023" text="момент"><tfr rev_id="1490131" t="момент"><v><l id="163050" t="момент"><g v="NOUN"></g><g v="inan"></g><g v="masc"></g><g v="sing"></g><g v="nomn"></g></l></v><v><l id="163050" t="момент"><g v="NOUN"></g><g v="inan"></g><g v="masc"></g><g v="sing"></g><g v="accs"></g></l></v></tfr></token><token id="658024" text="нет"><tfr rev_id="3759267" t="нет"><v><l id="389552" t="нет"><g v="PRED"></g><g v="pres"></g></l></v></tfr></token><token id="658025" text="."><tfr rev_id="1490133" t="."><v><l id="0" t="."><g v="PNCT"></g></l></v></tfr></token></tokens></sentence><sentence id="36781"><source>Все мои задачи решаются.</source><tokens><token id="658026" text="Все"><tfr rev_id="4512306" t="Все"><v><l id="42156" t="весь"><g v="ADJF"></g><g v="Subx"></g><g v="Apro"></g><g v="inan"></g><g v="plur"></g><g v="accs"></g></l></v><v><l id="42156" t="весь"><g v="ADJF"></g><g v="Subx"></g><g v="Apro"></g><g v="plur"></g><g v="nomn"></g></l></v></tfr></token><token id="658027" text="мои"><tfr rev_id="3815691" t="мои"><v><l id="162570" t="мой"><g v="ADJF"></g><g v="Apro"></g><g v="plur"></g><g v="nomn"></g></l></v></tfr></token><token id="658028" text="задачи"><tfr rev_id="3741379" t="задачи"><v><l id="101455" t="задача"><g v="NOUN"></g><g v="inan"></g><g v="femn"></g><g v="plur"></g><g v="nomn"></g></l></v></tfr></token><token id="658029" text="решаются"><tfr rev_id="1490137" t="решаются"><v><l id="307342" t="решаюсь"><g v="VERB"></g><g v="impf"></g><g v="intr"></g><g v="plur"></g><g v="3per"></g><g v="pres"></g><g v="indc"></g></l></v></tfr></token><token id="658030" text="."><tfr rev_id="1490138" t="."><v><l id="0" t="."><g v="PNCT"></g></l></v></tfr></token></tokens></sentence><sentence id="36782"><source>Все, что зачастую в Винде решалось большим геморроем (и шаманскими танцами), а в Линуксе напильником (и шаманскими танцами), здесь просто работает как надо.</source><tokens><token id="658031" text="Все"><tfr rev_id="4537202" t="Все"><v><l id="42156" t="весь"><g v="ADJF"></g><g v="Subx"></g><g v="Apro"></g><g v="inan"></g><g v="plur"></g><g v="accs"></g></l></v><v><l id="42156" t="весь"><g v="ADJF"></g><g v="Subx"></g><g v="Apro"></g><g v="neut"></g><g v="sing"></g><g v="accs"></g></l></v><v><l id="42156" t="весь"><g v="ADJF"></g><g v="Subx"></g><g v="Apro"></g><g v="neut"></g><g v="sing"></g><g v="nomn"></g></l></v><v><l id="42156" t="весь"><g v="ADJF"></g><g v="Subx"></g><g v="Apro"></g><g v="plur"></g><g v="nomn"></g></l></v></tfr></token><token id="658032" text=","><tfr rev_id="1490140" t=","><v><l id="0" t=","><g v="PNCT"></g></l></v></tfr></token><token id="658033" text="что"><tfr rev_id="3197379" t="что"><v><l id="377004" t="что"><g v="CONJ"></g></l></v><v><l id="377005" t="что"><g v="NPRO"></g><g v="neut"></g><g v="sing"></g><g v="nomn"></g></l></v><v><l id="377005" t="что"><g v="NPRO"></g><g v="neut"></g><g v="sing"></g><g v="accs"></g></l></v><v><l id="377006" t="что"><g v="ADVB"></g><g v="Ques"></g></l></v><v><l id="388695" t="что"><g v="PRCL"></g></l></v></tfr></token><token id="658034" text="зачастую"><tfr rev_id="1490142" t="зачастую"><v><l id="113242" t="зачастую"><g v="ADVB"></g></l></v></tfr></token><token id="658035" text="в"><tfr rev_id="1490143" t="в"><v><l id="37409" t="в"><g v="PREP"></g></l></v></tfr></token><token id="658036" text="Винде"><tfr rev_id="1490144" t="Винде"><v><l id="0" t="винде"><g v="UNKN"></g></l></v></tfr></token><token id="658037" text="решалось"><tfr rev_id="1490145" t="решалось"><v><l id="307342" t="решаюсь"><g v="VERB"></g><g v="impf"></g><g v="intr"></g><g v="neut"></g><g v="sing"></g><g v="past"></g><g v="indc"></g></l></v></tfr></token><token id="658038" text="большим"><tfr rev_id="4534074" t="большим"><v><l id="32439" t="больший"><g v="ADJF"></g><g v="Qual"></g><g v="masc"></g><g v="sing"></g><g v="ablt"></g></l></v><v><l id="32445" t="большой"><g v="ADJF"></g><g v="Qual"></g><g v="masc"></g><g v="sing"></g><g v="ablt"></g></l></v></tfr></token><token id="658039" text="геморроем"><tfr rev_id="1490147" t="геморроем"><v><l id="68440" t="геморрой"><g v="NOUN"></g><g v="inan"></g><g v="masc"></g><g v="sing"></g><g v="ablt"></g></l></v></tfr></token><token id="658040" text="("><tfr rev_id="1490148" t="("><v><l id="0" t="("><g v="PNCT"></g></l></v></tfr></token><token id="658041" text="и"><tfr rev_id="1490149" t="и"><v><l id="116949" t="и"><g v="CONJ"></g></l></v><v><l id="116950" t="и"><g v="INTJ"></g></l></v></tfr></token><token id="658042" text="шаманскими"><tfr rev_id="1490150" t="шаманскими"><v><l id="377907" t="шаманский"><g v="ADJF"></g><g v="plur"></g><g v="ablt"></g></l></v></tfr></token><token id="658043" text="танцами"><tfr rev_id="1490151" t="танцами"><v><l id="342927" t="танец"><g v="NOUN"></g><g v="inan"></g><g v="masc"></g><g v="plur"></g><g v="ablt"></g></l></v></tfr></token><token id="658044" text=")"><tfr rev_id="1490152" t=")"><v><l id="0" t=")"><g v="PNCT"></g></l></v></tfr></token><token id="658045" text=","><tfr rev_id="1490153" t=","><v><l id="0" t=","><g v="PNCT"></g></l></v></tfr></token><token id="658046" text="а"><tfr rev_id="4103577" t="а"><v><l id="51" t="а"><g v="CONJ"></g></l></v></tfr></token><token id="658047" text="в"><tfr rev_id="1490155" t="в"><v><l id="37409" t="в"><g v="PREP"></g></l></v></tfr></token><token id="658048" text="Линуксе"><tfr rev_id="1490156" t="Линуксе"><v><l id="149484" t="линукс"><g v="NOUN"></g><g v="inan"></g><g v="masc"></g><g v="sing"></g><g v="loct"></g></l></v></tfr></token><token id="658049" text="напильником"><tfr rev_id="1490157" t="напильником"><v><l id="173427" t="напильник"><g v="NOUN"></g><g v="inan"></g><g v="masc"></g><g v="sing"></g><g v="ablt"></g></l></v></tfr></token><token id="658050" text="("><tfr rev_id="1490158" t="("><v><l id="0" t="("><g v="PNCT"></g></l></v></tfr></token><token id="658051" text="и"><tfr rev_id="1490159" t="и"><v><l id="116949" t="и"><g v="CONJ"></g></l></v><v><l id="116950" t="и"><g v="INTJ"></g></l></v></tfr></token><token id="658052" text="шаманскими"><tfr rev_id="1490160" t="шаманскими"><v><l id="377907" t="шаманский"><g v="ADJF"></g><g v="plur"></g><g v="ablt"></g></l></v></tfr></token><token id="658053" text="танцами"><tfr rev_id="1490161" t="танцами"><v><l id="342927" t="танец"><g v="NOUN"></g><g v="inan"></g><g v="masc"></g><g v="plur"></g><g v="ablt"></g></l></v></tfr></token><token id="658054" text=")"><tfr rev_id="1490162" t=")"><v><l id="0" t=")"><g v="PNCT"></g></l></v></tfr></token><token id="658055" text=","><tfr rev_id="1490163" t=","><v><l id="0" t=","><g v="PNCT"></g></l></v></tfr></token><token id="658056" text="здесь"><tfr rev_id="1490164" t="здесь"><v><l id="114703" t="здесь"><g v="ADVB"></g><g v="Prdx"></g></l></v></tfr></token><token id="658057" text="просто"><tfr rev_id="1490165" t="просто"><v><l id="285025" t="просто"><g v="ADVB"></g><g v="Prdx"></g></l></v><v><l id="285026" t="просто"><g v="PRCL"></g></l></v><v><l id="285050" t="прост"><g v="ADJS"></g><g v="Qual"></g><g v="neut"></g><g v="sing"></g></l></v></tfr></token><token id="658058" text="работает"><tfr rev_id="1490166" t="работает"><v><l id="290502" t="работаю"><g v="VERB"></g><g v="impf"></g><g v="intr"></g><g v="sing"></g><g v="3per"></g><g v="pres"></g><g v="indc"></g></l></v></tfr></token><token id="658059" text="как"><tfr rev_id="1490167" t="как"><v><l id="128190" t="как"><g v="CONJ"></g></l></v><v><l id="128191" t="как"><g v="PRCL"></g></l></v><v><l id="128192" t="как"><g v="ADVB"></g><g v="Ques"></g></l></v></tfr></token><token id="658060" text="надо"><tfr rev_id="4330181" t="надо"><v><l id="169144" t="надо"><g v="PRED"></g><g v="pres"></g></l></v></tfr></token><token id="658061" text="."><tfr rev_id="1490169" t="."><v><l id="0" t="."><g v="PNCT"></g></l></v></tfr></token></tokens></sentence><sentence id="36783"><source>Не, ну вы понимаете, just works.</source><tokens><token id="658062" text="Не"><tfr rev_id="1490170" t="Не"><v><l id="178876" t="не"><g v="PRCL"></g></l></v></tfr></token><token id="658063" text=","><tfr rev_id="1490171" t=","><v><l id="0" t=","><g v="PNCT"></g></l></v></tfr></token><token id="658064" text="ну"><tfr rev_id="1490172" t="ну"><v><l id="192524" t="ну"><g v="INTJ"></g></l></v><v><l id="192525" t="ну"><g v="PRCL"></g></l></v></tfr></token><token id="658065" text="вы"><tfr rev_id="1490173" t="вы"><v><l id="55560" t="вы"><g v="NPRO"></g><g v="2per"></g><g v="plur"></g><g v="nomn"></g></l></v></tfr></token><token id="658066" text="понимаете"><tfr rev_id="4229488" t="понимаете"><v><l id="258461" t="понимаю"><g v="VERB"></g><g v="impf"></g><g v="tran"></g><g v="plur"></g><g v="2per"></g><g v="pres"></g><g v="indc"></g></l></v></tfr></token><token id="658067" text=","><tfr rev_id="1490175" t=","><v><l id="0" t=","><g v="PNCT"></g></l></v></tfr></token><token id="658068" text="just"><tfr rev_id="2475089" t="just"><v><l id="0" t="just"><g v="LATN"></g></l></v></tfr></token><token id="658069" text="works"><tfr rev_id="2475090" t="works"><v><l id="0" t="works"><g v="LATN"></g></l></v></tfr></token><token id="658070" text="."><tfr rev_id="1490178" t="."><v><l id="0" t="."><g v="PNCT"></g></l></v></tfr></token></tokens></sentence><sentence id="36784"><source>И теперь вместо чтения куч мануалов и best practices приходится просто спокойно работать.</source><tokens><token id="658071" text="И"><tfr rev_id="1490179" t="И"><v><l id="116949" t="и"><g v="CONJ"></g></l></v><v><l id="116950" t="и"><g v="INTJ"></g></l></v></tfr></token><token id="658072" text="теперь"><tfr rev_id="1490180" t="теперь"><v><l id="344864" t="теперь"><g v="ADVB"></g></l></v></tfr></token><token id="658073" text="вместо"><tfr rev_id="1490181" t="вместо"><v><l id="47145" t="вместо"><g v="PREP"></g></l></v></tfr></token><token id="658074" text="чтения"><tfr rev_id="3097706" t="чтения"><v><l id="376986" t="чтение"><g v="NOUN"></g><g v="inan"></g><g v="neut"></g><g v="sing"></g><g v="gent"></g></l></v></tfr></token><token id="658075" text="куч"><tfr rev_id="1490183" t="куч"><v><l id="145830" t="куча"><g v="NOUN"></g><g v="inan"></g><g v="femn"></g><g v="plur"></g><g v="gent"></g></l></v></tfr></token><token id="658076" text="мануалов"><tfr rev_id="1490184" t="мануалов"><v><l id="154890" t="мануал"><g v="NOUN"></g><g v="inan"></g><g v="masc"></g><g v="plur"></g><g v="gent"></g></l></v></tfr></token><token id="658077" text="и"><tfr rev_id="1490185" t="и"><v><l id="116949" t="и"><g v="CONJ"></g></l></v><v><l id="116950" t="и"><g v="INTJ"></g></l></v></tfr></token><token id="658078" text="best"><tfr rev_id="2475091" t="best"><v><l id="0" t="best"><g v="LATN"></g></l></v></tfr></token><token id="658079" text="practices"><tfr rev_id="2475092" t="practices"><v><l id="0" t="practices"><g v="LATN"></g></l></v></tfr></token><token id="658080" text="приходится"><tfr rev_id="1490188" t="приходится"><v><l id="276254" t="прихожусь"><g v="VERB"></g><g v="impf"></g><g v="intr"></g><g v="sing"></g><g v="3per"></g><g v="pres"></g><g v="indc"></g></l></v></tfr></token><token id="658081" text="просто"><tfr rev_id="1490189" t="просто"><v><l id="285025" t="просто"><g v="ADVB"></g><g v="Prdx"></g></l></v><v><l id="285026" t="просто"><g v="PRCL"></g></l></v><v><l id="285050" t="прост"><g v="ADJS"></g><g v="Qual"></g><g v="neut"></g><g v="sing"></g></l></v></tfr></token><token id="658082" text="спокойно"><tfr rev_id="1490190" t="спокойно"><v><l id="332658" t="спокойно"><g v="ADVB"></g></l></v><v><l id="332662" t="спокоен"><g v="ADJS"></g><g v="Qual"></g><g v="neut"></g><g v="sing"></g></l></v></tfr></token><token id="658083" text="работать"><tfr rev_id="1490191" t="работать"><v><l id="290503" t="работать"><g v="INFN"></g><g v="impf"></g><g v="intr"></g></l></v></tfr></token><token id="658084" text="."><tfr rev_id="1490192" t="."><v><l id="0" t="."><g v="PNCT"></g></l></v></tfr></token></tokens></sentence><sentence id="36785"><source>Наверное через какое-то время я стану вообще чайником, привыкнув к такой нирване :).</source><tokens><token id="658085" text="Наверное"><tfr rev_id="1490193" t="Наверное"><v><l id="167059" t="наверное"><g v="CONJ"></g><g v="Prnt"></g></l></v><v><l id="167060" t="наверное"><g v="ADVB"></g></l></v></tfr></token><token id="658086" text="через"><tfr rev_id="1490194" t="через"><v><l id="375333" t="через"><g v="PREP"></g></l></v></tfr></token><token id="658087" text="какое-то"><tfr rev_id="1490195" t="какое-то"><v><l id="128227" t="какой-то"><g v="ADJF"></g><g v="Apro"></g><g v="neut"></g><g v="sing"></g><g v="nomn"></g></l></v><v><l id="128227" t="какой-то"><g v="ADJF"></g><g v="Apro"></g><g v="neut"></g><g v="sing"></g><g v="accs"></g></l></v></tfr></token><token id="658088" text="время"><tfr rev_id="3301206" t="время"><v><l id="53149" t="время"><g v="NOUN"></g><g v="inan"></g><g v="neut"></g><g v="sing"></g><g v="accs"></g></l></v></tfr></token><token id="658089" text="я"><tfr rev_id="1490197" t="я"><v><l id="387317" t="я"><g v="NPRO"></g><g v="1per"></g><g v="sing"></g><g v="nomn"></g></l></v></tfr></token><token id="658090" text="стану"><tfr rev_id="1715895" t="стану"><v><l id="335164" t="стал"><g v="VERB"></g><g v="perf"></g><g v="intr"></g><g v="sing"></g><g v="1per"></g><g v="futr"></g><g v="indc"></g></l></v></tfr></token><token id="658091" text="вообще"><tfr rev_id="1490199" t="вообще"><v><l id="50732" t="вообще"><g v="CONJ"></g><g v="Prnt"></g></l></v><v><l id="50733" t="вообще"><g v="ADVB"></g></l></v></tfr></token><token id="658092" text="чайником"><tfr rev_id="1490200" t="чайником"><v><l id="374574" t="чайник"><g v="NOUN"></g><g v="inan"></g><g v="masc"></g><g v="sing"></g><g v="ablt"></g></l></v></tfr></token><token id="658093" text=","><tfr rev_id="1490201" t=","><v><l id="0" t=","><g v="PNCT"></g></l></v></tfr></token><token id="658094" text="привыкнув"><tfr rev_id="1490202" t="привыкнув"><v><l id="269595" t="привыкнув"><g v="GRND"></g><g v="perf"></g><g v="intr"></g><g v="past"></g></l></v></tfr></token><token id="658095" text="к"><tfr rev_id="1490203" t="к"><v><l id="127460" t="к"><g v="PREP"></g></l></v></tfr></token><token id="658096" text="такой"><tfr rev_id="2635635" t="такой"><v><l id="342491" t="такой"><g v="ADJF"></g><g v="Apro"></g><g v="femn"></g><g v="sing"></g><g v="gent"></g></l></v><v><l id="342491" t="такой"><g v="ADJF"></g><g v="Apro"></g><g v="femn"></g><g v="sing"></g><g v="datv"></g></l></v><v><l id="342491" t="такой"><g v="ADJF"></g><g v="Apro"></g><g v="femn"></g><g v="sing"></g><g v="ablt"></g></l></v><v><l id="342491" t="такой"><g v="ADJF"></g><g v="Apro"></g><g v="femn"></g><g v="sing"></g><g v="loct"></g></l></v></tfr></token><token id="658097" text="нирване"><tfr rev_id="3226330" t="нирване"><v><l id="191118" t="нирвана"><g v="NOUN"></g><g v="inan"></g><g v="femn"></g><g v="sing"></g><g v="datv"></g></l></v></tfr></token><token id="658098" text=":)"><tfr rev_id="1490206" t=":)"><v><l id="0" t=":)"><g v="PNCT"></g></l></v></tfr></token><token id="658099" text="."><tfr rev_id="1490207" t="."><v><l id="0" t="."><g v="PNCT"></g></l></v></tfr></token></tokens></sentence><sentence id="36786"><source>Хорошо, что на работе Linux, не расслабишься.</source><tokens><token id="658100" text="Хорошо"><tfr rev_id="1490208" t="Хорошо"><v><l id="371669" t="хорош"><g v="ADJS"></g><g v="Qual"></g><g v="neut"></g><g v="sing"></g></l></v><v><l id="371678" t="хорошо"><g v="ADVB"></g><g v="Prdx"></g></l></v><v><l id="371679" t="хорошо"><g v="PRCL"></g></l></v><v><l id="371680" t="хорошо"><g v="PRED"></g><g v="pres"></g></l></v></tfr></token><token id="658101" text=","><tfr rev_id="1490209" t=","><v><l id="0" t=","><g v="PNCT"></g></l></v></tfr></token><token id="658102" text="что"><tfr rev_id="3197380" t="что"><v><l id="377004" t="что"><g v="CONJ"></g></l></v><v><l id="377005" t="что"><g v="NPRO"></g><g v="neut"></g><g v="sing"></g><g v="nomn"></g></l></v><v><l id="377005" t="что"><g v="NPRO"></g><g v="neut"></g><g v="sing"></g><g v="accs"></g></l></v><v><l id="377006" t="что"><g v="ADVB"></g><g v="Ques"></g></l></v><v><l id="388695" t="что"><g v="PRCL"></g></l></v></tfr></token><token id="658103" text="на"><tfr rev_id="3394929" t="на"><v><l id="166264" t="на"><g v="PREP"></g></l></v></tfr></token><token id="658104" text="работе"><tfr rev_id="3534764" t="работе"><v><l id="290501" t="работа"><g v="NOUN"></g><g v="inan"></g><g v="femn"></g><g v="sing"></g><g v="loct"></g></l></v></tfr></token><token id="658105" text="Linux"><tfr rev_id="2475093" t="Linux"><v><l id="0" t="Linux"><g v="LATN"></g></l></v></tfr></token><token id="658106" text=","><tfr rev_id="1490214" t=","><v><l id="0" t=","><g v="PNCT"></g></l></v></tfr></token><token id="658107" text="не"><tfr rev_id="1490215" t="не"><v><l id="178876" t="не"><g v="PRCL"></g></l></v></tfr></token><token id="658108" text="расслабишься"><tfr rev_id="1490216" t="расслабишься"><v><l id="301018" t="расслабился"><g v="VERB"></g><g v="perf"></g><g v="intr"></g><g v="sing"></g><g v="2per"></g><g v="futr"></g><g v="indc"></g></l></v></tfr></token><token id="658109" text="."><tfr rev_id="1490217" t="."><v><l id="0" t="."><g v="PNCT"></g></l></v></tfr></token></tokens></sentence></paragraph><paragraph id="11744"><sentence id="36787"><source>Особенно понравилась настройка svn и apache.</source><tokens><token id="658110" text="Особенно"><tfr rev_id="3426598" t="Особенно"><v><l id="210627" t="особенно"><g v="ADVB"></g></l></v><v><l id="210630" t="особен"><g v="ADJS"></g><g v="Qual"></g><g v="neut"></g><g v="sing"></g></l></v><v><l id="388746" t="особенно"><g v="PRCL"></g></l></v></tfr></token><token id="658111" text="понравилась"><tfr rev_id="1490219" t="понравилась"><v><l id="258554" t="понравился"><g v="VERB"></g><g v="perf"></g><g v="intr"></g><g v="femn"></g><g v="sing"></g><g v="past"></g><g v="indc"></g></l></v></tfr></token><token id="658112" text="настройка"><tfr rev_id="1490220" t="настройка"><v><l id="176279" t="настройка"><g v="NOUN"></g><g v="inan"></g><g v="femn"></g><g v="sing"></g><g v="nomn"></g></l></v></tfr></token><token id="658113" text="svn"><tfr rev_id="2475094" t="svn"><v><l id="0" t="svn"><g v="LATN"></g></l></v></tfr></token><token id="658114" text="и"><tfr rev_id="1490222" t="и"><v><l id="116949" t="и"><g v="CONJ"></g></l></v><v><l id="116950" t="и"><g v="INTJ"></g></l></v></tfr></token><token id="658115" text="apache"><tfr rev_id="2475095" t="apache"><v><l id="0" t="apache"><g v="LATN"></g></l></v></tfr></token><token id="658116" text="."><tfr rev_id="1490224" t="."><v><l id="0" t="."><g v="PNCT"></g></l></v></tfr></token></tokens></sentence><sentence id="36788"><source>Здесь оно как-то заработало само как мне надо.</source><tokens><token id="658117" text="Здесь"><tfr rev_id="1490225" t="Здесь"><v><l id="114703" t="здесь"><g v="ADVB"></g><g v="Prdx"></g></l></v></tfr></token><token id="658118" text="оно"><tfr rev_id="3590783" t="оно"><v><l id="206649" t="оно"><g v="NPRO"></g><g v="neut"></g><g v="3per"></g><g v="Anph"></g><g v="sing"></g><g v="nomn"></g></l></v></tfr></token><token id="658119" text="как-то"><tfr rev_id="1490227" t="как-то"><v><l id="128196" t="как-то"><g v="ADVB"></g></l></v></tfr></token><token id="658120" text="заработало"><tfr rev_id="1490228" t="заработало"><v><l id="108485" t="заработал"><g v="VERB"></g><g v="perf"></g><g v="tran"></g><g v="neut"></g><g v="sing"></g><g v="past"></g><g v="indc"></g></l></v><v><l id="108491" t="заработал"><g v="VERB"></g><g v="perf"></g><g v="intr"></g><g v="neut"></g><g v="sing"></g><g v="past"></g><g v="indc"></g></l></v></tfr></token><token id="658121" text="само"><tfr rev_id="2782876" t="само"><v><l id="312034" t="сам"><g v="ADJF"></g><g v="Apro"></g><g v="neut"></g><g v="sing"></g><g v="nomn"></g></l></v></tfr></token><token id="658122" text="как"><tfr rev_id="1490230" t="как"><v><l id="128190" t="как"><g v="CONJ"></g></l></v><v><l id="128191" t="как"><g v="PRCL"></g></l></v><v><l id="128192" t="как"><g v="ADVB"></g><g v="Ques"></g></l></v></tfr></token><token id="658123" text="мне"><tfr rev_id="4200944" t="мне"><v><l id="387317" t="я"><g v="NPRO"></g><g v="1per"></g><g v="sing"></g><g v="datv"></g></l></v></tfr></token><token id="658124" text="надо"><tfr rev_id="4307965" t="надо"><v><l id="169144" t="надо"><g v="PRED"></g><g v="pres"></g></l></v></tfr></token><token id="658125" text="."><tfr rev_id="1490233" t="."><v><l id="0" t="."><g v="PNCT"></g></l></v></tfr></token></tokens></sentence></paragraph></paragraphs></text>