<?xml version="1.0" encoding="utf-8"?><text id="1281" parent="603" name="0018101 Turing Award-2009"><tags><tag>url:http://happy-mystx.livejournal.com/18101.html</tag><tag>Год:2010</tag><tag>Дата:09/03</tag><tag>Время:21:52</tag><tag>ЖЖ:Настроение:calm</tag><tag>ЖЖ:Метка:cs</tag></tags><paragraphs><paragraph id="11772"><sentence id="36862"><source>Turing Award-2009</source><tokens><token id="659390" text="Turing"><tfr rev_id="2475114" t="Turing"><v><l id="0" t="Turing"><g v="LATN"></g></l></v></tfr></token><token id="659391" text="Award"><tfr rev_id="2475115" t="Award"><v><l id="0" t="Award"><g v="LATN"></g></l></v></tfr></token><token id="659392" text="-"><tfr rev_id="1491495" t="-"><v><l id="0" t="-"><g v="PNCT"></g></l></v></tfr></token><token id="659393" text="2009"><tfr rev_id="2462341" t="2009"><v><l id="0" t="2009"><g v="NUMB"></g></l></v></tfr></token></tokens></sentence></paragraph><paragraph id="11773"><sentence id="36863"><source>Премию Тьюринга-2009 получил Чарльз Такер, из результатов которого отмечают создание Xerox Alto (похоже именно с него Джобс стырил мышку и графический интерфейс с пиктограмками) и работы по созданию Ethernet.</source><tokens><token id="659394" text="Премию"><tfr rev_id="1491497" t="Премию"><v><l id="267764" t="премия"><g v="NOUN"></g><g v="inan"></g><g v="femn"></g><g v="sing"></g><g v="accs"></g></l></v></tfr></token><token id="659395" text="Тьюринга"><tfr rev_id="4471664" t="Тьюринга"><v><l id="352313" t="тьюринг"><g v="NOUN"></g><g v="anim"></g><g v="masc"></g><g v="Sgtm"></g><g v="Surn"></g><g v="sing"></g><g v="gent"></g></l></v></tfr></token><token id="659396" text="-"><tfr rev_id="1491499" t="-"><v><l id="0" t="-"><g v="PNCT"></g></l></v></tfr></token><token id="659397" text="2009"><tfr rev_id="2462342" t="2009"><v><l id="0" t="2009"><g v="NUMB"></g></l></v></tfr></token><token id="659398" text="получил"><tfr rev_id="1491501" t="получил"><v><l id="256959" t="получил"><g v="VERB"></g><g v="perf"></g><g v="tran"></g><g v="masc"></g><g v="sing"></g><g v="past"></g><g v="indc"></g></l></v></tfr></token><token id="659399" text="Чарльз"><tfr rev_id="1491502" t="Чарльз"><v><l id="374680" t="чарльз"><g v="NOUN"></g><g v="anim"></g><g v="masc"></g><g v="Name"></g><g v="sing"></g><g v="nomn"></g></l></v></tfr></token><token id="659400" text="Такер"><tfr rev_id="1491503" t="Такер"><v><l id="0" t="такер"><g v="UNKN"></g></l></v></tfr></token><token id="659401" text=","><tfr rev_id="1491504" t=","><v><l id="0" t=","><g v="PNCT"></g></l></v></tfr></token><token id="659402" text="из"><tfr rev_id="2560576" t="из"><v><l id="117677" t="из"><g v="PREP"></g></l></v></tfr></token><token id="659403" text="результатов"><tfr rev_id="1491506" t="результатов"><v><l id="305391" t="результат"><g v="NOUN"></g><g v="inan"></g><g v="masc"></g><g v="plur"></g><g v="gent"></g></l></v></tfr></token><token id="659404" text="которого"><tfr rev_id="4103470" t="которого"><v><l id="141203" t="который"><g v="ADJF"></g><g v="Apro"></g><g v="Subx"></g><g v="Anph"></g><g v="masc"></g><g v="sing"></g><g v="gent"></g></l></v><v><l id="141203" t="который"><g v="ADJF"></g><g v="Apro"></g><g v="Subx"></g><g v="Anph"></g><g v="anim"></g><g v="masc"></g><g v="sing"></g><g v="accs"></g></l></v></tfr></token><token id="659405" text="отмечают"><tfr rev_id="1491508" t="отмечают"><v><l id="215600" t="отмечаю"><g v="VERB"></g><g v="impf"></g><g v="tran"></g><g v="plur"></g><g v="3per"></g><g v="pres"></g><g v="indc"></g></l></v></tfr></token><token id="659406" text="создание"><tfr rev_id="4571602" t="создание"><v><l id="328580" t="создание"><g v="NOUN"></g><g v="inan"></g><g v="neut"></g><g v="Inmx"></g><g v="sing"></g><g v="accs"></g></l></v></tfr></token><token id="659407" text="Xerox"><tfr rev_id="2475116" t="Xerox"><v><l id="0" t="Xerox"><g v="LATN"></g></l></v></tfr></token><token id="659408" text="Alto"><tfr rev_id="2475117" t="Alto"><v><l id="0" t="Alto"><g v="LATN"></g></l></v></tfr></token><token id="659409" text="("><tfr rev_id="1491512" t="("><v><l id="0" t="("><g v="PNCT"></g></l></v></tfr></token><token id="659410" text="похоже"><tfr rev_id="4368898" t="похоже"><v><l id="264396" t="похоже"><g v="CONJ"></g><g v="Prnt"></g></l></v><v><l id="264399" t="похож"><g v="ADJS"></g><g v="Qual"></g><g v="neut"></g><g v="sing"></g></l></v><v><l id="390510" t="похоже"><g v="ADVB"></g></l></v></tfr></token><token id="659411" text="именно"><tfr rev_id="1491514" t="именно"><v><l id="121584" t="именно"><g v="PRCL"></g></l></v></tfr></token><token id="659412" text="с"><tfr rev_id="1491515" t="с"><v><l id="311151" t="с"><g v="PREP"></g></l></v></tfr></token><token id="659413" text="него"><tfr rev_id="4528206" t="него"><v><l id="206541" t="он"><g v="NPRO"></g><g v="masc"></g><g v="3per"></g><g v="Anph"></g><g v="sing"></g><g v="gent"></g><g v="Af-p"></g></l></v><v><l id="206649" t="оно"><g v="NPRO"></g><g v="neut"></g><g v="3per"></g><g v="Anph"></g><g v="sing"></g><g v="gent"></g><g v="Af-p"></g></l></v></tfr></token><token id="659414" text="Джобс"><tfr rev_id="3721843" t="Джобс"><v><l id="389958" t="джобс"><g v="NOUN"></g><g v="anim"></g><g v="masc"></g><g v="Sgtm"></g><g v="Surn"></g><g v="sing"></g><g v="nomn"></g></l></v></tfr></token><token id="659415" text="стырил"><tfr rev_id="1491518" t="стырил"><v><l id="338444" t="стырил"><g v="VERB"></g><g v="perf"></g><g v="tran"></g><g v="masc"></g><g v="sing"></g><g v="past"></g><g v="indc"></g></l></v></tfr></token><token id="659416" text="мышку"><tfr rev_id="4163093" t="мышку"><v><l id="165955" t="мышка"><g v="NOUN"></g><g v="inan"></g><g v="femn"></g><g v="sing"></g><g v="accs"></g></l></v></tfr></token><token id="659417" text="и"><tfr rev_id="1491520" t="и"><v><l id="116949" t="и"><g v="CONJ"></g></l></v><v><l id="116950" t="и"><g v="INTJ"></g></l></v></tfr></token><token id="659418" text="графический"><tfr rev_id="3806586" t="графический"><v><l id="74818" t="графический"><g v="ADJF"></g><g v="inan"></g><g v="masc"></g><g v="sing"></g><g v="accs"></g></l></v></tfr></token><token id="659419" text="интерфейс"><tfr rev_id="4209649" t="интерфейс"><v><l id="123340" t="интерфейс"><g v="NOUN"></g><g v="inan"></g><g v="masc"></g><g v="sing"></g><g v="accs"></g></l></v></tfr></token><token id="659420" text="с"><tfr rev_id="1491523" t="с"><v><l id="311151" t="с"><g v="PREP"></g></l></v></tfr></token><token id="659421" text="пиктограмками"><tfr rev_id="1491524" t="пиктограмками"><v><l id="0" t="пиктограмками"><g v="UNKN"></g></l></v></tfr></token><token id="659422" text=")"><tfr rev_id="1491525" t=")"><v><l id="0" t=")"><g v="PNCT"></g></l></v></tfr></token><token id="659423" text="и"><tfr rev_id="1491526" t="и"><v><l id="116949" t="и"><g v="CONJ"></g></l></v><v><l id="116950" t="и"><g v="INTJ"></g></l></v></tfr></token><token id="659424" text="работы"><tfr rev_id="3741732" t="работы"><v><l id="290501" t="работа"><g v="NOUN"></g><g v="inan"></g><g v="femn"></g><g v="plur"></g><g v="accs"></g></l></v></tfr></token><token id="659425" text="по"><tfr rev_id="1491528" t="по"><v><l id="241240" t="по"><g v="PREP"></g></l></v></tfr></token><token id="659426" text="созданию"><tfr rev_id="4571749" t="созданию"><v><l id="328580" t="создание"><g v="NOUN"></g><g v="inan"></g><g v="neut"></g><g v="Inmx"></g><g v="sing"></g><g v="datv"></g></l></v></tfr></token><token id="659427" text="Ethernet"><tfr rev_id="2475118" t="Ethernet"><v><l id="0" t="Ethernet"><g v="LATN"></g></l></v></tfr></token><token id="659428" text="."><tfr rev_id="1491531" t="."><v><l id="0" t="."><g v="PNCT"></g></l></v></tfr></token></tokens></sentence><sentence id="36864"><source>Интересно, когда премию Тьюринга получит кто-то из россиян (я имею ввиду не эмигрантов и их потомков, а людей, живущих и работающих в России)?</source><tokens><token id="659429" text="Интересно"><tfr rev_id="1491532" t="Интересно"><v><l id="123170" t="интересно"><g v="ADVB"></g><g v="Prdx"></g></l></v><v><l id="123174" t="интересен"><g v="ADJS"></g><g v="Qual"></g><g v="neut"></g><g v="sing"></g></l></v></tfr></token><token id="659430" text=","><tfr rev_id="1491533" t=","><v><l id="0" t=","><g v="PNCT"></g></l></v></tfr></token><token id="659431" text="когда"><tfr rev_id="1491534" t="когда"><v><l id="135239" t="когда"><g v="CONJ"></g></l></v><v><l id="135240" t="когда"><g v="ADVB"></g><g v="Ques"></g></l></v></tfr></token><token id="659432" text="премию"><tfr rev_id="1491535" t="премию"><v><l id="267764" t="премия"><g v="NOUN"></g><g v="inan"></g><g v="femn"></g><g v="sing"></g><g v="accs"></g></l></v></tfr></token><token id="659433" text="Тьюринга"><tfr rev_id="4471665" t="Тьюринга"><v><l id="352313" t="тьюринг"><g v="NOUN"></g><g v="anim"></g><g v="masc"></g><g v="Sgtm"></g><g v="Surn"></g><g v="sing"></g><g v="gent"></g></l></v></tfr></token><token id="659434" text="получит"><tfr rev_id="1491537" t="получит"><v><l id="256959" t="получил"><g v="VERB"></g><g v="perf"></g><g v="tran"></g><g v="sing"></g><g v="3per"></g><g v="futr"></g><g v="indc"></g></l></v></tfr></token><token id="659435" text="кто-то"><tfr rev_id="1491538" t="кто-то"><v><l id="144219" t="кто-то"><g v="NPRO"></g><g v="masc"></g><g v="sing"></g><g v="nomn"></g></l></v></tfr></token><token id="659436" text="из"><tfr rev_id="2604365" t="из"><v><l id="117677" t="из"><g v="PREP"></g></l></v></tfr></token><token id="659437" text="россиян"><tfr rev_id="3538112" t="россиян"><v><l id="309323" t="россиянин"><g v="NOUN"></g><g v="anim"></g><g v="masc"></g><g v="plur"></g><g v="gent"></g></l></v></tfr></token><token id="659438" text="("><tfr rev_id="1491541" t="("><v><l id="0" t="("><g v="PNCT"></g></l></v></tfr></token><token id="659439" text="я"><tfr rev_id="1491542" t="я"><v><l id="387317" t="я"><g v="NPRO"></g><g v="1per"></g><g v="sing"></g><g v="nomn"></g></l></v></tfr></token><token id="659440" text="имею"><tfr rev_id="1491543" t="имею"><v><l id="121610" t="имею"><g v="VERB"></g><g v="impf"></g><g v="tran"></g><g v="sing"></g><g v="1per"></g><g v="pres"></g><g v="indc"></g></l></v></tfr></token><token id="659441" text="ввиду"><tfr rev_id="1491544" t="ввиду"><v><l id="39734" t="ввиду"><g v="PREP"></g></l></v></tfr></token><token id="659442" text="не"><tfr rev_id="1491545" t="не"><v><l id="178876" t="не"><g v="PRCL"></g></l></v></tfr></token><token id="659443" text="эмигрантов"><tfr rev_id="4098111" t="эмигрантов"><v><l id="385181" t="эмигрант"><g v="NOUN"></g><g v="anim"></g><g v="masc"></g><g v="plur"></g><g v="accs"></g></l></v></tfr></token><token id="659444" text="и"><tfr rev_id="1491547" t="и"><v><l id="116949" t="и"><g v="CONJ"></g></l></v><v><l id="116950" t="и"><g v="INTJ"></g></l></v></tfr></token><token id="659445" text="их"><tfr rev_id="4473152" t="их"><v><l id="127205" t="их"><g v="ADJF"></g><g v="Fixd"></g><g v="Apro"></g><g v="Anph"></g><g v="plur"></g><g v="nomn"></g></l></v><v><l id="127205" t="их"><g v="ADJF"></g><g v="Fixd"></g><g v="Apro"></g><g v="Anph"></g><g v="plur"></g><g v="gent"></g></l></v><v><l id="127205" t="их"><g v="ADJF"></g><g v="Fixd"></g><g v="Apro"></g><g v="Anph"></g><g v="plur"></g><g v="datv"></g></l></v><v><l id="127205" t="их"><g v="ADJF"></g><g v="Fixd"></g><g v="Apro"></g><g v="Anph"></g><g v="plur"></g><g v="accs"></g></l></v><v><l id="127205" t="их"><g v="ADJF"></g><g v="Fixd"></g><g v="Apro"></g><g v="Anph"></g><g v="plur"></g><g v="ablt"></g></l></v><v><l id="127205" t="их"><g v="ADJF"></g><g v="Fixd"></g><g v="Apro"></g><g v="Anph"></g><g v="plur"></g><g v="loct"></g></l></v></tfr></token><token id="659446" text="потомков"><tfr rev_id="4382652" t="потомков"><v><l id="263330" t="потомок"><g v="NOUN"></g><g v="anim"></g><g v="masc"></g><g v="plur"></g><g v="accs"></g></l></v></tfr></token><token id="659447" text=","><tfr rev_id="1491550" t=","><v><l id="0" t=","><g v="PNCT"></g></l></v></tfr></token><token id="659448" text="а"><tfr rev_id="3410642" t="а"><v><l id="51" t="а"><g v="CONJ"></g></l></v></tfr></token><token id="659449" text="людей"><tfr rev_id="2928445" t="людей"><v><l id="375073" t="человек"><g v="NOUN"></g><g v="anim"></g><g v="masc"></g><g v="plur"></g><g v="accs"></g></l></v></tfr></token><token id="659450" text=","><tfr rev_id="1491553" t=","><v><l id="0" t=","><g v="PNCT"></g></l></v></tfr></token><token id="659451" text="живущих"><tfr rev_id="3944120" t="живущих"><v><l id="97605" t="живущий"><g v="PRTF"></g><g v="impf"></g><g v="intr"></g><g v="pres"></g><g v="actv"></g><g v="anim"></g><g v="plur"></g><g v="accs"></g></l></v></tfr></token><token id="659452" text="и"><tfr rev_id="1491555" t="и"><v><l id="116949" t="и"><g v="CONJ"></g></l></v><v><l id="116950" t="и"><g v="INTJ"></g></l></v></tfr></token><token id="659453" text="работающих"><tfr rev_id="3944256" t="работающих"><v><l id="290504" t="работающий"><g v="PRTF"></g><g v="impf"></g><g v="intr"></g><g v="pres"></g><g v="actv"></g><g v="anim"></g><g v="plur"></g><g v="accs"></g></l></v></tfr></token><token id="659454" text="в"><tfr rev_id="1491557" t="в"><v><l id="37409" t="в"><g v="PREP"></g></l></v></tfr></token><token id="659455" text="России"><tfr rev_id="3457014" t="России"><v><l id="309322" t="россия"><g v="NOUN"></g><g v="inan"></g><g v="femn"></g><g v="Sgtm"></g><g v="Geox"></g><g v="sing"></g><g v="loct"></g></l></v></tfr></token><token id="659456" text=")"><tfr rev_id="1491559" t=")"><v><l id="0" t=")"><g v="PNCT"></g></l></v></tfr></token><token id="659457" text="?"><tfr rev_id="1491560" t="?"><v><l id="0" t="?"><g v="PNCT"></g></l></v></tfr></token></tokens></sentence><sentence id="36865"><source>Когда сборная России станет чемпионом мира по футболу? :)</source><tokens><token id="659458" text="Когда"><tfr rev_id="1491561" t="Когда"><v><l id="135239" t="когда"><g v="CONJ"></g></l></v><v><l id="135240" t="когда"><g v="ADVB"></g><g v="Ques"></g></l></v></tfr></token><token id="659459" text="сборная"><tfr rev_id="4234730" t="сборная"><v><l id="314367" t="сборная"><g v="NOUN"></g><g v="inan"></g><g v="femn"></g><g v="sing"></g><g v="nomn"></g></l></v></tfr></token><token id="659460" text="России"><tfr rev_id="2934796" t="России"><v><l id="309322" t="россия"><g v="NOUN"></g><g v="inan"></g><g v="femn"></g><g v="Sgtm"></g><g v="Geox"></g><g v="sing"></g><g v="gent"></g></l></v></tfr></token><token id="659461" text="станет"><tfr rev_id="1491564" t="станет"><v><l id="335164" t="стал"><g v="VERB"></g><g v="perf"></g><g v="intr"></g><g v="sing"></g><g v="3per"></g><g v="futr"></g><g v="indc"></g></l></v></tfr></token><token id="659462" text="чемпионом"><tfr rev_id="1491565" t="чемпионом"><v><l id="375185" t="чемпион"><g v="NOUN"></g><g v="anim"></g><g v="masc"></g><g v="sing"></g><g v="ablt"></g></l></v></tfr></token><token id="659463" text="мира"><tfr rev_id="3717845" t="мира"><v><l id="160807" t="мир"><g v="NOUN"></g><g v="inan"></g><g v="masc"></g><g v="sing"></g><g v="gen1"></g></l></v></tfr></token><token id="659464" text="по"><tfr rev_id="1491567" t="по"><v><l id="241240" t="по"><g v="PREP"></g></l></v></tfr></token><token id="659465" text="футболу"><tfr rev_id="1491568" t="футболу"><v><l id="368772" t="футбол"><g v="NOUN"></g><g v="inan"></g><g v="masc"></g><g v="sing"></g><g v="datv"></g></l></v></tfr></token><token id="659466" text="?"><tfr rev_id="1491569" t="?"><v><l id="0" t="?"><g v="PNCT"></g></l></v></tfr></token><token id="659467" text=":)"><tfr rev_id="1491570" t=":)"><v><l id="0" t=":)"><g v="PNCT"></g></l></v></tfr></token></tokens></sentence></paragraph></paragraphs></text>