<?xml version="1.0" encoding="utf-8"?><text id="1287" parent="602" name="0064662 проблемы референции"><tags><tag>url:http://l-i-d-y-a.livejournal.com/64662.html</tag><tag>Год:2008</tag><tag>Дата:03/11</tag><tag>Время:21:34</tag><tag>ЖЖ:Метка:забавно</tag><tag>ЖЖ:Метка:семейное</tag></tags><paragraphs><paragraph id="11810"><sentence id="36935"><source>проблемы референции</source><tokens><token id="660676" text="проблемы"><tfr rev_id="3802062" t="проблемы"><v><l id="277255" t="проблема"><g v="NOUN"></g><g v="inan"></g><g v="femn"></g><g v="plur"></g><g v="nomn"></g></l></v></tfr></token><token id="660677" text="референции"><tfr rev_id="4286433" t="референции"><v><l id="307038" t="референция"><g v="NOUN"></g><g v="inan"></g><g v="femn"></g><g v="sing"></g><g v="gent"></g></l></v></tfr></token></tokens></sentence></paragraph><paragraph id="11811"><sentence id="36936"><source>- Ты не мог бы налить чаю себе и мне?</source><tokens><token id="660678" text="-"><tfr rev_id="1492776" t="-"><v><l id="0" t="-"><g v="PNCT"></g></l></v></tfr></token><token id="660679" text="Ты"><tfr rev_id="1492777" t="Ты"><v><l id="352128" t="ты"><g v="NPRO"></g><g v="2per"></g><g v="sing"></g><g v="nomn"></g></l></v></tfr></token><token id="660680" text="не"><tfr rev_id="1492778" t="не"><v><l id="178876" t="не"><g v="PRCL"></g></l></v></tfr></token><token id="660681" text="мог"><tfr rev_id="1492779" t="мог"><v><l id="164485" t="могу"><g v="VERB"></g><g v="impf"></g><g v="intr"></g><g v="masc"></g><g v="sing"></g><g v="past"></g><g v="indc"></g></l></v></tfr></token><token id="660682" text="бы"><tfr rev_id="1492780" t="бы"><v><l id="36985" t="бы"><g v="PRCL"></g></l></v></tfr></token><token id="660683" text="налить"><tfr rev_id="1492781" t="налить"><v><l id="172004" t="налить"><g v="INFN"></g><g v="perf"></g><g v="tran"></g></l></v></tfr></token><token id="660684" text="чаю"><tfr rev_id="3465707" t="чаю"><v><l id="374560" t="чай"><g v="NOUN"></g><g v="inan"></g><g v="masc"></g><g v="sing"></g><g v="gen2"></g></l></v></tfr></token><token id="660685" text="себе"><tfr rev_id="4399418" t="себе"><v><l id="317456" t="себя"><g v="NPRO"></g><g v="Anph"></g><g v="sing"></g><g v="datv"></g></l></v></tfr></token><token id="660686" text="и"><tfr rev_id="1492784" t="и"><v><l id="116949" t="и"><g v="CONJ"></g></l></v><v><l id="116950" t="и"><g v="INTJ"></g></l></v></tfr></token><token id="660687" text="мне"><tfr rev_id="4208743" t="мне"><v><l id="387317" t="я"><g v="NPRO"></g><g v="1per"></g><g v="sing"></g><g v="datv"></g></l></v></tfr></token><token id="660688" text="?"><tfr rev_id="1492786" t="?"><v><l id="0" t="?"><g v="PNCT"></g></l></v></tfr></token></tokens></sentence></paragraph><paragraph id="11812"><sentence id="36937"><source>- Себе и мне? - пауза - А тебе?</source><tokens><token id="660689" text="-"><tfr rev_id="1492787" t="-"><v><l id="0" t="-"><g v="PNCT"></g></l></v></tfr></token><token id="660690" text="Себе"><tfr rev_id="3635842" t="Себе"><v><l id="317447" t="себе"><g v="PRCL"></g></l></v><v><l id="317456" t="себя"><g v="NPRO"></g><g v="Anph"></g><g v="sing"></g><g v="datv"></g></l></v><v><l id="317456" t="себя"><g v="NPRO"></g><g v="Anph"></g><g v="sing"></g><g v="loct"></g></l></v></tfr></token><token id="660691" text="и"><tfr rev_id="3486536" t="и"><v><l id="116949" t="и"><g v="CONJ"></g></l></v></tfr></token><token id="660692" text="мне"><tfr rev_id="4201414" t="мне"><v><l id="387317" t="я"><g v="NPRO"></g><g v="1per"></g><g v="sing"></g><g v="datv"></g></l></v></tfr></token><token id="660693" text="?"><tfr rev_id="1492791" t="?"><v><l id="0" t="?"><g v="PNCT"></g></l></v></tfr></token><token id="660694" text="-"><tfr rev_id="1492792" t="-"><v><l id="0" t="-"><g v="PNCT"></g></l></v></tfr></token><token id="660695" text="пауза"><tfr rev_id="1492793" t="пауза"><v><l id="225223" t="пауза"><g v="NOUN"></g><g v="inan"></g><g v="femn"></g><g v="sing"></g><g v="nomn"></g></l></v></tfr></token><token id="660696" text="-"><tfr rev_id="1492794" t="-"><v><l id="0" t="-"><g v="PNCT"></g></l></v></tfr></token><token id="660697" text="А"><tfr rev_id="1492795" t="А"><v><l id="51" t="а"><g v="CONJ"></g></l></v><v><l id="52" t="а"><g v="INTJ"></g></l></v><v><l id="53" t="а"><g v="PRCL"></g></l></v></tfr></token><token id="660698" text="тебе"><tfr rev_id="4236606" t="тебе"><v><l id="352128" t="ты"><g v="NPRO"></g><g v="2per"></g><g v="sing"></g><g v="datv"></g></l></v></tfr></token><token id="660699" text="?"><tfr rev_id="1492797" t="?"><v><l id="0" t="?"><g v="PNCT"></g></l></v></tfr></token></tokens></sentence></paragraph></paragraphs></text>