<?xml version="1.0" encoding="utf-8"?><text id="1305" parent="56" name="Из-за извержения исландского вулкана отменяются авиарейсы на севере Европы"><tags><tag>Автор:http://ru.wikinews.org/wiki/Участник:Dodonov</tag><tag>url:http://ru.wikinews.org/w/index.php?title=Из-за_извержения_исландского_вулкана_отменяются_авиарейсы_на_севере_Европы&amp;oldid=61954</tag><tag>Тема:ВикиКатегория:Вулканы</tag><tag>Гео:ВикиКатегория:Исландия</tag><tag>Тема:ВикиКатегория:Эйяфьятлайокудль</tag><tag>Дата:15/04</tag><tag>Год:2010</tag></tags><paragraphs><paragraph id="11945"><sentence id="37228"><source>Ещё в конце февраля 2010 года Метеорологическии институт Исландии обнаружил движение земной коры.</source><tokens><token id="665001" text="Ещё"><tfr rev_id="1497096" t="Ещё"><v><l id="95551" t="ещё"><g v="PRCL"></g></l></v><v><l id="95552" t="ещё"><g v="ADVB"></g></l></v></tfr></token><token id="665002" text="в"><tfr rev_id="1497097" t="в"><v><l id="37409" t="в"><g v="PREP"></g></l></v></tfr></token><token id="665003" text="конце"><tfr rev_id="1497098" t="конце"><v><l id="137815" t="конец"><g v="NOUN"></g><g v="inan"></g><g v="masc"></g><g v="sing"></g><g v="loct"></g></l></v></tfr></token><token id="665004" text="февраля"><tfr rev_id="1497099" t="февраля"><v><l id="364920" t="февраль"><g v="NOUN"></g><g v="inan"></g><g v="masc"></g><g v="sing"></g><g v="gent"></g></l></v></tfr></token><token id="665005" text="2010"><tfr rev_id="2462469" t="2010"><v><l id="0" t="2010"><g v="NUMB"></g></l></v></tfr></token><token id="665006" text="года"><tfr rev_id="3505272" t="года"><v><l id="72149" t="год"><g v="NOUN"></g><g v="inan"></g><g v="masc"></g><g v="sing"></g><g v="gen1"></g></l></v></tfr></token><token id="665007" text="Метеорологическии"><tfr rev_id="1497102" t="Метеорологическии"><v><l id="0" t="метеорологическии"><g v="UNKN"></g></l></v></tfr></token><token id="665008" text="институт"><tfr rev_id="3555904" t="институт"><v><l id="122879" t="институт"><g v="NOUN"></g><g v="inan"></g><g v="masc"></g><g v="sing"></g><g v="nomn"></g></l></v></tfr></token><token id="665009" text="Исландии"><tfr rev_id="2602243" t="Исландии"><v><l id="124943" t="исландия"><g v="NOUN"></g><g v="inan"></g><g v="femn"></g><g v="Sgtm"></g><g v="Geox"></g><g v="sing"></g><g v="gent"></g></l></v></tfr></token><token id="665010" text="обнаружил"><tfr rev_id="1497105" t="обнаружил"><v><l id="197779" t="обнаружил"><g v="VERB"></g><g v="perf"></g><g v="tran"></g><g v="masc"></g><g v="sing"></g><g v="past"></g><g v="indc"></g></l></v></tfr></token><token id="665011" text="движение"><tfr rev_id="3551538" t="движение"><v><l id="78833" t="движение"><g v="NOUN"></g><g v="inan"></g><g v="neut"></g><g v="sing"></g><g v="accs"></g></l></v></tfr></token><token id="665012" text="земной"><tfr rev_id="4316797" t="земной"><v><l id="115119" t="земной"><g v="ADJF"></g><g v="femn"></g><g v="sing"></g><g v="gent"></g></l></v></tfr></token><token id="665013" text="коры"><tfr rev_id="1497108" t="коры"><v><l id="139468" t="кора"><g v="NOUN"></g><g v="inan"></g><g v="femn"></g><g v="Sgtm"></g><g v="sing"></g><g v="gent"></g></l></v></tfr></token><token id="665014" text="."><tfr rev_id="1497109" t="."><v><l id="0" t="."><g v="PNCT"></g></l></v></tfr></token></tokens></sentence><sentence id="37229"><source>Сейсмическая активность всё увеличивалась и вот 20 марта началось извержение считавшегося спящим вулкана под ледником Эйяфьядлайёкюдль на юге Исландии.</source><tokens><token id="665015" text="Сейсмическая"><tfr rev_id="1497110" t="Сейсмическая"><v><l id="317905" t="сейсмический"><g v="ADJF"></g><g v="femn"></g><g v="sing"></g><g v="nomn"></g></l></v></tfr></token><token id="665016" text="активность"><tfr rev_id="1497111" t="активность"><v><l id="7664" t="активность"><g v="NOUN"></g><g v="inan"></g><g v="femn"></g><g v="sing"></g><g v="nomn"></g></l></v><v><l id="7664" t="активность"><g v="NOUN"></g><g v="inan"></g><g v="femn"></g><g v="sing"></g><g v="accs"></g></l></v></tfr></token><token id="665017" text="всё"><tfr rev_id="4517130" t="всё"><v><l id="390209" t="всё"><g v="PRCL"></g></l></v></tfr></token><token id="665018" text="увеличивалась"><tfr rev_id="1497113" t="увеличивалась"><v><l id="353388" t="увеличиваюсь"><g v="VERB"></g><g v="impf"></g><g v="intr"></g><g v="femn"></g><g v="sing"></g><g v="past"></g><g v="indc"></g></l></v></tfr></token><token id="665019" text="и"><tfr rev_id="3445929" t="и"><v><l id="116949" t="и"><g v="CONJ"></g></l></v></tfr></token><token id="665020" text="вот"><tfr rev_id="3363397" t="вот"><v><l id="52157" t="вот"><g v="PRCL"></g></l></v></tfr></token><token id="665021" text="20"><tfr rev_id="2462470" t="20"><v><l id="0" t="20"><g v="NUMB"></g></l></v></tfr></token><token id="665022" text="марта"><tfr rev_id="4337514" t="марта"><v><l id="155465" t="март"><g v="NOUN"></g><g v="inan"></g><g v="masc"></g><g v="sing"></g><g v="gent"></g></l></v></tfr></token><token id="665023" text="началось"><tfr rev_id="1497118" t="началось"><v><l id="178230" t="начался"><g v="VERB"></g><g v="perf"></g><g v="intr"></g><g v="neut"></g><g v="sing"></g><g v="past"></g><g v="indc"></g></l></v></tfr></token><token id="665024" text="извержение"><tfr rev_id="1497119" t="извержение"><v><l id="118068" t="извержение"><g v="NOUN"></g><g v="inan"></g><g v="neut"></g><g v="sing"></g><g v="nomn"></g></l></v><v><l id="118068" t="извержение"><g v="NOUN"></g><g v="inan"></g><g v="neut"></g><g v="sing"></g><g v="accs"></g></l></v></tfr></token><token id="665025" text="считавшегося"><tfr rev_id="3443223" t="считавшегося"><v><l id="341338" t="считавшийся"><g v="PRTF"></g><g v="impf"></g><g v="intr"></g><g v="past"></g><g v="actv"></g><g v="masc"></g><g v="sing"></g><g v="gent"></g></l></v><v><l id="341338" t="считавшийся"><g v="PRTF"></g><g v="impf"></g><g v="intr"></g><g v="past"></g><g v="actv"></g><g v="anim"></g><g v="masc"></g><g v="sing"></g><g v="accs"></g></l></v></tfr></token><token id="665026" text="спящим"><tfr rev_id="4360295" t="спящим"><v><l id="331613" t="спящий"><g v="PRTF"></g><g v="impf"></g><g v="intr"></g><g v="pres"></g><g v="actv"></g><g v="Adjx"></g><g v="masc"></g><g v="sing"></g><g v="ablt"></g></l></v></tfr></token><token id="665027" text="вулкана"><tfr rev_id="1497122" t="вулкана"><v><l id="55258" t="вулкан"><g v="NOUN"></g><g v="inan"></g><g v="masc"></g><g v="sing"></g><g v="gent"></g></l></v></tfr></token><token id="665028" text="под"><tfr rev_id="2602936" t="под"><v><l id="243755" t="под"><g v="PREP"></g></l></v></tfr></token><token id="665029" text="ледником"><tfr rev_id="1497124" t="ледником"><v><l id="147719" t="ледник"><g v="NOUN"></g><g v="inan"></g><g v="masc"></g><g v="sing"></g><g v="ablt"></g></l></v></tfr></token><token id="665030" text="Эйяфьядлайёкюдль"><tfr rev_id="1497125" t="Эйяфьядлайёкюдль"><v><l id="0" t="эйяфьядлайёкюдль"><g v="UNKN"></g></l></v></tfr></token><token id="665031" text="на"><tfr rev_id="3345512" t="на"><v><l id="166264" t="на"><g v="PREP"></g></l></v></tfr></token><token id="665032" text="юге"><tfr rev_id="1497127" t="юге"><v><l id="386779" t="юг"><g v="NOUN"></g><g v="inan"></g><g v="masc"></g><g v="sing"></g><g v="loct"></g></l></v></tfr></token><token id="665033" text="Исландии"><tfr rev_id="2922515" t="Исландии"><v><l id="124943" t="исландия"><g v="NOUN"></g><g v="inan"></g><g v="femn"></g><g v="Sgtm"></g><g v="Geox"></g><g v="sing"></g><g v="gent"></g></l></v></tfr></token><token id="665034" text="."><tfr rev_id="1497129" t="."><v><l id="0" t="."><g v="PNCT"></g></l></v></tfr></token></tokens></sentence><sentence id="37230"><source>14 апреля извержение стало интенсивнее, были эвакуированы свыше 700 человек живущих недалеко от вулкана, однако оказались под ударом и жители континентальной Европы.</source><tokens><token id="665035" text="14"><tfr rev_id="2462471" t="14"><v><l id="0" t="14"><g v="NUMB"></g></l></v></tfr></token><token id="665036" text="апреля"><tfr rev_id="1497131" t="апреля"><v><l id="15509" t="апрель"><g v="NOUN"></g><g v="inan"></g><g v="masc"></g><g v="sing"></g><g v="gent"></g></l></v></tfr></token><token id="665037" text="извержение"><tfr rev_id="4348484" t="извержение"><v><l id="118068" t="извержение"><g v="NOUN"></g><g v="inan"></g><g v="neut"></g><g v="sing"></g><g v="nomn"></g></l></v></tfr></token><token id="665038" text="стало"><tfr rev_id="1497133" t="стало"><v><l id="335164" t="стал"><g v="VERB"></g><g v="perf"></g><g v="intr"></g><g v="neut"></g><g v="sing"></g><g v="past"></g><g v="indc"></g></l></v></tfr></token><token id="665039" text="интенсивнее"><tfr rev_id="1497134" t="интенсивнее"><v><l id="123093" t="интенсивнее"><g v="COMP"></g><g v="Qual"></g></l></v></tfr></token><token id="665040" text=","><tfr rev_id="1497135" t=","><v><l id="0" t=","><g v="PNCT"></g></l></v></tfr></token><token id="665041" text="были"><tfr rev_id="1714713" t="были"><v><l id="37265" t="есть"><g v="VERB"></g><g v="impf"></g><g v="intr"></g><g v="plur"></g><g v="past"></g><g v="indc"></g></l></v></tfr></token><token id="665042" text="эвакуированы"><tfr rev_id="1497137" t="эвакуированы"><v><l id="382728" t="эвакуирован"><g v="PRTS"></g><g v="perf"></g><g v="past"></g><g v="pssv"></g><g v="plur"></g></l></v><v><l id="382729" t="эвакуирован"><g v="PRTS"></g><g v="impf"></g><g v="past"></g><g v="pssv"></g><g v="plur"></g></l></v></tfr></token><token id="665043" text="свыше"><tfr rev_id="4422002" t="свыше"><v><l id="316524" t="свыше"><g v="PREP"></g></l></v></tfr></token><token id="665044" text="700"><tfr rev_id="2462472" t="700"><v><l id="0" t="700"><g v="NUMB"></g></l></v></tfr></token><token id="665045" text="человек"><tfr rev_id="3488747" t="человек"><v><l id="375073" t="человек"><g v="NOUN"></g><g v="anim"></g><g v="masc"></g><g v="plur"></g><g v="gent"></g></l></v></tfr></token><token id="665046" text="живущих"><tfr rev_id="1497141" t="живущих"><v><l id="97605" t="живущий"><g v="PRTF"></g><g v="impf"></g><g v="intr"></g><g v="pres"></g><g v="actv"></g><g v="plur"></g><g v="gent"></g></l></v><v><l id="97605" t="живущий"><g v="PRTF"></g><g v="impf"></g><g v="intr"></g><g v="pres"></g><g v="actv"></g><g v="anim"></g><g v="plur"></g><g v="accs"></g></l></v><v><l id="97605" t="живущий"><g v="PRTF"></g><g v="impf"></g><g v="intr"></g><g v="pres"></g><g v="actv"></g><g v="plur"></g><g v="loct"></g></l></v></tfr></token><token id="665047" text="недалеко"><tfr rev_id="1497142" t="недалеко"><v><l id="180627" t="недалёк"><g v="ADJS"></g><g v="neut"></g><g v="sing"></g></l></v><v><l id="180627" t="недалёк"><g v="ADJS"></g><g v="neut"></g><g v="sing"></g></l></v><v><l id="180629" t="недалеко"><g v="ADVB"></g></l></v></tfr></token><token id="665048" text="от"><tfr rev_id="1497143" t="от"><v><l id="211644" t="от"><g v="PREP"></g></l></v></tfr></token><token id="665049" text="вулкана"><tfr rev_id="1497144" t="вулкана"><v><l id="55258" t="вулкан"><g v="NOUN"></g><g v="inan"></g><g v="masc"></g><g v="sing"></g><g v="gent"></g></l></v></tfr></token><token id="665050" text=","><tfr rev_id="1497145" t=","><v><l id="0" t=","><g v="PNCT"></g></l></v></tfr></token><token id="665051" text="однако"><tfr rev_id="3529856" t="однако"><v><l id="203387" t="однако"><g v="CONJ"></g><g v="Prnt"></g></l></v></tfr></token><token id="665052" text="оказались"><tfr rev_id="1497147" t="оказались"><v><l id="204462" t="оказался"><g v="VERB"></g><g v="perf"></g><g v="intr"></g><g v="plur"></g><g v="past"></g><g v="indc"></g></l></v></tfr></token><token id="665053" text="под"><tfr rev_id="1717719" t="под"><v><l id="243755" t="под"><g v="PREP"></g></l></v></tfr></token><token id="665054" text="ударом"><tfr rev_id="1497149" t="ударом"><v><l id="354672" t="удар"><g v="NOUN"></g><g v="inan"></g><g v="masc"></g><g v="sing"></g><g v="ablt"></g></l></v></tfr></token><token id="665055" text="и"><tfr rev_id="1497150" t="и"><v><l id="116949" t="и"><g v="CONJ"></g></l></v><v><l id="116950" t="и"><g v="INTJ"></g></l></v></tfr></token><token id="665056" text="жители"><tfr rev_id="1497151" t="жители"><v><l id="97562" t="житель"><g v="NOUN"></g><g v="anim"></g><g v="masc"></g><g v="plur"></g><g v="nomn"></g></l></v></tfr></token><token id="665057" text="континентальной"><tfr rev_id="4170921" t="континентальной"><v><l id="138367" t="континентальный"><g v="ADJF"></g><g v="femn"></g><g v="sing"></g><g v="gent"></g></l></v></tfr></token><token id="665058" text="Европы"><tfr rev_id="1497153" t="Европы"><v><l id="94019" t="европа"><g v="NOUN"></g><g v="inan"></g><g v="femn"></g><g v="Sgtm"></g><g v="Geox"></g><g v="sing"></g><g v="gent"></g></l></v></tfr></token><token id="665059" text="."><tfr rev_id="1497154" t="."><v><l id="0" t="."><g v="PNCT"></g></l></v></tfr></token></tokens></sentence></paragraph><paragraph id="11946"><sentence id="37231"><source>Дело в том, что в воздух при извержении попало большое количество вулканического пепла.</source><tokens><token id="665060" text="Дело"><tfr rev_id="1715168" t="Дело"><v><l id="80628" t="дело"><g v="NOUN"></g><g v="inan"></g><g v="neut"></g><g v="sing"></g><g v="nomn"></g></l></v><v><l id="80628" t="дело"><g v="NOUN"></g><g v="inan"></g><g v="neut"></g><g v="sing"></g><g v="accs"></g></l></v></tfr></token><token id="665061" text="в"><tfr rev_id="1497156" t="в"><v><l id="37409" t="в"><g v="PREP"></g></l></v></tfr></token><token id="665062" text="том"><tfr rev_id="4292413" t="том"><v><l id="348430" t="тот"><g v="ADJF"></g><g v="Subx"></g><g v="Apro"></g><g v="Anph"></g><g v="masc"></g><g v="sing"></g><g v="loct"></g></l></v><v><l id="348430" t="тот"><g v="ADJF"></g><g v="Subx"></g><g v="Apro"></g><g v="Anph"></g><g v="neut"></g><g v="sing"></g><g v="loct"></g></l></v></tfr></token><token id="665063" text=","><tfr rev_id="1497158" t=","><v><l id="0" t=","><g v="PNCT"></g></l></v></tfr></token><token id="665064" text="что"><tfr rev_id="4204209" t="что"><v><l id="377004" t="что"><g v="CONJ"></g></l></v></tfr></token><token id="665065" text="в"><tfr rev_id="1497160" t="в"><v><l id="37409" t="в"><g v="PREP"></g></l></v></tfr></token><token id="665066" text="воздух"><tfr rev_id="1497161" t="воздух"><v><l id="49093" t="воздух"><g v="NOUN"></g><g v="inan"></g><g v="masc"></g><g v="sing"></g><g v="nomn"></g></l></v><v><l id="49093" t="воздух"><g v="NOUN"></g><g v="inan"></g><g v="masc"></g><g v="sing"></g><g v="accs"></g></l></v></tfr></token><token id="665067" text="при"><tfr rev_id="2605102" t="при"><v><l id="268625" t="при"><g v="PREP"></g></l></v></tfr></token><token id="665068" text="извержении"><tfr rev_id="1497163" t="извержении"><v><l id="118068" t="извержение"><g v="NOUN"></g><g v="inan"></g><g v="neut"></g><g v="sing"></g><g v="loct"></g></l></v></tfr></token><token id="665069" text="попало"><tfr rev_id="1497164" t="попало"><v><l id="259025" t="попал"><g v="VERB"></g><g v="perf"></g><g v="intr"></g><g v="neut"></g><g v="sing"></g><g v="past"></g><g v="indc"></g></l></v></tfr></token><token id="665070" text="большое"><tfr rev_id="1497165" t="большое"><v><l id="32445" t="большой"><g v="ADJF"></g><g v="Qual"></g><g v="neut"></g><g v="sing"></g><g v="nomn"></g></l></v><v><l id="32445" t="большой"><g v="ADJF"></g><g v="Qual"></g><g v="neut"></g><g v="sing"></g><g v="accs"></g></l></v></tfr></token><token id="665071" text="количество"><tfr rev_id="3715453" t="количество"><v><l id="135983" t="количество"><g v="NOUN"></g><g v="inan"></g><g v="neut"></g><g v="sing"></g><g v="nomn"></g></l></v></tfr></token><token id="665072" text="вулканического"><tfr rev_id="4414965" t="вулканического"><v><l id="55298" t="вулканический"><g v="ADJF"></g><g v="masc"></g><g v="sing"></g><g v="gent"></g></l></v></tfr></token><token id="665073" text="пепла"><tfr rev_id="1497168" t="пепла"><v><l id="226148" t="пепел"><g v="NOUN"></g><g v="inan"></g><g v="masc"></g><g v="sing"></g><g v="gen1"></g></l></v></tfr></token><token id="665074" text="."><tfr rev_id="1497169" t="."><v><l id="0" t="."><g v="PNCT"></g></l></v></tfr></token></tokens></sentence><sentence id="37232"><source>Этот пепел не похож на всем известный пепел от бумаги, а скорее представляет собой мельчайшие осколки обсидиана, что, разумеется, очень опасно для двигателей самолётов попавших в столб вулканического пепла.</source><tokens><token id="665075" text="Этот"><tfr rev_id="4432140" t="Этот"><v><l id="386581" t="этот"><g v="ADJF"></g><g v="Subx"></g><g v="Apro"></g><g v="Anph"></g><g v="masc"></g><g v="sing"></g><g v="nomn"></g></l></v><v><l id="386581" t="этот"><g v="ADJF"></g><g v="Subx"></g><g v="Apro"></g><g v="Anph"></g><g v="inan"></g><g v="masc"></g><g v="sing"></g><g v="accs"></g></l></v></tfr></token><token id="665076" text="пепел"><tfr rev_id="3552412" t="пепел"><v><l id="226148" t="пепел"><g v="NOUN"></g><g v="inan"></g><g v="masc"></g><g v="sing"></g><g v="nomn"></g></l></v></tfr></token><token id="665077" text="не"><tfr rev_id="1497172" t="не"><v><l id="178876" t="не"><g v="PRCL"></g></l></v></tfr></token><token id="665078" text="похож"><tfr rev_id="1497173" t="похож"><v><l id="264399" t="похож"><g v="ADJS"></g><g v="Qual"></g><g v="masc"></g><g v="sing"></g></l></v></tfr></token><token id="665079" text="на"><tfr rev_id="3336806" t="на"><v><l id="166264" t="на"><g v="PREP"></g></l></v></tfr></token><token id="665080" text="всем"><tfr rev_id="4130515" t="всем"><v><l id="42156" t="весь"><g v="ADJF"></g><g v="Subx"></g><g v="Apro"></g><g v="plur"></g><g v="datv"></g></l></v></tfr></token><token id="665081" text="известный"><tfr rev_id="3667555" t="известный"><v><l id="118144" t="известный"><g v="ADJF"></g><g v="Qual"></g><g v="inan"></g><g v="masc"></g><g v="sing"></g><g v="accs"></g></l></v></tfr></token><token id="665082" text="пепел"><tfr rev_id="3417038" t="пепел"><v><l id="226148" t="пепел"><g v="NOUN"></g><g v="inan"></g><g v="masc"></g><g v="sing"></g><g v="accs"></g></l></v></tfr></token><token id="665083" text="от"><tfr rev_id="1497178" t="от"><v><l id="211644" t="от"><g v="PREP"></g></l></v></tfr></token><token id="665084" text="бумаги"><tfr rev_id="3508983" t="бумаги"><v><l id="35732" t="бумага"><g v="NOUN"></g><g v="inan"></g><g v="femn"></g><g v="sing"></g><g v="gent"></g></l></v></tfr></token><token id="665085" text=","><tfr rev_id="1497180" t=","><v><l id="0" t=","><g v="PNCT"></g></l></v></tfr></token><token id="665086" text="а"><tfr rev_id="3410684" t="а"><v><l id="51" t="а"><g v="CONJ"></g></l></v></tfr></token><token id="665087" text="скорее"><tfr rev_id="3423654" t="скорее"><v><l id="323379" t="скорее"><g v="COMP"></g><g v="Qual"></g></l></v><v><l id="388718" t="скорее"><g v="CONJ"></g><g v="Prnt"></g></l></v></tfr></token><token id="665088" text="представляет"><tfr rev_id="1497183" t="представляет"><v><l id="267112" t="представляю"><g v="VERB"></g><g v="impf"></g><g v="tran"></g><g v="sing"></g><g v="3per"></g><g v="pres"></g><g v="indc"></g></l></v></tfr></token><token id="665089" text="собой"><tfr rev_id="3636401" t="собой"><v><l id="317456" t="себя"><g v="NPRO"></g><g v="Anph"></g><g v="sing"></g><g v="ablt"></g></l></v></tfr></token><token id="665090" text="мельчайшие"><tfr rev_id="3748342" t="мельчайшие"><v><l id="157962" t="мельчайший"><g v="ADJF"></g><g v="Supr"></g><g v="Qual"></g><g v="inan"></g><g v="plur"></g><g v="accs"></g></l></v></tfr></token><token id="665091" text="осколки"><tfr rev_id="3749407" t="осколки"><v><l id="210110" t="осколок"><g v="NOUN"></g><g v="inan"></g><g v="masc"></g><g v="plur"></g><g v="accs"></g></l></v></tfr></token><token id="665092" text="обсидиана"><tfr rev_id="1497187" t="обсидиана"><v><l id="199659" t="обсидиан"><g v="NOUN"></g><g v="inan"></g><g v="masc"></g><g v="sing"></g><g v="gent"></g></l></v></tfr></token><token id="665093" text=","><tfr rev_id="1497188" t=","><v><l id="0" t=","><g v="PNCT"></g></l></v></tfr></token><token id="665094" text="что"><tfr rev_id="3197443" t="что"><v><l id="377004" t="что"><g v="CONJ"></g></l></v><v><l id="377005" t="что"><g v="NPRO"></g><g v="neut"></g><g v="sing"></g><g v="nomn"></g></l></v><v><l id="377005" t="что"><g v="NPRO"></g><g v="neut"></g><g v="sing"></g><g v="accs"></g></l></v><v><l id="377006" t="что"><g v="ADVB"></g><g v="Ques"></g></l></v><v><l id="388695" t="что"><g v="PRCL"></g></l></v></tfr></token><token id="665095" text=","><tfr rev_id="1497190" t=","><v><l id="0" t=","><g v="PNCT"></g></l></v></tfr></token><token id="665096" text="разумеется"><tfr rev_id="4212963" t="разумеется"><v><l id="388714" t="разумеется"><g v="CONJ"></g><g v="Prnt"></g></l></v></tfr></token><token id="665097" text=","><tfr rev_id="1497192" t=","><v><l id="0" t=","><g v="PNCT"></g></l></v></tfr></token><token id="665098" text="очень"><tfr rev_id="1497193" t="очень"><v><l id="221681" t="очень"><g v="ADVB"></g></l></v></tfr></token><token id="665099" text="опасно"><tfr rev_id="3526684" t="опасно"><v><l id="206864" t="опасен"><g v="ADJS"></g><g v="Qual"></g><g v="neut"></g><g v="sing"></g></l></v></tfr></token><token id="665100" text="для"><tfr rev_id="3458906" t="для"><v><l id="85032" t="для"><g v="PREP"></g></l></v></tfr></token><token id="665101" text="двигателей"><tfr rev_id="1497196" t="двигателей"><v><l id="78813" t="двигатель"><g v="NOUN"></g><g v="inan"></g><g v="masc"></g><g v="plur"></g><g v="gent"></g></l></v></tfr></token><token id="665102" text="самолётов"><tfr rev_id="1497197" t="самолётов"><v><l id="312513" t="самолёт"><g v="NOUN"></g><g v="inan"></g><g v="masc"></g><g v="plur"></g><g v="gent"></g></l></v></tfr></token><token id="665103" text="попавших"><tfr rev_id="1497198" t="попавших"><v><l id="259027" t="попавший"><g v="PRTF"></g><g v="perf"></g><g v="intr"></g><g v="past"></g><g v="actv"></g><g v="plur"></g><g v="gent"></g></l></v><v><l id="259027" t="попавший"><g v="PRTF"></g><g v="perf"></g><g v="intr"></g><g v="past"></g><g v="actv"></g><g v="anim"></g><g v="plur"></g><g v="accs"></g></l></v><v><l id="259027" t="попавший"><g v="PRTF"></g><g v="perf"></g><g v="intr"></g><g v="past"></g><g v="actv"></g><g v="plur"></g><g v="loct"></g></l></v></tfr></token><token id="665104" text="в"><tfr rev_id="1497199" t="в"><v><l id="37409" t="в"><g v="PREP"></g></l></v></tfr></token><token id="665105" text="столб"><tfr rev_id="4107035" t="столб"><v><l id="336522" t="столб"><g v="NOUN"></g><g v="inan"></g><g v="masc"></g><g v="sing"></g><g v="accs"></g></l></v></tfr></token><token id="665106" text="вулканического"><tfr rev_id="3454000" t="вулканического"><v><l id="55298" t="вулканический"><g v="ADJF"></g><g v="masc"></g><g v="sing"></g><g v="gent"></g></l></v><v><l id="55298" t="вулканический"><g v="ADJF"></g><g v="anim"></g><g v="masc"></g><g v="sing"></g><g v="accs"></g></l></v></tfr></token><token id="665107" text="пепла"><tfr rev_id="1497202" t="пепла"><v><l id="226148" t="пепел"><g v="NOUN"></g><g v="inan"></g><g v="masc"></g><g v="sing"></g><g v="gen1"></g></l></v></tfr></token><token id="665108" text="."><tfr rev_id="1497203" t="."><v><l id="0" t="."><g v="PNCT"></g></l></v></tfr></token></tokens></sentence></paragraph><paragraph id="11947"><sentence id="37233"><source>Ветер понёс продукты извержения вулкана в сторону Европы и упреждая несчастные случаи в воздухе стали один за одним закрываться аэропорты Исландии, Финляндии, Швеции, Дании и Норвегии.</source><tokens><token id="665109" text="Ветер"><tfr rev_id="4233204" t="Ветер"><v><l id="42185" t="ветер"><g v="NOUN"></g><g v="inan"></g><g v="masc"></g><g v="sing"></g><g v="nomn"></g></l></v></tfr></token><token id="665110" text="понёс"><tfr rev_id="1497205" t="понёс"><v><l id="258393" t="понёс"><g v="VERB"></g><g v="perf"></g><g v="tran"></g><g v="masc"></g><g v="sing"></g><g v="past"></g><g v="indc"></g></l></v></tfr></token><token id="665111" text="продукты"><tfr rev_id="3409696" t="продукты"><v><l id="279358" t="продукт"><g v="NOUN"></g><g v="inan"></g><g v="masc"></g><g v="plur"></g><g v="accs"></g></l></v></tfr></token><token id="665112" text="извержения"><tfr rev_id="2761383" t="извержения"><v><l id="118068" t="извержение"><g v="NOUN"></g><g v="inan"></g><g v="neut"></g><g v="sing"></g><g v="gent"></g></l></v></tfr></token><token id="665113" text="вулкана"><tfr rev_id="1497208" t="вулкана"><v><l id="55258" t="вулкан"><g v="NOUN"></g><g v="inan"></g><g v="masc"></g><g v="sing"></g><g v="gent"></g></l></v></tfr></token><token id="665114" text="в"><tfr rev_id="1497209" t="в"><v><l id="37409" t="в"><g v="PREP"></g></l></v></tfr></token><token id="665115" text="сторону"><tfr rev_id="1497210" t="сторону"><v><l id="336894" t="сторона"><g v="NOUN"></g><g v="inan"></g><g v="femn"></g><g v="sing"></g><g v="accs"></g></l></v></tfr></token><token id="665116" text="Европы"><tfr rev_id="1497211" t="Европы"><v><l id="94019" t="европа"><g v="NOUN"></g><g v="inan"></g><g v="femn"></g><g v="Sgtm"></g><g v="Geox"></g><g v="sing"></g><g v="gent"></g></l></v></tfr></token><token id="665117" text="и"><tfr rev_id="3544585" t="и"><v><l id="116949" t="и"><g v="CONJ"></g></l></v></tfr></token><token id="665118" text="упреждая"><tfr rev_id="1497213" t="упреждая"><v><l id="359302" t="упреждая"><g v="GRND"></g><g v="impf"></g><g v="tran"></g><g v="pres"></g></l></v></tfr></token><token id="665119" text="несчастные"><tfr rev_id="3751992" t="несчастные"><v><l id="188841" t="несчастный"><g v="ADJF"></g><g v="Subx"></g><g v="Qual"></g><g v="inan"></g><g v="plur"></g><g v="accs"></g></l></v></tfr></token><token id="665120" text="случаи"><tfr rev_id="3728084" t="случаи"><v><l id="325472" t="случай"><g v="NOUN"></g><g v="inan"></g><g v="masc"></g><g v="plur"></g><g v="accs"></g></l></v></tfr></token><token id="665121" text="в"><tfr rev_id="1497216" t="в"><v><l id="37409" t="в"><g v="PREP"></g></l></v></tfr></token><token id="665122" text="воздухе"><tfr rev_id="1497217" t="воздухе"><v><l id="49093" t="воздух"><g v="NOUN"></g><g v="inan"></g><g v="masc"></g><g v="sing"></g><g v="loct"></g></l></v></tfr></token><token id="665123" text="стали"><tfr rev_id="1716003" t="стали"><v><l id="335164" t="стал"><g v="VERB"></g><g v="perf"></g><g v="intr"></g><g v="plur"></g><g v="past"></g><g v="indc"></g></l></v></tfr></token><token id="665124" text="один"><tfr rev_id="4299695" t="один"><v><l id="203319" t="один"><g v="ADJF"></g><g v="Apro"></g><g v="Anum"></g><g v="masc"></g><g v="sing"></g><g v="nomn"></g></l></v><v><l id="203319" t="один"><g v="ADJF"></g><g v="Apro"></g><g v="Anum"></g><g v="inan"></g><g v="masc"></g><g v="sing"></g><g v="accs"></g></l></v></tfr></token><token id="665125" text="за"><tfr rev_id="1497220" t="за"><v><l id="98043" t="за"><g v="PREP"></g></l></v></tfr></token><token id="665126" text="одним"><tfr rev_id="4463001" t="одним"><v><l id="203319" t="один"><g v="ADJF"></g><g v="Apro"></g><g v="Anum"></g><g v="masc"></g><g v="sing"></g><g v="ablt"></g></l></v></tfr></token><token id="665127" text="закрываться"><tfr rev_id="1497222" t="закрываться"><v><l id="104237" t="закрываться"><g v="INFN"></g><g v="impf"></g><g v="intr"></g></l></v></tfr></token><token id="665128" text="аэропорты"><tfr rev_id="3728309" t="аэропорты"><v><l id="21366" t="аэропорт"><g v="NOUN"></g><g v="inan"></g><g v="masc"></g><g v="plur"></g><g v="nomn"></g></l></v></tfr></token><token id="665129" text="Исландии"><tfr rev_id="3456838" t="Исландии"><v><l id="124943" t="исландия"><g v="NOUN"></g><g v="inan"></g><g v="femn"></g><g v="Sgtm"></g><g v="Geox"></g><g v="sing"></g><g v="gent"></g></l></v></tfr></token><token id="665130" text=","><tfr rev_id="1497225" t=","><v><l id="0" t=","><g v="PNCT"></g></l></v></tfr></token><token id="665131" text="Финляндии"><tfr rev_id="3454938" t="Финляндии"><v><l id="366154" t="финляндия"><g v="NOUN"></g><g v="inan"></g><g v="femn"></g><g v="Sgtm"></g><g v="Geox"></g><g v="sing"></g><g v="gent"></g></l></v></tfr></token><token id="665132" text=","><tfr rev_id="1497227" t=","><v><l id="0" t=","><g v="PNCT"></g></l></v></tfr></token><token id="665133" text="Швеции"><tfr rev_id="3325634" t="Швеции"><v><l id="378803" t="швеция"><g v="NOUN"></g><g v="inan"></g><g v="femn"></g><g v="Sgtm"></g><g v="Geox"></g><g v="sing"></g><g v="gent"></g></l></v></tfr></token><token id="665134" text=","><tfr rev_id="1497229" t=","><v><l id="0" t=","><g v="PNCT"></g></l></v></tfr></token><token id="665135" text="Дании"><tfr rev_id="4296045" t="Дании"><v><l id="78277" t="дания"><g v="NOUN"></g><g v="inan"></g><g v="femn"></g><g v="Sgtm"></g><g v="Geox"></g><g v="sing"></g><g v="gent"></g></l></v><v><l id="78277" t="дания"><g v="NOUN"></g><g v="inan"></g><g v="femn"></g><g v="Sgtm"></g><g v="Geox"></g><g v="sing"></g><g v="datv"></g></l></v><v><l id="78277" t="дания"><g v="NOUN"></g><g v="inan"></g><g v="femn"></g><g v="Sgtm"></g><g v="Geox"></g><g v="sing"></g><g v="loct"></g></l></v></tfr></token><token id="665136" text="и"><tfr rev_id="1497231" t="и"><v><l id="116949" t="и"><g v="CONJ"></g></l></v><v><l id="116950" t="и"><g v="INTJ"></g></l></v></tfr></token><token id="665137" text="Норвегии"><tfr rev_id="3325649" t="Норвегии"><v><l id="192133" t="норвегия"><g v="NOUN"></g><g v="inan"></g><g v="femn"></g><g v="Sgtm"></g><g v="Geox"></g><g v="sing"></g><g v="gent"></g></l></v></tfr></token><token id="665138" text="."><tfr rev_id="1497233" t="."><v><l id="0" t="."><g v="PNCT"></g></l></v></tfr></token></tokens></sentence><sentence id="37234"><source>Часть аэропортов на севере Великобритании тоже были закрыты, самый загруженный аэропорт Европы — лондонский Хитроу ещё открыт, но и он отменил порядка 150 рейсов.</source><tokens><token id="665139" text="Часть"><tfr rev_id="4093246" t="Часть"><v><l id="374820" t="часть"><g v="NOUN"></g><g v="inan"></g><g v="femn"></g><g v="sing"></g><g v="nomn"></g></l></v></tfr></token><token id="665140" text="аэропортов"><tfr rev_id="1497235" t="аэропортов"><v><l id="21366" t="аэропорт"><g v="NOUN"></g><g v="inan"></g><g v="masc"></g><g v="plur"></g><g v="gent"></g></l></v></tfr></token><token id="665141" text="на"><tfr rev_id="3344931" t="на"><v><l id="166264" t="на"><g v="PREP"></g></l></v></tfr></token><token id="665142" text="севере"><tfr rev_id="1497237" t="севере"><v><l id="317502" t="север"><g v="NOUN"></g><g v="inan"></g><g v="masc"></g><g v="sing"></g><g v="loct"></g></l></v></tfr></token><token id="665143" text="Великобритании"><tfr rev_id="3455178" t="Великобритании"><v><l id="40619" t="великобритания"><g v="NOUN"></g><g v="inan"></g><g v="femn"></g><g v="Sgtm"></g><g v="Geox"></g><g v="sing"></g><g v="gent"></g></l></v></tfr></token><token id="665144" text="тоже"><tfr rev_id="4271151" t="тоже"><v><l id="346946" t="тоже"><g v="PRCL"></g></l></v></tfr></token><token id="665145" text="были"><tfr rev_id="1714389" t="были"><v><l id="37265" t="есть"><g v="VERB"></g><g v="impf"></g><g v="intr"></g><g v="plur"></g><g v="past"></g><g v="indc"></g></l></v></tfr></token><token id="665146" text="закрыты"><tfr rev_id="1497241" t="закрыты"><v><l id="104246" t="закрыт"><g v="ADJS"></g><g v="Qual"></g><g v="plur"></g></l></v><v><l id="104252" t="закрыт"><g v="PRTS"></g><g v="perf"></g><g v="past"></g><g v="pssv"></g><g v="plur"></g></l></v></tfr></token><token id="665147" text=","><tfr rev_id="1497242" t=","><v><l id="0" t=","><g v="PNCT"></g></l></v></tfr></token><token id="665148" text="самый"><tfr rev_id="3281838" t="самый"><v><l id="313174" t="самый"><g v="ADJF"></g><g v="Apro"></g><g v="masc"></g><g v="sing"></g><g v="nomn"></g></l></v></tfr></token><token id="665149" text="загруженный"><tfr rev_id="1497244" t="загруженный"><v><l id="101140" t="загружённый"><g v="PRTF"></g><g v="perf"></g><g v="tran"></g><g v="past"></g><g v="pssv"></g><g v="masc"></g><g v="sing"></g><g v="nomn"></g><g v="Infr"></g></l></v><v><l id="101140" t="загружённый"><g v="PRTF"></g><g v="perf"></g><g v="tran"></g><g v="past"></g><g v="pssv"></g><g v="masc"></g><g v="sing"></g><g v="nomn"></g></l></v><v><l id="101140" t="загружённый"><g v="PRTF"></g><g v="perf"></g><g v="tran"></g><g v="past"></g><g v="pssv"></g><g v="inan"></g><g v="masc"></g><g v="sing"></g><g v="accs"></g><g v="Infr"></g></l></v><v><l id="101140" t="загружённый"><g v="PRTF"></g><g v="perf"></g><g v="tran"></g><g v="past"></g><g v="pssv"></g><g v="inan"></g><g v="masc"></g><g v="sing"></g><g v="accs"></g></l></v></tfr></token><token id="665150" text="аэропорт"><tfr rev_id="3715373" t="аэропорт"><v><l id="21366" t="аэропорт"><g v="NOUN"></g><g v="inan"></g><g v="masc"></g><g v="sing"></g><g v="nomn"></g></l></v></tfr></token><token id="665151" text="Европы"><tfr rev_id="1497246" t="Европы"><v><l id="94019" t="европа"><g v="NOUN"></g><g v="inan"></g><g v="femn"></g><g v="Sgtm"></g><g v="Geox"></g><g v="sing"></g><g v="gent"></g></l></v></tfr></token><token id="665152" text="—"><tfr rev_id="2445997" t="—"><v><l id="0" t="—"><g v="PNCT"></g></l></v></tfr></token><token id="665153" text="лондонский"><tfr rev_id="1497248" t="лондонский"><v><l id="150832" t="лондонский"><g v="ADJF"></g><g v="masc"></g><g v="sing"></g><g v="nomn"></g></l></v><v><l id="150832" t="лондонский"><g v="ADJF"></g><g v="inan"></g><g v="masc"></g><g v="sing"></g><g v="accs"></g></l></v></tfr></token><token id="665154" text="Хитроу"><tfr rev_id="4326796" t="Хитроу"><v><l id="370339" t="хитроу"><g v="NOUN"></g><g v="anim"></g><g v="ms-f"></g><g v="Fixd"></g><g v="Surn"></g><g v="sing"></g><g v="nomn"></g></l></v></tfr></token><token id="665155" text="ещё"><tfr rev_id="1497250" t="ещё"><v><l id="95551" t="ещё"><g v="PRCL"></g></l></v><v><l id="95552" t="ещё"><g v="ADVB"></g></l></v></tfr></token><token id="665156" text="открыт"><tfr rev_id="1497251" t="открыт"><v><l id="214752" t="открыт"><g v="ADJS"></g><g v="Qual"></g><g v="masc"></g><g v="sing"></g></l></v><v><l id="214758" t="открыт"><g v="PRTS"></g><g v="perf"></g><g v="past"></g><g v="pssv"></g><g v="masc"></g><g v="sing"></g></l></v></tfr></token><token id="665157" text=","><tfr rev_id="1497252" t=","><v><l id="0" t=","><g v="PNCT"></g></l></v></tfr></token><token id="665158" text="но"><tfr rev_id="1497253" t="но"><v><l id="191429" t="но"><g v="CONJ"></g></l></v><v><l id="191430" t="но"><g v="INTJ"></g></l></v></tfr></token><token id="665159" text="и"><tfr rev_id="4104387" t="и"><v><l id="116949" t="и"><g v="CONJ"></g></l></v></tfr></token><token id="665160" text="он"><tfr rev_id="3575763" t="он"><v><l id="206541" t="он"><g v="NPRO"></g><g v="masc"></g><g v="3per"></g><g v="Anph"></g><g v="sing"></g><g v="nomn"></g></l></v></tfr></token><token id="665161" text="отменил"><tfr rev_id="1497256" t="отменил"><v><l id="215483" t="отменил"><g v="VERB"></g><g v="perf"></g><g v="tran"></g><g v="masc"></g><g v="sing"></g><g v="past"></g><g v="indc"></g></l></v></tfr></token><token id="665162" text="порядка"><tfr rev_id="1497257" t="порядка"><v><l id="260978" t="порядок"><g v="NOUN"></g><g v="inan"></g><g v="masc"></g><g v="sing"></g><g v="gen1"></g></l></v></tfr></token><token id="665163" text="150"><tfr rev_id="2462473" t="150"><v><l id="0" t="150"><g v="NUMB"></g></l></v></tfr></token><token id="665164" text="рейсов"><tfr rev_id="3478170" t="рейсов"><v><l id="305589" t="рейс"><g v="NOUN"></g><g v="inan"></g><g v="masc"></g><g v="plur"></g><g v="gent"></g></l></v></tfr></token><token id="665165" text="."><tfr rev_id="1497260" t="."><v><l id="0" t="."><g v="PNCT"></g></l></v></tfr></token></tokens></sentence></paragraph><paragraph id="11948"><sentence id="37235"><source>Экологи ожидают, что в ближайшее время облако пепла и пыли доберется до центральной и даже южной Европы.</source><tokens><token id="665166" text="Экологи"><tfr rev_id="1497261" t="Экологи"><v><l id="383319" t="эколог"><g v="NOUN"></g><g v="anim"></g><g v="masc"></g><g v="plur"></g><g v="nomn"></g></l></v></tfr></token><token id="665167" text="ожидают"><tfr rev_id="1497262" t="ожидают"><v><l id="203945" t="ожидаю"><g v="VERB"></g><g v="impf"></g><g v="tran"></g><g v="plur"></g><g v="3per"></g><g v="pres"></g><g v="indc"></g></l></v></tfr></token><token id="665168" text=","><tfr rev_id="1497263" t=","><v><l id="0" t=","><g v="PNCT"></g></l></v></tfr></token><token id="665169" text="что"><tfr rev_id="3197444" t="что"><v><l id="377004" t="что"><g v="CONJ"></g></l></v><v><l id="377005" t="что"><g v="NPRO"></g><g v="neut"></g><g v="sing"></g><g v="nomn"></g></l></v><v><l id="377005" t="что"><g v="NPRO"></g><g v="neut"></g><g v="sing"></g><g v="accs"></g></l></v><v><l id="377006" t="что"><g v="ADVB"></g><g v="Ques"></g></l></v><v><l id="388695" t="что"><g v="PRCL"></g></l></v></tfr></token><token id="665170" text="в"><tfr rev_id="1497265" t="в"><v><l id="37409" t="в"><g v="PREP"></g></l></v></tfr></token><token id="665171" text="ближайшее"><tfr rev_id="4430848" t="ближайшее"><v><l id="30857" t="ближайший"><g v="ADJF"></g><g v="Supr"></g><g v="Qual"></g><g v="neut"></g><g v="sing"></g><g v="nomn"></g></l></v><v><l id="30857" t="ближайший"><g v="ADJF"></g><g v="Supr"></g><g v="Qual"></g><g v="neut"></g><g v="sing"></g><g v="accs"></g></l></v></tfr></token><token id="665172" text="время"><tfr rev_id="4101980" t="время"><v><l id="53149" t="время"><g v="NOUN"></g><g v="inan"></g><g v="neut"></g><g v="sing"></g><g v="accs"></g></l></v></tfr></token><token id="665173" text="облако"><tfr rev_id="1497268" t="облако"><v><l id="196150" t="облако"><g v="NOUN"></g><g v="inan"></g><g v="neut"></g><g v="sing"></g><g v="nomn"></g></l></v><v><l id="196150" t="облако"><g v="NOUN"></g><g v="inan"></g><g v="neut"></g><g v="sing"></g><g v="accs"></g></l></v></tfr></token><token id="665174" text="пепла"><tfr rev_id="1497269" t="пепла"><v><l id="226148" t="пепел"><g v="NOUN"></g><g v="inan"></g><g v="masc"></g><g v="sing"></g><g v="gen1"></g></l></v></tfr></token><token id="665175" text="и"><tfr rev_id="3688608" t="и"><v><l id="116949" t="и"><g v="CONJ"></g></l></v></tfr></token><token id="665176" text="пыли"><tfr rev_id="3546706" t="пыли"><v><l id="290033" t="пыль"><g v="NOUN"></g><g v="inan"></g><g v="femn"></g><g v="Sgtm"></g><g v="sing"></g><g v="gent"></g></l></v></tfr></token><token id="665177" text="доберется"><tfr rev_id="1497272" t="доберется"><v><l id="85309" t="добрался"><g v="VERB"></g><g v="perf"></g><g v="intr"></g><g v="sing"></g><g v="3per"></g><g v="futr"></g><g v="indc"></g></l></v></tfr></token><token id="665178" text="до"><tfr rev_id="1497273" t="до"><v><l id="85153" t="до"><g v="PREP"></g></l></v></tfr></token><token id="665179" text="центральной"><tfr rev_id="3713982" t="центральной"><v><l id="373429" t="центральный"><g v="ADJF"></g><g v="femn"></g><g v="sing"></g><g v="gent"></g></l></v></tfr></token><token id="665180" text="и"><tfr rev_id="1497275" t="и"><v><l id="116949" t="и"><g v="CONJ"></g></l></v><v><l id="116950" t="и"><g v="INTJ"></g></l></v></tfr></token><token id="665181" text="даже"><tfr rev_id="4079170" t="даже"><v><l id="77849" t="даже"><g v="PRCL"></g></l></v></tfr></token><token id="665182" text="южной"><tfr rev_id="3714089" t="южной"><v><l id="386888" t="южный"><g v="ADJF"></g><g v="Qual"></g><g v="femn"></g><g v="sing"></g><g v="gent"></g></l></v></tfr></token><token id="665183" text="Европы"><tfr rev_id="1497278" t="Европы"><v><l id="94019" t="европа"><g v="NOUN"></g><g v="inan"></g><g v="femn"></g><g v="Sgtm"></g><g v="Geox"></g><g v="sing"></g><g v="gent"></g></l></v></tfr></token><token id="665184" text="."><tfr rev_id="1497279" t="."><v><l id="0" t="."><g v="PNCT"></g></l></v></tfr></token></tokens></sentence></paragraph></paragraphs></text>