<?xml version="1.0" encoding="utf-8"?><text id="1307" parent="56" name="Новая кремниевая технология увеличит ёмкость батареек в 10 раз"><tags><tag>Автор:http://ru.wikinews.org/wiki/Участник:Artem Korzhimanov</tag><tag>url:http://ru.wikinews.org/w/index.php?title=Новая_кремниевая_технология_увеличит_ёмкость_батареек_в_10_раз&amp;oldid=47583</tag><tag>Тема:ВикиКатегория:Наука и технологии</tag><tag>Дата:14/10</tag><tag>Год:2010</tag></tags><paragraphs><paragraph id="11955"><sentence id="37244"><source>Команда из университета Райса представила результаты своих исследований, согласно которым обычный кремний, наделённый специальными микропорами, может заменить графит в литиевых батарейках и увеличить их ёмкость в 10 раз.</source><tokens><token id="665350" text="Команда"><tfr rev_id="1497445" t="Команда"><v><l id="136706" t="команда"><g v="NOUN"></g><g v="inan"></g><g v="femn"></g><g v="sing"></g><g v="nomn"></g></l></v></tfr></token><token id="665351" text="из"><tfr rev_id="2503428" t="из"><v><l id="117677" t="из"><g v="PREP"></g></l></v></tfr></token><token id="665352" text="университета"><tfr rev_id="1497447" t="университета"><v><l id="358281" t="университет"><g v="NOUN"></g><g v="inan"></g><g v="masc"></g><g v="sing"></g><g v="gent"></g></l></v></tfr></token><token id="665353" text="Райса"><tfr rev_id="1497448" t="Райса"><v><l id="0" t="райса"><g v="UNKN"></g></l></v></tfr></token><token id="665354" text="представила"><tfr rev_id="1497449" t="представила"><v><l id="267099" t="представил"><g v="VERB"></g><g v="perf"></g><g v="tran"></g><g v="femn"></g><g v="sing"></g><g v="past"></g><g v="indc"></g></l></v></tfr></token><token id="665355" text="результаты"><tfr rev_id="3727238" t="результаты"><v><l id="305391" t="результат"><g v="NOUN"></g><g v="inan"></g><g v="masc"></g><g v="plur"></g><g v="accs"></g></l></v></tfr></token><token id="665356" text="своих"><tfr rev_id="3633844" t="своих"><v><l id="316379" t="свой"><g v="ADJF"></g><g v="Apro"></g><g v="Anph"></g><g v="plur"></g><g v="gent"></g></l></v></tfr></token><token id="665357" text="исследований"><tfr rev_id="1497452" t="исследований"><v><l id="125799" t="исследование"><g v="NOUN"></g><g v="inan"></g><g v="neut"></g><g v="plur"></g><g v="gent"></g></l></v></tfr></token><token id="665358" text=","><tfr rev_id="1497453" t=","><v><l id="0" t=","><g v="PNCT"></g></l></v></tfr></token><token id="665359" text="согласно"><tfr rev_id="4404965" t="согласно"><v><l id="328255" t="согласно"><g v="PREP"></g></l></v></tfr></token><token id="665360" text="которым"><tfr rev_id="3638968" t="которым"><v><l id="141203" t="который"><g v="ADJF"></g><g v="Apro"></g><g v="Subx"></g><g v="Anph"></g><g v="plur"></g><g v="datv"></g></l></v></tfr></token><token id="665361" text="обычный"><tfr rev_id="1497456" t="обычный"><v><l id="202049" t="обычный"><g v="ADJF"></g><g v="Qual"></g><g v="masc"></g><g v="sing"></g><g v="nomn"></g></l></v><v><l id="202049" t="обычный"><g v="ADJF"></g><g v="Qual"></g><g v="inan"></g><g v="masc"></g><g v="sing"></g><g v="accs"></g></l></v></tfr></token><token id="665362" text="кремний"><tfr rev_id="3300436" t="кремний"><v><l id="142307" t="кремний"><g v="NOUN"></g><g v="inan"></g><g v="masc"></g><g v="sing"></g><g v="nomn"></g></l></v></tfr></token><token id="665363" text=","><tfr rev_id="1497458" t=","><v><l id="0" t=","><g v="PNCT"></g></l></v></tfr></token><token id="665364" text="наделённый"><tfr rev_id="1497459" t="наделённый"><v><l id="168765" t="наделённый"><g v="PRTF"></g><g v="perf"></g><g v="tran"></g><g v="past"></g><g v="pssv"></g><g v="masc"></g><g v="sing"></g><g v="nomn"></g></l></v><v><l id="168765" t="наделённый"><g v="PRTF"></g><g v="perf"></g><g v="tran"></g><g v="past"></g><g v="pssv"></g><g v="inan"></g><g v="masc"></g><g v="sing"></g><g v="accs"></g></l></v></tfr></token><token id="665365" text="специальными"><tfr rev_id="1497460" t="специальными"><v><l id="331875" t="специальный"><g v="ADJF"></g><g v="plur"></g><g v="ablt"></g></l></v></tfr></token><token id="665366" text="микропорами"><tfr rev_id="1497461" t="микропорами"><v><l id="159922" t="микропора"><g v="NOUN"></g><g v="inan"></g><g v="femn"></g><g v="plur"></g><g v="ablt"></g></l></v></tfr></token><token id="665367" text=","><tfr rev_id="1497462" t=","><v><l id="0" t=","><g v="PNCT"></g></l></v></tfr></token><token id="665368" text="может"><tfr rev_id="4230176" t="может"><v><l id="164485" t="могу"><g v="VERB"></g><g v="impf"></g><g v="intr"></g><g v="sing"></g><g v="3per"></g><g v="pres"></g><g v="indc"></g></l></v></tfr></token><token id="665369" text="заменить"><tfr rev_id="1497464" t="заменить"><v><l id="105403" t="заменить"><g v="INFN"></g><g v="perf"></g><g v="tran"></g></l></v></tfr></token><token id="665370" text="графит"><tfr rev_id="1714523" t="графит"><v><l id="74795" t="графит"><g v="NOUN"></g><g v="inan"></g><g v="masc"></g><g v="sing"></g><g v="nomn"></g></l></v><v><l id="74795" t="графит"><g v="NOUN"></g><g v="inan"></g><g v="masc"></g><g v="sing"></g><g v="accs"></g></l></v></tfr></token><token id="665371" text="в"><tfr rev_id="1497466" t="в"><v><l id="37409" t="в"><g v="PREP"></g></l></v></tfr></token><token id="665372" text="литиевых"><tfr rev_id="4408109" t="литиевых"><v><l id="149904" t="литиевый"><g v="ADJF"></g><g v="Qual"></g><g v="plur"></g><g v="loct"></g></l></v></tfr></token><token id="665373" text="батарейках"><tfr rev_id="1497468" t="батарейках"><v><l id="24489" t="батарейка"><g v="NOUN"></g><g v="inan"></g><g v="femn"></g><g v="plur"></g><g v="loct"></g></l></v></tfr></token><token id="665374" text="и"><tfr rev_id="1497469" t="и"><v><l id="116949" t="и"><g v="CONJ"></g></l></v><v><l id="116950" t="и"><g v="INTJ"></g></l></v></tfr></token><token id="665375" text="увеличить"><tfr rev_id="1497470" t="увеличить"><v><l id="353397" t="увеличить"><g v="INFN"></g><g v="perf"></g><g v="tran"></g></l></v></tfr></token><token id="665376" text="их"><tfr rev_id="4515102" t="их"><v><l id="127205" t="их"><g v="ADJF"></g><g v="Fixd"></g><g v="Apro"></g><g v="Anph"></g><g v="femn"></g><g v="sing"></g><g v="nomn"></g></l></v><v><l id="127205" t="их"><g v="ADJF"></g><g v="Fixd"></g><g v="Apro"></g><g v="Anph"></g><g v="femn"></g><g v="sing"></g><g v="gent"></g></l></v><v><l id="127205" t="их"><g v="ADJF"></g><g v="Fixd"></g><g v="Apro"></g><g v="Anph"></g><g v="femn"></g><g v="sing"></g><g v="datv"></g></l></v><v><l id="127205" t="их"><g v="ADJF"></g><g v="Fixd"></g><g v="Apro"></g><g v="Anph"></g><g v="femn"></g><g v="sing"></g><g v="accs"></g></l></v><v><l id="127205" t="их"><g v="ADJF"></g><g v="Fixd"></g><g v="Apro"></g><g v="Anph"></g><g v="femn"></g><g v="sing"></g><g v="ablt"></g></l></v><v><l id="127205" t="их"><g v="ADJF"></g><g v="Fixd"></g><g v="Apro"></g><g v="Anph"></g><g v="femn"></g><g v="sing"></g><g v="loct"></g></l></v></tfr></token><token id="665377" text="ёмкость"><tfr rev_id="4355418" t="ёмкость"><v><l id="33" t="ёмкость"><g v="NOUN"></g><g v="inan"></g><g v="femn"></g><g v="sing"></g><g v="accs"></g></l></v></tfr></token><token id="665378" text="в"><tfr rev_id="1497473" t="в"><v><l id="37409" t="в"><g v="PREP"></g></l></v></tfr></token><token id="665379" text="10"><tfr rev_id="2462476" t="10"><v><l id="0" t="10"><g v="NUMB"></g></l></v></tfr></token><token id="665380" text="раз"><tfr rev_id="4509770" t="раз"><v><l id="291500" t="раз"><g v="NOUN"></g><g v="inan"></g><g v="masc"></g><g v="plur"></g><g v="gent"></g></l></v></tfr></token><token id="665381" text="."><tfr rev_id="1497476" t="."><v><l id="0" t="."><g v="PNCT"></g></l></v></tfr></token></tokens></sentence></paragraph><paragraph id="11956"><sentence id="37245"><source>Кремний обладает рядом преимуществ по сравнению с графитом, главным из которых является то, что если в графите на каждые шесть атомов углерода может приходиться только один атом лития, которые и являются носителем заряда в батарейке, то в кремнии на каждый атом приходится четыре атома лития, что позволяет увеличить ёмкость батарейки практически на порядок.</source><tokens><token id="665382" text="Кремний"><tfr rev_id="3708061" t="Кремний"><v><l id="142307" t="кремний"><g v="NOUN"></g><g v="inan"></g><g v="masc"></g><g v="sing"></g><g v="nomn"></g></l></v></tfr></token><token id="665383" text="обладает"><tfr rev_id="1497478" t="обладает"><v><l id="196101" t="обладаю"><g v="VERB"></g><g v="impf"></g><g v="intr"></g><g v="sing"></g><g v="3per"></g><g v="pres"></g><g v="indc"></g></l></v></tfr></token><token id="665384" text="рядом"><tfr rev_id="4264041" t="рядом"><v><l id="311045" t="ряд"><g v="NOUN"></g><g v="inan"></g><g v="masc"></g><g v="sing"></g><g v="ablt"></g></l></v></tfr></token><token id="665385" text="преимуществ"><tfr rev_id="1497480" t="преимуществ"><v><l id="267502" t="преимущество"><g v="NOUN"></g><g v="inan"></g><g v="neut"></g><g v="plur"></g><g v="gent"></g></l></v></tfr></token><token id="665386" text="по"><tfr rev_id="1497481" t="по"><v><l id="241240" t="по"><g v="PREP"></g></l></v></tfr></token><token id="665387" text="сравнению"><tfr rev_id="1497482" t="сравнению"><v><l id="333307" t="сравнение"><g v="NOUN"></g><g v="inan"></g><g v="neut"></g><g v="sing"></g><g v="datv"></g></l></v></tfr></token><token id="665388" text="с"><tfr rev_id="1497483" t="с"><v><l id="311151" t="с"><g v="PREP"></g></l></v></tfr></token><token id="665389" text="графитом"><tfr rev_id="1497484" t="графитом"><v><l id="74795" t="графит"><g v="NOUN"></g><g v="inan"></g><g v="masc"></g><g v="sing"></g><g v="ablt"></g></l></v></tfr></token><token id="665390" text=","><tfr rev_id="1497485" t=","><v><l id="0" t=","><g v="PNCT"></g></l></v></tfr></token><token id="665391" text="главным"><tfr rev_id="4500622" t="главным"><v><l id="70842" t="главный"><g v="ADJF"></g><g v="Qual"></g><g v="masc"></g><g v="sing"></g><g v="ablt"></g></l></v><v><l id="70842" t="главный"><g v="ADJF"></g><g v="Qual"></g><g v="neut"></g><g v="sing"></g><g v="ablt"></g></l></v></tfr></token><token id="665392" text="из"><tfr rev_id="2503441" t="из"><v><l id="117677" t="из"><g v="PREP"></g></l></v></tfr></token><token id="665393" text="которых"><tfr rev_id="4403045" t="которых"><v><l id="141203" t="который"><g v="ADJF"></g><g v="Apro"></g><g v="Subx"></g><g v="Anph"></g><g v="plur"></g><g v="gent"></g></l></v></tfr></token><token id="665394" text="является"><tfr rev_id="1497489" t="является"><v><l id="387385" t="являюсь"><g v="VERB"></g><g v="impf"></g><g v="intr"></g><g v="sing"></g><g v="3per"></g><g v="pres"></g><g v="indc"></g></l></v></tfr></token><token id="665395" text="то"><tfr rev_id="3777647" t="то"><v><l id="346835" t="то"><g v="CONJ"></g></l></v><v><l id="346836" t="то"><g v="PRCL"></g></l></v><v><l id="348430" t="тот"><g v="ADJF"></g><g v="Subx"></g><g v="Apro"></g><g v="Anph"></g><g v="neut"></g><g v="sing"></g><g v="nomn"></g></l></v><v><l id="348430" t="тот"><g v="ADJF"></g><g v="Subx"></g><g v="Apro"></g><g v="Anph"></g><g v="neut"></g><g v="sing"></g><g v="accs"></g></l></v></tfr></token><token id="665396" text=","><tfr rev_id="1497491" t=","><v><l id="0" t=","><g v="PNCT"></g></l></v></tfr></token><token id="665397" text="что"><tfr rev_id="3197451" t="что"><v><l id="377004" t="что"><g v="CONJ"></g></l></v><v><l id="377005" t="что"><g v="NPRO"></g><g v="neut"></g><g v="sing"></g><g v="nomn"></g></l></v><v><l id="377005" t="что"><g v="NPRO"></g><g v="neut"></g><g v="sing"></g><g v="accs"></g></l></v><v><l id="377006" t="что"><g v="ADVB"></g><g v="Ques"></g></l></v><v><l id="388695" t="что"><g v="PRCL"></g></l></v></tfr></token><token id="665398" text="если"><tfr rev_id="1497493" t="если"><v><l id="95365" t="если"><g v="CONJ"></g></l></v></tfr></token><token id="665399" text="в"><tfr rev_id="1497494" t="в"><v><l id="37409" t="в"><g v="PREP"></g></l></v></tfr></token><token id="665400" text="графите"><tfr rev_id="1714776" t="графите"><v><l id="74795" t="графит"><g v="NOUN"></g><g v="inan"></g><g v="masc"></g><g v="sing"></g><g v="loct"></g></l></v></tfr></token><token id="665401" text="на"><tfr rev_id="3340426" t="на"><v><l id="166264" t="на"><g v="PREP"></g></l></v></tfr></token><token id="665402" text="каждые"><tfr rev_id="4430676" t="каждые"><v><l id="127875" t="каждый"><g v="ADJF"></g><g v="Subx"></g><g v="Apro"></g><g v="inan"></g><g v="plur"></g><g v="accs"></g></l></v></tfr></token><token id="665403" text="шесть"><tfr rev_id="1497498" t="шесть"><v><l id="379421" t="шесть"><g v="NUMR"></g><g v="nomn"></g></l></v><v><l id="379421" t="шесть"><g v="NUMR"></g><g v="accs"></g></l></v></tfr></token><token id="665404" text="атомов"><tfr rev_id="1497499" t="атомов"><v><l id="19587" t="атом"><g v="NOUN"></g><g v="inan"></g><g v="masc"></g><g v="plur"></g><g v="gent"></g></l></v></tfr></token><token id="665405" text="углерода"><tfr rev_id="1497500" t="углерода"><v><l id="354123" t="углерод"><g v="NOUN"></g><g v="inan"></g><g v="masc"></g><g v="sing"></g><g v="gent"></g></l></v></tfr></token><token id="665406" text="может"><tfr rev_id="4223632" t="может"><v><l id="164485" t="могу"><g v="VERB"></g><g v="impf"></g><g v="intr"></g><g v="sing"></g><g v="3per"></g><g v="pres"></g><g v="indc"></g></l></v></tfr></token><token id="665407" text="приходиться"><tfr rev_id="1497502" t="приходиться"><v><l id="276255" t="приходиться"><g v="INFN"></g><g v="impf"></g><g v="intr"></g></l></v></tfr></token><token id="665408" text="только"><tfr rev_id="3784151" t="только"><v><l id="347395" t="только"><g v="CONJ"></g></l></v><v><l id="347396" t="только"><g v="PRCL"></g></l></v><v><l id="390053" t="только"><g v="ADVB"></g></l></v></tfr></token><token id="665409" text="один"><tfr rev_id="4299696" t="один"><v><l id="203319" t="один"><g v="ADJF"></g><g v="Apro"></g><g v="Anum"></g><g v="masc"></g><g v="sing"></g><g v="nomn"></g></l></v><v><l id="203319" t="один"><g v="ADJF"></g><g v="Apro"></g><g v="Anum"></g><g v="inan"></g><g v="masc"></g><g v="sing"></g><g v="accs"></g></l></v></tfr></token><token id="665410" text="атом"><tfr rev_id="2584146" t="атом"><v><l id="19587" t="атом"><g v="NOUN"></g><g v="inan"></g><g v="masc"></g><g v="sing"></g><g v="nomn"></g></l></v></tfr></token><token id="665411" text="лития"><tfr rev_id="4076886" t="лития"><v><l id="149907" t="литий"><g v="NOUN"></g><g v="inan"></g><g v="masc"></g><g v="sing"></g><g v="gent"></g></l></v></tfr></token><token id="665412" text=","><tfr rev_id="1497507" t=","><v><l id="0" t=","><g v="PNCT"></g></l></v></tfr></token><token id="665413" text="которые"><tfr rev_id="3817155" t="которые"><v><l id="141203" t="который"><g v="ADJF"></g><g v="Apro"></g><g v="Subx"></g><g v="Anph"></g><g v="plur"></g><g v="nomn"></g></l></v></tfr></token><token id="665414" text="и"><tfr rev_id="3688530" t="и"><v><l id="116949" t="и"><g v="CONJ"></g></l></v></tfr></token><token id="665415" text="являются"><tfr rev_id="1497510" t="являются"><v><l id="387385" t="являюсь"><g v="VERB"></g><g v="impf"></g><g v="intr"></g><g v="plur"></g><g v="3per"></g><g v="pres"></g><g v="indc"></g></l></v></tfr></token><token id="665416" text="носителем"><tfr rev_id="3494345" t="носителем"><v><l id="192320" t="носитель"><g v="NOUN"></g><g v="inan"></g><g v="masc"></g><g v="sing"></g><g v="ablt"></g></l></v></tfr></token><token id="665417" text="заряда"><tfr rev_id="1497512" t="заряда"><v><l id="109129" t="заряд"><g v="NOUN"></g><g v="inan"></g><g v="masc"></g><g v="sing"></g><g v="gent"></g></l></v></tfr></token><token id="665418" text="в"><tfr rev_id="1497513" t="в"><v><l id="37409" t="в"><g v="PREP"></g></l></v></tfr></token><token id="665419" text="батарейке"><tfr rev_id="3555126" t="батарейке"><v><l id="24489" t="батарейка"><g v="NOUN"></g><g v="inan"></g><g v="femn"></g><g v="sing"></g><g v="loct"></g></l></v></tfr></token><token id="665420" text=","><tfr rev_id="1497515" t=","><v><l id="0" t=","><g v="PNCT"></g></l></v></tfr></token><token id="665421" text="то"><tfr rev_id="4425704" t="то"><v><l id="346835" t="то"><g v="CONJ"></g></l></v></tfr></token><token id="665422" text="в"><tfr rev_id="1497517" t="в"><v><l id="37409" t="в"><g v="PREP"></g></l></v></tfr></token><token id="665423" text="кремнии"><tfr rev_id="3444516" t="кремнии"><v><l id="142307" t="кремний"><g v="NOUN"></g><g v="inan"></g><g v="masc"></g><g v="sing"></g><g v="loct"></g></l></v></tfr></token><token id="665424" text="на"><tfr rev_id="3330453" t="на"><v><l id="166264" t="на"><g v="PREP"></g></l></v></tfr></token><token id="665425" text="каждый"><tfr rev_id="4429601" t="каждый"><v><l id="127875" t="каждый"><g v="ADJF"></g><g v="Subx"></g><g v="Apro"></g><g v="inan"></g><g v="masc"></g><g v="sing"></g><g v="accs"></g></l></v></tfr></token><token id="665426" text="атом"><tfr rev_id="1497521" t="атом"><v><l id="19587" t="атом"><g v="NOUN"></g><g v="inan"></g><g v="masc"></g><g v="sing"></g><g v="nomn"></g></l></v><v><l id="19587" t="атом"><g v="NOUN"></g><g v="inan"></g><g v="masc"></g><g v="sing"></g><g v="accs"></g></l></v></tfr></token><token id="665427" text="приходится"><tfr rev_id="1497522" t="приходится"><v><l id="276254" t="прихожусь"><g v="VERB"></g><g v="impf"></g><g v="intr"></g><g v="sing"></g><g v="3per"></g><g v="pres"></g><g v="indc"></g></l></v></tfr></token><token id="665428" text="четыре"><tfr rev_id="1497523" t="четыре"><v><l id="376181" t="четыре"><g v="NUMR"></g><g v="nomn"></g></l></v><v><l id="376181" t="четыре"><g v="NUMR"></g><g v="inan"></g><g v="accs"></g></l></v></tfr></token><token id="665429" text="атома"><tfr rev_id="1497524" t="атома"><v><l id="19587" t="атом"><g v="NOUN"></g><g v="inan"></g><g v="masc"></g><g v="sing"></g><g v="gent"></g></l></v></tfr></token><token id="665430" text="лития"><tfr rev_id="4082882" t="лития"><v><l id="149907" t="литий"><g v="NOUN"></g><g v="inan"></g><g v="masc"></g><g v="sing"></g><g v="gent"></g></l></v></tfr></token><token id="665431" text=","><tfr rev_id="1497526" t=","><v><l id="0" t=","><g v="PNCT"></g></l></v></tfr></token><token id="665432" text="что"><tfr rev_id="3197452" t="что"><v><l id="377004" t="что"><g v="CONJ"></g></l></v><v><l id="377005" t="что"><g v="NPRO"></g><g v="neut"></g><g v="sing"></g><g v="nomn"></g></l></v><v><l id="377005" t="что"><g v="NPRO"></g><g v="neut"></g><g v="sing"></g><g v="accs"></g></l></v><v><l id="377006" t="что"><g v="ADVB"></g><g v="Ques"></g></l></v><v><l id="388695" t="что"><g v="PRCL"></g></l></v></tfr></token><token id="665433" text="позволяет"><tfr rev_id="1497528" t="позволяет"><v><l id="253431" t="позволяю"><g v="VERB"></g><g v="impf"></g><g v="tran"></g><g v="sing"></g><g v="3per"></g><g v="pres"></g><g v="indc"></g></l></v></tfr></token><token id="665434" text="увеличить"><tfr rev_id="1497529" t="увеличить"><v><l id="353397" t="увеличить"><g v="INFN"></g><g v="perf"></g><g v="tran"></g></l></v></tfr></token><token id="665435" text="ёмкость"><tfr rev_id="1497530" t="ёмкость"><v><l id="33" t="ёмкость"><g v="NOUN"></g><g v="inan"></g><g v="femn"></g><g v="sing"></g><g v="nomn"></g></l></v><v><l id="33" t="ёмкость"><g v="NOUN"></g><g v="inan"></g><g v="femn"></g><g v="sing"></g><g v="accs"></g></l></v></tfr></token><token id="665436" text="батарейки"><tfr rev_id="3496099" t="батарейки"><v><l id="24489" t="батарейка"><g v="NOUN"></g><g v="inan"></g><g v="femn"></g><g v="sing"></g><g v="gent"></g></l></v></tfr></token><token id="665437" text="практически"><tfr rev_id="1497532" t="практически"><v><l id="265904" t="практически"><g v="ADVB"></g></l></v></tfr></token><token id="665438" text="на"><tfr rev_id="3396299" t="на"><v><l id="166264" t="на"><g v="PREP"></g></l></v></tfr></token><token id="665439" text="порядок"><tfr rev_id="1497534" t="порядок"><v><l id="260978" t="порядок"><g v="NOUN"></g><g v="inan"></g><g v="masc"></g><g v="sing"></g><g v="nomn"></g></l></v><v><l id="260978" t="порядок"><g v="NOUN"></g><g v="inan"></g><g v="masc"></g><g v="sing"></g><g v="accs"></g></l></v></tfr></token><token id="665440" text="."><tfr rev_id="1497535" t="."><v><l id="0" t="."><g v="PNCT"></g></l></v></tfr></token></tokens></sentence></paragraph><paragraph id="11957"><sentence id="37246"><source>Проведённые ранее исследования, однако, показали, что кремний не выдерживает большого количества циклов заряда и разряда аккумулятора, поскольку подвергается заметному сжатию-растяжению, что приводит к его разрушению.</source><tokens><token id="665441" text="Проведённые"><tfr rev_id="1497536" t="Проведённые"><v><l id="277833" t="проведённый"><g v="PRTF"></g><g v="perf"></g><g v="tran"></g><g v="past"></g><g v="pssv"></g><g v="plur"></g><g v="nomn"></g></l></v><v><l id="277833" t="проведённый"><g v="PRTF"></g><g v="perf"></g><g v="tran"></g><g v="past"></g><g v="pssv"></g><g v="inan"></g><g v="plur"></g><g v="accs"></g></l></v></tfr></token><token id="665442" text="ранее"><tfr rev_id="1497537" t="ранее"><v><l id="297884" t="ранее"><g v="ADVB"></g></l></v></tfr></token><token id="665443" text="исследования"><tfr rev_id="3758200" t="исследования"><v><l id="125799" t="исследование"><g v="NOUN"></g><g v="inan"></g><g v="neut"></g><g v="plur"></g><g v="nomn"></g></l></v></tfr></token><token id="665444" text=","><tfr rev_id="1497539" t=","><v><l id="0" t=","><g v="PNCT"></g></l></v></tfr></token><token id="665445" text="однако"><tfr rev_id="2624592" t="однако"><v><l id="203386" t="однако"><g v="INTJ"></g></l></v><v><l id="203387" t="однако"><g v="CONJ"></g><g v="Prnt"></g></l></v></tfr></token><token id="665446" text=","><tfr rev_id="1497541" t=","><v><l id="0" t=","><g v="PNCT"></g></l></v></tfr></token><token id="665447" text="показали"><tfr rev_id="1497542" t="показали"><v><l id="253982" t="показал"><g v="VERB"></g><g v="perf"></g><g v="tran"></g><g v="plur"></g><g v="past"></g><g v="indc"></g></l></v></tfr></token><token id="665448" text=","><tfr rev_id="1497543" t=","><v><l id="0" t=","><g v="PNCT"></g></l></v></tfr></token><token id="665449" text="что"><tfr rev_id="3197453" t="что"><v><l id="377004" t="что"><g v="CONJ"></g></l></v><v><l id="377005" t="что"><g v="NPRO"></g><g v="neut"></g><g v="sing"></g><g v="nomn"></g></l></v><v><l id="377005" t="что"><g v="NPRO"></g><g v="neut"></g><g v="sing"></g><g v="accs"></g></l></v><v><l id="377006" t="что"><g v="ADVB"></g><g v="Ques"></g></l></v><v><l id="388695" t="что"><g v="PRCL"></g></l></v></tfr></token><token id="665450" text="кремний"><tfr rev_id="4105633" t="кремний"><v><l id="142307" t="кремний"><g v="NOUN"></g><g v="inan"></g><g v="masc"></g><g v="sing"></g><g v="nomn"></g></l></v></tfr></token><token id="665451" text="не"><tfr rev_id="1497546" t="не"><v><l id="178876" t="не"><g v="PRCL"></g></l></v></tfr></token><token id="665452" text="выдерживает"><tfr rev_id="1497547" t="выдерживает"><v><l id="57085" t="выдерживаю"><g v="VERB"></g><g v="impf"></g><g v="tran"></g><g v="sing"></g><g v="3per"></g><g v="pres"></g><g v="indc"></g></l></v></tfr></token><token id="665453" text="большого"><tfr rev_id="3454154" t="большого"><v><l id="32445" t="большой"><g v="ADJF"></g><g v="Qual"></g><g v="neut"></g><g v="sing"></g><g v="gent"></g></l></v></tfr></token><token id="665454" text="количества"><tfr rev_id="3473358" t="количества"><v><l id="135983" t="количество"><g v="NOUN"></g><g v="inan"></g><g v="neut"></g><g v="sing"></g><g v="gent"></g></l></v></tfr></token><token id="665455" text="циклов"><tfr rev_id="1497550" t="циклов"><v><l id="373831" t="цикл"><g v="NOUN"></g><g v="inan"></g><g v="masc"></g><g v="plur"></g><g v="gent"></g></l></v></tfr></token><token id="665456" text="заряда"><tfr rev_id="1497551" t="заряда"><v><l id="109129" t="заряд"><g v="NOUN"></g><g v="inan"></g><g v="masc"></g><g v="sing"></g><g v="gent"></g></l></v></tfr></token><token id="665457" text="и"><tfr rev_id="1497552" t="и"><v><l id="116949" t="и"><g v="CONJ"></g></l></v><v><l id="116950" t="и"><g v="INTJ"></g></l></v></tfr></token><token id="665458" text="разряда"><tfr rev_id="1497553" t="разряда"><v><l id="296890" t="разряд"><g v="NOUN"></g><g v="inan"></g><g v="masc"></g><g v="sing"></g><g v="gent"></g></l></v></tfr></token><token id="665459" text="аккумулятора"><tfr rev_id="1497554" t="аккумулятора"><v><l id="7244" t="аккумулятор"><g v="NOUN"></g><g v="inan"></g><g v="masc"></g><g v="sing"></g><g v="gent"></g></l></v></tfr></token><token id="665460" text=","><tfr rev_id="1497555" t=","><v><l id="0" t=","><g v="PNCT"></g></l></v></tfr></token><token id="665461" text="поскольку"><tfr rev_id="1497556" t="поскольку"><v><l id="261429" t="поскольку"><g v="CONJ"></g></l></v></tfr></token><token id="665462" text="подвергается"><tfr rev_id="1497557" t="подвергается"><v><l id="244348" t="подвергаюсь"><g v="VERB"></g><g v="impf"></g><g v="intr"></g><g v="sing"></g><g v="3per"></g><g v="pres"></g><g v="indc"></g></l></v></tfr></token><token id="665463" text="заметному"><tfr rev_id="4204995" t="заметному"><v><l id="105537" t="заметный"><g v="ADJF"></g><g v="Qual"></g><g v="neut"></g><g v="sing"></g><g v="datv"></g></l></v></tfr></token><token id="665464" text="сжатию"><tfr rev_id="1497559" t="сжатию"><v><l id="319738" t="сжатие"><g v="NOUN"></g><g v="inan"></g><g v="neut"></g><g v="sing"></g><g v="datv"></g></l></v></tfr></token><token id="665465" text="-"><tfr rev_id="1497560" t="-"><v><l id="0" t="-"><g v="PNCT"></g></l></v></tfr></token><token id="665466" text="растяжению"><tfr rev_id="1497561" t="растяжению"><v><l id="302724" t="растяжение"><g v="NOUN"></g><g v="inan"></g><g v="neut"></g><g v="sing"></g><g v="datv"></g></l></v></tfr></token><token id="665467" text=","><tfr rev_id="1497562" t=","><v><l id="0" t=","><g v="PNCT"></g></l></v></tfr></token><token id="665468" text="что"><tfr rev_id="3197454" t="что"><v><l id="377004" t="что"><g v="CONJ"></g></l></v><v><l id="377005" t="что"><g v="NPRO"></g><g v="neut"></g><g v="sing"></g><g v="nomn"></g></l></v><v><l id="377005" t="что"><g v="NPRO"></g><g v="neut"></g><g v="sing"></g><g v="accs"></g></l></v><v><l id="377006" t="что"><g v="ADVB"></g><g v="Ques"></g></l></v><v><l id="388695" t="что"><g v="PRCL"></g></l></v></tfr></token><token id="665469" text="приводит"><tfr rev_id="1497564" t="приводит"><v><l id="269406" t="привожу"><g v="VERB"></g><g v="impf"></g><g v="tran"></g><g v="sing"></g><g v="3per"></g><g v="pres"></g><g v="indc"></g></l></v></tfr></token><token id="665470" text="к"><tfr rev_id="1497565" t="к"><v><l id="127460" t="к"><g v="PREP"></g></l></v></tfr></token><token id="665471" text="его"><tfr rev_id="4536143" t="его"><v><l id="94208" t="его"><g v="ADJF"></g><g v="Fixd"></g><g v="Apro"></g><g v="Anph"></g><g v="neut"></g><g v="sing"></g><g v="nomn"></g></l></v><v><l id="94208" t="его"><g v="ADJF"></g><g v="Fixd"></g><g v="Apro"></g><g v="Anph"></g><g v="neut"></g><g v="sing"></g><g v="gent"></g></l></v><v><l id="94208" t="его"><g v="ADJF"></g><g v="Fixd"></g><g v="Apro"></g><g v="Anph"></g><g v="neut"></g><g v="sing"></g><g v="datv"></g></l></v><v><l id="94208" t="его"><g v="ADJF"></g><g v="Fixd"></g><g v="Apro"></g><g v="Anph"></g><g v="neut"></g><g v="sing"></g><g v="accs"></g></l></v><v><l id="94208" t="его"><g v="ADJF"></g><g v="Fixd"></g><g v="Apro"></g><g v="Anph"></g><g v="neut"></g><g v="sing"></g><g v="ablt"></g></l></v><v><l id="94208" t="его"><g v="ADJF"></g><g v="Fixd"></g><g v="Apro"></g><g v="Anph"></g><g v="neut"></g><g v="sing"></g><g v="loct"></g></l></v></tfr></token><token id="665472" text="разрушению"><tfr rev_id="1497567" t="разрушению"><v><l id="296808" t="разрушение"><g v="NOUN"></g><g v="inan"></g><g v="neut"></g><g v="sing"></g><g v="datv"></g></l></v></tfr></token><token id="665473" text="."><tfr rev_id="1497568" t="."><v><l id="0" t="."><g v="PNCT"></g></l></v></tfr></token></tokens></sentence><sentence id="37247"><source>Учёные Райсовского университета предложили использовать микропористый кремний, что во-первых, увеличит контактную площадь взаимодействия, а во-вторых, позволит кремнию свободно расширяться, заполняя поры.</source><tokens><token id="665474" text="Учёные"><tfr rev_id="4234768" t="Учёные"><v><l id="363100" t="учёный"><g v="NOUN"></g><g v="anim"></g><g v="masc"></g><g v="plur"></g><g v="nomn"></g></l></v></tfr></token><token id="665475" text="Райсовского"><tfr rev_id="1497570" t="Райсовского"><v><l id="0" t="райсовского"><g v="UNKN"></g></l></v></tfr></token><token id="665476" text="университета"><tfr rev_id="1497571" t="университета"><v><l id="358281" t="университет"><g v="NOUN"></g><g v="inan"></g><g v="masc"></g><g v="sing"></g><g v="gent"></g></l></v></tfr></token><token id="665477" text="предложили"><tfr rev_id="1497572" t="предложили"><v><l id="266540" t="предложил"><g v="VERB"></g><g v="perf"></g><g v="tran"></g><g v="plur"></g><g v="past"></g><g v="indc"></g></l></v></tfr></token><token id="665478" text="использовать"><tfr rev_id="1497573" t="использовать"><v><l id="125420" t="использовать"><g v="INFN"></g><g v="perf"></g><g v="tran"></g></l></v><v><l id="125421" t="использовать"><g v="INFN"></g><g v="impf"></g><g v="tran"></g></l></v></tfr></token><token id="665479" text="микропористый"><tfr rev_id="1497574" t="микропористый"><v><l id="159923" t="микропористый"><g v="ADJF"></g><g v="masc"></g><g v="sing"></g><g v="nomn"></g></l></v><v><l id="159923" t="микропористый"><g v="ADJF"></g><g v="inan"></g><g v="masc"></g><g v="sing"></g><g v="accs"></g></l></v></tfr></token><token id="665480" text="кремний"><tfr rev_id="3861295" t="кремний"><v><l id="142307" t="кремний"><g v="NOUN"></g><g v="inan"></g><g v="masc"></g><g v="sing"></g><g v="accs"></g></l></v></tfr></token><token id="665481" text=","><tfr rev_id="1497576" t=","><v><l id="0" t=","><g v="PNCT"></g></l></v></tfr></token><token id="665482" text="что"><tfr rev_id="3197455" t="что"><v><l id="377004" t="что"><g v="CONJ"></g></l></v><v><l id="377005" t="что"><g v="NPRO"></g><g v="neut"></g><g v="sing"></g><g v="nomn"></g></l></v><v><l id="377005" t="что"><g v="NPRO"></g><g v="neut"></g><g v="sing"></g><g v="accs"></g></l></v><v><l id="377006" t="что"><g v="ADVB"></g><g v="Ques"></g></l></v><v><l id="388695" t="что"><g v="PRCL"></g></l></v></tfr></token><token id="665483" text="во-первых"><tfr rev_id="3407723" t="во-первых"><v><l id="47927" t="во-первых"><g v="CONJ"></g><g v="Prnt"></g></l></v></tfr></token><token id="665484" text=","><tfr rev_id="1497579" t=","><v><l id="0" t=","><g v="PNCT"></g></l></v></tfr></token><token id="665485" text="увеличит"><tfr rev_id="1497580" t="увеличит"><v><l id="353396" t="увеличил"><g v="VERB"></g><g v="perf"></g><g v="tran"></g><g v="sing"></g><g v="3per"></g><g v="futr"></g><g v="indc"></g></l></v></tfr></token><token id="665486" text="контактную"><tfr rev_id="1497581" t="контактную"><v><l id="138329" t="контактный"><g v="ADJF"></g><g v="Qual"></g><g v="femn"></g><g v="sing"></g><g v="accs"></g></l></v></tfr></token><token id="665487" text="площадь"><tfr rev_id="4083596" t="площадь"><v><l id="240936" t="площадь"><g v="NOUN"></g><g v="inan"></g><g v="femn"></g><g v="sing"></g><g v="accs"></g></l></v></tfr></token><token id="665488" text="взаимодействия"><tfr rev_id="1717302" t="взаимодействия"><v><l id="42617" t="взаимодействие"><g v="NOUN"></g><g v="inan"></g><g v="neut"></g><g v="sing"></g><g v="gent"></g></l></v></tfr></token><token id="665489" text=","><tfr rev_id="1497584" t=","><v><l id="0" t=","><g v="PNCT"></g></l></v></tfr></token><token id="665490" text="а"><tfr rev_id="1497585" t="а"><v><l id="51" t="а"><g v="CONJ"></g></l></v><v><l id="52" t="а"><g v="INTJ"></g></l></v><v><l id="53" t="а"><g v="PRCL"></g></l></v></tfr></token><token id="665491" text="во-вторых"><tfr rev_id="3407635" t="во-вторых"><v><l id="47925" t="во-вторых"><g v="CONJ"></g><g v="Prnt"></g></l></v></tfr></token><token id="665492" text=","><tfr rev_id="1497587" t=","><v><l id="0" t=","><g v="PNCT"></g></l></v></tfr></token><token id="665493" text="позволит"><tfr rev_id="1497588" t="позволит"><v><l id="253425" t="позволил"><g v="VERB"></g><g v="perf"></g><g v="tran"></g><g v="sing"></g><g v="3per"></g><g v="futr"></g><g v="indc"></g></l></v></tfr></token><token id="665494" text="кремнию"><tfr rev_id="1497589" t="кремнию"><v><l id="142307" t="кремний"><g v="NOUN"></g><g v="inan"></g><g v="masc"></g><g v="sing"></g><g v="datv"></g></l></v></tfr></token><token id="665495" text="свободно"><tfr rev_id="1497590" t="свободно"><v><l id="316218" t="свободно"><g v="ADVB"></g></l></v><v><l id="316244" t="свободен"><g v="ADJS"></g><g v="Qual"></g><g v="neut"></g><g v="sing"></g></l></v></tfr></token><token id="665496" text="расширяться"><tfr rev_id="1497591" t="расширяться"><v><l id="303659" t="расширяться"><g v="INFN"></g><g v="impf"></g><g v="intr"></g></l></v></tfr></token><token id="665497" text=","><tfr rev_id="1497592" t=","><v><l id="0" t=","><g v="PNCT"></g></l></v></tfr></token><token id="665498" text="заполняя"><tfr rev_id="1497593" t="заполняя"><v><l id="107658" t="заполняя"><g v="GRND"></g><g v="impf"></g><g v="tran"></g><g v="pres"></g></l></v></tfr></token><token id="665499" text="поры"><tfr rev_id="3718378" t="поры"><v><l id="259871" t="пора"><g v="NOUN"></g><g v="inan"></g><g v="femn"></g><g v="plur"></g><g v="accs"></g></l></v></tfr></token><token id="665500" text="."><tfr rev_id="1497595" t="."><v><l id="0" t="."><g v="PNCT"></g></l></v></tfr></token></tokens></sentence><sentence id="37248"><source>В экспериментальных образцах диаметр пор составлял 1 микрон, а глубина — от 10 до 50 микрон.</source><tokens><token id="665501" text="В"><tfr rev_id="1497596" t="В"><v><l id="37409" t="в"><g v="PREP"></g></l></v></tfr></token><token id="665502" text="экспериментальных"><tfr rev_id="4359479" t="экспериментальных"><v><l id="383571" t="экспериментальный"><g v="ADJF"></g><g v="plur"></g><g v="loct"></g></l></v></tfr></token><token id="665503" text="образцах"><tfr rev_id="1497598" t="образцах"><v><l id="198788" t="образец"><g v="NOUN"></g><g v="inan"></g><g v="masc"></g><g v="plur"></g><g v="loct"></g></l></v></tfr></token><token id="665504" text="диаметр"><tfr rev_id="1497599" t="диаметр"><v><l id="83407" t="диаметр"><g v="NOUN"></g><g v="inan"></g><g v="masc"></g><g v="sing"></g><g v="nomn"></g></l></v><v><l id="83407" t="диаметр"><g v="NOUN"></g><g v="inan"></g><g v="masc"></g><g v="sing"></g><g v="accs"></g></l></v></tfr></token><token id="665505" text="пор"><tfr rev_id="1497600" t="пор"><v><l id="259871" t="пора"><g v="NOUN"></g><g v="inan"></g><g v="femn"></g><g v="plur"></g><g v="gent"></g></l></v></tfr></token><token id="665506" text="составлял"><tfr rev_id="1497601" t="составлял"><v><l id="330494" t="составляю"><g v="VERB"></g><g v="impf"></g><g v="tran"></g><g v="masc"></g><g v="sing"></g><g v="past"></g><g v="indc"></g></l></v></tfr></token><token id="665507" text="1"><tfr rev_id="2462477" t="1"><v><l id="0" t="1"><g v="NUMB"></g></l></v></tfr></token><token id="665508" text="микрон"><tfr rev_id="3492288" t="микрон"><v><l id="159894" t="микрон"><g v="NOUN"></g><g v="inan"></g><g v="masc"></g><g v="sing"></g><g v="nomn"></g></l></v><v><l id="159894" t="микрон"><g v="NOUN"></g><g v="inan"></g><g v="masc"></g><g v="sing"></g><g v="accs"></g></l></v></tfr></token><token id="665509" text=","><tfr rev_id="1497604" t=","><v><l id="0" t=","><g v="PNCT"></g></l></v></tfr></token><token id="665510" text="а"><tfr rev_id="1497605" t="а"><v><l id="51" t="а"><g v="CONJ"></g></l></v><v><l id="52" t="а"><g v="INTJ"></g></l></v><v><l id="53" t="а"><g v="PRCL"></g></l></v></tfr></token><token id="665511" text="глубина"><tfr rev_id="1497606" t="глубина"><v><l id="71435" t="глубина"><g v="NOUN"></g><g v="inan"></g><g v="femn"></g><g v="sing"></g><g v="nomn"></g></l></v></tfr></token><token id="665512" text="—"><tfr rev_id="2445998" t="—"><v><l id="0" t="—"><g v="PNCT"></g></l></v></tfr></token><token id="665513" text="от"><tfr rev_id="1497608" t="от"><v><l id="211644" t="от"><g v="PREP"></g></l></v></tfr></token><token id="665514" text="10"><tfr rev_id="2462478" t="10"><v><l id="0" t="10"><g v="NUMB"></g></l></v></tfr></token><token id="665515" text="до"><tfr rev_id="1497610" t="до"><v><l id="85153" t="до"><g v="PREP"></g></l></v></tfr></token><token id="665516" text="50"><tfr rev_id="2462479" t="50"><v><l id="0" t="50"><g v="NUMB"></g></l></v></tfr></token><token id="665517" text="микрон"><tfr rev_id="3450023" t="микрон"><v><l id="159894" t="микрон"><g v="NOUN"></g><g v="inan"></g><g v="masc"></g><g v="plur"></g><g v="gent"></g><g v="Coun"></g></l></v></tfr></token><token id="665518" text="."><tfr rev_id="1497613" t="."><v><l id="0" t="."><g v="PNCT"></g></l></v></tfr></token></tokens></sentence></paragraph><paragraph id="11958"><sentence id="37249"><source>Лидер группы, предложившей новую технологию, Сибани Лиза Бисвал утверждает, что изготовленные в лаборатории литиевые батареи выдерживают 200—250 циклов перезарядки.</source><tokens><token id="665519" text="Лидер"><tfr rev_id="1497614" t="Лидер"><v><l id="149007" t="лидер"><g v="NOUN"></g><g v="anim"></g><g v="masc"></g><g v="sing"></g><g v="nomn"></g></l></v></tfr></token><token id="665520" text="группы"><tfr rev_id="3494911" t="группы"><v><l id="76092" t="группа"><g v="NOUN"></g><g v="inan"></g><g v="femn"></g><g v="sing"></g><g v="gent"></g></l></v></tfr></token><token id="665521" text=","><tfr rev_id="1497616" t=","><v><l id="0" t=","><g v="PNCT"></g></l></v></tfr></token><token id="665522" text="предложившей"><tfr rev_id="4342160" t="предложившей"><v><l id="266542" t="предложивший"><g v="PRTF"></g><g v="perf"></g><g v="tran"></g><g v="past"></g><g v="actv"></g><g v="femn"></g><g v="sing"></g><g v="gent"></g></l></v></tfr></token><token id="665523" text="новую"><tfr rev_id="1497618" t="новую"><v><l id="191918" t="новый"><g v="ADJF"></g><g v="Qual"></g><g v="femn"></g><g v="sing"></g><g v="accs"></g></l></v></tfr></token><token id="665524" text="технологию"><tfr rev_id="1497619" t="технологию"><v><l id="345970" t="технология"><g v="NOUN"></g><g v="inan"></g><g v="femn"></g><g v="sing"></g><g v="accs"></g></l></v></tfr></token><token id="665525" text=","><tfr rev_id="1497620" t=","><v><l id="0" t=","><g v="PNCT"></g></l></v></tfr></token><token id="665526" text="Сибани"><tfr rev_id="1497621" t="Сибани"><v><l id="0" t="сибани"><g v="UNKN"></g></l></v></tfr></token><token id="665527" text="Лиза"><tfr rev_id="1497622" t="Лиза"><v><l id="149033" t="лиза"><g v="NOUN"></g><g v="anim"></g><g v="femn"></g><g v="Name"></g><g v="sing"></g><g v="nomn"></g></l></v></tfr></token><token id="665528" text="Бисвал"><tfr rev_id="1497623" t="Бисвал"><v><l id="0" t="бисвал"><g v="UNKN"></g></l></v></tfr></token><token id="665529" text="утверждает"><tfr rev_id="1497624" t="утверждает"><v><l id="361706" t="утверждаю"><g v="VERB"></g><g v="impf"></g><g v="tran"></g><g v="sing"></g><g v="3per"></g><g v="pres"></g><g v="indc"></g></l></v><v><l id="361713" t="утверждаю"><g v="VERB"></g><g v="impf"></g><g v="intr"></g><g v="sing"></g><g v="3per"></g><g v="pres"></g><g v="indc"></g></l></v></tfr></token><token id="665530" text=","><tfr rev_id="1497625" t=","><v><l id="0" t=","><g v="PNCT"></g></l></v></tfr></token><token id="665531" text="что"><tfr rev_id="3197456" t="что"><v><l id="377004" t="что"><g v="CONJ"></g></l></v><v><l id="377005" t="что"><g v="NPRO"></g><g v="neut"></g><g v="sing"></g><g v="nomn"></g></l></v><v><l id="377005" t="что"><g v="NPRO"></g><g v="neut"></g><g v="sing"></g><g v="accs"></g></l></v><v><l id="377006" t="что"><g v="ADVB"></g><g v="Ques"></g></l></v><v><l id="388695" t="что"><g v="PRCL"></g></l></v></tfr></token><token id="665532" text="изготовленные"><tfr rev_id="1497627" t="изготовленные"><v><l id="118607" t="изготовленный"><g v="PRTF"></g><g v="perf"></g><g v="tran"></g><g v="past"></g><g v="pssv"></g><g v="plur"></g><g v="nomn"></g></l></v><v><l id="118607" t="изготовленный"><g v="PRTF"></g><g v="perf"></g><g v="tran"></g><g v="past"></g><g v="pssv"></g><g v="inan"></g><g v="plur"></g><g v="accs"></g></l></v></tfr></token><token id="665533" text="в"><tfr rev_id="1497628" t="в"><v><l id="37409" t="в"><g v="PREP"></g></l></v></tfr></token><token id="665534" text="лаборатории"><tfr rev_id="4385856" t="лаборатории"><v><l id="146146" t="лаборатория"><g v="NOUN"></g><g v="inan"></g><g v="femn"></g><g v="sing"></g><g v="loct"></g></l></v></tfr></token><token id="665535" text="литиевые"><tfr rev_id="3817496" t="литиевые"><v><l id="149904" t="литиевый"><g v="ADJF"></g><g v="Qual"></g><g v="plur"></g><g v="nomn"></g></l></v></tfr></token><token id="665536" text="батареи"><tfr rev_id="3805101" t="батареи"><v><l id="24493" t="батарея"><g v="NOUN"></g><g v="inan"></g><g v="femn"></g><g v="plur"></g><g v="nomn"></g></l></v></tfr></token><token id="665537" text="выдерживают"><tfr rev_id="1497632" t="выдерживают"><v><l id="57085" t="выдерживаю"><g v="VERB"></g><g v="impf"></g><g v="tran"></g><g v="plur"></g><g v="3per"></g><g v="pres"></g><g v="indc"></g></l></v></tfr></token><token id="665538" text="200"><tfr rev_id="2462480" t="200"><v><l id="0" t="200"><g v="NUMB"></g></l></v></tfr></token><token id="665539" text="—"><tfr rev_id="2445999" t="—"><v><l id="0" t="—"><g v="PNCT"></g></l></v></tfr></token><token id="665540" text="250"><tfr rev_id="2462481" t="250"><v><l id="0" t="250"><g v="NUMB"></g></l></v></tfr></token><token id="665541" text="циклов"><tfr rev_id="1497636" t="циклов"><v><l id="373831" t="цикл"><g v="NOUN"></g><g v="inan"></g><g v="masc"></g><g v="plur"></g><g v="gent"></g></l></v></tfr></token><token id="665542" text="перезарядки"><tfr rev_id="3508915" t="перезарядки"><v><l id="228958" t="перезарядка"><g v="NOUN"></g><g v="inan"></g><g v="femn"></g><g v="sing"></g><g v="gent"></g></l></v></tfr></token><token id="665543" text="."><tfr rev_id="1497638" t="."><v><l id="0" t="."><g v="PNCT"></g></l></v></tfr></token></tokens></sentence></paragraph><paragraph id="11959"><sentence id="37250"><source>К преимуществам предлагаемой технологии относится также и повсеместная распространённость кремния и, соответственно, его низкая цена.</source><tokens><token id="665544" text="К"><tfr rev_id="1497639" t="К"><v><l id="127460" t="к"><g v="PREP"></g></l></v></tfr></token><token id="665545" text="преимуществам"><tfr rev_id="1497640" t="преимуществам"><v><l id="267502" t="преимущество"><g v="NOUN"></g><g v="inan"></g><g v="neut"></g><g v="plur"></g><g v="datv"></g></l></v></tfr></token><token id="665546" text="предлагаемой"><tfr rev_id="2561002" t="предлагаемой"><v><l id="266522" t="предлагаемый"><g v="PRTF"></g><g v="impf"></g><g v="tran"></g><g v="pres"></g><g v="pssv"></g><g v="femn"></g><g v="sing"></g><g v="gent"></g></l></v></tfr></token><token id="665547" text="технологии"><tfr rev_id="3545627" t="технологии"><v><l id="345970" t="технология"><g v="NOUN"></g><g v="inan"></g><g v="femn"></g><g v="sing"></g><g v="gent"></g></l></v></tfr></token><token id="665548" text="относится"><tfr rev_id="3367632" t="относится"><v><l id="215929" t="отношусь"><g v="VERB"></g><g v="impf"></g><g v="intr"></g><g v="sing"></g><g v="3per"></g><g v="pres"></g><g v="indc"></g></l></v></tfr></token><token id="665549" text="также"><tfr rev_id="4267803" t="также"><v><l id="342482" t="также"><g v="PRCL"></g></l></v></tfr></token><token id="665550" text="и"><tfr rev_id="1497645" t="и"><v><l id="116949" t="и"><g v="CONJ"></g></l></v><v><l id="116950" t="и"><g v="INTJ"></g></l></v></tfr></token><token id="665551" text="повсеместная"><tfr rev_id="1497646" t="повсеместная"><v><l id="242764" t="повсеместный"><g v="ADJF"></g><g v="femn"></g><g v="sing"></g><g v="nomn"></g></l></v></tfr></token><token id="665552" text="распространённость"><tfr rev_id="3487890" t="распространённость"><v><l id="300331" t="распространённость"><g v="NOUN"></g><g v="inan"></g><g v="femn"></g><g v="sing"></g><g v="nomn"></g></l></v></tfr></token><token id="665553" text="кремния"><tfr rev_id="1497648" t="кремния"><v><l id="142307" t="кремний"><g v="NOUN"></g><g v="inan"></g><g v="masc"></g><g v="sing"></g><g v="gent"></g></l></v></tfr></token><token id="665554" text="и"><tfr rev_id="3688588" t="и"><v><l id="116949" t="и"><g v="CONJ"></g></l></v></tfr></token><token id="665555" text=","><tfr rev_id="1497650" t=","><v><l id="0" t=","><g v="PNCT"></g></l></v></tfr></token><token id="665556" text="соответственно"><tfr rev_id="3664191" t="соответственно"><v><l id="329617" t="соответственно"><g v="ADVB"></g></l></v><v><l id="329618" t="соответственно"><g v="PREP"></g></l></v><v><l id="329621" t="соответствен"><g v="ADJS"></g><g v="neut"></g><g v="sing"></g></l></v><v><l id="388717" t="соответственно"><g v="CONJ"></g><g v="Prnt"></g></l></v></tfr></token><token id="665557" text=","><tfr rev_id="1497652" t=","><v><l id="0" t=","><g v="PNCT"></g></l></v></tfr></token><token id="665558" text="его"><tfr rev_id="4512943" t="его"><v><l id="94208" t="его"><g v="ADJF"></g><g v="Fixd"></g><g v="Apro"></g><g v="Anph"></g><g v="femn"></g><g v="sing"></g><g v="nomn"></g></l></v><v><l id="94208" t="его"><g v="ADJF"></g><g v="Fixd"></g><g v="Apro"></g><g v="Anph"></g><g v="femn"></g><g v="sing"></g><g v="gent"></g></l></v><v><l id="94208" t="его"><g v="ADJF"></g><g v="Fixd"></g><g v="Apro"></g><g v="Anph"></g><g v="femn"></g><g v="sing"></g><g v="datv"></g></l></v><v><l id="94208" t="его"><g v="ADJF"></g><g v="Fixd"></g><g v="Apro"></g><g v="Anph"></g><g v="femn"></g><g v="sing"></g><g v="accs"></g></l></v><v><l id="94208" t="его"><g v="ADJF"></g><g v="Fixd"></g><g v="Apro"></g><g v="Anph"></g><g v="femn"></g><g v="sing"></g><g v="ablt"></g></l></v><v><l id="94208" t="его"><g v="ADJF"></g><g v="Fixd"></g><g v="Apro"></g><g v="Anph"></g><g v="femn"></g><g v="sing"></g><g v="loct"></g></l></v></tfr></token><token id="665559" text="низкая"><tfr rev_id="1497654" t="низкая"><v><l id="190662" t="низкий"><g v="ADJF"></g><g v="Qual"></g><g v="femn"></g><g v="sing"></g><g v="nomn"></g></l></v></tfr></token><token id="665560" text="цена"><tfr rev_id="1497655" t="цена"><v><l id="373297" t="цена"><g v="NOUN"></g><g v="inan"></g><g v="femn"></g><g v="sing"></g><g v="nomn"></g></l></v></tfr></token><token id="665561" text="."><tfr rev_id="1497656" t="."><v><l id="0" t="."><g v="PNCT"></g></l></v></tfr></token></tokens></sentence><sentence id="37251"><source>Технология изготовления кремниевых устройств хорошо разработана в микроэлектронике, и поэтому ожидается, что проблем с массовым производством батареек нового класса не будет.</source><tokens><token id="665562" text="Технология"><tfr rev_id="1497657" t="Технология"><v><l id="345970" t="технология"><g v="NOUN"></g><g v="inan"></g><g v="femn"></g><g v="sing"></g><g v="nomn"></g></l></v></tfr></token><token id="665563" text="изготовления"><tfr rev_id="3480386" t="изготовления"><v><l id="118615" t="изготовление"><g v="NOUN"></g><g v="inan"></g><g v="neut"></g><g v="sing"></g><g v="gent"></g></l></v></tfr></token><token id="665564" text="кремниевых"><tfr rev_id="4099758" t="кремниевых"><v><l id="142304" t="кремниевый"><g v="ADJF"></g><g v="Qual"></g><g v="plur"></g><g v="gent"></g></l></v></tfr></token><token id="665565" text="устройств"><tfr rev_id="1497660" t="устройств"><v><l id="361253" t="устройство"><g v="NOUN"></g><g v="inan"></g><g v="neut"></g><g v="plur"></g><g v="gent"></g></l></v></tfr></token><token id="665566" text="хорошо"><tfr rev_id="1497661" t="хорошо"><v><l id="371669" t="хорош"><g v="ADJS"></g><g v="Qual"></g><g v="neut"></g><g v="sing"></g></l></v><v><l id="371678" t="хорошо"><g v="ADVB"></g><g v="Prdx"></g></l></v><v><l id="371679" t="хорошо"><g v="PRCL"></g></l></v><v><l id="371680" t="хорошо"><g v="PRED"></g><g v="pres"></g></l></v></tfr></token><token id="665567" text="разработана"><tfr rev_id="1497662" t="разработана"><v><l id="296479" t="разработан"><g v="PRTS"></g><g v="perf"></g><g v="past"></g><g v="pssv"></g><g v="femn"></g><g v="sing"></g></l></v></tfr></token><token id="665568" text="в"><tfr rev_id="1497663" t="в"><v><l id="37409" t="в"><g v="PREP"></g></l></v></tfr></token><token id="665569" text="микроэлектронике"><tfr rev_id="3552823" t="микроэлектронике"><v><l id="160089" t="микроэлектроника"><g v="NOUN"></g><g v="inan"></g><g v="femn"></g><g v="Sgtm"></g><g v="sing"></g><g v="loct"></g></l></v></tfr></token><token id="665570" text=","><tfr rev_id="1497665" t=","><v><l id="0" t=","><g v="PNCT"></g></l></v></tfr></token><token id="665571" text="и"><tfr rev_id="1497666" t="и"><v><l id="116949" t="и"><g v="CONJ"></g></l></v><v><l id="116950" t="и"><g v="INTJ"></g></l></v></tfr></token><token id="665572" text="поэтому"><tfr rev_id="1497667" t="поэтому"><v><l id="265490" t="поэтому"><g v="ADVB"></g></l></v></tfr></token><token id="665573" text="ожидается"><tfr rev_id="1497668" t="ожидается"><v><l id="203952" t="ожидаюсь"><g v="VERB"></g><g v="impf"></g><g v="intr"></g><g v="sing"></g><g v="3per"></g><g v="pres"></g><g v="indc"></g></l></v></tfr></token><token id="665574" text=","><tfr rev_id="1497669" t=","><v><l id="0" t=","><g v="PNCT"></g></l></v></tfr></token><token id="665575" text="что"><tfr rev_id="3197457" t="что"><v><l id="377004" t="что"><g v="CONJ"></g></l></v><v><l id="377005" t="что"><g v="NPRO"></g><g v="neut"></g><g v="sing"></g><g v="nomn"></g></l></v><v><l id="377005" t="что"><g v="NPRO"></g><g v="neut"></g><g v="sing"></g><g v="accs"></g></l></v><v><l id="377006" t="что"><g v="ADVB"></g><g v="Ques"></g></l></v><v><l id="388695" t="что"><g v="PRCL"></g></l></v></tfr></token><token id="665576" text="проблем"><tfr rev_id="1497671" t="проблем"><v><l id="277255" t="проблема"><g v="NOUN"></g><g v="inan"></g><g v="femn"></g><g v="plur"></g><g v="gent"></g></l></v></tfr></token><token id="665577" text="с"><tfr rev_id="1497672" t="с"><v><l id="311151" t="с"><g v="PREP"></g></l></v></tfr></token><token id="665578" text="массовым"><tfr rev_id="4379114" t="массовым"><v><l id="156047" t="массовый"><g v="ADJF"></g><g v="neut"></g><g v="sing"></g><g v="ablt"></g></l></v></tfr></token><token id="665579" text="производством"><tfr rev_id="1497674" t="производством"><v><l id="280127" t="производство"><g v="NOUN"></g><g v="inan"></g><g v="neut"></g><g v="sing"></g><g v="ablt"></g></l></v></tfr></token><token id="665580" text="батареек"><tfr rev_id="1497675" t="батареек"><v><l id="24489" t="батарейка"><g v="NOUN"></g><g v="inan"></g><g v="femn"></g><g v="plur"></g><g v="gent"></g></l></v></tfr></token><token id="665581" text="нового"><tfr rev_id="4535222" t="нового"><v><l id="191918" t="новый"><g v="ADJF"></g><g v="Qual"></g><g v="masc"></g><g v="sing"></g><g v="gent"></g></l></v><v><l id="191918" t="новый"><g v="ADJF"></g><g v="Qual"></g><g v="neut"></g><g v="sing"></g><g v="gent"></g></l></v></tfr></token><token id="665582" text="класса"><tfr rev_id="1497677" t="класса"><v><l id="133889" t="класс"><g v="NOUN"></g><g v="inan"></g><g v="masc"></g><g v="sing"></g><g v="gent"></g></l></v></tfr></token><token id="665583" text="не"><tfr rev_id="1497678" t="не"><v><l id="178876" t="не"><g v="PRCL"></g></l></v></tfr></token><token id="665584" text="будет"><tfr rev_id="1497679" t="будет"><v><l id="37265" t="есть"><g v="VERB"></g><g v="impf"></g><g v="intr"></g><g v="sing"></g><g v="3per"></g><g v="futr"></g><g v="indc"></g></l></v></tfr></token><token id="665585" text="."><tfr rev_id="1497680" t="."><v><l id="0" t="."><g v="PNCT"></g></l></v></tfr></token></tokens></sentence></paragraph></paragraphs></text>