<?xml version="1.0" encoding="utf-8"?><text id="1309" parent="56" name="ВОЗ: сотовые телефоны могут вызывать рак"><tags><tag>Автор:http://ru.wikinews.org/wiki/Участник:Schekinov Alexey Victorovich</tag><tag>url:http://ru.wikinews.org/w/index.php?title=ВОЗ:_сотовые_телефоны_могут_вызывать_рак&amp;oldid=71020</tag><tag>Тема:ВикиКатегория:Связь</tag><tag>Тема:ВикиКатегория:Раковые болезни</tag><tag>Тема:ВикиКатегория:Наука и технологии</tag><tag>Тема:ВикиКатегория:Медицина</tag><tag>Тема:ВикиКатегория:Здоровье</tag><tag>Тема:ВикиКатегория:Интернет</tag><tag>Дата:01/06</tag><tag>Год:2011</tag></tags><paragraphs><paragraph id="11967"><sentence id="37265"><source>Всемирная организация здравоохранения (ВОЗ) опубликовала результаты исследований проведённых по её инициативе, из которых следует, что сотовые телефоны, возможно, увеличивают опасность заболевания раком.</source><tokens><token id="665856" text="Всемирная"><tfr rev_id="1497951" t="Всемирная"><v><l id="53444" t="всемирный"><g v="ADJF"></g><g v="Qual"></g><g v="femn"></g><g v="sing"></g><g v="nomn"></g></l></v></tfr></token><token id="665857" text="организация"><tfr rev_id="1497952" t="организация"><v><l id="208750" t="организация"><g v="NOUN"></g><g v="inan"></g><g v="femn"></g><g v="sing"></g><g v="nomn"></g></l></v></tfr></token><token id="665858" text="здравоохранения"><tfr rev_id="2756933" t="здравоохранения"><v><l id="114762" t="здравоохранение"><g v="NOUN"></g><g v="inan"></g><g v="neut"></g><g v="sing"></g><g v="gent"></g></l></v></tfr></token><token id="665859" text="("><tfr rev_id="1497954" t="("><v><l id="0" t="("><g v="PNCT"></g></l></v></tfr></token><token id="665860" text="ВОЗ"><tfr rev_id="4173457" t="ВОЗ"><v><l id="388739" t="воз"><g v="NOUN"></g><g v="inan"></g><g v="femn"></g><g v="Sgtm"></g><g v="Fixd"></g><g v="Abbr"></g><g v="Orgn"></g><g v="sing"></g><g v="nomn"></g></l></v></tfr></token><token id="665861" text=")"><tfr rev_id="1497956" t=")"><v><l id="0" t=")"><g v="PNCT"></g></l></v></tfr></token><token id="665862" text="опубликовала"><tfr rev_id="1497957" t="опубликовала"><v><l id="208369" t="опубликовал"><g v="VERB"></g><g v="perf"></g><g v="tran"></g><g v="femn"></g><g v="sing"></g><g v="past"></g><g v="indc"></g></l></v></tfr></token><token id="665863" text="результаты"><tfr rev_id="3749638" t="результаты"><v><l id="305391" t="результат"><g v="NOUN"></g><g v="inan"></g><g v="masc"></g><g v="plur"></g><g v="accs"></g></l></v></tfr></token><token id="665864" text="исследований"><tfr rev_id="1497959" t="исследований"><v><l id="125799" t="исследование"><g v="NOUN"></g><g v="inan"></g><g v="neut"></g><g v="plur"></g><g v="gent"></g></l></v></tfr></token><token id="665865" text="проведённых"><tfr rev_id="1497960" t="проведённых"><v><l id="277833" t="проведённый"><g v="PRTF"></g><g v="perf"></g><g v="tran"></g><g v="past"></g><g v="pssv"></g><g v="plur"></g><g v="gent"></g></l></v><v><l id="277833" t="проведённый"><g v="PRTF"></g><g v="perf"></g><g v="tran"></g><g v="past"></g><g v="pssv"></g><g v="anim"></g><g v="plur"></g><g v="accs"></g></l></v><v><l id="277833" t="проведённый"><g v="PRTF"></g><g v="perf"></g><g v="tran"></g><g v="past"></g><g v="pssv"></g><g v="plur"></g><g v="loct"></g></l></v></tfr></token><token id="665866" text="по"><tfr rev_id="1497961" t="по"><v><l id="241240" t="по"><g v="PREP"></g></l></v></tfr></token><token id="665867" text="её"><tfr rev_id="4514203" t="её"><v><l id="94433" t="её"><g v="ADJF"></g><g v="Fixd"></g><g v="Apro"></g><g v="Anph"></g><g v="femn"></g><g v="sing"></g><g v="nomn"></g></l></v><v><l id="94433" t="её"><g v="ADJF"></g><g v="Fixd"></g><g v="Apro"></g><g v="Anph"></g><g v="femn"></g><g v="sing"></g><g v="gent"></g></l></v><v><l id="94433" t="её"><g v="ADJF"></g><g v="Fixd"></g><g v="Apro"></g><g v="Anph"></g><g v="femn"></g><g v="sing"></g><g v="datv"></g></l></v><v><l id="94433" t="её"><g v="ADJF"></g><g v="Fixd"></g><g v="Apro"></g><g v="Anph"></g><g v="femn"></g><g v="sing"></g><g v="accs"></g></l></v><v><l id="94433" t="её"><g v="ADJF"></g><g v="Fixd"></g><g v="Apro"></g><g v="Anph"></g><g v="femn"></g><g v="sing"></g><g v="ablt"></g></l></v><v><l id="94433" t="её"><g v="ADJF"></g><g v="Fixd"></g><g v="Apro"></g><g v="Anph"></g><g v="femn"></g><g v="sing"></g><g v="loct"></g></l></v></tfr></token><token id="665868" text="инициативе"><tfr rev_id="2931214" t="инициативе"><v><l id="122496" t="инициатива"><g v="NOUN"></g><g v="inan"></g><g v="femn"></g><g v="sing"></g><g v="datv"></g></l></v></tfr></token><token id="665869" text=","><tfr rev_id="1497964" t=","><v><l id="0" t=","><g v="PNCT"></g></l></v></tfr></token><token id="665870" text="из"><tfr rev_id="1671338" t="из"><v><l id="117677" t="из"><g v="PREP"></g></l></v></tfr></token><token id="665871" text="которых"><tfr rev_id="3668564" t="которых"><v><l id="141203" t="который"><g v="ADJF"></g><g v="Apro"></g><g v="Subx"></g><g v="Anph"></g><g v="plur"></g><g v="gent"></g></l></v></tfr></token><token id="665872" text="следует"><tfr rev_id="3665440" t="следует"><v><l id="324747" t="следую"><g v="VERB"></g><g v="impf"></g><g v="intr"></g><g v="sing"></g><g v="3per"></g><g v="pres"></g><g v="indc"></g><g v="Impx"></g></l></v></tfr></token><token id="665873" text=","><tfr rev_id="1497968" t=","><v><l id="0" t=","><g v="PNCT"></g></l></v></tfr></token><token id="665874" text="что"><tfr rev_id="3197464" t="что"><v><l id="377004" t="что"><g v="CONJ"></g></l></v><v><l id="377005" t="что"><g v="NPRO"></g><g v="neut"></g><g v="sing"></g><g v="nomn"></g></l></v><v><l id="377005" t="что"><g v="NPRO"></g><g v="neut"></g><g v="sing"></g><g v="accs"></g></l></v><v><l id="377006" t="что"><g v="ADVB"></g><g v="Ques"></g></l></v><v><l id="388695" t="что"><g v="PRCL"></g></l></v></tfr></token><token id="665875" text="сотовые"><tfr rev_id="3474396" t="сотовые"><v><l id="330856" t="сотовый"><g v="ADJF"></g><g v="Qual"></g><g v="plur"></g><g v="nomn"></g></l></v></tfr></token><token id="665876" text="телефоны"><tfr rev_id="3727387" t="телефоны"><v><l id="344325" t="телефон"><g v="NOUN"></g><g v="inan"></g><g v="masc"></g><g v="plur"></g><g v="nomn"></g></l></v></tfr></token><token id="665877" text=","><tfr rev_id="1497972" t=","><v><l id="0" t=","><g v="PNCT"></g></l></v></tfr></token><token id="665878" text="возможно"><tfr rev_id="1497973" t="возможно"><v><l id="49408" t="возможно"><g v="ADVB"></g><g v="Prdx"></g></l></v><v><l id="49409" t="возможно"><g v="CONJ"></g><g v="Prnt"></g></l></v><v><l id="49413" t="возможен"><g v="ADJS"></g><g v="Qual"></g><g v="neut"></g><g v="sing"></g></l></v></tfr></token><token id="665879" text=","><tfr rev_id="1497974" t=","><v><l id="0" t=","><g v="PNCT"></g></l></v></tfr></token><token id="665880" text="увеличивают"><tfr rev_id="1497975" t="увеличивают"><v><l id="353381" t="увеличиваю"><g v="VERB"></g><g v="impf"></g><g v="tran"></g><g v="plur"></g><g v="3per"></g><g v="pres"></g><g v="indc"></g></l></v></tfr></token><token id="665881" text="опасность"><tfr rev_id="3300467" t="опасность"><v><l id="206860" t="опасность"><g v="NOUN"></g><g v="inan"></g><g v="femn"></g><g v="sing"></g><g v="accs"></g></l></v></tfr></token><token id="665882" text="заболевания"><tfr rev_id="3503833" t="заболевания"><v><l id="98704" t="заболевание"><g v="NOUN"></g><g v="inan"></g><g v="neut"></g><g v="sing"></g><g v="gent"></g></l></v></tfr></token><token id="665883" text="раком"><tfr rev_id="4138473" t="раком"><v><l id="297641" t="рак"><g v="NOUN"></g><g v="inan"></g><g v="masc"></g><g v="sing"></g><g v="ablt"></g></l></v></tfr></token><token id="665884" text="."><tfr rev_id="1497979" t="."><v><l id="0" t="."><g v="PNCT"></g></l></v></tfr></token></tokens></sentence><sentence id="37266"><source>Риск классифицируется как 2В (невысокая вероятность канцерогенного эффекта на человека, которую все же нельзя исключить).</source><tokens><token id="665885" text="Риск"><tfr rev_id="4092739" t="Риск"><v><l id="307762" t="риск"><g v="NOUN"></g><g v="inan"></g><g v="masc"></g><g v="sing"></g><g v="nomn"></g></l></v></tfr></token><token id="665886" text="классифицируется"><tfr rev_id="1497981" t="классифицируется"><v><l id="133915" t="классифицируюсь"><g v="VERB"></g><g v="impf"></g><g v="intr"></g><g v="sing"></g><g v="3per"></g><g v="pres"></g><g v="indc"></g></l></v></tfr></token><token id="665887" text="как"><tfr rev_id="1497982" t="как"><v><l id="128190" t="как"><g v="CONJ"></g></l></v><v><l id="128191" t="как"><g v="PRCL"></g></l></v><v><l id="128192" t="как"><g v="ADVB"></g><g v="Ques"></g></l></v></tfr></token><token id="665888" text="2В"><tfr rev_id="1497983" t="2В"><v><l id="0" t="2В"><g v="UNKN"></g></l></v></tfr></token><token id="665889" text="("><tfr rev_id="1497984" t="("><v><l id="0" t="("><g v="PNCT"></g></l></v></tfr></token><token id="665890" text="невысокая"><tfr rev_id="1497985" t="невысокая"><v><l id="180263" t="невысокий"><g v="ADJF"></g><g v="femn"></g><g v="sing"></g><g v="nomn"></g></l></v></tfr></token><token id="665891" text="вероятность"><tfr rev_id="1497986" t="вероятность"><v><l id="41549" t="вероятность"><g v="NOUN"></g><g v="inan"></g><g v="femn"></g><g v="sing"></g><g v="nomn"></g></l></v><v><l id="41549" t="вероятность"><g v="NOUN"></g><g v="inan"></g><g v="femn"></g><g v="sing"></g><g v="accs"></g></l></v></tfr></token><token id="665892" text="канцерогенного"><tfr rev_id="3454450" t="канцерогенного"><v><l id="129571" t="канцерогенный"><g v="ADJF"></g><g v="masc"></g><g v="sing"></g><g v="gent"></g></l></v><v><l id="129571" t="канцерогенный"><g v="ADJF"></g><g v="anim"></g><g v="masc"></g><g v="sing"></g><g v="accs"></g></l></v></tfr></token><token id="665893" text="эффекта"><tfr rev_id="1497988" t="эффекта"><v><l id="386657" t="эффект"><g v="NOUN"></g><g v="inan"></g><g v="masc"></g><g v="sing"></g><g v="gent"></g></l></v></tfr></token><token id="665894" text="на"><tfr rev_id="3335098" t="на"><v><l id="166264" t="на"><g v="PREP"></g></l></v></tfr></token><token id="665895" text="человека"><tfr rev_id="4461617" t="человека"><v><l id="375073" t="человек"><g v="NOUN"></g><g v="anim"></g><g v="masc"></g><g v="sing"></g><g v="accs"></g></l></v></tfr></token><token id="665896" text=","><tfr rev_id="1497991" t=","><v><l id="0" t=","><g v="PNCT"></g></l></v></tfr></token><token id="665897" text="которую"><tfr rev_id="3641072" t="которую"><v><l id="141203" t="который"><g v="ADJF"></g><g v="Apro"></g><g v="Subx"></g><g v="Anph"></g><g v="femn"></g><g v="sing"></g><g v="accs"></g></l></v></tfr></token><token id="665898" text="все"><tfr rev_id="4407713" t="все"><v><l id="390209" t="всё"><g v="PRCL"></g></l></v></tfr></token><token id="665899" text="же"><tfr rev_id="1497994" t="же"><v><l id="96208" t="же"><g v="CONJ"></g></l></v><v><l id="96209" t="же"><g v="PRCL"></g></l></v></tfr></token><token id="665900" text="нельзя"><tfr rev_id="1497995" t="нельзя"><v><l id="183884" t="нельзя"><g v="PRED"></g><g v="pres"></g></l></v></tfr></token><token id="665901" text="исключить"><tfr rev_id="1497996" t="исключить"><v><l id="124365" t="исключить"><g v="INFN"></g><g v="perf"></g><g v="tran"></g></l></v></tfr></token><token id="665902" text=")"><tfr rev_id="1497997" t=")"><v><l id="0" t=")"><g v="PNCT"></g></l></v></tfr></token><token id="665903" text="."><tfr rev_id="1497998" t="."><v><l id="0" t="."><g v="PNCT"></g></l></v></tfr></token></tokens></sentence><sentence id="37267"><source>Учёные рекомендуют отнести «мобильники» в категорию «возможных канцерогенов», наряду с пестицидами, кофе, сигаретами и др.</source><tokens><token id="665904" text="Учёные"><tfr rev_id="4234771" t="Учёные"><v><l id="363100" t="учёный"><g v="NOUN"></g><g v="anim"></g><g v="masc"></g><g v="plur"></g><g v="nomn"></g></l></v></tfr></token><token id="665905" text="рекомендуют"><tfr rev_id="3893256" t="рекомендуют"><v><l id="305731" t="рекомендую"><g v="VERB"></g><g v="impf"></g><g v="tran"></g><g v="plur"></g><g v="3per"></g><g v="pres"></g><g v="indc"></g></l></v></tfr></token><token id="665906" text="отнести"><tfr rev_id="1498001" t="отнести"><v><l id="215861" t="отнести"><g v="INFN"></g><g v="perf"></g><g v="tran"></g></l></v></tfr></token><token id="665907" text="«"><tfr rev_id="2446008" t="«"><v><l id="0" t="«"><g v="PNCT"></g></l></v></tfr></token><token id="665908" text="мобильники"><tfr rev_id="3749094" t="мобильники"><v><l id="162199" t="мобильник"><g v="NOUN"></g><g v="inan"></g><g v="masc"></g><g v="plur"></g><g v="accs"></g></l></v></tfr></token><token id="665909" text="»"><tfr rev_id="2446009" t="»"><v><l id="0" t="»"><g v="PNCT"></g></l></v></tfr></token><token id="665910" text="в"><tfr rev_id="1498005" t="в"><v><l id="37409" t="в"><g v="PREP"></g></l></v></tfr></token><token id="665911" text="категорию"><tfr rev_id="1498006" t="категорию"><v><l id="131320" t="категория"><g v="NOUN"></g><g v="inan"></g><g v="femn"></g><g v="sing"></g><g v="accs"></g></l></v></tfr></token><token id="665912" text="«"><tfr rev_id="2446010" t="«"><v><l id="0" t="«"><g v="PNCT"></g></l></v></tfr></token><token id="665913" text="возможных"><tfr rev_id="4394165" t="возможных"><v><l id="49411" t="возможный"><g v="ADJF"></g><g v="Qual"></g><g v="plur"></g><g v="gent"></g></l></v></tfr></token><token id="665914" text="канцерогенов"><tfr rev_id="1498009" t="канцерогенов"><v><l id="129569" t="канцероген"><g v="NOUN"></g><g v="inan"></g><g v="masc"></g><g v="plur"></g><g v="gent"></g></l></v></tfr></token><token id="665915" text="»"><tfr rev_id="2446011" t="»"><v><l id="0" t="»"><g v="PNCT"></g></l></v></tfr></token><token id="665916" text=","><tfr rev_id="1498011" t=","><v><l id="0" t=","><g v="PNCT"></g></l></v></tfr></token><token id="665917" text="наряду"><tfr rev_id="4239962" t="наряду"><v><l id="174968" t="наряду"><g v="ADVB"></g></l></v></tfr></token><token id="665918" text="с"><tfr rev_id="1498013" t="с"><v><l id="311151" t="с"><g v="PREP"></g></l></v></tfr></token><token id="665919" text="пестицидами"><tfr rev_id="1498014" t="пестицидами"><v><l id="237747" t="пестицид"><g v="NOUN"></g><g v="inan"></g><g v="masc"></g><g v="plur"></g><g v="ablt"></g></l></v></tfr></token><token id="665920" text=","><tfr rev_id="1498015" t=","><v><l id="0" t=","><g v="PNCT"></g></l></v></tfr></token><token id="665921" text="кофе"><tfr rev_id="4494996" t="кофе"><v><l id="141220" t="кофе"><g v="NOUN"></g><g v="inan"></g><g v="masc"></g><g v="Fixd"></g><g v="Ms-f"></g><g v="sing"></g><g v="ablt"></g></l></v></tfr></token><token id="665922" text=","><tfr rev_id="1498017" t=","><v><l id="0" t=","><g v="PNCT"></g></l></v></tfr></token><token id="665923" text="сигаретами"><tfr rev_id="1498018" t="сигаретами"><v><l id="320101" t="сигарета"><g v="NOUN"></g><g v="inan"></g><g v="femn"></g><g v="plur"></g><g v="ablt"></g></l></v></tfr></token><token id="665924" text="и"><tfr rev_id="3533574" t="и"><v><l id="116949" t="и"><g v="CONJ"></g></l></v></tfr></token><token id="665925" text="др"><tfr rev_id="4500604" t="др"><v><l id="389607" t="др"><g v="ADJF"></g><g v="Fixd"></g><g v="Abbr"></g><g v="Apro"></g><g v="plur"></g><g v="nomn"></g></l></v><v><l id="389607" t="др"><g v="ADJF"></g><g v="Fixd"></g><g v="Abbr"></g><g v="Apro"></g><g v="plur"></g><g v="gent"></g></l></v><v><l id="389607" t="др"><g v="ADJF"></g><g v="Fixd"></g><g v="Abbr"></g><g v="Apro"></g><g v="plur"></g><g v="datv"></g></l></v><v><l id="389607" t="др"><g v="ADJF"></g><g v="Fixd"></g><g v="Abbr"></g><g v="Apro"></g><g v="plur"></g><g v="accs"></g></l></v><v><l id="389607" t="др"><g v="ADJF"></g><g v="Fixd"></g><g v="Abbr"></g><g v="Apro"></g><g v="plur"></g><g v="ablt"></g></l></v><v><l id="389607" t="др"><g v="ADJF"></g><g v="Fixd"></g><g v="Abbr"></g><g v="Apro"></g><g v="plur"></g><g v="loct"></g></l></v></tfr></token><token id="665926" text="."><tfr rev_id="1498021" t="."><v><l id="0" t="."><g v="PNCT"></g></l></v></tfr></token></tokens></sentence></paragraph><paragraph id="11968"><sentence id="37268"><source>В исследовании входящего во Всемирную организацию здравоохранения Международного агентства по изучению рака (МАИР) указывается: сотовые телефоны следует отнести к «возможным канцерогенам».</source><tokens><token id="665927" text="В"><tfr rev_id="1498022" t="В"><v><l id="37409" t="в"><g v="PREP"></g></l></v></tfr></token><token id="665928" text="исследовании"><tfr rev_id="1498023" t="исследовании"><v><l id="125799" t="исследование"><g v="NOUN"></g><g v="inan"></g><g v="neut"></g><g v="sing"></g><g v="loct"></g></l></v></tfr></token><token id="665929" text="входящего"><tfr rev_id="1498024" t="входящего"><v><l id="55356" t="входящий"><g v="PRTF"></g><g v="impf"></g><g v="intr"></g><g v="pres"></g><g v="actv"></g><g v="masc"></g><g v="sing"></g><g v="gent"></g></l></v><v><l id="55356" t="входящий"><g v="PRTF"></g><g v="impf"></g><g v="intr"></g><g v="pres"></g><g v="actv"></g><g v="anim"></g><g v="masc"></g><g v="sing"></g><g v="accs"></g></l></v><v><l id="55356" t="входящий"><g v="PRTF"></g><g v="impf"></g><g v="intr"></g><g v="pres"></g><g v="actv"></g><g v="neut"></g><g v="sing"></g><g v="gent"></g></l></v><v><l id="55364" t="входящий"><g v="ADJF"></g><g v="masc"></g><g v="sing"></g><g v="gent"></g></l></v><v><l id="55364" t="входящий"><g v="ADJF"></g><g v="anim"></g><g v="masc"></g><g v="sing"></g><g v="accs"></g></l></v><v><l id="55364" t="входящий"><g v="ADJF"></g><g v="neut"></g><g v="sing"></g><g v="gent"></g></l></v></tfr></token><token id="665930" text="во"><tfr rev_id="2920302" t="во"><v><l id="37409" t="в"><g v="PREP"></g><g v="Vpre"></g></l></v></tfr></token><token id="665931" text="Всемирную"><tfr rev_id="1498026" t="Всемирную"><v><l id="53444" t="всемирный"><g v="ADJF"></g><g v="Qual"></g><g v="femn"></g><g v="sing"></g><g v="accs"></g></l></v></tfr></token><token id="665932" text="организацию"><tfr rev_id="1498027" t="организацию"><v><l id="208750" t="организация"><g v="NOUN"></g><g v="inan"></g><g v="femn"></g><g v="sing"></g><g v="accs"></g></l></v></tfr></token><token id="665933" text="здравоохранения"><tfr rev_id="3452555" t="здравоохранения"><v><l id="114762" t="здравоохранение"><g v="NOUN"></g><g v="inan"></g><g v="neut"></g><g v="sing"></g><g v="gent"></g></l></v></tfr></token><token id="665934" text="Международного"><tfr rev_id="3477476" t="Международного"><v><l id="157346" t="международный"><g v="ADJF"></g><g v="neut"></g><g v="sing"></g><g v="gent"></g></l></v></tfr></token><token id="665935" text="агентства"><tfr rev_id="3487266" t="агентства"><v><l id="3934" t="агентство"><g v="NOUN"></g><g v="inan"></g><g v="neut"></g><g v="sing"></g><g v="gent"></g></l></v></tfr></token><token id="665936" text="по"><tfr rev_id="1498031" t="по"><v><l id="241240" t="по"><g v="PREP"></g></l></v></tfr></token><token id="665937" text="изучению"><tfr rev_id="1498032" t="изучению"><v><l id="120795" t="изучение"><g v="NOUN"></g><g v="inan"></g><g v="neut"></g><g v="sing"></g><g v="datv"></g></l></v></tfr></token><token id="665938" text="рака"><tfr rev_id="4257024" t="рака"><v><l id="297641" t="рак"><g v="NOUN"></g><g v="inan"></g><g v="masc"></g><g v="sing"></g><g v="gent"></g></l></v></tfr></token><token id="665939" text="("><tfr rev_id="1498034" t="("><v><l id="0" t="("><g v="PNCT"></g></l></v></tfr></token><token id="665940" text="МАИР"><tfr rev_id="3469905" t="МАИР"><v><l id="0" t="МАИР"><g v="UNKN"></g></l></v></tfr></token><token id="665941" text=")"><tfr rev_id="1498036" t=")"><v><l id="0" t=")"><g v="PNCT"></g></l></v></tfr></token><token id="665942" text="указывается"><tfr rev_id="1498037" t="указывается"><v><l id="355947" t="указываюсь"><g v="VERB"></g><g v="impf"></g><g v="intr"></g><g v="sing"></g><g v="3per"></g><g v="pres"></g><g v="indc"></g></l></v></tfr></token><token id="665943" text=":"><tfr rev_id="1498038" t=":"><v><l id="0" t=":"><g v="PNCT"></g></l></v></tfr></token><token id="665944" text="сотовые"><tfr rev_id="3795262" t="сотовые"><v><l id="330856" t="сотовый"><g v="ADJF"></g><g v="Qual"></g><g v="inan"></g><g v="plur"></g><g v="accs"></g></l></v></tfr></token><token id="665945" text="телефоны"><tfr rev_id="3701290" t="телефоны"><v><l id="344325" t="телефон"><g v="NOUN"></g><g v="inan"></g><g v="masc"></g><g v="plur"></g><g v="accs"></g></l></v></tfr></token><token id="665946" text="следует"><tfr rev_id="3665441" t="следует"><v><l id="324747" t="следую"><g v="VERB"></g><g v="impf"></g><g v="intr"></g><g v="sing"></g><g v="3per"></g><g v="pres"></g><g v="indc"></g><g v="Impx"></g></l></v></tfr></token><token id="665947" text="отнести"><tfr rev_id="1498042" t="отнести"><v><l id="215861" t="отнести"><g v="INFN"></g><g v="perf"></g><g v="tran"></g></l></v></tfr></token><token id="665948" text="к"><tfr rev_id="1498043" t="к"><v><l id="127460" t="к"><g v="PREP"></g></l></v></tfr></token><token id="665949" text="«"><tfr rev_id="2446012" t="«"><v><l id="0" t="«"><g v="PNCT"></g></l></v></tfr></token><token id="665950" text="возможным"><tfr rev_id="3669299" t="возможным"><v><l id="49411" t="возможный"><g v="ADJF"></g><g v="Qual"></g><g v="plur"></g><g v="datv"></g></l></v></tfr></token><token id="665951" text="канцерогенам"><tfr rev_id="1498046" t="канцерогенам"><v><l id="129569" t="канцероген"><g v="NOUN"></g><g v="inan"></g><g v="masc"></g><g v="plur"></g><g v="datv"></g></l></v></tfr></token><token id="665952" text="»"><tfr rev_id="2446013" t="»"><v><l id="0" t="»"><g v="PNCT"></g></l></v></tfr></token><token id="665953" text="."><tfr rev_id="1498048" t="."><v><l id="0" t="."><g v="PNCT"></g></l></v></tfr></token></tokens></sentence><sentence id="37269"><source>К этой категории относятся пестицид ДДТ, выхлопные газы и кофе.</source><tokens><token id="665954" text="К"><tfr rev_id="1498049" t="К"><v><l id="127460" t="к"><g v="PREP"></g></l></v></tfr></token><token id="665955" text="этой"><tfr rev_id="4438035" t="этой"><v><l id="386581" t="этот"><g v="ADJF"></g><g v="Subx"></g><g v="Apro"></g><g v="Anph"></g><g v="femn"></g><g v="sing"></g><g v="datv"></g></l></v></tfr></token><token id="665956" text="категории"><tfr rev_id="4314182" t="категории"><v><l id="131320" t="категория"><g v="NOUN"></g><g v="inan"></g><g v="femn"></g><g v="sing"></g><g v="datv"></g></l></v></tfr></token><token id="665957" text="относятся"><tfr rev_id="2703983" t="относятся"><v><l id="215929" t="отношусь"><g v="VERB"></g><g v="impf"></g><g v="intr"></g><g v="plur"></g><g v="3per"></g><g v="pres"></g><g v="indc"></g></l></v></tfr></token><token id="665958" text="пестицид"><tfr rev_id="1498053" t="пестицид"><v><l id="237747" t="пестицид"><g v="NOUN"></g><g v="inan"></g><g v="masc"></g><g v="sing"></g><g v="nomn"></g></l></v><v><l id="237747" t="пестицид"><g v="NOUN"></g><g v="inan"></g><g v="masc"></g><g v="sing"></g><g v="accs"></g></l></v></tfr></token><token id="665959" text="ДДТ"><tfr rev_id="1498054" t="ДДТ"><v><l id="0" t="ддт"><g v="UNKN"></g></l></v></tfr></token><token id="665960" text=","><tfr rev_id="1498055" t=","><v><l id="0" t=","><g v="PNCT"></g></l></v></tfr></token><token id="665961" text="выхлопные"><tfr rev_id="3809076" t="выхлопные"><v><l id="63952" t="выхлопной"><g v="ADJF"></g><g v="plur"></g><g v="nomn"></g></l></v></tfr></token><token id="665962" text="газы"><tfr rev_id="3747569" t="газы"><v><l id="65788" t="газ"><g v="NOUN"></g><g v="inan"></g><g v="masc"></g><g v="plur"></g><g v="nomn"></g></l></v></tfr></token><token id="665963" text="и"><tfr rev_id="1498058" t="и"><v><l id="116949" t="и"><g v="CONJ"></g></l></v><v><l id="116950" t="и"><g v="INTJ"></g></l></v></tfr></token><token id="665964" text="кофе"><tfr rev_id="4494997" t="кофе"><v><l id="141220" t="кофе"><g v="NOUN"></g><g v="inan"></g><g v="masc"></g><g v="Fixd"></g><g v="Ms-f"></g><g v="sing"></g><g v="nomn"></g></l></v></tfr></token><token id="665965" text="."><tfr rev_id="1498060" t="."><v><l id="0" t="."><g v="PNCT"></g></l></v></tfr></token></tokens></sentence><sentence id="37270"><source>В частности, в опубликованном 31 мая 2011 года пресс-релизе МАИР говорится, что «с использованием сотовых телефонов ассоциируется повышенный риск возникновения глиомы — злокачественной опухоли мозга».</source><tokens><token id="665966" text="В"><tfr rev_id="1498061" t="В"><v><l id="37409" t="в"><g v="PREP"></g></l></v></tfr></token><token id="665967" text="частности"><tfr rev_id="4345699" t="частности"><v><l id="374794" t="частность"><g v="NOUN"></g><g v="inan"></g><g v="femn"></g><g v="sing"></g><g v="loct"></g></l></v></tfr></token><token id="665968" text=","><tfr rev_id="1498063" t=","><v><l id="0" t=","><g v="PNCT"></g></l></v></tfr></token><token id="665969" text="в"><tfr rev_id="1498064" t="в"><v><l id="37409" t="в"><g v="PREP"></g></l></v></tfr></token><token id="665970" text="опубликованном"><tfr rev_id="3443224" t="опубликованном"><v><l id="208372" t="опубликованный"><g v="PRTF"></g><g v="perf"></g><g v="tran"></g><g v="past"></g><g v="pssv"></g><g v="masc"></g><g v="sing"></g><g v="loct"></g></l></v></tfr></token><token id="665971" text="31"><tfr rev_id="2462483" t="31"><v><l id="0" t="31"><g v="NUMB"></g></l></v></tfr></token><token id="665972" text="мая"><tfr rev_id="4182206" t="мая"><v><l id="153142" t="май"><g v="NOUN"></g><g v="inan"></g><g v="masc"></g><g v="Sgtm"></g><g v="sing"></g><g v="gent"></g></l></v></tfr></token><token id="665973" text="2011"><tfr rev_id="2462484" t="2011"><v><l id="0" t="2011"><g v="NUMB"></g></l></v></tfr></token><token id="665974" text="года"><tfr rev_id="3479895" t="года"><v><l id="72149" t="год"><g v="NOUN"></g><g v="inan"></g><g v="masc"></g><g v="sing"></g><g v="gen1"></g></l></v></tfr></token><token id="665975" text="пресс-релизе"><tfr rev_id="1498070" t="пресс-релизе"><v><l id="268248" t="пресс-релиз"><g v="NOUN"></g><g v="inan"></g><g v="masc"></g><g v="sing"></g><g v="loct"></g></l></v></tfr></token><token id="665976" text="МАИР"><tfr rev_id="3431831" t="МАИР"><v><l id="0" t="МАИР"><g v="UNKN"></g></l></v></tfr></token><token id="665977" text="говорится"><tfr rev_id="1498072" t="говорится"><v><l id="72062" t="говорюсь"><g v="VERB"></g><g v="impf"></g><g v="intr"></g><g v="sing"></g><g v="3per"></g><g v="pres"></g><g v="indc"></g></l></v></tfr></token><token id="665978" text=","><tfr rev_id="1498073" t=","><v><l id="0" t=","><g v="PNCT"></g></l></v></tfr></token><token id="665979" text="что"><tfr rev_id="3197465" t="что"><v><l id="377004" t="что"><g v="CONJ"></g></l></v><v><l id="377005" t="что"><g v="NPRO"></g><g v="neut"></g><g v="sing"></g><g v="nomn"></g></l></v><v><l id="377005" t="что"><g v="NPRO"></g><g v="neut"></g><g v="sing"></g><g v="accs"></g></l></v><v><l id="377006" t="что"><g v="ADVB"></g><g v="Ques"></g></l></v><v><l id="388695" t="что"><g v="PRCL"></g></l></v></tfr></token><token id="665980" text="«"><tfr rev_id="2446014" t="«"><v><l id="0" t="«"><g v="PNCT"></g></l></v></tfr></token><token id="665981" text="с"><tfr rev_id="1498076" t="с"><v><l id="311151" t="с"><g v="PREP"></g></l></v></tfr></token><token id="665982" text="использованием"><tfr rev_id="1498077" t="использованием"><v><l id="125417" t="использование"><g v="NOUN"></g><g v="inan"></g><g v="neut"></g><g v="sing"></g><g v="ablt"></g></l></v></tfr></token><token id="665983" text="сотовых"><tfr rev_id="4394192" t="сотовых"><v><l id="330856" t="сотовый"><g v="ADJF"></g><g v="Qual"></g><g v="plur"></g><g v="gent"></g></l></v></tfr></token><token id="665984" text="телефонов"><tfr rev_id="1498079" t="телефонов"><v><l id="344325" t="телефон"><g v="NOUN"></g><g v="inan"></g><g v="masc"></g><g v="plur"></g><g v="gent"></g></l></v></tfr></token><token id="665985" text="ассоциируется"><tfr rev_id="1498080" t="ассоциируется"><v><l id="18854" t="ассоциируюсь"><g v="VERB"></g><g v="impf"></g><g v="intr"></g><g v="sing"></g><g v="3per"></g><g v="pres"></g><g v="indc"></g></l></v></tfr></token><token id="665986" text="повышенный"><tfr rev_id="1498081" t="повышенный"><v><l id="242986" t="повышенный"><g v="PRTF"></g><g v="perf"></g><g v="tran"></g><g v="past"></g><g v="pssv"></g><g v="masc"></g><g v="sing"></g><g v="nomn"></g></l></v><v><l id="242986" t="повышенный"><g v="PRTF"></g><g v="perf"></g><g v="tran"></g><g v="past"></g><g v="pssv"></g><g v="inan"></g><g v="masc"></g><g v="sing"></g><g v="accs"></g></l></v><v><l id="243067" t="повышенный"><g v="ADJF"></g><g v="Qual"></g><g v="masc"></g><g v="sing"></g><g v="nomn"></g></l></v><v><l id="243067" t="повышенный"><g v="ADJF"></g><g v="Qual"></g><g v="inan"></g><g v="masc"></g><g v="sing"></g><g v="accs"></g></l></v></tfr></token><token id="665987" text="риск"><tfr rev_id="1498082" t="риск"><v><l id="307762" t="риск"><g v="NOUN"></g><g v="inan"></g><g v="masc"></g><g v="sing"></g><g v="nomn"></g></l></v><v><l id="307762" t="риск"><g v="NOUN"></g><g v="inan"></g><g v="masc"></g><g v="sing"></g><g v="accs"></g></l></v></tfr></token><token id="665988" text="возникновения"><tfr rev_id="3501818" t="возникновения"><v><l id="49519" t="возникновение"><g v="NOUN"></g><g v="inan"></g><g v="neut"></g><g v="sing"></g><g v="gent"></g></l></v></tfr></token><token id="665989" text="глиомы"><tfr rev_id="3283035" t="глиомы"><v><l id="71269" t="глиома"><g v="NOUN"></g><g v="inan"></g><g v="femn"></g><g v="sing"></g><g v="gent"></g></l></v></tfr></token><token id="665990" text="—"><tfr rev_id="2446015" t="—"><v><l id="0" t="—"><g v="PNCT"></g></l></v></tfr></token><token id="665991" text="злокачественной"><tfr rev_id="4425649" t="злокачественной"><v><l id="115705" t="злокачественный"><g v="ADJF"></g><g v="femn"></g><g v="sing"></g><g v="gent"></g></l></v></tfr></token><token id="665992" text="опухоли"><tfr rev_id="3553813" t="опухоли"><v><l id="208499" t="опухоль"><g v="NOUN"></g><g v="inan"></g><g v="femn"></g><g v="sing"></g><g v="gent"></g></l></v></tfr></token><token id="665993" text="мозга"><tfr rev_id="1498088" t="мозга"><v><l id="162481" t="мозг"><g v="NOUN"></g><g v="inan"></g><g v="masc"></g><g v="sing"></g><g v="gen1"></g></l></v></tfr></token><token id="665994" text="»"><tfr rev_id="2446016" t="»"><v><l id="0" t="»"><g v="PNCT"></g></l></v></tfr></token><token id="665995" text="."><tfr rev_id="1498090" t="."><v><l id="0" t="."><g v="PNCT"></g></l></v></tfr></token></tokens></sentence></paragraph><paragraph id="11969"><sentence id="37271"><source>Со ссылкой на руководителя МАИР Кристофера Уайлда в пресс-релизе говорится, что необходимо провести дополнительные исследования для изучения влияния длительного и интенсивного использования мобильных телефонов.</source><tokens><token id="665996" text="Со"><tfr rev_id="2919259" t="Со"><v><l id="311151" t="с"><g v="PREP"></g><g v="Vpre"></g></l></v></tfr></token><token id="665997" text="ссылкой"><tfr rev_id="4155314" t="ссылкой"><v><l id="334180" t="ссылка"><g v="NOUN"></g><g v="inan"></g><g v="femn"></g><g v="sing"></g><g v="ablt"></g></l></v></tfr></token><token id="665998" text="на"><tfr rev_id="3397812" t="на"><v><l id="166264" t="на"><g v="PREP"></g></l></v></tfr></token><token id="665999" text="руководителя"><tfr rev_id="4397360" t="руководителя"><v><l id="309980" t="руководитель"><g v="NOUN"></g><g v="anim"></g><g v="masc"></g><g v="sing"></g><g v="accs"></g></l></v></tfr></token><token id="666000" text="МАИР"><tfr rev_id="3496710" t="МАИР"><v><l id="0" t="МАИР"><g v="UNKN"></g></l></v></tfr></token><token id="666001" text="Кристофера"><tfr rev_id="4461066" t="Кристофера"><v><l id="142941" t="кристофер"><g v="NOUN"></g><g v="anim"></g><g v="masc"></g><g v="Name"></g><g v="sing"></g><g v="accs"></g></l></v></tfr></token><token id="666002" text="Уайлда"><tfr rev_id="1498097" t="Уайлда"><v><l id="0" t="уайлда"><g v="UNKN"></g></l></v></tfr></token><token id="666003" text="в"><tfr rev_id="1498098" t="в"><v><l id="37409" t="в"><g v="PREP"></g></l></v></tfr></token><token id="666004" text="пресс-релизе"><tfr rev_id="1498099" t="пресс-релизе"><v><l id="268248" t="пресс-релиз"><g v="NOUN"></g><g v="inan"></g><g v="masc"></g><g v="sing"></g><g v="loct"></g></l></v></tfr></token><token id="666005" text="говорится"><tfr rev_id="1498100" t="говорится"><v><l id="72062" t="говорюсь"><g v="VERB"></g><g v="impf"></g><g v="intr"></g><g v="sing"></g><g v="3per"></g><g v="pres"></g><g v="indc"></g></l></v></tfr></token><token id="666006" text=","><tfr rev_id="1498101" t=","><v><l id="0" t=","><g v="PNCT"></g></l></v></tfr></token><token id="666007" text="что"><tfr rev_id="3197466" t="что"><v><l id="377004" t="что"><g v="CONJ"></g></l></v><v><l id="377005" t="что"><g v="NPRO"></g><g v="neut"></g><g v="sing"></g><g v="nomn"></g></l></v><v><l id="377005" t="что"><g v="NPRO"></g><g v="neut"></g><g v="sing"></g><g v="accs"></g></l></v><v><l id="377006" t="что"><g v="ADVB"></g><g v="Ques"></g></l></v><v><l id="388695" t="что"><g v="PRCL"></g></l></v></tfr></token><token id="666008" text="необходимо"><tfr rev_id="1498103" t="необходимо"><v><l id="184806" t="необходимо"><g v="PRED"></g><g v="pres"></g></l></v><v><l id="184810" t="необходим"><g v="ADJS"></g><g v="Qual"></g><g v="neut"></g><g v="sing"></g></l></v></tfr></token><token id="666009" text="провести"><tfr rev_id="1498104" t="провести"><v><l id="277831" t="провести"><g v="INFN"></g><g v="perf"></g><g v="tran"></g></l></v></tfr></token><token id="666010" text="дополнительные"><tfr rev_id="3808827" t="дополнительные"><v><l id="89300" t="дополнительный"><g v="ADJF"></g><g v="inan"></g><g v="plur"></g><g v="accs"></g></l></v></tfr></token><token id="666011" text="исследования"><tfr rev_id="3741349" t="исследования"><v><l id="125799" t="исследование"><g v="NOUN"></g><g v="inan"></g><g v="neut"></g><g v="plur"></g><g v="accs"></g></l></v></tfr></token><token id="666012" text="для"><tfr rev_id="3442330" t="для"><v><l id="85032" t="для"><g v="PREP"></g></l></v></tfr></token><token id="666013" text="изучения"><tfr rev_id="3491727" t="изучения"><v><l id="120795" t="изучение"><g v="NOUN"></g><g v="inan"></g><g v="neut"></g><g v="sing"></g><g v="gent"></g></l></v></tfr></token><token id="666014" text="влияния"><tfr rev_id="3440197" t="влияния"><v><l id="46951" t="влияние"><g v="NOUN"></g><g v="inan"></g><g v="neut"></g><g v="sing"></g><g v="gent"></g></l></v></tfr></token><token id="666015" text="длительного"><tfr rev_id="3285159" t="длительного"><v><l id="85017" t="длительный"><g v="ADJF"></g><g v="Qual"></g><g v="neut"></g><g v="sing"></g><g v="gent"></g></l></v></tfr></token><token id="666016" text="и"><tfr rev_id="1498111" t="и"><v><l id="116949" t="и"><g v="CONJ"></g></l></v><v><l id="116950" t="и"><g v="INTJ"></g></l></v></tfr></token><token id="666017" text="интенсивного"><tfr rev_id="4164165" t="интенсивного"><v><l id="123091" t="интенсивный"><g v="ADJF"></g><g v="Qual"></g><g v="neut"></g><g v="sing"></g><g v="gent"></g></l></v></tfr></token><token id="666018" text="использования"><tfr rev_id="3440000" t="использования"><v><l id="125417" t="использование"><g v="NOUN"></g><g v="inan"></g><g v="neut"></g><g v="sing"></g><g v="gent"></g></l></v></tfr></token><token id="666019" text="мобильных"><tfr rev_id="4095772" t="мобильных"><v><l id="162202" t="мобильный"><g v="ADJF"></g><g v="Qual"></g><g v="plur"></g><g v="gent"></g></l></v></tfr></token><token id="666020" text="телефонов"><tfr rev_id="1498115" t="телефонов"><v><l id="344325" t="телефон"><g v="NOUN"></g><g v="inan"></g><g v="masc"></g><g v="plur"></g><g v="gent"></g></l></v></tfr></token><token id="666021" text="."><tfr rev_id="1498116" t="."><v><l id="0" t="."><g v="PNCT"></g></l></v></tfr></token></tokens></sentence><sentence id="37272"><source>Пока такой информации нет, говорит он, необходимо принять «прагматические шаги», чтобы меньше подвергаться излучению от сотовых телефонов; такими шагами могут быть использование гарнитур hands-free или замена голосовой связи СМС-сообщениями.</source><tokens><token id="666022" text="Пока"><tfr rev_id="4485598" t="Пока"><v><l id="253969" t="пока"><g v="CONJ"></g></l></v></tfr></token><token id="666023" text="такой"><tfr rev_id="2635648" t="такой"><v><l id="342491" t="такой"><g v="ADJF"></g><g v="Apro"></g><g v="femn"></g><g v="sing"></g><g v="gent"></g></l></v><v><l id="342491" t="такой"><g v="ADJF"></g><g v="Apro"></g><g v="femn"></g><g v="sing"></g><g v="datv"></g></l></v><v><l id="342491" t="такой"><g v="ADJF"></g><g v="Apro"></g><g v="femn"></g><g v="sing"></g><g v="ablt"></g></l></v><v><l id="342491" t="такой"><g v="ADJF"></g><g v="Apro"></g><g v="femn"></g><g v="sing"></g><g v="loct"></g></l></v></tfr></token><token id="666024" text="информации"><tfr rev_id="3548682" t="информации"><v><l id="123576" t="информация"><g v="NOUN"></g><g v="inan"></g><g v="femn"></g><g v="sing"></g><g v="gent"></g></l></v></tfr></token><token id="666025" text="нет"><tfr rev_id="3752523" t="нет"><v><l id="389552" t="нет"><g v="PRED"></g><g v="pres"></g></l></v></tfr></token><token id="666026" text=","><tfr rev_id="1498121" t=","><v><l id="0" t=","><g v="PNCT"></g></l></v></tfr></token><token id="666027" text="говорит"><tfr rev_id="1498122" t="говорит"><v><l id="72053" t="говорю"><g v="VERB"></g><g v="impf"></g><g v="tran"></g><g v="sing"></g><g v="3per"></g><g v="pres"></g><g v="indc"></g></l></v></tfr></token><token id="666028" text="он"><tfr rev_id="3575764" t="он"><v><l id="206541" t="он"><g v="NPRO"></g><g v="masc"></g><g v="3per"></g><g v="Anph"></g><g v="sing"></g><g v="nomn"></g></l></v></tfr></token><token id="666029" text=","><tfr rev_id="1498124" t=","><v><l id="0" t=","><g v="PNCT"></g></l></v></tfr></token><token id="666030" text="необходимо"><tfr rev_id="1498125" t="необходимо"><v><l id="184806" t="необходимо"><g v="PRED"></g><g v="pres"></g></l></v><v><l id="184810" t="необходим"><g v="ADJS"></g><g v="Qual"></g><g v="neut"></g><g v="sing"></g></l></v></tfr></token><token id="666031" text="принять"><tfr rev_id="1498126" t="принять"><v><l id="272701" t="принять"><g v="INFN"></g><g v="perf"></g><g v="tran"></g></l></v></tfr></token><token id="666032" text="«"><tfr rev_id="2446017" t="«"><v><l id="0" t="«"><g v="PNCT"></g></l></v></tfr></token><token id="666033" text="прагматические"><tfr rev_id="3820217" t="прагматические"><v><l id="265808" t="прагматический"><g v="ADJF"></g><g v="inan"></g><g v="plur"></g><g v="accs"></g></l></v></tfr></token><token id="666034" text="шаги"><tfr rev_id="3749565" t="шаги"><v><l id="377653" t="шаг"><g v="NOUN"></g><g v="inan"></g><g v="masc"></g><g v="plur"></g><g v="accs"></g></l></v></tfr></token><token id="666035" text="»"><tfr rev_id="2446018" t="»"><v><l id="0" t="»"><g v="PNCT"></g></l></v></tfr></token><token id="666036" text=","><tfr rev_id="1498131" t=","><v><l id="0" t=","><g v="PNCT"></g></l></v></tfr></token><token id="666037" text="чтобы"><tfr rev_id="1498132" t="чтобы"><v><l id="377013" t="чтобы"><g v="CONJ"></g></l></v><v><l id="377014" t="чтобы"><g v="PRCL"></g></l></v></tfr></token><token id="666038" text="меньше"><tfr rev_id="4266766" t="меньше"><v><l id="153697" t="меньше"><g v="COMP"></g><g v="Qual"></g></l></v></tfr></token><token id="666039" text="подвергаться"><tfr rev_id="1498134" t="подвергаться"><v><l id="244349" t="подвергаться"><g v="INFN"></g><g v="impf"></g><g v="intr"></g></l></v></tfr></token><token id="666040" text="излучению"><tfr rev_id="1498135" t="излучению"><v><l id="119262" t="излучение"><g v="NOUN"></g><g v="inan"></g><g v="neut"></g><g v="sing"></g><g v="datv"></g></l></v></tfr></token><token id="666041" text="от"><tfr rev_id="1498136" t="от"><v><l id="211644" t="от"><g v="PREP"></g></l></v></tfr></token><token id="666042" text="сотовых"><tfr rev_id="2827155" t="сотовых"><v><l id="330856" t="сотовый"><g v="ADJF"></g><g v="Qual"></g><g v="plur"></g><g v="gent"></g></l></v></tfr></token><token id="666043" text="телефонов"><tfr rev_id="1498138" t="телефонов"><v><l id="344325" t="телефон"><g v="NOUN"></g><g v="inan"></g><g v="masc"></g><g v="plur"></g><g v="gent"></g></l></v></tfr></token><token id="666044" text=";"><tfr rev_id="1498139" t=";"><v><l id="0" t=";"><g v="PNCT"></g></l></v></tfr></token><token id="666045" text="такими"><tfr rev_id="1498140" t="такими"><v><l id="342491" t="такой"><g v="ADJF"></g><g v="Apro"></g><g v="plur"></g><g v="ablt"></g></l></v></tfr></token><token id="666046" text="шагами"><tfr rev_id="1498141" t="шагами"><v><l id="377653" t="шаг"><g v="NOUN"></g><g v="inan"></g><g v="masc"></g><g v="plur"></g><g v="ablt"></g></l></v></tfr></token><token id="666047" text="могут"><tfr rev_id="1498142" t="могут"><v><l id="164485" t="могу"><g v="VERB"></g><g v="impf"></g><g v="intr"></g><g v="plur"></g><g v="3per"></g><g v="pres"></g><g v="indc"></g></l></v></tfr></token><token id="666048" text="быть"><tfr rev_id="1498143" t="быть"><v><l id="37266" t="быть"><g v="INFN"></g><g v="impf"></g><g v="intr"></g></l></v></tfr></token><token id="666049" text="использование"><tfr rev_id="4101447" t="использование"><v><l id="125417" t="использование"><g v="NOUN"></g><g v="inan"></g><g v="neut"></g><g v="sing"></g><g v="nomn"></g></l></v></tfr></token><token id="666050" text="гарнитур"><tfr rev_id="3476206" t="гарнитур"><v><l id="67481" t="гарнитура"><g v="NOUN"></g><g v="inan"></g><g v="femn"></g><g v="plur"></g><g v="gent"></g></l></v></tfr></token><token id="666051" text="hands-free"><tfr rev_id="2475149" t="hands-free"><v><l id="0" t="hands-free"><g v="LATN"></g></l></v></tfr></token><token id="666052" text="или"><tfr rev_id="3787306" t="или"><v><l id="121146" t="или"><g v="CONJ"></g></l></v></tfr></token><token id="666053" text="замена"><tfr rev_id="1498148" t="замена"><v><l id="105396" t="замена"><g v="NOUN"></g><g v="inan"></g><g v="femn"></g><g v="sing"></g><g v="nomn"></g></l></v></tfr></token><token id="666054" text="голосовой"><tfr rev_id="2635649" t="голосовой"><v><l id="72524" t="голосовой"><g v="ADJF"></g><g v="femn"></g><g v="sing"></g><g v="gent"></g></l></v><v><l id="72524" t="голосовой"><g v="ADJF"></g><g v="femn"></g><g v="sing"></g><g v="datv"></g></l></v><v><l id="72524" t="голосовой"><g v="ADJF"></g><g v="femn"></g><g v="sing"></g><g v="ablt"></g></l></v><v><l id="72524" t="голосовой"><g v="ADJF"></g><g v="femn"></g><g v="sing"></g><g v="loct"></g></l></v></tfr></token><token id="666055" text="связи"><tfr rev_id="4455811" t="связи"><v><l id="316572" t="связь"><g v="NOUN"></g><g v="inan"></g><g v="femn"></g><g v="sing"></g><g v="gent"></g></l></v></tfr></token><token id="666056" text="СМС-сообщениями"><tfr rev_id="1498151" t="СМС-сообщениями"><v><l id="0" t="смс-сообщениями"><g v="UNKN"></g></l></v></tfr></token><token id="666057" text="."><tfr rev_id="1498152" t="."><v><l id="0" t="."><g v="PNCT"></g></l></v></tfr></token></tokens></sentence></paragraph><paragraph id="11970"><sentence id="37273"><source>По данным ООН, в мире насчитывается около 5 миллиардов абонентов сотовых компаний, и это число в последние годы постоянно растёт, особенно среди молодежи и детей, что не может вызывать беспокойства врачей.</source><tokens><token id="666058" text="По"><tfr rev_id="1498153" t="По"><v><l id="241240" t="по"><g v="PREP"></g></l></v></tfr></token><token id="666059" text="данным"><tfr rev_id="4576839" t="данным"><v><l id="78302" t="данные"><g v="NOUN"></g><g v="inan"></g><g v="GNdr"></g><g v="Pltm"></g><g v="plur"></g><g v="datv"></g></l></v></tfr></token><token id="666060" text="ООН"><tfr rev_id="4138829" t="ООН"><v><l id="206695" t="оон"><g v="NOUN"></g><g v="inan"></g><g v="femn"></g><g v="Sgtm"></g><g v="Fixd"></g><g v="Abbr"></g><g v="Orgn"></g><g v="sing"></g><g v="gent"></g></l></v></tfr></token><token id="666061" text=","><tfr rev_id="1498156" t=","><v><l id="0" t=","><g v="PNCT"></g></l></v></tfr></token><token id="666062" text="в"><tfr rev_id="1498157" t="в"><v><l id="37409" t="в"><g v="PREP"></g></l></v></tfr></token><token id="666063" text="мире"><tfr rev_id="3723258" t="мире"><v><l id="160807" t="мир"><g v="NOUN"></g><g v="inan"></g><g v="masc"></g><g v="sing"></g><g v="loc1"></g></l></v></tfr></token><token id="666064" text="насчитывается"><tfr rev_id="1498159" t="насчитывается"><v><l id="176593" t="насчитываюсь"><g v="VERB"></g><g v="impf"></g><g v="intr"></g><g v="sing"></g><g v="3per"></g><g v="pres"></g><g v="indc"></g></l></v></tfr></token><token id="666065" text="около"><tfr rev_id="4485416" t="около"><v><l id="205005" t="около"><g v="PREP"></g></l></v></tfr></token><token id="666066" text="5"><tfr rev_id="2462485" t="5"><v><l id="0" t="5"><g v="NUMB"></g></l></v></tfr></token><token id="666067" text="миллиардов"><tfr rev_id="1498162" t="миллиардов"><v><l id="160237" t="миллиард"><g v="NOUN"></g><g v="inan"></g><g v="masc"></g><g v="plur"></g><g v="gent"></g></l></v></tfr></token><token id="666068" text="абонентов"><tfr rev_id="3547233" t="абонентов"><v><l id="1574" t="абонент"><g v="NOUN"></g><g v="anim"></g><g v="masc"></g><g v="plur"></g><g v="gent"></g></l></v></tfr></token><token id="666069" text="сотовых"><tfr rev_id="3410928" t="сотовых"><v><l id="330856" t="сотовый"><g v="ADJF"></g><g v="Qual"></g><g v="plur"></g><g v="gent"></g></l></v></tfr></token><token id="666070" text="компаний"><tfr rev_id="1498165" t="компаний"><v><l id="137146" t="компания"><g v="NOUN"></g><g v="inan"></g><g v="femn"></g><g v="plur"></g><g v="gent"></g></l></v></tfr></token><token id="666071" text=","><tfr rev_id="1498166" t=","><v><l id="0" t=","><g v="PNCT"></g></l></v></tfr></token><token id="666072" text="и"><tfr rev_id="4199952" t="и"><v><l id="116949" t="и"><g v="CONJ"></g></l></v></tfr></token><token id="666073" text="это"><tfr rev_id="4497625" t="это"><v><l id="386581" t="этот"><g v="ADJF"></g><g v="Subx"></g><g v="Apro"></g><g v="Anph"></g><g v="neut"></g><g v="sing"></g><g v="nomn"></g></l></v><v><l id="386581" t="этот"><g v="ADJF"></g><g v="Subx"></g><g v="Apro"></g><g v="Anph"></g><g v="neut"></g><g v="sing"></g><g v="accs"></g></l></v></tfr></token><token id="666074" text="число"><tfr rev_id="1498169" t="число"><v><l id="376585" t="число"><g v="NOUN"></g><g v="inan"></g><g v="neut"></g><g v="sing"></g><g v="nomn"></g></l></v><v><l id="376585" t="число"><g v="NOUN"></g><g v="inan"></g><g v="neut"></g><g v="sing"></g><g v="accs"></g></l></v></tfr></token><token id="666075" text="в"><tfr rev_id="1498170" t="в"><v><l id="37409" t="в"><g v="PREP"></g></l></v></tfr></token><token id="666076" text="последние"><tfr rev_id="3825691" t="последние"><v><l id="261565" t="последний"><g v="ADJF"></g><g v="inan"></g><g v="plur"></g><g v="accs"></g></l></v></tfr></token><token id="666077" text="годы"><tfr rev_id="3727977" t="годы"><v><l id="72149" t="год"><g v="NOUN"></g><g v="inan"></g><g v="masc"></g><g v="plur"></g><g v="accs"></g></l></v></tfr></token><token id="666078" text="постоянно"><tfr rev_id="1498173" t="постоянно"><v><l id="262401" t="постоянно"><g v="ADVB"></g></l></v><v><l id="262410" t="постоянен"><g v="ADJS"></g><g v="Qual"></g><g v="neut"></g><g v="sing"></g></l></v></tfr></token><token id="666079" text="растёт"><tfr rev_id="1498174" t="растёт"><v><l id="302041" t="расту"><g v="VERB"></g><g v="impf"></g><g v="intr"></g><g v="sing"></g><g v="3per"></g><g v="pres"></g><g v="indc"></g></l></v></tfr></token><token id="666080" text=","><tfr rev_id="1498175" t=","><v><l id="0" t=","><g v="PNCT"></g></l></v></tfr></token><token id="666081" text="особенно"><tfr rev_id="3426601" t="особенно"><v><l id="210627" t="особенно"><g v="ADVB"></g></l></v><v><l id="210630" t="особен"><g v="ADJS"></g><g v="Qual"></g><g v="neut"></g><g v="sing"></g></l></v><v><l id="388746" t="особенно"><g v="PRCL"></g></l></v></tfr></token><token id="666082" text="среди"><tfr rev_id="1498177" t="среди"><v><l id="333473" t="среди"><g v="PREP"></g></l></v></tfr></token><token id="666083" text="молодежи"><tfr rev_id="4238768" t="молодежи"><v><l id="162804" t="молодёжь"><g v="NOUN"></g><g v="inan"></g><g v="femn"></g><g v="sing"></g><g v="gent"></g></l></v></tfr></token><token id="666084" text="и"><tfr rev_id="4238507" t="и"><v><l id="116949" t="и"><g v="CONJ"></g></l></v></tfr></token><token id="666085" text="детей"><tfr rev_id="4202373" t="детей"><v><l id="304488" t="ребёнок"><g v="NOUN"></g><g v="anim"></g><g v="masc"></g><g v="plur"></g><g v="gent"></g></l></v></tfr></token><token id="666086" text=","><tfr rev_id="1498181" t=","><v><l id="0" t=","><g v="PNCT"></g></l></v></tfr></token><token id="666087" text="что"><tfr rev_id="3197467" t="что"><v><l id="377004" t="что"><g v="CONJ"></g></l></v><v><l id="377005" t="что"><g v="NPRO"></g><g v="neut"></g><g v="sing"></g><g v="nomn"></g></l></v><v><l id="377005" t="что"><g v="NPRO"></g><g v="neut"></g><g v="sing"></g><g v="accs"></g></l></v><v><l id="377006" t="что"><g v="ADVB"></g><g v="Ques"></g></l></v><v><l id="388695" t="что"><g v="PRCL"></g></l></v></tfr></token><token id="666088" text="не"><tfr rev_id="1498183" t="не"><v><l id="178876" t="не"><g v="PRCL"></g></l></v></tfr></token><token id="666089" text="может"><tfr rev_id="4233004" t="может"><v><l id="164485" t="могу"><g v="VERB"></g><g v="impf"></g><g v="intr"></g><g v="sing"></g><g v="3per"></g><g v="pres"></g><g v="indc"></g></l></v></tfr></token><token id="666090" text="вызывать"><tfr rev_id="1498185" t="вызывать"><v><l id="57672" t="вызывать"><g v="INFN"></g><g v="impf"></g><g v="tran"></g></l></v></tfr></token><token id="666091" text="беспокойства"><tfr rev_id="3470028" t="беспокойства"><v><l id="28442" t="беспокойство"><g v="NOUN"></g><g v="inan"></g><g v="neut"></g><g v="sing"></g><g v="gent"></g></l></v></tfr></token><token id="666092" text="врачей"><tfr rev_id="3547147" t="врачей"><v><l id="53020" t="врач"><g v="NOUN"></g><g v="anim"></g><g v="masc"></g><g v="plur"></g><g v="gent"></g></l></v></tfr></token><token id="666093" text="."><tfr rev_id="1498188" t="."><v><l id="0" t="."><g v="PNCT"></g></l></v></tfr></token></tokens></sentence></paragraph><paragraph id="11971"><sentence id="37274"><source>Парламентская ассамблея Совета Европы (ПАСЕ), призвала европейские правительства"принять все разумные меры"по сокращению воздействия электромагнитных полей, особенно на радио частот с мобильных телефонов ,"и в частности воздействию на детей и молодых людей, у которых, кажется, самый высокий риск опухолей головы".</source><tokens><token id="666094" text="Парламентская"><tfr rev_id="1498189" t="Парламентская"><v><l id="224165" t="парламентский"><g v="ADJF"></g><g v="femn"></g><g v="sing"></g><g v="nomn"></g></l></v></tfr></token><token id="666095" text="ассамблея"><tfr rev_id="1498190" t="ассамблея"><v><l id="18653" t="ассамблея"><g v="NOUN"></g><g v="inan"></g><g v="femn"></g><g v="sing"></g><g v="nomn"></g></l></v></tfr></token><token id="666096" text="Совета"><tfr rev_id="1498191" t="Совета"><v><l id="327955" t="совет"><g v="NOUN"></g><g v="inan"></g><g v="masc"></g><g v="sing"></g><g v="gent"></g></l></v></tfr></token><token id="666097" text="Европы"><tfr rev_id="1498192" t="Европы"><v><l id="94019" t="европа"><g v="NOUN"></g><g v="inan"></g><g v="femn"></g><g v="Sgtm"></g><g v="Geox"></g><g v="sing"></g><g v="gent"></g></l></v></tfr></token><token id="666098" text="("><tfr rev_id="1498193" t="("><v><l id="0" t="("><g v="PNCT"></g></l></v></tfr></token><token id="666099" text="ПАСЕ"><tfr rev_id="4466341" t="ПАСЕ"><v><l id="390707" t="пасе"><g v="NOUN"></g><g v="inan"></g><g v="femn"></g><g v="Sgtm"></g><g v="Fixd"></g><g v="Abbr"></g><g v="Orgn"></g><g v="sing"></g><g v="ablt"></g></l></v><v><l id="390707" t="пасе"><g v="NOUN"></g><g v="inan"></g><g v="femn"></g><g v="Sgtm"></g><g v="Fixd"></g><g v="Abbr"></g><g v="Orgn"></g><g v="sing"></g><g v="accs"></g></l></v><v><l id="390707" t="пасе"><g v="NOUN"></g><g v="inan"></g><g v="femn"></g><g v="Sgtm"></g><g v="Fixd"></g><g v="Abbr"></g><g v="Orgn"></g><g v="sing"></g><g v="datv"></g></l></v><v><l id="390707" t="пасе"><g v="NOUN"></g><g v="inan"></g><g v="femn"></g><g v="Sgtm"></g><g v="Fixd"></g><g v="Abbr"></g><g v="Orgn"></g><g v="sing"></g><g v="gent"></g></l></v><v><l id="390707" t="пасе"><g v="NOUN"></g><g v="inan"></g><g v="femn"></g><g v="Sgtm"></g><g v="Fixd"></g><g v="Abbr"></g><g v="Orgn"></g><g v="sing"></g><g v="loct"></g></l></v><v><l id="390707" t="пасе"><g v="NOUN"></g><g v="inan"></g><g v="femn"></g><g v="Sgtm"></g><g v="Fixd"></g><g v="Abbr"></g><g v="Orgn"></g><g v="sing"></g><g v="nomn"></g></l></v></tfr></token><token id="666100" text=")"><tfr rev_id="1498195" t=")"><v><l id="0" t=")"><g v="PNCT"></g></l></v></tfr></token><token id="666101" text=","><tfr rev_id="1498196" t=","><v><l id="0" t=","><g v="PNCT"></g></l></v></tfr></token><token id="666102" text="призвала"><tfr rev_id="1498197" t="призвала"><v><l id="270564" t="призвал"><g v="VERB"></g><g v="perf"></g><g v="tran"></g><g v="femn"></g><g v="sing"></g><g v="past"></g><g v="indc"></g></l></v></tfr></token><token id="666103" text="европейские"><tfr rev_id="3808768" t="европейские"><v><l id="94034" t="европейский"><g v="ADJF"></g><g v="inan"></g><g v="plur"></g><g v="accs"></g></l></v></tfr></token><token id="666104" text="правительства"><tfr rev_id="3767155" t="правительства"><v><l id="265638" t="правительство"><g v="NOUN"></g><g v="inan"></g><g v="neut"></g><g v="plur"></g><g v="accs"></g></l></v></tfr></token><token id="666105" text="&quot;"><tfr rev_id="1498200" t="&quot;"><v><l id="0" t="&quot;"><g v="PNCT"></g></l></v></tfr></token><token id="666106" text="принять"><tfr rev_id="1498201" t="принять"><v><l id="272701" t="принять"><g v="INFN"></g><g v="perf"></g><g v="tran"></g></l></v></tfr></token><token id="666107" text="все"><tfr rev_id="4511128" t="все"><v><l id="42156" t="весь"><g v="ADJF"></g><g v="Subx"></g><g v="Apro"></g><g v="inan"></g><g v="plur"></g><g v="accs"></g></l></v><v><l id="42156" t="весь"><g v="ADJF"></g><g v="Subx"></g><g v="Apro"></g><g v="plur"></g><g v="nomn"></g></l></v></tfr></token><token id="666108" text="разумные"><tfr rev_id="4086239" t="разумные"><v><l id="297132" t="разумный"><g v="ADJF"></g><g v="Qual"></g><g v="inan"></g><g v="plur"></g><g v="accs"></g></l></v></tfr></token><token id="666109" text="меры"><tfr rev_id="3795874" t="меры"><v><l id="158460" t="мера"><g v="NOUN"></g><g v="inan"></g><g v="femn"></g><g v="plur"></g><g v="accs"></g></l></v></tfr></token><token id="666110" text="&quot;"><tfr rev_id="1498205" t="&quot;"><v><l id="0" t="&quot;"><g v="PNCT"></g></l></v></tfr></token><token id="666111" text="по"><tfr rev_id="1498206" t="по"><v><l id="241240" t="по"><g v="PREP"></g></l></v></tfr></token><token id="666112" text="сокращению"><tfr rev_id="1498207" t="сокращению"><v><l id="328844" t="сокращение"><g v="NOUN"></g><g v="inan"></g><g v="neut"></g><g v="sing"></g><g v="datv"></g></l></v></tfr></token><token id="666113" text="воздействия"><tfr rev_id="3500569" t="воздействия"><v><l id="49025" t="воздействие"><g v="NOUN"></g><g v="inan"></g><g v="neut"></g><g v="sing"></g><g v="gent"></g></l></v></tfr></token><token id="666114" text="электромагнитных"><tfr rev_id="4408846" t="электромагнитных"><v><l id="384294" t="электромагнитный"><g v="ADJF"></g><g v="plur"></g><g v="gent"></g></l></v></tfr></token><token id="666115" text="полей"><tfr rev_id="4469979" t="полей"><v><l id="255256" t="поле"><g v="NOUN"></g><g v="inan"></g><g v="neut"></g><g v="plur"></g><g v="gent"></g></l></v></tfr></token><token id="666116" text=","><tfr rev_id="1498211" t=","><v><l id="0" t=","><g v="PNCT"></g></l></v></tfr></token><token id="666117" text="особенно"><tfr rev_id="3426602" t="особенно"><v><l id="210627" t="особенно"><g v="ADVB"></g></l></v><v><l id="210630" t="особен"><g v="ADJS"></g><g v="Qual"></g><g v="neut"></g><g v="sing"></g></l></v><v><l id="388746" t="особенно"><g v="PRCL"></g></l></v></tfr></token><token id="666118" text="на"><tfr rev_id="3475324" t="на"><v><l id="166264" t="на"><g v="PREP"></g></l></v></tfr></token><token id="666119" text="радио"><tfr rev_id="1498214" t="радио"><v><l id="290919" t="радио"><g v="NOUN"></g><g v="inan"></g><g v="neut"></g><g v="Fixd"></g><g v="sing"></g><g v="nomn"></g></l></v><v><l id="290919" t="радио"><g v="NOUN"></g><g v="inan"></g><g v="neut"></g><g v="Fixd"></g><g v="sing"></g><g v="gent"></g></l></v><v><l id="290919" t="радио"><g v="NOUN"></g><g v="inan"></g><g v="neut"></g><g v="Fixd"></g><g v="sing"></g><g v="datv"></g></l></v><v><l id="290919" t="радио"><g v="NOUN"></g><g v="inan"></g><g v="neut"></g><g v="Fixd"></g><g v="sing"></g><g v="accs"></g></l></v><v><l id="290919" t="радио"><g v="NOUN"></g><g v="inan"></g><g v="neut"></g><g v="Fixd"></g><g v="sing"></g><g v="ablt"></g></l></v><v><l id="290919" t="радио"><g v="NOUN"></g><g v="inan"></g><g v="neut"></g><g v="Fixd"></g><g v="sing"></g><g v="loct"></g></l></v><v><l id="290919" t="радио"><g v="NOUN"></g><g v="inan"></g><g v="neut"></g><g v="Fixd"></g><g v="plur"></g><g v="nomn"></g></l></v><v><l id="290919" t="радио"><g v="NOUN"></g><g v="inan"></g><g v="neut"></g><g v="Fixd"></g><g v="plur"></g><g v="gent"></g></l></v><v><l id="290919" t="радио"><g v="NOUN"></g><g v="inan"></g><g v="neut"></g><g v="Fixd"></g><g v="plur"></g><g v="datv"></g></l></v><v><l id="290919" t="радио"><g v="NOUN"></g><g v="inan"></g><g v="neut"></g><g v="Fixd"></g><g v="plur"></g><g v="accs"></g></l></v><v><l id="290919" t="радио"><g v="NOUN"></g><g v="inan"></g><g v="neut"></g><g v="Fixd"></g><g v="plur"></g><g v="ablt"></g></l></v><v><l id="290919" t="радио"><g v="NOUN"></g><g v="inan"></g><g v="neut"></g><g v="Fixd"></g><g v="plur"></g><g v="loct"></g></l></v></tfr></token><token id="666120" text="частот"><tfr rev_id="1498215" t="частот"><v><l id="374803" t="частота"><g v="NOUN"></g><g v="inan"></g><g v="femn"></g><g v="plur"></g><g v="gent"></g></l></v></tfr></token><token id="666121" text="с"><tfr rev_id="1498216" t="с"><v><l id="311151" t="с"><g v="PREP"></g></l></v></tfr></token><token id="666122" text="мобильных"><tfr rev_id="4312888" t="мобильных"><v><l id="162202" t="мобильный"><g v="ADJF"></g><g v="Qual"></g><g v="plur"></g><g v="gent"></g></l></v></tfr></token><token id="666123" text="телефонов"><tfr rev_id="1498218" t="телефонов"><v><l id="344325" t="телефон"><g v="NOUN"></g><g v="inan"></g><g v="masc"></g><g v="plur"></g><g v="gent"></g></l></v></tfr></token><token id="666124" text=","><tfr rev_id="1498219" t=","><v><l id="0" t=","><g v="PNCT"></g></l></v></tfr></token><token id="666125" text="&quot;"><tfr rev_id="1498220" t="&quot;"><v><l id="0" t="&quot;"><g v="PNCT"></g></l></v></tfr></token><token id="666126" text="и"><tfr rev_id="3542330" t="и"><v><l id="116949" t="и"><g v="CONJ"></g></l></v></tfr></token><token id="666127" text="в"><tfr rev_id="1498222" t="в"><v><l id="37409" t="в"><g v="PREP"></g></l></v></tfr></token><token id="666128" text="частности"><tfr rev_id="4240336" t="частности"><v><l id="374794" t="частность"><g v="NOUN"></g><g v="inan"></g><g v="femn"></g><g v="sing"></g><g v="loct"></g></l></v></tfr></token><token id="666129" text="воздействию"><tfr rev_id="1498224" t="воздействию"><v><l id="49025" t="воздействие"><g v="NOUN"></g><g v="inan"></g><g v="neut"></g><g v="sing"></g><g v="datv"></g></l></v></tfr></token><token id="666130" text="на"><tfr rev_id="3342893" t="на"><v><l id="166264" t="на"><g v="PREP"></g></l></v></tfr></token><token id="666131" text="детей"><tfr rev_id="2369546" t="детей"><v><l id="304488" t="ребёнок"><g v="NOUN"></g><g v="anim"></g><g v="masc"></g><g v="plur"></g><g v="accs"></g></l></v></tfr></token><token id="666132" text="и"><tfr rev_id="1498227" t="и"><v><l id="116949" t="и"><g v="CONJ"></g></l></v><v><l id="116950" t="и"><g v="INTJ"></g></l></v></tfr></token><token id="666133" text="молодых"><tfr rev_id="4428273" t="молодых"><v><l id="162846" t="молодой"><g v="ADJF"></g><g v="Qual"></g><g v="anim"></g><g v="plur"></g><g v="accs"></g></l></v></tfr></token><token id="666134" text="людей"><tfr rev_id="2866421" t="людей"><v><l id="375073" t="человек"><g v="NOUN"></g><g v="anim"></g><g v="masc"></g><g v="plur"></g><g v="accs"></g></l></v></tfr></token><token id="666135" text=","><tfr rev_id="1498230" t=","><v><l id="0" t=","><g v="PNCT"></g></l></v></tfr></token><token id="666136" text="у"><tfr rev_id="3283993" t="у"><v><l id="352818" t="у"><g v="PREP"></g></l></v></tfr></token><token id="666137" text="которых"><tfr rev_id="4400627" t="которых"><v><l id="141203" t="который"><g v="ADJF"></g><g v="Apro"></g><g v="Subx"></g><g v="Anph"></g><g v="plur"></g><g v="gent"></g></l></v></tfr></token><token id="666138" text=","><tfr rev_id="1498233" t=","><v><l id="0" t=","><g v="PNCT"></g></l></v></tfr></token><token id="666139" text="кажется"><tfr rev_id="4233635" t="кажется"><v><l id="127876" t="кажется"><g v="CONJ"></g><g v="Prnt"></g></l></v></tfr></token><token id="666140" text=","><tfr rev_id="1498235" t=","><v><l id="0" t=","><g v="PNCT"></g></l></v></tfr></token><token id="666141" text="самый"><tfr rev_id="3126039" t="самый"><v><l id="313174" t="самый"><g v="ADJF"></g><g v="Apro"></g><g v="masc"></g><g v="sing"></g><g v="nomn"></g></l></v></tfr></token><token id="666142" text="высокий"><tfr rev_id="1498237" t="высокий"><v><l id="62135" t="высокий"><g v="ADJF"></g><g v="Qual"></g><g v="masc"></g><g v="sing"></g><g v="nomn"></g></l></v><v><l id="62135" t="высокий"><g v="ADJF"></g><g v="Qual"></g><g v="inan"></g><g v="masc"></g><g v="sing"></g><g v="accs"></g></l></v></tfr></token><token id="666143" text="риск"><tfr rev_id="3708060" t="риск"><v><l id="307762" t="риск"><g v="NOUN"></g><g v="inan"></g><g v="masc"></g><g v="sing"></g><g v="nomn"></g></l></v></tfr></token><token id="666144" text="опухолей"><tfr rev_id="1498239" t="опухолей"><v><l id="208499" t="опухоль"><g v="NOUN"></g><g v="inan"></g><g v="femn"></g><g v="plur"></g><g v="gent"></g></l></v></tfr></token><token id="666145" text="головы"><tfr rev_id="4296041" t="головы"><v><l id="72304" t="голова"><g v="NOUN"></g><g v="inan"></g><g v="femn"></g><g v="sing"></g><g v="gent"></g></l></v></tfr></token><token id="666146" text="&quot;"><tfr rev_id="1498241" t="&quot;"><v><l id="0" t="&quot;"><g v="PNCT"></g></l></v></tfr></token><token id="666147" text="."><tfr rev_id="1498242" t="."><v><l id="0" t="."><g v="PNCT"></g></l></v></tfr></token></tokens></sentence></paragraph><paragraph id="11972"><sentence id="37275"><source>По словам парламентариев, правительства должны"для детей в целом, и особенно в школах и классах, отдавать предпочтение проводного подключения к Интернету, и строго регламентировать использование мобильных телефонов школьниками на территории школы".</source><tokens><token id="666148" text="По"><tfr rev_id="1498243" t="По"><v><l id="241240" t="по"><g v="PREP"></g></l></v></tfr></token><token id="666149" text="словам"><tfr rev_id="1498244" t="словам"><v><l id="325168" t="слово"><g v="NOUN"></g><g v="inan"></g><g v="neut"></g><g v="plur"></g><g v="datv"></g></l></v></tfr></token><token id="666150" text="парламентариев"><tfr rev_id="4357909" t="парламентариев"><v><l id="224161" t="парламентарий"><g v="NOUN"></g><g v="anim"></g><g v="masc"></g><g v="plur"></g><g v="gent"></g></l></v></tfr></token><token id="666151" text=","><tfr rev_id="1498246" t=","><v><l id="0" t=","><g v="PNCT"></g></l></v></tfr></token><token id="666152" text="правительства"><tfr rev_id="3765915" t="правительства"><v><l id="265638" t="правительство"><g v="NOUN"></g><g v="inan"></g><g v="neut"></g><g v="plur"></g><g v="nomn"></g></l></v></tfr></token><token id="666153" text="должны"><tfr rev_id="2559318" t="должны"><v><l id="87975" t="должен"><g v="ADJS"></g><g v="plur"></g></l></v></tfr></token><token id="666154" text="&quot;"><tfr rev_id="1498249" t="&quot;"><v><l id="0" t="&quot;"><g v="PNCT"></g></l></v></tfr></token><token id="666155" text="для"><tfr rev_id="3453042" t="для"><v><l id="85032" t="для"><g v="PREP"></g></l></v></tfr></token><token id="666156" text="детей"><tfr rev_id="2866539" t="детей"><v><l id="304488" t="ребёнок"><g v="NOUN"></g><g v="anim"></g><g v="masc"></g><g v="plur"></g><g v="gent"></g></l></v></tfr></token><token id="666157" text="в"><tfr rev_id="1498252" t="в"><v><l id="37409" t="в"><g v="PREP"></g></l></v></tfr></token><token id="666158" text="целом"><tfr rev_id="4234774" t="целом"><v><l id="373197" t="целое"><g v="NOUN"></g><g v="inan"></g><g v="neut"></g><g v="sing"></g><g v="loct"></g></l></v></tfr></token><token id="666159" text=","><tfr rev_id="1498254" t=","><v><l id="0" t=","><g v="PNCT"></g></l></v></tfr></token><token id="666160" text="и"><tfr rev_id="3552927" t="и"><v><l id="116949" t="и"><g v="CONJ"></g></l></v></tfr></token><token id="666161" text="особенно"><tfr rev_id="3426603" t="особенно"><v><l id="210627" t="особенно"><g v="ADVB"></g></l></v><v><l id="210630" t="особен"><g v="ADJS"></g><g v="Qual"></g><g v="neut"></g><g v="sing"></g></l></v><v><l id="388746" t="особенно"><g v="PRCL"></g></l></v></tfr></token><token id="666162" text="в"><tfr rev_id="1498257" t="в"><v><l id="37409" t="в"><g v="PREP"></g></l></v></tfr></token><token id="666163" text="школах"><tfr rev_id="1498258" t="школах"><v><l id="380220" t="школа"><g v="NOUN"></g><g v="inan"></g><g v="femn"></g><g v="plur"></g><g v="loct"></g></l></v></tfr></token><token id="666164" text="и"><tfr rev_id="3554415" t="и"><v><l id="116949" t="и"><g v="CONJ"></g></l></v></tfr></token><token id="666165" text="классах"><tfr rev_id="1498260" t="классах"><v><l id="133889" t="класс"><g v="NOUN"></g><g v="inan"></g><g v="masc"></g><g v="plur"></g><g v="loct"></g></l></v></tfr></token><token id="666166" text=","><tfr rev_id="1498261" t=","><v><l id="0" t=","><g v="PNCT"></g></l></v></tfr></token><token id="666167" text="отдавать"><tfr rev_id="1498262" t="отдавать"><v><l id="213237" t="отдавать"><g v="INFN"></g><g v="impf"></g><g v="tran"></g></l></v></tfr></token><token id="666168" text="предпочтение"><tfr rev_id="4209618" t="предпочтение"><v><l id="266884" t="предпочтение"><g v="NOUN"></g><g v="inan"></g><g v="neut"></g><g v="sing"></g><g v="accs"></g></l></v></tfr></token><token id="666169" text="проводного"><tfr rev_id="2585530" t="проводного"><v><l id="278027" t="проводной"><g v="ADJF"></g><g v="neut"></g><g v="sing"></g><g v="gent"></g></l></v></tfr></token><token id="666170" text="подключения"><tfr rev_id="1498265" t="подключения"><v><l id="246416" t="подключение"><g v="NOUN"></g><g v="inan"></g><g v="neut"></g><g v="sing"></g><g v="gent"></g></l></v><v><l id="246416" t="подключение"><g v="NOUN"></g><g v="inan"></g><g v="neut"></g><g v="plur"></g><g v="nomn"></g></l></v><v><l id="246416" t="подключение"><g v="NOUN"></g><g v="inan"></g><g v="neut"></g><g v="plur"></g><g v="accs"></g></l></v></tfr></token><token id="666171" text="к"><tfr rev_id="1498266" t="к"><v><l id="127460" t="к"><g v="PREP"></g></l></v></tfr></token><token id="666172" text="Интернету"><tfr rev_id="1498267" t="Интернету"><v><l id="123255" t="интернет"><g v="NOUN"></g><g v="inan"></g><g v="masc"></g><g v="sing"></g><g v="datv"></g></l></v></tfr></token><token id="666173" text=","><tfr rev_id="1498268" t=","><v><l id="0" t=","><g v="PNCT"></g></l></v></tfr></token><token id="666174" text="и"><tfr rev_id="1498269" t="и"><v><l id="116949" t="и"><g v="CONJ"></g></l></v><v><l id="116950" t="и"><g v="INTJ"></g></l></v></tfr></token><token id="666175" text="строго"><tfr rev_id="1498270" t="строго"><v><l id="337644" t="строг"><g v="ADJS"></g><g v="Qual"></g><g v="neut"></g><g v="sing"></g></l></v><v><l id="337647" t="строго"><g v="ADVB"></g></l></v></tfr></token><token id="666176" text="регламентировать"><tfr rev_id="1498271" t="регламентировать"><v><l id="304872" t="регламентировать"><g v="INFN"></g><g v="perf"></g><g v="tran"></g></l></v><v><l id="304873" t="регламентировать"><g v="INFN"></g><g v="impf"></g><g v="tran"></g></l></v></tfr></token><token id="666177" text="использование"><tfr rev_id="4083510" t="использование"><v><l id="125417" t="использование"><g v="NOUN"></g><g v="inan"></g><g v="neut"></g><g v="sing"></g><g v="accs"></g></l></v></tfr></token><token id="666178" text="мобильных"><tfr rev_id="4356021" t="мобильных"><v><l id="162202" t="мобильный"><g v="ADJF"></g><g v="Qual"></g><g v="plur"></g><g v="gent"></g></l></v></tfr></token><token id="666179" text="телефонов"><tfr rev_id="1498274" t="телефонов"><v><l id="344325" t="телефон"><g v="NOUN"></g><g v="inan"></g><g v="masc"></g><g v="plur"></g><g v="gent"></g></l></v></tfr></token><token id="666180" text="школьниками"><tfr rev_id="1498275" t="школьниками"><v><l id="380237" t="школьник"><g v="NOUN"></g><g v="anim"></g><g v="masc"></g><g v="plur"></g><g v="ablt"></g></l></v></tfr></token><token id="666181" text="на"><tfr rev_id="3330459" t="на"><v><l id="166264" t="на"><g v="PREP"></g></l></v></tfr></token><token id="666182" text="территории"><tfr rev_id="4277527" t="территории"><v><l id="345621" t="территория"><g v="NOUN"></g><g v="inan"></g><g v="femn"></g><g v="sing"></g><g v="loct"></g></l></v></tfr></token><token id="666183" text="школы"><tfr rev_id="3457926" t="школы"><v><l id="380220" t="школа"><g v="NOUN"></g><g v="inan"></g><g v="femn"></g><g v="sing"></g><g v="gent"></g></l></v></tfr></token><token id="666184" text="&quot;"><tfr rev_id="1498279" t="&quot;"><v><l id="0" t="&quot;"><g v="PNCT"></g></l></v></tfr></token><token id="666185" text="."><tfr rev_id="1498280" t="."><v><l id="0" t="."><g v="PNCT"></g></l></v></tfr></token></tokens></sentence><sentence id="37276"><source>Необходимо информировать и повышать осведомленность проводя кампании по рискам потенциально вредных долгосрочных биологических воздействий на окружающую среду и на здоровье человека, особенно"в интересах детей, подростков и молодых людей репродуктивного возраста".</source><tokens><token id="666186" text="Необходимо"><tfr rev_id="1498281" t="Необходимо"><v><l id="184806" t="необходимо"><g v="PRED"></g><g v="pres"></g></l></v><v><l id="184810" t="необходим"><g v="ADJS"></g><g v="Qual"></g><g v="neut"></g><g v="sing"></g></l></v></tfr></token><token id="666187" text="информировать"><tfr rev_id="1498282" t="информировать"><v><l id="123583" t="информировать"><g v="INFN"></g><g v="impf"></g><g v="tran"></g></l></v></tfr></token><token id="666188" text="и"><tfr rev_id="1498283" t="и"><v><l id="116949" t="и"><g v="CONJ"></g></l></v><v><l id="116950" t="и"><g v="INTJ"></g></l></v></tfr></token><token id="666189" text="повышать"><tfr rev_id="1498284" t="повышать"><v><l id="243052" t="повышать"><g v="INFN"></g><g v="impf"></g><g v="tran"></g></l></v></tfr></token><token id="666190" text="осведомленность"><tfr rev_id="1498285" t="осведомленность"><v><l id="209536" t="осведомлённость"><g v="NOUN"></g><g v="inan"></g><g v="femn"></g><g v="sing"></g><g v="nomn"></g></l></v><v><l id="209536" t="осведомлённость"><g v="NOUN"></g><g v="inan"></g><g v="femn"></g><g v="sing"></g><g v="accs"></g></l></v></tfr></token><token id="666191" text="проводя"><tfr rev_id="1498286" t="проводя"><v><l id="278008" t="проводя"><g v="GRND"></g><g v="impf"></g><g v="tran"></g><g v="pres"></g></l></v></tfr></token><token id="666192" text="кампании"><tfr rev_id="3805480" t="кампании"><v><l id="129077" t="кампания"><g v="NOUN"></g><g v="inan"></g><g v="femn"></g><g v="plur"></g><g v="accs"></g></l></v></tfr></token><token id="666193" text="по"><tfr rev_id="1498288" t="по"><v><l id="241240" t="по"><g v="PREP"></g></l></v></tfr></token><token id="666194" text="рискам"><tfr rev_id="3859645" t="рискам"><v><l id="307762" t="риск"><g v="NOUN"></g><g v="inan"></g><g v="masc"></g><g v="plur"></g><g v="datv"></g></l></v></tfr></token><token id="666195" text="потенциально"><tfr rev_id="1498290" t="потенциально"><v><l id="263089" t="потенциально"><g v="ADVB"></g></l></v><v><l id="263092" t="потенциален"><g v="ADJS"></g><g v="neut"></g><g v="sing"></g></l></v></tfr></token><token id="666196" text="вредных"><tfr rev_id="3884825" t="вредных"><v><l id="53078" t="вредный"><g v="ADJF"></g><g v="Qual"></g><g v="plur"></g><g v="gent"></g></l></v></tfr></token><token id="666197" text="долгосрочных"><tfr rev_id="1498292" t="долгосрочных"><v><l id="87827" t="долгосрочный"><g v="ADJF"></g><g v="Qual"></g><g v="plur"></g><g v="gent"></g></l></v><v><l id="87827" t="долгосрочный"><g v="ADJF"></g><g v="Qual"></g><g v="anim"></g><g v="plur"></g><g v="accs"></g></l></v><v><l id="87827" t="долгосрочный"><g v="ADJF"></g><g v="Qual"></g><g v="plur"></g><g v="loct"></g></l></v></tfr></token><token id="666198" text="биологических"><tfr rev_id="3703450" t="биологических"><v><l id="29779" t="биологический"><g v="ADJF"></g><g v="plur"></g><g v="gent"></g></l></v></tfr></token><token id="666199" text="воздействий"><tfr rev_id="1498294" t="воздействий"><v><l id="49025" t="воздействие"><g v="NOUN"></g><g v="inan"></g><g v="neut"></g><g v="plur"></g><g v="gent"></g></l></v></tfr></token><token id="666200" text="на"><tfr rev_id="3330461" t="на"><v><l id="166264" t="на"><g v="PREP"></g></l></v></tfr></token><token id="666201" text="окружающую"><tfr rev_id="1498296" t="окружающую"><v><l id="205521" t="окружающий"><g v="PRTF"></g><g v="impf"></g><g v="tran"></g><g v="pres"></g><g v="actv"></g><g v="femn"></g><g v="sing"></g><g v="accs"></g></l></v><v><l id="205533" t="окружающий"><g v="ADJF"></g><g v="femn"></g><g v="sing"></g><g v="accs"></g></l></v></tfr></token><token id="666202" text="среду"><tfr rev_id="1498297" t="среду"><v><l id="333471" t="среда"><g v="NOUN"></g><g v="inan"></g><g v="femn"></g><g v="sing"></g><g v="accs"></g></l></v></tfr></token><token id="666203" text="и"><tfr rev_id="4164552" t="и"><v><l id="116949" t="и"><g v="CONJ"></g></l></v></tfr></token><token id="666204" text="на"><tfr rev_id="3394256" t="на"><v><l id="166264" t="на"><g v="PREP"></g></l></v></tfr></token><token id="666205" text="здоровье"><tfr rev_id="4458127" t="здоровье"><v><l id="114746" t="здоровье"><g v="NOUN"></g><g v="inan"></g><g v="neut"></g><g v="sing"></g><g v="accs"></g></l></v></tfr></token><token id="666206" text="человека"><tfr rev_id="3886759" t="человека"><v><l id="375073" t="человек"><g v="NOUN"></g><g v="anim"></g><g v="masc"></g><g v="sing"></g><g v="gent"></g></l></v></tfr></token><token id="666207" text=","><tfr rev_id="1498302" t=","><v><l id="0" t=","><g v="PNCT"></g></l></v></tfr></token><token id="666208" text="особенно"><tfr rev_id="3426604" t="особенно"><v><l id="210627" t="особенно"><g v="ADVB"></g></l></v><v><l id="210630" t="особен"><g v="ADJS"></g><g v="Qual"></g><g v="neut"></g><g v="sing"></g></l></v><v><l id="388746" t="особенно"><g v="PRCL"></g></l></v></tfr></token><token id="666209" text="&quot;"><tfr rev_id="1498304" t="&quot;"><v><l id="0" t="&quot;"><g v="PNCT"></g></l></v></tfr></token><token id="666210" text="в"><tfr rev_id="1498305" t="в"><v><l id="37409" t="в"><g v="PREP"></g></l></v></tfr></token><token id="666211" text="интересах"><tfr rev_id="1498306" t="интересах"><v><l id="123163" t="интерес"><g v="NOUN"></g><g v="inan"></g><g v="masc"></g><g v="plur"></g><g v="loct"></g></l></v></tfr></token><token id="666212" text="детей"><tfr rev_id="4383126" t="детей"><v><l id="304488" t="ребёнок"><g v="NOUN"></g><g v="anim"></g><g v="masc"></g><g v="plur"></g><g v="gent"></g></l></v></tfr></token><token id="666213" text=","><tfr rev_id="1498308" t=","><v><l id="0" t=","><g v="PNCT"></g></l></v></tfr></token><token id="666214" text="подростков"><tfr rev_id="4384629" t="подростков"><v><l id="249822" t="подросток"><g v="NOUN"></g><g v="anim"></g><g v="masc"></g><g v="plur"></g><g v="gent"></g></l></v></tfr></token><token id="666215" text="и"><tfr rev_id="1498310" t="и"><v><l id="116949" t="и"><g v="CONJ"></g></l></v><v><l id="116950" t="и"><g v="INTJ"></g></l></v></tfr></token><token id="666216" text="молодых"><tfr rev_id="4428036" t="молодых"><v><l id="162846" t="молодой"><g v="ADJF"></g><g v="Qual"></g><g v="plur"></g><g v="gent"></g></l></v></tfr></token><token id="666217" text="людей"><tfr rev_id="3502368" t="людей"><v><l id="375073" t="человек"><g v="NOUN"></g><g v="anim"></g><g v="masc"></g><g v="plur"></g><g v="gent"></g></l></v></tfr></token><token id="666218" text="репродуктивного"><tfr rev_id="3449545" t="репродуктивного"><v><l id="306679" t="репродуктивный"><g v="ADJF"></g><g v="masc"></g><g v="sing"></g><g v="gent"></g></l></v><v><l id="306679" t="репродуктивный"><g v="ADJF"></g><g v="anim"></g><g v="masc"></g><g v="sing"></g><g v="accs"></g></l></v></tfr></token><token id="666219" text="возраста"><tfr rev_id="1498314" t="возраста"><v><l id="49611" t="возраст"><g v="NOUN"></g><g v="inan"></g><g v="masc"></g><g v="sing"></g><g v="gent"></g></l></v></tfr></token><token id="666220" text="&quot;"><tfr rev_id="1498315" t="&quot;"><v><l id="0" t="&quot;"><g v="PNCT"></g></l></v></tfr></token><token id="666221" text="."><tfr rev_id="1498316" t="."><v><l id="0" t="."><g v="PNCT"></g></l></v></tfr></token></tokens></sentence></paragraph></paragraphs></text>