<?xml version="1.0" encoding="utf-8"?><text id="1315" parent="226" name="15601 Discovery, BBC, CNN и National Geographic под угрозой отключения"><tags><tag>url:http://www.chaskor.ru/news/discovery_bbc_cnn_i_national_geographic_pod_ugrozoj_otklyucheniya_15601</tag><tag>Год:2010</tag><tag>Дата:01/03</tag><tag>Тема:ЧасКор:Медиа</tag><tag>Тема:ЧасКор:Медиа/ТВ и радио</tag></tags><paragraphs><paragraph id="12027"><sentence id="37419"><source>Discovery, BBC, CNN и National Geographic под угрозой отключения</source><tokens><token id="668896" text="Discovery"><tfr rev_id="2475152" t="Discovery"><v><l id="0" t="Discovery"><g v="LATN"></g></l></v></tfr></token><token id="668897" text=","><tfr rev_id="1500990" t=","><v><l id="0" t=","><g v="PNCT"></g></l></v></tfr></token><token id="668898" text="BBC"><tfr rev_id="2475153" t="BBC"><v><l id="0" t="BBC"><g v="LATN"></g></l></v></tfr></token><token id="668899" text=","><tfr rev_id="1500992" t=","><v><l id="0" t=","><g v="PNCT"></g></l></v></tfr></token><token id="668900" text="CNN"><tfr rev_id="2475154" t="CNN"><v><l id="0" t="CNN"><g v="LATN"></g></l></v></tfr></token><token id="668901" text="и"><tfr rev_id="3544645" t="и"><v><l id="116949" t="и"><g v="CONJ"></g></l></v></tfr></token><token id="668902" text="National"><tfr rev_id="2475155" t="National"><v><l id="0" t="National"><g v="LATN"></g></l></v></tfr></token><token id="668903" text="Geographic"><tfr rev_id="2475156" t="Geographic"><v><l id="0" t="Geographic"><g v="LATN"></g></l></v></tfr></token><token id="668904" text="под"><tfr rev_id="2603953" t="под"><v><l id="243755" t="под"><g v="PREP"></g></l></v></tfr></token><token id="668905" text="угрозой"><tfr rev_id="1500998" t="угрозой"><v><l id="354549" t="угроза"><g v="NOUN"></g><g v="inan"></g><g v="femn"></g><g v="sing"></g><g v="ablt"></g></l></v></tfr></token><token id="668906" text="отключения"><tfr rev_id="2756870" t="отключения"><v><l id="214313" t="отключение"><g v="NOUN"></g><g v="inan"></g><g v="neut"></g><g v="sing"></g><g v="gent"></g></l></v></tfr></token></tokens></sentence><sentence id="37420"><source>Роскомнадзор обещает оставить без эфира иностранные каналы, затянувшие с получением лицензии на вещание в кабельных сетях.</source><tokens><token id="668907" text="Роскомнадзор"><tfr rev_id="4306314" t="Роскомнадзор"><v><l id="390279" t="роскомнадзор"><g v="NOUN"></g><g v="inan"></g><g v="masc"></g><g v="Orgn"></g><g v="sing"></g><g v="accs"></g></l></v><v><l id="390279" t="роскомнадзор"><g v="NOUN"></g><g v="inan"></g><g v="masc"></g><g v="Orgn"></g><g v="sing"></g><g v="nomn"></g></l></v></tfr></token><token id="668908" text="обещает"><tfr rev_id="1501001" t="обещает"><v><l id="195055" t="обещал"><g v="VERB"></g><g v="perf"></g><g v="tran"></g><g v="sing"></g><g v="3per"></g><g v="futr"></g><g v="indc"></g></l></v><v><l id="195056" t="обещаю"><g v="VERB"></g><g v="impf"></g><g v="tran"></g><g v="sing"></g><g v="3per"></g><g v="pres"></g><g v="indc"></g></l></v></tfr></token><token id="668909" text="оставить"><tfr rev_id="1501002" t="оставить"><v><l id="210818" t="оставить"><g v="INFN"></g><g v="perf"></g><g v="tran"></g></l></v></tfr></token><token id="668910" text="без"><tfr rev_id="1501003" t="без"><v><l id="25481" t="без"><g v="PREP"></g></l></v></tfr></token><token id="668911" text="эфира"><tfr rev_id="1501004" t="эфира"><v><l id="386632" t="эфир"><g v="NOUN"></g><g v="inan"></g><g v="masc"></g><g v="sing"></g><g v="gen1"></g></l></v></tfr></token><token id="668912" text="иностранные"><tfr rev_id="3813314" t="иностранные"><v><l id="122754" t="иностранный"><g v="ADJF"></g><g v="inan"></g><g v="plur"></g><g v="accs"></g></l></v></tfr></token><token id="668913" text="каналы"><tfr rev_id="3409612" t="каналы"><v><l id="129205" t="канал"><g v="NOUN"></g><g v="inan"></g><g v="masc"></g><g v="plur"></g><g v="accs"></g></l></v></tfr></token><token id="668914" text=","><tfr rev_id="1501007" t=","><v><l id="0" t=","><g v="PNCT"></g></l></v></tfr></token><token id="668915" text="затянувшие"><tfr rev_id="1501008" t="затянувшие"><v><l id="112244" t="затянувший"><g v="PRTF"></g><g v="perf"></g><g v="tran"></g><g v="past"></g><g v="actv"></g><g v="plur"></g><g v="nomn"></g></l></v><v><l id="112244" t="затянувший"><g v="PRTF"></g><g v="perf"></g><g v="tran"></g><g v="past"></g><g v="actv"></g><g v="inan"></g><g v="plur"></g><g v="accs"></g></l></v></tfr></token><token id="668916" text="с"><tfr rev_id="1501009" t="с"><v><l id="311151" t="с"><g v="PREP"></g></l></v></tfr></token><token id="668917" text="получением"><tfr rev_id="1501010" t="получением"><v><l id="256956" t="получение"><g v="NOUN"></g><g v="inan"></g><g v="neut"></g><g v="sing"></g><g v="ablt"></g></l></v></tfr></token><token id="668918" text="лицензии"><tfr rev_id="4179389" t="лицензии"><v><l id="150177" t="лицензия"><g v="NOUN"></g><g v="inan"></g><g v="femn"></g><g v="sing"></g><g v="gent"></g></l></v></tfr></token><token id="668919" text="на"><tfr rev_id="3394033" t="на"><v><l id="166264" t="на"><g v="PREP"></g></l></v></tfr></token><token id="668920" text="вещание"><tfr rev_id="3269557" t="вещание"><v><l id="42470" t="вещание"><g v="NOUN"></g><g v="inan"></g><g v="neut"></g><g v="sing"></g><g v="accs"></g></l></v></tfr></token><token id="668921" text="в"><tfr rev_id="1501014" t="в"><v><l id="37409" t="в"><g v="PREP"></g></l></v></tfr></token><token id="668922" text="кабельных"><tfr rev_id="2762347" t="кабельных"><v><l id="127571" t="кабельный"><g v="ADJF"></g><g v="Qual"></g><g v="plur"></g><g v="loct"></g></l></v></tfr></token><token id="668923" text="сетях"><tfr rev_id="1501016" t="сетях"><v><l id="319643" t="сеть"><g v="NOUN"></g><g v="inan"></g><g v="femn"></g><g v="plur"></g><g v="loct"></g></l></v></tfr></token><token id="668924" text="."><tfr rev_id="1501017" t="."><v><l id="0" t="."><g v="PNCT"></g></l></v></tfr></token></tokens></sentence></paragraph><paragraph id="12028"><sentence id="37421"><source>Соответствующие разрешительные документы западные телеканалы должны были оформить до 1 марта.</source><tokens><token id="668925" text="Соответствующие"><tfr rev_id="1501018" t="Соответствующие"><v><l id="329626" t="соответствующий"><g v="PRTF"></g><g v="impf"></g><g v="intr"></g><g v="pres"></g><g v="actv"></g><g v="plur"></g><g v="nomn"></g></l></v><v><l id="329626" t="соответствующий"><g v="PRTF"></g><g v="impf"></g><g v="intr"></g><g v="pres"></g><g v="actv"></g><g v="inan"></g><g v="plur"></g><g v="accs"></g></l></v><v><l id="329632" t="соответствующий"><g v="ADJF"></g><g v="plur"></g><g v="nomn"></g></l></v><v><l id="329632" t="соответствующий"><g v="ADJF"></g><g v="inan"></g><g v="plur"></g><g v="accs"></g></l></v></tfr></token><token id="668926" text="разрешительные"><tfr rev_id="3742266" t="разрешительные"><v><l id="296664" t="разрешительный"><g v="ADJF"></g><g v="inan"></g><g v="plur"></g><g v="accs"></g></l></v></tfr></token><token id="668927" text="документы"><tfr rev_id="3752067" t="документы"><v><l id="87509" t="документ"><g v="NOUN"></g><g v="inan"></g><g v="masc"></g><g v="plur"></g><g v="accs"></g></l></v></tfr></token><token id="668928" text="западные"><tfr rev_id="3742261" t="западные"><v><l id="106682" t="западный"><g v="ADJF"></g><g v="Qual"></g><g v="plur"></g><g v="nomn"></g></l></v></tfr></token><token id="668929" text="телеканалы"><tfr rev_id="3284862" t="телеканалы"><v><l id="344167" t="телеканал"><g v="NOUN"></g><g v="inan"></g><g v="masc"></g><g v="plur"></g><g v="nomn"></g></l></v></tfr></token><token id="668930" text="должны"><tfr rev_id="2559319" t="должны"><v><l id="87975" t="должен"><g v="ADJS"></g><g v="plur"></g></l></v></tfr></token><token id="668931" text="были"><tfr rev_id="1715270" t="были"><v><l id="37265" t="есть"><g v="VERB"></g><g v="impf"></g><g v="intr"></g><g v="plur"></g><g v="past"></g><g v="indc"></g></l></v></tfr></token><token id="668932" text="оформить"><tfr rev_id="1501025" t="оформить"><v><l id="220963" t="оформить"><g v="INFN"></g><g v="perf"></g><g v="tran"></g></l></v></tfr></token><token id="668933" text="до"><tfr rev_id="1501026" t="до"><v><l id="85153" t="до"><g v="PREP"></g></l></v></tfr></token><token id="668934" text="1"><tfr rev_id="2462513" t="1"><v><l id="0" t="1"><g v="NUMB"></g></l></v></tfr></token><token id="668935" text="марта"><tfr rev_id="4215746" t="марта"><v><l id="155465" t="март"><g v="NOUN"></g><g v="inan"></g><g v="masc"></g><g v="sing"></g><g v="gent"></g></l></v></tfr></token><token id="668936" text="."><tfr rev_id="1501029" t="."><v><l id="0" t="."><g v="PNCT"></g></l></v></tfr></token></tokens></sentence><sentence id="37422"><source>Однако лицензии на вещание в кабельных сетях российского эфира к концу февраля успели получить лишь 37% из них (45 из 116).</source><tokens><token id="668937" text="Однако"><tfr rev_id="3558531" t="Однако"><v><l id="203387" t="однако"><g v="CONJ"></g><g v="Prnt"></g></l></v></tfr></token><token id="668938" text="лицензии"><tfr rev_id="3802188" t="лицензии"><v><l id="150177" t="лицензия"><g v="NOUN"></g><g v="inan"></g><g v="femn"></g><g v="plur"></g><g v="accs"></g></l></v></tfr></token><token id="668939" text="на"><tfr rev_id="3394868" t="на"><v><l id="166264" t="на"><g v="PREP"></g></l></v></tfr></token><token id="668940" text="вещание"><tfr rev_id="4107431" t="вещание"><v><l id="42470" t="вещание"><g v="NOUN"></g><g v="inan"></g><g v="neut"></g><g v="sing"></g><g v="accs"></g></l></v></tfr></token><token id="668941" text="в"><tfr rev_id="1501034" t="в"><v><l id="37409" t="в"><g v="PREP"></g></l></v></tfr></token><token id="668942" text="кабельных"><tfr rev_id="4196852" t="кабельных"><v><l id="127571" t="кабельный"><g v="ADJF"></g><g v="Qual"></g><g v="plur"></g><g v="loct"></g></l></v></tfr></token><token id="668943" text="сетях"><tfr rev_id="1501036" t="сетях"><v><l id="319643" t="сеть"><g v="NOUN"></g><g v="inan"></g><g v="femn"></g><g v="plur"></g><g v="loct"></g></l></v></tfr></token><token id="668944" text="российского"><tfr rev_id="3454420" t="российского"><v><l id="309319" t="российский"><g v="ADJF"></g><g v="masc"></g><g v="sing"></g><g v="gent"></g></l></v><v><l id="309319" t="российский"><g v="ADJF"></g><g v="anim"></g><g v="masc"></g><g v="sing"></g><g v="accs"></g></l></v></tfr></token><token id="668945" text="эфира"><tfr rev_id="1501038" t="эфира"><v><l id="386632" t="эфир"><g v="NOUN"></g><g v="inan"></g><g v="masc"></g><g v="sing"></g><g v="gen1"></g></l></v></tfr></token><token id="668946" text="к"><tfr rev_id="1501039" t="к"><v><l id="127460" t="к"><g v="PREP"></g></l></v></tfr></token><token id="668947" text="концу"><tfr rev_id="1501040" t="концу"><v><l id="137815" t="конец"><g v="NOUN"></g><g v="inan"></g><g v="masc"></g><g v="sing"></g><g v="datv"></g></l></v></tfr></token><token id="668948" text="февраля"><tfr rev_id="1501041" t="февраля"><v><l id="364920" t="февраль"><g v="NOUN"></g><g v="inan"></g><g v="masc"></g><g v="sing"></g><g v="gent"></g></l></v></tfr></token><token id="668949" text="успели"><tfr rev_id="1501042" t="успели"><v><l id="360832" t="успел"><g v="VERB"></g><g v="perf"></g><g v="intr"></g><g v="plur"></g><g v="past"></g><g v="indc"></g></l></v></tfr></token><token id="668950" text="получить"><tfr rev_id="1501043" t="получить"><v><l id="256960" t="получить"><g v="INFN"></g><g v="perf"></g><g v="tran"></g></l></v></tfr></token><token id="668951" text="лишь"><tfr rev_id="1501044" t="лишь"><v><l id="150259" t="лишь"><g v="CONJ"></g></l></v><v><l id="150260" t="лишь"><g v="PRCL"></g></l></v></tfr></token><token id="668952" text="37"><tfr rev_id="2462514" t="37"><v><l id="0" t="37"><g v="NUMB"></g></l></v></tfr></token><token id="668953" text="%"><tfr rev_id="2446074" t="%"><v><l id="0" t="%"><g v="PNCT"></g></l></v></tfr></token><token id="668954" text="из"><tfr rev_id="2560369" t="из"><v><l id="117677" t="из"><g v="PREP"></g></l></v></tfr></token><token id="668955" text="них"><tfr rev_id="4175168" t="них"><v><l id="206619" t="они"><g v="NPRO"></g><g v="3per"></g><g v="Anph"></g><g v="plur"></g><g v="gent"></g><g v="Af-p"></g></l></v></tfr></token><token id="668956" text="("><tfr rev_id="1501049" t="("><v><l id="0" t="("><g v="PNCT"></g></l></v></tfr></token><token id="668957" text="45"><tfr rev_id="2462515" t="45"><v><l id="0" t="45"><g v="NUMB"></g></l></v></tfr></token><token id="668958" text="из"><tfr rev_id="2604209" t="из"><v><l id="117677" t="из"><g v="PREP"></g></l></v></tfr></token><token id="668959" text="116"><tfr rev_id="2462516" t="116"><v><l id="0" t="116"><g v="NUMB"></g></l></v></tfr></token><token id="668960" text=")"><tfr rev_id="1501053" t=")"><v><l id="0" t=")"><g v="PNCT"></g></l></v></tfr></token><token id="668961" text="."><tfr rev_id="1501054" t="."><v><l id="0" t="."><g v="PNCT"></g></l></v></tfr></token></tokens></sentence><sentence id="37423"><source>Как сообщает деловая газета «Маркер», некоторые каналы были попросту сбиты с толку слухами о том, что Роскомнадзор даёт им полугодовую отсрочку.</source><tokens><token id="668962" text="Как"><tfr rev_id="1501055" t="Как"><v><l id="128190" t="как"><g v="CONJ"></g></l></v><v><l id="128191" t="как"><g v="PRCL"></g></l></v><v><l id="128192" t="как"><g v="ADVB"></g><g v="Ques"></g></l></v></tfr></token><token id="668963" text="сообщает"><tfr rev_id="1501056" t="сообщает"><v><l id="329538" t="сообщаю"><g v="VERB"></g><g v="impf"></g><g v="tran"></g><g v="sing"></g><g v="3per"></g><g v="pres"></g><g v="indc"></g></l></v></tfr></token><token id="668964" text="деловая"><tfr rev_id="1501057" t="деловая"><v><l id="80633" t="деловой"><g v="ADJF"></g><g v="femn"></g><g v="sing"></g><g v="nomn"></g></l></v></tfr></token><token id="668965" text="газета"><tfr rev_id="1501058" t="газета"><v><l id="65825" t="газета"><g v="NOUN"></g><g v="inan"></g><g v="femn"></g><g v="sing"></g><g v="nomn"></g></l></v></tfr></token><token id="668966" text="«"><tfr rev_id="2446075" t="«"><v><l id="0" t="«"><g v="PNCT"></g></l></v></tfr></token><token id="668967" text="Маркер"><tfr rev_id="4329535" t="Маркер"><v><l id="155284" t="маркер"><g v="NOUN"></g><g v="inan"></g><g v="masc"></g><g v="sing"></g><g v="nomn"></g></l></v><v><l id="155284" t="маркер"><g v="NOUN"></g><g v="inan"></g><g v="masc"></g><g v="sing"></g><g v="nomn"></g></l></v></tfr></token><token id="668968" text="»"><tfr rev_id="2446076" t="»"><v><l id="0" t="»"><g v="PNCT"></g></l></v></tfr></token><token id="668969" text=","><tfr rev_id="1501062" t=","><v><l id="0" t=","><g v="PNCT"></g></l></v></tfr></token><token id="668970" text="некоторые"><tfr rev_id="4476522" t="некоторые"><v><l id="183542" t="некоторый"><g v="ADJF"></g><g v="Apro"></g><g v="plur"></g><g v="nomn"></g></l></v><v><l id="183542" t="некоторый"><g v="ADJF"></g><g v="Apro"></g><g v="inan"></g><g v="plur"></g><g v="accs"></g></l></v></tfr></token><token id="668971" text="каналы"><tfr rev_id="3756668" t="каналы"><v><l id="129205" t="канал"><g v="NOUN"></g><g v="inan"></g><g v="masc"></g><g v="plur"></g><g v="nomn"></g></l></v></tfr></token><token id="668972" text="были"><tfr rev_id="1714430" t="были"><v><l id="37265" t="есть"><g v="VERB"></g><g v="impf"></g><g v="intr"></g><g v="plur"></g><g v="past"></g><g v="indc"></g></l></v></tfr></token><token id="668973" text="попросту"><tfr rev_id="1501066" t="попросту"><v><l id="259635" t="попросту"><g v="ADVB"></g></l></v></tfr></token><token id="668974" text="сбиты"><tfr rev_id="1501067" t="сбиты"><v><l id="314255" t="сбит"><g v="PRTS"></g><g v="perf"></g><g v="past"></g><g v="pssv"></g><g v="plur"></g></l></v></tfr></token><token id="668975" text="с"><tfr rev_id="1501068" t="с"><v><l id="311151" t="с"><g v="PREP"></g></l></v></tfr></token><token id="668976" text="толку"><tfr rev_id="4391087" t="толку"><v><l id="347091" t="толк"><g v="NOUN"></g><g v="inan"></g><g v="masc"></g><g v="sing"></g><g v="gen2"></g></l></v></tfr></token><token id="668977" text="слухами"><tfr rev_id="1501070" t="слухами"><v><l id="325458" t="слух"><g v="NOUN"></g><g v="inan"></g><g v="masc"></g><g v="plur"></g><g v="ablt"></g></l></v></tfr></token><token id="668978" text="о"><tfr rev_id="3230617" t="о"><v><l id="192977" t="о"><g v="PREP"></g></l></v></tfr></token><token id="668979" text="том"><tfr rev_id="4462366" t="том"><v><l id="348430" t="тот"><g v="ADJF"></g><g v="Subx"></g><g v="Apro"></g><g v="Anph"></g><g v="neut"></g><g v="sing"></g><g v="loct"></g></l></v></tfr></token><token id="668980" text=","><tfr rev_id="1501073" t=","><v><l id="0" t=","><g v="PNCT"></g></l></v></tfr></token><token id="668981" text="что"><tfr rev_id="3197479" t="что"><v><l id="377004" t="что"><g v="CONJ"></g></l></v><v><l id="377005" t="что"><g v="NPRO"></g><g v="neut"></g><g v="sing"></g><g v="nomn"></g></l></v><v><l id="377005" t="что"><g v="NPRO"></g><g v="neut"></g><g v="sing"></g><g v="accs"></g></l></v><v><l id="377006" t="что"><g v="ADVB"></g><g v="Ques"></g></l></v><v><l id="388695" t="что"><g v="PRCL"></g></l></v></tfr></token><token id="668982" text="Роскомнадзор"><tfr rev_id="4385940" t="Роскомнадзор"><v><l id="390279" t="роскомнадзор"><g v="NOUN"></g><g v="inan"></g><g v="masc"></g><g v="Orgn"></g><g v="sing"></g><g v="nomn"></g></l></v></tfr></token><token id="668983" text="даёт"><tfr rev_id="1501076" t="даёт"><v><l id="77579" t="даю"><g v="VERB"></g><g v="impf"></g><g v="tran"></g><g v="sing"></g><g v="3per"></g><g v="pres"></g><g v="indc"></g></l></v></tfr></token><token id="668984" text="им"><tfr rev_id="4530489" t="им"><v><l id="206619" t="они"><g v="NPRO"></g><g v="3per"></g><g v="Anph"></g><g v="plur"></g><g v="datv"></g></l></v></tfr></token><token id="668985" text="полугодовую"><tfr rev_id="4430972" t="полугодовую"><v><l id="390573" t="полугодовой"><g v="ADJF"></g><g v="femn"></g><g v="sing"></g><g v="accs"></g></l></v></tfr></token><token id="668986" text="отсрочку"><tfr rev_id="1501079" t="отсрочку"><v><l id="218306" t="отсрочка"><g v="NOUN"></g><g v="inan"></g><g v="femn"></g><g v="sing"></g><g v="accs"></g></l></v></tfr></token><token id="668987" text="."><tfr rev_id="1501080" t="."><v><l id="0" t="."><g v="PNCT"></g></l></v></tfr></token></tokens></sentence><sentence id="37424"><source>Однако эта информация оказалась уткой, а регулятор намерен жёстко взяться за нарушителей — вплоть до выдворения из российского эфира.</source><tokens><token id="668988" text="Однако"><tfr rev_id="2624595" t="Однако"><v><l id="203386" t="однако"><g v="INTJ"></g></l></v><v><l id="203387" t="однако"><g v="CONJ"></g><g v="Prnt"></g></l></v></tfr></token><token id="668989" text="эта"><tfr rev_id="4437221" t="эта"><v><l id="386581" t="этот"><g v="ADJF"></g><g v="Subx"></g><g v="Apro"></g><g v="Anph"></g><g v="femn"></g><g v="sing"></g><g v="nomn"></g></l></v></tfr></token><token id="668990" text="информация"><tfr rev_id="1501083" t="информация"><v><l id="123576" t="информация"><g v="NOUN"></g><g v="inan"></g><g v="femn"></g><g v="sing"></g><g v="nomn"></g></l></v></tfr></token><token id="668991" text="оказалась"><tfr rev_id="1501084" t="оказалась"><v><l id="204462" t="оказался"><g v="VERB"></g><g v="perf"></g><g v="intr"></g><g v="femn"></g><g v="sing"></g><g v="past"></g><g v="indc"></g></l></v></tfr></token><token id="668992" text="уткой"><tfr rev_id="4163015" t="уткой"><v><l id="362037" t="утка"><g v="NOUN"></g><g v="inan"></g><g v="femn"></g><g v="sing"></g><g v="ablt"></g></l></v></tfr></token><token id="668993" text=","><tfr rev_id="1501086" t=","><v><l id="0" t=","><g v="PNCT"></g></l></v></tfr></token><token id="668994" text="а"><tfr rev_id="1501087" t="а"><v><l id="51" t="а"><g v="CONJ"></g></l></v><v><l id="52" t="а"><g v="INTJ"></g></l></v><v><l id="53" t="а"><g v="PRCL"></g></l></v></tfr></token><token id="668995" text="регулятор"><tfr rev_id="1501088" t="регулятор"><v><l id="304952" t="регулятор"><g v="NOUN"></g><g v="inan"></g><g v="masc"></g><g v="sing"></g><g v="nomn"></g></l></v><v><l id="304952" t="регулятор"><g v="NOUN"></g><g v="inan"></g><g v="masc"></g><g v="sing"></g><g v="accs"></g></l></v></tfr></token><token id="668996" text="намерен"><tfr rev_id="1501089" t="намерен"><v><l id="172445" t="намерен"><g v="ADJS"></g><g v="masc"></g><g v="sing"></g></l></v><v><l id="172450" t="намерен"><g v="ADJS"></g><g v="Qual"></g><g v="masc"></g><g v="sing"></g></l></v><v><l id="172473" t="намерен"><g v="PRTS"></g><g v="perf"></g><g v="past"></g><g v="pssv"></g><g v="masc"></g><g v="sing"></g></l></v></tfr></token><token id="668997" text="жёстко"><tfr rev_id="3526516" t="жёстко"><v><l id="95581" t="жёстко"><g v="ADVB"></g></l></v></tfr></token><token id="668998" text="взяться"><tfr rev_id="1501091" t="взяться"><v><l id="44311" t="взяться"><g v="INFN"></g><g v="perf"></g><g v="intr"></g></l></v></tfr></token><token id="668999" text="за"><tfr rev_id="1501092" t="за"><v><l id="98043" t="за"><g v="PREP"></g></l></v></tfr></token><token id="669000" text="нарушителей"><tfr rev_id="3717082" t="нарушителей"><v><l id="174885" t="нарушитель"><g v="NOUN"></g><g v="anim"></g><g v="masc"></g><g v="plur"></g><g v="accs"></g></l></v></tfr></token><token id="669001" text="—"><tfr rev_id="2446077" t="—"><v><l id="0" t="—"><g v="PNCT"></g></l></v></tfr></token><token id="669002" text="вплоть"><tfr rev_id="1501095" t="вплоть"><v><l id="52623" t="вплоть"><g v="ADVB"></g></l></v></tfr></token><token id="669003" text="до"><tfr rev_id="1501096" t="до"><v><l id="85153" t="до"><g v="PREP"></g></l></v></tfr></token><token id="669004" text="выдворения"><tfr rev_id="3492401" t="выдворения"><v><l id="57000" t="выдворение"><g v="NOUN"></g><g v="inan"></g><g v="neut"></g><g v="sing"></g><g v="gent"></g></l></v></tfr></token><token id="669005" text="из"><tfr rev_id="2602596" t="из"><v><l id="117677" t="из"><g v="PREP"></g></l></v></tfr></token><token id="669006" text="российского"><tfr rev_id="4414928" t="российского"><v><l id="309319" t="российский"><g v="ADJF"></g><g v="masc"></g><g v="sing"></g><g v="gent"></g></l></v></tfr></token><token id="669007" text="эфира"><tfr rev_id="1501100" t="эфира"><v><l id="386632" t="эфир"><g v="NOUN"></g><g v="inan"></g><g v="masc"></g><g v="sing"></g><g v="gen1"></g></l></v></tfr></token><token id="669008" text="."><tfr rev_id="1501101" t="."><v><l id="0" t="."><g v="PNCT"></g></l></v></tfr></token></tokens></sentence><sentence id="37425"><source>Причём, уверяет издание, в некоторых регионах вещание уже прекращено.</source><tokens><token id="669009" text="Причём"><tfr rev_id="1501102" t="Причём"><v><l id="276410" t="причём"><g v="CONJ"></g></l></v></tfr></token><token id="669010" text=","><tfr rev_id="1501103" t=","><v><l id="0" t=","><g v="PNCT"></g></l></v></tfr></token><token id="669011" text="уверяет"><tfr rev_id="1501104" t="уверяет"><v><l id="353479" t="уверяю"><g v="VERB"></g><g v="impf"></g><g v="tran"></g><g v="sing"></g><g v="3per"></g><g v="pres"></g><g v="indc"></g></l></v></tfr></token><token id="669012" text="издание"><tfr rev_id="1501105" t="издание"><v><l id="118742" t="издание"><g v="NOUN"></g><g v="inan"></g><g v="neut"></g><g v="sing"></g><g v="nomn"></g></l></v><v><l id="118742" t="издание"><g v="NOUN"></g><g v="inan"></g><g v="neut"></g><g v="sing"></g><g v="accs"></g></l></v></tfr></token><token id="669013" text=","><tfr rev_id="1501106" t=","><v><l id="0" t=","><g v="PNCT"></g></l></v></tfr></token><token id="669014" text="в"><tfr rev_id="1501107" t="в"><v><l id="37409" t="в"><g v="PREP"></g></l></v></tfr></token><token id="669015" text="некоторых"><tfr rev_id="4416120" t="некоторых"><v><l id="183542" t="некоторый"><g v="ADJF"></g><g v="Apro"></g><g v="plur"></g><g v="loct"></g></l></v></tfr></token><token id="669016" text="регионах"><tfr rev_id="1501109" t="регионах"><v><l id="304808" t="регион"><g v="NOUN"></g><g v="inan"></g><g v="masc"></g><g v="plur"></g><g v="loct"></g></l></v></tfr></token><token id="669017" text="вещание"><tfr rev_id="3547638" t="вещание"><v><l id="42470" t="вещание"><g v="NOUN"></g><g v="inan"></g><g v="neut"></g><g v="sing"></g><g v="nomn"></g></l></v></tfr></token><token id="669018" text="уже"><tfr rev_id="2692854" t="уже"><v><l id="355422" t="уж"><g v="NOUN"></g><g v="anim"></g><g v="masc"></g><g v="sing"></g><g v="loct"></g></l></v><v><l id="355498" t="уже"><g v="ADVB"></g></l></v><v><l id="355674" t="уже"><g v="COMP"></g><g v="Qual"></g></l></v><v><l id="388673" t="уже"><g v="PRCL"></g></l></v></tfr></token><token id="669019" text="прекращено"><tfr rev_id="1501112" t="прекращено"><v><l id="267597" t="прекращён"><g v="PRTS"></g><g v="perf"></g><g v="past"></g><g v="pssv"></g><g v="neut"></g><g v="sing"></g></l></v></tfr></token><token id="669020" text="."><tfr rev_id="1501113" t="."><v><l id="0" t="."><g v="PNCT"></g></l></v></tfr></token></tokens></sentence></paragraph><paragraph id="12029"><sentence id="37426"><source>Среди тех, кто не успел получить лицензию, — Eurosport, RTVI, CNN, TCM, детские Boomerang и CartoonNetwork, MGM, MCM, Mezzo, National Geographic Channel, Fox Life, Fox Crime и Wedding TV, Discovery, BBC, Animal Planet, Nickelodeon и многие другие.</source><tokens><token id="669021" text="Среди"><tfr rev_id="1501114" t="Среди"><v><l id="333473" t="среди"><g v="PREP"></g></l></v></tfr></token><token id="669022" text="тех"><tfr rev_id="3780499" t="тех"><v><l id="348430" t="тот"><g v="ADJF"></g><g v="Subx"></g><g v="Apro"></g><g v="Anph"></g><g v="plur"></g><g v="gent"></g></l></v></tfr></token><token id="669023" text=","><tfr rev_id="1501116" t=","><v><l id="0" t=","><g v="PNCT"></g></l></v></tfr></token><token id="669024" text="кто"><tfr rev_id="1501117" t="кто"><v><l id="144216" t="кто"><g v="NPRO"></g><g v="masc"></g><g v="sing"></g><g v="nomn"></g></l></v></tfr></token><token id="669025" text="не"><tfr rev_id="1501118" t="не"><v><l id="178876" t="не"><g v="PRCL"></g></l></v></tfr></token><token id="669026" text="успел"><tfr rev_id="1501119" t="успел"><v><l id="360832" t="успел"><g v="VERB"></g><g v="perf"></g><g v="intr"></g><g v="masc"></g><g v="sing"></g><g v="past"></g><g v="indc"></g></l></v></tfr></token><token id="669027" text="получить"><tfr rev_id="1501120" t="получить"><v><l id="256960" t="получить"><g v="INFN"></g><g v="perf"></g><g v="tran"></g></l></v></tfr></token><token id="669028" text="лицензию"><tfr rev_id="1501121" t="лицензию"><v><l id="150177" t="лицензия"><g v="NOUN"></g><g v="inan"></g><g v="femn"></g><g v="sing"></g><g v="accs"></g></l></v></tfr></token><token id="669029" text=","><tfr rev_id="1501122" t=","><v><l id="0" t=","><g v="PNCT"></g></l></v></tfr></token><token id="669030" text="—"><tfr rev_id="2446078" t="—"><v><l id="0" t="—"><g v="PNCT"></g></l></v></tfr></token><token id="669031" text="Eurosport"><tfr rev_id="2475157" t="Eurosport"><v><l id="0" t="Eurosport"><g v="LATN"></g></l></v></tfr></token><token id="669032" text=","><tfr rev_id="1501125" t=","><v><l id="0" t=","><g v="PNCT"></g></l></v></tfr></token><token id="669033" text="RTVI"><tfr rev_id="2475158" t="RTVI"><v><l id="0" t="RTVI"><g v="LATN"></g></l></v></tfr></token><token id="669034" text=","><tfr rev_id="1501127" t=","><v><l id="0" t=","><g v="PNCT"></g></l></v></tfr></token><token id="669035" text="CNN"><tfr rev_id="2475159" t="CNN"><v><l id="0" t="CNN"><g v="LATN"></g></l></v></tfr></token><token id="669036" text=","><tfr rev_id="1501129" t=","><v><l id="0" t=","><g v="PNCT"></g></l></v></tfr></token><token id="669037" text="TCM"><tfr rev_id="2475160" t="TCM"><v><l id="0" t="TCM"><g v="LATN"></g></l></v></tfr></token><token id="669038" text=","><tfr rev_id="1501131" t=","><v><l id="0" t=","><g v="PNCT"></g></l></v></tfr></token><token id="669039" text="детские"><tfr rev_id="4252955" t="детские"><v><l id="82258" t="детский"><g v="ADJF"></g><g v="plur"></g><g v="nomn"></g></l></v><v><l id="82258" t="детский"><g v="ADJF"></g><g v="inan"></g><g v="plur"></g><g v="accs"></g></l></v></tfr></token><token id="669040" text="Boomerang"><tfr rev_id="2475161" t="Boomerang"><v><l id="0" t="Boomerang"><g v="LATN"></g></l></v></tfr></token><token id="669041" text="и"><tfr rev_id="1501134" t="и"><v><l id="116949" t="и"><g v="CONJ"></g></l></v><v><l id="116950" t="и"><g v="INTJ"></g></l></v></tfr></token><token id="669042" text="CartoonNetwork"><tfr rev_id="2475162" t="CartoonNetwork"><v><l id="0" t="CartoonNetwork"><g v="LATN"></g></l></v></tfr></token><token id="669043" text=","><tfr rev_id="1501136" t=","><v><l id="0" t=","><g v="PNCT"></g></l></v></tfr></token><token id="669044" text="MGM"><tfr rev_id="2475163" t="MGM"><v><l id="0" t="MGM"><g v="LATN"></g></l></v></tfr></token><token id="669045" text=","><tfr rev_id="1501138" t=","><v><l id="0" t=","><g v="PNCT"></g></l></v></tfr></token><token id="669046" text="MCM"><tfr rev_id="2627539" t="MCM"><v><l id="0" t="MCM"><g v="LATN"></g></l></v></tfr></token><token id="669047" text=","><tfr rev_id="1501140" t=","><v><l id="0" t=","><g v="PNCT"></g></l></v></tfr></token><token id="669048" text="Mezzo"><tfr rev_id="2475164" t="Mezzo"><v><l id="0" t="Mezzo"><g v="LATN"></g></l></v></tfr></token><token id="669049" text=","><tfr rev_id="1501142" t=","><v><l id="0" t=","><g v="PNCT"></g></l></v></tfr></token><token id="669050" text="National"><tfr rev_id="2475165" t="National"><v><l id="0" t="National"><g v="LATN"></g></l></v></tfr></token><token id="669051" text="Geographic"><tfr rev_id="2475166" t="Geographic"><v><l id="0" t="Geographic"><g v="LATN"></g></l></v></tfr></token><token id="669052" text="Channel"><tfr rev_id="2475167" t="Channel"><v><l id="0" t="Channel"><g v="LATN"></g></l></v></tfr></token><token id="669053" text=","><tfr rev_id="1501146" t=","><v><l id="0" t=","><g v="PNCT"></g></l></v></tfr></token><token id="669054" text="Fox"><tfr rev_id="2475168" t="Fox"><v><l id="0" t="Fox"><g v="LATN"></g></l></v></tfr></token><token id="669055" text="Life"><tfr rev_id="2475169" t="Life"><v><l id="0" t="Life"><g v="LATN"></g></l></v></tfr></token><token id="669056" text=","><tfr rev_id="1501149" t=","><v><l id="0" t=","><g v="PNCT"></g></l></v></tfr></token><token id="669057" text="Fox"><tfr rev_id="2475170" t="Fox"><v><l id="0" t="Fox"><g v="LATN"></g></l></v></tfr></token><token id="669058" text="Crime"><tfr rev_id="2475171" t="Crime"><v><l id="0" t="Crime"><g v="LATN"></g></l></v></tfr></token><token id="669059" text="и"><tfr rev_id="1501152" t="и"><v><l id="116949" t="и"><g v="CONJ"></g></l></v><v><l id="116950" t="и"><g v="INTJ"></g></l></v></tfr></token><token id="669060" text="Wedding"><tfr rev_id="2475172" t="Wedding"><v><l id="0" t="Wedding"><g v="LATN"></g></l></v></tfr></token><token id="669061" text="TV"><tfr rev_id="2475173" t="TV"><v><l id="0" t="TV"><g v="LATN"></g></l></v></tfr></token><token id="669062" text=","><tfr rev_id="1501155" t=","><v><l id="0" t=","><g v="PNCT"></g></l></v></tfr></token><token id="669063" text="Discovery"><tfr rev_id="2475174" t="Discovery"><v><l id="0" t="Discovery"><g v="LATN"></g></l></v></tfr></token><token id="669064" text=","><tfr rev_id="1501157" t=","><v><l id="0" t=","><g v="PNCT"></g></l></v></tfr></token><token id="669065" text="BBC"><tfr rev_id="2475175" t="BBC"><v><l id="0" t="BBC"><g v="LATN"></g></l></v></tfr></token><token id="669066" text=","><tfr rev_id="1501159" t=","><v><l id="0" t=","><g v="PNCT"></g></l></v></tfr></token><token id="669067" text="Animal"><tfr rev_id="2475176" t="Animal"><v><l id="0" t="Animal"><g v="LATN"></g></l></v></tfr></token><token id="669068" text="Planet"><tfr rev_id="2475177" t="Planet"><v><l id="0" t="Planet"><g v="LATN"></g></l></v></tfr></token><token id="669069" text=","><tfr rev_id="1501162" t=","><v><l id="0" t=","><g v="PNCT"></g></l></v></tfr></token><token id="669070" text="Nickelodeon"><tfr rev_id="2475178" t="Nickelodeon"><v><l id="0" t="Nickelodeon"><g v="LATN"></g></l></v></tfr></token><token id="669071" text="и"><tfr rev_id="1501164" t="и"><v><l id="116949" t="и"><g v="CONJ"></g></l></v><v><l id="116950" t="и"><g v="INTJ"></g></l></v></tfr></token><token id="669072" text="многие"><tfr rev_id="3800440" t="многие"><v><l id="161427" t="многий"><g v="ADJF"></g><g v="Apro"></g><g v="plur"></g><g v="nomn"></g></l></v></tfr></token><token id="669073" text="другие"><tfr rev_id="3561432" t="другие"><v><l id="92342" t="другой"><g v="ADJF"></g><g v="Apro"></g><g v="Subx"></g><g v="plur"></g><g v="nomn"></g></l></v></tfr></token><token id="669074" text="."><tfr rev_id="1501167" t="."><v><l id="0" t="."><g v="PNCT"></g></l></v></tfr></token></tokens></sentence><sentence id="37427"><source>Примечательно, что в сложившейся ситуации стороны винят друг друга: Роскомнадзор уверяет, что предупреждал о необходимости оформить документы в течение 10 лет, а руководство каналов пеняет на российскую бюрократию и волокиту.</source><tokens><token id="669075" text="Примечательно"><tfr rev_id="1501168" t="Примечательно"><v><l id="272095" t="примечательно"><g v="ADVB"></g></l></v><v><l id="272099" t="примечателен"><g v="ADJS"></g><g v="neut"></g><g v="sing"></g></l></v></tfr></token><token id="669076" text=","><tfr rev_id="1501169" t=","><v><l id="0" t=","><g v="PNCT"></g></l></v></tfr></token><token id="669077" text="что"><tfr rev_id="3197480" t="что"><v><l id="377004" t="что"><g v="CONJ"></g></l></v><v><l id="377005" t="что"><g v="NPRO"></g><g v="neut"></g><g v="sing"></g><g v="nomn"></g></l></v><v><l id="377005" t="что"><g v="NPRO"></g><g v="neut"></g><g v="sing"></g><g v="accs"></g></l></v><v><l id="377006" t="что"><g v="ADVB"></g><g v="Ques"></g></l></v><v><l id="388695" t="что"><g v="PRCL"></g></l></v></tfr></token><token id="669078" text="в"><tfr rev_id="1501171" t="в"><v><l id="37409" t="в"><g v="PREP"></g></l></v></tfr></token><token id="669079" text="сложившейся"><tfr rev_id="3419304" t="сложившейся"><v><l id="325252" t="сложившийся"><g v="PRTF"></g><g v="perf"></g><g v="intr"></g><g v="past"></g><g v="actv"></g><g v="femn"></g><g v="sing"></g><g v="loct"></g></l></v></tfr></token><token id="669080" text="ситуации"><tfr rev_id="4345707" t="ситуации"><v><l id="321441" t="ситуация"><g v="NOUN"></g><g v="inan"></g><g v="femn"></g><g v="sing"></g><g v="loct"></g></l></v></tfr></token><token id="669081" text="стороны"><tfr rev_id="3743348" t="стороны"><v><l id="336894" t="сторона"><g v="NOUN"></g><g v="inan"></g><g v="femn"></g><g v="plur"></g><g v="nomn"></g></l></v></tfr></token><token id="669082" text="винят"><tfr rev_id="1501175" t="винят"><v><l id="45183" t="виню"><g v="VERB"></g><g v="impf"></g><g v="tran"></g><g v="plur"></g><g v="3per"></g><g v="pres"></g><g v="indc"></g></l></v></tfr></token><token id="669083" text="друг"><tfr rev_id="1501176" t="друг"><v><l id="92341" t="друг"><g v="NOUN"></g><g v="anim"></g><g v="masc"></g><g v="sing"></g><g v="nomn"></g></l></v></tfr></token><token id="669084" text="друга"><tfr rev_id="3546897" t="друга"><v><l id="92341" t="друг"><g v="NOUN"></g><g v="anim"></g><g v="masc"></g><g v="sing"></g><g v="accs"></g></l></v></tfr></token><token id="669085" text=":"><tfr rev_id="1501178" t=":"><v><l id="0" t=":"><g v="PNCT"></g></l></v></tfr></token><token id="669086" text="Роскомнадзор"><tfr rev_id="4306316" t="Роскомнадзор"><v><l id="390279" t="роскомнадзор"><g v="NOUN"></g><g v="inan"></g><g v="masc"></g><g v="Orgn"></g><g v="sing"></g><g v="accs"></g></l></v><v><l id="390279" t="роскомнадзор"><g v="NOUN"></g><g v="inan"></g><g v="masc"></g><g v="Orgn"></g><g v="sing"></g><g v="nomn"></g></l></v></tfr></token><token id="669087" text="уверяет"><tfr rev_id="1501180" t="уверяет"><v><l id="353479" t="уверяю"><g v="VERB"></g><g v="impf"></g><g v="tran"></g><g v="sing"></g><g v="3per"></g><g v="pres"></g><g v="indc"></g></l></v></tfr></token><token id="669088" text=","><tfr rev_id="1501181" t=","><v><l id="0" t=","><g v="PNCT"></g></l></v></tfr></token><token id="669089" text="что"><tfr rev_id="3197481" t="что"><v><l id="377004" t="что"><g v="CONJ"></g></l></v><v><l id="377005" t="что"><g v="NPRO"></g><g v="neut"></g><g v="sing"></g><g v="nomn"></g></l></v><v><l id="377005" t="что"><g v="NPRO"></g><g v="neut"></g><g v="sing"></g><g v="accs"></g></l></v><v><l id="377006" t="что"><g v="ADVB"></g><g v="Ques"></g></l></v><v><l id="388695" t="что"><g v="PRCL"></g></l></v></tfr></token><token id="669090" text="предупреждал"><tfr rev_id="1501183" t="предупреждал"><v><l id="267280" t="предупреждаю"><g v="VERB"></g><g v="impf"></g><g v="tran"></g><g v="masc"></g><g v="sing"></g><g v="past"></g><g v="indc"></g></l></v></tfr></token><token id="669091" text="о"><tfr rev_id="3326740" t="о"><v><l id="192977" t="о"><g v="PREP"></g></l></v></tfr></token><token id="669092" text="необходимости"><tfr rev_id="4277562" t="необходимости"><v><l id="184807" t="необходимость"><g v="NOUN"></g><g v="inan"></g><g v="femn"></g><g v="sing"></g><g v="loct"></g></l></v></tfr></token><token id="669093" text="оформить"><tfr rev_id="1501186" t="оформить"><v><l id="220963" t="оформить"><g v="INFN"></g><g v="perf"></g><g v="tran"></g></l></v></tfr></token><token id="669094" text="документы"><tfr rev_id="3752014" t="документы"><v><l id="87509" t="документ"><g v="NOUN"></g><g v="inan"></g><g v="masc"></g><g v="plur"></g><g v="accs"></g></l></v></tfr></token><token id="669095" text="в"><tfr rev_id="1501188" t="в"><v><l id="37409" t="в"><g v="PREP"></g></l></v></tfr></token><token id="669096" text="течение"><tfr rev_id="1501189" t="течение"><v><l id="346009" t="течение"><g v="NOUN"></g><g v="inan"></g><g v="neut"></g><g v="sing"></g><g v="nomn"></g></l></v><v><l id="346009" t="течение"><g v="NOUN"></g><g v="inan"></g><g v="neut"></g><g v="sing"></g><g v="accs"></g></l></v></tfr></token><token id="669097" text="10"><tfr rev_id="2462517" t="10"><v><l id="0" t="10"><g v="NUMB"></g></l></v></tfr></token><token id="669098" text="лет"><tfr rev_id="3431745" t="лет"><v><l id="72149" t="год"><g v="NOUN"></g><g v="inan"></g><g v="masc"></g><g v="plur"></g><g v="gent"></g></l></v></tfr></token><token id="669099" text=","><tfr rev_id="1501192" t=","><v><l id="0" t=","><g v="PNCT"></g></l></v></tfr></token><token id="669100" text="а"><tfr rev_id="1501193" t="а"><v><l id="51" t="а"><g v="CONJ"></g></l></v><v><l id="52" t="а"><g v="INTJ"></g></l></v><v><l id="53" t="а"><g v="PRCL"></g></l></v></tfr></token><token id="669101" text="руководство"><tfr rev_id="3300317" t="руководство"><v><l id="310004" t="руководство"><g v="NOUN"></g><g v="inan"></g><g v="neut"></g><g v="sing"></g><g v="nomn"></g></l></v></tfr></token><token id="669102" text="каналов"><tfr rev_id="1501195" t="каналов"><v><l id="129205" t="канал"><g v="NOUN"></g><g v="inan"></g><g v="masc"></g><g v="plur"></g><g v="gent"></g></l></v></tfr></token><token id="669103" text="пеняет"><tfr rev_id="1501196" t="пеняет"><v><l id="226140" t="пеняю"><g v="VERB"></g><g v="impf"></g><g v="intr"></g><g v="sing"></g><g v="3per"></g><g v="pres"></g><g v="indc"></g></l></v></tfr></token><token id="669104" text="на"><tfr rev_id="3330675" t="на"><v><l id="166264" t="на"><g v="PREP"></g></l></v></tfr></token><token id="669105" text="российскую"><tfr rev_id="1501198" t="российскую"><v><l id="309319" t="российский"><g v="ADJF"></g><g v="femn"></g><g v="sing"></g><g v="accs"></g></l></v></tfr></token><token id="669106" text="бюрократию"><tfr rev_id="1501199" t="бюрократию"><v><l id="37377" t="бюрократия"><g v="NOUN"></g><g v="inan"></g><g v="femn"></g><g v="sing"></g><g v="accs"></g></l></v></tfr></token><token id="669107" text="и"><tfr rev_id="1501200" t="и"><v><l id="116949" t="и"><g v="CONJ"></g></l></v><v><l id="116950" t="и"><g v="INTJ"></g></l></v></tfr></token><token id="669108" text="волокиту"><tfr rev_id="3680127" t="волокиту"><v><l id="50195" t="волокита"><g v="NOUN"></g><g v="inan"></g><g v="femn"></g><g v="sing"></g><g v="accs"></g></l></v></tfr></token><token id="669109" text="."><tfr rev_id="1501202" t="."><v><l id="0" t="."><g v="PNCT"></g></l></v></tfr></token></tokens></sentence></paragraph></paragraphs></text>