<?xml version="1.0" encoding="utf-8"?><text id="1317" parent="226" name="01525 «Санация» — главное слово 2008 года"><tags><tag>url:http://www.chaskor.ru/news/sanatsiya_-_glavnoe_slovo_2008_goda_1525</tag><tag>Год:2008</tag><tag>Дата:02/12</tag><tag>Тема:ЧасКор:Технологии</tag><tag>Тема:ЧасКор:Технологии/Сеть</tag></tags><paragraphs><paragraph id="12033"><sentence id="37437"><source>«Санация» — главное слово 2008 года</source><tokens><token id="669303" text="«"><tfr rev_id="2446102" t="«"><v><l id="0" t="«"><g v="PNCT"></g></l></v></tfr></token><token id="669304" text="Санация"><tfr rev_id="1501397" t="Санация"><v><l id="313204" t="санация"><g v="NOUN"></g><g v="inan"></g><g v="femn"></g><g v="sing"></g><g v="nomn"></g></l></v></tfr></token><token id="669305" text="»"><tfr rev_id="2446103" t="»"><v><l id="0" t="»"><g v="PNCT"></g></l></v></tfr></token><token id="669306" text="—"><tfr rev_id="2446104" t="—"><v><l id="0" t="—"><g v="PNCT"></g></l></v></tfr></token><token id="669307" text="главное"><tfr rev_id="1501400" t="главное"><v><l id="70838" t="главное"><g v="CONJ"></g><g v="Prnt"></g></l></v><v><l id="70839" t="главное"><g v="NOUN"></g><g v="inan"></g><g v="neut"></g><g v="sing"></g><g v="nomn"></g></l></v><v><l id="70839" t="главное"><g v="NOUN"></g><g v="inan"></g><g v="neut"></g><g v="sing"></g><g v="accs"></g></l></v><v><l id="70842" t="главный"><g v="ADJF"></g><g v="Qual"></g><g v="neut"></g><g v="sing"></g><g v="nomn"></g></l></v><v><l id="70842" t="главный"><g v="ADJF"></g><g v="Qual"></g><g v="neut"></g><g v="sing"></g><g v="accs"></g></l></v></tfr></token><token id="669308" text="слово"><tfr rev_id="1501401" t="слово"><v><l id="325168" t="слово"><g v="NOUN"></g><g v="inan"></g><g v="neut"></g><g v="sing"></g><g v="nomn"></g></l></v><v><l id="325168" t="слово"><g v="NOUN"></g><g v="inan"></g><g v="neut"></g><g v="sing"></g><g v="accs"></g></l></v></tfr></token><token id="669309" text="2008"><tfr rev_id="2462519" t="2008"><v><l id="0" t="2008"><g v="NUMB"></g></l></v></tfr></token><token id="669310" text="года"><tfr rev_id="3452156" t="года"><v><l id="72149" t="год"><g v="NOUN"></g><g v="inan"></g><g v="masc"></g><g v="sing"></g><g v="gen1"></g></l></v></tfr></token></tokens></sentence></paragraph><paragraph id="12034"><sentence id="37438"><source>С приближением новогодних праздников онлайновые сервисы начали публиковать статистику поисковых запросов пользователей, то есть тех тем, предметов или персон, которые интересуют пользователей.</source><tokens><token id="669311" text="С"><tfr rev_id="1501404" t="С"><v><l id="311151" t="с"><g v="PREP"></g></l></v></tfr></token><token id="669312" text="приближением"><tfr rev_id="1501405" t="приближением"><v><l id="268837" t="приближение"><g v="NOUN"></g><g v="inan"></g><g v="neut"></g><g v="sing"></g><g v="ablt"></g></l></v></tfr></token><token id="669313" text="новогодних"><tfr rev_id="4349514" t="новогодних"><v><l id="191587" t="новогодний"><g v="ADJF"></g><g v="plur"></g><g v="gent"></g></l></v></tfr></token><token id="669314" text="праздников"><tfr rev_id="1501407" t="праздников"><v><l id="265823" t="праздник"><g v="NOUN"></g><g v="inan"></g><g v="masc"></g><g v="plur"></g><g v="gent"></g></l></v></tfr></token><token id="669315" text="онлайновые"><tfr rev_id="3814825" t="онлайновые"><v><l id="206647" t="онлайновый"><g v="ADJF"></g><g v="plur"></g><g v="nomn"></g></l></v></tfr></token><token id="669316" text="сервисы"><tfr rev_id="3749533" t="сервисы"><v><l id="319025" t="сервис"><g v="NOUN"></g><g v="inan"></g><g v="masc"></g><g v="plur"></g><g v="nomn"></g></l></v></tfr></token><token id="669317" text="начали"><tfr rev_id="1501410" t="начали"><v><l id="178224" t="начал"><g v="VERB"></g><g v="perf"></g><g v="tran"></g><g v="plur"></g><g v="past"></g><g v="indc"></g></l></v></tfr></token><token id="669318" text="публиковать"><tfr rev_id="1501411" t="публиковать"><v><l id="288831" t="публиковать"><g v="INFN"></g><g v="impf"></g><g v="tran"></g></l></v></tfr></token><token id="669319" text="статистику"><tfr rev_id="4163030" t="статистику"><v><l id="335112" t="статистика"><g v="NOUN"></g><g v="inan"></g><g v="femn"></g><g v="sing"></g><g v="accs"></g></l></v></tfr></token><token id="669320" text="поисковых"><tfr rev_id="4572419" t="поисковых"><v><l id="253890" t="поисковый"><g v="ADJF"></g><g v="plur"></g><g v="gent"></g></l></v></tfr></token><token id="669321" text="запросов"><tfr rev_id="1501414" t="запросов"><v><l id="108050" t="запрос"><g v="NOUN"></g><g v="inan"></g><g v="masc"></g><g v="plur"></g><g v="gent"></g></l></v></tfr></token><token id="669322" text="пользователей"><tfr rev_id="4355675" t="пользователей"><v><l id="257079" t="пользователь"><g v="NOUN"></g><g v="anim"></g><g v="masc"></g><g v="plur"></g><g v="gent"></g></l></v></tfr></token><token id="669323" text=","><tfr rev_id="1501416" t=","><v><l id="0" t=","><g v="PNCT"></g></l></v></tfr></token><token id="669324" text="то"><tfr rev_id="3777660" t="то"><v><l id="346835" t="то"><g v="CONJ"></g></l></v><v><l id="346836" t="то"><g v="PRCL"></g></l></v><v><l id="348430" t="тот"><g v="ADJF"></g><g v="Subx"></g><g v="Apro"></g><g v="Anph"></g><g v="neut"></g><g v="sing"></g><g v="nomn"></g></l></v><v><l id="348430" t="тот"><g v="ADJF"></g><g v="Subx"></g><g v="Apro"></g><g v="Anph"></g><g v="neut"></g><g v="sing"></g><g v="accs"></g></l></v></tfr></token><token id="669325" text="есть"><tfr rev_id="4393910" t="есть"><v><l id="37265" t="есть"><g v="VERB"></g><g v="impf"></g><g v="intr"></g><g v="sing"></g><g v="3per"></g><g v="pres"></g><g v="indc"></g></l></v><v><l id="37265" t="есть"><g v="VERB"></g><g v="impf"></g><g v="intr"></g><g v="plur"></g><g v="3per"></g><g v="pres"></g><g v="indc"></g></l></v></tfr></token><token id="669326" text="тех"><tfr rev_id="4408956" t="тех"><v><l id="348430" t="тот"><g v="ADJF"></g><g v="Subx"></g><g v="Apro"></g><g v="Anph"></g><g v="plur"></g><g v="gent"></g></l></v></tfr></token><token id="669327" text="тем"><tfr rev_id="4492251" t="тем"><v><l id="344450" t="тема"><g v="NOUN"></g><g v="inan"></g><g v="femn"></g><g v="plur"></g><g v="gent"></g></l></v><v><l id="352311" t="тьма"><g v="NOUN"></g><g v="inan"></g><g v="femn"></g><g v="plur"></g><g v="gent"></g></l></v></tfr></token><token id="669328" text=","><tfr rev_id="1501421" t=","><v><l id="0" t=","><g v="PNCT"></g></l></v></tfr></token><token id="669329" text="предметов"><tfr rev_id="1501422" t="предметов"><v><l id="266555" t="предмет"><g v="NOUN"></g><g v="inan"></g><g v="masc"></g><g v="plur"></g><g v="gent"></g></l></v></tfr></token><token id="669330" text="или"><tfr rev_id="3787314" t="или"><v><l id="121146" t="или"><g v="CONJ"></g></l></v></tfr></token><token id="669331" text="персон"><tfr rev_id="4382799" t="персон"><v><l id="237444" t="персона"><g v="NOUN"></g><g v="anim"></g><g v="femn"></g><g v="plur"></g><g v="gent"></g></l></v></tfr></token><token id="669332" text=","><tfr rev_id="1501425" t=","><v><l id="0" t=","><g v="PNCT"></g></l></v></tfr></token><token id="669333" text="которые"><tfr rev_id="3747715" t="которые"><v><l id="141203" t="который"><g v="ADJF"></g><g v="Apro"></g><g v="Subx"></g><g v="Anph"></g><g v="plur"></g><g v="nomn"></g></l></v></tfr></token><token id="669334" text="интересуют"><tfr rev_id="1501427" t="интересуют"><v><l id="123176" t="интересую"><g v="VERB"></g><g v="impf"></g><g v="tran"></g><g v="plur"></g><g v="3per"></g><g v="pres"></g><g v="indc"></g></l></v><v><l id="123185" t="интересую"><g v="VERB"></g><g v="impf"></g><g v="intr"></g><g v="plur"></g><g v="3per"></g><g v="pres"></g><g v="indc"></g></l></v></tfr></token><token id="669335" text="пользователей"><tfr rev_id="3465047" t="пользователей"><v><l id="257079" t="пользователь"><g v="NOUN"></g><g v="anim"></g><g v="masc"></g><g v="plur"></g><g v="accs"></g></l></v></tfr></token><token id="669336" text="."><tfr rev_id="1501429" t="."><v><l id="0" t="."><g v="PNCT"></g></l></v></tfr></token></tokens></sentence><sentence id="37439"><source>Онлайновый толковый словарь английского Merriam-Webster тоже подвел итоги года.</source><tokens><token id="669337" text="Онлайновый"><tfr rev_id="1501430" t="Онлайновый"><v><l id="206647" t="онлайновый"><g v="ADJF"></g><g v="masc"></g><g v="sing"></g><g v="nomn"></g></l></v><v><l id="206647" t="онлайновый"><g v="ADJF"></g><g v="inan"></g><g v="masc"></g><g v="sing"></g><g v="accs"></g></l></v></tfr></token><token id="669338" text="толковый"><tfr rev_id="1501431" t="толковый"><v><l id="347151" t="толковый"><g v="ADJF"></g><g v="Qual"></g><g v="masc"></g><g v="sing"></g><g v="nomn"></g></l></v><v><l id="347151" t="толковый"><g v="ADJF"></g><g v="Qual"></g><g v="inan"></g><g v="masc"></g><g v="sing"></g><g v="accs"></g></l></v></tfr></token><token id="669339" text="словарь"><tfr rev_id="1501432" t="словарь"><v><l id="325134" t="словарь"><g v="NOUN"></g><g v="inan"></g><g v="masc"></g><g v="sing"></g><g v="nomn"></g></l></v><v><l id="325134" t="словарь"><g v="NOUN"></g><g v="inan"></g><g v="masc"></g><g v="sing"></g><g v="accs"></g></l></v></tfr></token><token id="669340" text="английского"><tfr rev_id="4166760" t="английского"><v><l id="12733" t="английский"><g v="ADJF"></g><g v="masc"></g><g v="sing"></g><g v="gent"></g></l></v><v><l id="12733" t="английский"><g v="ADJF"></g><g v="anim"></g><g v="masc"></g><g v="sing"></g><g v="accs"></g></l></v></tfr></token><token id="669341" text="Merriam-Webster"><tfr rev_id="2475189" t="Merriam-Webster"><v><l id="0" t="Merriam-Webster"><g v="LATN"></g></l></v></tfr></token><token id="669342" text="тоже"><tfr rev_id="4271153" t="тоже"><v><l id="346946" t="тоже"><g v="PRCL"></g></l></v></tfr></token><token id="669343" text="подвел"><tfr rev_id="1501436" t="подвел"><v><l id="244444" t="подвёл"><g v="VERB"></g><g v="perf"></g><g v="tran"></g><g v="masc"></g><g v="sing"></g><g v="past"></g><g v="indc"></g></l></v></tfr></token><token id="669344" text="итоги"><tfr rev_id="3727602" t="итоги"><v><l id="127141" t="итог"><g v="NOUN"></g><g v="inan"></g><g v="masc"></g><g v="plur"></g><g v="accs"></g></l></v></tfr></token><token id="669345" text="года"><tfr rev_id="3480394" t="года"><v><l id="72149" t="год"><g v="NOUN"></g><g v="inan"></g><g v="masc"></g><g v="sing"></g><g v="gen1"></g></l></v></tfr></token><token id="669346" text="."><tfr rev_id="1501439" t="."><v><l id="0" t="."><g v="PNCT"></g></l></v></tfr></token></tokens></sentence><sentence id="37440"><source>Самым популярным запросом к словарю стала санация (bailout), вокруг которой сконцентрировалась общественная дискуссия по поводу финансового кризиса.</source><tokens><token id="669347" text="Самым"><tfr rev_id="3470501" t="Самым"><v><l id="313174" t="самый"><g v="ADJF"></g><g v="Apro"></g><g v="masc"></g><g v="sing"></g><g v="ablt"></g></l></v><v><l id="313174" t="самый"><g v="ADJF"></g><g v="Apro"></g><g v="neut"></g><g v="sing"></g><g v="ablt"></g></l></v></tfr></token><token id="669348" text="популярным"><tfr rev_id="4172199" t="популярным"><v><l id="259762" t="популярный"><g v="ADJF"></g><g v="Qual"></g><g v="masc"></g><g v="sing"></g><g v="ablt"></g></l></v></tfr></token><token id="669349" text="запросом"><tfr rev_id="1501442" t="запросом"><v><l id="108050" t="запрос"><g v="NOUN"></g><g v="inan"></g><g v="masc"></g><g v="sing"></g><g v="ablt"></g></l></v></tfr></token><token id="669350" text="к"><tfr rev_id="1501443" t="к"><v><l id="127460" t="к"><g v="PREP"></g></l></v></tfr></token><token id="669351" text="словарю"><tfr rev_id="1501444" t="словарю"><v><l id="325134" t="словарь"><g v="NOUN"></g><g v="inan"></g><g v="masc"></g><g v="sing"></g><g v="datv"></g></l></v></tfr></token><token id="669352" text="стала"><tfr rev_id="1501445" t="стала"><v><l id="335164" t="стал"><g v="VERB"></g><g v="perf"></g><g v="intr"></g><g v="femn"></g><g v="sing"></g><g v="past"></g><g v="indc"></g></l></v></tfr></token><token id="669353" text="санация"><tfr rev_id="1501446" t="санация"><v><l id="313204" t="санация"><g v="NOUN"></g><g v="inan"></g><g v="femn"></g><g v="sing"></g><g v="nomn"></g></l></v></tfr></token><token id="669354" text="("><tfr rev_id="1501447" t="("><v><l id="0" t="("><g v="PNCT"></g></l></v></tfr></token><token id="669355" text="bailout"><tfr rev_id="2475190" t="bailout"><v><l id="0" t="bailout"><g v="LATN"></g></l></v></tfr></token><token id="669356" text=")"><tfr rev_id="1501449" t=")"><v><l id="0" t=")"><g v="PNCT"></g></l></v></tfr></token><token id="669357" text=","><tfr rev_id="1501450" t=","><v><l id="0" t=","><g v="PNCT"></g></l></v></tfr></token><token id="669358" text="вокруг"><tfr rev_id="4320077" t="вокруг"><v><l id="49813" t="вокруг"><g v="PREP"></g></l></v></tfr></token><token id="669359" text="которой"><tfr rev_id="3883376" t="которой"><v><l id="141203" t="который"><g v="ADJF"></g><g v="Apro"></g><g v="Subx"></g><g v="Anph"></g><g v="femn"></g><g v="sing"></g><g v="gent"></g></l></v></tfr></token><token id="669360" text="сконцентрировалась"><tfr rev_id="1501453" t="сконцентрировалась"><v><l id="323050" t="сконцентрировался"><g v="VERB"></g><g v="perf"></g><g v="intr"></g><g v="femn"></g><g v="sing"></g><g v="past"></g><g v="indc"></g></l></v></tfr></token><token id="669361" text="общественная"><tfr rev_id="1501454" t="общественная"><v><l id="201612" t="общественный"><g v="ADJF"></g><g v="femn"></g><g v="sing"></g><g v="nomn"></g></l></v></tfr></token><token id="669362" text="дискуссия"><tfr rev_id="1501455" t="дискуссия"><v><l id="84419" t="дискуссия"><g v="NOUN"></g><g v="inan"></g><g v="femn"></g><g v="sing"></g><g v="nomn"></g></l></v></tfr></token><token id="669363" text="по"><tfr rev_id="1501456" t="по"><v><l id="241240" t="по"><g v="PREP"></g></l></v></tfr></token><token id="669364" text="поводу"><tfr rev_id="3812036" t="поводу"><v><l id="242551" t="повод"><g v="NOUN"></g><g v="inan"></g><g v="masc"></g><g v="sing"></g><g v="datv"></g></l></v></tfr></token><token id="669365" text="финансового"><tfr rev_id="4426133" t="финансового"><v><l id="366103" t="финансовый"><g v="ADJF"></g><g v="masc"></g><g v="sing"></g><g v="gent"></g></l></v></tfr></token><token id="669366" text="кризиса"><tfr rev_id="1501459" t="кризиса"><v><l id="142725" t="кризис"><g v="NOUN"></g><g v="inan"></g><g v="masc"></g><g v="sing"></g><g v="gent"></g></l></v></tfr></token><token id="669367" text="."><tfr rev_id="1501460" t="."><v><l id="0" t="."><g v="PNCT"></g></l></v></tfr></token></tokens></sentence><sentence id="37441"><source>Судя по тому, что на третьем месте оказался социализм (socialism), именно с помощью этого полузабытого понятия противники государственного вмешательства в экономику пугали сограждан, а те пытались разобраться, что же это такое.</source><tokens><token id="669368" text="Судя"><tfr rev_id="1501461" t="Судя"><v><l id="339002" t="судя"><g v="GRND"></g><g v="impf"></g><g v="tran"></g><g v="pres"></g></l></v></tfr></token><token id="669369" text="по"><tfr rev_id="1501462" t="по"><v><l id="241240" t="по"><g v="PREP"></g></l></v></tfr></token><token id="669370" text="тому"><tfr rev_id="4351483" t="тому"><v><l id="348430" t="тот"><g v="ADJF"></g><g v="Subx"></g><g v="Apro"></g><g v="Anph"></g><g v="neut"></g><g v="sing"></g><g v="datv"></g></l></v></tfr></token><token id="669371" text=","><tfr rev_id="1501464" t=","><v><l id="0" t=","><g v="PNCT"></g></l></v></tfr></token><token id="669372" text="что"><tfr rev_id="3197482" t="что"><v><l id="377004" t="что"><g v="CONJ"></g></l></v><v><l id="377005" t="что"><g v="NPRO"></g><g v="neut"></g><g v="sing"></g><g v="nomn"></g></l></v><v><l id="377005" t="что"><g v="NPRO"></g><g v="neut"></g><g v="sing"></g><g v="accs"></g></l></v><v><l id="377006" t="что"><g v="ADVB"></g><g v="Ques"></g></l></v><v><l id="388695" t="что"><g v="PRCL"></g></l></v></tfr></token><token id="669373" text="на"><tfr rev_id="3335172" t="на"><v><l id="166264" t="на"><g v="PREP"></g></l></v></tfr></token><token id="669374" text="третьем"><tfr rev_id="4423036" t="третьем"><v><l id="349855" t="третий"><g v="ADJF"></g><g v="Anum"></g><g v="neut"></g><g v="sing"></g><g v="loct"></g></l></v></tfr></token><token id="669375" text="месте"><tfr rev_id="1501468" t="месте"><v><l id="158822" t="место"><g v="NOUN"></g><g v="inan"></g><g v="neut"></g><g v="sing"></g><g v="loct"></g></l></v></tfr></token><token id="669376" text="оказался"><tfr rev_id="1501469" t="оказался"><v><l id="204462" t="оказался"><g v="VERB"></g><g v="perf"></g><g v="intr"></g><g v="masc"></g><g v="sing"></g><g v="past"></g><g v="indc"></g></l></v></tfr></token><token id="669377" text="социализм"><tfr rev_id="3506529" t="социализм"><v><l id="331046" t="социализм"><g v="NOUN"></g><g v="inan"></g><g v="masc"></g><g v="sing"></g><g v="nomn"></g></l></v></tfr></token><token id="669378" text="("><tfr rev_id="1501471" t="("><v><l id="0" t="("><g v="PNCT"></g></l></v></tfr></token><token id="669379" text="socialism"><tfr rev_id="2475191" t="socialism"><v><l id="0" t="socialism"><g v="LATN"></g></l></v></tfr></token><token id="669380" text=")"><tfr rev_id="1501473" t=")"><v><l id="0" t=")"><g v="PNCT"></g></l></v></tfr></token><token id="669381" text=","><tfr rev_id="1501474" t=","><v><l id="0" t=","><g v="PNCT"></g></l></v></tfr></token><token id="669382" text="именно"><tfr rev_id="1501475" t="именно"><v><l id="121584" t="именно"><g v="PRCL"></g></l></v></tfr></token><token id="669383" text="с"><tfr rev_id="1501476" t="с"><v><l id="311151" t="с"><g v="PREP"></g></l></v></tfr></token><token id="669384" text="помощью"><tfr rev_id="1501477" t="помощью"><v><l id="257960" t="помощь"><g v="NOUN"></g><g v="inan"></g><g v="femn"></g><g v="sing"></g><g v="ablt"></g></l></v></tfr></token><token id="669385" text="этого"><tfr rev_id="4487643" t="этого"><v><l id="386581" t="этот"><g v="ADJF"></g><g v="Subx"></g><g v="Apro"></g><g v="Anph"></g><g v="neut"></g><g v="sing"></g><g v="gent"></g></l></v></tfr></token><token id="669386" text="полузабытого"><tfr rev_id="4464311" t="полузабытого"><v><l id="390748" t="полузабытый"><g v="ADJF"></g><g v="neut"></g><g v="sing"></g><g v="gent"></g></l></v></tfr></token><token id="669387" text="понятия"><tfr rev_id="3440547" t="понятия"><v><l id="258694" t="понятие"><g v="NOUN"></g><g v="inan"></g><g v="neut"></g><g v="sing"></g><g v="gent"></g></l></v></tfr></token><token id="669388" text="противники"><tfr rev_id="1501481" t="противники"><v><l id="285802" t="противник"><g v="NOUN"></g><g v="anim"></g><g v="masc"></g><g v="plur"></g><g v="nomn"></g></l></v></tfr></token><token id="669389" text="государственного"><tfr rev_id="3946492" t="государственного"><v><l id="74161" t="государственный"><g v="ADJF"></g><g v="neut"></g><g v="sing"></g><g v="gent"></g></l></v></tfr></token><token id="669390" text="вмешательства"><tfr rev_id="3502491" t="вмешательства"><v><l id="47176" t="вмешательство"><g v="NOUN"></g><g v="inan"></g><g v="neut"></g><g v="sing"></g><g v="gent"></g></l></v></tfr></token><token id="669391" text="в"><tfr rev_id="1501484" t="в"><v><l id="37409" t="в"><g v="PREP"></g></l></v></tfr></token><token id="669392" text="экономику"><tfr rev_id="1501485" t="экономику"><v><l id="383340" t="экономика"><g v="NOUN"></g><g v="inan"></g><g v="femn"></g><g v="sing"></g><g v="accs"></g></l></v></tfr></token><token id="669393" text="пугали"><tfr rev_id="1501486" t="пугали"><v><l id="288873" t="пугаю"><g v="VERB"></g><g v="impf"></g><g v="tran"></g><g v="plur"></g><g v="past"></g><g v="indc"></g></l></v></tfr></token><token id="669394" text="сограждан"><tfr rev_id="4358901" t="сограждан"><v><l id="328333" t="согражданин"><g v="NOUN"></g><g v="anim"></g><g v="masc"></g><g v="plur"></g><g v="accs"></g></l></v></tfr></token><token id="669395" text=","><tfr rev_id="1501488" t=","><v><l id="0" t=","><g v="PNCT"></g></l></v></tfr></token><token id="669396" text="а"><tfr rev_id="1501489" t="а"><v><l id="51" t="а"><g v="CONJ"></g></l></v><v><l id="52" t="а"><g v="INTJ"></g></l></v><v><l id="53" t="а"><g v="PRCL"></g></l></v></tfr></token><token id="669397" text="те"><tfr rev_id="3820870" t="те"><v><l id="348430" t="тот"><g v="ADJF"></g><g v="Subx"></g><g v="Apro"></g><g v="Anph"></g><g v="plur"></g><g v="nomn"></g></l></v></tfr></token><token id="669398" text="пытались"><tfr rev_id="1501491" t="пытались"><v><l id="290086" t="пытаюсь"><g v="VERB"></g><g v="impf"></g><g v="intr"></g><g v="plur"></g><g v="past"></g><g v="indc"></g></l></v></tfr></token><token id="669399" text="разобраться"><tfr rev_id="1501492" t="разобраться"><v><l id="296100" t="разобраться"><g v="INFN"></g><g v="perf"></g><g v="intr"></g></l></v></tfr></token><token id="669400" text=","><tfr rev_id="1501493" t=","><v><l id="0" t=","><g v="PNCT"></g></l></v></tfr></token><token id="669401" text="что"><tfr rev_id="3197483" t="что"><v><l id="377004" t="что"><g v="CONJ"></g></l></v><v><l id="377005" t="что"><g v="NPRO"></g><g v="neut"></g><g v="sing"></g><g v="nomn"></g></l></v><v><l id="377005" t="что"><g v="NPRO"></g><g v="neut"></g><g v="sing"></g><g v="accs"></g></l></v><v><l id="377006" t="что"><g v="ADVB"></g><g v="Ques"></g></l></v><v><l id="388695" t="что"><g v="PRCL"></g></l></v></tfr></token><token id="669402" text="же"><tfr rev_id="1501495" t="же"><v><l id="96208" t="же"><g v="CONJ"></g></l></v><v><l id="96209" t="же"><g v="PRCL"></g></l></v></tfr></token><token id="669403" text="это"><tfr rev_id="4441772" t="это"><v><l id="386574" t="это"><g v="PRCL"></g></l></v><v><l id="386575" t="это"><g v="NPRO"></g><g v="neut"></g><g v="sing"></g><g v="nomn"></g></l></v><v><l id="386575" t="это"><g v="NPRO"></g><g v="neut"></g><g v="sing"></g><g v="accs"></g></l></v><v><l id="386581" t="этот"><g v="ADJF"></g><g v="Subx"></g><g v="Apro"></g><g v="Anph"></g><g v="neut"></g><g v="sing"></g><g v="nomn"></g></l></v><v><l id="386581" t="этот"><g v="ADJF"></g><g v="Subx"></g><g v="Apro"></g><g v="Anph"></g><g v="neut"></g><g v="sing"></g><g v="accs"></g></l></v></tfr></token><token id="669404" text="такое"><tfr rev_id="1501497" t="такое"><v><l id="342491" t="такой"><g v="ADJF"></g><g v="Apro"></g><g v="neut"></g><g v="sing"></g><g v="nomn"></g></l></v><v><l id="342491" t="такой"><g v="ADJF"></g><g v="Apro"></g><g v="neut"></g><g v="sing"></g><g v="accs"></g></l></v></tfr></token><token id="669405" text="."><tfr rev_id="1501498" t="."><v><l id="0" t="."><g v="PNCT"></g></l></v></tfr></token></tokens></sentence><sentence id="37442"><source>Но это уже было после разразившегося кризиса, а до этого рынок, видимо, испытывал тремор (trepidation — 6-е место по популярности), стоя на краю пропасти (precipice — 7-е место).</source><tokens><token id="669406" text="Но"><tfr rev_id="1501499" t="Но"><v><l id="191429" t="но"><g v="CONJ"></g></l></v><v><l id="191430" t="но"><g v="INTJ"></g></l></v></tfr></token><token id="669407" text="это"><tfr rev_id="4497597" t="это"><v><l id="386575" t="это"><g v="NPRO"></g><g v="neut"></g><g v="sing"></g><g v="nomn"></g></l></v><v><l id="386575" t="это"><g v="NPRO"></g><g v="neut"></g><g v="sing"></g><g v="accs"></g></l></v></tfr></token><token id="669408" text="уже"><tfr rev_id="2692855" t="уже"><v><l id="355422" t="уж"><g v="NOUN"></g><g v="anim"></g><g v="masc"></g><g v="sing"></g><g v="loct"></g></l></v><v><l id="355498" t="уже"><g v="ADVB"></g></l></v><v><l id="355674" t="уже"><g v="COMP"></g><g v="Qual"></g></l></v><v><l id="388673" t="уже"><g v="PRCL"></g></l></v></tfr></token><token id="669409" text="было"><tfr rev_id="3335580" t="было"><v><l id="37265" t="есть"><g v="VERB"></g><g v="impf"></g><g v="intr"></g><g v="neut"></g><g v="sing"></g><g v="past"></g><g v="indc"></g></l></v></tfr></token><token id="669410" text="после"><tfr rev_id="4403709" t="после"><v><l id="261542" t="после"><g v="PREP"></g></l></v></tfr></token><token id="669411" text="разразившегося"><tfr rev_id="3443226" t="разразившегося"><v><l id="296514" t="разразившийся"><g v="PRTF"></g><g v="perf"></g><g v="intr"></g><g v="past"></g><g v="actv"></g><g v="masc"></g><g v="sing"></g><g v="gent"></g></l></v><v><l id="296514" t="разразившийся"><g v="PRTF"></g><g v="perf"></g><g v="intr"></g><g v="past"></g><g v="actv"></g><g v="anim"></g><g v="masc"></g><g v="sing"></g><g v="accs"></g></l></v></tfr></token><token id="669412" text="кризиса"><tfr rev_id="1501505" t="кризиса"><v><l id="142725" t="кризис"><g v="NOUN"></g><g v="inan"></g><g v="masc"></g><g v="sing"></g><g v="gent"></g></l></v></tfr></token><token id="669413" text=","><tfr rev_id="1501506" t=","><v><l id="0" t=","><g v="PNCT"></g></l></v></tfr></token><token id="669414" text="а"><tfr rev_id="3705771" t="а"><v><l id="51" t="а"><g v="CONJ"></g></l></v></tfr></token><token id="669415" text="до"><tfr rev_id="1501508" t="до"><v><l id="85153" t="до"><g v="PREP"></g></l></v></tfr></token><token id="669416" text="этого"><tfr rev_id="3453646" t="этого"><v><l id="386575" t="это"><g v="NPRO"></g><g v="neut"></g><g v="sing"></g><g v="gent"></g></l></v></tfr></token><token id="669417" text="рынок"><tfr rev_id="4093078" t="рынок"><v><l id="310781" t="рынок"><g v="NOUN"></g><g v="inan"></g><g v="masc"></g><g v="sing"></g><g v="nomn"></g></l></v></tfr></token><token id="669418" text=","><tfr rev_id="1501511" t=","><v><l id="0" t=","><g v="PNCT"></g></l></v></tfr></token><token id="669419" text="видимо"><tfr rev_id="1501512" t="видимо"><v><l id="44570" t="видим"><g v="PRTS"></g><g v="impf"></g><g v="pres"></g><g v="pssv"></g><g v="neut"></g><g v="sing"></g></l></v><v><l id="44584" t="видимо"><g v="ADVB"></g></l></v><v><l id="44585" t="видимо"><g v="CONJ"></g><g v="Prnt"></g></l></v><v><l id="44589" t="видим"><g v="ADJS"></g><g v="Qual"></g><g v="neut"></g><g v="sing"></g></l></v></tfr></token><token id="669420" text=","><tfr rev_id="1501513" t=","><v><l id="0" t=","><g v="PNCT"></g></l></v></tfr></token><token id="669421" text="испытывал"><tfr rev_id="1501514" t="испытывал"><v><l id="125681" t="испытываю"><g v="VERB"></g><g v="impf"></g><g v="tran"></g><g v="masc"></g><g v="sing"></g><g v="past"></g><g v="indc"></g></l></v></tfr></token><token id="669422" text="тремор"><tfr rev_id="1501515" t="тремор"><v><l id="349626" t="тремор"><g v="NOUN"></g><g v="inan"></g><g v="masc"></g><g v="sing"></g><g v="nomn"></g></l></v><v><l id="349626" t="тремор"><g v="NOUN"></g><g v="inan"></g><g v="masc"></g><g v="sing"></g><g v="accs"></g></l></v></tfr></token><token id="669423" text="("><tfr rev_id="1501516" t="("><v><l id="0" t="("><g v="PNCT"></g></l></v></tfr></token><token id="669424" text="trepidation"><tfr rev_id="2475192" t="trepidation"><v><l id="0" t="trepidation"><g v="LATN"></g></l></v></tfr></token><token id="669425" text="—"><tfr rev_id="2446105" t="—"><v><l id="0" t="—"><g v="PNCT"></g></l></v></tfr></token><token id="669426" text="6-е"><tfr rev_id="4325847" t="6-е"><v><l id="390429" t="6-й"><g v="ADJF"></g><g v="Abbr"></g><g v="Anum"></g><g v="neut"></g><g v="sing"></g><g v="accs"></g></l></v><v><l id="390429" t="6-й"><g v="ADJF"></g><g v="Abbr"></g><g v="Anum"></g><g v="neut"></g><g v="sing"></g><g v="nomn"></g></l></v></tfr></token><token id="669427" text="место"><tfr rev_id="4104140" t="место"><v><l id="158822" t="место"><g v="NOUN"></g><g v="inan"></g><g v="neut"></g><g v="sing"></g><g v="nomn"></g></l></v></tfr></token><token id="669428" text="по"><tfr rev_id="1501521" t="по"><v><l id="241240" t="по"><g v="PREP"></g></l></v></tfr></token><token id="669429" text="популярности"><tfr rev_id="4345709" t="популярности"><v><l id="259761" t="популярность"><g v="NOUN"></g><g v="inan"></g><g v="femn"></g><g v="sing"></g><g v="datv"></g></l></v></tfr></token><token id="669430" text=")"><tfr rev_id="1501523" t=")"><v><l id="0" t=")"><g v="PNCT"></g></l></v></tfr></token><token id="669431" text=","><tfr rev_id="1501524" t=","><v><l id="0" t=","><g v="PNCT"></g></l></v></tfr></token><token id="669432" text="стоя"><tfr rev_id="1501525" t="стоя"><v><l id="336468" t="стоя"><g v="GRND"></g><g v="impf"></g><g v="tran"></g><g v="pres"></g></l></v><v><l id="336966" t="стоя"><g v="ADVB"></g></l></v><v><l id="336984" t="стоя"><g v="GRND"></g><g v="impf"></g><g v="intr"></g><g v="pres"></g></l></v></tfr></token><token id="669433" text="на"><tfr rev_id="3475915" t="на"><v><l id="166264" t="на"><g v="PREP"></g></l></v></tfr></token><token id="669434" text="краю"><tfr rev_id="2850374" t="краю"><v><l id="141503" t="край"><g v="NOUN"></g><g v="inan"></g><g v="masc"></g><g v="sing"></g><g v="loc2"></g></l></v></tfr></token><token id="669435" text="пропасти"><tfr rev_id="3546636" t="пропасти"><v><l id="282842" t="пропасть"><g v="NOUN"></g><g v="inan"></g><g v="femn"></g><g v="sing"></g><g v="gent"></g></l></v></tfr></token><token id="669436" text="("><tfr rev_id="1501529" t="("><v><l id="0" t="("><g v="PNCT"></g></l></v></tfr></token><token id="669437" text="precipice"><tfr rev_id="2475193" t="precipice"><v><l id="0" t="precipice"><g v="LATN"></g></l></v></tfr></token><token id="669438" text="—"><tfr rev_id="2446106" t="—"><v><l id="0" t="—"><g v="PNCT"></g></l></v></tfr></token><token id="669439" text="7-е"><tfr rev_id="4325858" t="7-е"><v><l id="390430" t="7-й"><g v="ADJF"></g><g v="Abbr"></g><g v="Anum"></g><g v="neut"></g><g v="sing"></g><g v="accs"></g></l></v><v><l id="390430" t="7-й"><g v="ADJF"></g><g v="Abbr"></g><g v="Anum"></g><g v="neut"></g><g v="sing"></g><g v="nomn"></g></l></v></tfr></token><token id="669440" text="место"><tfr rev_id="4211327" t="место"><v><l id="158822" t="место"><g v="NOUN"></g><g v="inan"></g><g v="neut"></g><g v="sing"></g><g v="nomn"></g></l></v></tfr></token><token id="669441" text=")"><tfr rev_id="1501534" t=")"><v><l id="0" t=")"><g v="PNCT"></g></l></v></tfr></token><token id="669442" text="."><tfr rev_id="1501535" t="."><v><l id="0" t="."><g v="PNCT"></g></l></v></tfr></token></tokens></sentence></paragraph><paragraph id="12035"><sentence id="37443"><source>Merriam-Webster — один из самых популярных в США толковых словарей: посетители его сайта ищут слова, которые им непонятны или о происхождении которых они хотели бы узнать поподробнее.</source><tokens><token id="669443" text="Merriam-Webster"><tfr rev_id="2475194" t="Merriam-Webster"><v><l id="0" t="Merriam-Webster"><g v="LATN"></g></l></v></tfr></token><token id="669444" text="—"><tfr rev_id="2446107" t="—"><v><l id="0" t="—"><g v="PNCT"></g></l></v></tfr></token><token id="669445" text="один"><tfr rev_id="4299700" t="один"><v><l id="203319" t="один"><g v="ADJF"></g><g v="Apro"></g><g v="Anum"></g><g v="masc"></g><g v="sing"></g><g v="nomn"></g></l></v></tfr></token><token id="669446" text="из"><tfr rev_id="2560411" t="из"><v><l id="117677" t="из"><g v="PREP"></g></l></v></tfr></token><token id="669447" text="самых"><tfr rev_id="4357438" t="самых"><v><l id="313174" t="самый"><g v="ADJF"></g><g v="Apro"></g><g v="plur"></g><g v="gent"></g></l></v></tfr></token><token id="669448" text="популярных"><tfr rev_id="4394006" t="популярных"><v><l id="259762" t="популярный"><g v="ADJF"></g><g v="Qual"></g><g v="plur"></g><g v="gent"></g></l></v></tfr></token><token id="669449" text="в"><tfr rev_id="1501542" t="в"><v><l id="37409" t="в"><g v="PREP"></g></l></v></tfr></token><token id="669450" text="США"><tfr rev_id="3811425" t="США"><v><l id="341371" t="сша"><g v="NOUN"></g><g v="inan"></g><g v="GNdr"></g><g v="Pltm"></g><g v="Fixd"></g><g v="Abbr"></g><g v="Geox"></g><g v="plur"></g><g v="loct"></g></l></v></tfr></token><token id="669451" text="толковых"><tfr rev_id="3945697" t="толковых"><v><l id="347151" t="толковый"><g v="ADJF"></g><g v="Qual"></g><g v="plur"></g><g v="gent"></g></l></v></tfr></token><token id="669452" text="словарей"><tfr rev_id="1501545" t="словарей"><v><l id="325134" t="словарь"><g v="NOUN"></g><g v="inan"></g><g v="masc"></g><g v="plur"></g><g v="gent"></g></l></v></tfr></token><token id="669453" text=":"><tfr rev_id="1501546" t=":"><v><l id="0" t=":"><g v="PNCT"></g></l></v></tfr></token><token id="669454" text="посетители"><tfr rev_id="1501547" t="посетители"><v><l id="261297" t="посетитель"><g v="NOUN"></g><g v="anim"></g><g v="masc"></g><g v="plur"></g><g v="nomn"></g></l></v></tfr></token><token id="669455" text="его"><tfr rev_id="4454855" t="его"><v><l id="94208" t="его"><g v="ADJF"></g><g v="Fixd"></g><g v="Apro"></g><g v="Anph"></g><g v="masc"></g><g v="sing"></g><g v="nomn"></g></l></v><v><l id="94208" t="его"><g v="ADJF"></g><g v="Fixd"></g><g v="Apro"></g><g v="Anph"></g><g v="masc"></g><g v="sing"></g><g v="gent"></g></l></v><v><l id="94208" t="его"><g v="ADJF"></g><g v="Fixd"></g><g v="Apro"></g><g v="Anph"></g><g v="masc"></g><g v="sing"></g><g v="datv"></g></l></v><v><l id="94208" t="его"><g v="ADJF"></g><g v="Fixd"></g><g v="Apro"></g><g v="Anph"></g><g v="masc"></g><g v="sing"></g><g v="accs"></g></l></v><v><l id="94208" t="его"><g v="ADJF"></g><g v="Fixd"></g><g v="Apro"></g><g v="Anph"></g><g v="masc"></g><g v="sing"></g><g v="ablt"></g></l></v><v><l id="94208" t="его"><g v="ADJF"></g><g v="Fixd"></g><g v="Apro"></g><g v="Anph"></g><g v="masc"></g><g v="sing"></g><g v="loct"></g></l></v></tfr></token><token id="669456" text="сайта"><tfr rev_id="1501549" t="сайта"><v><l id="311674" t="сайт"><g v="NOUN"></g><g v="inan"></g><g v="masc"></g><g v="sing"></g><g v="gent"></g></l></v></tfr></token><token id="669457" text="ищут"><tfr rev_id="1501550" t="ищут"><v><l id="124299" t="ищу"><g v="VERB"></g><g v="impf"></g><g v="tran"></g><g v="plur"></g><g v="3per"></g><g v="pres"></g><g v="indc"></g></l></v></tfr></token><token id="669458" text="слова"><tfr rev_id="3743647" t="слова"><v><l id="325168" t="слово"><g v="NOUN"></g><g v="inan"></g><g v="neut"></g><g v="plur"></g><g v="accs"></g></l></v></tfr></token><token id="669459" text=","><tfr rev_id="1501552" t=","><v><l id="0" t=","><g v="PNCT"></g></l></v></tfr></token><token id="669460" text="которые"><tfr rev_id="3794391" t="которые"><v><l id="141203" t="который"><g v="ADJF"></g><g v="Apro"></g><g v="Subx"></g><g v="Anph"></g><g v="plur"></g><g v="nomn"></g></l></v></tfr></token><token id="669461" text="им"><tfr rev_id="4530531" t="им"><v><l id="206619" t="они"><g v="NPRO"></g><g v="3per"></g><g v="Anph"></g><g v="plur"></g><g v="datv"></g></l></v></tfr></token><token id="669462" text="непонятны"><tfr rev_id="1501555" t="непонятны"><v><l id="186150" t="непонятен"><g v="ADJS"></g><g v="Qual"></g><g v="plur"></g></l></v></tfr></token><token id="669463" text="или"><tfr rev_id="3787315" t="или"><v><l id="121146" t="или"><g v="CONJ"></g></l></v></tfr></token><token id="669464" text="о"><tfr rev_id="3326397" t="о"><v><l id="192977" t="о"><g v="PREP"></g></l></v></tfr></token><token id="669465" text="происхождении"><tfr rev_id="1501558" t="происхождении"><v><l id="280291" t="происхождение"><g v="NOUN"></g><g v="inan"></g><g v="neut"></g><g v="sing"></g><g v="loct"></g></l></v></tfr></token><token id="669466" text="которых"><tfr rev_id="3643856" t="которых"><v><l id="141203" t="который"><g v="ADJF"></g><g v="Apro"></g><g v="Subx"></g><g v="Anph"></g><g v="plur"></g><g v="gent"></g></l></v></tfr></token><token id="669467" text="они"><tfr rev_id="3599438" t="они"><v><l id="206619" t="они"><g v="NPRO"></g><g v="3per"></g><g v="Anph"></g><g v="plur"></g><g v="nomn"></g></l></v></tfr></token><token id="669468" text="хотели"><tfr rev_id="1501561" t="хотели"><v><l id="371713" t="хочу"><g v="VERB"></g><g v="impf"></g><g v="tran"></g><g v="plur"></g><g v="past"></g><g v="indc"></g></l></v></tfr></token><token id="669469" text="бы"><tfr rev_id="1501562" t="бы"><v><l id="36985" t="бы"><g v="PRCL"></g></l></v></tfr></token><token id="669470" text="узнать"><tfr rev_id="1501563" t="узнать"><v><l id="355807" t="узнать"><g v="INFN"></g><g v="perf"></g><g v="tran"></g></l></v></tfr></token><token id="669471" text="поподробнее"><tfr rev_id="1501564" t="поподробнее"><v><l id="249806" t="подробнее"><g v="COMP"></g><g v="Cmp2"></g></l></v></tfr></token><token id="669472" text="."><tfr rev_id="1501565" t="."><v><l id="0" t="."><g v="PNCT"></g></l></v></tfr></token></tokens></sentence><sentence id="37444"><source>Ежегодный рейтинг популярных слов составлен на основе 125 млн запросов к словарю.</source><tokens><token id="669473" text="Ежегодный"><tfr rev_id="1501566" t="Ежегодный"><v><l id="94444" t="ежегодный"><g v="ADJF"></g><g v="Qual"></g><g v="masc"></g><g v="sing"></g><g v="nomn"></g></l></v><v><l id="94444" t="ежегодный"><g v="ADJF"></g><g v="Qual"></g><g v="inan"></g><g v="masc"></g><g v="sing"></g><g v="accs"></g></l></v></tfr></token><token id="669474" text="рейтинг"><tfr rev_id="3547648" t="рейтинг"><v><l id="305607" t="рейтинг"><g v="NOUN"></g><g v="inan"></g><g v="masc"></g><g v="sing"></g><g v="nomn"></g></l></v></tfr></token><token id="669475" text="популярных"><tfr rev_id="2927709" t="популярных"><v><l id="259762" t="популярный"><g v="ADJF"></g><g v="Qual"></g><g v="plur"></g><g v="gent"></g></l></v></tfr></token><token id="669476" text="слов"><tfr rev_id="1501569" t="слов"><v><l id="325168" t="слово"><g v="NOUN"></g><g v="inan"></g><g v="neut"></g><g v="plur"></g><g v="gent"></g></l></v></tfr></token><token id="669477" text="составлен"><tfr rev_id="1501570" t="составлен"><v><l id="330487" t="составлен"><g v="PRTS"></g><g v="perf"></g><g v="past"></g><g v="pssv"></g><g v="masc"></g><g v="sing"></g></l></v></tfr></token><token id="669478" text="на"><tfr rev_id="3340313" t="на"><v><l id="166264" t="на"><g v="PREP"></g></l></v></tfr></token><token id="669479" text="основе"><tfr rev_id="2931108" t="основе"><v><l id="210574" t="основа"><g v="NOUN"></g><g v="inan"></g><g v="femn"></g><g v="sing"></g><g v="loct"></g></l></v></tfr></token><token id="669480" text="125"><tfr rev_id="2462520" t="125"><v><l id="0" t="125"><g v="NUMB"></g></l></v></tfr></token><token id="669481" text="млн"><tfr rev_id="4497083" t="млн"><v><l id="389040" t="млн"><g v="NOUN"></g><g v="inan"></g><g v="masc"></g><g v="Fixd"></g><g v="Abbr"></g><g v="plur"></g><g v="nomn"></g></l></v><v><l id="389040" t="млн"><g v="NOUN"></g><g v="inan"></g><g v="masc"></g><g v="Fixd"></g><g v="Abbr"></g><g v="plur"></g><g v="gent"></g></l></v><v><l id="389040" t="млн"><g v="NOUN"></g><g v="inan"></g><g v="masc"></g><g v="Fixd"></g><g v="Abbr"></g><g v="plur"></g><g v="datv"></g></l></v><v><l id="389040" t="млн"><g v="NOUN"></g><g v="inan"></g><g v="masc"></g><g v="Fixd"></g><g v="Abbr"></g><g v="plur"></g><g v="accs"></g></l></v><v><l id="389040" t="млн"><g v="NOUN"></g><g v="inan"></g><g v="masc"></g><g v="Fixd"></g><g v="Abbr"></g><g v="plur"></g><g v="ablt"></g></l></v><v><l id="389040" t="млн"><g v="NOUN"></g><g v="inan"></g><g v="masc"></g><g v="Fixd"></g><g v="Abbr"></g><g v="plur"></g><g v="loct"></g></l></v></tfr></token><token id="669482" text="запросов"><tfr rev_id="1501575" t="запросов"><v><l id="108050" t="запрос"><g v="NOUN"></g><g v="inan"></g><g v="masc"></g><g v="plur"></g><g v="gent"></g></l></v></tfr></token><token id="669483" text="к"><tfr rev_id="1501576" t="к"><v><l id="127460" t="к"><g v="PREP"></g></l></v></tfr></token><token id="669484" text="словарю"><tfr rev_id="1501577" t="словарю"><v><l id="325134" t="словарь"><g v="NOUN"></g><g v="inan"></g><g v="masc"></g><g v="sing"></g><g v="datv"></g></l></v></tfr></token><token id="669485" text="."><tfr rev_id="1501578" t="."><v><l id="0" t="."><g v="PNCT"></g></l></v></tfr></token></tokens></sentence></paragraph><paragraph id="12036"><sentence id="37445"><source>Изучение статистики поисковых запросов может быть не только развлечением, но и основой для далеко идущих выводов, например для прогнозирования распространения эпидемий.</source><tokens><token id="669486" text="Изучение"><tfr rev_id="1501579" t="Изучение"><v><l id="120795" t="изучение"><g v="NOUN"></g><g v="inan"></g><g v="neut"></g><g v="sing"></g><g v="nomn"></g></l></v><v><l id="120795" t="изучение"><g v="NOUN"></g><g v="inan"></g><g v="neut"></g><g v="sing"></g><g v="accs"></g></l></v></tfr></token><token id="669487" text="статистики"><tfr rev_id="3327828" t="статистики"><v><l id="335112" t="статистика"><g v="NOUN"></g><g v="inan"></g><g v="femn"></g><g v="sing"></g><g v="gent"></g></l></v></tfr></token><token id="669488" text="поисковых"><tfr rev_id="3411027" t="поисковых"><v><l id="253890" t="поисковый"><g v="ADJF"></g><g v="plur"></g><g v="gent"></g></l></v></tfr></token><token id="669489" text="запросов"><tfr rev_id="1501582" t="запросов"><v><l id="108050" t="запрос"><g v="NOUN"></g><g v="inan"></g><g v="masc"></g><g v="plur"></g><g v="gent"></g></l></v></tfr></token><token id="669490" text="может"><tfr rev_id="4231800" t="может"><v><l id="164485" t="могу"><g v="VERB"></g><g v="impf"></g><g v="intr"></g><g v="sing"></g><g v="3per"></g><g v="pres"></g><g v="indc"></g></l></v></tfr></token><token id="669491" text="быть"><tfr rev_id="1501584" t="быть"><v><l id="37266" t="быть"><g v="INFN"></g><g v="impf"></g><g v="intr"></g></l></v></tfr></token><token id="669492" text="не"><tfr rev_id="1501585" t="не"><v><l id="178876" t="не"><g v="PRCL"></g></l></v></tfr></token><token id="669493" text="только"><tfr rev_id="3784157" t="только"><v><l id="347395" t="только"><g v="CONJ"></g></l></v><v><l id="347396" t="только"><g v="PRCL"></g></l></v><v><l id="390053" t="только"><g v="ADVB"></g></l></v></tfr></token><token id="669494" text="развлечением"><tfr rev_id="1501587" t="развлечением"><v><l id="292582" t="развлечение"><g v="NOUN"></g><g v="inan"></g><g v="neut"></g><g v="sing"></g><g v="ablt"></g></l></v></tfr></token><token id="669495" text=","><tfr rev_id="1501588" t=","><v><l id="0" t=","><g v="PNCT"></g></l></v></tfr></token><token id="669496" text="но"><tfr rev_id="4238520" t="но"><v><l id="191429" t="но"><g v="CONJ"></g></l></v></tfr></token><token id="669497" text="и"><tfr rev_id="1501590" t="и"><v><l id="116949" t="и"><g v="CONJ"></g></l></v><v><l id="116950" t="и"><g v="INTJ"></g></l></v></tfr></token><token id="669498" text="основой"><tfr rev_id="1501591" t="основой"><v><l id="210574" t="основа"><g v="NOUN"></g><g v="inan"></g><g v="femn"></g><g v="sing"></g><g v="ablt"></g></l></v></tfr></token><token id="669499" text="для"><tfr rev_id="3445419" t="для"><v><l id="85032" t="для"><g v="PREP"></g></l></v></tfr></token><token id="669500" text="далеко"><tfr rev_id="1501593" t="далеко"><v><l id="77925" t="далёк"><g v="ADJS"></g><g v="Qual"></g><g v="neut"></g><g v="sing"></g></l></v><v><l id="77936" t="далеко"><g v="ADVB"></g><g v="Prdx"></g></l></v></tfr></token><token id="669501" text="идущих"><tfr rev_id="3944194" t="идущих"><v><l id="117568" t="идущий"><g v="PRTF"></g><g v="impf"></g><g v="intr"></g><g v="pres"></g><g v="actv"></g><g v="plur"></g><g v="gent"></g></l></v></tfr></token><token id="669502" text="выводов"><tfr rev_id="1501595" t="выводов"><v><l id="56345" t="вывод"><g v="NOUN"></g><g v="inan"></g><g v="masc"></g><g v="plur"></g><g v="gent"></g></l></v></tfr></token><token id="669503" text=","><tfr rev_id="1501596" t=","><v><l id="0" t=","><g v="PNCT"></g></l></v></tfr></token><token id="669504" text="например"><tfr rev_id="1501597" t="например"><v><l id="174036" t="например"><g v="CONJ"></g><g v="Prnt"></g></l></v></tfr></token><token id="669505" text="для"><tfr rev_id="3418334" t="для"><v><l id="85032" t="для"><g v="PREP"></g></l></v></tfr></token><token id="669506" text="прогнозирования"><tfr rev_id="1716889" t="прогнозирования"><v><l id="278536" t="прогнозирование"><g v="NOUN"></g><g v="inan"></g><g v="neut"></g><g v="sing"></g><g v="gent"></g></l></v></tfr></token><token id="669507" text="распространения"><tfr rev_id="3439083" t="распространения"><v><l id="300332" t="распространение"><g v="NOUN"></g><g v="inan"></g><g v="neut"></g><g v="sing"></g><g v="gent"></g></l></v></tfr></token><token id="669508" text="эпидемий"><tfr rev_id="1501601" t="эпидемий"><v><l id="385787" t="эпидемия"><g v="NOUN"></g><g v="inan"></g><g v="femn"></g><g v="plur"></g><g v="gent"></g></l></v></tfr></token><token id="669509" text="."><tfr rev_id="1501602" t="."><v><l id="0" t="."><g v="PNCT"></g></l></v></tfr></token></tokens></sentence><sentence id="37446"><source>См. об этом материал «Google предскажет грипп».</source><tokens><token id="669510" text="См"><tfr rev_id="3720525" t="См"><v><l id="326798" t="смотрю"><g v="VERB"></g><g v="impf"></g><g v="tran"></g><g v="sing"></g><g v="impr"></g><g v="excl"></g><g v="Abbr"></g></l></v></tfr></token><token id="669511" text="."><tfr rev_id="1501604" t="."><v><l id="0" t="."><g v="PNCT"></g></l></v></tfr></token><token id="669512" text="об"><tfr rev_id="2921264" t="об"><v><l id="192977" t="о"><g v="PREP"></g><g v="Vpre"></g></l></v></tfr></token><token id="669513" text="этом"><tfr rev_id="3272468" t="этом"><v><l id="386575" t="это"><g v="NPRO"></g><g v="neut"></g><g v="sing"></g><g v="loct"></g></l></v></tfr></token><token id="669514" text="материал"><tfr rev_id="1501607" t="материал"><v><l id="156200" t="материал"><g v="NOUN"></g><g v="inan"></g><g v="masc"></g><g v="sing"></g><g v="nomn"></g></l></v><v><l id="156200" t="материал"><g v="NOUN"></g><g v="inan"></g><g v="masc"></g><g v="sing"></g><g v="accs"></g></l></v></tfr></token><token id="669515" text="«"><tfr rev_id="2446108" t="«"><v><l id="0" t="«"><g v="PNCT"></g></l></v></tfr></token><token id="669516" text="Google"><tfr rev_id="2475195" t="Google"><v><l id="0" t="Google"><g v="LATN"></g></l></v></tfr></token><token id="669517" text="предскажет"><tfr rev_id="1501610" t="предскажет"><v><l id="267040" t="предсказал"><g v="VERB"></g><g v="perf"></g><g v="tran"></g><g v="sing"></g><g v="3per"></g><g v="futr"></g><g v="indc"></g></l></v></tfr></token><token id="669518" text="грипп"><tfr rev_id="1501611" t="грипп"><v><l id="75430" t="грипп"><g v="NOUN"></g><g v="inan"></g><g v="masc"></g><g v="sing"></g><g v="nomn"></g></l></v><v><l id="75430" t="грипп"><g v="NOUN"></g><g v="inan"></g><g v="masc"></g><g v="sing"></g><g v="accs"></g></l></v></tfr></token><token id="669519" text="»"><tfr rev_id="2446109" t="»"><v><l id="0" t="»"><g v="PNCT"></g></l></v></tfr></token><token id="669520" text="."><tfr rev_id="1501613" t="."><v><l id="0" t="."><g v="PNCT"></g></l></v></tfr></token></tokens></sentence></paragraph></paragraphs></text>