<?xml version="1.0" encoding="utf-8"?><text id="1321" parent="226" name="24468 Вместо скучной физры"><tags><tag>url:http://www.chaskor.ru/news/vmesto_skuchnoj_fizry_24468</tag><tag>Год:2011</tag><tag>Дата:16/08</tag><tag>Тема:ЧасКор:Общество</tag><tag>Тема:ЧасКор:Общество/Образование</tag></tags><paragraphs><paragraph id="12105"><sentence id="37734"><source>Вместо скучной физры</source><tokens><token id="672818" text="Вместо"><tfr rev_id="1504910" t="Вместо"><v><l id="47145" t="вместо"><g v="PREP"></g></l></v></tfr></token><token id="672819" text="скучной"><tfr rev_id="4170844" t="скучной"><v><l id="324119" t="скучный"><g v="ADJF"></g><g v="Qual"></g><g v="femn"></g><g v="sing"></g><g v="gent"></g></l></v></tfr></token><token id="672820" text="физры"><tfr rev_id="1504912" t="физры"><v><l id="0" t="физры"><g v="UNKN"></g></l></v></tfr></token></tokens></sentence><sentence id="37735"><source>Андрей Фурсенко введёт в школах фитнес и гимнастику.</source><tokens><token id="672821" text="Андрей"><tfr rev_id="1504913" t="Андрей"><v><l id="12977" t="андрей"><g v="NOUN"></g><g v="anim"></g><g v="masc"></g><g v="Name"></g><g v="sing"></g><g v="nomn"></g></l></v></tfr></token><token id="672822" text="Фурсенко"><tfr rev_id="4327456" t="Фурсенко"><v><l id="389012" t="фурсенко"><g v="NOUN"></g><g v="anim"></g><g v="ms-f"></g><g v="Fixd"></g><g v="Surn"></g><g v="sing"></g><g v="nomn"></g></l></v></tfr></token><token id="672823" text="введёт"><tfr rev_id="1504915" t="введёт"><v><l id="39715" t="ввёл"><g v="VERB"></g><g v="perf"></g><g v="tran"></g><g v="sing"></g><g v="3per"></g><g v="futr"></g><g v="indc"></g></l></v></tfr></token><token id="672824" text="в"><tfr rev_id="1504916" t="в"><v><l id="37409" t="в"><g v="PREP"></g></l></v></tfr></token><token id="672825" text="школах"><tfr rev_id="1504917" t="школах"><v><l id="380220" t="школа"><g v="NOUN"></g><g v="inan"></g><g v="femn"></g><g v="plur"></g><g v="loct"></g></l></v></tfr></token><token id="672826" text="фитнес"><tfr rev_id="4211362" t="фитнес"><v><l id="366286" t="фитнес"><g v="NOUN"></g><g v="inan"></g><g v="masc"></g><g v="sing"></g><g v="accs"></g></l></v></tfr></token><token id="672827" text="и"><tfr rev_id="1504919" t="и"><v><l id="116949" t="и"><g v="CONJ"></g></l></v><v><l id="116950" t="и"><g v="INTJ"></g></l></v></tfr></token><token id="672828" text="гимнастику"><tfr rev_id="1504920" t="гимнастику"><v><l id="70208" t="гимнастика"><g v="NOUN"></g><g v="inan"></g><g v="femn"></g><g v="sing"></g><g v="accs"></g></l></v></tfr></token><token id="672829" text="."><tfr rev_id="1504921" t="."><v><l id="0" t="."><g v="PNCT"></g></l></v></tfr></token></tokens></sentence></paragraph><paragraph id="12106"><sentence id="37736"><source>Министерство образования и науки РФ планирует совместно с Федерацией фитнес-аэробики РФ и Всероссийской федерацией художественной гимнастики модернизировать уроки физкультуры в российских школах.</source><tokens><token id="672830" text="Министерство"><tfr rev_id="3861263" t="Министерство"><v><l id="160612" t="министерство"><g v="NOUN"></g><g v="inan"></g><g v="neut"></g><g v="sing"></g><g v="nomn"></g></l></v></tfr></token><token id="672831" text="образования"><tfr rev_id="3501352" t="образования"><v><l id="198798" t="образование"><g v="NOUN"></g><g v="inan"></g><g v="neut"></g><g v="sing"></g><g v="gent"></g></l></v></tfr></token><token id="672832" text="и"><tfr rev_id="3690536" t="и"><v><l id="116949" t="и"><g v="CONJ"></g></l></v></tfr></token><token id="672833" text="науки"><tfr rev_id="3434241" t="науки"><v><l id="177429" t="наука"><g v="NOUN"></g><g v="inan"></g><g v="femn"></g><g v="sing"></g><g v="gent"></g></l></v></tfr></token><token id="672834" text="РФ"><tfr rev_id="2781183" t="РФ"><v><l id="310486" t="рф"><g v="NOUN"></g><g v="inan"></g><g v="femn"></g><g v="Sgtm"></g><g v="Fixd"></g><g v="Abbr"></g><g v="Geox"></g><g v="sing"></g><g v="gent"></g></l></v></tfr></token><token id="672835" text="планирует"><tfr rev_id="1504927" t="планирует"><v><l id="239713" t="планирую"><g v="VERB"></g><g v="impf"></g><g v="tran"></g><g v="sing"></g><g v="3per"></g><g v="pres"></g><g v="indc"></g></l></v></tfr></token><token id="672836" text="совместно"><tfr rev_id="1504928" t="совместно"><v><l id="328111" t="совместно"><g v="ADVB"></g><g v="Prdx"></g></l></v><v><l id="328116" t="совместен"><g v="ADJS"></g><g v="Qual"></g><g v="neut"></g><g v="sing"></g></l></v></tfr></token><token id="672837" text="с"><tfr rev_id="1504929" t="с"><v><l id="311151" t="с"><g v="PREP"></g></l></v></tfr></token><token id="672838" text="Федерацией"><tfr rev_id="1504930" t="Федерацией"><v><l id="364940" t="федерация"><g v="NOUN"></g><g v="inan"></g><g v="femn"></g><g v="sing"></g><g v="ablt"></g></l></v></tfr></token><token id="672839" text="фитнес-аэробики"><tfr rev_id="4543213" t="фитнес-аэробики"><v><l id="393385" t="фитнес-аэробика"><g v="NOUN"></g><g v="inan"></g><g v="femn"></g><g v="Sgtm"></g><g v="sing"></g><g v="gent"></g></l></v></tfr></token><token id="672840" text="РФ"><tfr rev_id="4098581" t="РФ"><v><l id="310486" t="рф"><g v="NOUN"></g><g v="inan"></g><g v="femn"></g><g v="Sgtm"></g><g v="Fixd"></g><g v="Abbr"></g><g v="Geox"></g><g v="sing"></g><g v="gent"></g></l></v></tfr></token><token id="672841" text="и"><tfr rev_id="1504933" t="и"><v><l id="116949" t="и"><g v="CONJ"></g></l></v><v><l id="116950" t="и"><g v="INTJ"></g></l></v></tfr></token><token id="672842" text="Всероссийской"><tfr rev_id="4423799" t="Всероссийской"><v><l id="53524" t="всероссийский"><g v="ADJF"></g><g v="femn"></g><g v="sing"></g><g v="ablt"></g></l></v></tfr></token><token id="672843" text="федерацией"><tfr rev_id="1504935" t="федерацией"><v><l id="364940" t="федерация"><g v="NOUN"></g><g v="inan"></g><g v="femn"></g><g v="sing"></g><g v="ablt"></g></l></v></tfr></token><token id="672844" text="художественной"><tfr rev_id="3711063" t="художественной"><v><l id="372461" t="художественный"><g v="ADJF"></g><g v="femn"></g><g v="sing"></g><g v="gent"></g></l></v></tfr></token><token id="672845" text="гимнастики"><tfr rev_id="3439915" t="гимнастики"><v><l id="70208" t="гимнастика"><g v="NOUN"></g><g v="inan"></g><g v="femn"></g><g v="sing"></g><g v="gent"></g></l></v></tfr></token><token id="672846" text="модернизировать"><tfr rev_id="1504938" t="модернизировать"><v><l id="162314" t="модернизировать"><g v="INFN"></g><g v="perf"></g><g v="tran"></g></l></v><v><l id="162315" t="модернизировать"><g v="INFN"></g><g v="impf"></g><g v="tran"></g></l></v></tfr></token><token id="672847" text="уроки"><tfr rev_id="3744054" t="уроки"><v><l id="360028" t="урок"><g v="NOUN"></g><g v="inan"></g><g v="masc"></g><g v="plur"></g><g v="accs"></g></l></v></tfr></token><token id="672848" text="физкультуры"><tfr rev_id="3456698" t="физкультуры"><v><l id="365742" t="физкультура"><g v="NOUN"></g><g v="inan"></g><g v="femn"></g><g v="sing"></g><g v="gent"></g></l></v></tfr></token><token id="672849" text="в"><tfr rev_id="1504941" t="в"><v><l id="37409" t="в"><g v="PREP"></g></l></v></tfr></token><token id="672850" text="российских"><tfr rev_id="4198250" t="российских"><v><l id="309319" t="российский"><g v="ADJF"></g><g v="plur"></g><g v="loct"></g></l></v></tfr></token><token id="672851" text="школах"><tfr rev_id="1504943" t="школах"><v><l id="380220" t="школа"><g v="NOUN"></g><g v="inan"></g><g v="femn"></g><g v="plur"></g><g v="loct"></g></l></v></tfr></token><token id="672852" text="."><tfr rev_id="1504944" t="."><v><l id="0" t="."><g v="PNCT"></g></l></v></tfr></token></tokens></sentence><sentence id="37737"><source>Соответствующее соглашение сегодня подписали глава министерства Андрей Фурсенко, президент Федерации фитнес-аэробики Ольга Слуцкер и президент Всероссийской федерации художественной гимнастики Ирина Виннер.</source><tokens><token id="672853" text="Соответствующее"><tfr rev_id="4331298" t="Соответствующее"><v><l id="329626" t="соответствующий"><g v="PRTF"></g><g v="impf"></g><g v="intr"></g><g v="pres"></g><g v="actv"></g><g v="neut"></g><g v="sing"></g><g v="nomn"></g></l></v><v><l id="329626" t="соответствующий"><g v="PRTF"></g><g v="impf"></g><g v="intr"></g><g v="pres"></g><g v="actv"></g><g v="neut"></g><g v="sing"></g><g v="accs"></g></l></v><v><l id="329632" t="соответствующий"><g v="ADJF"></g><g v="neut"></g><g v="sing"></g><g v="nomn"></g></l></v><v><l id="329632" t="соответствующий"><g v="ADJF"></g><g v="neut"></g><g v="sing"></g><g v="accs"></g></l></v></tfr></token><token id="672854" text="соглашение"><tfr rev_id="3478017" t="соглашение"><v><l id="328305" t="соглашение"><g v="NOUN"></g><g v="inan"></g><g v="neut"></g><g v="sing"></g><g v="accs"></g></l></v></tfr></token><token id="672855" text="сегодня"><tfr rev_id="1504947" t="сегодня"><v><l id="317730" t="сегодня"><g v="ADVB"></g></l></v></tfr></token><token id="672856" text="подписали"><tfr rev_id="1504948" t="подписали"><v><l id="248883" t="подписал"><g v="VERB"></g><g v="perf"></g><g v="tran"></g><g v="plur"></g><g v="past"></g><g v="indc"></g></l></v></tfr></token><token id="672857" text="глава"><tfr rev_id="4525731" t="глава"><v><l id="70790" t="глава"><g v="NOUN"></g><g v="anim"></g><g v="ms-f"></g><g v="sing"></g><g v="nomn"></g></l></v></tfr></token><token id="672858" text="министерства"><tfr rev_id="3461415" t="министерства"><v><l id="160612" t="министерство"><g v="NOUN"></g><g v="inan"></g><g v="neut"></g><g v="sing"></g><g v="gent"></g></l></v></tfr></token><token id="672859" text="Андрей"><tfr rev_id="1504951" t="Андрей"><v><l id="12977" t="андрей"><g v="NOUN"></g><g v="anim"></g><g v="masc"></g><g v="Name"></g><g v="sing"></g><g v="nomn"></g></l></v></tfr></token><token id="672860" text="Фурсенко"><tfr rev_id="4327457" t="Фурсенко"><v><l id="389012" t="фурсенко"><g v="NOUN"></g><g v="anim"></g><g v="ms-f"></g><g v="Fixd"></g><g v="Surn"></g><g v="sing"></g><g v="nomn"></g></l></v></tfr></token><token id="672861" text=","><tfr rev_id="1504953" t=","><v><l id="0" t=","><g v="PNCT"></g></l></v></tfr></token><token id="672862" text="президент"><tfr rev_id="1504954" t="президент"><v><l id="267449" t="президент"><g v="NOUN"></g><g v="anim"></g><g v="masc"></g><g v="sing"></g><g v="nomn"></g></l></v></tfr></token><token id="672863" text="Федерации"><tfr rev_id="3552244" t="Федерации"><v><l id="364940" t="федерация"><g v="NOUN"></g><g v="inan"></g><g v="femn"></g><g v="sing"></g><g v="gent"></g></l></v></tfr></token><token id="672864" text="фитнес-аэробики"><tfr rev_id="4543214" t="фитнес-аэробики"><v><l id="393385" t="фитнес-аэробика"><g v="NOUN"></g><g v="inan"></g><g v="femn"></g><g v="Sgtm"></g><g v="sing"></g><g v="gent"></g></l></v></tfr></token><token id="672865" text="Ольга"><tfr rev_id="1504957" t="Ольга"><v><l id="206203" t="ольга"><g v="NOUN"></g><g v="anim"></g><g v="femn"></g><g v="Name"></g><g v="sing"></g><g v="nomn"></g></l></v></tfr></token><token id="672866" text="Слуцкер"><tfr rev_id="1504958" t="Слуцкер"><v><l id="0" t="слуцкер"><g v="UNKN"></g></l></v></tfr></token><token id="672867" text="и"><tfr rev_id="1504959" t="и"><v><l id="116949" t="и"><g v="CONJ"></g></l></v><v><l id="116950" t="и"><g v="INTJ"></g></l></v></tfr></token><token id="672868" text="президент"><tfr rev_id="1504960" t="президент"><v><l id="267449" t="президент"><g v="NOUN"></g><g v="anim"></g><g v="masc"></g><g v="sing"></g><g v="nomn"></g></l></v></tfr></token><token id="672869" text="Всероссийской"><tfr rev_id="4173752" t="Всероссийской"><v><l id="53524" t="всероссийский"><g v="ADJF"></g><g v="femn"></g><g v="sing"></g><g v="gent"></g></l></v></tfr></token><token id="672870" text="федерации"><tfr rev_id="4345717" t="федерации"><v><l id="364940" t="федерация"><g v="NOUN"></g><g v="inan"></g><g v="femn"></g><g v="sing"></g><g v="gent"></g></l></v></tfr></token><token id="672871" text="художественной"><tfr rev_id="4495249" t="художественной"><v><l id="372461" t="художественный"><g v="ADJF"></g><g v="femn"></g><g v="sing"></g><g v="gent"></g></l></v></tfr></token><token id="672872" text="гимнастики"><tfr rev_id="3456704" t="гимнастики"><v><l id="70208" t="гимнастика"><g v="NOUN"></g><g v="inan"></g><g v="femn"></g><g v="sing"></g><g v="gent"></g></l></v></tfr></token><token id="672873" text="Ирина"><tfr rev_id="1504965" t="Ирина"><v><l id="123991" t="ирина"><g v="NOUN"></g><g v="anim"></g><g v="femn"></g><g v="Name"></g><g v="sing"></g><g v="nomn"></g></l></v></tfr></token><token id="672874" text="Виннер"><tfr rev_id="1504966" t="Виннер"><v><l id="0" t="виннер"><g v="UNKN"></g></l></v></tfr></token><token id="672875" text="."><tfr rev_id="1504967" t="."><v><l id="0" t="."><g v="PNCT"></g></l></v></tfr></token></tokens></sentence><sentence id="37738"><source>По словам министра, необходимо изменить школьные уроки физкультуры таким образом, чтобы они стали интересными и востребованными.</source><tokens><token id="672876" text="По"><tfr rev_id="1504968" t="По"><v><l id="241240" t="по"><g v="PREP"></g></l></v></tfr></token><token id="672877" text="словам"><tfr rev_id="1504969" t="словам"><v><l id="325168" t="слово"><g v="NOUN"></g><g v="inan"></g><g v="neut"></g><g v="plur"></g><g v="datv"></g></l></v></tfr></token><token id="672878" text="министра"><tfr rev_id="4390008" t="министра"><v><l id="160614" t="министр"><g v="NOUN"></g><g v="anim"></g><g v="masc"></g><g v="sing"></g><g v="gent"></g></l></v></tfr></token><token id="672879" text=","><tfr rev_id="1504971" t=","><v><l id="0" t=","><g v="PNCT"></g></l></v></tfr></token><token id="672880" text="необходимо"><tfr rev_id="1504972" t="необходимо"><v><l id="184806" t="необходимо"><g v="PRED"></g><g v="pres"></g></l></v><v><l id="184810" t="необходим"><g v="ADJS"></g><g v="Qual"></g><g v="neut"></g><g v="sing"></g></l></v></tfr></token><token id="672881" text="изменить"><tfr rev_id="1504973" t="изменить"><v><l id="119489" t="изменить"><g v="INFN"></g><g v="perf"></g><g v="tran"></g></l></v><v><l id="119495" t="изменить"><g v="INFN"></g><g v="perf"></g><g v="intr"></g></l></v></tfr></token><token id="672882" text="школьные"><tfr rev_id="3751994" t="школьные"><v><l id="380249" t="школьный"><g v="ADJF"></g><g v="Qual"></g><g v="inan"></g><g v="plur"></g><g v="accs"></g></l></v></tfr></token><token id="672883" text="уроки"><tfr rev_id="3751673" t="уроки"><v><l id="360028" t="урок"><g v="NOUN"></g><g v="inan"></g><g v="masc"></g><g v="plur"></g><g v="accs"></g></l></v></tfr></token><token id="672884" text="физкультуры"><tfr rev_id="3441379" t="физкультуры"><v><l id="365742" t="физкультура"><g v="NOUN"></g><g v="inan"></g><g v="femn"></g><g v="sing"></g><g v="gent"></g></l></v></tfr></token><token id="672885" text="таким"><tfr rev_id="3668714" t="таким"><v><l id="342491" t="такой"><g v="ADJF"></g><g v="Apro"></g><g v="masc"></g><g v="sing"></g><g v="ablt"></g></l></v><v><l id="342491" t="такой"><g v="ADJF"></g><g v="Apro"></g><g v="neut"></g><g v="sing"></g><g v="ablt"></g></l></v></tfr></token><token id="672886" text="образом"><tfr rev_id="1504978" t="образом"><v><l id="198787" t="образ"><g v="NOUN"></g><g v="inan"></g><g v="masc"></g><g v="sing"></g><g v="ablt"></g></l></v></tfr></token><token id="672887" text=","><tfr rev_id="1504979" t=","><v><l id="0" t=","><g v="PNCT"></g></l></v></tfr></token><token id="672888" text="чтобы"><tfr rev_id="1504980" t="чтобы"><v><l id="377013" t="чтобы"><g v="CONJ"></g></l></v><v><l id="377014" t="чтобы"><g v="PRCL"></g></l></v></tfr></token><token id="672889" text="они"><tfr rev_id="3599442" t="они"><v><l id="206619" t="они"><g v="NPRO"></g><g v="3per"></g><g v="Anph"></g><g v="plur"></g><g v="nomn"></g></l></v></tfr></token><token id="672890" text="стали"><tfr rev_id="1714460" t="стали"><v><l id="335164" t="стал"><g v="VERB"></g><g v="perf"></g><g v="intr"></g><g v="plur"></g><g v="past"></g><g v="indc"></g></l></v></tfr></token><token id="672891" text="интересными"><tfr rev_id="1504983" t="интересными"><v><l id="123172" t="интересный"><g v="ADJF"></g><g v="Qual"></g><g v="plur"></g><g v="ablt"></g></l></v></tfr></token><token id="672892" text="и"><tfr rev_id="1504984" t="и"><v><l id="116949" t="и"><g v="CONJ"></g></l></v><v><l id="116950" t="и"><g v="INTJ"></g></l></v></tfr></token><token id="672893" text="востребованными"><tfr rev_id="1504985" t="востребованными"><v><l id="51990" t="востребованный"><g v="PRTF"></g><g v="perf"></g><g v="tran"></g><g v="past"></g><g v="pssv"></g><g v="plur"></g><g v="ablt"></g></l></v></tfr></token><token id="672894" text="."><tfr rev_id="1504986" t="."><v><l id="0" t="."><g v="PNCT"></g></l></v></tfr></token></tokens></sentence><sentence id="37739"><source>«Если физкультура будет скучной, то вместо реальных уроков у нас будет куча справок и освобождений, а результата не будет»,</source><tokens><token id="672895" text="«"><tfr rev_id="2446289" t="«"><v><l id="0" t="«"><g v="PNCT"></g></l></v></tfr></token><token id="672896" text="Если"><tfr rev_id="1504988" t="Если"><v><l id="95365" t="если"><g v="CONJ"></g></l></v></tfr></token><token id="672897" text="физкультура"><tfr rev_id="1504989" t="физкультура"><v><l id="365742" t="физкультура"><g v="NOUN"></g><g v="inan"></g><g v="femn"></g><g v="sing"></g><g v="nomn"></g></l></v></tfr></token><token id="672898" text="будет"><tfr rev_id="1504990" t="будет"><v><l id="37265" t="есть"><g v="VERB"></g><g v="impf"></g><g v="intr"></g><g v="sing"></g><g v="3per"></g><g v="futr"></g><g v="indc"></g></l></v></tfr></token><token id="672899" text="скучной"><tfr rev_id="2948754" t="скучной"><v><l id="324119" t="скучный"><g v="ADJF"></g><g v="Qual"></g><g v="femn"></g><g v="sing"></g><g v="ablt"></g></l></v></tfr></token><token id="672900" text=","><tfr rev_id="1504992" t=","><v><l id="0" t=","><g v="PNCT"></g></l></v></tfr></token><token id="672901" text="то"><tfr rev_id="4347580" t="то"><v><l id="346835" t="то"><g v="CONJ"></g></l></v></tfr></token><token id="672902" text="вместо"><tfr rev_id="1504994" t="вместо"><v><l id="47145" t="вместо"><g v="PREP"></g></l></v></tfr></token><token id="672903" text="реальных"><tfr rev_id="3945647" t="реальных"><v><l id="304458" t="реальный"><g v="ADJF"></g><g v="Qual"></g><g v="plur"></g><g v="gent"></g></l></v></tfr></token><token id="672904" text="уроков"><tfr rev_id="1504996" t="уроков"><v><l id="360028" t="урок"><g v="NOUN"></g><g v="inan"></g><g v="masc"></g><g v="plur"></g><g v="gent"></g></l></v></tfr></token><token id="672905" text="у"><tfr rev_id="3301889" t="у"><v><l id="352818" t="у"><g v="PREP"></g></l></v></tfr></token><token id="672906" text="нас"><tfr rev_id="3124763" t="нас"><v><l id="165750" t="мы"><g v="NPRO"></g><g v="1per"></g><g v="plur"></g><g v="gent"></g></l></v></tfr></token><token id="672907" text="будет"><tfr rev_id="1504999" t="будет"><v><l id="37265" t="есть"><g v="VERB"></g><g v="impf"></g><g v="intr"></g><g v="sing"></g><g v="3per"></g><g v="futr"></g><g v="indc"></g></l></v></tfr></token><token id="672908" text="куча"><tfr rev_id="1505000" t="куча"><v><l id="145830" t="куча"><g v="NOUN"></g><g v="inan"></g><g v="femn"></g><g v="sing"></g><g v="nomn"></g></l></v></tfr></token><token id="672909" text="справок"><tfr rev_id="1505001" t="справок"><v><l id="332903" t="справка"><g v="NOUN"></g><g v="inan"></g><g v="femn"></g><g v="plur"></g><g v="gent"></g></l></v></tfr></token><token id="672910" text="и"><tfr rev_id="4164626" t="и"><v><l id="116949" t="и"><g v="CONJ"></g></l></v></tfr></token><token id="672911" text="освобождений"><tfr rev_id="3752764" t="освобождений"><v><l id="209718" t="освобождение"><g v="NOUN"></g><g v="inan"></g><g v="neut"></g><g v="plur"></g><g v="gent"></g></l></v></tfr></token><token id="672912" text=","><tfr rev_id="1505004" t=","><v><l id="0" t=","><g v="PNCT"></g></l></v></tfr></token><token id="672913" text="а"><tfr rev_id="3539668" t="а"><v><l id="51" t="а"><g v="CONJ"></g></l></v></tfr></token><token id="672914" text="результата"><tfr rev_id="1505006" t="результата"><v><l id="305391" t="результат"><g v="NOUN"></g><g v="inan"></g><g v="masc"></g><g v="sing"></g><g v="gent"></g></l></v></tfr></token><token id="672915" text="не"><tfr rev_id="1505007" t="не"><v><l id="178876" t="не"><g v="PRCL"></g></l></v></tfr></token><token id="672916" text="будет"><tfr rev_id="1505008" t="будет"><v><l id="37265" t="есть"><g v="VERB"></g><g v="impf"></g><g v="intr"></g><g v="sing"></g><g v="3per"></g><g v="futr"></g><g v="indc"></g></l></v></tfr></token><token id="672917" text="»"><tfr rev_id="2446290" t="»"><v><l id="0" t="»"><g v="PNCT"></g></l></v></tfr></token><token id="672918" text=","><tfr rev_id="1505010" t=","><v><l id="0" t=","><g v="PNCT"></g></l></v></tfr></token></tokens></sentence><sentence id="37740"><source>- цитирует РБК чиновника.</source><tokens><token id="672919" text="-"><tfr rev_id="1505011" t="-"><v><l id="0" t="-"><g v="PNCT"></g></l></v></tfr></token><token id="672920" text="цитирует"><tfr rev_id="1505012" t="цитирует"><v><l id="374102" t="цитирую"><g v="VERB"></g><g v="impf"></g><g v="tran"></g><g v="sing"></g><g v="3per"></g><g v="pres"></g><g v="indc"></g></l></v></tfr></token><token id="672921" text="РБК"><tfr rev_id="4572048" t="РБК"><v><l id="389058" t="рбк"><g v="NOUN"></g><g v="inan"></g><g v="femn"></g><g v="Sgtm"></g><g v="Fixd"></g><g v="Abbr"></g><g v="Orgn"></g><g v="sing"></g><g v="nomn"></g></l></v></tfr></token><token id="672922" text="чиновника"><tfr rev_id="4390186" t="чиновника"><v><l id="376482" t="чиновник"><g v="NOUN"></g><g v="anim"></g><g v="masc"></g><g v="sing"></g><g v="accs"></g></l></v></tfr></token><token id="672923" text="."><tfr rev_id="1505015" t="."><v><l id="0" t="."><g v="PNCT"></g></l></v></tfr></token></tokens></sentence></paragraph><paragraph id="12107"><sentence id="37741"><source>Ирина Виннер сообщила, что Всероссийская федерация художественной гимнастики представит в министерство программу по внедрению гимнастики в школьные уроки физкультуры для младших классов.</source><tokens><token id="672924" text="Ирина"><tfr rev_id="1505016" t="Ирина"><v><l id="123991" t="ирина"><g v="NOUN"></g><g v="anim"></g><g v="femn"></g><g v="Name"></g><g v="sing"></g><g v="nomn"></g></l></v></tfr></token><token id="672925" text="Виннер"><tfr rev_id="1505017" t="Виннер"><v><l id="0" t="виннер"><g v="UNKN"></g></l></v></tfr></token><token id="672926" text="сообщила"><tfr rev_id="1505018" t="сообщила"><v><l id="329556" t="сообщил"><g v="VERB"></g><g v="perf"></g><g v="tran"></g><g v="femn"></g><g v="sing"></g><g v="past"></g><g v="indc"></g></l></v></tfr></token><token id="672927" text=","><tfr rev_id="1505019" t=","><v><l id="0" t=","><g v="PNCT"></g></l></v></tfr></token><token id="672928" text="что"><tfr rev_id="3197515" t="что"><v><l id="377004" t="что"><g v="CONJ"></g></l></v><v><l id="377005" t="что"><g v="NPRO"></g><g v="neut"></g><g v="sing"></g><g v="nomn"></g></l></v><v><l id="377005" t="что"><g v="NPRO"></g><g v="neut"></g><g v="sing"></g><g v="accs"></g></l></v><v><l id="377006" t="что"><g v="ADVB"></g><g v="Ques"></g></l></v><v><l id="388695" t="что"><g v="PRCL"></g></l></v></tfr></token><token id="672929" text="Всероссийская"><tfr rev_id="1505021" t="Всероссийская"><v><l id="53524" t="всероссийский"><g v="ADJF"></g><g v="femn"></g><g v="sing"></g><g v="nomn"></g></l></v></tfr></token><token id="672930" text="федерация"><tfr rev_id="1505022" t="федерация"><v><l id="364940" t="федерация"><g v="NOUN"></g><g v="inan"></g><g v="femn"></g><g v="sing"></g><g v="nomn"></g></l></v></tfr></token><token id="672931" text="художественной"><tfr rev_id="4308079" t="художественной"><v><l id="372461" t="художественный"><g v="ADJF"></g><g v="femn"></g><g v="sing"></g><g v="gent"></g></l></v></tfr></token><token id="672932" text="гимнастики"><tfr rev_id="3432716" t="гимнастики"><v><l id="70208" t="гимнастика"><g v="NOUN"></g><g v="inan"></g><g v="femn"></g><g v="sing"></g><g v="gent"></g></l></v></tfr></token><token id="672933" text="представит"><tfr rev_id="1505025" t="представит"><v><l id="267099" t="представил"><g v="VERB"></g><g v="perf"></g><g v="tran"></g><g v="sing"></g><g v="3per"></g><g v="futr"></g><g v="indc"></g></l></v></tfr></token><token id="672934" text="в"><tfr rev_id="1505026" t="в"><v><l id="37409" t="в"><g v="PREP"></g></l></v></tfr></token><token id="672935" text="министерство"><tfr rev_id="1505027" t="министерство"><v><l id="160612" t="министерство"><g v="NOUN"></g><g v="inan"></g><g v="neut"></g><g v="sing"></g><g v="nomn"></g></l></v><v><l id="160612" t="министерство"><g v="NOUN"></g><g v="inan"></g><g v="neut"></g><g v="sing"></g><g v="accs"></g></l></v></tfr></token><token id="672936" text="программу"><tfr rev_id="1505028" t="программу"><v><l id="278686" t="программа"><g v="NOUN"></g><g v="inan"></g><g v="femn"></g><g v="sing"></g><g v="accs"></g></l></v></tfr></token><token id="672937" text="по"><tfr rev_id="1505029" t="по"><v><l id="241240" t="по"><g v="PREP"></g></l></v></tfr></token><token id="672938" text="внедрению"><tfr rev_id="1505030" t="внедрению"><v><l id="47334" t="внедрение"><g v="NOUN"></g><g v="inan"></g><g v="neut"></g><g v="sing"></g><g v="datv"></g></l></v></tfr></token><token id="672939" text="гимнастики"><tfr rev_id="3503466" t="гимнастики"><v><l id="70208" t="гимнастика"><g v="NOUN"></g><g v="inan"></g><g v="femn"></g><g v="sing"></g><g v="gent"></g></l></v></tfr></token><token id="672940" text="в"><tfr rev_id="1505032" t="в"><v><l id="37409" t="в"><g v="PREP"></g></l></v></tfr></token><token id="672941" text="школьные"><tfr rev_id="3815196" t="школьные"><v><l id="380249" t="школьный"><g v="ADJF"></g><g v="Qual"></g><g v="inan"></g><g v="plur"></g><g v="accs"></g></l></v></tfr></token><token id="672942" text="уроки"><tfr rev_id="3756691" t="уроки"><v><l id="360028" t="урок"><g v="NOUN"></g><g v="inan"></g><g v="masc"></g><g v="plur"></g><g v="accs"></g></l></v></tfr></token><token id="672943" text="физкультуры"><tfr rev_id="3284311" t="физкультуры"><v><l id="365742" t="физкультура"><g v="NOUN"></g><g v="inan"></g><g v="femn"></g><g v="sing"></g><g v="gent"></g></l></v></tfr></token><token id="672944" text="для"><tfr rev_id="2844855" t="для"><v><l id="85032" t="для"><g v="PREP"></g></l></v></tfr></token><token id="672945" text="младших"><tfr rev_id="3646609" t="младших"><v><l id="161366" t="младший"><g v="ADJF"></g><g v="plur"></g><g v="gent"></g></l></v></tfr></token><token id="672946" text="классов"><tfr rev_id="3705604" t="классов"><v><l id="133889" t="класс"><g v="NOUN"></g><g v="inan"></g><g v="masc"></g><g v="plur"></g><g v="gent"></g></l></v></tfr></token><token id="672947" text="."><tfr rev_id="1505039" t="."><v><l id="0" t="."><g v="PNCT"></g></l></v></tfr></token></tokens></sentence><sentence id="37742"><source>Она отметила, что соответствующая международная программа уже давно разработана и её применяют все европейские школы.</source><tokens><token id="672948" text="Она"><tfr rev_id="3586554" t="Она"><v><l id="206544" t="она"><g v="NPRO"></g><g v="femn"></g><g v="3per"></g><g v="Anph"></g><g v="sing"></g><g v="nomn"></g></l></v></tfr></token><token id="672949" text="отметила"><tfr rev_id="1505041" t="отметила"><v><l id="215584" t="отметил"><g v="VERB"></g><g v="perf"></g><g v="tran"></g><g v="femn"></g><g v="sing"></g><g v="past"></g><g v="indc"></g></l></v></tfr></token><token id="672950" text=","><tfr rev_id="1505042" t=","><v><l id="0" t=","><g v="PNCT"></g></l></v></tfr></token><token id="672951" text="что"><tfr rev_id="3197516" t="что"><v><l id="377004" t="что"><g v="CONJ"></g></l></v><v><l id="377005" t="что"><g v="NPRO"></g><g v="neut"></g><g v="sing"></g><g v="nomn"></g></l></v><v><l id="377005" t="что"><g v="NPRO"></g><g v="neut"></g><g v="sing"></g><g v="accs"></g></l></v><v><l id="377006" t="что"><g v="ADVB"></g><g v="Ques"></g></l></v><v><l id="388695" t="что"><g v="PRCL"></g></l></v></tfr></token><token id="672952" text="соответствующая"><tfr rev_id="1505044" t="соответствующая"><v><l id="329626" t="соответствующий"><g v="PRTF"></g><g v="impf"></g><g v="intr"></g><g v="pres"></g><g v="actv"></g><g v="femn"></g><g v="sing"></g><g v="nomn"></g></l></v><v><l id="329632" t="соответствующий"><g v="ADJF"></g><g v="femn"></g><g v="sing"></g><g v="nomn"></g></l></v></tfr></token><token id="672953" text="международная"><tfr rev_id="1505045" t="международная"><v><l id="157346" t="международный"><g v="ADJF"></g><g v="femn"></g><g v="sing"></g><g v="nomn"></g></l></v></tfr></token><token id="672954" text="программа"><tfr rev_id="1505046" t="программа"><v><l id="278686" t="программа"><g v="NOUN"></g><g v="inan"></g><g v="femn"></g><g v="sing"></g><g v="nomn"></g></l></v></tfr></token><token id="672955" text="уже"><tfr rev_id="2692858" t="уже"><v><l id="355422" t="уж"><g v="NOUN"></g><g v="anim"></g><g v="masc"></g><g v="sing"></g><g v="loct"></g></l></v><v><l id="355498" t="уже"><g v="ADVB"></g></l></v><v><l id="355674" t="уже"><g v="COMP"></g><g v="Qual"></g></l></v><v><l id="388673" t="уже"><g v="PRCL"></g></l></v></tfr></token><token id="672956" text="давно"><tfr rev_id="1505048" t="давно"><v><l id="77708" t="давно"><g v="ADVB"></g></l></v></tfr></token><token id="672957" text="разработана"><tfr rev_id="1505049" t="разработана"><v><l id="296479" t="разработан"><g v="PRTS"></g><g v="perf"></g><g v="past"></g><g v="pssv"></g><g v="femn"></g><g v="sing"></g></l></v></tfr></token><token id="672958" text="и"><tfr rev_id="1505050" t="и"><v><l id="116949" t="и"><g v="CONJ"></g></l></v><v><l id="116950" t="и"><g v="INTJ"></g></l></v></tfr></token><token id="672959" text="её"><tfr rev_id="4470882" t="её"><v><l id="206544" t="она"><g v="NPRO"></g><g v="femn"></g><g v="3per"></g><g v="Anph"></g><g v="sing"></g><g v="gent"></g></l></v><v><l id="206544" t="она"><g v="NPRO"></g><g v="femn"></g><g v="3per"></g><g v="Anph"></g><g v="sing"></g><g v="accs"></g></l></v></tfr></token><token id="672960" text="применяют"><tfr rev_id="1505052" t="применяют"><v><l id="271963" t="применяю"><g v="VERB"></g><g v="impf"></g><g v="tran"></g><g v="plur"></g><g v="3per"></g><g v="pres"></g><g v="indc"></g></l></v></tfr></token><token id="672961" text="все"><tfr rev_id="4512555" t="все"><v><l id="42156" t="весь"><g v="ADJF"></g><g v="Subx"></g><g v="Apro"></g><g v="inan"></g><g v="plur"></g><g v="accs"></g></l></v><v><l id="42156" t="весь"><g v="ADJF"></g><g v="Subx"></g><g v="Apro"></g><g v="plur"></g><g v="nomn"></g></l></v></tfr></token><token id="672962" text="европейские"><tfr rev_id="3768221" t="европейские"><v><l id="94034" t="европейский"><g v="ADJF"></g><g v="plur"></g><g v="nomn"></g></l></v></tfr></token><token id="672963" text="школы"><tfr rev_id="3744241" t="школы"><v><l id="380220" t="школа"><g v="NOUN"></g><g v="inan"></g><g v="femn"></g><g v="plur"></g><g v="nomn"></g></l></v></tfr></token><token id="672964" text="."><tfr rev_id="1505056" t="."><v><l id="0" t="."><g v="PNCT"></g></l></v></tfr></token></tokens></sentence><sentence id="37743"><source>В свою очередь Ольга Слуцкер сообщила, что Федерация фитнес-аэробики предложит министерству программу введения занятий фитнесом на уроках физкультуры.</source><tokens><token id="672965" text="В"><tfr rev_id="1505057" t="В"><v><l id="37409" t="в"><g v="PREP"></g></l></v></tfr></token><token id="672966" text="свою"><tfr rev_id="3632269" t="свою"><v><l id="316379" t="свой"><g v="ADJF"></g><g v="Apro"></g><g v="Anph"></g><g v="femn"></g><g v="sing"></g><g v="accs"></g></l></v></tfr></token><token id="672967" text="очередь"><tfr rev_id="1505059" t="очередь"><v><l id="221692" t="очередь"><g v="NOUN"></g><g v="inan"></g><g v="femn"></g><g v="sing"></g><g v="nomn"></g></l></v><v><l id="221692" t="очередь"><g v="NOUN"></g><g v="inan"></g><g v="femn"></g><g v="sing"></g><g v="accs"></g></l></v></tfr></token><token id="672968" text="Ольга"><tfr rev_id="1505060" t="Ольга"><v><l id="206203" t="ольга"><g v="NOUN"></g><g v="anim"></g><g v="femn"></g><g v="Name"></g><g v="sing"></g><g v="nomn"></g></l></v></tfr></token><token id="672969" text="Слуцкер"><tfr rev_id="1505061" t="Слуцкер"><v><l id="0" t="слуцкер"><g v="UNKN"></g></l></v></tfr></token><token id="672970" text="сообщила"><tfr rev_id="1505062" t="сообщила"><v><l id="329556" t="сообщил"><g v="VERB"></g><g v="perf"></g><g v="tran"></g><g v="femn"></g><g v="sing"></g><g v="past"></g><g v="indc"></g></l></v></tfr></token><token id="672971" text=","><tfr rev_id="1505063" t=","><v><l id="0" t=","><g v="PNCT"></g></l></v></tfr></token><token id="672972" text="что"><tfr rev_id="3197517" t="что"><v><l id="377004" t="что"><g v="CONJ"></g></l></v><v><l id="377005" t="что"><g v="NPRO"></g><g v="neut"></g><g v="sing"></g><g v="nomn"></g></l></v><v><l id="377005" t="что"><g v="NPRO"></g><g v="neut"></g><g v="sing"></g><g v="accs"></g></l></v><v><l id="377006" t="что"><g v="ADVB"></g><g v="Ques"></g></l></v><v><l id="388695" t="что"><g v="PRCL"></g></l></v></tfr></token><token id="672973" text="Федерация"><tfr rev_id="1505065" t="Федерация"><v><l id="364940" t="федерация"><g v="NOUN"></g><g v="inan"></g><g v="femn"></g><g v="sing"></g><g v="nomn"></g></l></v></tfr></token><token id="672974" text="фитнес-аэробики"><tfr rev_id="4543215" t="фитнес-аэробики"><v><l id="393385" t="фитнес-аэробика"><g v="NOUN"></g><g v="inan"></g><g v="femn"></g><g v="Sgtm"></g><g v="sing"></g><g v="gent"></g></l></v></tfr></token><token id="672975" text="предложит"><tfr rev_id="1505067" t="предложит"><v><l id="266540" t="предложил"><g v="VERB"></g><g v="perf"></g><g v="tran"></g><g v="sing"></g><g v="3per"></g><g v="futr"></g><g v="indc"></g></l></v></tfr></token><token id="672976" text="министерству"><tfr rev_id="1505068" t="министерству"><v><l id="160612" t="министерство"><g v="NOUN"></g><g v="inan"></g><g v="neut"></g><g v="sing"></g><g v="datv"></g></l></v></tfr></token><token id="672977" text="программу"><tfr rev_id="1505069" t="программу"><v><l id="278686" t="программа"><g v="NOUN"></g><g v="inan"></g><g v="femn"></g><g v="sing"></g><g v="accs"></g></l></v></tfr></token><token id="672978" text="введения"><tfr rev_id="3479772" t="введения"><v><l id="39618" t="введение"><g v="NOUN"></g><g v="inan"></g><g v="neut"></g><g v="sing"></g><g v="gent"></g></l></v></tfr></token><token id="672979" text="занятий"><tfr rev_id="1505071" t="занятий"><v><l id="106572" t="занятие"><g v="NOUN"></g><g v="inan"></g><g v="neut"></g><g v="plur"></g><g v="gent"></g></l></v></tfr></token><token id="672980" text="фитнесом"><tfr rev_id="1505072" t="фитнесом"><v><l id="366286" t="фитнес"><g v="NOUN"></g><g v="inan"></g><g v="masc"></g><g v="sing"></g><g v="ablt"></g></l></v></tfr></token><token id="672981" text="на"><tfr rev_id="3341884" t="на"><v><l id="166264" t="на"><g v="PREP"></g></l></v></tfr></token><token id="672982" text="уроках"><tfr rev_id="1505074" t="уроках"><v><l id="360028" t="урок"><g v="NOUN"></g><g v="inan"></g><g v="masc"></g><g v="plur"></g><g v="loct"></g></l></v></tfr></token><token id="672983" text="физкультуры"><tfr rev_id="3487689" t="физкультуры"><v><l id="365742" t="физкультура"><g v="NOUN"></g><g v="inan"></g><g v="femn"></g><g v="sing"></g><g v="gent"></g></l></v></tfr></token><token id="672984" text="."><tfr rev_id="1505076" t="."><v><l id="0" t="."><g v="PNCT"></g></l></v></tfr></token></tokens></sentence><sentence id="37744"><source>Документ также уже готов, и программа может быть введена со следующего учебного года для девочек 9-10-х классов.</source><tokens><token id="672985" text="Документ"><tfr rev_id="1505077" t="Документ"><v><l id="87509" t="документ"><g v="NOUN"></g><g v="inan"></g><g v="masc"></g><g v="sing"></g><g v="nomn"></g></l></v><v><l id="87509" t="документ"><g v="NOUN"></g><g v="inan"></g><g v="masc"></g><g v="sing"></g><g v="accs"></g></l></v></tfr></token><token id="672986" text="также"><tfr rev_id="4267807" t="также"><v><l id="342482" t="также"><g v="PRCL"></g></l></v></tfr></token><token id="672987" text="уже"><tfr rev_id="2692859" t="уже"><v><l id="355422" t="уж"><g v="NOUN"></g><g v="anim"></g><g v="masc"></g><g v="sing"></g><g v="loct"></g></l></v><v><l id="355498" t="уже"><g v="ADVB"></g></l></v><v><l id="355674" t="уже"><g v="COMP"></g><g v="Qual"></g></l></v><v><l id="388673" t="уже"><g v="PRCL"></g></l></v></tfr></token><token id="672988" text="готов"><tfr rev_id="3334018" t="готов"><v><l id="74227" t="готов"><g v="ADJS"></g><g v="Qual"></g><g v="masc"></g><g v="sing"></g></l></v></tfr></token><token id="672989" text=","><tfr rev_id="1505081" t=","><v><l id="0" t=","><g v="PNCT"></g></l></v></tfr></token><token id="672990" text="и"><tfr rev_id="3558560" t="и"><v><l id="116949" t="и"><g v="CONJ"></g></l></v></tfr></token><token id="672991" text="программа"><tfr rev_id="1505083" t="программа"><v><l id="278686" t="программа"><g v="NOUN"></g><g v="inan"></g><g v="femn"></g><g v="sing"></g><g v="nomn"></g></l></v></tfr></token><token id="672992" text="может"><tfr rev_id="3797226" t="может"><v><l id="164485" t="могу"><g v="VERB"></g><g v="impf"></g><g v="intr"></g><g v="sing"></g><g v="3per"></g><g v="pres"></g><g v="indc"></g></l></v></tfr></token><token id="672993" text="быть"><tfr rev_id="1505085" t="быть"><v><l id="37266" t="быть"><g v="INFN"></g><g v="impf"></g><g v="intr"></g></l></v></tfr></token><token id="672994" text="введена"><tfr rev_id="1505086" t="введена"><v><l id="39719" t="введён"><g v="PRTS"></g><g v="perf"></g><g v="past"></g><g v="pssv"></g><g v="femn"></g><g v="sing"></g></l></v></tfr></token><token id="672995" text="со"><tfr rev_id="2919264" t="со"><v><l id="311151" t="с"><g v="PREP"></g><g v="Vpre"></g></l></v></tfr></token><token id="672996" text="следующего"><tfr rev_id="1505088" t="следующего"><v><l id="324749" t="следующий"><g v="PRTF"></g><g v="impf"></g><g v="intr"></g><g v="pres"></g><g v="actv"></g><g v="masc"></g><g v="sing"></g><g v="gent"></g></l></v><v><l id="324749" t="следующий"><g v="PRTF"></g><g v="impf"></g><g v="intr"></g><g v="pres"></g><g v="actv"></g><g v="anim"></g><g v="masc"></g><g v="sing"></g><g v="accs"></g></l></v><v><l id="324749" t="следующий"><g v="PRTF"></g><g v="impf"></g><g v="intr"></g><g v="pres"></g><g v="actv"></g><g v="neut"></g><g v="sing"></g><g v="gent"></g></l></v><v><l id="324769" t="следующий"><g v="ADJF"></g><g v="masc"></g><g v="sing"></g><g v="gent"></g></l></v><v><l id="324769" t="следующий"><g v="ADJF"></g><g v="anim"></g><g v="masc"></g><g v="sing"></g><g v="accs"></g></l></v><v><l id="324769" t="следующий"><g v="ADJF"></g><g v="neut"></g><g v="sing"></g><g v="gent"></g></l></v></tfr></token><token id="672997" text="учебного"><tfr rev_id="4542344" t="учебного"><v><l id="363181" t="учебный"><g v="ADJF"></g><g v="masc"></g><g v="sing"></g><g v="gent"></g></l></v></tfr></token><token id="672998" text="года"><tfr rev_id="3506637" t="года"><v><l id="72149" t="год"><g v="NOUN"></g><g v="inan"></g><g v="masc"></g><g v="sing"></g><g v="gen1"></g></l></v></tfr></token><token id="672999" text="для"><tfr rev_id="3418159" t="для"><v><l id="85032" t="для"><g v="PREP"></g></l></v></tfr></token><token id="673000" text="девочек"><tfr rev_id="2928396" t="девочек"><v><l id="79375" t="девочка"><g v="NOUN"></g><g v="anim"></g><g v="femn"></g><g v="plur"></g><g v="gent"></g></l></v></tfr></token><token id="673001" text="9"><tfr rev_id="2462528" t="9"><v><l id="0" t="9"><g v="NUMB"></g></l></v></tfr></token><token id="673002" text="-"><tfr rev_id="1505094" t="-"><v><l id="0" t="-"><g v="PNCT"></g></l></v></tfr></token><token id="673003" text="10-х"><tfr rev_id="4578634" t="10-х"><v><l id="390433" t="10-й"><g v="ADJF"></g><g v="Abbr"></g><g v="Anum"></g><g v="anim"></g><g v="plur"></g><g v="accs"></g></l></v><v><l id="390433" t="10-й"><g v="ADJF"></g><g v="Abbr"></g><g v="Anum"></g><g v="plur"></g><g v="gent"></g></l></v><v><l id="390433" t="10-й"><g v="ADJF"></g><g v="Abbr"></g><g v="Anum"></g><g v="plur"></g><g v="loct"></g></l></v></tfr></token><token id="673004" text="классов"><tfr rev_id="2700766" t="классов"><v><l id="133889" t="класс"><g v="NOUN"></g><g v="inan"></g><g v="masc"></g><g v="plur"></g><g v="gent"></g></l></v></tfr></token><token id="673005" text="."><tfr rev_id="1505097" t="."><v><l id="0" t="."><g v="PNCT"></g></l></v></tfr></token></tokens></sentence></paragraph></paragraphs></text>