<?xml version="1.0" encoding="utf-8"?><text id="1325" parent="56" name="Результаты парламентских выборов в Турции"><tags><tag>Автор:http://ru.wikinews.org/wiki/Участник:Rusturk.biz</tag><tag>url:http://ru.wikinews.org/w/index.php?title=Результаты_парламентских_выборов_в_Турции&amp;oldid=58921</tag><tag>Тема:ВикиКатегория:Политика</tag><tag>Гео:ВикиКатегория:Турция</tag><tag>Дата:23/07</tag><tag>Год:2007</tag></tags><paragraphs><paragraph id="12123"><sentence id="37788"><source>Результаты парламентских выборов в Турции</source><tokens><token id="673754" text="Результаты"><tfr rev_id="3744065" t="Результаты"><v><l id="305391" t="результат"><g v="NOUN"></g><g v="inan"></g><g v="masc"></g><g v="plur"></g><g v="nomn"></g></l></v></tfr></token><token id="673755" text="парламентских"><tfr rev_id="3666645" t="парламентских"><v><l id="224165" t="парламентский"><g v="ADJF"></g><g v="plur"></g><g v="gent"></g></l></v></tfr></token><token id="673756" text="выборов"><tfr rev_id="1505848" t="выборов"><v><l id="55719" t="выбор"><g v="NOUN"></g><g v="inan"></g><g v="masc"></g><g v="plur"></g><g v="gent"></g></l></v><v><l id="55749" t="выборы"><g v="NOUN"></g><g v="inan"></g><g v="GNdr"></g><g v="Pltm"></g><g v="plur"></g><g v="gent"></g></l></v></tfr></token><token id="673757" text="в"><tfr rev_id="1505849" t="в"><v><l id="37409" t="в"><g v="PREP"></g></l></v></tfr></token><token id="673758" text="Турции"><tfr rev_id="2782129" t="Турции"><v><l id="351881" t="турция"><g v="NOUN"></g><g v="inan"></g><g v="femn"></g><g v="Sgtm"></g><g v="Geox"></g><g v="sing"></g><g v="loct"></g></l></v></tfr></token></tokens></sentence></paragraph><paragraph id="12124"><sentence id="37789"><source>В Турции 22 июля состоялись парламентские выборы.</source><tokens><token id="673759" text="В"><tfr rev_id="1505851" t="В"><v><l id="37409" t="в"><g v="PREP"></g></l></v></tfr></token><token id="673760" text="Турции"><tfr rev_id="3457119" t="Турции"><v><l id="351881" t="турция"><g v="NOUN"></g><g v="inan"></g><g v="femn"></g><g v="Sgtm"></g><g v="Geox"></g><g v="sing"></g><g v="loct"></g></l></v></tfr></token><token id="673761" text="22"><tfr rev_id="2462542" t="22"><v><l id="0" t="22"><g v="NUMB"></g></l></v></tfr></token><token id="673762" text="июля"><tfr rev_id="1505854" t="июля"><v><l id="127299" t="июль"><g v="NOUN"></g><g v="inan"></g><g v="masc"></g><g v="sing"></g><g v="gent"></g></l></v></tfr></token><token id="673763" text="состоялись"><tfr rev_id="1505855" t="состоялись"><v><l id="330568" t="состоялся"><g v="VERB"></g><g v="perf"></g><g v="intr"></g><g v="plur"></g><g v="past"></g><g v="indc"></g></l></v></tfr></token><token id="673764" text="парламентские"><tfr rev_id="3767437" t="парламентские"><v><l id="224165" t="парламентский"><g v="ADJF"></g><g v="plur"></g><g v="nomn"></g></l></v></tfr></token><token id="673765" text="выборы"><tfr rev_id="3756568" t="выборы"><v><l id="55719" t="выбор"><g v="NOUN"></g><g v="inan"></g><g v="masc"></g><g v="plur"></g><g v="nomn"></g></l></v><v><l id="55749" t="выборы"><g v="NOUN"></g><g v="inan"></g><g v="GNdr"></g><g v="Pltm"></g><g v="plur"></g><g v="nomn"></g></l></v></tfr></token><token id="673766" text="."><tfr rev_id="1505858" t="."><v><l id="0" t="."><g v="PNCT"></g></l></v></tfr></token></tokens></sentence><sentence id="37790"><source>В результате подавляющее большинство получила АК партия во главе с Реджепом Тайипом Эрдоганом.</source><tokens><token id="673767" text="В"><tfr rev_id="1505859" t="В"><v><l id="37409" t="в"><g v="PREP"></g></l></v></tfr></token><token id="673768" text="результате"><tfr rev_id="1505860" t="результате"><v><l id="305391" t="результат"><g v="NOUN"></g><g v="inan"></g><g v="masc"></g><g v="sing"></g><g v="loct"></g></l></v></tfr></token><token id="673769" text="подавляющее"><tfr rev_id="3684738" t="подавляющее"><v><l id="243839" t="подавляющий"><g v="PRTF"></g><g v="impf"></g><g v="tran"></g><g v="pres"></g><g v="actv"></g><g v="Adjx"></g><g v="neut"></g><g v="sing"></g><g v="nomn"></g></l></v><v><l id="243839" t="подавляющий"><g v="PRTF"></g><g v="impf"></g><g v="tran"></g><g v="pres"></g><g v="actv"></g><g v="Adjx"></g><g v="neut"></g><g v="sing"></g><g v="accs"></g></l></v></tfr></token><token id="673770" text="большинство"><tfr rev_id="3301226" t="большинство"><v><l id="32441" t="большинство"><g v="NOUN"></g><g v="inan"></g><g v="neut"></g><g v="Sgtm"></g><g v="sing"></g><g v="accs"></g></l></v></tfr></token><token id="673771" text="получила"><tfr rev_id="1505863" t="получила"><v><l id="256959" t="получил"><g v="VERB"></g><g v="perf"></g><g v="tran"></g><g v="femn"></g><g v="sing"></g><g v="past"></g><g v="indc"></g></l></v></tfr></token><token id="673772" text="АК"><tfr rev_id="1505864" t="АК"><v><l id="0" t="ак"><g v="UNKN"></g></l></v></tfr></token><token id="673773" text="партия"><tfr rev_id="1505865" t="партия"><v><l id="224431" t="партия"><g v="NOUN"></g><g v="inan"></g><g v="femn"></g><g v="sing"></g><g v="nomn"></g></l></v></tfr></token><token id="673774" text="во"><tfr rev_id="2920307" t="во"><v><l id="37409" t="в"><g v="PREP"></g><g v="Vpre"></g></l></v></tfr></token><token id="673775" text="главе"><tfr rev_id="4342768" t="главе"><v><l id="70791" t="глава"><g v="NOUN"></g><g v="inan"></g><g v="femn"></g><g v="sing"></g><g v="loct"></g></l></v></tfr></token><token id="673776" text="с"><tfr rev_id="1505868" t="с"><v><l id="311151" t="с"><g v="PREP"></g></l></v></tfr></token><token id="673777" text="Реджепом"><tfr rev_id="1505869" t="Реджепом"><v><l id="305006" t="реджеп"><g v="NOUN"></g><g v="anim"></g><g v="masc"></g><g v="Name"></g><g v="sing"></g><g v="ablt"></g></l></v></tfr></token><token id="673778" text="Тайипом"><tfr rev_id="1505870" t="Тайипом"><v><l id="0" t="тайипом"><g v="UNKN"></g></l></v></tfr></token><token id="673779" text="Эрдоганом"><tfr rev_id="4306312" t="Эрдоганом"><v><l id="390278" t="эрдоган"><g v="NOUN"></g><g v="anim"></g><g v="masc"></g><g v="Sgtm"></g><g v="Surn"></g><g v="sing"></g><g v="ablt"></g></l></v></tfr></token><token id="673780" text="."><tfr rev_id="1505872" t="."><v><l id="0" t="."><g v="PNCT"></g></l></v></tfr></token></tokens></sentence><sentence id="37791"><source>Она получила 46,76 процентов голосов.</source><tokens><token id="673781" text="Она"><tfr rev_id="3586555" t="Она"><v><l id="206544" t="она"><g v="NPRO"></g><g v="femn"></g><g v="3per"></g><g v="Anph"></g><g v="sing"></g><g v="nomn"></g></l></v></tfr></token><token id="673782" text="получила"><tfr rev_id="1505874" t="получила"><v><l id="256959" t="получил"><g v="VERB"></g><g v="perf"></g><g v="tran"></g><g v="femn"></g><g v="sing"></g><g v="past"></g><g v="indc"></g></l></v></tfr></token><token id="673783" text="46,76"><tfr rev_id="2462543" t="46,76"><v><l id="0" t="46,76"><g v="NUMB"></g></l></v></tfr></token><token id="673784" text="процентов"><tfr rev_id="1505876" t="процентов"><v><l id="287340" t="процент"><g v="NOUN"></g><g v="inan"></g><g v="masc"></g><g v="plur"></g><g v="gent"></g></l></v></tfr></token><token id="673785" text="голосов"><tfr rev_id="1505877" t="голосов"><v><l id="72469" t="голос"><g v="NOUN"></g><g v="inan"></g><g v="masc"></g><g v="plur"></g><g v="gent"></g></l></v></tfr></token><token id="673786" text="."><tfr rev_id="1505878" t="."><v><l id="0" t="."><g v="PNCT"></g></l></v></tfr></token></tokens></sentence><sentence id="37792"><source>Это значит, что Турция продолжит дружественный курс по развитию международных отношений и привлечению инвестиций в экономику Турции.</source><tokens><token id="673787" text="Это"><tfr rev_id="4441792" t="Это"><v><l id="386574" t="это"><g v="PRCL"></g></l></v><v><l id="386575" t="это"><g v="NPRO"></g><g v="neut"></g><g v="sing"></g><g v="nomn"></g></l></v><v><l id="386575" t="это"><g v="NPRO"></g><g v="neut"></g><g v="sing"></g><g v="accs"></g></l></v><v><l id="386581" t="этот"><g v="ADJF"></g><g v="Subx"></g><g v="Apro"></g><g v="Anph"></g><g v="neut"></g><g v="sing"></g><g v="nomn"></g></l></v><v><l id="386581" t="этот"><g v="ADJF"></g><g v="Subx"></g><g v="Apro"></g><g v="Anph"></g><g v="neut"></g><g v="sing"></g><g v="accs"></g></l></v></tfr></token><token id="673788" text="значит"><tfr rev_id="4230136" t="значит"><v><l id="116030" t="значу"><g v="VERB"></g><g v="impf"></g><g v="tran"></g><g v="sing"></g><g v="3per"></g><g v="pres"></g><g v="indc"></g></l></v></tfr></token><token id="673789" text=","><tfr rev_id="1505881" t=","><v><l id="0" t=","><g v="PNCT"></g></l></v></tfr></token><token id="673790" text="что"><tfr rev_id="3197528" t="что"><v><l id="377004" t="что"><g v="CONJ"></g></l></v><v><l id="377005" t="что"><g v="NPRO"></g><g v="neut"></g><g v="sing"></g><g v="nomn"></g></l></v><v><l id="377005" t="что"><g v="NPRO"></g><g v="neut"></g><g v="sing"></g><g v="accs"></g></l></v><v><l id="377006" t="что"><g v="ADVB"></g><g v="Ques"></g></l></v><v><l id="388695" t="что"><g v="PRCL"></g></l></v></tfr></token><token id="673791" text="Турция"><tfr rev_id="1505883" t="Турция"><v><l id="351881" t="турция"><g v="NOUN"></g><g v="inan"></g><g v="femn"></g><g v="Sgtm"></g><g v="Geox"></g><g v="sing"></g><g v="nomn"></g></l></v></tfr></token><token id="673792" text="продолжит"><tfr rev_id="1505884" t="продолжит"><v><l id="279233" t="продолжил"><g v="VERB"></g><g v="perf"></g><g v="tran"></g><g v="sing"></g><g v="3per"></g><g v="futr"></g><g v="indc"></g></l></v></tfr></token><token id="673793" text="дружественный"><tfr rev_id="1505885" t="дружественный"><v><l id="92354" t="дружественный"><g v="ADJF"></g><g v="Qual"></g><g v="masc"></g><g v="sing"></g><g v="nomn"></g></l></v><v><l id="92354" t="дружественный"><g v="ADJF"></g><g v="Qual"></g><g v="inan"></g><g v="masc"></g><g v="sing"></g><g v="accs"></g></l></v></tfr></token><token id="673794" text="курс"><tfr rev_id="3552477" t="курс"><v><l id="145471" t="курс"><g v="NOUN"></g><g v="inan"></g><g v="masc"></g><g v="sing"></g><g v="accs"></g></l></v></tfr></token><token id="673795" text="по"><tfr rev_id="1505887" t="по"><v><l id="241240" t="по"><g v="PREP"></g></l></v></tfr></token><token id="673796" text="развитию"><tfr rev_id="1505888" t="развитию"><v><l id="292545" t="развитие"><g v="NOUN"></g><g v="inan"></g><g v="neut"></g><g v="sing"></g><g v="datv"></g></l></v></tfr></token><token id="673797" text="международных"><tfr rev_id="2848437" t="международных"><v><l id="157346" t="международный"><g v="ADJF"></g><g v="plur"></g><g v="gent"></g></l></v></tfr></token><token id="673798" text="отношений"><tfr rev_id="3752877" t="отношений"><v><l id="215944" t="отношение"><g v="NOUN"></g><g v="inan"></g><g v="neut"></g><g v="plur"></g><g v="gent"></g></l></v></tfr></token><token id="673799" text="и"><tfr rev_id="1505891" t="и"><v><l id="116949" t="и"><g v="CONJ"></g></l></v><v><l id="116950" t="и"><g v="INTJ"></g></l></v></tfr></token><token id="673800" text="привлечению"><tfr rev_id="1505892" t="привлечению"><v><l id="269377" t="привлечение"><g v="NOUN"></g><g v="inan"></g><g v="neut"></g><g v="sing"></g><g v="datv"></g></l></v></tfr></token><token id="673801" text="инвестиций"><tfr rev_id="1505893" t="инвестиций"><v><l id="122089" t="инвестиция"><g v="NOUN"></g><g v="inan"></g><g v="femn"></g><g v="plur"></g><g v="gent"></g></l></v></tfr></token><token id="673802" text="в"><tfr rev_id="1505894" t="в"><v><l id="37409" t="в"><g v="PREP"></g></l></v></tfr></token><token id="673803" text="экономику"><tfr rev_id="1505895" t="экономику"><v><l id="383340" t="экономика"><g v="NOUN"></g><g v="inan"></g><g v="femn"></g><g v="sing"></g><g v="accs"></g></l></v></tfr></token><token id="673804" text="Турции"><tfr rev_id="2602231" t="Турции"><v><l id="351881" t="турция"><g v="NOUN"></g><g v="inan"></g><g v="femn"></g><g v="Sgtm"></g><g v="Geox"></g><g v="sing"></g><g v="gent"></g></l></v></tfr></token><token id="673805" text="."><tfr rev_id="1505897" t="."><v><l id="0" t="."><g v="PNCT"></g></l></v></tfr></token></tokens></sentence></paragraph><paragraph id="12125"><sentence id="37793"><source>Многие бизнесмены Турции были обеспокоены тем, что к власти придет социалистическая партия CHP, которая в своей предвыборной компании объявила о том, что всем бездомным туркам после победы на выборах она выделит по квартире.</source><tokens><token id="673806" text="Многие"><tfr rev_id="3800458" t="Многие"><v><l id="161427" t="многий"><g v="ADJF"></g><g v="Apro"></g><g v="plur"></g><g v="nomn"></g></l></v></tfr></token><token id="673807" text="бизнесмены"><tfr rev_id="1505899" t="бизнесмены"><v><l id="29450" t="бизнесмен"><g v="NOUN"></g><g v="anim"></g><g v="masc"></g><g v="plur"></g><g v="nomn"></g></l></v></tfr></token><token id="673808" text="Турции"><tfr rev_id="3457080" t="Турции"><v><l id="351881" t="турция"><g v="NOUN"></g><g v="inan"></g><g v="femn"></g><g v="Sgtm"></g><g v="Geox"></g><g v="sing"></g><g v="gent"></g></l></v></tfr></token><token id="673809" text="были"><tfr rev_id="1715990" t="были"><v><l id="37265" t="есть"><g v="VERB"></g><g v="impf"></g><g v="intr"></g><g v="plur"></g><g v="past"></g><g v="indc"></g></l></v></tfr></token><token id="673810" text="обеспокоены"><tfr rev_id="1505902" t="обеспокоены"><v><l id="194801" t="обеспокоен"><g v="PRTS"></g><g v="perf"></g><g v="past"></g><g v="pssv"></g><g v="plur"></g></l></v></tfr></token><token id="673811" text="тем"><tfr rev_id="4538910" t="тем"><v><l id="348430" t="тот"><g v="ADJF"></g><g v="Subx"></g><g v="Apro"></g><g v="Anph"></g><g v="masc"></g><g v="sing"></g><g v="ablt"></g></l></v><v><l id="348430" t="тот"><g v="ADJF"></g><g v="Subx"></g><g v="Apro"></g><g v="Anph"></g><g v="neut"></g><g v="sing"></g><g v="ablt"></g></l></v></tfr></token><token id="673812" text=","><tfr rev_id="1505904" t=","><v><l id="0" t=","><g v="PNCT"></g></l></v></tfr></token><token id="673813" text="что"><tfr rev_id="3197529" t="что"><v><l id="377004" t="что"><g v="CONJ"></g></l></v><v><l id="377005" t="что"><g v="NPRO"></g><g v="neut"></g><g v="sing"></g><g v="nomn"></g></l></v><v><l id="377005" t="что"><g v="NPRO"></g><g v="neut"></g><g v="sing"></g><g v="accs"></g></l></v><v><l id="377006" t="что"><g v="ADVB"></g><g v="Ques"></g></l></v><v><l id="388695" t="что"><g v="PRCL"></g></l></v></tfr></token><token id="673814" text="к"><tfr rev_id="1505906" t="к"><v><l id="127460" t="к"><g v="PREP"></g></l></v></tfr></token><token id="673815" text="власти"><tfr rev_id="4344249" t="власти"><v><l id="46816" t="власть"><g v="NOUN"></g><g v="inan"></g><g v="femn"></g><g v="sing"></g><g v="datv"></g></l></v></tfr></token><token id="673816" text="придет"><tfr rev_id="1505908" t="придет"><v><l id="270737" t="пришёл"><g v="VERB"></g><g v="perf"></g><g v="intr"></g><g v="sing"></g><g v="3per"></g><g v="futr"></g><g v="indc"></g></l></v></tfr></token><token id="673817" text="социалистическая"><tfr rev_id="1505909" t="социалистическая"><v><l id="331049" t="социалистический"><g v="ADJF"></g><g v="femn"></g><g v="sing"></g><g v="nomn"></g></l></v></tfr></token><token id="673818" text="партия"><tfr rev_id="1505910" t="партия"><v><l id="224431" t="партия"><g v="NOUN"></g><g v="inan"></g><g v="femn"></g><g v="sing"></g><g v="nomn"></g></l></v></tfr></token><token id="673819" text="CHP"><tfr rev_id="2475221" t="CHP"><v><l id="0" t="CHP"><g v="LATN"></g></l></v></tfr></token><token id="673820" text=","><tfr rev_id="1505912" t=","><v><l id="0" t=","><g v="PNCT"></g></l></v></tfr></token><token id="673821" text="которая"><tfr rev_id="3639842" t="которая"><v><l id="141203" t="который"><g v="ADJF"></g><g v="Apro"></g><g v="Subx"></g><g v="Anph"></g><g v="femn"></g><g v="sing"></g><g v="nomn"></g></l></v></tfr></token><token id="673822" text="в"><tfr rev_id="1505914" t="в"><v><l id="37409" t="в"><g v="PREP"></g></l></v></tfr></token><token id="673823" text="своей"><tfr rev_id="4076543" t="своей"><v><l id="316379" t="свой"><g v="ADJF"></g><g v="Apro"></g><g v="Anph"></g><g v="femn"></g><g v="sing"></g><g v="loct"></g></l></v></tfr></token><token id="673824" text="предвыборной"><tfr rev_id="4167480" t="предвыборной"><v><l id="266418" t="предвыборный"><g v="ADJF"></g><g v="femn"></g><g v="sing"></g><g v="loct"></g></l></v></tfr></token><token id="673825" text="компании"><tfr rev_id="3947429" t="компании"><v><l id="137146" t="компания"><g v="NOUN"></g><g v="inan"></g><g v="femn"></g><g v="sing"></g><g v="loct"></g></l></v></tfr></token><token id="673826" text="объявила"><tfr rev_id="1505918" t="объявила"><v><l id="201891" t="объявил"><g v="VERB"></g><g v="perf"></g><g v="tran"></g><g v="femn"></g><g v="sing"></g><g v="past"></g><g v="indc"></g></l></v></tfr></token><token id="673827" text="о"><tfr rev_id="1505919" t="о"><v><l id="192977" t="о"><g v="PREP"></g></l></v><v><l id="192978" t="о"><g v="INTJ"></g></l></v></tfr></token><token id="673828" text="том"><tfr rev_id="4353636" t="том"><v><l id="348430" t="тот"><g v="ADJF"></g><g v="Subx"></g><g v="Apro"></g><g v="Anph"></g><g v="neut"></g><g v="sing"></g><g v="loct"></g></l></v></tfr></token><token id="673829" text=","><tfr rev_id="1505921" t=","><v><l id="0" t=","><g v="PNCT"></g></l></v></tfr></token><token id="673830" text="что"><tfr rev_id="3197530" t="что"><v><l id="377004" t="что"><g v="CONJ"></g></l></v><v><l id="377005" t="что"><g v="NPRO"></g><g v="neut"></g><g v="sing"></g><g v="nomn"></g></l></v><v><l id="377005" t="что"><g v="NPRO"></g><g v="neut"></g><g v="sing"></g><g v="accs"></g></l></v><v><l id="377006" t="что"><g v="ADVB"></g><g v="Ques"></g></l></v><v><l id="388695" t="что"><g v="PRCL"></g></l></v></tfr></token><token id="673831" text="всем"><tfr rev_id="4130517" t="всем"><v><l id="42156" t="весь"><g v="ADJF"></g><g v="Subx"></g><g v="Apro"></g><g v="plur"></g><g v="datv"></g></l></v></tfr></token><token id="673832" text="бездомным"><tfr rev_id="4209312" t="бездомным"><v><l id="25847" t="бездомный"><g v="ADJF"></g><g v="Qual"></g><g v="plur"></g><g v="datv"></g></l></v></tfr></token><token id="673833" text="туркам"><tfr rev_id="1505925" t="туркам"><v><l id="351858" t="турок"><g v="NOUN"></g><g v="anim"></g><g v="masc"></g><g v="plur"></g><g v="datv"></g></l></v></tfr></token><token id="673834" text="после"><tfr rev_id="4407518" t="после"><v><l id="261542" t="после"><g v="PREP"></g></l></v></tfr></token><token id="673835" text="победы"><tfr rev_id="3436068" t="победы"><v><l id="241476" t="победа"><g v="NOUN"></g><g v="inan"></g><g v="femn"></g><g v="sing"></g><g v="gent"></g></l></v></tfr></token><token id="673836" text="на"><tfr rev_id="3340729" t="на"><v><l id="166264" t="на"><g v="PREP"></g></l></v></tfr></token><token id="673837" text="выборах"><tfr rev_id="1505929" t="выборах"><v><l id="55719" t="выбор"><g v="NOUN"></g><g v="inan"></g><g v="masc"></g><g v="plur"></g><g v="loct"></g></l></v><v><l id="55749" t="выборы"><g v="NOUN"></g><g v="inan"></g><g v="GNdr"></g><g v="Pltm"></g><g v="plur"></g><g v="loct"></g></l></v></tfr></token><token id="673838" text="она"><tfr rev_id="3586556" t="она"><v><l id="206544" t="она"><g v="NPRO"></g><g v="femn"></g><g v="3per"></g><g v="Anph"></g><g v="sing"></g><g v="nomn"></g></l></v></tfr></token><token id="673839" text="выделит"><tfr rev_id="1505931" t="выделит"><v><l id="57031" t="выделил"><g v="VERB"></g><g v="perf"></g><g v="tran"></g><g v="sing"></g><g v="3per"></g><g v="futr"></g><g v="indc"></g></l></v></tfr></token><token id="673840" text="по"><tfr rev_id="1505932" t="по"><v><l id="241240" t="по"><g v="PREP"></g></l></v></tfr></token><token id="673841" text="квартире"><tfr rev_id="3534731" t="квартире"><v><l id="132025" t="квартира"><g v="NOUN"></g><g v="inan"></g><g v="femn"></g><g v="sing"></g><g v="datv"></g></l></v></tfr></token><token id="673842" text="."><tfr rev_id="1505934" t="."><v><l id="0" t="."><g v="PNCT"></g></l></v></tfr></token></tokens></sentence><sentence id="37794"><source>Однако CHP и тем более шовинистки настроенная национал партия MHP в своих популистских предвыборных компаниях заявляли, что они хотят остановить продажу турецкой земли и турецких компаний иностранцам, т.к. это, по их мнению, подрывает экономику Турции.</source><tokens><token id="673843" text="Однако"><tfr rev_id="2624596" t="Однако"><v><l id="203386" t="однако"><g v="INTJ"></g></l></v><v><l id="203387" t="однако"><g v="CONJ"></g><g v="Prnt"></g></l></v></tfr></token><token id="673844" text="CHP"><tfr rev_id="2475222" t="CHP"><v><l id="0" t="CHP"><g v="LATN"></g></l></v></tfr></token><token id="673845" text="и"><tfr rev_id="3411104" t="и"><v><l id="116949" t="и"><g v="CONJ"></g></l></v></tfr></token><token id="673846" text="тем"><tfr rev_id="4492417" t="тем"><v><l id="344449" t="тем"><g v="CONJ"></g></l></v></tfr></token><token id="673847" text="более"><tfr rev_id="1505939" t="более"><v><l id="32065" t="более"><g v="ADVB"></g></l></v></tfr></token><token id="673848" text="шовинистки"><tfr rev_id="1505940" t="шовинистки"><v><l id="380693" t="шовинистка"><g v="NOUN"></g><g v="anim"></g><g v="femn"></g><g v="sing"></g><g v="gent"></g></l></v><v><l id="380693" t="шовинистка"><g v="NOUN"></g><g v="anim"></g><g v="femn"></g><g v="plur"></g><g v="nomn"></g></l></v></tfr></token><token id="673849" text="настроенная"><tfr rev_id="3684454" t="настроенная"><v><l id="176271" t="настроенный"><g v="PRTF"></g><g v="perf"></g><g v="tran"></g><g v="past"></g><g v="pssv"></g><g v="Adjx"></g><g v="femn"></g><g v="sing"></g><g v="nomn"></g></l></v></tfr></token><token id="673850" text="национал"><tfr rev_id="4502867" t="национал"><v><l id="0" t="национал"><g v="UNKN"></g></l></v></tfr></token><token id="673851" text="партия"><tfr rev_id="1505943" t="партия"><v><l id="224431" t="партия"><g v="NOUN"></g><g v="inan"></g><g v="femn"></g><g v="sing"></g><g v="nomn"></g></l></v></tfr></token><token id="673852" text="MHP"><tfr rev_id="2475223" t="MHP"><v><l id="0" t="MHP"><g v="LATN"></g></l></v></tfr></token><token id="673853" text="в"><tfr rev_id="1505945" t="в"><v><l id="37409" t="в"><g v="PREP"></g></l></v></tfr></token><token id="673854" text="своих"><tfr rev_id="3633848" t="своих"><v><l id="316379" t="свой"><g v="ADJF"></g><g v="Apro"></g><g v="Anph"></g><g v="plur"></g><g v="loct"></g></l></v></tfr></token><token id="673855" text="популистских"><tfr rev_id="4349619" t="популистских"><v><l id="259734" t="популистский"><g v="ADJF"></g><g v="plur"></g><g v="loct"></g></l></v></tfr></token><token id="673856" text="предвыборных"><tfr rev_id="4355953" t="предвыборных"><v><l id="266418" t="предвыборный"><g v="ADJF"></g><g v="plur"></g><g v="loct"></g></l></v></tfr></token><token id="673857" text="компаниях"><tfr rev_id="1505949" t="компаниях"><v><l id="137146" t="компания"><g v="NOUN"></g><g v="inan"></g><g v="femn"></g><g v="plur"></g><g v="loct"></g></l></v></tfr></token><token id="673858" text="заявляли"><tfr rev_id="1505950" t="заявляли"><v><l id="114312" t="заявляю"><g v="VERB"></g><g v="impf"></g><g v="tran"></g><g v="plur"></g><g v="past"></g><g v="indc"></g></l></v></tfr></token><token id="673859" text=","><tfr rev_id="1505951" t=","><v><l id="0" t=","><g v="PNCT"></g></l></v></tfr></token><token id="673860" text="что"><tfr rev_id="3197531" t="что"><v><l id="377004" t="что"><g v="CONJ"></g></l></v><v><l id="377005" t="что"><g v="NPRO"></g><g v="neut"></g><g v="sing"></g><g v="nomn"></g></l></v><v><l id="377005" t="что"><g v="NPRO"></g><g v="neut"></g><g v="sing"></g><g v="accs"></g></l></v><v><l id="377006" t="что"><g v="ADVB"></g><g v="Ques"></g></l></v><v><l id="388695" t="что"><g v="PRCL"></g></l></v></tfr></token><token id="673861" text="они"><tfr rev_id="3599443" t="они"><v><l id="206619" t="они"><g v="NPRO"></g><g v="3per"></g><g v="Anph"></g><g v="plur"></g><g v="nomn"></g></l></v></tfr></token><token id="673862" text="хотят"><tfr rev_id="1505954" t="хотят"><v><l id="371713" t="хочу"><g v="VERB"></g><g v="impf"></g><g v="tran"></g><g v="plur"></g><g v="3per"></g><g v="pres"></g><g v="indc"></g></l></v></tfr></token><token id="673863" text="остановить"><tfr rev_id="1505955" t="остановить"><v><l id="210860" t="остановить"><g v="INFN"></g><g v="perf"></g><g v="tran"></g></l></v></tfr></token><token id="673864" text="продажу"><tfr rev_id="1505956" t="продажу"><v><l id="278949" t="продажа"><g v="NOUN"></g><g v="inan"></g><g v="femn"></g><g v="sing"></g><g v="accs"></g></l></v></tfr></token><token id="673865" text="турецкой"><tfr rev_id="4159673" t="турецкой"><v><l id="351763" t="турецкий"><g v="ADJF"></g><g v="femn"></g><g v="sing"></g><g v="gent"></g></l></v></tfr></token><token id="673866" text="земли"><tfr rev_id="3456473" t="земли"><v><l id="115091" t="земля"><g v="NOUN"></g><g v="inan"></g><g v="femn"></g><g v="sing"></g><g v="gent"></g></l></v></tfr></token><token id="673867" text="и"><tfr rev_id="4082053" t="и"><v><l id="116949" t="и"><g v="CONJ"></g></l></v></tfr></token><token id="673868" text="турецких"><tfr rev_id="4163125" t="турецких"><v><l id="351763" t="турецкий"><g v="ADJF"></g><g v="plur"></g><g v="gent"></g></l></v></tfr></token><token id="673869" text="компаний"><tfr rev_id="1505961" t="компаний"><v><l id="137146" t="компания"><g v="NOUN"></g><g v="inan"></g><g v="femn"></g><g v="plur"></g><g v="gent"></g></l></v></tfr></token><token id="673870" text="иностранцам"><tfr rev_id="1505962" t="иностранцам"><v><l id="122752" t="иностранец"><g v="NOUN"></g><g v="anim"></g><g v="masc"></g><g v="plur"></g><g v="datv"></g></l></v></tfr></token><token id="673871" text=","><tfr rev_id="1505963" t=","><v><l id="0" t=","><g v="PNCT"></g></l></v></tfr></token><token id="673872" text="т"><tfr rev_id="4329769" t="т"><v><l id="342453" t="так"><g v="ADVB"></g><g v="Dmns"></g><g v="Abbr"></g></l></v><v><l id="342451" t="так"><g v="CONJ"></g><g v="Abbr"></g></l></v></tfr></token><token id="673873" text="."><tfr rev_id="1505965" t="."><v><l id="0" t="."><g v="PNCT"></g></l></v></tfr></token><token id="673874" text="к"><tfr rev_id="4452950" t="к"><v><l id="128190" t="как"><g v="CONJ"></g><g v="Abbr"></g></l></v></tfr></token><token id="673875" text="."><tfr rev_id="1505967" t="."><v><l id="0" t="."><g v="PNCT"></g></l></v></tfr></token><token id="673876" text="это"><tfr rev_id="4441793" t="это"><v><l id="386574" t="это"><g v="PRCL"></g></l></v><v><l id="386575" t="это"><g v="NPRO"></g><g v="neut"></g><g v="sing"></g><g v="nomn"></g></l></v><v><l id="386575" t="это"><g v="NPRO"></g><g v="neut"></g><g v="sing"></g><g v="accs"></g></l></v><v><l id="386581" t="этот"><g v="ADJF"></g><g v="Subx"></g><g v="Apro"></g><g v="Anph"></g><g v="neut"></g><g v="sing"></g><g v="nomn"></g></l></v><v><l id="386581" t="этот"><g v="ADJF"></g><g v="Subx"></g><g v="Apro"></g><g v="Anph"></g><g v="neut"></g><g v="sing"></g><g v="accs"></g></l></v></tfr></token><token id="673877" text=","><tfr rev_id="1505969" t=","><v><l id="0" t=","><g v="PNCT"></g></l></v></tfr></token><token id="673878" text="по"><tfr rev_id="1505970" t="по"><v><l id="241240" t="по"><g v="PREP"></g></l></v></tfr></token><token id="673879" text="их"><tfr rev_id="4456966" t="их"><v><l id="127205" t="их"><g v="ADJF"></g><g v="Fixd"></g><g v="Apro"></g><g v="Anph"></g><g v="neut"></g><g v="sing"></g><g v="nomn"></g></l></v><v><l id="127205" t="их"><g v="ADJF"></g><g v="Fixd"></g><g v="Apro"></g><g v="Anph"></g><g v="neut"></g><g v="sing"></g><g v="gent"></g></l></v><v><l id="127205" t="их"><g v="ADJF"></g><g v="Fixd"></g><g v="Apro"></g><g v="Anph"></g><g v="neut"></g><g v="sing"></g><g v="datv"></g></l></v><v><l id="127205" t="их"><g v="ADJF"></g><g v="Fixd"></g><g v="Apro"></g><g v="Anph"></g><g v="neut"></g><g v="sing"></g><g v="accs"></g></l></v><v><l id="127205" t="их"><g v="ADJF"></g><g v="Fixd"></g><g v="Apro"></g><g v="Anph"></g><g v="neut"></g><g v="sing"></g><g v="ablt"></g></l></v><v><l id="127205" t="их"><g v="ADJF"></g><g v="Fixd"></g><g v="Apro"></g><g v="Anph"></g><g v="neut"></g><g v="sing"></g><g v="loct"></g></l></v></tfr></token><token id="673880" text="мнению"><tfr rev_id="1505972" t="мнению"><v><l id="161395" t="мнение"><g v="NOUN"></g><g v="inan"></g><g v="neut"></g><g v="sing"></g><g v="datv"></g></l></v></tfr></token><token id="673881" text=","><tfr rev_id="1505973" t=","><v><l id="0" t=","><g v="PNCT"></g></l></v></tfr></token><token id="673882" text="подрывает"><tfr rev_id="1505974" t="подрывает"><v><l id="249922" t="подрываю"><g v="VERB"></g><g v="impf"></g><g v="tran"></g><g v="sing"></g><g v="3per"></g><g v="pres"></g><g v="indc"></g></l></v></tfr></token><token id="673883" text="экономику"><tfr rev_id="1505975" t="экономику"><v><l id="383340" t="экономика"><g v="NOUN"></g><g v="inan"></g><g v="femn"></g><g v="sing"></g><g v="accs"></g></l></v></tfr></token><token id="673884" text="Турции"><tfr rev_id="3456965" t="Турции"><v><l id="351881" t="турция"><g v="NOUN"></g><g v="inan"></g><g v="femn"></g><g v="Sgtm"></g><g v="Geox"></g><g v="sing"></g><g v="gent"></g></l></v></tfr></token><token id="673885" text="."><tfr rev_id="1505977" t="."><v><l id="0" t="."><g v="PNCT"></g></l></v></tfr></token></tokens></sentence></paragraph><paragraph id="12126"><sentence id="37795"><source>В связи с этим турецкие бизнесмены проявили социальную активность в пропаганде идеалов правящей AK партии.</source><tokens><token id="673886" text="В"><tfr rev_id="1505978" t="В"><v><l id="37409" t="в"><g v="PREP"></g></l></v></tfr></token><token id="673887" text="связи"><tfr rev_id="4458582" t="связи"><v><l id="316572" t="связь"><g v="NOUN"></g><g v="inan"></g><g v="femn"></g><g v="sing"></g><g v="loc1"></g></l></v><v><l id="316572" t="связь"><g v="NOUN"></g><g v="inan"></g><g v="femn"></g><g v="sing"></g><g v="loc2"></g></l></v></tfr></token><token id="673888" text="с"><tfr rev_id="1505980" t="с"><v><l id="311151" t="с"><g v="PREP"></g></l></v></tfr></token><token id="673889" text="этим"><tfr rev_id="4472457" t="этим"><v><l id="386575" t="это"><g v="NPRO"></g><g v="neut"></g><g v="sing"></g><g v="ablt"></g></l></v></tfr></token><token id="673890" text="турецкие"><tfr rev_id="4086539" t="турецкие"><v><l id="351763" t="турецкий"><g v="ADJF"></g><g v="plur"></g><g v="nomn"></g></l></v></tfr></token><token id="673891" text="бизнесмены"><tfr rev_id="1505983" t="бизнесмены"><v><l id="29450" t="бизнесмен"><g v="NOUN"></g><g v="anim"></g><g v="masc"></g><g v="plur"></g><g v="nomn"></g></l></v></tfr></token><token id="673892" text="проявили"><tfr rev_id="1505984" t="проявили"><v><l id="287950" t="проявил"><g v="VERB"></g><g v="perf"></g><g v="tran"></g><g v="plur"></g><g v="past"></g><g v="indc"></g></l></v></tfr></token><token id="673893" text="социальную"><tfr rev_id="1505985" t="социальную"><v><l id="331060" t="социальный"><g v="ADJF"></g><g v="Qual"></g><g v="femn"></g><g v="sing"></g><g v="accs"></g></l></v></tfr></token><token id="673894" text="активность"><tfr rev_id="1505986" t="активность"><v><l id="7664" t="активность"><g v="NOUN"></g><g v="inan"></g><g v="femn"></g><g v="sing"></g><g v="nomn"></g></l></v><v><l id="7664" t="активность"><g v="NOUN"></g><g v="inan"></g><g v="femn"></g><g v="sing"></g><g v="accs"></g></l></v></tfr></token><token id="673895" text="в"><tfr rev_id="1505987" t="в"><v><l id="37409" t="в"><g v="PREP"></g></l></v></tfr></token><token id="673896" text="пропаганде"><tfr rev_id="3541182" t="пропаганде"><v><l id="282704" t="пропаганда"><g v="NOUN"></g><g v="inan"></g><g v="femn"></g><g v="sing"></g><g v="loct"></g></l></v></tfr></token><token id="673897" text="идеалов"><tfr rev_id="1505989" t="идеалов"><v><l id="117396" t="идеал"><g v="NOUN"></g><g v="inan"></g><g v="masc"></g><g v="plur"></g><g v="gent"></g></l></v></tfr></token><token id="673898" text="правящей"><tfr rev_id="4331510" t="правящей"><v><l id="265649" t="правящий"><g v="PRTF"></g><g v="impf"></g><g v="tran"></g><g v="pres"></g><g v="actv"></g><g v="femn"></g><g v="sing"></g><g v="gent"></g></l></v><v><l id="265649" t="правящий"><g v="PRTF"></g><g v="impf"></g><g v="tran"></g><g v="pres"></g><g v="actv"></g><g v="femn"></g><g v="sing"></g><g v="datv"></g></l></v><v><l id="265649" t="правящий"><g v="PRTF"></g><g v="impf"></g><g v="tran"></g><g v="pres"></g><g v="actv"></g><g v="femn"></g><g v="sing"></g><g v="ablt"></g></l></v><v><l id="265649" t="правящий"><g v="PRTF"></g><g v="impf"></g><g v="tran"></g><g v="pres"></g><g v="actv"></g><g v="femn"></g><g v="sing"></g><g v="loct"></g></l></v><v><l id="265658" t="правящий"><g v="PRTF"></g><g v="impf"></g><g v="intr"></g><g v="pres"></g><g v="actv"></g><g v="femn"></g><g v="sing"></g><g v="gent"></g></l></v><v><l id="265658" t="правящий"><g v="PRTF"></g><g v="impf"></g><g v="intr"></g><g v="pres"></g><g v="actv"></g><g v="femn"></g><g v="sing"></g><g v="datv"></g></l></v><v><l id="265658" t="правящий"><g v="PRTF"></g><g v="impf"></g><g v="intr"></g><g v="pres"></g><g v="actv"></g><g v="femn"></g><g v="sing"></g><g v="ablt"></g></l></v><v><l id="265658" t="правящий"><g v="PRTF"></g><g v="impf"></g><g v="intr"></g><g v="pres"></g><g v="actv"></g><g v="femn"></g><g v="sing"></g><g v="loct"></g></l></v><v><l id="265800" t="правящий"><g v="ADJF"></g><g v="femn"></g><g v="sing"></g><g v="gent"></g></l></v><v><l id="265800" t="правящий"><g v="ADJF"></g><g v="femn"></g><g v="sing"></g><g v="datv"></g></l></v><v><l id="265800" t="правящий"><g v="ADJF"></g><g v="femn"></g><g v="sing"></g><g v="ablt"></g></l></v><v><l id="265800" t="правящий"><g v="ADJF"></g><g v="femn"></g><g v="sing"></g><g v="loct"></g></l></v></tfr></token><token id="673899" text="AK"><tfr rev_id="2475224" t="AK"><v><l id="0" t="AK"><g v="LATN"></g></l></v></tfr></token><token id="673900" text="партии"><tfr rev_id="4286324" t="партии"><v><l id="224431" t="партия"><g v="NOUN"></g><g v="inan"></g><g v="femn"></g><g v="sing"></g><g v="gent"></g></l></v></tfr></token><token id="673901" text="."><tfr rev_id="1505993" t="."><v><l id="0" t="."><g v="PNCT"></g></l></v></tfr></token></tokens></sentence><sentence id="37796"><source>И активно проводили среди простого населения разъяснительную работу о полезности иностранных инвестиций, давая им возможность ознакомиться с цифрами и фактами, которые говорят за то, что за время правления правящей партии во главе с Реджепом Тайипом Эрдоганом уровень жизни простых турок повысился.</source><tokens><token id="673902" text="И"><tfr rev_id="1505994" t="И"><v><l id="116949" t="и"><g v="CONJ"></g></l></v><v><l id="116950" t="и"><g v="INTJ"></g></l></v></tfr></token><token id="673903" text="активно"><tfr rev_id="1505995" t="активно"><v><l id="7661" t="активно"><g v="ADVB"></g></l></v><v><l id="7668" t="активен"><g v="ADJS"></g><g v="Qual"></g><g v="neut"></g><g v="sing"></g></l></v></tfr></token><token id="673904" text="проводили"><tfr rev_id="1505996" t="проводили"><v><l id="278002" t="провожу"><g v="VERB"></g><g v="impf"></g><g v="tran"></g><g v="plur"></g><g v="past"></g><g v="indc"></g></l></v><v><l id="278009" t="проводил"><g v="VERB"></g><g v="perf"></g><g v="tran"></g><g v="plur"></g><g v="past"></g><g v="indc"></g></l></v></tfr></token><token id="673905" text="среди"><tfr rev_id="1505997" t="среди"><v><l id="333473" t="среди"><g v="PREP"></g></l></v></tfr></token><token id="673906" text="простого"><tfr rev_id="3481716" t="простого"><v><l id="285047" t="простой"><g v="ADJF"></g><g v="Qual"></g><g v="neut"></g><g v="sing"></g><g v="gent"></g></l></v></tfr></token><token id="673907" text="населения"><tfr rev_id="3501180" t="населения"><v><l id="175227" t="население"><g v="NOUN"></g><g v="inan"></g><g v="neut"></g><g v="sing"></g><g v="gent"></g></l></v></tfr></token><token id="673908" text="разъяснительную"><tfr rev_id="1506000" t="разъяснительную"><v><l id="297376" t="разъяснительный"><g v="ADJF"></g><g v="femn"></g><g v="sing"></g><g v="accs"></g></l></v></tfr></token><token id="673909" text="работу"><tfr rev_id="1506001" t="работу"><v><l id="290501" t="работа"><g v="NOUN"></g><g v="inan"></g><g v="femn"></g><g v="sing"></g><g v="accs"></g></l></v></tfr></token><token id="673910" text="о"><tfr rev_id="3326182" t="о"><v><l id="192977" t="о"><g v="PREP"></g></l></v></tfr></token><token id="673911" text="полезности"><tfr rev_id="3549348" t="полезности"><v><l id="255319" t="полезность"><g v="NOUN"></g><g v="inan"></g><g v="femn"></g><g v="sing"></g><g v="loct"></g></l></v></tfr></token><token id="673912" text="иностранных"><tfr rev_id="3542449" t="иностранных"><v><l id="122754" t="иностранный"><g v="ADJF"></g><g v="plur"></g><g v="gent"></g></l></v></tfr></token><token id="673913" text="инвестиций"><tfr rev_id="1506005" t="инвестиций"><v><l id="122089" t="инвестиция"><g v="NOUN"></g><g v="inan"></g><g v="femn"></g><g v="plur"></g><g v="gent"></g></l></v></tfr></token><token id="673914" text=","><tfr rev_id="1506006" t=","><v><l id="0" t=","><g v="PNCT"></g></l></v></tfr></token><token id="673915" text="давая"><tfr rev_id="1506007" t="давая"><v><l id="77585" t="давая"><g v="GRND"></g><g v="impf"></g><g v="tran"></g><g v="pres"></g></l></v></tfr></token><token id="673916" text="им"><tfr rev_id="4530334" t="им"><v><l id="206619" t="они"><g v="NPRO"></g><g v="3per"></g><g v="Anph"></g><g v="plur"></g><g v="datv"></g></l></v></tfr></token><token id="673917" text="возможность"><tfr rev_id="1506009" t="возможность"><v><l id="49410" t="возможность"><g v="NOUN"></g><g v="inan"></g><g v="femn"></g><g v="sing"></g><g v="nomn"></g></l></v><v><l id="49410" t="возможность"><g v="NOUN"></g><g v="inan"></g><g v="femn"></g><g v="sing"></g><g v="accs"></g></l></v></tfr></token><token id="673918" text="ознакомиться"><tfr rev_id="1506010" t="ознакомиться"><v><l id="204260" t="ознакомиться"><g v="INFN"></g><g v="perf"></g><g v="intr"></g></l></v></tfr></token><token id="673919" text="с"><tfr rev_id="1506011" t="с"><v><l id="311151" t="с"><g v="PREP"></g></l></v></tfr></token><token id="673920" text="цифрами"><tfr rev_id="1506012" t="цифрами"><v><l id="374165" t="цифра"><g v="NOUN"></g><g v="inan"></g><g v="femn"></g><g v="plur"></g><g v="ablt"></g></l></v></tfr></token><token id="673921" text="и"><tfr rev_id="3462653" t="и"><v><l id="116949" t="и"><g v="CONJ"></g></l></v></tfr></token><token id="673922" text="фактами"><tfr rev_id="1506014" t="фактами"><v><l id="364163" t="факт"><g v="NOUN"></g><g v="inan"></g><g v="masc"></g><g v="plur"></g><g v="ablt"></g></l></v></tfr></token><token id="673923" text=","><tfr rev_id="1506015" t=","><v><l id="0" t=","><g v="PNCT"></g></l></v></tfr></token><token id="673924" text="которые"><tfr rev_id="4086162" t="которые"><v><l id="141203" t="который"><g v="ADJF"></g><g v="Apro"></g><g v="Subx"></g><g v="Anph"></g><g v="plur"></g><g v="nomn"></g></l></v></tfr></token><token id="673925" text="говорят"><tfr rev_id="3797606" t="говорят"><v><l id="72053" t="говорю"><g v="VERB"></g><g v="impf"></g><g v="tran"></g><g v="plur"></g><g v="3per"></g><g v="pres"></g><g v="indc"></g></l></v></tfr></token><token id="673926" text="за"><tfr rev_id="1506018" t="за"><v><l id="98043" t="за"><g v="PREP"></g></l></v></tfr></token><token id="673927" text="то"><tfr rev_id="3777672" t="то"><v><l id="346835" t="то"><g v="CONJ"></g></l></v><v><l id="346836" t="то"><g v="PRCL"></g></l></v><v><l id="348430" t="тот"><g v="ADJF"></g><g v="Subx"></g><g v="Apro"></g><g v="Anph"></g><g v="neut"></g><g v="sing"></g><g v="nomn"></g></l></v><v><l id="348430" t="тот"><g v="ADJF"></g><g v="Subx"></g><g v="Apro"></g><g v="Anph"></g><g v="neut"></g><g v="sing"></g><g v="accs"></g></l></v></tfr></token><token id="673928" text=","><tfr rev_id="1506020" t=","><v><l id="0" t=","><g v="PNCT"></g></l></v></tfr></token><token id="673929" text="что"><tfr rev_id="3197532" t="что"><v><l id="377004" t="что"><g v="CONJ"></g></l></v><v><l id="377005" t="что"><g v="NPRO"></g><g v="neut"></g><g v="sing"></g><g v="nomn"></g></l></v><v><l id="377005" t="что"><g v="NPRO"></g><g v="neut"></g><g v="sing"></g><g v="accs"></g></l></v><v><l id="377006" t="что"><g v="ADVB"></g><g v="Ques"></g></l></v><v><l id="388695" t="что"><g v="PRCL"></g></l></v></tfr></token><token id="673930" text="за"><tfr rev_id="1506022" t="за"><v><l id="98043" t="за"><g v="PREP"></g></l></v></tfr></token><token id="673931" text="время"><tfr rev_id="3269611" t="время"><v><l id="53149" t="время"><g v="NOUN"></g><g v="inan"></g><g v="neut"></g><g v="sing"></g><g v="accs"></g></l></v></tfr></token><token id="673932" text="правления"><tfr rev_id="3487029" t="правления"><v><l id="265668" t="правление"><g v="NOUN"></g><g v="inan"></g><g v="neut"></g><g v="sing"></g><g v="gent"></g></l></v></tfr></token><token id="673933" text="правящей"><tfr rev_id="4331511" t="правящей"><v><l id="265649" t="правящий"><g v="PRTF"></g><g v="impf"></g><g v="tran"></g><g v="pres"></g><g v="actv"></g><g v="femn"></g><g v="sing"></g><g v="gent"></g></l></v><v><l id="265649" t="правящий"><g v="PRTF"></g><g v="impf"></g><g v="tran"></g><g v="pres"></g><g v="actv"></g><g v="femn"></g><g v="sing"></g><g v="datv"></g></l></v><v><l id="265649" t="правящий"><g v="PRTF"></g><g v="impf"></g><g v="tran"></g><g v="pres"></g><g v="actv"></g><g v="femn"></g><g v="sing"></g><g v="ablt"></g></l></v><v><l id="265649" t="правящий"><g v="PRTF"></g><g v="impf"></g><g v="tran"></g><g v="pres"></g><g v="actv"></g><g v="femn"></g><g v="sing"></g><g v="loct"></g></l></v><v><l id="265658" t="правящий"><g v="PRTF"></g><g v="impf"></g><g v="intr"></g><g v="pres"></g><g v="actv"></g><g v="femn"></g><g v="sing"></g><g v="gent"></g></l></v><v><l id="265658" t="правящий"><g v="PRTF"></g><g v="impf"></g><g v="intr"></g><g v="pres"></g><g v="actv"></g><g v="femn"></g><g v="sing"></g><g v="datv"></g></l></v><v><l id="265658" t="правящий"><g v="PRTF"></g><g v="impf"></g><g v="intr"></g><g v="pres"></g><g v="actv"></g><g v="femn"></g><g v="sing"></g><g v="ablt"></g></l></v><v><l id="265658" t="правящий"><g v="PRTF"></g><g v="impf"></g><g v="intr"></g><g v="pres"></g><g v="actv"></g><g v="femn"></g><g v="sing"></g><g v="loct"></g></l></v><v><l id="265800" t="правящий"><g v="ADJF"></g><g v="femn"></g><g v="sing"></g><g v="gent"></g></l></v><v><l id="265800" t="правящий"><g v="ADJF"></g><g v="femn"></g><g v="sing"></g><g v="datv"></g></l></v><v><l id="265800" t="правящий"><g v="ADJF"></g><g v="femn"></g><g v="sing"></g><g v="ablt"></g></l></v><v><l id="265800" t="правящий"><g v="ADJF"></g><g v="femn"></g><g v="sing"></g><g v="loct"></g></l></v></tfr></token><token id="673934" text="партии"><tfr rev_id="4314191" t="партии"><v><l id="224431" t="партия"><g v="NOUN"></g><g v="inan"></g><g v="femn"></g><g v="sing"></g><g v="gent"></g></l></v></tfr></token><token id="673935" text="во"><tfr rev_id="2920308" t="во"><v><l id="37409" t="в"><g v="PREP"></g><g v="Vpre"></g></l></v></tfr></token><token id="673936" text="главе"><tfr rev_id="4410575" t="главе"><v><l id="70791" t="глава"><g v="NOUN"></g><g v="inan"></g><g v="femn"></g><g v="sing"></g><g v="loct"></g></l></v></tfr></token><token id="673937" text="с"><tfr rev_id="1506029" t="с"><v><l id="311151" t="с"><g v="PREP"></g></l></v></tfr></token><token id="673938" text="Реджепом"><tfr rev_id="1506030" t="Реджепом"><v><l id="305006" t="реджеп"><g v="NOUN"></g><g v="anim"></g><g v="masc"></g><g v="Name"></g><g v="sing"></g><g v="ablt"></g></l></v></tfr></token><token id="673939" text="Тайипом"><tfr rev_id="1506031" t="Тайипом"><v><l id="0" t="тайипом"><g v="UNKN"></g></l></v></tfr></token><token id="673940" text="Эрдоганом"><tfr rev_id="4306313" t="Эрдоганом"><v><l id="390278" t="эрдоган"><g v="NOUN"></g><g v="anim"></g><g v="masc"></g><g v="Sgtm"></g><g v="Surn"></g><g v="sing"></g><g v="ablt"></g></l></v></tfr></token><token id="673941" text="уровень"><tfr rev_id="4233315" t="уровень"><v><l id="359953" t="уровень"><g v="NOUN"></g><g v="inan"></g><g v="masc"></g><g v="sing"></g><g v="nomn"></g></l></v></tfr></token><token id="673942" text="жизни"><tfr rev_id="4164399" t="жизни"><v><l id="97314" t="жизнь"><g v="NOUN"></g><g v="inan"></g><g v="femn"></g><g v="sing"></g><g v="gent"></g></l></v></tfr></token><token id="673943" text="простых"><tfr rev_id="4355960" t="простых"><v><l id="285047" t="простой"><g v="ADJF"></g><g v="Qual"></g><g v="plur"></g><g v="gent"></g></l></v></tfr></token><token id="673944" text="турок"><tfr rev_id="4384763" t="турок"><v><l id="351858" t="турок"><g v="NOUN"></g><g v="anim"></g><g v="masc"></g><g v="plur"></g><g v="gent"></g></l></v></tfr></token><token id="673945" text="повысился"><tfr rev_id="1506037" t="повысился"><v><l id="242989" t="повысился"><g v="VERB"></g><g v="perf"></g><g v="intr"></g><g v="masc"></g><g v="sing"></g><g v="past"></g><g v="indc"></g></l></v></tfr></token><token id="673946" text="."><tfr rev_id="1506038" t="."><v><l id="0" t="."><g v="PNCT"></g></l></v></tfr></token></tokens></sentence></paragraph><paragraph id="12127"><sentence id="37797"><source>Для справки: Общенациональные экономические показатели Турции с 2002 по 2006 год – время правления правящей партии заметно улучшились: Население Турции увеличилось с 69 млн. человек в 2002 году до 75 млн. человек в 2006</source><tokens><token id="673947" text="Для"><tfr rev_id="2601866" t="Для"><v><l id="85032" t="для"><g v="PREP"></g></l></v></tfr></token><token id="673948" text="справки"><tfr rev_id="3439335" t="справки"><v><l id="332903" t="справка"><g v="NOUN"></g><g v="inan"></g><g v="femn"></g><g v="sing"></g><g v="gent"></g></l></v></tfr></token><token id="673949" text=":"><tfr rev_id="1506041" t=":"><v><l id="0" t=":"><g v="PNCT"></g></l></v></tfr></token><token id="673950" text="Общенациональные"><tfr rev_id="3557262" t="Общенациональные"><v><l id="201510" t="общенациональный"><g v="ADJF"></g><g v="plur"></g><g v="nomn"></g></l></v></tfr></token><token id="673951" text="экономические"><tfr rev_id="3768204" t="экономические"><v><l id="383364" t="экономический"><g v="ADJF"></g><g v="plur"></g><g v="nomn"></g></l></v></tfr></token><token id="673952" text="показатели"><tfr rev_id="3716491" t="показатели"><v><l id="253977" t="показатель"><g v="NOUN"></g><g v="inan"></g><g v="masc"></g><g v="plur"></g><g v="nomn"></g></l></v></tfr></token><token id="673953" text="Турции"><tfr rev_id="3456918" t="Турции"><v><l id="351881" t="турция"><g v="NOUN"></g><g v="inan"></g><g v="femn"></g><g v="Sgtm"></g><g v="Geox"></g><g v="sing"></g><g v="gent"></g></l></v></tfr></token><token id="673954" text="с"><tfr rev_id="1506046" t="с"><v><l id="311151" t="с"><g v="PREP"></g></l></v></tfr></token><token id="673955" text="2002"><tfr rev_id="2462544" t="2002"><v><l id="0" t="2002"><g v="NUMB"></g></l></v></tfr></token><token id="673956" text="по"><tfr rev_id="1506048" t="по"><v><l id="241240" t="по"><g v="PREP"></g></l></v></tfr></token><token id="673957" text="2006"><tfr rev_id="2462545" t="2006"><v><l id="0" t="2006"><g v="NUMB"></g></l></v></tfr></token><token id="673958" text="год"><tfr rev_id="3416959" t="год"><v><l id="72149" t="год"><g v="NOUN"></g><g v="inan"></g><g v="masc"></g><g v="sing"></g><g v="accs"></g></l></v></tfr></token><token id="673959" text="–"><tfr rev_id="2446309" t="–"><v><l id="0" t="–"><g v="PNCT"></g></l></v></tfr></token><token id="673960" text="время"><tfr rev_id="4107860" t="время"><v><l id="53149" t="время"><g v="NOUN"></g><g v="inan"></g><g v="neut"></g><g v="sing"></g><g v="nomn"></g></l></v></tfr></token><token id="673961" text="правления"><tfr rev_id="3473407" t="правления"><v><l id="265668" t="правление"><g v="NOUN"></g><g v="inan"></g><g v="neut"></g><g v="sing"></g><g v="gent"></g></l></v></tfr></token><token id="673962" text="правящей"><tfr rev_id="4331512" t="правящей"><v><l id="265649" t="правящий"><g v="PRTF"></g><g v="impf"></g><g v="tran"></g><g v="pres"></g><g v="actv"></g><g v="femn"></g><g v="sing"></g><g v="gent"></g></l></v><v><l id="265649" t="правящий"><g v="PRTF"></g><g v="impf"></g><g v="tran"></g><g v="pres"></g><g v="actv"></g><g v="femn"></g><g v="sing"></g><g v="datv"></g></l></v><v><l id="265649" t="правящий"><g v="PRTF"></g><g v="impf"></g><g v="tran"></g><g v="pres"></g><g v="actv"></g><g v="femn"></g><g v="sing"></g><g v="ablt"></g></l></v><v><l id="265649" t="правящий"><g v="PRTF"></g><g v="impf"></g><g v="tran"></g><g v="pres"></g><g v="actv"></g><g v="femn"></g><g v="sing"></g><g v="loct"></g></l></v><v><l id="265658" t="правящий"><g v="PRTF"></g><g v="impf"></g><g v="intr"></g><g v="pres"></g><g v="actv"></g><g v="femn"></g><g v="sing"></g><g v="gent"></g></l></v><v><l id="265658" t="правящий"><g v="PRTF"></g><g v="impf"></g><g v="intr"></g><g v="pres"></g><g v="actv"></g><g v="femn"></g><g v="sing"></g><g v="datv"></g></l></v><v><l id="265658" t="правящий"><g v="PRTF"></g><g v="impf"></g><g v="intr"></g><g v="pres"></g><g v="actv"></g><g v="femn"></g><g v="sing"></g><g v="ablt"></g></l></v><v><l id="265658" t="правящий"><g v="PRTF"></g><g v="impf"></g><g v="intr"></g><g v="pres"></g><g v="actv"></g><g v="femn"></g><g v="sing"></g><g v="loct"></g></l></v><v><l id="265800" t="правящий"><g v="ADJF"></g><g v="femn"></g><g v="sing"></g><g v="gent"></g></l></v><v><l id="265800" t="правящий"><g v="ADJF"></g><g v="femn"></g><g v="sing"></g><g v="datv"></g></l></v><v><l id="265800" t="правящий"><g v="ADJF"></g><g v="femn"></g><g v="sing"></g><g v="ablt"></g></l></v><v><l id="265800" t="правящий"><g v="ADJF"></g><g v="femn"></g><g v="sing"></g><g v="loct"></g></l></v></tfr></token><token id="673963" text="партии"><tfr rev_id="3887855" t="партии"><v><l id="224431" t="партия"><g v="NOUN"></g><g v="inan"></g><g v="femn"></g><g v="sing"></g><g v="gent"></g></l></v></tfr></token><token id="673964" text="заметно"><tfr rev_id="3525964" t="заметно"><v><l id="105535" t="заметно"><g v="ADVB"></g><g v="Prdx"></g></l></v></tfr></token><token id="673965" text="улучшились"><tfr rev_id="1506057" t="улучшились"><v><l id="357041" t="улучшился"><g v="VERB"></g><g v="perf"></g><g v="intr"></g><g v="plur"></g><g v="past"></g><g v="indc"></g></l></v></tfr></token><token id="673966" text=":"><tfr rev_id="1506058" t=":"><v><l id="0" t=":"><g v="PNCT"></g></l></v></tfr></token><token id="673967" text="Население"><tfr rev_id="4094159" t="Население"><v><l id="175227" t="население"><g v="NOUN"></g><g v="inan"></g><g v="neut"></g><g v="sing"></g><g v="nomn"></g></l></v></tfr></token><token id="673968" text="Турции"><tfr rev_id="3456941" t="Турции"><v><l id="351881" t="турция"><g v="NOUN"></g><g v="inan"></g><g v="femn"></g><g v="Sgtm"></g><g v="Geox"></g><g v="sing"></g><g v="gent"></g></l></v></tfr></token><token id="673969" text="увеличилось"><tfr rev_id="1506061" t="увеличилось"><v><l id="353402" t="увеличился"><g v="VERB"></g><g v="perf"></g><g v="intr"></g><g v="neut"></g><g v="sing"></g><g v="past"></g><g v="indc"></g></l></v></tfr></token><token id="673970" text="с"><tfr rev_id="1506062" t="с"><v><l id="311151" t="с"><g v="PREP"></g></l></v></tfr></token><token id="673971" text="69"><tfr rev_id="2462546" t="69"><v><l id="0" t="69"><g v="NUMB"></g></l></v></tfr></token><token id="673972" text="млн"><tfr rev_id="4497197" t="млн"><v><l id="389040" t="млн"><g v="NOUN"></g><g v="inan"></g><g v="masc"></g><g v="Fixd"></g><g v="Abbr"></g><g v="plur"></g><g v="nomn"></g></l></v><v><l id="389040" t="млн"><g v="NOUN"></g><g v="inan"></g><g v="masc"></g><g v="Fixd"></g><g v="Abbr"></g><g v="plur"></g><g v="gent"></g></l></v><v><l id="389040" t="млн"><g v="NOUN"></g><g v="inan"></g><g v="masc"></g><g v="Fixd"></g><g v="Abbr"></g><g v="plur"></g><g v="datv"></g></l></v><v><l id="389040" t="млн"><g v="NOUN"></g><g v="inan"></g><g v="masc"></g><g v="Fixd"></g><g v="Abbr"></g><g v="plur"></g><g v="accs"></g></l></v><v><l id="389040" t="млн"><g v="NOUN"></g><g v="inan"></g><g v="masc"></g><g v="Fixd"></g><g v="Abbr"></g><g v="plur"></g><g v="ablt"></g></l></v><v><l id="389040" t="млн"><g v="NOUN"></g><g v="inan"></g><g v="masc"></g><g v="Fixd"></g><g v="Abbr"></g><g v="plur"></g><g v="loct"></g></l></v></tfr></token><token id="673973" text="."><tfr rev_id="1506065" t="."><v><l id="0" t="."><g v="PNCT"></g></l></v></tfr></token><token id="673974" text="человек"><tfr rev_id="3283214" t="человек"><v><l id="375073" t="человек"><g v="NOUN"></g><g v="anim"></g><g v="masc"></g><g v="plur"></g><g v="gent"></g></l></v></tfr></token><token id="673975" text="в"><tfr rev_id="1506067" t="в"><v><l id="37409" t="в"><g v="PREP"></g></l></v></tfr></token><token id="673976" text="2002"><tfr rev_id="2462547" t="2002"><v><l id="0" t="2002"><g v="NUMB"></g></l></v></tfr></token><token id="673977" text="году"><tfr rev_id="2827572" t="году"><v><l id="72149" t="год"><g v="NOUN"></g><g v="inan"></g><g v="masc"></g><g v="sing"></g><g v="loc2"></g></l></v></tfr></token><token id="673978" text="до"><tfr rev_id="1506070" t="до"><v><l id="85153" t="до"><g v="PREP"></g></l></v></tfr></token><token id="673979" text="75"><tfr rev_id="2462548" t="75"><v><l id="0" t="75"><g v="NUMB"></g></l></v></tfr></token><token id="673980" text="млн"><tfr rev_id="4173966" t="млн"><v><l id="389040" t="млн"><g v="NOUN"></g><g v="inan"></g><g v="masc"></g><g v="Fixd"></g><g v="Abbr"></g><g v="plur"></g><g v="gent"></g></l></v></tfr></token><token id="673981" text="."><tfr rev_id="1506073" t="."><v><l id="0" t="."><g v="PNCT"></g></l></v></tfr></token><token id="673982" text="человек"><tfr rev_id="3523457" t="человек"><v><l id="375073" t="человек"><g v="NOUN"></g><g v="anim"></g><g v="masc"></g><g v="plur"></g><g v="gent"></g></l></v></tfr></token><token id="673983" text="в"><tfr rev_id="1506075" t="в"><v><l id="37409" t="в"><g v="PREP"></g></l></v></tfr></token><token id="673984" text="2006"><tfr rev_id="2462549" t="2006"><v><l id="0" t="2006"><g v="NUMB"></g></l></v></tfr></token></tokens></sentence><sentence id="37798"><source>Уровень безработицы в Турции сократился с 10,8% в 2002 году до 8,9% в 2006 году</source><tokens><token id="673985" text="Уровень"><tfr rev_id="3477959" t="Уровень"><v><l id="359953" t="уровень"><g v="NOUN"></g><g v="inan"></g><g v="masc"></g><g v="sing"></g><g v="nomn"></g></l></v></tfr></token><token id="673986" text="безработицы"><tfr rev_id="3466883" t="безработицы"><v><l id="26303" t="безработица"><g v="NOUN"></g><g v="inan"></g><g v="femn"></g><g v="sing"></g><g v="gent"></g></l></v></tfr></token><token id="673987" text="в"><tfr rev_id="1506079" t="в"><v><l id="37409" t="в"><g v="PREP"></g></l></v></tfr></token><token id="673988" text="Турции"><tfr rev_id="3455281" t="Турции"><v><l id="351881" t="турция"><g v="NOUN"></g><g v="inan"></g><g v="femn"></g><g v="Sgtm"></g><g v="Geox"></g><g v="sing"></g><g v="loct"></g></l></v></tfr></token><token id="673989" text="сократился"><tfr rev_id="1506081" t="сократился"><v><l id="328824" t="сократился"><g v="VERB"></g><g v="perf"></g><g v="intr"></g><g v="masc"></g><g v="sing"></g><g v="past"></g><g v="indc"></g></l></v></tfr></token><token id="673990" text="с"><tfr rev_id="1506082" t="с"><v><l id="311151" t="с"><g v="PREP"></g></l></v></tfr></token><token id="673991" text="10,8"><tfr rev_id="2462550" t="10,8"><v><l id="0" t="10,8"><g v="NUMB"></g></l></v></tfr></token><token id="673992" text="%"><tfr rev_id="2446310" t="%"><v><l id="0" t="%"><g v="PNCT"></g></l></v></tfr></token><token id="673993" text="в"><tfr rev_id="1506085" t="в"><v><l id="37409" t="в"><g v="PREP"></g></l></v></tfr></token><token id="673994" text="2002"><tfr rev_id="2462551" t="2002"><v><l id="0" t="2002"><g v="NUMB"></g></l></v></tfr></token><token id="673995" text="году"><tfr rev_id="3045981" t="году"><v><l id="72149" t="год"><g v="NOUN"></g><g v="inan"></g><g v="masc"></g><g v="sing"></g><g v="loc2"></g></l></v></tfr></token><token id="673996" text="до"><tfr rev_id="1506088" t="до"><v><l id="85153" t="до"><g v="PREP"></g></l></v></tfr></token><token id="673997" text="8,9"><tfr rev_id="2462552" t="8,9"><v><l id="0" t="8,9"><g v="NUMB"></g></l></v></tfr></token><token id="673998" text="%"><tfr rev_id="2446311" t="%"><v><l id="0" t="%"><g v="PNCT"></g></l></v></tfr></token><token id="673999" text="в"><tfr rev_id="1506091" t="в"><v><l id="37409" t="в"><g v="PREP"></g></l></v></tfr></token><token id="674000" text="2006"><tfr rev_id="2462553" t="2006"><v><l id="0" t="2006"><g v="NUMB"></g></l></v></tfr></token><token id="674001" text="году"><tfr rev_id="2827548" t="году"><v><l id="72149" t="год"><g v="NOUN"></g><g v="inan"></g><g v="masc"></g><g v="sing"></g><g v="loc2"></g></l></v></tfr></token></tokens></sentence><sentence id="37799"><source>Средняя продолжительность жизни увеличилась у мужчин – с 68,2 лет в 2002 г. до 69 лет в 2006 г., у женщин с 73 лет в 2002 г. до 73,9 лет в 2006 г.</source><tokens><token id="674002" text="Средняя"><tfr rev_id="1506094" t="Средняя"><v><l id="333705" t="средний"><g v="ADJF"></g><g v="femn"></g><g v="sing"></g><g v="nomn"></g></l></v></tfr></token><token id="674003" text="продолжительность"><tfr rev_id="4104885" t="продолжительность"><v><l id="279228" t="продолжительность"><g v="NOUN"></g><g v="inan"></g><g v="femn"></g><g v="sing"></g><g v="nomn"></g></l></v></tfr></token><token id="674004" text="жизни"><tfr rev_id="3558137" t="жизни"><v><l id="97314" t="жизнь"><g v="NOUN"></g><g v="inan"></g><g v="femn"></g><g v="sing"></g><g v="gent"></g></l></v></tfr></token><token id="674005" text="увеличилась"><tfr rev_id="1506097" t="увеличилась"><v><l id="353402" t="увеличился"><g v="VERB"></g><g v="perf"></g><g v="intr"></g><g v="femn"></g><g v="sing"></g><g v="past"></g><g v="indc"></g></l></v></tfr></token><token id="674006" text="у"><tfr rev_id="3230702" t="у"><v><l id="352818" t="у"><g v="PREP"></g></l></v></tfr></token><token id="674007" text="мужчин"><tfr rev_id="3704559" t="мужчин"><v><l id="164766" t="мужчина"><g v="NOUN"></g><g v="anim"></g><g v="masc"></g><g v="plur"></g><g v="gent"></g></l></v></tfr></token><token id="674008" text="–"><tfr rev_id="2446312" t="–"><v><l id="0" t="–"><g v="PNCT"></g></l></v></tfr></token><token id="674009" text="с"><tfr rev_id="1506101" t="с"><v><l id="311151" t="с"><g v="PREP"></g></l></v></tfr></token><token id="674010" text="68,2"><tfr rev_id="2462554" t="68,2"><v><l id="0" t="68,2"><g v="NUMB"></g></l></v></tfr></token><token id="674011" text="лет"><tfr rev_id="3264329" t="лет"><v><l id="72149" t="год"><g v="NOUN"></g><g v="inan"></g><g v="masc"></g><g v="plur"></g><g v="gent"></g></l></v></tfr></token><token id="674012" text="в"><tfr rev_id="1506104" t="в"><v><l id="37409" t="в"><g v="PREP"></g></l></v></tfr></token><token id="674013" text="2002"><tfr rev_id="2462555" t="2002"><v><l id="0" t="2002"><g v="NUMB"></g></l></v></tfr></token><token id="674014" text="г"><tfr rev_id="3680757" t="г"><v><l id="389596" t="г"><g v="NOUN"></g><g v="inan"></g><g v="masc"></g><g v="Fixd"></g><g v="Abbr"></g><g v="sing"></g><g v="nomn"></g></l></v><v><l id="389596" t="г"><g v="NOUN"></g><g v="inan"></g><g v="masc"></g><g v="Fixd"></g><g v="Abbr"></g><g v="sing"></g><g v="gent"></g></l></v><v><l id="389596" t="г"><g v="NOUN"></g><g v="inan"></g><g v="masc"></g><g v="Fixd"></g><g v="Abbr"></g><g v="sing"></g><g v="datv"></g></l></v><v><l id="389596" t="г"><g v="NOUN"></g><g v="inan"></g><g v="masc"></g><g v="Fixd"></g><g v="Abbr"></g><g v="sing"></g><g v="accs"></g></l></v><v><l id="389596" t="г"><g v="NOUN"></g><g v="inan"></g><g v="masc"></g><g v="Fixd"></g><g v="Abbr"></g><g v="sing"></g><g v="ablt"></g></l></v><v><l id="389596" t="г"><g v="NOUN"></g><g v="inan"></g><g v="masc"></g><g v="Fixd"></g><g v="Abbr"></g><g v="sing"></g><g v="loct"></g></l></v></tfr></token><token id="674015" text="."><tfr rev_id="1506107" t="."><v><l id="0" t="."><g v="PNCT"></g></l></v></tfr></token><token id="674016" text="до"><tfr rev_id="1506108" t="до"><v><l id="85153" t="до"><g v="PREP"></g></l></v></tfr></token><token id="674017" text="69"><tfr rev_id="2462556" t="69"><v><l id="0" t="69"><g v="NUMB"></g></l></v></tfr></token><token id="674018" text="лет"><tfr rev_id="3476302" t="лет"><v><l id="72149" t="год"><g v="NOUN"></g><g v="inan"></g><g v="masc"></g><g v="plur"></g><g v="gent"></g></l></v></tfr></token><token id="674019" text="в"><tfr rev_id="1506111" t="в"><v><l id="37409" t="в"><g v="PREP"></g></l></v></tfr></token><token id="674020" text="2006"><tfr rev_id="2462557" t="2006"><v><l id="0" t="2006"><g v="NUMB"></g></l></v></tfr></token><token id="674021" text="г"><tfr rev_id="3680758" t="г"><v><l id="389596" t="г"><g v="NOUN"></g><g v="inan"></g><g v="masc"></g><g v="Fixd"></g><g v="Abbr"></g><g v="sing"></g><g v="nomn"></g></l></v><v><l id="389596" t="г"><g v="NOUN"></g><g v="inan"></g><g v="masc"></g><g v="Fixd"></g><g v="Abbr"></g><g v="sing"></g><g v="gent"></g></l></v><v><l id="389596" t="г"><g v="NOUN"></g><g v="inan"></g><g v="masc"></g><g v="Fixd"></g><g v="Abbr"></g><g v="sing"></g><g v="datv"></g></l></v><v><l id="389596" t="г"><g v="NOUN"></g><g v="inan"></g><g v="masc"></g><g v="Fixd"></g><g v="Abbr"></g><g v="sing"></g><g v="accs"></g></l></v><v><l id="389596" t="г"><g v="NOUN"></g><g v="inan"></g><g v="masc"></g><g v="Fixd"></g><g v="Abbr"></g><g v="sing"></g><g v="ablt"></g></l></v><v><l id="389596" t="г"><g v="NOUN"></g><g v="inan"></g><g v="masc"></g><g v="Fixd"></g><g v="Abbr"></g><g v="sing"></g><g v="loct"></g></l></v></tfr></token><token id="674022" text="."><tfr rev_id="1506114" t="."><v><l id="0" t="."><g v="PNCT"></g></l></v></tfr></token><token id="674023" text=","><tfr rev_id="1506115" t=","><v><l id="0" t=","><g v="PNCT"></g></l></v></tfr></token><token id="674024" text="у"><tfr rev_id="3301810" t="у"><v><l id="352818" t="у"><g v="PREP"></g></l></v></tfr></token><token id="674025" text="женщин"><tfr rev_id="2369424" t="женщин"><v><l id="96749" t="женщина"><g v="NOUN"></g><g v="anim"></g><g v="femn"></g><g v="plur"></g><g v="gent"></g></l></v></tfr></token><token id="674026" text="с"><tfr rev_id="1506118" t="с"><v><l id="311151" t="с"><g v="PREP"></g></l></v></tfr></token><token id="674027" text="73"><tfr rev_id="2462558" t="73"><v><l id="0" t="73"><g v="NUMB"></g></l></v></tfr></token><token id="674028" text="лет"><tfr rev_id="2636890" t="лет"><v><l id="72149" t="год"><g v="NOUN"></g><g v="inan"></g><g v="masc"></g><g v="plur"></g><g v="gent"></g></l></v></tfr></token><token id="674029" text="в"><tfr rev_id="1506121" t="в"><v><l id="37409" t="в"><g v="PREP"></g></l></v></tfr></token><token id="674030" text="2002"><tfr rev_id="2462559" t="2002"><v><l id="0" t="2002"><g v="NUMB"></g></l></v></tfr></token><token id="674031" text="г"><tfr rev_id="4396213" t="г"><v><l id="389596" t="г"><g v="NOUN"></g><g v="inan"></g><g v="masc"></g><g v="Fixd"></g><g v="Abbr"></g><g v="sing"></g><g v="loct"></g></l></v></tfr></token><token id="674032" text="."><tfr rev_id="1506124" t="."><v><l id="0" t="."><g v="PNCT"></g></l></v></tfr></token><token id="674033" text="до"><tfr rev_id="1506125" t="до"><v><l id="85153" t="до"><g v="PREP"></g></l></v></tfr></token><token id="674034" text="73,9"><tfr rev_id="2462560" t="73,9"><v><l id="0" t="73,9"><g v="NUMB"></g></l></v></tfr></token><token id="674035" text="лет"><tfr rev_id="3484504" t="лет"><v><l id="72149" t="год"><g v="NOUN"></g><g v="inan"></g><g v="masc"></g><g v="plur"></g><g v="gent"></g></l></v></tfr></token><token id="674036" text="в"><tfr rev_id="1506128" t="в"><v><l id="37409" t="в"><g v="PREP"></g></l></v></tfr></token><token id="674037" text="2006"><tfr rev_id="2462561" t="2006"><v><l id="0" t="2006"><g v="NUMB"></g></l></v></tfr></token><token id="674038" text="г"><tfr rev_id="3680760" t="г"><v><l id="389596" t="г"><g v="NOUN"></g><g v="inan"></g><g v="masc"></g><g v="Fixd"></g><g v="Abbr"></g><g v="sing"></g><g v="nomn"></g></l></v><v><l id="389596" t="г"><g v="NOUN"></g><g v="inan"></g><g v="masc"></g><g v="Fixd"></g><g v="Abbr"></g><g v="sing"></g><g v="gent"></g></l></v><v><l id="389596" t="г"><g v="NOUN"></g><g v="inan"></g><g v="masc"></g><g v="Fixd"></g><g v="Abbr"></g><g v="sing"></g><g v="datv"></g></l></v><v><l id="389596" t="г"><g v="NOUN"></g><g v="inan"></g><g v="masc"></g><g v="Fixd"></g><g v="Abbr"></g><g v="sing"></g><g v="accs"></g></l></v><v><l id="389596" t="г"><g v="NOUN"></g><g v="inan"></g><g v="masc"></g><g v="Fixd"></g><g v="Abbr"></g><g v="sing"></g><g v="ablt"></g></l></v><v><l id="389596" t="г"><g v="NOUN"></g><g v="inan"></g><g v="masc"></g><g v="Fixd"></g><g v="Abbr"></g><g v="sing"></g><g v="loct"></g></l></v></tfr></token><token id="674039" text="."><tfr rev_id="1506131" t="."><v><l id="0" t="."><g v="PNCT"></g></l></v></tfr></token></tokens></sentence><sentence id="37800"><source>ВВП Турции увеличился с 350 млрд. долл. США до более чем 400 млрд. долл. США</source><tokens><token id="674040" text="ВВП"><tfr rev_id="4164862" t="ВВП"><v><l id="389092" t="ввп"><g v="NOUN"></g><g v="inan"></g><g v="masc"></g><g v="Fixd"></g><g v="Abbr"></g><g v="Sgtm"></g><g v="sing"></g><g v="nomn"></g></l></v></tfr></token><token id="674041" text="Турции"><tfr rev_id="3454925" t="Турции"><v><l id="351881" t="турция"><g v="NOUN"></g><g v="inan"></g><g v="femn"></g><g v="Sgtm"></g><g v="Geox"></g><g v="sing"></g><g v="gent"></g></l></v></tfr></token><token id="674042" text="увеличился"><tfr rev_id="1506134" t="увеличился"><v><l id="353402" t="увеличился"><g v="VERB"></g><g v="perf"></g><g v="intr"></g><g v="masc"></g><g v="sing"></g><g v="past"></g><g v="indc"></g></l></v></tfr></token><token id="674043" text="с"><tfr rev_id="1506135" t="с"><v><l id="311151" t="с"><g v="PREP"></g></l></v></tfr></token><token id="674044" text="350"><tfr rev_id="2462562" t="350"><v><l id="0" t="350"><g v="NUMB"></g></l></v></tfr></token><token id="674045" text="млрд"><tfr rev_id="4287333" t="млрд"><v><l id="389048" t="млрд"><g v="NOUN"></g><g v="inan"></g><g v="masc"></g><g v="Fixd"></g><g v="Abbr"></g><g v="plur"></g><g v="gent"></g></l></v></tfr></token><token id="674046" text="."><tfr rev_id="1506138" t="."><v><l id="0" t="."><g v="PNCT"></g></l></v></tfr></token><token id="674047" text="долл"><tfr rev_id="4497029" t="долл"><v><l id="389054" t="долл"><g v="NOUN"></g><g v="inan"></g><g v="masc"></g><g v="Fixd"></g><g v="Abbr"></g><g v="plur"></g><g v="nomn"></g></l></v><v><l id="389054" t="долл"><g v="NOUN"></g><g v="inan"></g><g v="masc"></g><g v="Fixd"></g><g v="Abbr"></g><g v="plur"></g><g v="gent"></g></l></v><v><l id="389054" t="долл"><g v="NOUN"></g><g v="inan"></g><g v="masc"></g><g v="Fixd"></g><g v="Abbr"></g><g v="plur"></g><g v="datv"></g></l></v><v><l id="389054" t="долл"><g v="NOUN"></g><g v="inan"></g><g v="masc"></g><g v="Fixd"></g><g v="Abbr"></g><g v="plur"></g><g v="accs"></g></l></v><v><l id="389054" t="долл"><g v="NOUN"></g><g v="inan"></g><g v="masc"></g><g v="Fixd"></g><g v="Abbr"></g><g v="plur"></g><g v="ablt"></g></l></v><v><l id="389054" t="долл"><g v="NOUN"></g><g v="inan"></g><g v="masc"></g><g v="Fixd"></g><g v="Abbr"></g><g v="plur"></g><g v="loct"></g></l></v></tfr></token><token id="674048" text="."><tfr rev_id="1506140" t="."><v><l id="0" t="."><g v="PNCT"></g></l></v></tfr></token><token id="674049" text="США"><tfr rev_id="3811426" t="США"><v><l id="341371" t="сша"><g v="NOUN"></g><g v="inan"></g><g v="GNdr"></g><g v="Pltm"></g><g v="Fixd"></g><g v="Abbr"></g><g v="Geox"></g><g v="plur"></g><g v="nomn"></g></l></v><v><l id="341371" t="сша"><g v="NOUN"></g><g v="inan"></g><g v="GNdr"></g><g v="Pltm"></g><g v="Fixd"></g><g v="Abbr"></g><g v="Geox"></g><g v="plur"></g><g v="gent"></g></l></v><v><l id="341371" t="сша"><g v="NOUN"></g><g v="inan"></g><g v="GNdr"></g><g v="Pltm"></g><g v="Fixd"></g><g v="Abbr"></g><g v="Geox"></g><g v="plur"></g><g v="datv"></g></l></v><v><l id="341371" t="сша"><g v="NOUN"></g><g v="inan"></g><g v="GNdr"></g><g v="Pltm"></g><g v="Fixd"></g><g v="Abbr"></g><g v="Geox"></g><g v="plur"></g><g v="accs"></g></l></v><v><l id="341371" t="сша"><g v="NOUN"></g><g v="inan"></g><g v="GNdr"></g><g v="Pltm"></g><g v="Fixd"></g><g v="Abbr"></g><g v="Geox"></g><g v="plur"></g><g v="ablt"></g></l></v><v><l id="341371" t="сша"><g v="NOUN"></g><g v="inan"></g><g v="GNdr"></g><g v="Pltm"></g><g v="Fixd"></g><g v="Abbr"></g><g v="Geox"></g><g v="plur"></g><g v="loct"></g></l></v></tfr></token><token id="674050" text="до"><tfr rev_id="1506142" t="до"><v><l id="85153" t="до"><g v="PREP"></g></l></v></tfr></token><token id="674051" text="более"><tfr rev_id="1506143" t="более"><v><l id="32065" t="более"><g v="ADVB"></g></l></v></tfr></token><token id="674052" text="чем"><tfr rev_id="4283229" t="чем"><v><l id="375161" t="чем"><g v="CONJ"></g></l></v></tfr></token><token id="674053" text="400"><tfr rev_id="2462563" t="400"><v><l id="0" t="400"><g v="NUMB"></g></l></v></tfr></token><token id="674054" text="млрд"><tfr rev_id="4165515" t="млрд"><v><l id="389048" t="млрд"><g v="NOUN"></g><g v="inan"></g><g v="masc"></g><g v="Fixd"></g><g v="Abbr"></g><g v="plur"></g><g v="nomn"></g></l></v><v><l id="389048" t="млрд"><g v="NOUN"></g><g v="inan"></g><g v="masc"></g><g v="Fixd"></g><g v="Abbr"></g><g v="plur"></g><g v="gent"></g></l></v><v><l id="389048" t="млрд"><g v="NOUN"></g><g v="inan"></g><g v="masc"></g><g v="Fixd"></g><g v="Abbr"></g><g v="plur"></g><g v="datv"></g></l></v><v><l id="389048" t="млрд"><g v="NOUN"></g><g v="inan"></g><g v="masc"></g><g v="Fixd"></g><g v="Abbr"></g><g v="plur"></g><g v="accs"></g></l></v><v><l id="389048" t="млрд"><g v="NOUN"></g><g v="inan"></g><g v="masc"></g><g v="Fixd"></g><g v="Abbr"></g><g v="plur"></g><g v="ablt"></g></l></v><v><l id="389048" t="млрд"><g v="NOUN"></g><g v="inan"></g><g v="masc"></g><g v="Fixd"></g><g v="Abbr"></g><g v="plur"></g><g v="loct"></g></l></v></tfr></token><token id="674055" text="."><tfr rev_id="1506147" t="."><v><l id="0" t="."><g v="PNCT"></g></l></v></tfr></token><token id="674056" text="долл"><tfr rev_id="4496875" t="долл"><v><l id="389054" t="долл"><g v="NOUN"></g><g v="inan"></g><g v="masc"></g><g v="Fixd"></g><g v="Abbr"></g><g v="plur"></g><g v="nomn"></g></l></v><v><l id="389054" t="долл"><g v="NOUN"></g><g v="inan"></g><g v="masc"></g><g v="Fixd"></g><g v="Abbr"></g><g v="plur"></g><g v="gent"></g></l></v><v><l id="389054" t="долл"><g v="NOUN"></g><g v="inan"></g><g v="masc"></g><g v="Fixd"></g><g v="Abbr"></g><g v="plur"></g><g v="datv"></g></l></v><v><l id="389054" t="долл"><g v="NOUN"></g><g v="inan"></g><g v="masc"></g><g v="Fixd"></g><g v="Abbr"></g><g v="plur"></g><g v="accs"></g></l></v><v><l id="389054" t="долл"><g v="NOUN"></g><g v="inan"></g><g v="masc"></g><g v="Fixd"></g><g v="Abbr"></g><g v="plur"></g><g v="ablt"></g></l></v><v><l id="389054" t="долл"><g v="NOUN"></g><g v="inan"></g><g v="masc"></g><g v="Fixd"></g><g v="Abbr"></g><g v="plur"></g><g v="loct"></g></l></v></tfr></token><token id="674057" text="."><tfr rev_id="1506149" t="."><v><l id="0" t="."><g v="PNCT"></g></l></v></tfr></token><token id="674058" text="США"><tfr rev_id="3811427" t="США"><v><l id="341371" t="сша"><g v="NOUN"></g><g v="inan"></g><g v="GNdr"></g><g v="Pltm"></g><g v="Fixd"></g><g v="Abbr"></g><g v="Geox"></g><g v="plur"></g><g v="gent"></g></l></v></tfr></token></tokens></sentence><sentence id="37801"><source>Инфляция в Турции уменьшилась с 40% в 2002 к 8.2 % в 2006 применительно к процентной ставке 15 %.</source><tokens><token id="674059" text="Инфляция"><tfr rev_id="1506151" t="Инфляция"><v><l id="123553" t="инфляция"><g v="NOUN"></g><g v="inan"></g><g v="femn"></g><g v="sing"></g><g v="nomn"></g></l></v></tfr></token><token id="674060" text="в"><tfr rev_id="1506152" t="в"><v><l id="37409" t="в"><g v="PREP"></g></l></v></tfr></token><token id="674061" text="Турции"><tfr rev_id="2934835" t="Турции"><v><l id="351881" t="турция"><g v="NOUN"></g><g v="inan"></g><g v="femn"></g><g v="Sgtm"></g><g v="Geox"></g><g v="sing"></g><g v="loct"></g></l></v></tfr></token><token id="674062" text="уменьшилась"><tfr rev_id="1506154" t="уменьшилась"><v><l id="357504" t="уменьшился"><g v="VERB"></g><g v="perf"></g><g v="intr"></g><g v="femn"></g><g v="sing"></g><g v="past"></g><g v="indc"></g></l></v></tfr></token><token id="674063" text="с"><tfr rev_id="1506155" t="с"><v><l id="311151" t="с"><g v="PREP"></g></l></v></tfr></token><token id="674064" text="40"><tfr rev_id="2462564" t="40"><v><l id="0" t="40"><g v="NUMB"></g></l></v></tfr></token><token id="674065" text="%"><tfr rev_id="2446313" t="%"><v><l id="0" t="%"><g v="PNCT"></g></l></v></tfr></token><token id="674066" text="в"><tfr rev_id="1506158" t="в"><v><l id="37409" t="в"><g v="PREP"></g></l></v></tfr></token><token id="674067" text="2002"><tfr rev_id="2462565" t="2002"><v><l id="0" t="2002"><g v="NUMB"></g></l></v></tfr></token><token id="674068" text="к"><tfr rev_id="1506160" t="к"><v><l id="127460" t="к"><g v="PREP"></g></l></v></tfr></token><token id="674069" text="8.2"><tfr rev_id="2462566" t="8.2"><v><l id="0" t="8.2"><g v="NUMB"></g></l></v></tfr></token><token id="674070" text="%"><tfr rev_id="2446314" t="%"><v><l id="0" t="%"><g v="PNCT"></g></l></v></tfr></token><token id="674071" text="в"><tfr rev_id="1506163" t="в"><v><l id="37409" t="в"><g v="PREP"></g></l></v></tfr></token><token id="674072" text="2006"><tfr rev_id="2462567" t="2006"><v><l id="0" t="2006"><g v="NUMB"></g></l></v></tfr></token><token id="674073" text="применительно"><tfr rev_id="1506165" t="применительно"><v><l id="271951" t="применительно"><g v="ADVB"></g></l></v></tfr></token><token id="674074" text="к"><tfr rev_id="1506166" t="к"><v><l id="127460" t="к"><g v="PREP"></g></l></v></tfr></token><token id="674075" text="процентной"><tfr rev_id="4542125" t="процентной"><v><l id="287357" t="процентный"><g v="ADJF"></g><g v="femn"></g><g v="sing"></g><g v="datv"></g></l></v></tfr></token><token id="674076" text="ставке"><tfr rev_id="3447045" t="ставке"><v><l id="334334" t="ставка"><g v="NOUN"></g><g v="inan"></g><g v="femn"></g><g v="sing"></g><g v="datv"></g></l></v></tfr></token><token id="674077" text="15"><tfr rev_id="2462568" t="15"><v><l id="0" t="15"><g v="NUMB"></g></l></v></tfr></token><token id="674078" text="%"><tfr rev_id="2446315" t="%"><v><l id="0" t="%"><g v="PNCT"></g></l></v></tfr></token><token id="674138" text="."><tfr rev_id="1506230" t="."><v><l id="0" t="."><g v="PNCT"></g></l></v></tfr></token></tokens></sentence><sentence id="37804"><source>Значительно увеличился уровень образования населения.</source><tokens><token id="674079" text="Значительно"><tfr rev_id="4239238" t="Значительно"><v><l id="116024" t="значительно"><g v="ADVB"></g></l></v></tfr></token><token id="674080" text="увеличился"><tfr rev_id="1506172" t="увеличился"><v><l id="353402" t="увеличился"><g v="VERB"></g><g v="perf"></g><g v="intr"></g><g v="masc"></g><g v="sing"></g><g v="past"></g><g v="indc"></g></l></v></tfr></token><token id="674081" text="уровень"><tfr rev_id="1506173" t="уровень"><v><l id="359953" t="уровень"><g v="NOUN"></g><g v="inan"></g><g v="masc"></g><g v="sing"></g><g v="nomn"></g></l></v><v><l id="359953" t="уровень"><g v="NOUN"></g><g v="inan"></g><g v="masc"></g><g v="sing"></g><g v="accs"></g></l></v></tfr></token><token id="674082" text="образования"><tfr rev_id="3433999" t="образования"><v><l id="198798" t="образование"><g v="NOUN"></g><g v="inan"></g><g v="neut"></g><g v="sing"></g><g v="gent"></g></l></v></tfr></token><token id="674083" text="населения"><tfr rev_id="3485375" t="населения"><v><l id="175227" t="население"><g v="NOUN"></g><g v="inan"></g><g v="neut"></g><g v="sing"></g><g v="gent"></g></l></v></tfr></token><token id="674084" text="."><tfr rev_id="1506176" t="."><v><l id="0" t="."><g v="PNCT"></g></l></v></tfr></token></tokens></sentence></paragraph><paragraph id="12128"><sentence id="37802"><source>Во всех городах Турции в предвыборное время из окон простых квартир свешивалось на порядок больше флагов с рекламой AK партии, чем всех остальных турецких партий вместе взятых (всего в Турции 14 политических партий).</source><tokens><token id="674085" text="Во"><tfr rev_id="2920309" t="Во"><v><l id="37409" t="в"><g v="PREP"></g><g v="Vpre"></g></l></v></tfr></token><token id="674086" text="всех"><tfr rev_id="4402448" t="всех"><v><l id="42156" t="весь"><g v="ADJF"></g><g v="Subx"></g><g v="Apro"></g><g v="plur"></g><g v="loct"></g></l></v></tfr></token><token id="674087" text="городах"><tfr rev_id="1506179" t="городах"><v><l id="73547" t="город"><g v="NOUN"></g><g v="inan"></g><g v="masc"></g><g v="plur"></g><g v="loct"></g></l></v></tfr></token><token id="674088" text="Турции"><tfr rev_id="2922418" t="Турции"><v><l id="351881" t="турция"><g v="NOUN"></g><g v="inan"></g><g v="femn"></g><g v="Sgtm"></g><g v="Geox"></g><g v="sing"></g><g v="gent"></g></l></v></tfr></token><token id="674089" text="в"><tfr rev_id="1506181" t="в"><v><l id="37409" t="в"><g v="PREP"></g></l></v></tfr></token><token id="674090" text="предвыборное"><tfr rev_id="1506182" t="предвыборное"><v><l id="266418" t="предвыборный"><g v="ADJF"></g><g v="neut"></g><g v="sing"></g><g v="nomn"></g></l></v><v><l id="266418" t="предвыборный"><g v="ADJF"></g><g v="neut"></g><g v="sing"></g><g v="accs"></g></l></v></tfr></token><token id="674091" text="время"><tfr rev_id="1506183" t="время"><v><l id="53149" t="время"><g v="NOUN"></g><g v="inan"></g><g v="neut"></g><g v="sing"></g><g v="nomn"></g></l></v><v><l id="53149" t="время"><g v="NOUN"></g><g v="inan"></g><g v="neut"></g><g v="sing"></g><g v="accs"></g></l></v></tfr></token><token id="674092" text="из"><tfr rev_id="2503386" t="из"><v><l id="117677" t="из"><g v="PREP"></g></l></v></tfr></token><token id="674093" text="окон"><tfr rev_id="1506185" t="окон"><v><l id="204916" t="окно"><g v="NOUN"></g><g v="inan"></g><g v="neut"></g><g v="plur"></g><g v="gent"></g></l></v></tfr></token><token id="674094" text="простых"><tfr rev_id="4402528" t="простых"><v><l id="285047" t="простой"><g v="ADJF"></g><g v="Qual"></g><g v="plur"></g><g v="gent"></g></l></v></tfr></token><token id="674095" text="квартир"><tfr rev_id="1506187" t="квартир"><v><l id="132025" t="квартира"><g v="NOUN"></g><g v="inan"></g><g v="femn"></g><g v="plur"></g><g v="gent"></g></l></v></tfr></token><token id="674096" text="свешивалось"><tfr rev_id="1506188" t="свешивалось"><v><l id="315845" t="свешиваюсь"><g v="VERB"></g><g v="impf"></g><g v="intr"></g><g v="neut"></g><g v="sing"></g><g v="past"></g><g v="indc"></g></l></v></tfr></token><token id="674097" text="на"><tfr rev_id="3475548" t="на"><v><l id="166264" t="на"><g v="PREP"></g></l></v></tfr></token><token id="674098" text="порядок"><tfr rev_id="2782321" t="порядок"><v><l id="260978" t="порядок"><g v="NOUN"></g><g v="inan"></g><g v="masc"></g><g v="sing"></g><g v="accs"></g></l></v></tfr></token><token id="674099" text="больше"><tfr rev_id="2558508" t="больше"><v><l id="32325" t="больше"><g v="ADVB"></g></l></v><v><l id="32447" t="больше"><g v="COMP"></g><g v="Qual"></g></l></v></tfr></token><token id="674100" text="флагов"><tfr rev_id="1506192" t="флагов"><v><l id="366376" t="флаг"><g v="NOUN"></g><g v="inan"></g><g v="masc"></g><g v="plur"></g><g v="gent"></g></l></v></tfr></token><token id="674101" text="с"><tfr rev_id="1506193" t="с"><v><l id="311151" t="с"><g v="PREP"></g></l></v></tfr></token><token id="674102" text="рекламой"><tfr rev_id="1506194" t="рекламой"><v><l id="305670" t="реклама"><g v="NOUN"></g><g v="inan"></g><g v="femn"></g><g v="sing"></g><g v="ablt"></g></l></v></tfr></token><token id="674103" text="AK"><tfr rev_id="2475225" t="AK"><v><l id="0" t="AK"><g v="LATN"></g></l></v></tfr></token><token id="674104" text="партии"><tfr rev_id="3553112" t="партии"><v><l id="224431" t="партия"><g v="NOUN"></g><g v="inan"></g><g v="femn"></g><g v="sing"></g><g v="gent"></g></l></v></tfr></token><token id="674105" text=","><tfr rev_id="1506197" t=","><v><l id="0" t=","><g v="PNCT"></g></l></v></tfr></token><token id="674106" text="чем"><tfr rev_id="4328782" t="чем"><v><l id="375161" t="чем"><g v="CONJ"></g></l></v></tfr></token><token id="674107" text="всех"><tfr rev_id="4409019" t="всех"><v><l id="42156" t="весь"><g v="ADJF"></g><g v="Subx"></g><g v="Apro"></g><g v="plur"></g><g v="gent"></g></l></v></tfr></token><token id="674108" text="остальных"><tfr rev_id="4137261" t="остальных"><v><l id="210836" t="остальной"><g v="ADJF"></g><g v="Subx"></g><g v="Apro"></g><g v="plur"></g><g v="gent"></g></l></v></tfr></token><token id="674109" text="турецких"><tfr rev_id="3709407" t="турецких"><v><l id="351763" t="турецкий"><g v="ADJF"></g><g v="plur"></g><g v="gent"></g></l></v></tfr></token><token id="674110" text="партий"><tfr rev_id="1506202" t="партий"><v><l id="224431" t="партия"><g v="NOUN"></g><g v="inan"></g><g v="femn"></g><g v="plur"></g><g v="gent"></g></l></v></tfr></token><token id="674111" text="вместе"><tfr rev_id="1506203" t="вместе"><v><l id="47122" t="вместе"><g v="ADVB"></g></l></v></tfr></token><token id="674112" text="взятых"><tfr rev_id="3417793" t="взятых"><v><l id="44307" t="взятый"><g v="PRTF"></g><g v="perf"></g><g v="tran"></g><g v="past"></g><g v="pssv"></g><g v="plur"></g><g v="gent"></g></l></v></tfr></token><token id="674113" text="("><tfr rev_id="1506205" t="("><v><l id="0" t="("><g v="PNCT"></g></l></v></tfr></token><token id="674114" text="всего"><tfr rev_id="4496370" t="всего"><v><l id="53373" t="всего"><g v="ADVB"></g></l></v></tfr></token><token id="674115" text="в"><tfr rev_id="1506207" t="в"><v><l id="37409" t="в"><g v="PREP"></g></l></v></tfr></token><token id="674116" text="Турции"><tfr rev_id="3454993" t="Турции"><v><l id="351881" t="турция"><g v="NOUN"></g><g v="inan"></g><g v="femn"></g><g v="Sgtm"></g><g v="Geox"></g><g v="sing"></g><g v="loct"></g></l></v></tfr></token><token id="674117" text="14"><tfr rev_id="2462569" t="14"><v><l id="0" t="14"><g v="NUMB"></g></l></v></tfr></token><token id="674118" text="политических"><tfr rev_id="4403019" t="политических"><v><l id="255870" t="политический"><g v="ADJF"></g><g v="plur"></g><g v="gent"></g></l></v></tfr></token><token id="674119" text="партий"><tfr rev_id="1506211" t="партий"><v><l id="224431" t="партия"><g v="NOUN"></g><g v="inan"></g><g v="femn"></g><g v="plur"></g><g v="gent"></g></l></v></tfr></token><token id="674120" text=")"><tfr rev_id="1506212" t=")"><v><l id="0" t=")"><g v="PNCT"></g></l></v></tfr></token><token id="674121" text="."><tfr rev_id="1506213" t="."><v><l id="0" t="."><g v="PNCT"></g></l></v></tfr></token></tokens></sentence></paragraph><paragraph id="12129"><sentence id="37803"><source>Результатом голосований было выявлено то, что никакие популистские лозунги не могут победить здравый смысл.</source><tokens><token id="674122" text="Результатом"><tfr rev_id="1506214" t="Результатом"><v><l id="305391" t="результат"><g v="NOUN"></g><g v="inan"></g><g v="masc"></g><g v="sing"></g><g v="ablt"></g></l></v></tfr></token><token id="674123" text="голосований"><tfr rev_id="1506215" t="голосований"><v><l id="72508" t="голосование"><g v="NOUN"></g><g v="inan"></g><g v="neut"></g><g v="plur"></g><g v="gent"></g></l></v></tfr></token><token id="674124" text="было"><tfr rev_id="3125010" t="было"><v><l id="37265" t="есть"><g v="VERB"></g><g v="impf"></g><g v="intr"></g><g v="neut"></g><g v="sing"></g><g v="past"></g><g v="indc"></g></l></v></tfr></token><token id="674125" text="выявлено"><tfr rev_id="1506217" t="выявлено"><v><l id="64876" t="выявлен"><g v="PRTS"></g><g v="perf"></g><g v="past"></g><g v="pssv"></g><g v="neut"></g><g v="sing"></g></l></v></tfr></token><token id="674126" text="то"><tfr rev_id="4347741" t="то"><v><l id="348430" t="тот"><g v="ADJF"></g><g v="Subx"></g><g v="Apro"></g><g v="Anph"></g><g v="neut"></g><g v="sing"></g><g v="nomn"></g></l></v><v><l id="348430" t="тот"><g v="ADJF"></g><g v="Subx"></g><g v="Apro"></g><g v="Anph"></g><g v="neut"></g><g v="sing"></g><g v="accs"></g></l></v></tfr></token><token id="674127" text=","><tfr rev_id="1506219" t=","><v><l id="0" t=","><g v="PNCT"></g></l></v></tfr></token><token id="674128" text="что"><tfr rev_id="3197533" t="что"><v><l id="377004" t="что"><g v="CONJ"></g></l></v><v><l id="377005" t="что"><g v="NPRO"></g><g v="neut"></g><g v="sing"></g><g v="nomn"></g></l></v><v><l id="377005" t="что"><g v="NPRO"></g><g v="neut"></g><g v="sing"></g><g v="accs"></g></l></v><v><l id="377006" t="что"><g v="ADVB"></g><g v="Ques"></g></l></v><v><l id="388695" t="что"><g v="PRCL"></g></l></v></tfr></token><token id="674129" text="никакие"><tfr rev_id="3793198" t="никакие"><v><l id="190841" t="никакой"><g v="ADJF"></g><g v="Apro"></g><g v="plur"></g><g v="nomn"></g></l></v></tfr></token><token id="674130" text="популистские"><tfr rev_id="4075490" t="популистские"><v><l id="259734" t="популистский"><g v="ADJF"></g><g v="plur"></g><g v="nomn"></g></l></v></tfr></token><token id="674131" text="лозунги"><tfr rev_id="3409639" t="лозунги"><v><l id="150604" t="лозунг"><g v="NOUN"></g><g v="inan"></g><g v="masc"></g><g v="plur"></g><g v="nomn"></g></l></v></tfr></token><token id="674132" text="не"><tfr rev_id="1506224" t="не"><v><l id="178876" t="не"><g v="PRCL"></g></l></v></tfr></token><token id="674133" text="могут"><tfr rev_id="1506225" t="могут"><v><l id="164485" t="могу"><g v="VERB"></g><g v="impf"></g><g v="intr"></g><g v="plur"></g><g v="3per"></g><g v="pres"></g><g v="indc"></g></l></v></tfr></token><token id="674134" text="победить"><tfr rev_id="1506226" t="победить"><v><l id="241491" t="победить"><g v="INFN"></g><g v="perf"></g><g v="tran"></g></l></v></tfr></token><token id="674135" text="здравый"><tfr rev_id="1506227" t="здравый"><v><l id="114774" t="здравый"><g v="ADJF"></g><g v="Qual"></g><g v="masc"></g><g v="sing"></g><g v="nomn"></g></l></v><v><l id="114774" t="здравый"><g v="ADJF"></g><g v="Qual"></g><g v="inan"></g><g v="masc"></g><g v="sing"></g><g v="accs"></g></l></v></tfr></token><token id="674136" text="смысл"><tfr rev_id="1506228" t="смысл"><v><l id="326999" t="смысл"><g v="NOUN"></g><g v="inan"></g><g v="masc"></g><g v="sing"></g><g v="nomn"></g></l></v><v><l id="326999" t="смысл"><g v="NOUN"></g><g v="inan"></g><g v="masc"></g><g v="sing"></g><g v="accs"></g></l></v></tfr></token><token id="674137" text="."><tfr rev_id="1506229" t="."><v><l id="0" t="."><g v="PNCT"></g></l></v></tfr></token></tokens></sentence></paragraph></paragraphs></text>