<?xml version="1.0" encoding="utf-8"?><text id="1370" parent="600" name="0026429 про незаслуженную похвалу и комплименты"><tags><tag>url:http://mashenic.livejournal.com/26429.html</tag><tag>Год:2006</tag><tag>Дата:20/03</tag><tag>Время:14:18</tag><tag>ЖЖ:Настроение:bitchy</tag><tag>ЖЖ:Метка:размышлизмы</tag><tag>ЖЖ:Музыка:бежит по канату клоун, жонглируя обручами</tag></tags><paragraphs><paragraph id="12452"><sentence id="38949"><source>Были в субботу у свекрови на дне рождении.</source><tokens><token id="694474" text="Были"><tfr rev_id="1714561" t="Были"><v><l id="37265" t="есть"><g v="VERB"></g><g v="impf"></g><g v="intr"></g><g v="plur"></g><g v="past"></g><g v="indc"></g></l></v></tfr></token><token id="694475" text="в"><tfr rev_id="1526336" t="в"><v><l id="37409" t="в"><g v="PREP"></g></l></v></tfr></token><token id="694476" text="субботу"><tfr rev_id="1526337" t="субботу"><v><l id="338556" t="суббота"><g v="NOUN"></g><g v="inan"></g><g v="femn"></g><g v="sing"></g><g v="accs"></g></l></v></tfr></token><token id="694477" text="у"><tfr rev_id="3417312" t="у"><v><l id="352818" t="у"><g v="PREP"></g></l></v></tfr></token><token id="694478" text="свекрови"><tfr rev_id="3545674" t="свекрови"><v><l id="314953" t="свекровь"><g v="NOUN"></g><g v="anim"></g><g v="femn"></g><g v="sing"></g><g v="gent"></g></l></v></tfr></token><token id="694479" text="на"><tfr rev_id="3340586" t="на"><v><l id="166264" t="на"><g v="PREP"></g></l></v></tfr></token><token id="694480" text="дне"><tfr rev_id="3723165" t="дне"><v><l id="81427" t="день"><g v="NOUN"></g><g v="inan"></g><g v="masc"></g><g v="sing"></g><g v="loc1"></g></l></v></tfr></token><token id="694481" text="рождении"><tfr rev_id="1526342" t="рождении"><v><l id="308457" t="рождение"><g v="NOUN"></g><g v="inan"></g><g v="neut"></g><g v="sing"></g><g v="loct"></g></l></v></tfr></token><token id="694482" text="."><tfr rev_id="1526343" t="."><v><l id="0" t="."><g v="PNCT"></g></l></v></tfr></token></tokens></sentence><sentence id="38950"><source>Бедный Леха как всегда весь вечер на арене, ибо толпа непуганных теток, и каждая норовит получить доступ к телу.</source><tokens><token id="694483" text="Бедный"><tfr rev_id="4259888" t="Бедный"><v><l id="25361" t="бедный"><g v="ADJF"></g><g v="Qual"></g><g v="masc"></g><g v="sing"></g><g v="nomn"></g></l></v><v><l id="25361" t="бедный"><g v="ADJF"></g><g v="Qual"></g><g v="inan"></g><g v="masc"></g><g v="sing"></g><g v="accs"></g></l></v></tfr></token><token id="694484" text="Леха"><tfr rev_id="3407176" t="Леха"><v><l id="148724" t="лех"><g v="NOUN"></g><g v="anim"></g><g v="masc"></g><g v="Name"></g><g v="sing"></g><g v="gent"></g></l></v><v><l id="148724" t="лех"><g v="NOUN"></g><g v="anim"></g><g v="masc"></g><g v="Name"></g><g v="sing"></g><g v="accs"></g></l></v><v><l id="148727" t="лёха"><g v="NOUN"></g><g v="anim"></g><g v="masc"></g><g v="Name"></g><g v="sing"></g><g v="nomn"></g></l></v></tfr></token><token id="694485" text="как"><tfr rev_id="1526346" t="как"><v><l id="128190" t="как"><g v="CONJ"></g></l></v><v><l id="128191" t="как"><g v="PRCL"></g></l></v><v><l id="128192" t="как"><g v="ADVB"></g><g v="Ques"></g></l></v></tfr></token><token id="694486" text="всегда"><tfr rev_id="1526347" t="всегда"><v><l id="53369" t="всегда"><g v="ADVB"></g></l></v></tfr></token><token id="694487" text="весь"><tfr rev_id="4374768" t="весь"><v><l id="42156" t="весь"><g v="ADJF"></g><g v="Subx"></g><g v="Apro"></g><g v="masc"></g><g v="sing"></g><g v="nomn"></g></l></v><v><l id="42156" t="весь"><g v="ADJF"></g><g v="Subx"></g><g v="Apro"></g><g v="inan"></g><g v="masc"></g><g v="sing"></g><g v="accs"></g></l></v></tfr></token><token id="694488" text="вечер"><tfr rev_id="1526349" t="вечер"><v><l id="42379" t="вечер"><g v="NOUN"></g><g v="inan"></g><g v="masc"></g><g v="sing"></g><g v="nomn"></g></l></v><v><l id="42379" t="вечер"><g v="NOUN"></g><g v="inan"></g><g v="masc"></g><g v="sing"></g><g v="accs"></g></l></v></tfr></token><token id="694489" text="на"><tfr rev_id="3343426" t="на"><v><l id="166264" t="на"><g v="PREP"></g></l></v></tfr></token><token id="694490" text="арене"><tfr rev_id="4322985" t="арене"><v><l id="16192" t="арена"><g v="NOUN"></g><g v="inan"></g><g v="femn"></g><g v="sing"></g><g v="loct"></g></l></v></tfr></token><token id="694491" text=","><tfr rev_id="1526352" t=","><v><l id="0" t=","><g v="PNCT"></g></l></v></tfr></token><token id="694492" text="ибо"><tfr rev_id="1526353" t="ибо"><v><l id="116978" t="ибо"><g v="CONJ"></g></l></v></tfr></token><token id="694493" text="толпа"><tfr rev_id="1526354" t="толпа"><v><l id="347211" t="толпа"><g v="NOUN"></g><g v="inan"></g><g v="femn"></g><g v="sing"></g><g v="nomn"></g></l></v></tfr></token><token id="694494" text="непуганных"><tfr rev_id="1526355" t="непуганных"><v><l id="0" t="непуганных"><g v="UNKN"></g></l></v></tfr></token><token id="694495" text="теток"><tfr rev_id="3547161" t="теток"><v><l id="342013" t="тётка"><g v="NOUN"></g><g v="anim"></g><g v="femn"></g><g v="plur"></g><g v="gent"></g></l></v></tfr></token><token id="694496" text=","><tfr rev_id="1526357" t=","><v><l id="0" t=","><g v="PNCT"></g></l></v></tfr></token><token id="694497" text="и"><tfr rev_id="1526358" t="и"><v><l id="116949" t="и"><g v="CONJ"></g></l></v><v><l id="116950" t="и"><g v="INTJ"></g></l></v></tfr></token><token id="694498" text="каждая"><tfr rev_id="4430343" t="каждая"><v><l id="127875" t="каждый"><g v="ADJF"></g><g v="Subx"></g><g v="Apro"></g><g v="femn"></g><g v="sing"></g><g v="nomn"></g></l></v></tfr></token><token id="694499" text="норовит"><tfr rev_id="1526360" t="норовит"><v><l id="192283" t="норовлю"><g v="VERB"></g><g v="impf"></g><g v="intr"></g><g v="sing"></g><g v="3per"></g><g v="pres"></g><g v="indc"></g></l></v></tfr></token><token id="694500" text="получить"><tfr rev_id="1526361" t="получить"><v><l id="256960" t="получить"><g v="INFN"></g><g v="perf"></g><g v="tran"></g></l></v></tfr></token><token id="694501" text="доступ"><tfr rev_id="3409459" t="доступ"><v><l id="90727" t="доступ"><g v="NOUN"></g><g v="inan"></g><g v="masc"></g><g v="sing"></g><g v="accs"></g></l></v></tfr></token><token id="694502" text="к"><tfr rev_id="1526363" t="к"><v><l id="127460" t="к"><g v="PREP"></g></l></v></tfr></token><token id="694503" text="телу"><tfr rev_id="1526364" t="телу"><v><l id="344407" t="тело"><g v="NOUN"></g><g v="inan"></g><g v="neut"></g><g v="sing"></g><g v="datv"></g></l></v></tfr></token><token id="694504" text="."><tfr rev_id="1526365" t="."><v><l id="0" t="."><g v="PNCT"></g></l></v></tfr></token></tokens></sentence><sentence id="38951"><source>Я, собственно, не против теток, только зачем столько ажиотажу?</source><tokens><token id="694505" text="Я"><tfr rev_id="1526366" t="Я"><v><l id="387317" t="я"><g v="NPRO"></g><g v="1per"></g><g v="sing"></g><g v="nomn"></g></l></v></tfr></token><token id="694506" text=","><tfr rev_id="1526367" t=","><v><l id="0" t=","><g v="PNCT"></g></l></v></tfr></token><token id="694507" text="собственно"><tfr rev_id="4509622" t="собственно"><v><l id="327831" t="собственно"><g v="PRCL"></g></l></v><v><l id="327832" t="собственно"><g v="CONJ"></g><g v="Prnt"></g></l></v><v><l id="327841" t="собствен"><g v="ADJS"></g><g v="neut"></g><g v="sing"></g></l></v></tfr></token><token id="694508" text=","><tfr rev_id="1526369" t=","><v><l id="0" t=","><g v="PNCT"></g></l></v></tfr></token><token id="694509" text="не"><tfr rev_id="1526370" t="не"><v><l id="178876" t="не"><g v="PRCL"></g></l></v></tfr></token><token id="694510" text="против"><tfr rev_id="4485418" t="против"><v><l id="285790" t="против"><g v="PREP"></g></l></v></tfr></token><token id="694511" text="теток"><tfr rev_id="3464992" t="теток"><v><l id="342013" t="тётка"><g v="NOUN"></g><g v="anim"></g><g v="femn"></g><g v="plur"></g><g v="gent"></g></l></v></tfr></token><token id="694512" text=","><tfr rev_id="1526373" t=","><v><l id="0" t=","><g v="PNCT"></g></l></v></tfr></token><token id="694513" text="только"><tfr rev_id="3784211" t="только"><v><l id="347395" t="только"><g v="CONJ"></g></l></v><v><l id="347396" t="только"><g v="PRCL"></g></l></v><v><l id="390053" t="только"><g v="ADVB"></g></l></v></tfr></token><token id="694514" text="зачем"><tfr rev_id="1526375" t="зачем"><v><l id="113274" t="зачем"><g v="ADVB"></g><g v="Ques"></g><g v="Prdx"></g></l></v></tfr></token><token id="694515" text="столько"><tfr rev_id="3399181" t="столько"><v><l id="336670" t="столько"><g v="ADVB"></g></l></v><v><l id="336671" t="столько"><g v="NUMR"></g><g v="nomn"></g></l></v><v><l id="336671" t="столько"><g v="NUMR"></g><g v="inan"></g><g v="accs"></g></l></v><v><l id="388693" t="столько"><g v="CONJ"></g></l></v></tfr></token><token id="694516" text="ажиотажу"><tfr rev_id="4451452" t="ажиотажу"><v><l id="5447" t="ажиотаж"><g v="NOUN"></g><g v="inan"></g><g v="masc"></g><g v="sing"></g><g v="gen2"></g></l></v></tfr></token><token id="694517" text="?"><tfr rev_id="1526378" t="?"><v><l id="0" t="?"><g v="PNCT"></g></l></v></tfr></token></tokens></sentence><sentence id="38952"><source>К говорящей кукле и то больше уважения.</source><tokens><token id="694518" text="К"><tfr rev_id="1526379" t="К"><v><l id="127460" t="к"><g v="PREP"></g></l></v></tfr></token><token id="694519" text="говорящей"><tfr rev_id="1526380" t="говорящей"><v><l id="72055" t="говорящий"><g v="PRTF"></g><g v="impf"></g><g v="tran"></g><g v="pres"></g><g v="actv"></g><g v="femn"></g><g v="sing"></g><g v="gent"></g></l></v><v><l id="72055" t="говорящий"><g v="PRTF"></g><g v="impf"></g><g v="tran"></g><g v="pres"></g><g v="actv"></g><g v="femn"></g><g v="sing"></g><g v="datv"></g></l></v><v><l id="72055" t="говорящий"><g v="PRTF"></g><g v="impf"></g><g v="tran"></g><g v="pres"></g><g v="actv"></g><g v="femn"></g><g v="sing"></g><g v="ablt"></g></l></v><v><l id="72055" t="говорящий"><g v="PRTF"></g><g v="impf"></g><g v="tran"></g><g v="pres"></g><g v="actv"></g><g v="femn"></g><g v="sing"></g><g v="loct"></g></l></v><v><l id="72089" t="говорящий"><g v="ADJF"></g><g v="femn"></g><g v="sing"></g><g v="gent"></g></l></v><v><l id="72089" t="говорящий"><g v="ADJF"></g><g v="femn"></g><g v="sing"></g><g v="datv"></g></l></v><v><l id="72089" t="говорящий"><g v="ADJF"></g><g v="femn"></g><g v="sing"></g><g v="ablt"></g></l></v><v><l id="72089" t="говорящий"><g v="ADJF"></g><g v="femn"></g><g v="sing"></g><g v="loct"></g></l></v><v><l id="72091" t="говорящее"><g v="COMP"></g><g v="V-ej"></g></l></v></tfr></token><token id="694520" text="кукле"><tfr rev_id="3648451" t="кукле"><v><l id="144603" t="кукла"><g v="NOUN"></g><g v="anim"></g><g v="femn"></g><g v="Inmx"></g><g v="sing"></g><g v="datv"></g></l></v></tfr></token><token id="694521" text="и"><tfr rev_id="1526382" t="и"><v><l id="116949" t="и"><g v="CONJ"></g></l></v><v><l id="116950" t="и"><g v="INTJ"></g></l></v></tfr></token><token id="694522" text="то"><tfr rev_id="3777713" t="то"><v><l id="346835" t="то"><g v="CONJ"></g></l></v><v><l id="346836" t="то"><g v="PRCL"></g></l></v><v><l id="348430" t="тот"><g v="ADJF"></g><g v="Subx"></g><g v="Apro"></g><g v="Anph"></g><g v="neut"></g><g v="sing"></g><g v="nomn"></g></l></v><v><l id="348430" t="тот"><g v="ADJF"></g><g v="Subx"></g><g v="Apro"></g><g v="Anph"></g><g v="neut"></g><g v="sing"></g><g v="accs"></g></l></v></tfr></token><token id="694523" text="больше"><tfr rev_id="2558523" t="больше"><v><l id="32325" t="больше"><g v="ADVB"></g></l></v><v><l id="32447" t="больше"><g v="COMP"></g><g v="Qual"></g></l></v></tfr></token><token id="694524" text="уважения"><tfr rev_id="3455818" t="уважения"><v><l id="353232" t="уважение"><g v="NOUN"></g><g v="inan"></g><g v="neut"></g><g v="sing"></g><g v="gent"></g></l></v></tfr></token><token id="694525" text="."><tfr rev_id="1526386" t="."><v><l id="0" t="."><g v="PNCT"></g></l></v></tfr></token></tokens></sentence><sentence id="38953"><source>А тут еще:"За огурцом потянулся - молодец, рот открыл - умница, попал огурцом в рот - долгие и продолжительные апплодисменты".</source><tokens><token id="694526" text="А"><tfr rev_id="3411374" t="А"><v><l id="51" t="а"><g v="CONJ"></g></l></v></tfr></token><token id="694527" text="тут"><tfr rev_id="4265373" t="тут"><v><l id="351923" t="тут"><g v="ADVB"></g><g v="Dmns"></g></l></v></tfr></token><token id="694528" text="еще"><tfr rev_id="1526389" t="еще"><v><l id="95551" t="ещё"><g v="PRCL"></g></l></v><v><l id="95552" t="ещё"><g v="ADVB"></g></l></v></tfr></token><token id="694529" text=":"><tfr rev_id="1526390" t=":"><v><l id="0" t=":"><g v="PNCT"></g></l></v></tfr></token><token id="694530" text="&quot;"><tfr rev_id="1526391" t="&quot;"><v><l id="0" t="&quot;"><g v="PNCT"></g></l></v></tfr></token><token id="694531" text="За"><tfr rev_id="1526392" t="За"><v><l id="98043" t="за"><g v="PREP"></g></l></v></tfr></token><token id="694532" text="огурцом"><tfr rev_id="1526393" t="огурцом"><v><l id="203098" t="огурец"><g v="NOUN"></g><g v="inan"></g><g v="masc"></g><g v="sing"></g><g v="ablt"></g></l></v></tfr></token><token id="694533" text="потянулся"><tfr rev_id="1526394" t="потянулся"><v><l id="263896" t="потянулся"><g v="VERB"></g><g v="perf"></g><g v="intr"></g><g v="masc"></g><g v="sing"></g><g v="past"></g><g v="indc"></g></l></v></tfr></token><token id="694534" text="-"><tfr rev_id="1526395" t="-"><v><l id="0" t="-"><g v="PNCT"></g></l></v></tfr></token><token id="694535" text="молодец"><tfr rev_id="4266622" t="молодец"><v><l id="162813" t="молодец"><g v="NOUN"></g><g v="anim"></g><g v="masc"></g><g v="sing"></g><g v="nomn"></g></l></v></tfr></token><token id="694536" text=","><tfr rev_id="1526397" t=","><v><l id="0" t=","><g v="PNCT"></g></l></v></tfr></token><token id="694537" text="рот"><tfr rev_id="4215276" t="рот"><v><l id="309497" t="рот"><g v="NOUN"></g><g v="inan"></g><g v="masc"></g><g v="sing"></g><g v="accs"></g></l></v></tfr></token><token id="694538" text="открыл"><tfr rev_id="1526399" t="открыл"><v><l id="214754" t="открыл"><g v="VERB"></g><g v="perf"></g><g v="tran"></g><g v="masc"></g><g v="sing"></g><g v="past"></g><g v="indc"></g></l></v></tfr></token><token id="694539" text="-"><tfr rev_id="1526400" t="-"><v><l id="0" t="-"><g v="PNCT"></g></l></v></tfr></token><token id="694540" text="умница"><tfr rev_id="4506827" t="умница"><v><l id="357829" t="умница"><g v="NOUN"></g><g v="anim"></g><g v="ms-f"></g><g v="sing"></g><g v="nomn"></g></l></v></tfr></token><token id="694541" text=","><tfr rev_id="1526402" t=","><v><l id="0" t=","><g v="PNCT"></g></l></v></tfr></token><token id="694542" text="попал"><tfr rev_id="1526403" t="попал"><v><l id="259025" t="попал"><g v="VERB"></g><g v="perf"></g><g v="intr"></g><g v="masc"></g><g v="sing"></g><g v="past"></g><g v="indc"></g></l></v></tfr></token><token id="694543" text="огурцом"><tfr rev_id="1526404" t="огурцом"><v><l id="203098" t="огурец"><g v="NOUN"></g><g v="inan"></g><g v="masc"></g><g v="sing"></g><g v="ablt"></g></l></v></tfr></token><token id="694544" text="в"><tfr rev_id="1526405" t="в"><v><l id="37409" t="в"><g v="PREP"></g></l></v></tfr></token><token id="694545" text="рот"><tfr rev_id="4417265" t="рот"><v><l id="309497" t="рот"><g v="NOUN"></g><g v="inan"></g><g v="masc"></g><g v="sing"></g><g v="accs"></g></l></v></tfr></token><token id="694546" text="-"><tfr rev_id="1526407" t="-"><v><l id="0" t="-"><g v="PNCT"></g></l></v></tfr></token><token id="694547" text="долгие"><tfr rev_id="3746200" t="долгие"><v><l id="87736" t="долгий"><g v="ADJF"></g><g v="Qual"></g><g v="plur"></g><g v="nomn"></g></l></v></tfr></token><token id="694548" text="и"><tfr rev_id="3533179" t="и"><v><l id="116949" t="и"><g v="CONJ"></g></l></v></tfr></token><token id="694549" text="продолжительные"><tfr rev_id="3794787" t="продолжительные"><v><l id="279229" t="продолжительный"><g v="ADJF"></g><g v="Qual"></g><g v="plur"></g><g v="nomn"></g></l></v></tfr></token><token id="694550" text="апплодисменты"><tfr rev_id="1526411" t="апплодисменты"><v><l id="0" t="апплодисменты"><g v="UNKN"></g></l></v></tfr></token><token id="694551" text="&quot;"><tfr rev_id="1526412" t="&quot;"><v><l id="0" t="&quot;"><g v="PNCT"></g></l></v></tfr></token><token id="694552" text="."><tfr rev_id="1526413" t="."><v><l id="0" t="."><g v="PNCT"></g></l></v></tfr></token></tokens></sentence></paragraph><paragraph id="12453"><sentence id="38954"><source>У меня сложилось впечатление, что они считают, что мой сын - дебил, неспособный попасть рукой в свой собственный рот.</source><tokens><token id="694553" text="У"><tfr rev_id="3328736" t="У"><v><l id="352818" t="у"><g v="PREP"></g></l></v></tfr></token><token id="694554" text="меня"><tfr rev_id="3541410" t="меня"><v><l id="387317" t="я"><g v="NPRO"></g><g v="1per"></g><g v="sing"></g><g v="gent"></g></l></v></tfr></token><token id="694555" text="сложилось"><tfr rev_id="1526416" t="сложилось"><v><l id="325250" t="сложился"><g v="VERB"></g><g v="perf"></g><g v="intr"></g><g v="neut"></g><g v="sing"></g><g v="past"></g><g v="indc"></g></l></v></tfr></token><token id="694556" text="впечатление"><tfr rev_id="4107477" t="впечатление"><v><l id="52404" t="впечатление"><g v="NOUN"></g><g v="inan"></g><g v="neut"></g><g v="sing"></g><g v="nomn"></g></l></v></tfr></token><token id="694557" text=","><tfr rev_id="1526418" t=","><v><l id="0" t=","><g v="PNCT"></g></l></v></tfr></token><token id="694558" text="что"><tfr rev_id="3197722" t="что"><v><l id="377004" t="что"><g v="CONJ"></g></l></v><v><l id="377005" t="что"><g v="NPRO"></g><g v="neut"></g><g v="sing"></g><g v="nomn"></g></l></v><v><l id="377005" t="что"><g v="NPRO"></g><g v="neut"></g><g v="sing"></g><g v="accs"></g></l></v><v><l id="377006" t="что"><g v="ADVB"></g><g v="Ques"></g></l></v><v><l id="388695" t="что"><g v="PRCL"></g></l></v></tfr></token><token id="694559" text="они"><tfr rev_id="3599477" t="они"><v><l id="206619" t="они"><g v="NPRO"></g><g v="3per"></g><g v="Anph"></g><g v="plur"></g><g v="nomn"></g></l></v></tfr></token><token id="694560" text="считают"><tfr rev_id="1526421" t="считают"><v><l id="341320" t="считаю"><g v="VERB"></g><g v="impf"></g><g v="tran"></g><g v="plur"></g><g v="3per"></g><g v="pres"></g><g v="indc"></g></l></v><v><l id="341329" t="считал"><g v="VERB"></g><g v="perf"></g><g v="tran"></g><g v="plur"></g><g v="3per"></g><g v="futr"></g><g v="indc"></g></l></v></tfr></token><token id="694561" text=","><tfr rev_id="1526422" t=","><v><l id="0" t=","><g v="PNCT"></g></l></v></tfr></token><token id="694562" text="что"><tfr rev_id="3197723" t="что"><v><l id="377004" t="что"><g v="CONJ"></g></l></v><v><l id="377005" t="что"><g v="NPRO"></g><g v="neut"></g><g v="sing"></g><g v="nomn"></g></l></v><v><l id="377005" t="что"><g v="NPRO"></g><g v="neut"></g><g v="sing"></g><g v="accs"></g></l></v><v><l id="377006" t="что"><g v="ADVB"></g><g v="Ques"></g></l></v><v><l id="388695" t="что"><g v="PRCL"></g></l></v></tfr></token><token id="694563" text="мой"><tfr rev_id="4167000" t="мой"><v><l id="162570" t="мой"><g v="ADJF"></g><g v="Apro"></g><g v="masc"></g><g v="sing"></g><g v="nomn"></g></l></v><v><l id="162570" t="мой"><g v="ADJF"></g><g v="Apro"></g><g v="inan"></g><g v="masc"></g><g v="sing"></g><g v="accs"></g></l></v></tfr></token><token id="694564" text="сын"><tfr rev_id="1526425" t="сын"><v><l id="341619" t="сын"><g v="NOUN"></g><g v="anim"></g><g v="masc"></g><g v="sing"></g><g v="nomn"></g></l></v></tfr></token><token id="694565" text="-"><tfr rev_id="1526426" t="-"><v><l id="0" t="-"><g v="PNCT"></g></l></v></tfr></token><token id="694566" text="дебил"><tfr rev_id="1526427" t="дебил"><v><l id="79207" t="дебил"><g v="NOUN"></g><g v="anim"></g><g v="masc"></g><g v="sing"></g><g v="nomn"></g></l></v></tfr></token><token id="694567" text=","><tfr rev_id="1526428" t=","><v><l id="0" t=","><g v="PNCT"></g></l></v></tfr></token><token id="694568" text="неспособный"><tfr rev_id="1526429" t="неспособный"><v><l id="188576" t="неспособный"><g v="ADJF"></g><g v="masc"></g><g v="sing"></g><g v="nomn"></g></l></v><v><l id="188576" t="неспособный"><g v="ADJF"></g><g v="inan"></g><g v="masc"></g><g v="sing"></g><g v="accs"></g></l></v></tfr></token><token id="694569" text="попасть"><tfr rev_id="1526430" t="попасть"><v><l id="259026" t="попасть"><g v="INFN"></g><g v="perf"></g><g v="intr"></g></l></v></tfr></token><token id="694570" text="рукой"><tfr rev_id="1526431" t="рукой"><v><l id="309953" t="рука"><g v="NOUN"></g><g v="inan"></g><g v="femn"></g><g v="sing"></g><g v="ablt"></g></l></v></tfr></token><token id="694571" text="в"><tfr rev_id="1526432" t="в"><v><l id="37409" t="в"><g v="PREP"></g></l></v></tfr></token><token id="694572" text="свой"><tfr rev_id="3629895" t="свой"><v><l id="316379" t="свой"><g v="ADJF"></g><g v="Apro"></g><g v="Anph"></g><g v="masc"></g><g v="sing"></g><g v="nomn"></g></l></v><v><l id="316379" t="свой"><g v="ADJF"></g><g v="Apro"></g><g v="Anph"></g><g v="inan"></g><g v="masc"></g><g v="sing"></g><g v="accs"></g></l></v></tfr></token><token id="694573" text="собственный"><tfr rev_id="1526434" t="собственный"><v><l id="327840" t="собственный"><g v="ADJF"></g><g v="masc"></g><g v="sing"></g><g v="nomn"></g></l></v><v><l id="327840" t="собственный"><g v="ADJF"></g><g v="inan"></g><g v="masc"></g><g v="sing"></g><g v="accs"></g></l></v></tfr></token><token id="694574" text="рот"><tfr rev_id="4333990" t="рот"><v><l id="309497" t="рот"><g v="NOUN"></g><g v="inan"></g><g v="masc"></g><g v="sing"></g><g v="nomn"></g></l></v><v><l id="309497" t="рот"><g v="NOUN"></g><g v="inan"></g><g v="masc"></g><g v="sing"></g><g v="accs"></g></l></v></tfr></token><token id="694575" text="."><tfr rev_id="1526436" t="."><v><l id="0" t="."><g v="PNCT"></g></l></v></tfr></token></tokens></sentence><sentence id="38955"><source>А это, знаете ли, злит.</source><tokens><token id="694576" text="А"><tfr rev_id="1526437" t="А"><v><l id="51" t="а"><g v="CONJ"></g></l></v><v><l id="52" t="а"><g v="INTJ"></g></l></v><v><l id="53" t="а"><g v="PRCL"></g></l></v></tfr></token><token id="694577" text="это"><tfr rev_id="4497535" t="это"><v><l id="386575" t="это"><g v="NPRO"></g><g v="neut"></g><g v="sing"></g><g v="nomn"></g></l></v><v><l id="386575" t="это"><g v="NPRO"></g><g v="neut"></g><g v="sing"></g><g v="accs"></g></l></v></tfr></token><token id="694578" text=","><tfr rev_id="1526439" t=","><v><l id="0" t=","><g v="PNCT"></g></l></v></tfr></token><token id="694579" text="знаете"><tfr rev_id="4217008" t="знаете"><v><l id="115989" t="знаю"><g v="VERB"></g><g v="impf"></g><g v="tran"></g><g v="plur"></g><g v="2per"></g><g v="pres"></g><g v="indc"></g></l></v></tfr></token><token id="694580" text="ли"><tfr rev_id="4466935" t="ли"><v><l id="148847" t="ли"><g v="CONJ"></g></l></v><v><l id="148848" t="ли"><g v="PRCL"></g></l></v></tfr></token><token id="694581" text=","><tfr rev_id="1526442" t=","><v><l id="0" t=","><g v="PNCT"></g></l></v></tfr></token><token id="694582" text="злит"><tfr rev_id="1526443" t="злит"><v><l id="115600" t="злю"><g v="VERB"></g><g v="impf"></g><g v="tran"></g><g v="sing"></g><g v="3per"></g><g v="pres"></g><g v="indc"></g></l></v></tfr></token><token id="694583" text="."><tfr rev_id="1526444" t="."><v><l id="0" t="."><g v="PNCT"></g></l></v></tfr></token></tokens></sentence><sentence id="38956"><source>"Ой, отберите от него вилку!</source><tokens><token id="694584" text="&quot;"><tfr rev_id="1526445" t="&quot;"><v><l id="0" t="&quot;"><g v="PNCT"></g></l></v></tfr></token><token id="694585" text="Ой"><tfr rev_id="1526446" t="Ой"><v><l id="204409" t="ой"><g v="INTJ"></g></l></v></tfr></token><token id="694586" text=","><tfr rev_id="1526447" t=","><v><l id="0" t=","><g v="PNCT"></g></l></v></tfr></token><token id="694587" text="отберите"><tfr rev_id="1526448" t="отберите"><v><l id="215989" t="отобрал"><g v="VERB"></g><g v="perf"></g><g v="tran"></g><g v="plur"></g><g v="impr"></g><g v="excl"></g></l></v></tfr></token><token id="694588" text="от"><tfr rev_id="1526449" t="от"><v><l id="211644" t="от"><g v="PREP"></g></l></v></tfr></token><token id="694589" text="него"><tfr rev_id="4528212" t="него"><v><l id="206541" t="он"><g v="NPRO"></g><g v="masc"></g><g v="3per"></g><g v="Anph"></g><g v="sing"></g><g v="gent"></g><g v="Af-p"></g></l></v><v><l id="206649" t="оно"><g v="NPRO"></g><g v="neut"></g><g v="3per"></g><g v="Anph"></g><g v="sing"></g><g v="gent"></g><g v="Af-p"></g></l></v></tfr></token><token id="694590" text="вилку"><tfr rev_id="4179759" t="вилку"><v><l id="44929" t="вилка"><g v="NOUN"></g><g v="inan"></g><g v="femn"></g><g v="sing"></g><g v="accs"></g></l></v></tfr></token><token id="694591" text="!"><tfr rev_id="1526452" t="!"><v><l id="0" t="!"><g v="PNCT"></g></l></v></tfr></token></tokens></sentence><sentence id="38957"><source>Ой, он же яблочком подавится!"</source><tokens><token id="694592" text="Ой"><tfr rev_id="1526453" t="Ой"><v><l id="204409" t="ой"><g v="INTJ"></g></l></v></tfr></token><token id="694593" text=","><tfr rev_id="1526454" t=","><v><l id="0" t=","><g v="PNCT"></g></l></v></tfr></token><token id="694594" text="он"><tfr rev_id="3575818" t="он"><v><l id="206541" t="он"><g v="NPRO"></g><g v="masc"></g><g v="3per"></g><g v="Anph"></g><g v="sing"></g><g v="nomn"></g></l></v></tfr></token><token id="694595" text="же"><tfr rev_id="1526456" t="же"><v><l id="96208" t="же"><g v="CONJ"></g></l></v><v><l id="96209" t="же"><g v="PRCL"></g></l></v></tfr></token><token id="694596" text="яблочком"><tfr rev_id="1526457" t="яблочком"><v><l id="387345" t="яблочко"><g v="NOUN"></g><g v="inan"></g><g v="neut"></g><g v="sing"></g><g v="ablt"></g></l></v></tfr></token><token id="694597" text="подавится"><tfr rev_id="1526458" t="подавится"><v><l id="243818" t="подавился"><g v="VERB"></g><g v="perf"></g><g v="intr"></g><g v="sing"></g><g v="3per"></g><g v="futr"></g><g v="indc"></g></l></v></tfr></token><token id="694598" text="!"><tfr rev_id="1526459" t="!"><v><l id="0" t="!"><g v="PNCT"></g></l></v></tfr></token><token id="694599" text="&quot;"><tfr rev_id="1526460" t="&quot;"><v><l id="0" t="&quot;"><g v="PNCT"></g></l></v></tfr></token></tokens></sentence><sentence id="38958"><source>И все это с лучшими намерениями&gt;:(((</source><tokens><token id="694600" text="И"><tfr rev_id="3486530" t="И"><v><l id="116949" t="и"><g v="CONJ"></g></l></v></tfr></token><token id="694601" text="все"><tfr rev_id="4512783" t="все"><v><l id="42156" t="весь"><g v="ADJF"></g><g v="Subx"></g><g v="Apro"></g><g v="neut"></g><g v="sing"></g><g v="accs"></g></l></v><v><l id="42156" t="весь"><g v="ADJF"></g><g v="Subx"></g><g v="Apro"></g><g v="neut"></g><g v="sing"></g><g v="nomn"></g></l></v></tfr></token><token id="694602" text="это"><tfr rev_id="4441854" t="это"><v><l id="386574" t="это"><g v="PRCL"></g></l></v><v><l id="386575" t="это"><g v="NPRO"></g><g v="neut"></g><g v="sing"></g><g v="nomn"></g></l></v><v><l id="386575" t="это"><g v="NPRO"></g><g v="neut"></g><g v="sing"></g><g v="accs"></g></l></v><v><l id="386581" t="этот"><g v="ADJF"></g><g v="Subx"></g><g v="Apro"></g><g v="Anph"></g><g v="neut"></g><g v="sing"></g><g v="nomn"></g></l></v><v><l id="386581" t="этот"><g v="ADJF"></g><g v="Subx"></g><g v="Apro"></g><g v="Anph"></g><g v="neut"></g><g v="sing"></g><g v="accs"></g></l></v></tfr></token><token id="694603" text="с"><tfr rev_id="1526464" t="с"><v><l id="311151" t="с"><g v="PREP"></g></l></v></tfr></token><token id="694604" text="лучшими"><tfr rev_id="1526465" t="лучшими"><v><l id="371672" t="лучший"><g v="ADJF"></g><g v="Supr"></g><g v="Qual"></g><g v="plur"></g><g v="ablt"></g></l></v></tfr></token><token id="694605" text="намерениями"><tfr rev_id="1526466" t="намерениями"><v><l id="172446" t="намерение"><g v="NOUN"></g><g v="inan"></g><g v="neut"></g><g v="plur"></g><g v="ablt"></g></l></v></tfr></token><token id="694606" text="&gt;:((("><tfr rev_id="1526467" t="&gt;:((("><v><l id="0" t="&gt;:((("><g v="UNKN"></g></l></v></tfr></token></tokens></sentence><sentence id="38959"><source>Решил ребенок крестную грушей угостить, та, похоже, откусила понарошку, Леха решил, что она уже старая, кусать не может ;), стал ей отламывать и в рот совать.</source><tokens><token id="694607" text="Решил"><tfr rev_id="1526468" t="Решил"><v><l id="307396" t="решил"><g v="VERB"></g><g v="perf"></g><g v="tran"></g><g v="masc"></g><g v="sing"></g><g v="past"></g><g v="indc"></g></l></v></tfr></token><token id="694608" text="ребенок"><tfr rev_id="1526469" t="ребенок"><v><l id="304488" t="ребёнок"><g v="NOUN"></g><g v="anim"></g><g v="masc"></g><g v="sing"></g><g v="nomn"></g></l></v></tfr></token><token id="694609" text="крестную"><tfr rev_id="4575186" t="крестную"><v><l id="393874" t="крёстный"><g v="ADJF"></g><g v="Subx"></g><g v="femn"></g><g v="sing"></g><g v="accs"></g></l></v></tfr></token><token id="694610" text="грушей"><tfr rev_id="1526471" t="грушей"><v><l id="76137" t="груша"><g v="NOUN"></g><g v="inan"></g><g v="femn"></g><g v="sing"></g><g v="ablt"></g></l></v></tfr></token><token id="694611" text="угостить"><tfr rev_id="1526472" t="угостить"><v><l id="354407" t="угостить"><g v="INFN"></g><g v="perf"></g><g v="tran"></g></l></v></tfr></token><token id="694612" text=","><tfr rev_id="1526473" t=","><v><l id="0" t=","><g v="PNCT"></g></l></v></tfr></token><token id="694613" text="та"><tfr rev_id="3775655" t="та"><v><l id="348430" t="тот"><g v="ADJF"></g><g v="Subx"></g><g v="Apro"></g><g v="Anph"></g><g v="femn"></g><g v="sing"></g><g v="nomn"></g></l></v></tfr></token><token id="694614" text=","><tfr rev_id="1526475" t=","><v><l id="0" t=","><g v="PNCT"></g></l></v></tfr></token><token id="694615" text="похоже"><tfr rev_id="4368904" t="похоже"><v><l id="264396" t="похоже"><g v="CONJ"></g><g v="Prnt"></g></l></v><v><l id="264399" t="похож"><g v="ADJS"></g><g v="Qual"></g><g v="neut"></g><g v="sing"></g></l></v><v><l id="390510" t="похоже"><g v="ADVB"></g></l></v></tfr></token><token id="694616" text=","><tfr rev_id="1526477" t=","><v><l id="0" t=","><g v="PNCT"></g></l></v></tfr></token><token id="694617" text="откусила"><tfr rev_id="1526478" t="откусила"><v><l id="214841" t="откусил"><g v="VERB"></g><g v="perf"></g><g v="tran"></g><g v="femn"></g><g v="sing"></g><g v="past"></g><g v="indc"></g></l></v></tfr></token><token id="694618" text="понарошку"><tfr rev_id="1526479" t="понарошку"><v><l id="258309" t="понарошку"><g v="ADVB"></g></l></v></tfr></token><token id="694619" text=","><tfr rev_id="1526480" t=","><v><l id="0" t=","><g v="PNCT"></g></l></v></tfr></token><token id="694620" text="Леха"><tfr rev_id="3407177" t="Леха"><v><l id="148724" t="лех"><g v="NOUN"></g><g v="anim"></g><g v="masc"></g><g v="Name"></g><g v="sing"></g><g v="gent"></g></l></v><v><l id="148724" t="лех"><g v="NOUN"></g><g v="anim"></g><g v="masc"></g><g v="Name"></g><g v="sing"></g><g v="accs"></g></l></v><v><l id="148727" t="лёха"><g v="NOUN"></g><g v="anim"></g><g v="masc"></g><g v="Name"></g><g v="sing"></g><g v="nomn"></g></l></v></tfr></token><token id="694621" text="решил"><tfr rev_id="1526482" t="решил"><v><l id="307396" t="решил"><g v="VERB"></g><g v="perf"></g><g v="tran"></g><g v="masc"></g><g v="sing"></g><g v="past"></g><g v="indc"></g></l></v></tfr></token><token id="694622" text=","><tfr rev_id="1526483" t=","><v><l id="0" t=","><g v="PNCT"></g></l></v></tfr></token><token id="694623" text="что"><tfr rev_id="3197724" t="что"><v><l id="377004" t="что"><g v="CONJ"></g></l></v><v><l id="377005" t="что"><g v="NPRO"></g><g v="neut"></g><g v="sing"></g><g v="nomn"></g></l></v><v><l id="377005" t="что"><g v="NPRO"></g><g v="neut"></g><g v="sing"></g><g v="accs"></g></l></v><v><l id="377006" t="что"><g v="ADVB"></g><g v="Ques"></g></l></v><v><l id="388695" t="что"><g v="PRCL"></g></l></v></tfr></token><token id="694624" text="она"><tfr rev_id="3586578" t="она"><v><l id="206544" t="она"><g v="NPRO"></g><g v="femn"></g><g v="3per"></g><g v="Anph"></g><g v="sing"></g><g v="nomn"></g></l></v></tfr></token><token id="694625" text="уже"><tfr rev_id="2692905" t="уже"><v><l id="355422" t="уж"><g v="NOUN"></g><g v="anim"></g><g v="masc"></g><g v="sing"></g><g v="loct"></g></l></v><v><l id="355498" t="уже"><g v="ADVB"></g></l></v><v><l id="355674" t="уже"><g v="COMP"></g><g v="Qual"></g></l></v><v><l id="388673" t="уже"><g v="PRCL"></g></l></v></tfr></token><token id="694626" text="старая"><tfr rev_id="1526487" t="старая"><v><l id="335039" t="старый"><g v="ADJF"></g><g v="Qual"></g><g v="femn"></g><g v="sing"></g><g v="nomn"></g></l></v></tfr></token><token id="694627" text=","><tfr rev_id="1526488" t=","><v><l id="0" t=","><g v="PNCT"></g></l></v></tfr></token><token id="694628" text="кусать"><tfr rev_id="1526489" t="кусать"><v><l id="145636" t="кусать"><g v="INFN"></g><g v="impf"></g><g v="tran"></g></l></v></tfr></token><token id="694629" text="не"><tfr rev_id="1526490" t="не"><v><l id="178876" t="не"><g v="PRCL"></g></l></v></tfr></token><token id="694630" text="может"><tfr rev_id="4233059" t="может"><v><l id="164485" t="могу"><g v="VERB"></g><g v="impf"></g><g v="intr"></g><g v="sing"></g><g v="3per"></g><g v="pres"></g><g v="indc"></g></l></v></tfr></token><token id="694631" text=";)"><tfr rev_id="1526492" t=";)"><v><l id="0" t=";)"><g v="PNCT"></g></l></v></tfr></token><token id="694632" text=","><tfr rev_id="1526493" t=","><v><l id="0" t=","><g v="PNCT"></g></l></v></tfr></token><token id="694633" text="стал"><tfr rev_id="1526494" t="стал"><v><l id="335164" t="стал"><g v="VERB"></g><g v="perf"></g><g v="intr"></g><g v="masc"></g><g v="sing"></g><g v="past"></g><g v="indc"></g></l></v></tfr></token><token id="694634" text="ей"><tfr rev_id="4387832" t="ей"><v><l id="206544" t="она"><g v="NPRO"></g><g v="femn"></g><g v="3per"></g><g v="Anph"></g><g v="sing"></g><g v="datv"></g></l></v></tfr></token><token id="694635" text="отламывать"><tfr rev_id="1526496" t="отламывать"><v><l id="214968" t="отламывать"><g v="INFN"></g><g v="impf"></g><g v="tran"></g></l></v></tfr></token><token id="694636" text="и"><tfr rev_id="1526497" t="и"><v><l id="116949" t="и"><g v="CONJ"></g></l></v><v><l id="116950" t="и"><g v="INTJ"></g></l></v></tfr></token><token id="694637" text="в"><tfr rev_id="1526498" t="в"><v><l id="37409" t="в"><g v="PREP"></g></l></v></tfr></token><token id="694638" text="рот"><tfr rev_id="3283144" t="рот"><v><l id="309496" t="рот"><g v="NOUN"></g><g v="anim"></g><g v="masc"></g><g v="sing"></g><g v="nomn"></g></l></v><v><l id="309497" t="рот"><g v="NOUN"></g><g v="inan"></g><g v="masc"></g><g v="sing"></g><g v="nomn"></g></l></v><v><l id="309497" t="рот"><g v="NOUN"></g><g v="inan"></g><g v="masc"></g><g v="sing"></g><g v="accs"></g></l></v></tfr></token><token id="694639" text="совать"><tfr rev_id="1526500" t="совать"><v><l id="327868" t="совать"><g v="INFN"></g><g v="impf"></g><g v="tran"></g></l></v></tfr></token><token id="694640" text="."><tfr rev_id="1526501" t="."><v><l id="0" t="."><g v="PNCT"></g></l></v></tfr></token></tokens></sentence><sentence id="38960"><source>А что можно отломать от груши - только кожуру.</source><tokens><token id="694641" text="А"><tfr rev_id="1526502" t="А"><v><l id="51" t="а"><g v="CONJ"></g></l></v><v><l id="52" t="а"><g v="INTJ"></g></l></v><v><l id="53" t="а"><g v="PRCL"></g></l></v></tfr></token><token id="694642" text="что"><tfr rev_id="3197725" t="что"><v><l id="377004" t="что"><g v="CONJ"></g></l></v><v><l id="377005" t="что"><g v="NPRO"></g><g v="neut"></g><g v="sing"></g><g v="nomn"></g></l></v><v><l id="377005" t="что"><g v="NPRO"></g><g v="neut"></g><g v="sing"></g><g v="accs"></g></l></v><v><l id="377006" t="что"><g v="ADVB"></g><g v="Ques"></g></l></v><v><l id="388695" t="что"><g v="PRCL"></g></l></v></tfr></token><token id="694643" text="можно"><tfr rev_id="1526504" t="можно"><v><l id="162467" t="можно"><g v="PRED"></g><g v="pres"></g></l></v></tfr></token><token id="694644" text="отломать"><tfr rev_id="1526505" t="отломать"><v><l id="215209" t="отломать"><g v="INFN"></g><g v="perf"></g><g v="tran"></g></l></v></tfr></token><token id="694645" text="от"><tfr rev_id="1526506" t="от"><v><l id="211644" t="от"><g v="PREP"></g></l></v></tfr></token><token id="694646" text="груши"><tfr rev_id="3433746" t="груши"><v><l id="76137" t="груша"><g v="NOUN"></g><g v="inan"></g><g v="femn"></g><g v="sing"></g><g v="gent"></g></l></v></tfr></token><token id="694647" text="-"><tfr rev_id="1526508" t="-"><v><l id="0" t="-"><g v="PNCT"></g></l></v></tfr></token><token id="694648" text="только"><tfr rev_id="3784212" t="только"><v><l id="347395" t="только"><g v="CONJ"></g></l></v><v><l id="347396" t="только"><g v="PRCL"></g></l></v><v><l id="390053" t="только"><g v="ADVB"></g></l></v></tfr></token><token id="694649" text="кожуру"><tfr rev_id="1526510" t="кожуру"><v><l id="135439" t="кожура"><g v="NOUN"></g><g v="inan"></g><g v="femn"></g><g v="Sgtm"></g><g v="sing"></g><g v="accs"></g></l></v></tfr></token><token id="694650" text="."><tfr rev_id="1526511" t="."><v><l id="0" t="."><g v="PNCT"></g></l></v></tfr></token></tokens></sentence><sentence id="38961"><source>Так все вокруг ржали, какой куркуль растет.</source><tokens><token id="694651" text="Так"><tfr rev_id="1526512" t="Так"><v><l id="342451" t="так"><g v="CONJ"></g></l></v><v><l id="342452" t="так"><g v="PRCL"></g></l></v><v><l id="342453" t="так"><g v="ADVB"></g><g v="Dmns"></g></l></v></tfr></token><token id="694652" text="все"><tfr rev_id="4538826" t="все"><v><l id="42156" t="весь"><g v="ADJF"></g><g v="Subx"></g><g v="Apro"></g><g v="inan"></g><g v="plur"></g><g v="accs"></g></l></v><v><l id="42156" t="весь"><g v="ADJF"></g><g v="Subx"></g><g v="Apro"></g><g v="plur"></g><g v="nomn"></g></l></v></tfr></token><token id="694653" text="вокруг"><tfr rev_id="4422428" t="вокруг"><v><l id="49812" t="вокруг"><g v="ADVB"></g></l></v></tfr></token><token id="694654" text="ржали"><tfr rev_id="1526515" t="ржали"><v><l id="307537" t="ржу"><g v="VERB"></g><g v="impf"></g><g v="intr"></g><g v="plur"></g><g v="past"></g><g v="indc"></g></l></v></tfr></token><token id="694655" text=","><tfr rev_id="1526516" t=","><v><l id="0" t=","><g v="PNCT"></g></l></v></tfr></token><token id="694656" text="какой"><tfr rev_id="2635704" t="какой"><v><l id="128224" t="какой"><g v="ADJF"></g><g v="Apro"></g><g v="masc"></g><g v="sing"></g><g v="nomn"></g></l></v><v><l id="128224" t="какой"><g v="ADJF"></g><g v="Apro"></g><g v="inan"></g><g v="masc"></g><g v="sing"></g><g v="accs"></g></l></v></tfr></token><token id="694657" text="куркуль"><tfr rev_id="1526518" t="куркуль"><v><l id="145391" t="куркуль"><g v="NOUN"></g><g v="anim"></g><g v="masc"></g><g v="sing"></g><g v="nomn"></g></l></v></tfr></token><token id="694658" text="растет"><tfr rev_id="1526519" t="растет"><v><l id="302041" t="расту"><g v="VERB"></g><g v="impf"></g><g v="intr"></g><g v="sing"></g><g v="3per"></g><g v="pres"></g><g v="indc"></g></l></v></tfr></token><token id="694659" text="."><tfr rev_id="1526520" t="."><v><l id="0" t="."><g v="PNCT"></g></l></v></tfr></token></tokens></sentence><sentence id="38962"><source>Вот в следующий раз он еще подумает, прежде чем делиться.</source><tokens><token id="694660" text="Вот"><tfr rev_id="3363423" t="Вот"><v><l id="52157" t="вот"><g v="PRCL"></g></l></v></tfr></token><token id="694661" text="в"><tfr rev_id="1526522" t="в"><v><l id="37409" t="в"><g v="PREP"></g></l></v></tfr></token><token id="694662" text="следующий"><tfr rev_id="1526523" t="следующий"><v><l id="324749" t="следующий"><g v="PRTF"></g><g v="impf"></g><g v="intr"></g><g v="pres"></g><g v="actv"></g><g v="masc"></g><g v="sing"></g><g v="nomn"></g></l></v><v><l id="324749" t="следующий"><g v="PRTF"></g><g v="impf"></g><g v="intr"></g><g v="pres"></g><g v="actv"></g><g v="inan"></g><g v="masc"></g><g v="sing"></g><g v="accs"></g></l></v><v><l id="324769" t="следующий"><g v="ADJF"></g><g v="masc"></g><g v="sing"></g><g v="nomn"></g></l></v><v><l id="324769" t="следующий"><g v="ADJF"></g><g v="inan"></g><g v="masc"></g><g v="sing"></g><g v="accs"></g></l></v></tfr></token><token id="694663" text="раз"><tfr rev_id="4510895" t="раз"><v><l id="291500" t="раз"><g v="NOUN"></g><g v="inan"></g><g v="masc"></g><g v="sing"></g><g v="nomn"></g></l></v><v><l id="291500" t="раз"><g v="NOUN"></g><g v="inan"></g><g v="masc"></g><g v="sing"></g><g v="accs"></g></l></v></tfr></token><token id="694664" text="он"><tfr rev_id="3575819" t="он"><v><l id="206541" t="он"><g v="NPRO"></g><g v="masc"></g><g v="3per"></g><g v="Anph"></g><g v="sing"></g><g v="nomn"></g></l></v></tfr></token><token id="694665" text="еще"><tfr rev_id="1526526" t="еще"><v><l id="95551" t="ещё"><g v="PRCL"></g></l></v><v><l id="95552" t="ещё"><g v="ADVB"></g></l></v></tfr></token><token id="694666" text="подумает"><tfr rev_id="1526527" t="подумает"><v><l id="251926" t="подумал"><g v="VERB"></g><g v="perf"></g><g v="intr"></g><g v="sing"></g><g v="3per"></g><g v="futr"></g><g v="indc"></g></l></v></tfr></token><token id="694667" text=","><tfr rev_id="1526528" t=","><v><l id="0" t=","><g v="PNCT"></g></l></v></tfr></token><token id="694668" text="прежде"><tfr rev_id="4421814" t="прежде"><v><l id="267401" t="прежде"><g v="ADVB"></g></l></v></tfr></token><token id="694669" text="чем"><tfr rev_id="4283307" t="чем"><v><l id="375161" t="чем"><g v="CONJ"></g></l></v></tfr></token><token id="694670" text="делиться"><tfr rev_id="1526531" t="делиться"><v><l id="80623" t="делиться"><g v="INFN"></g><g v="impf"></g><g v="intr"></g></l></v></tfr></token><token id="694671" text="."><tfr rev_id="1526532" t="."><v><l id="0" t="."><g v="PNCT"></g></l></v></tfr></token></tokens></sentence><sentence id="38963"><source>Короче, бабушки - это страшно непедагогично.</source><tokens><token id="694672" text="Короче"><tfr rev_id="4388475" t="Короче"><v><l id="388697" t="короче"><g v="CONJ"></g><g v="Prnt"></g></l></v></tfr></token><token id="694673" text=","><tfr rev_id="1526534" t=","><v><l id="0" t=","><g v="PNCT"></g></l></v></tfr></token><token id="694674" text="бабушки"><tfr rev_id="3459485" t="бабушки"><v><l id="21715" t="бабушка"><g v="NOUN"></g><g v="anim"></g><g v="femn"></g><g v="plur"></g><g v="nomn"></g></l></v></tfr></token><token id="694675" text="-"><tfr rev_id="1526536" t="-"><v><l id="0" t="-"><g v="PNCT"></g></l></v></tfr></token><token id="694676" text="это"><tfr rev_id="4441855" t="это"><v><l id="386574" t="это"><g v="PRCL"></g></l></v><v><l id="386575" t="это"><g v="NPRO"></g><g v="neut"></g><g v="sing"></g><g v="nomn"></g></l></v><v><l id="386575" t="это"><g v="NPRO"></g><g v="neut"></g><g v="sing"></g><g v="accs"></g></l></v><v><l id="386581" t="этот"><g v="ADJF"></g><g v="Subx"></g><g v="Apro"></g><g v="Anph"></g><g v="neut"></g><g v="sing"></g><g v="nomn"></g></l></v><v><l id="386581" t="этот"><g v="ADJF"></g><g v="Subx"></g><g v="Apro"></g><g v="Anph"></g><g v="neut"></g><g v="sing"></g><g v="accs"></g></l></v></tfr></token><token id="694677" text="страшно"><tfr rev_id="1526538" t="страшно"><v><l id="337282" t="страшно"><g v="ADVB"></g><g v="Prdx"></g></l></v><v><l id="337290" t="страшен"><g v="ADJS"></g><g v="Qual"></g><g v="neut"></g><g v="sing"></g></l></v></tfr></token><token id="694678" text="непедагогично"><tfr rev_id="1526539" t="непедагогично"><v><l id="185627" t="непедагогичен"><g v="ADJS"></g><g v="neut"></g><g v="sing"></g></l></v></tfr></token><token id="694679" text="."><tfr rev_id="1526540" t="."><v><l id="0" t="."><g v="PNCT"></g></l></v></tfr></token></tokens></sentence></paragraph><paragraph id="12454"><sentence id="38964"><source>И в довершении всей этой патоки некий гость мужеского полу начал мне комплименты отвешивать про то, как неземно я хороша.</source><tokens><token id="694680" text="И"><tfr rev_id="1526541" t="И"><v><l id="116949" t="и"><g v="CONJ"></g></l></v><v><l id="116950" t="и"><g v="INTJ"></g></l></v></tfr></token><token id="694681" text="в"><tfr rev_id="1526542" t="в"><v><l id="37409" t="в"><g v="PREP"></g></l></v></tfr></token><token id="694682" text="довершении"><tfr rev_id="1526543" t="довершении"><v><l id="85782" t="довершение"><g v="NOUN"></g><g v="inan"></g><g v="neut"></g><g v="sing"></g><g v="loct"></g></l></v></tfr></token><token id="694683" text="всей"><tfr rev_id="4398998" t="всей"><v><l id="42156" t="весь"><g v="ADJF"></g><g v="Subx"></g><g v="Apro"></g><g v="femn"></g><g v="sing"></g><g v="gent"></g></l></v></tfr></token><token id="694684" text="этой"><tfr rev_id="4438045" t="этой"><v><l id="386581" t="этот"><g v="ADJF"></g><g v="Subx"></g><g v="Apro"></g><g v="Anph"></g><g v="femn"></g><g v="sing"></g><g v="gent"></g></l></v></tfr></token><token id="694685" text="патоки"><tfr rev_id="3501550" t="патоки"><v><l id="225069" t="патока"><g v="NOUN"></g><g v="inan"></g><g v="femn"></g><g v="sing"></g><g v="gent"></g></l></v></tfr></token><token id="694686" text="некий"><tfr rev_id="4159802" t="некий"><v><l id="183295" t="некий"><g v="ADJF"></g><g v="Apro"></g><g v="masc"></g><g v="sing"></g><g v="nomn"></g></l></v></tfr></token><token id="694687" text="гость"><tfr rev_id="1526548" t="гость"><v><l id="74145" t="гость"><g v="NOUN"></g><g v="anim"></g><g v="masc"></g><g v="sing"></g><g v="nomn"></g></l></v></tfr></token><token id="694688" text="мужеского"><tfr rev_id="3408116" t="мужеского"><v><l id="164729" t="мужеский"><g v="ADJF"></g><g v="masc"></g><g v="sing"></g><g v="gent"></g></l></v><v><l id="164729" t="мужеский"><g v="ADJF"></g><g v="anim"></g><g v="masc"></g><g v="sing"></g><g v="accs"></g></l></v></tfr></token><token id="694689" text="полу"><tfr rev_id="4303458" t="полу"><v><l id="255093" t="пол"><g v="NOUN"></g><g v="inan"></g><g v="masc"></g><g v="sing"></g><g v="gen2"></g></l></v></tfr></token><token id="694690" text="начал"><tfr rev_id="1714691" t="начал"><v><l id="178224" t="начал"><g v="VERB"></g><g v="perf"></g><g v="tran"></g><g v="masc"></g><g v="sing"></g><g v="past"></g><g v="indc"></g></l></v></tfr></token><token id="694691" text="мне"><tfr rev_id="4236520" t="мне"><v><l id="387317" t="я"><g v="NPRO"></g><g v="1per"></g><g v="sing"></g><g v="datv"></g></l></v></tfr></token><token id="694692" text="комплименты"><tfr rev_id="3749615" t="комплименты"><v><l id="137291" t="комплимент"><g v="NOUN"></g><g v="inan"></g><g v="masc"></g><g v="plur"></g><g v="accs"></g></l></v></tfr></token><token id="694693" text="отвешивать"><tfr rev_id="1526554" t="отвешивать"><v><l id="212460" t="отвешивать"><g v="INFN"></g><g v="impf"></g><g v="tran"></g></l></v></tfr></token><token id="694694" text="про"><tfr rev_id="1526555" t="про"><v><l id="277024" t="про"><g v="PREP"></g></l></v></tfr></token><token id="694695" text="то"><tfr rev_id="3777714" t="то"><v><l id="346835" t="то"><g v="CONJ"></g></l></v><v><l id="346836" t="то"><g v="PRCL"></g></l></v><v><l id="348430" t="тот"><g v="ADJF"></g><g v="Subx"></g><g v="Apro"></g><g v="Anph"></g><g v="neut"></g><g v="sing"></g><g v="nomn"></g></l></v><v><l id="348430" t="тот"><g v="ADJF"></g><g v="Subx"></g><g v="Apro"></g><g v="Anph"></g><g v="neut"></g><g v="sing"></g><g v="accs"></g></l></v></tfr></token><token id="694696" text=","><tfr rev_id="1526557" t=","><v><l id="0" t=","><g v="PNCT"></g></l></v></tfr></token><token id="694697" text="как"><tfr rev_id="1526558" t="как"><v><l id="128190" t="как"><g v="CONJ"></g></l></v><v><l id="128191" t="как"><g v="PRCL"></g></l></v><v><l id="128192" t="как"><g v="ADVB"></g><g v="Ques"></g></l></v></tfr></token><token id="694698" text="неземно"><tfr rev_id="1526559" t="неземно"><v><l id="0" t="неземно"><g v="UNKN"></g></l></v></tfr></token><token id="694699" text="я"><tfr rev_id="1526560" t="я"><v><l id="387317" t="я"><g v="NPRO"></g><g v="1per"></g><g v="sing"></g><g v="nomn"></g></l></v></tfr></token><token id="694700" text="хороша"><tfr rev_id="1526561" t="хороша"><v><l id="371669" t="хорош"><g v="ADJS"></g><g v="Qual"></g><g v="femn"></g><g v="sing"></g></l></v></tfr></token><token id="694701" text="."><tfr rev_id="1526562" t="."><v><l id="0" t="."><g v="PNCT"></g></l></v></tfr></token></tokens></sentence><sentence id="38965"><source>Млин, я, между прочим, перед выходом в зеркало смотрелась и прекрасно знаю, насколько именно я хороша, и насколько меня красит простуда на губе и прыщики на лбу.</source><tokens><token id="694702" text="Млин"><tfr rev_id="1526563" t="Млин"><v><l id="0" t="млин"><g v="UNKN"></g></l></v></tfr></token><token id="694703" text=","><tfr rev_id="1526564" t=","><v><l id="0" t=","><g v="PNCT"></g></l></v></tfr></token><token id="694704" text="я"><tfr rev_id="1526565" t="я"><v><l id="387317" t="я"><g v="NPRO"></g><g v="1per"></g><g v="sing"></g><g v="nomn"></g></l></v></tfr></token><token id="694705" text=","><tfr rev_id="1526566" t=","><v><l id="0" t=","><g v="PNCT"></g></l></v></tfr></token><token id="694706" text="между"><tfr rev_id="1526567" t="между"><v><l id="157306" t="между"><g v="PREP"></g></l></v></tfr></token><token id="694707" text="прочим"><tfr rev_id="1526568" t="прочим"><v><l id="287417" t="прочее"><g v="NPRO"></g><g v="neut"></g><g v="sing"></g><g v="ablt"></g></l></v><v><l id="287474" t="прочий"><g v="ADJF"></g><g v="Apro"></g><g v="masc"></g><g v="sing"></g><g v="ablt"></g></l></v><v><l id="287474" t="прочий"><g v="ADJF"></g><g v="Apro"></g><g v="neut"></g><g v="sing"></g><g v="ablt"></g></l></v><v><l id="287474" t="прочий"><g v="ADJF"></g><g v="Apro"></g><g v="plur"></g><g v="datv"></g></l></v><v><l id="287515" t="прочу"><g v="VERB"></g><g v="impf"></g><g v="tran"></g><g v="plur"></g><g v="1per"></g><g v="pres"></g><g v="indc"></g></l></v><v><l id="287521" t="прочим"><g v="PRTS"></g><g v="impf"></g><g v="pres"></g><g v="pssv"></g><g v="masc"></g><g v="sing"></g></l></v></tfr></token><token id="694708" text=","><tfr rev_id="1526569" t=","><v><l id="0" t=","><g v="PNCT"></g></l></v></tfr></token><token id="694709" text="перед"><tfr rev_id="2561310" t="перед"><v><l id="228071" t="перед"><g v="PREP"></g></l></v></tfr></token><token id="694710" text="выходом"><tfr rev_id="1526571" t="выходом"><v><l id="63960" t="выход"><g v="NOUN"></g><g v="inan"></g><g v="masc"></g><g v="sing"></g><g v="ablt"></g></l></v></tfr></token><token id="694711" text="в"><tfr rev_id="1526572" t="в"><v><l id="37409" t="в"><g v="PREP"></g></l></v></tfr></token><token id="694712" text="зеркало"><tfr rev_id="1526573" t="зеркало"><v><l id="115209" t="зеркало"><g v="NOUN"></g><g v="inan"></g><g v="neut"></g><g v="sing"></g><g v="nomn"></g></l></v><v><l id="115209" t="зеркало"><g v="NOUN"></g><g v="inan"></g><g v="neut"></g><g v="sing"></g><g v="accs"></g></l></v></tfr></token><token id="694713" text="смотрелась"><tfr rev_id="1526574" t="смотрелась"><v><l id="326805" t="смотрюсь"><g v="VERB"></g><g v="impf"></g><g v="intr"></g><g v="femn"></g><g v="sing"></g><g v="past"></g><g v="indc"></g></l></v></tfr></token><token id="694714" text="и"><tfr rev_id="1526575" t="и"><v><l id="116949" t="и"><g v="CONJ"></g></l></v><v><l id="116950" t="и"><g v="INTJ"></g></l></v></tfr></token><token id="694715" text="прекрасно"><tfr rev_id="3657101" t="прекрасно"><v><l id="267583" t="прекрасно"><g v="ADVB"></g></l></v></tfr></token><token id="694716" text="знаю"><tfr rev_id="1526577" t="знаю"><v><l id="115989" t="знаю"><g v="VERB"></g><g v="impf"></g><g v="tran"></g><g v="sing"></g><g v="1per"></g><g v="pres"></g><g v="indc"></g></l></v></tfr></token><token id="694717" text=","><tfr rev_id="1526578" t=","><v><l id="0" t=","><g v="PNCT"></g></l></v></tfr></token><token id="694718" text="насколько"><tfr rev_id="1526579" t="насколько"><v><l id="175425" t="насколько"><g v="ADVB"></g><g v="Ques"></g></l></v></tfr></token><token id="694719" text="именно"><tfr rev_id="1526580" t="именно"><v><l id="121584" t="именно"><g v="PRCL"></g></l></v></tfr></token><token id="694720" text="я"><tfr rev_id="1526581" t="я"><v><l id="387317" t="я"><g v="NPRO"></g><g v="1per"></g><g v="sing"></g><g v="nomn"></g></l></v></tfr></token><token id="694721" text="хороша"><tfr rev_id="1526582" t="хороша"><v><l id="371669" t="хорош"><g v="ADJS"></g><g v="Qual"></g><g v="femn"></g><g v="sing"></g></l></v></tfr></token><token id="694722" text=","><tfr rev_id="1526583" t=","><v><l id="0" t=","><g v="PNCT"></g></l></v></tfr></token><token id="694723" text="и"><tfr rev_id="1526584" t="и"><v><l id="116949" t="и"><g v="CONJ"></g></l></v><v><l id="116950" t="и"><g v="INTJ"></g></l></v></tfr></token><token id="694724" text="насколько"><tfr rev_id="1526585" t="насколько"><v><l id="175425" t="насколько"><g v="ADVB"></g><g v="Ques"></g></l></v></tfr></token><token id="694725" text="меня"><tfr rev_id="2827437" t="меня"><v><l id="387317" t="я"><g v="NPRO"></g><g v="1per"></g><g v="sing"></g><g v="accs"></g></l></v></tfr></token><token id="694726" text="красит"><tfr rev_id="1526587" t="красит"><v><l id="141669" t="крашу"><g v="VERB"></g><g v="impf"></g><g v="tran"></g><g v="sing"></g><g v="3per"></g><g v="pres"></g><g v="indc"></g></l></v></tfr></token><token id="694727" text="простуда"><tfr rev_id="1526588" t="простуда"><v><l id="285234" t="простуда"><g v="NOUN"></g><g v="inan"></g><g v="femn"></g><g v="sing"></g><g v="nomn"></g></l></v></tfr></token><token id="694728" text="на"><tfr rev_id="3394966" t="на"><v><l id="166264" t="на"><g v="PREP"></g></l></v></tfr></token><token id="694729" text="губе"><tfr rev_id="3551277" t="губе"><v><l id="76363" t="губа"><g v="NOUN"></g><g v="inan"></g><g v="femn"></g><g v="sing"></g><g v="loct"></g></l></v></tfr></token><token id="694730" text="и"><tfr rev_id="1526591" t="и"><v><l id="116949" t="и"><g v="CONJ"></g></l></v><v><l id="116950" t="и"><g v="INTJ"></g></l></v></tfr></token><token id="694731" text="прыщики"><tfr rev_id="3727844" t="прыщики"><v><l id="288188" t="прыщик"><g v="NOUN"></g><g v="inan"></g><g v="masc"></g><g v="plur"></g><g v="nomn"></g></l></v></tfr></token><token id="694732" text="на"><tfr rev_id="3335275" t="на"><v><l id="166264" t="на"><g v="PREP"></g></l></v></tfr></token><token id="694733" text="лбу"><tfr rev_id="2928027" t="лбу"><v><l id="150263" t="лоб"><g v="NOUN"></g><g v="inan"></g><g v="masc"></g><g v="sing"></g><g v="loc2"></g></l></v></tfr></token><token id="694734" text="."><tfr rev_id="1526595" t="."><v><l id="0" t="."><g v="PNCT"></g></l></v></tfr></token></tokens></sentence><sentence id="38966"><source>Нет, спору нет, я действительно неплохо выгляжу, как и всегда, но врать-то зачем.</source><tokens><token id="694735" text="Нет"><tfr rev_id="4139947" t="Нет"><v><l id="188868" t="нет"><g v="PRCL"></g></l></v><v><l id="188869" t="нет"><g v="INTJ"></g></l></v><v><l id="389552" t="нет"><g v="PRED"></g><g v="pres"></g></l></v></tfr></token><token id="694736" text=","><tfr rev_id="1526597" t=","><v><l id="0" t=","><g v="PNCT"></g></l></v></tfr></token><token id="694737" text="спору"><tfr rev_id="3764851" t="спору"><v><l id="332735" t="спор"><g v="NOUN"></g><g v="inan"></g><g v="masc"></g><g v="sing"></g><g v="gen2"></g></l></v></tfr></token><token id="694738" text="нет"><tfr rev_id="3748552" t="нет"><v><l id="389552" t="нет"><g v="PRED"></g><g v="pres"></g></l></v></tfr></token><token id="694739" text=","><tfr rev_id="1526600" t=","><v><l id="0" t=","><g v="PNCT"></g></l></v></tfr></token><token id="694740" text="я"><tfr rev_id="1526601" t="я"><v><l id="387317" t="я"><g v="NPRO"></g><g v="1per"></g><g v="sing"></g><g v="nomn"></g></l></v></tfr></token><token id="694741" text="действительно"><tfr rev_id="4508991" t="действительно"><v><l id="80092" t="действительно"><g v="ADVB"></g></l></v><v><l id="80093" t="действительно"><g v="CONJ"></g><g v="Prnt"></g></l></v><v><l id="80099" t="действителен"><g v="ADJS"></g><g v="Qual"></g><g v="neut"></g><g v="sing"></g></l></v></tfr></token><token id="694742" text="неплохо"><tfr rev_id="1526603" t="неплохо"><v><l id="185802" t="неплохо"><g v="ADVB"></g><g v="Prdx"></g></l></v><v><l id="185804" t="неплох"><g v="ADJS"></g><g v="neut"></g><g v="sing"></g></l></v></tfr></token><token id="694743" text="выгляжу"><tfr rev_id="1526604" t="выгляжу"><v><l id="56595" t="выглядел"><g v="VERB"></g><g v="perf"></g><g v="tran"></g><g v="sing"></g><g v="1per"></g><g v="futr"></g><g v="indc"></g></l></v><v><l id="56599" t="выгляжу"><g v="VERB"></g><g v="impf"></g><g v="intr"></g><g v="sing"></g><g v="1per"></g><g v="pres"></g><g v="indc"></g></l></v></tfr></token><token id="694744" text=","><tfr rev_id="1526605" t=","><v><l id="0" t=","><g v="PNCT"></g></l></v></tfr></token><token id="694745" text="как"><tfr rev_id="1526606" t="как"><v><l id="128190" t="как"><g v="CONJ"></g></l></v><v><l id="128191" t="как"><g v="PRCL"></g></l></v><v><l id="128192" t="как"><g v="ADVB"></g><g v="Ques"></g></l></v></tfr></token><token id="694746" text="и"><tfr rev_id="3945444" t="и"><v><l id="116949" t="и"><g v="CONJ"></g></l></v></tfr></token><token id="694747" text="всегда"><tfr rev_id="1526608" t="всегда"><v><l id="53369" t="всегда"><g v="ADVB"></g></l></v></tfr></token><token id="694748" text=","><tfr rev_id="1526609" t=","><v><l id="0" t=","><g v="PNCT"></g></l></v></tfr></token><token id="694749" text="но"><tfr rev_id="1526610" t="но"><v><l id="191429" t="но"><g v="CONJ"></g></l></v><v><l id="191430" t="но"><g v="INTJ"></g></l></v></tfr></token><token id="694750" text="врать"><tfr rev_id="1526611" t="врать"><v><l id="53010" t="врать"><g v="INFN"></g><g v="impf"></g><g v="tran"></g></l></v></tfr></token><token id="694751" text="-"><tfr rev_id="1526612" t="-"><v><l id="0" t="-"><g v="PNCT"></g></l></v></tfr></token><token id="694752" text="то"><tfr rev_id="4463472" t="то"><v><l id="346836" t="то"><g v="PRCL"></g></l></v></tfr></token><token id="694753" text="зачем"><tfr rev_id="1526614" t="зачем"><v><l id="113274" t="зачем"><g v="ADVB"></g><g v="Ques"></g><g v="Prdx"></g></l></v></tfr></token><token id="694754" text="."><tfr rev_id="1526615" t="."><v><l id="0" t="."><g v="PNCT"></g></l></v></tfr></token></tokens></sentence><sentence id="38967"><source>А этот ловелас-неудачник еще решил, что у меня комплексы %)), успокаивать начал.</source><tokens><token id="694755" text="А"><tfr rev_id="1526616" t="А"><v><l id="51" t="а"><g v="CONJ"></g></l></v><v><l id="52" t="а"><g v="INTJ"></g></l></v><v><l id="53" t="а"><g v="PRCL"></g></l></v></tfr></token><token id="694756" text="этот"><tfr rev_id="4432159" t="этот"><v><l id="386581" t="этот"><g v="ADJF"></g><g v="Subx"></g><g v="Apro"></g><g v="Anph"></g><g v="masc"></g><g v="sing"></g><g v="nomn"></g></l></v><v><l id="386581" t="этот"><g v="ADJF"></g><g v="Subx"></g><g v="Apro"></g><g v="Anph"></g><g v="inan"></g><g v="masc"></g><g v="sing"></g><g v="accs"></g></l></v></tfr></token><token id="694757" text="ловелас"><tfr rev_id="1526618" t="ловелас"><v><l id="150365" t="ловелас"><g v="NOUN"></g><g v="anim"></g><g v="masc"></g><g v="sing"></g><g v="nomn"></g></l></v></tfr></token><token id="694758" text="-"><tfr rev_id="1526619" t="-"><v><l id="0" t="-"><g v="PNCT"></g></l></v></tfr></token><token id="694759" text="неудачник"><tfr rev_id="1526620" t="неудачник"><v><l id="189184" t="неудачник"><g v="NOUN"></g><g v="anim"></g><g v="masc"></g><g v="sing"></g><g v="nomn"></g></l></v></tfr></token><token id="694760" text="еще"><tfr rev_id="1526621" t="еще"><v><l id="95551" t="ещё"><g v="PRCL"></g></l></v><v><l id="95552" t="ещё"><g v="ADVB"></g></l></v></tfr></token><token id="694761" text="решил"><tfr rev_id="1526622" t="решил"><v><l id="307396" t="решил"><g v="VERB"></g><g v="perf"></g><g v="tran"></g><g v="masc"></g><g v="sing"></g><g v="past"></g><g v="indc"></g></l></v></tfr></token><token id="694762" text=","><tfr rev_id="1526623" t=","><v><l id="0" t=","><g v="PNCT"></g></l></v></tfr></token><token id="694763" text="что"><tfr rev_id="3197726" t="что"><v><l id="377004" t="что"><g v="CONJ"></g></l></v><v><l id="377005" t="что"><g v="NPRO"></g><g v="neut"></g><g v="sing"></g><g v="nomn"></g></l></v><v><l id="377005" t="что"><g v="NPRO"></g><g v="neut"></g><g v="sing"></g><g v="accs"></g></l></v><v><l id="377006" t="что"><g v="ADVB"></g><g v="Ques"></g></l></v><v><l id="388695" t="что"><g v="PRCL"></g></l></v></tfr></token><token id="694764" text="у"><tfr rev_id="3326707" t="у"><v><l id="352818" t="у"><g v="PREP"></g></l></v></tfr></token><token id="694765" text="меня"><tfr rev_id="3541433" t="меня"><v><l id="387317" t="я"><g v="NPRO"></g><g v="1per"></g><g v="sing"></g><g v="gent"></g></l></v></tfr></token><token id="694766" text="комплексы"><tfr rev_id="3750052" t="комплексы"><v><l id="137244" t="комплекс"><g v="NOUN"></g><g v="inan"></g><g v="masc"></g><g v="plur"></g><g v="nomn"></g></l></v></tfr></token><token id="694767" text="%))"><tfr rev_id="2446949" t="%))"><v><l id="0" t="%))"><g v="PNCT"></g></l></v></tfr></token><token id="694768" text=","><tfr rev_id="1526629" t=","><v><l id="0" t=","><g v="PNCT"></g></l></v></tfr></token><token id="694769" text="успокаивать"><tfr rev_id="1526630" t="успокаивать"><v><l id="360849" t="успокаивать"><g v="INFN"></g><g v="impf"></g><g v="tran"></g></l></v></tfr></token><token id="694770" text="начал"><tfr rev_id="1715906" t="начал"><v><l id="178224" t="начал"><g v="VERB"></g><g v="perf"></g><g v="tran"></g><g v="masc"></g><g v="sing"></g><g v="past"></g><g v="indc"></g></l></v></tfr></token><token id="694771" text="."><tfr rev_id="1526632" t="."><v><l id="0" t="."><g v="PNCT"></g></l></v></tfr></token></tokens></sentence></paragraph><paragraph id="12455"><sentence id="38968"><source>Интересно, я одна так остро на всю эту фальш реагирую?</source><tokens><token id="694772" text="Интересно"><tfr rev_id="3526053" t="Интересно"><v><l id="123170" t="интересно"><g v="ADVB"></g><g v="Prdx"></g></l></v></tfr></token><token id="694773" text=","><tfr rev_id="1526634" t=","><v><l id="0" t=","><g v="PNCT"></g></l></v></tfr></token><token id="694774" text="я"><tfr rev_id="1526635" t="я"><v><l id="387317" t="я"><g v="NPRO"></g><g v="1per"></g><g v="sing"></g><g v="nomn"></g></l></v></tfr></token><token id="694775" text="одна"><tfr rev_id="4301884" t="одна"><v><l id="203319" t="один"><g v="ADJF"></g><g v="Apro"></g><g v="Anum"></g><g v="femn"></g><g v="sing"></g><g v="nomn"></g></l></v></tfr></token><token id="694776" text="так"><tfr rev_id="1526637" t="так"><v><l id="342451" t="так"><g v="CONJ"></g></l></v><v><l id="342452" t="так"><g v="PRCL"></g></l></v><v><l id="342453" t="так"><g v="ADVB"></g><g v="Dmns"></g></l></v></tfr></token><token id="694777" text="остро"><tfr rev_id="4503245" t="остро"><v><l id="211176" t="остро"><g v="ADVB"></g></l></v><v><l id="211418" t="остёр"><g v="ADJS"></g><g v="Qual"></g><g v="neut"></g><g v="sing"></g></l></v></tfr></token><token id="694778" text="на"><tfr rev_id="3395598" t="на"><v><l id="166264" t="на"><g v="PREP"></g></l></v></tfr></token><token id="694779" text="всю"><tfr rev_id="4131379" t="всю"><v><l id="42156" t="весь"><g v="ADJF"></g><g v="Subx"></g><g v="Apro"></g><g v="femn"></g><g v="sing"></g><g v="accs"></g></l></v></tfr></token><token id="694780" text="эту"><tfr rev_id="4438948" t="эту"><v><l id="386581" t="этот"><g v="ADJF"></g><g v="Subx"></g><g v="Apro"></g><g v="Anph"></g><g v="femn"></g><g v="sing"></g><g v="accs"></g></l></v></tfr></token><token id="694781" text="фальш"><tfr rev_id="1526642" t="фальш"><v><l id="0" t="фальш"><g v="UNKN"></g></l></v></tfr></token><token id="694782" text="реагирую"><tfr rev_id="1526643" t="реагирую"><v><l id="304369" t="реагирую"><g v="VERB"></g><g v="impf"></g><g v="intr"></g><g v="sing"></g><g v="1per"></g><g v="pres"></g><g v="indc"></g></l></v></tfr></token><token id="694783" text="?"><tfr rev_id="1526644" t="?"><v><l id="0" t="?"><g v="PNCT"></g></l></v></tfr></token></tokens></sentence></paragraph><paragraph id="12456"><sentence id="38969"><source>Но как же надо быть в себе неуверенной, чтобы всерьез нуждаться в комплиментах!</source><tokens><token id="694784" text="Но"><tfr rev_id="1526645" t="Но"><v><l id="191429" t="но"><g v="CONJ"></g></l></v><v><l id="191430" t="но"><g v="INTJ"></g></l></v></tfr></token><token id="694785" text="как"><tfr rev_id="1526646" t="как"><v><l id="128190" t="как"><g v="CONJ"></g></l></v><v><l id="128191" t="как"><g v="PRCL"></g></l></v><v><l id="128192" t="как"><g v="ADVB"></g><g v="Ques"></g></l></v></tfr></token><token id="694786" text="же"><tfr rev_id="1526647" t="же"><v><l id="96208" t="же"><g v="CONJ"></g></l></v><v><l id="96209" t="же"><g v="PRCL"></g></l></v></tfr></token><token id="694787" text="надо"><tfr rev_id="4335788" t="надо"><v><l id="169144" t="надо"><g v="PRED"></g><g v="pres"></g></l></v></tfr></token><token id="694788" text="быть"><tfr rev_id="1526649" t="быть"><v><l id="37266" t="быть"><g v="INFN"></g><g v="impf"></g><g v="intr"></g></l></v></tfr></token><token id="694789" text="в"><tfr rev_id="1526650" t="в"><v><l id="37409" t="в"><g v="PREP"></g></l></v></tfr></token><token id="694790" text="себе"><tfr rev_id="4397881" t="себе"><v><l id="317456" t="себя"><g v="NPRO"></g><g v="Anph"></g><g v="sing"></g><g v="loct"></g></l></v></tfr></token><token id="694791" text="неуверенной"><tfr rev_id="2925130" t="неуверенной"><v><l id="189128" t="неуверенный"><g v="ADJF"></g><g v="femn"></g><g v="sing"></g><g v="ablt"></g></l></v></tfr></token><token id="694792" text=","><tfr rev_id="1526653" t=","><v><l id="0" t=","><g v="PNCT"></g></l></v></tfr></token><token id="694793" text="чтобы"><tfr rev_id="1526654" t="чтобы"><v><l id="377013" t="чтобы"><g v="CONJ"></g></l></v><v><l id="377014" t="чтобы"><g v="PRCL"></g></l></v></tfr></token><token id="694794" text="всерьез"><tfr rev_id="1526655" t="всерьез"><v><l id="53525" t="всерьёз"><g v="ADVB"></g></l></v></tfr></token><token id="694795" text="нуждаться"><tfr rev_id="1526656" t="нуждаться"><v><l id="192573" t="нуждаться"><g v="INFN"></g><g v="impf"></g><g v="intr"></g></l></v></tfr></token><token id="694796" text="в"><tfr rev_id="1526657" t="в"><v><l id="37409" t="в"><g v="PREP"></g></l></v></tfr></token><token id="694797" text="комплиментах"><tfr rev_id="1526658" t="комплиментах"><v><l id="137291" t="комплимент"><g v="NOUN"></g><g v="inan"></g><g v="masc"></g><g v="plur"></g><g v="loct"></g></l></v></tfr></token><token id="694798" text="!"><tfr rev_id="1526659" t="!"><v><l id="0" t="!"><g v="PNCT"></g></l></v></tfr></token></tokens></sentence></paragraph></paragraphs></text>