<?xml version="1.0" encoding="utf-8"?><text id="1371" parent="602" name="0028357 я не знаю, как правильно"><tags><tag>url:http://l-i-d-y-a.livejournal.com/28357.html</tag><tag>Год:2008</tag><tag>Дата:18/01</tag><tag>Время:19:31</tag><tag>ЖЖ:Метка:педагогическое</tag></tags><paragraphs><paragraph id="12457"><sentence id="38970"><source>Понаставила сегодня зачетов.</source><tokens><token id="694799" text="Понаставила"><tfr rev_id="1526660" t="Понаставила"><v><l id="258322" t="понаставил"><g v="VERB"></g><g v="perf"></g><g v="tran"></g><g v="femn"></g><g v="sing"></g><g v="past"></g><g v="indc"></g></l></v></tfr></token><token id="694800" text="сегодня"><tfr rev_id="1526661" t="сегодня"><v><l id="317730" t="сегодня"><g v="ADVB"></g></l></v></tfr></token><token id="694801" text="зачетов"><tfr rev_id="1526662" t="зачетов"><v><l id="113185" t="зачёт"><g v="NOUN"></g><g v="inan"></g><g v="masc"></g><g v="plur"></g><g v="gent"></g></l></v></tfr></token><token id="694802" text="."><tfr rev_id="1526663" t="."><v><l id="0" t="."><g v="PNCT"></g></l></v></tfr></token></tokens></sentence><sentence id="38971"><source>Сижу и думаю - что это было?</source><tokens><token id="694803" text="Сижу"><tfr rev_id="1526664" t="Сижу"><v><l id="320223" t="сижу"><g v="VERB"></g><g v="impf"></g><g v="intr"></g><g v="sing"></g><g v="1per"></g><g v="pres"></g><g v="indc"></g></l></v></tfr></token><token id="694804" text="и"><tfr rev_id="1526665" t="и"><v><l id="116949" t="и"><g v="CONJ"></g></l></v><v><l id="116950" t="и"><g v="INTJ"></g></l></v></tfr></token><token id="694805" text="думаю"><tfr rev_id="1526666" t="думаю"><v><l id="92996" t="думаю"><g v="VERB"></g><g v="impf"></g><g v="tran"></g><g v="sing"></g><g v="1per"></g><g v="pres"></g><g v="indc"></g></l></v><v><l id="93001" t="думаю"><g v="VERB"></g><g v="impf"></g><g v="intr"></g><g v="sing"></g><g v="1per"></g><g v="pres"></g><g v="indc"></g></l></v></tfr></token><token id="694806" text="-"><tfr rev_id="1526667" t="-"><v><l id="0" t="-"><g v="PNCT"></g></l></v></tfr></token><token id="694807" text="что"><tfr rev_id="3197727" t="что"><v><l id="377004" t="что"><g v="CONJ"></g></l></v><v><l id="377005" t="что"><g v="NPRO"></g><g v="neut"></g><g v="sing"></g><g v="nomn"></g></l></v><v><l id="377005" t="что"><g v="NPRO"></g><g v="neut"></g><g v="sing"></g><g v="accs"></g></l></v><v><l id="377006" t="что"><g v="ADVB"></g><g v="Ques"></g></l></v><v><l id="388695" t="что"><g v="PRCL"></g></l></v></tfr></token><token id="694808" text="это"><tfr rev_id="4441856" t="это"><v><l id="386574" t="это"><g v="PRCL"></g></l></v><v><l id="386575" t="это"><g v="NPRO"></g><g v="neut"></g><g v="sing"></g><g v="nomn"></g></l></v><v><l id="386575" t="это"><g v="NPRO"></g><g v="neut"></g><g v="sing"></g><g v="accs"></g></l></v><v><l id="386581" t="этот"><g v="ADJF"></g><g v="Subx"></g><g v="Apro"></g><g v="Anph"></g><g v="neut"></g><g v="sing"></g><g v="nomn"></g></l></v><v><l id="386581" t="этот"><g v="ADJF"></g><g v="Subx"></g><g v="Apro"></g><g v="Anph"></g><g v="neut"></g><g v="sing"></g><g v="accs"></g></l></v></tfr></token><token id="694809" text="было"><tfr rev_id="2780879" t="было"><v><l id="37265" t="есть"><g v="VERB"></g><g v="impf"></g><g v="intr"></g><g v="neut"></g><g v="sing"></g><g v="past"></g><g v="indc"></g></l></v></tfr></token><token id="694810" text="?"><tfr rev_id="1526671" t="?"><v><l id="0" t="?"><g v="PNCT"></g></l></v></tfr></token></tokens></sentence></paragraph><paragraph id="12458"><sentence id="38972"><source>Аттракцион неслыханной щедрости?</source><tokens><token id="694811" text="Аттракцион"><tfr rev_id="1526672" t="Аттракцион"><v><l id="19770" t="аттракцион"><g v="NOUN"></g><g v="inan"></g><g v="masc"></g><g v="sing"></g><g v="nomn"></g></l></v><v><l id="19770" t="аттракцион"><g v="NOUN"></g><g v="inan"></g><g v="masc"></g><g v="sing"></g><g v="accs"></g></l></v></tfr></token><token id="694812" text="неслыханной"><tfr rev_id="4317210" t="неслыханной"><v><l id="188228" t="неслыханный"><g v="ADJF"></g><g v="femn"></g><g v="sing"></g><g v="gent"></g></l></v></tfr></token><token id="694813" text="щедрости"><tfr rev_id="4180170" t="щедрости"><v><l id="382260" t="щедрость"><g v="NOUN"></g><g v="inan"></g><g v="femn"></g><g v="sing"></g><g v="gent"></g></l></v></tfr></token><token id="694814" text="?"><tfr rev_id="1526675" t="?"><v><l id="0" t="?"><g v="PNCT"></g></l></v></tfr></token></tokens></sentence></paragraph><paragraph id="12459"><sentence id="38973"><source>Смирение перед неизбежным?</source><tokens><token id="694815" text="Смирение"><tfr rev_id="4099370" t="Смирение"><v><l id="326392" t="смирение"><g v="NOUN"></g><g v="inan"></g><g v="neut"></g><g v="sing"></g><g v="nomn"></g></l></v></tfr></token><token id="694816" text="перед"><tfr rev_id="2601688" t="перед"><v><l id="228071" t="перед"><g v="PREP"></g></l></v></tfr></token><token id="694817" text="неизбежным"><tfr rev_id="4210116" t="неизбежным"><v><l id="182639" t="неизбежный"><g v="ADJF"></g><g v="Qual"></g><g v="neut"></g><g v="sing"></g><g v="ablt"></g></l></v></tfr></token><token id="694818" text="?"><tfr rev_id="1526679" t="?"><v><l id="0" t="?"><g v="PNCT"></g></l></v></tfr></token></tokens></sentence></paragraph><paragraph id="12460"><sentence id="38974"><source>Или вполне приемлемый уровень знаний в масштабах нашего ПТУ?</source><tokens><token id="694819" text="Или"><tfr rev_id="3787359" t="Или"><v><l id="121146" t="или"><g v="CONJ"></g></l></v></tfr></token><token id="694820" text="вполне"><tfr rev_id="1526681" t="вполне"><v><l id="52647" t="вполне"><g v="ADVB"></g></l></v></tfr></token><token id="694821" text="приемлемый"><tfr rev_id="1526682" t="приемлемый"><v><l id="270345" t="приемлемый"><g v="ADJF"></g><g v="Qual"></g><g v="masc"></g><g v="sing"></g><g v="nomn"></g></l></v><v><l id="270345" t="приемлемый"><g v="ADJF"></g><g v="Qual"></g><g v="inan"></g><g v="masc"></g><g v="sing"></g><g v="accs"></g></l></v></tfr></token><token id="694822" text="уровень"><tfr rev_id="1526683" t="уровень"><v><l id="359953" t="уровень"><g v="NOUN"></g><g v="inan"></g><g v="masc"></g><g v="sing"></g><g v="nomn"></g></l></v><v><l id="359953" t="уровень"><g v="NOUN"></g><g v="inan"></g><g v="masc"></g><g v="sing"></g><g v="accs"></g></l></v></tfr></token><token id="694823" text="знаний"><tfr rev_id="3751125" t="знаний"><v><l id="115978" t="знание"><g v="NOUN"></g><g v="inan"></g><g v="neut"></g><g v="plur"></g><g v="gent"></g></l></v></tfr></token><token id="694824" text="в"><tfr rev_id="1526685" t="в"><v><l id="37409" t="в"><g v="PREP"></g></l></v></tfr></token><token id="694825" text="масштабах"><tfr rev_id="1526686" t="масштабах"><v><l id="156135" t="масштаб"><g v="NOUN"></g><g v="inan"></g><g v="masc"></g><g v="plur"></g><g v="loct"></g></l></v></tfr></token><token id="694826" text="нашего"><tfr rev_id="3454023" t="нашего"><v><l id="178492" t="наш"><g v="ADJF"></g><g v="Apro"></g><g v="neut"></g><g v="sing"></g><g v="gent"></g></l></v></tfr></token><token id="694827" text="ПТУ"><tfr rev_id="4489397" t="ПТУ"><v><l id="288809" t="пту"><g v="NOUN"></g><g v="inan"></g><g v="neut"></g><g v="Fixd"></g><g v="Abbr"></g><g v="Orgn"></g><g v="sing"></g><g v="gent"></g></l></v></tfr></token><token id="694828" text="?"><tfr rev_id="1526689" t="?"><v><l id="0" t="?"><g v="PNCT"></g></l></v></tfr></token></tokens></sentence></paragraph><paragraph id="12461"><sentence id="38975"><source>Завтра экзамен.</source><tokens><token id="694829" text="Завтра"><tfr rev_id="1526690" t="Завтра"><v><l id="100062" t="завтра"><g v="ADVB"></g></l></v></tfr></token><token id="694830" text="экзамен"><tfr rev_id="3677140" t="экзамен"><v><l id="383158" t="экзамен"><g v="NOUN"></g><g v="inan"></g><g v="masc"></g><g v="sing"></g><g v="nomn"></g></l></v></tfr></token><token id="694831" text="."><tfr rev_id="1526692" t="."><v><l id="0" t="."><g v="PNCT"></g></l></v></tfr></token></tokens></sentence><sentence id="38976"><source>Поставлю всем трояков, потом напьюсь.</source><tokens><token id="694832" text="Поставлю"><tfr rev_id="1526693" t="Поставлю"><v><l id="262088" t="поставил"><g v="VERB"></g><g v="perf"></g><g v="tran"></g><g v="sing"></g><g v="1per"></g><g v="futr"></g><g v="indc"></g></l></v></tfr></token><token id="694833" text="всем"><tfr rev_id="4130524" t="всем"><v><l id="42156" t="весь"><g v="ADJF"></g><g v="Subx"></g><g v="Apro"></g><g v="plur"></g><g v="datv"></g></l></v></tfr></token><token id="694834" text="трояков"><tfr rev_id="1526695" t="трояков"><v><l id="350591" t="трояк"><g v="NOUN"></g><g v="inan"></g><g v="masc"></g><g v="plur"></g><g v="gent"></g></l></v></tfr></token><token id="694835" text=","><tfr rev_id="1526696" t=","><v><l id="0" t=","><g v="PNCT"></g></l></v></tfr></token><token id="694836" text="потом"><tfr rev_id="3948073" t="потом"><v><l id="263319" t="потом"><g v="ADVB"></g></l></v></tfr></token><token id="694837" text="напьюсь"><tfr rev_id="1526698" t="напьюсь"><v><l id="173470" t="напился"><g v="VERB"></g><g v="perf"></g><g v="intr"></g><g v="sing"></g><g v="1per"></g><g v="futr"></g><g v="indc"></g></l></v></tfr></token><token id="694838" text="."><tfr rev_id="1526699" t="."><v><l id="0" t="."><g v="PNCT"></g></l></v></tfr></token></tokens></sentence></paragraph></paragraphs></text>