<?xml version="1.0" encoding="utf-8"?><text id="1373" parent="602" name="0096850 о чем невозможно говорить, о том следует молчать"><tags><tag>url:http://l-i-d-y-a.livejournal.com/96850.html</tag><tag>Год:2009</tag><tag>Дата:01/08</tag><tag>Время:20:51</tag><tag>ЖЖ:Метка:аспирантурное</tag></tags><paragraphs><paragraph id="12473"><sentence id="39000"><source>Вот тут некоторые кидаются в меня тапочками за то, что я слишком много времени трачу на реферат по философии.</source><tokens><token id="695029" text="Вот"><tfr rev_id="3363424" t="Вот"><v><l id="52157" t="вот"><g v="PRCL"></g></l></v></tfr></token><token id="695030" text="тут"><tfr rev_id="4277360" t="тут"><v><l id="351923" t="тут"><g v="ADVB"></g><g v="Dmns"></g></l></v></tfr></token><token id="695031" text="некоторые"><tfr rev_id="4474856" t="некоторые"><v><l id="183541" t="некоторые"><g v="NPRO"></g><g v="plur"></g><g v="nomn"></g></l></v><v><l id="183541" t="некоторые"><g v="NPRO"></g><g v="inan"></g><g v="plur"></g><g v="accs"></g></l></v></tfr></token><token id="695032" text="кидаются"><tfr rev_id="1526893" t="кидаются"><v><l id="132715" t="кидаюсь"><g v="VERB"></g><g v="impf"></g><g v="intr"></g><g v="plur"></g><g v="3per"></g><g v="pres"></g><g v="indc"></g></l></v></tfr></token><token id="695033" text="в"><tfr rev_id="1526894" t="в"><v><l id="37409" t="в"><g v="PREP"></g></l></v></tfr></token><token id="695034" text="меня"><tfr rev_id="3547777" t="меня"><v><l id="387317" t="я"><g v="NPRO"></g><g v="1per"></g><g v="sing"></g><g v="accs"></g></l></v></tfr></token><token id="695035" text="тапочками"><tfr rev_id="1526896" t="тапочками"><v><l id="343050" t="тапочки"><g v="NOUN"></g><g v="inan"></g><g v="GNdr"></g><g v="Pltm"></g><g v="plur"></g><g v="ablt"></g></l></v></tfr></token><token id="695036" text="за"><tfr rev_id="1526897" t="за"><v><l id="98043" t="за"><g v="PREP"></g></l></v></tfr></token><token id="695037" text="то"><tfr rev_id="3777716" t="то"><v><l id="346835" t="то"><g v="CONJ"></g></l></v><v><l id="346836" t="то"><g v="PRCL"></g></l></v><v><l id="348430" t="тот"><g v="ADJF"></g><g v="Subx"></g><g v="Apro"></g><g v="Anph"></g><g v="neut"></g><g v="sing"></g><g v="nomn"></g></l></v><v><l id="348430" t="тот"><g v="ADJF"></g><g v="Subx"></g><g v="Apro"></g><g v="Anph"></g><g v="neut"></g><g v="sing"></g><g v="accs"></g></l></v></tfr></token><token id="695038" text=","><tfr rev_id="1526899" t=","><v><l id="0" t=","><g v="PNCT"></g></l></v></tfr></token><token id="695039" text="что"><tfr rev_id="3197728" t="что"><v><l id="377004" t="что"><g v="CONJ"></g></l></v><v><l id="377005" t="что"><g v="NPRO"></g><g v="neut"></g><g v="sing"></g><g v="nomn"></g></l></v><v><l id="377005" t="что"><g v="NPRO"></g><g v="neut"></g><g v="sing"></g><g v="accs"></g></l></v><v><l id="377006" t="что"><g v="ADVB"></g><g v="Ques"></g></l></v><v><l id="388695" t="что"><g v="PRCL"></g></l></v></tfr></token><token id="695040" text="я"><tfr rev_id="1526901" t="я"><v><l id="387317" t="я"><g v="NPRO"></g><g v="1per"></g><g v="sing"></g><g v="nomn"></g></l></v></tfr></token><token id="695041" text="слишком"><tfr rev_id="1526902" t="слишком"><v><l id="325109" t="слишком"><g v="ADVB"></g></l></v></tfr></token><token id="695042" text="много"><tfr rev_id="4084633" t="много"><v><l id="389079" t="много"><g v="NUMR"></g><g v="nomn"></g></l></v><v><l id="389079" t="много"><g v="NUMR"></g><g v="accs"></g></l></v></tfr></token><token id="695043" text="времени"><tfr rev_id="3548558" t="времени"><v><l id="53149" t="время"><g v="NOUN"></g><g v="inan"></g><g v="neut"></g><g v="sing"></g><g v="gent"></g></l></v></tfr></token><token id="695044" text="трачу"><tfr rev_id="1526905" t="трачу"><v><l id="349347" t="трачу"><g v="VERB"></g><g v="impf"></g><g v="tran"></g><g v="sing"></g><g v="1per"></g><g v="pres"></g><g v="indc"></g></l></v></tfr></token><token id="695045" text="на"><tfr rev_id="3339270" t="на"><v><l id="166264" t="на"><g v="PREP"></g></l></v></tfr></token><token id="695046" text="реферат"><tfr rev_id="3230371" t="реферат"><v><l id="307025" t="реферат"><g v="NOUN"></g><g v="inan"></g><g v="masc"></g><g v="sing"></g><g v="accs"></g></l></v></tfr></token><token id="695047" text="по"><tfr rev_id="1526908" t="по"><v><l id="241240" t="по"><g v="PREP"></g></l></v></tfr></token><token id="695048" text="философии"><tfr rev_id="4345547" t="философии"><v><l id="365981" t="философия"><g v="NOUN"></g><g v="inan"></g><g v="femn"></g><g v="sing"></g><g v="datv"></g></l></v></tfr></token><token id="695049" text="."><tfr rev_id="1526910" t="."><v><l id="0" t="."><g v="PNCT"></g></l></v></tfr></token></tokens></sentence><sentence id="39001"><source>А я, наоборот, чем дальше, тем больше втягиваюсь.</source><tokens><token id="695050" text="А"><tfr rev_id="2606294" t="А"><v><l id="51" t="а"><g v="CONJ"></g></l></v></tfr></token><token id="695051" text="я"><tfr rev_id="1526912" t="я"><v><l id="387317" t="я"><g v="NPRO"></g><g v="1per"></g><g v="sing"></g><g v="nomn"></g></l></v></tfr></token><token id="695052" text=","><tfr rev_id="1526913" t=","><v><l id="0" t=","><g v="PNCT"></g></l></v></tfr></token><token id="695053" text="наоборот"><tfr rev_id="1526914" t="наоборот"><v><l id="173044" t="наоборот"><g v="ADVB"></g></l></v></tfr></token><token id="695054" text=","><tfr rev_id="1526915" t=","><v><l id="0" t=","><g v="PNCT"></g></l></v></tfr></token><token id="695055" text="чем"><tfr rev_id="4283104" t="чем"><v><l id="375161" t="чем"><g v="CONJ"></g></l></v></tfr></token><token id="695056" text="дальше"><tfr rev_id="1526917" t="дальше"><v><l id="77926" t="дальше"><g v="COMP"></g><g v="Qual"></g></l></v></tfr></token><token id="695057" text=","><tfr rev_id="1526918" t=","><v><l id="0" t=","><g v="PNCT"></g></l></v></tfr></token><token id="695058" text="тем"><tfr rev_id="4532488" t="тем"><v><l id="344449" t="тем"><g v="CONJ"></g></l></v></tfr></token><token id="695059" text="больше"><tfr rev_id="2558525" t="больше"><v><l id="32325" t="больше"><g v="ADVB"></g></l></v><v><l id="32447" t="больше"><g v="COMP"></g><g v="Qual"></g></l></v></tfr></token><token id="695060" text="втягиваюсь"><tfr rev_id="1526921" t="втягиваюсь"><v><l id="55186" t="втягиваюсь"><g v="VERB"></g><g v="impf"></g><g v="intr"></g><g v="sing"></g><g v="1per"></g><g v="pres"></g><g v="indc"></g></l></v></tfr></token><token id="695061" text="."><tfr rev_id="1526922" t="."><v><l id="0" t="."><g v="PNCT"></g></l></v></tfr></token></tokens></sentence></paragraph><paragraph id="12474"><sentence id="39002"><source>Как-то уже хочется глубины.</source><tokens><token id="695062" text="Как-то"><tfr rev_id="1526923" t="Как-то"><v><l id="128196" t="как-то"><g v="ADVB"></g></l></v></tfr></token><token id="695063" text="уже"><tfr rev_id="2692908" t="уже"><v><l id="355422" t="уж"><g v="NOUN"></g><g v="anim"></g><g v="masc"></g><g v="sing"></g><g v="loct"></g></l></v><v><l id="355498" t="уже"><g v="ADVB"></g></l></v><v><l id="355674" t="уже"><g v="COMP"></g><g v="Qual"></g></l></v><v><l id="388673" t="уже"><g v="PRCL"></g></l></v></tfr></token><token id="695064" text="хочется"><tfr rev_id="1526925" t="хочется"><v><l id="371718" t="хотелось"><g v="VERB"></g><g v="impf"></g><g v="intr"></g><g v="Impe"></g><g v="sing"></g><g v="pres"></g><g v="indc"></g></l></v></tfr></token><token id="695065" text="глубины"><tfr rev_id="3491818" t="глубины"><v><l id="71435" t="глубина"><g v="NOUN"></g><g v="inan"></g><g v="femn"></g><g v="sing"></g><g v="gent"></g></l></v></tfr></token><token id="695066" text="."><tfr rev_id="1526927" t="."><v><l id="0" t="."><g v="PNCT"></g></l></v></tfr></token></tokens></sentence><sentence id="39003"><source>Надоело всем рассказывать про сто обозначений снега у эскимосов и смешение синего с зеленым у арабов.</source><tokens><token id="695067" text="Надоело"><tfr rev_id="1526928" t="Надоело"><v><l id="169185" t="надоел"><g v="VERB"></g><g v="perf"></g><g v="intr"></g><g v="neut"></g><g v="sing"></g><g v="past"></g><g v="indc"></g></l></v></tfr></token><token id="695068" text="всем"><tfr rev_id="4130525" t="всем"><v><l id="42156" t="весь"><g v="ADJF"></g><g v="Subx"></g><g v="Apro"></g><g v="plur"></g><g v="datv"></g></l></v></tfr></token><token id="695069" text="рассказывать"><tfr rev_id="1526930" t="рассказывать"><v><l id="300984" t="рассказывать"><g v="INFN"></g><g v="impf"></g><g v="tran"></g></l></v></tfr></token><token id="695070" text="про"><tfr rev_id="1526931" t="про"><v><l id="277024" t="про"><g v="PREP"></g></l></v></tfr></token><token id="695071" text="сто"><tfr rev_id="1526932" t="сто"><v><l id="336375" t="сто"><g v="NUMR"></g><g v="nomn"></g></l></v><v><l id="336375" t="сто"><g v="NUMR"></g><g v="accs"></g></l></v></tfr></token><token id="695072" text="обозначений"><tfr rev_id="1526933" t="обозначений"><v><l id="198261" t="обозначение"><g v="NOUN"></g><g v="inan"></g><g v="neut"></g><g v="plur"></g><g v="gent"></g></l></v></tfr></token><token id="695073" text="снега"><tfr rev_id="3457920" t="снега"><v><l id="327215" t="снег"><g v="NOUN"></g><g v="inan"></g><g v="masc"></g><g v="sing"></g><g v="gen1"></g></l></v></tfr></token><token id="695074" text="у"><tfr rev_id="2781341" t="у"><v><l id="352818" t="у"><g v="PREP"></g></l></v></tfr></token><token id="695075" text="эскимосов"><tfr rev_id="4098091" t="эскимосов"><v><l id="386258" t="эскимос"><g v="NOUN"></g><g v="anim"></g><g v="masc"></g><g v="plur"></g><g v="gent"></g></l></v></tfr></token><token id="695076" text="и"><tfr rev_id="1526937" t="и"><v><l id="116949" t="и"><g v="CONJ"></g></l></v><v><l id="116950" t="и"><g v="INTJ"></g></l></v></tfr></token><token id="695077" text="смешение"><tfr rev_id="1526938" t="смешение"><v><l id="326281" t="смешение"><g v="NOUN"></g><g v="inan"></g><g v="neut"></g><g v="sing"></g><g v="nomn"></g></l></v><v><l id="326281" t="смешение"><g v="NOUN"></g><g v="inan"></g><g v="neut"></g><g v="sing"></g><g v="accs"></g></l></v></tfr></token><token id="695078" text="синего"><tfr rev_id="3477422" t="синего"><v><l id="320957" t="синий"><g v="ADJF"></g><g v="Qual"></g><g v="masc"></g><g v="sing"></g><g v="gent"></g></l></v><v><l id="320957" t="синий"><g v="ADJF"></g><g v="Qual"></g><g v="anim"></g><g v="masc"></g><g v="sing"></g><g v="accs"></g></l></v></tfr></token><token id="695079" text="с"><tfr rev_id="1526940" t="с"><v><l id="311151" t="с"><g v="PREP"></g></l></v></tfr></token><token id="695080" text="зеленым"><tfr rev_id="4370235" t="зеленым"><v><l id="114879" t="зелёный"><g v="ADJF"></g><g v="Qual"></g><g v="masc"></g><g v="sing"></g><g v="ablt"></g></l></v></tfr></token><token id="695081" text="у"><tfr rev_id="3326359" t="у"><v><l id="352818" t="у"><g v="PREP"></g></l></v></tfr></token><token id="695082" text="арабов"><tfr rev_id="3538019" t="арабов"><v><l id="15588" t="араб"><g v="NOUN"></g><g v="anim"></g><g v="masc"></g><g v="plur"></g><g v="gent"></g></l></v></tfr></token><token id="695083" text="."><tfr rev_id="1526944" t="."><v><l id="0" t="."><g v="PNCT"></g></l></v></tfr></token></tokens></sentence><sentence id="39004"><source>Когда на втором курсе я впервые услышала эти примеры, они, помнится, очерчивали довольно ясную картину мира.</source><tokens><token id="695084" text="Когда"><tfr rev_id="1526945" t="Когда"><v><l id="135239" t="когда"><g v="CONJ"></g></l></v><v><l id="135240" t="когда"><g v="ADVB"></g><g v="Ques"></g></l></v></tfr></token><token id="695085" text="на"><tfr rev_id="3340369" t="на"><v><l id="166264" t="на"><g v="PREP"></g></l></v></tfr></token><token id="695086" text="втором"><tfr rev_id="4400449" t="втором"><v><l id="55043" t="второй"><g v="ADJF"></g><g v="Anum"></g><g v="masc"></g><g v="sing"></g><g v="loct"></g></l></v></tfr></token><token id="695087" text="курсе"><tfr rev_id="1526948" t="курсе"><v><l id="145471" t="курс"><g v="NOUN"></g><g v="inan"></g><g v="masc"></g><g v="sing"></g><g v="loct"></g></l></v></tfr></token><token id="695088" text="я"><tfr rev_id="1526949" t="я"><v><l id="387317" t="я"><g v="NPRO"></g><g v="1per"></g><g v="sing"></g><g v="nomn"></g></l></v></tfr></token><token id="695089" text="впервые"><tfr rev_id="1526950" t="впервые"><v><l id="52345" t="впервые"><g v="ADVB"></g></l></v></tfr></token><token id="695090" text="услышала"><tfr rev_id="1526951" t="услышала"><v><l id="360638" t="услышал"><g v="VERB"></g><g v="perf"></g><g v="tran"></g><g v="femn"></g><g v="sing"></g><g v="past"></g><g v="indc"></g></l></v></tfr></token><token id="695091" text="эти"><tfr rev_id="4446184" t="эти"><v><l id="386581" t="этот"><g v="ADJF"></g><g v="Subx"></g><g v="Apro"></g><g v="Anph"></g><g v="inan"></g><g v="plur"></g><g v="accs"></g></l></v></tfr></token><token id="695092" text="примеры"><tfr rev_id="3749025" t="примеры"><v><l id="271975" t="пример"><g v="NOUN"></g><g v="inan"></g><g v="masc"></g><g v="plur"></g><g v="accs"></g></l></v></tfr></token><token id="695093" text=","><tfr rev_id="1526954" t=","><v><l id="0" t=","><g v="PNCT"></g></l></v></tfr></token><token id="695094" text="они"><tfr rev_id="3599478" t="они"><v><l id="206619" t="они"><g v="NPRO"></g><g v="3per"></g><g v="Anph"></g><g v="plur"></g><g v="nomn"></g></l></v></tfr></token><token id="695095" text=","><tfr rev_id="1526956" t=","><v><l id="0" t=","><g v="PNCT"></g></l></v></tfr></token><token id="695096" text="помнится"><tfr rev_id="4232020" t="помнится"><v><l id="388716" t="помнится"><g v="CONJ"></g><g v="Prnt"></g></l></v></tfr></token><token id="695097" text=","><tfr rev_id="1526958" t=","><v><l id="0" t=","><g v="PNCT"></g></l></v></tfr></token><token id="695098" text="очерчивали"><tfr rev_id="1526959" t="очерчивали"><v><l id="221779" t="очерчиваю"><g v="VERB"></g><g v="impf"></g><g v="tran"></g><g v="plur"></g><g v="past"></g><g v="indc"></g></l></v></tfr></token><token id="695099" text="довольно"><tfr rev_id="1526960" t="довольно"><v><l id="86034" t="довольно"><g v="ADVB"></g><g v="Prdx"></g></l></v><v><l id="86038" t="доволен"><g v="ADJS"></g><g v="Qual"></g><g v="neut"></g><g v="sing"></g></l></v></tfr></token><token id="695100" text="ясную"><tfr rev_id="1526961" t="ясную"><v><l id="388279" t="ясный"><g v="ADJF"></g><g v="Qual"></g><g v="femn"></g><g v="sing"></g><g v="accs"></g></l></v></tfr></token><token id="695101" text="картину"><tfr rev_id="1526962" t="картину"><v><l id="130773" t="картина"><g v="NOUN"></g><g v="inan"></g><g v="femn"></g><g v="sing"></g><g v="accs"></g></l></v></tfr></token><token id="695102" text="мира"><tfr rev_id="3723554" t="мира"><v><l id="160807" t="мир"><g v="NOUN"></g><g v="inan"></g><g v="masc"></g><g v="sing"></g><g v="gen1"></g></l></v></tfr></token><token id="695103" text="."><tfr rev_id="1526964" t="."><v><l id="0" t="."><g v="PNCT"></g></l></v></tfr></token></tokens></sentence><sentence id="39188"><source>А теперь она снова расползается.</source><tokens><token id="695104" text="А"><tfr rev_id="3962463" t="А"><v><l id="51" t="а"><g v="CONJ"></g></l></v></tfr></token><token id="695105" text="теперь"><tfr rev_id="1526966" t="теперь"><v><l id="344864" t="теперь"><g v="ADVB"></g></l></v></tfr></token><token id="695106" text="она"><tfr rev_id="3586580" t="она"><v><l id="206544" t="она"><g v="NPRO"></g><g v="femn"></g><g v="3per"></g><g v="Anph"></g><g v="sing"></g><g v="nomn"></g></l></v></tfr></token><token id="695107" text="снова"><tfr rev_id="1526968" t="снова"><v><l id="327458" t="снова"><g v="ADVB"></g></l></v></tfr></token><token id="695108" text="расползается"><tfr rev_id="1526969" t="расползается"><v><l id="300079" t="расползаюсь"><g v="VERB"></g><g v="impf"></g><g v="intr"></g><g v="sing"></g><g v="3per"></g><g v="pres"></g><g v="indc"></g></l></v></tfr></token><token id="695109" text="."><tfr rev_id="1526970" t="."><v><l id="0" t="."><g v="PNCT"></g></l></v></tfr></token></tokens></sentence></paragraph><paragraph id="12475"><sentence id="39005"><source>Соотношение языка и мышления, языка и восприятия - кажется, ничего сложнее нет.</source><tokens><token id="695110" text="Соотношение"><tfr rev_id="4099295" t="Соотношение"><v><l id="329661" t="соотношение"><g v="NOUN"></g><g v="inan"></g><g v="neut"></g><g v="sing"></g><g v="nomn"></g></l></v></tfr></token><token id="695111" text="языка"><tfr rev_id="4330755" t="языка"><v><l id="387573" t="язык"><g v="NOUN"></g><g v="inan"></g><g v="masc"></g><g v="sing"></g><g v="gent"></g></l></v></tfr></token><token id="695112" text="и"><tfr rev_id="1526973" t="и"><v><l id="116949" t="и"><g v="CONJ"></g></l></v><v><l id="116950" t="и"><g v="INTJ"></g></l></v></tfr></token><token id="695113" text="мышления"><tfr rev_id="3469219" t="мышления"><v><l id="165966" t="мышление"><g v="NOUN"></g><g v="inan"></g><g v="neut"></g><g v="sing"></g><g v="gent"></g></l></v></tfr></token><token id="695114" text=","><tfr rev_id="1526975" t=","><v><l id="0" t=","><g v="PNCT"></g></l></v></tfr></token><token id="695115" text="языка"><tfr rev_id="4363858" t="языка"><v><l id="387572" t="язык"><g v="NOUN"></g><g v="anim"></g><g v="masc"></g><g v="sing"></g><g v="gent"></g></l></v><v><l id="387573" t="язык"><g v="NOUN"></g><g v="inan"></g><g v="masc"></g><g v="sing"></g><g v="gent"></g></l></v></tfr></token><token id="695116" text="и"><tfr rev_id="3552985" t="и"><v><l id="116949" t="и"><g v="CONJ"></g></l></v></tfr></token><token id="695117" text="восприятия"><tfr rev_id="3433828" t="восприятия"><v><l id="51704" t="восприятие"><g v="NOUN"></g><g v="inan"></g><g v="neut"></g><g v="sing"></g><g v="gent"></g></l></v></tfr></token><token id="695118" text="-"><tfr rev_id="1526979" t="-"><v><l id="0" t="-"><g v="PNCT"></g></l></v></tfr></token><token id="695119" text="кажется"><tfr rev_id="4231874" t="кажется"><v><l id="127876" t="кажется"><g v="CONJ"></g><g v="Prnt"></g></l></v></tfr></token><token id="695120" text=","><tfr rev_id="1526981" t=","><v><l id="0" t=","><g v="PNCT"></g></l></v></tfr></token><token id="695121" text="ничего"><tfr rev_id="4465677" t="ничего"><v><l id="191376" t="ничего"><g v="ADVB"></g></l></v><v><l id="191377" t="ничего"><g v="PRCL"></g></l></v><v><l id="191386" t="ничто"><g v="NPRO"></g><g v="neut"></g><g v="sing"></g><g v="gent"></g></l></v><v><l id="390659" t="ничего"><g v="NPRO"></g><g v="neut"></g><g v="sing"></g><g v="nomn"></g></l></v></tfr></token><token id="695122" text="сложнее"><tfr rev_id="1526983" t="сложнее"><v><l id="325282" t="сложнее"><g v="COMP"></g><g v="Qual"></g></l></v></tfr></token><token id="695123" text="нет"><tfr rev_id="4139949" t="нет"><v><l id="188868" t="нет"><g v="PRCL"></g></l></v><v><l id="188869" t="нет"><g v="INTJ"></g></l></v><v><l id="389552" t="нет"><g v="PRED"></g><g v="pres"></g></l></v></tfr></token><token id="695124" text="."><tfr rev_id="1526985" t="."><v><l id="0" t="."><g v="PNCT"></g></l></v></tfr></token></tokens></sentence></paragraph></paragraphs></text>