<?xml version="1.0" encoding="utf-8"?><text id="1378" parent="603" name="0004686 Соло на компьютере"><tags><tag>url:http://happy-mystx.livejournal.com/4686.html</tag><tag>Год:2008</tag><tag>Дата:31/07</tag><tag>Время:00:09</tag><tag>ЖЖ:Настроение:working</tag></tags><paragraphs><paragraph id="12489"><sentence id="39046"><source>Позавчера начал тренироваться в программе"Соло на компьютере".</source><tokens><token id="695857" text="Позавчера"><tfr rev_id="1527718" t="Позавчера"><v><l id="253345" t="позавчера"><g v="ADVB"></g></l></v></tfr></token><token id="695858" text="начал"><tfr rev_id="1714377" t="начал"><v><l id="178224" t="начал"><g v="VERB"></g><g v="perf"></g><g v="tran"></g><g v="masc"></g><g v="sing"></g><g v="past"></g><g v="indc"></g></l></v></tfr></token><token id="695859" text="тренироваться"><tfr rev_id="1527720" t="тренироваться"><v><l id="349655" t="тренироваться"><g v="INFN"></g><g v="impf"></g><g v="intr"></g></l></v></tfr></token><token id="695860" text="в"><tfr rev_id="1527721" t="в"><v><l id="37409" t="в"><g v="PREP"></g></l></v></tfr></token><token id="695861" text="программе"><tfr rev_id="3534724" t="программе"><v><l id="278686" t="программа"><g v="NOUN"></g><g v="inan"></g><g v="femn"></g><g v="sing"></g><g v="loct"></g></l></v></tfr></token><token id="695862" text="&quot;"><tfr rev_id="1527723" t="&quot;"><v><l id="0" t="&quot;"><g v="PNCT"></g></l></v></tfr></token><token id="695863" text="Соло"><tfr rev_id="4449448" t="Соло"><v><l id="390384" t="соло"><g v="NOUN"></g><g v="inan"></g><g v="neut"></g><g v="Fixd"></g><g v="plur"></g><g v="ablt"></g></l></v><v><l id="390384" t="соло"><g v="NOUN"></g><g v="inan"></g><g v="neut"></g><g v="Fixd"></g><g v="plur"></g><g v="accs"></g></l></v><v><l id="390384" t="соло"><g v="NOUN"></g><g v="inan"></g><g v="neut"></g><g v="Fixd"></g><g v="plur"></g><g v="datv"></g></l></v><v><l id="390384" t="соло"><g v="NOUN"></g><g v="inan"></g><g v="neut"></g><g v="Fixd"></g><g v="plur"></g><g v="gent"></g></l></v><v><l id="390384" t="соло"><g v="NOUN"></g><g v="inan"></g><g v="neut"></g><g v="Fixd"></g><g v="plur"></g><g v="loct"></g></l></v><v><l id="390384" t="соло"><g v="NOUN"></g><g v="inan"></g><g v="neut"></g><g v="Fixd"></g><g v="plur"></g><g v="nomn"></g></l></v><v><l id="390384" t="соло"><g v="NOUN"></g><g v="inan"></g><g v="neut"></g><g v="Fixd"></g><g v="sing"></g><g v="ablt"></g></l></v><v><l id="390384" t="соло"><g v="NOUN"></g><g v="inan"></g><g v="neut"></g><g v="Fixd"></g><g v="sing"></g><g v="accs"></g></l></v><v><l id="390384" t="соло"><g v="NOUN"></g><g v="inan"></g><g v="neut"></g><g v="Fixd"></g><g v="sing"></g><g v="datv"></g></l></v><v><l id="390384" t="соло"><g v="NOUN"></g><g v="inan"></g><g v="neut"></g><g v="Fixd"></g><g v="sing"></g><g v="gent"></g></l></v><v><l id="390384" t="соло"><g v="NOUN"></g><g v="inan"></g><g v="neut"></g><g v="Fixd"></g><g v="sing"></g><g v="loct"></g></l></v><v><l id="390384" t="соло"><g v="NOUN"></g><g v="inan"></g><g v="neut"></g><g v="Fixd"></g><g v="sing"></g><g v="nomn"></g></l></v><v><l id="390491" t="соло"><g v="ADVB"></g></l></v></tfr></token><token id="695864" text="на"><tfr rev_id="3334649" t="на"><v><l id="166264" t="на"><g v="PREP"></g></l></v></tfr></token><token id="695865" text="компьютере"><tfr rev_id="1527726" t="компьютере"><v><l id="137413" t="компьютер"><g v="NOUN"></g><g v="inan"></g><g v="masc"></g><g v="sing"></g><g v="loct"></g></l></v></tfr></token><token id="695866" text="&quot;"><tfr rev_id="1527727" t="&quot;"><v><l id="0" t="&quot;"><g v="PNCT"></g></l></v></tfr></token><token id="695867" text="."><tfr rev_id="1527728" t="."><v><l id="0" t="."><g v="PNCT"></g></l></v></tfr></token></tokens></sentence><sentence id="39047"><source>А что, собственно говоря, делать летом в отпуске, когда есть свободное время? :)</source><tokens><token id="695868" text="А"><tfr rev_id="3410797" t="А"><v><l id="51" t="а"><g v="CONJ"></g></l></v></tfr></token><token id="695869" text="что"><tfr rev_id="3197734" t="что"><v><l id="377004" t="что"><g v="CONJ"></g></l></v><v><l id="377005" t="что"><g v="NPRO"></g><g v="neut"></g><g v="sing"></g><g v="nomn"></g></l></v><v><l id="377005" t="что"><g v="NPRO"></g><g v="neut"></g><g v="sing"></g><g v="accs"></g></l></v><v><l id="377006" t="что"><g v="ADVB"></g><g v="Ques"></g></l></v><v><l id="388695" t="что"><g v="PRCL"></g></l></v></tfr></token><token id="695870" text=","><tfr rev_id="1527731" t=","><v><l id="0" t=","><g v="PNCT"></g></l></v></tfr></token><token id="695871" text="собственно"><tfr rev_id="4509623" t="собственно"><v><l id="327831" t="собственно"><g v="PRCL"></g></l></v><v><l id="327832" t="собственно"><g v="CONJ"></g><g v="Prnt"></g></l></v><v><l id="327841" t="собствен"><g v="ADJS"></g><g v="neut"></g><g v="sing"></g></l></v></tfr></token><token id="695872" text="говоря"><tfr rev_id="1527733" t="говоря"><v><l id="72061" t="говоря"><g v="GRND"></g><g v="impf"></g><g v="tran"></g><g v="pres"></g></l></v></tfr></token><token id="695873" text=","><tfr rev_id="1527734" t=","><v><l id="0" t=","><g v="PNCT"></g></l></v></tfr></token><token id="695874" text="делать"><tfr rev_id="1527735" t="делать"><v><l id="80527" t="делать"><g v="INFN"></g><g v="impf"></g><g v="tran"></g></l></v></tfr></token><token id="695875" text="летом"><tfr rev_id="4239746" t="летом"><v><l id="148696" t="летом"><g v="ADVB"></g></l></v></tfr></token><token id="695876" text="в"><tfr rev_id="1527737" t="в"><v><l id="37409" t="в"><g v="PREP"></g></l></v></tfr></token><token id="695877" text="отпуске"><tfr rev_id="1527738" t="отпуске"><v><l id="217128" t="отпуск"><g v="NOUN"></g><g v="inan"></g><g v="masc"></g><g v="sing"></g><g v="loc1"></g></l></v></tfr></token><token id="695878" text=","><tfr rev_id="1527739" t=","><v><l id="0" t=","><g v="PNCT"></g></l></v></tfr></token><token id="695879" text="когда"><tfr rev_id="1527740" t="когда"><v><l id="135239" t="когда"><g v="CONJ"></g></l></v><v><l id="135240" t="когда"><g v="ADVB"></g><g v="Ques"></g></l></v></tfr></token><token id="695880" text="есть"><tfr rev_id="4393446" t="есть"><v><l id="37265" t="есть"><g v="VERB"></g><g v="impf"></g><g v="intr"></g><g v="sing"></g><g v="3per"></g><g v="pres"></g><g v="indc"></g></l></v><v><l id="37265" t="есть"><g v="VERB"></g><g v="impf"></g><g v="intr"></g><g v="plur"></g><g v="3per"></g><g v="pres"></g><g v="indc"></g></l></v></tfr></token><token id="695881" text="свободное"><tfr rev_id="1527742" t="свободное"><v><l id="316242" t="свободный"><g v="ADJF"></g><g v="Qual"></g><g v="neut"></g><g v="sing"></g><g v="nomn"></g></l></v><v><l id="316242" t="свободный"><g v="ADJF"></g><g v="Qual"></g><g v="neut"></g><g v="sing"></g><g v="accs"></g></l></v></tfr></token><token id="695882" text="время"><tfr rev_id="3555957" t="время"><v><l id="53149" t="время"><g v="NOUN"></g><g v="inan"></g><g v="neut"></g><g v="sing"></g><g v="nomn"></g></l></v></tfr></token><token id="695883" text="?"><tfr rev_id="1527744" t="?"><v><l id="0" t="?"><g v="PNCT"></g></l></v></tfr></token><token id="695884" text=":)"><tfr rev_id="1527745" t=":)"><v><l id="0" t=":)"><g v="PNCT"></g></l></v></tfr></token></tokens></sentence><sentence id="39048"><source>Только и заниматься такой развивающей вещицей, до которой руки абсолютно точно не дойдут в течение учебного года.</source><tokens><token id="695885" text="Только"><tfr rev_id="3784214" t="Только"><v><l id="347395" t="только"><g v="CONJ"></g></l></v><v><l id="347396" t="только"><g v="PRCL"></g></l></v><v><l id="390053" t="только"><g v="ADVB"></g></l></v></tfr></token><token id="695886" text="и"><tfr rev_id="4288939" t="и"><v><l id="116949" t="и"><g v="CONJ"></g></l></v></tfr></token><token id="695887" text="заниматься"><tfr rev_id="1527748" t="заниматься"><v><l id="106420" t="заниматься"><g v="INFN"></g><g v="impf"></g><g v="intr"></g></l></v></tfr></token><token id="695888" text="такой"><tfr rev_id="4317121" t="такой"><v><l id="342491" t="такой"><g v="ADJF"></g><g v="Apro"></g><g v="femn"></g><g v="sing"></g><g v="ablt"></g></l></v></tfr></token><token id="695889" text="развивающей"><tfr rev_id="3445763" t="развивающей"><v><l id="292481" t="развивающий"><g v="PRTF"></g><g v="impf"></g><g v="tran"></g><g v="pres"></g><g v="actv"></g><g v="femn"></g><g v="sing"></g><g v="ablt"></g></l></v></tfr></token><token id="695890" text="вещицей"><tfr rev_id="1527751" t="вещицей"><v><l id="42502" t="вещица"><g v="NOUN"></g><g v="inan"></g><g v="femn"></g><g v="sing"></g><g v="ablt"></g></l></v></tfr></token><token id="695891" text=","><tfr rev_id="1527752" t=","><v><l id="0" t=","><g v="PNCT"></g></l></v></tfr></token><token id="695892" text="до"><tfr rev_id="1527753" t="до"><v><l id="85153" t="до"><g v="PREP"></g></l></v></tfr></token><token id="695893" text="которой"><tfr rev_id="3640494" t="которой"><v><l id="141203" t="который"><g v="ADJF"></g><g v="Apro"></g><g v="Subx"></g><g v="Anph"></g><g v="femn"></g><g v="sing"></g><g v="gent"></g></l></v></tfr></token><token id="695894" text="руки"><tfr rev_id="3743356" t="руки"><v><l id="309953" t="рука"><g v="NOUN"></g><g v="inan"></g><g v="femn"></g><g v="plur"></g><g v="nomn"></g></l></v></tfr></token><token id="695895" text="абсолютно"><tfr rev_id="1527756" t="абсолютно"><v><l id="1847" t="абсолютно"><g v="ADVB"></g></l></v><v><l id="1850" t="абсолютен"><g v="ADJS"></g><g v="neut"></g><g v="sing"></g></l></v></tfr></token><token id="695896" text="точно"><tfr rev_id="4509233" t="точно"><v><l id="348514" t="точно"><g v="ADVB"></g></l></v><v><l id="348515" t="точно"><g v="CONJ"></g></l></v><v><l id="348521" t="точен"><g v="ADJS"></g><g v="Qual"></g><g v="neut"></g><g v="sing"></g></l></v></tfr></token><token id="695897" text="не"><tfr rev_id="1527758" t="не"><v><l id="178876" t="не"><g v="PRCL"></g></l></v></tfr></token><token id="695898" text="дойдут"><tfr rev_id="1527759" t="дойдут"><v><l id="86962" t="дошёл"><g v="VERB"></g><g v="perf"></g><g v="intr"></g><g v="plur"></g><g v="3per"></g><g v="futr"></g><g v="indc"></g></l></v></tfr></token><token id="695899" text="в"><tfr rev_id="1527760" t="в"><v><l id="37409" t="в"><g v="PREP"></g></l></v></tfr></token><token id="695900" text="течение"><tfr rev_id="4099962" t="течение"><v><l id="346009" t="течение"><g v="NOUN"></g><g v="inan"></g><g v="neut"></g><g v="sing"></g><g v="accs"></g></l></v></tfr></token><token id="695901" text="учебного"><tfr rev_id="4542346" t="учебного"><v><l id="363181" t="учебный"><g v="ADJF"></g><g v="masc"></g><g v="sing"></g><g v="gent"></g></l></v><v><l id="363181" t="учебный"><g v="ADJF"></g><g v="anim"></g><g v="masc"></g><g v="sing"></g><g v="accs"></g></l></v></tfr></token><token id="695902" text="года"><tfr rev_id="3457813" t="года"><v><l id="72149" t="год"><g v="NOUN"></g><g v="inan"></g><g v="masc"></g><g v="sing"></g><g v="gen1"></g></l></v></tfr></token><token id="695903" text="."><tfr rev_id="1527764" t="."><v><l id="0" t="."><g v="PNCT"></g></l></v></tfr></token></tokens></sentence><sentence id="39049"><source>Впечатление от вещицы очень приятное - к сожалению очень редко испытываемое (в основном за границей), похожее на то, когда увидишь или попробуешь нечто, во что автор вложил свою душу, продумал все до мелочей...короче,"не когда нечего добавить, а когда нечего убавить".</source><tokens><token id="695904" text="Впечатление"><tfr rev_id="4096429" t="Впечатление"><v><l id="52404" t="впечатление"><g v="NOUN"></g><g v="inan"></g><g v="neut"></g><g v="sing"></g><g v="nomn"></g></l></v></tfr></token><token id="695905" text="от"><tfr rev_id="1527766" t="от"><v><l id="211644" t="от"><g v="PREP"></g></l></v></tfr></token><token id="695906" text="вещицы"><tfr rev_id="3444565" t="вещицы"><v><l id="42502" t="вещица"><g v="NOUN"></g><g v="inan"></g><g v="femn"></g><g v="sing"></g><g v="gent"></g></l></v></tfr></token><token id="695907" text="очень"><tfr rev_id="1527768" t="очень"><v><l id="221681" t="очень"><g v="ADVB"></g></l></v></tfr></token><token id="695908" text="приятное"><tfr rev_id="1527769" t="приятное"><v><l id="277012" t="приятный"><g v="ADJF"></g><g v="Qual"></g><g v="neut"></g><g v="sing"></g><g v="nomn"></g></l></v><v><l id="277012" t="приятный"><g v="ADJF"></g><g v="Qual"></g><g v="neut"></g><g v="sing"></g><g v="accs"></g></l></v></tfr></token><token id="695909" text="-"><tfr rev_id="1527770" t="-"><v><l id="0" t="-"><g v="PNCT"></g></l></v></tfr></token><token id="695910" text="к"><tfr rev_id="1527771" t="к"><v><l id="127460" t="к"><g v="PREP"></g></l></v></tfr></token><token id="695911" text="сожалению"><tfr rev_id="1527772" t="сожалению"><v><l id="328513" t="сожаление"><g v="NOUN"></g><g v="inan"></g><g v="neut"></g><g v="sing"></g><g v="datv"></g></l></v></tfr></token><token id="695912" text="очень"><tfr rev_id="1527773" t="очень"><v><l id="221681" t="очень"><g v="ADVB"></g></l></v></tfr></token><token id="695913" text="редко"><tfr rev_id="1527774" t="редко"><v><l id="305021" t="редок"><g v="ADJS"></g><g v="Qual"></g><g v="neut"></g><g v="sing"></g></l></v><v><l id="305028" t="редко"><g v="ADVB"></g></l></v></tfr></token><token id="695914" text="испытываемое"><tfr rev_id="4353805" t="испытываемое"><v><l id="125685" t="испытываемый"><g v="PRTF"></g><g v="impf"></g><g v="tran"></g><g v="pres"></g><g v="pssv"></g><g v="neut"></g><g v="sing"></g><g v="nomn"></g></l></v></tfr></token><token id="695915" text="("><tfr rev_id="1527776" t="("><v><l id="0" t="("><g v="PNCT"></g></l></v></tfr></token><token id="695916" text="в"><tfr rev_id="1527777" t="в"><v><l id="37409" t="в"><g v="PREP"></g></l></v></tfr></token><token id="695917" text="основном"><tfr rev_id="4259894" t="основном"><v><l id="210594" t="основное"><g v="NOUN"></g><g v="inan"></g><g v="neut"></g><g v="Sgtm"></g><g v="sing"></g><g v="loct"></g></l></v></tfr></token><token id="695918" text="за"><tfr rev_id="1527779" t="за"><v><l id="98043" t="за"><g v="PREP"></g></l></v></tfr></token><token id="695919" text="границей"><tfr rev_id="1527780" t="границей"><v><l id="74687" t="граница"><g v="NOUN"></g><g v="inan"></g><g v="femn"></g><g v="sing"></g><g v="ablt"></g></l></v></tfr></token><token id="695920" text=")"><tfr rev_id="1527781" t=")"><v><l id="0" t=")"><g v="PNCT"></g></l></v></tfr></token><token id="695921" text=","><tfr rev_id="1527782" t=","><v><l id="0" t=","><g v="PNCT"></g></l></v></tfr></token><token id="695922" text="похожее"><tfr rev_id="1527783" t="похожее"><v><l id="264398" t="похожий"><g v="ADJF"></g><g v="Qual"></g><g v="neut"></g><g v="sing"></g><g v="nomn"></g></l></v><v><l id="264398" t="похожий"><g v="ADJF"></g><g v="Qual"></g><g v="neut"></g><g v="sing"></g><g v="accs"></g></l></v><v><l id="264400" t="похожее"><g v="COMP"></g><g v="Qual"></g></l></v></tfr></token><token id="695923" text="на"><tfr rev_id="3344697" t="на"><v><l id="166264" t="на"><g v="PREP"></g></l></v></tfr></token><token id="695924" text="то"><tfr rev_id="4425020" t="то"><v><l id="348430" t="тот"><g v="ADJF"></g><g v="Subx"></g><g v="Apro"></g><g v="Anph"></g><g v="neut"></g><g v="sing"></g><g v="nomn"></g></l></v><v><l id="348430" t="тот"><g v="ADJF"></g><g v="Subx"></g><g v="Apro"></g><g v="Anph"></g><g v="neut"></g><g v="sing"></g><g v="accs"></g></l></v></tfr></token><token id="695925" text=","><tfr rev_id="1527786" t=","><v><l id="0" t=","><g v="PNCT"></g></l></v></tfr></token><token id="695926" text="когда"><tfr rev_id="1527787" t="когда"><v><l id="135239" t="когда"><g v="CONJ"></g></l></v><v><l id="135240" t="когда"><g v="ADVB"></g><g v="Ques"></g></l></v></tfr></token><token id="695927" text="увидишь"><tfr rev_id="1527788" t="увидишь"><v><l id="353630" t="увидел"><g v="VERB"></g><g v="perf"></g><g v="tran"></g><g v="sing"></g><g v="2per"></g><g v="futr"></g><g v="indc"></g></l></v></tfr></token><token id="695928" text="или"><tfr rev_id="3787363" t="или"><v><l id="121146" t="или"><g v="CONJ"></g></l></v></tfr></token><token id="695929" text="попробуешь"><tfr rev_id="1527790" t="попробуешь"><v><l id="259607" t="попробовал"><g v="VERB"></g><g v="perf"></g><g v="tran"></g><g v="sing"></g><g v="2per"></g><g v="futr"></g><g v="indc"></g></l></v></tfr></token><token id="695930" text="нечто"><tfr rev_id="2699579" t="нечто"><v><l id="190100" t="нечто"><g v="NPRO"></g><g v="neut"></g><g v="sing"></g><g v="accs"></g></l></v></tfr></token><token id="695931" text=","><tfr rev_id="1527792" t=","><v><l id="0" t=","><g v="PNCT"></g></l></v></tfr></token><token id="695932" text="во"><tfr rev_id="2920333" t="во"><v><l id="37409" t="в"><g v="PREP"></g><g v="Vpre"></g></l></v></tfr></token><token id="695933" text="что"><tfr rev_id="3197735" t="что"><v><l id="377004" t="что"><g v="CONJ"></g></l></v><v><l id="377005" t="что"><g v="NPRO"></g><g v="neut"></g><g v="sing"></g><g v="nomn"></g></l></v><v><l id="377005" t="что"><g v="NPRO"></g><g v="neut"></g><g v="sing"></g><g v="accs"></g></l></v><v><l id="377006" t="что"><g v="ADVB"></g><g v="Ques"></g></l></v><v><l id="388695" t="что"><g v="PRCL"></g></l></v></tfr></token><token id="695934" text="автор"><tfr rev_id="1527795" t="автор"><v><l id="3371" t="автор"><g v="NOUN"></g><g v="anim"></g><g v="masc"></g><g v="sing"></g><g v="nomn"></g></l></v></tfr></token><token id="695935" text="вложил"><tfr rev_id="1527796" t="вложил"><v><l id="46968" t="вложил"><g v="VERB"></g><g v="perf"></g><g v="tran"></g><g v="masc"></g><g v="sing"></g><g v="past"></g><g v="indc"></g></l></v></tfr></token><token id="695936" text="свою"><tfr rev_id="3632280" t="свою"><v><l id="316379" t="свой"><g v="ADJF"></g><g v="Apro"></g><g v="Anph"></g><g v="femn"></g><g v="sing"></g><g v="accs"></g></l></v></tfr></token><token id="695937" text="душу"><tfr rev_id="4175836" t="душу"><v><l id="93357" t="душа"><g v="NOUN"></g><g v="inan"></g><g v="femn"></g><g v="sing"></g><g v="accs"></g></l></v></tfr></token><token id="695938" text=","><tfr rev_id="1527799" t=","><v><l id="0" t=","><g v="PNCT"></g></l></v></tfr></token><token id="695939" text="продумал"><tfr rev_id="1527800" t="продумал"><v><l id="279373" t="продумал"><g v="VERB"></g><g v="perf"></g><g v="tran"></g><g v="masc"></g><g v="sing"></g><g v="past"></g><g v="indc"></g></l></v></tfr></token><token id="695940" text="все"><tfr rev_id="4511416" t="все"><v><l id="42156" t="весь"><g v="ADJF"></g><g v="Subx"></g><g v="Apro"></g><g v="neut"></g><g v="sing"></g><g v="accs"></g></l></v><v><l id="42156" t="весь"><g v="ADJF"></g><g v="Subx"></g><g v="Apro"></g><g v="neut"></g><g v="sing"></g><g v="nomn"></g></l></v></tfr></token><token id="695941" text="до"><tfr rev_id="1527802" t="до"><v><l id="85153" t="до"><g v="PREP"></g></l></v></tfr></token><token id="695942" text="мелочей"><tfr rev_id="1527803" t="мелочей"><v><l id="158204" t="мелочь"><g v="NOUN"></g><g v="inan"></g><g v="femn"></g><g v="plur"></g><g v="gent"></g></l></v></tfr></token><token id="695943" text="..."><tfr rev_id="1527804" t="..."><v><l id="0" t="..."><g v="PNCT"></g></l></v></tfr></token><token id="695944" text="короче"><tfr rev_id="4388485" t="короче"><v><l id="388697" t="короче"><g v="CONJ"></g><g v="Prnt"></g></l></v></tfr></token><token id="695945" text=","><tfr rev_id="1527806" t=","><v><l id="0" t=","><g v="PNCT"></g></l></v></tfr></token><token id="695946" text="&quot;"><tfr rev_id="1527807" t="&quot;"><v><l id="0" t="&quot;"><g v="PNCT"></g></l></v></tfr></token><token id="695947" text="не"><tfr rev_id="1527808" t="не"><v><l id="178876" t="не"><g v="PRCL"></g></l></v></tfr></token><token id="695948" text="когда"><tfr rev_id="1527809" t="когда"><v><l id="135239" t="когда"><g v="CONJ"></g></l></v><v><l id="135240" t="когда"><g v="ADVB"></g><g v="Ques"></g></l></v></tfr></token><token id="695949" text="нечего"><tfr rev_id="1527810" t="нечего"><v><l id="190023" t="нечего"><g v="NPRO"></g><g v="sing"></g><g v="gent"></g></l></v></tfr></token><token id="695950" text="добавить"><tfr rev_id="1527811" t="добавить"><v><l id="85159" t="добавить"><g v="INFN"></g><g v="perf"></g><g v="tran"></g></l></v></tfr></token><token id="695951" text=","><tfr rev_id="1527812" t=","><v><l id="0" t=","><g v="PNCT"></g></l></v></tfr></token><token id="695952" text="а"><tfr rev_id="1527813" t="а"><v><l id="51" t="а"><g v="CONJ"></g></l></v><v><l id="52" t="а"><g v="INTJ"></g></l></v><v><l id="53" t="а"><g v="PRCL"></g></l></v></tfr></token><token id="695953" text="когда"><tfr rev_id="1527814" t="когда"><v><l id="135239" t="когда"><g v="CONJ"></g></l></v><v><l id="135240" t="когда"><g v="ADVB"></g><g v="Ques"></g></l></v></tfr></token><token id="695954" text="нечего"><tfr rev_id="1527815" t="нечего"><v><l id="190023" t="нечего"><g v="NPRO"></g><g v="sing"></g><g v="gent"></g></l></v></tfr></token><token id="695955" text="убавить"><tfr rev_id="1527816" t="убавить"><v><l id="352835" t="убавить"><g v="INFN"></g><g v="perf"></g><g v="tran"></g></l></v></tfr></token><token id="695956" text="&quot;"><tfr rev_id="1527817" t="&quot;"><v><l id="0" t="&quot;"><g v="PNCT"></g></l></v></tfr></token><token id="695957" text="."><tfr rev_id="1527818" t="."><v><l id="0" t="."><g v="PNCT"></g></l></v></tfr></token></tokens></sentence><sentence id="39050"><source>Каждый день ощущаю эффект от занятий - стал делать меньше ошибок при печати, а также увеличилась скорость набора.</source><tokens><token id="695958" text="Каждый"><tfr rev_id="4429608" t="Каждый"><v><l id="127875" t="каждый"><g v="ADJF"></g><g v="Subx"></g><g v="Apro"></g><g v="masc"></g><g v="sing"></g><g v="nomn"></g></l></v><v><l id="127875" t="каждый"><g v="ADJF"></g><g v="Subx"></g><g v="Apro"></g><g v="inan"></g><g v="masc"></g><g v="sing"></g><g v="accs"></g></l></v></tfr></token><token id="695959" text="день"><tfr rev_id="1714272" t="день"><v><l id="81427" t="день"><g v="NOUN"></g><g v="inan"></g><g v="masc"></g><g v="sing"></g><g v="nomn"></g></l></v><v><l id="81427" t="день"><g v="NOUN"></g><g v="inan"></g><g v="masc"></g><g v="sing"></g><g v="accs"></g></l></v></tfr></token><token id="695960" text="ощущаю"><tfr rev_id="1527821" t="ощущаю"><v><l id="222321" t="ощущаю"><g v="VERB"></g><g v="impf"></g><g v="tran"></g><g v="sing"></g><g v="1per"></g><g v="pres"></g><g v="indc"></g></l></v></tfr></token><token id="695961" text="эффект"><tfr rev_id="4105950" t="эффект"><v><l id="386657" t="эффект"><g v="NOUN"></g><g v="inan"></g><g v="masc"></g><g v="sing"></g><g v="accs"></g></l></v></tfr></token><token id="695962" text="от"><tfr rev_id="1527823" t="от"><v><l id="211644" t="от"><g v="PREP"></g></l></v></tfr></token><token id="695963" text="занятий"><tfr rev_id="1527824" t="занятий"><v><l id="106572" t="занятие"><g v="NOUN"></g><g v="inan"></g><g v="neut"></g><g v="plur"></g><g v="gent"></g></l></v></tfr></token><token id="695964" text="-"><tfr rev_id="1527825" t="-"><v><l id="0" t="-"><g v="PNCT"></g></l></v></tfr></token><token id="695965" text="стал"><tfr rev_id="1527826" t="стал"><v><l id="335164" t="стал"><g v="VERB"></g><g v="perf"></g><g v="intr"></g><g v="masc"></g><g v="sing"></g><g v="past"></g><g v="indc"></g></l></v></tfr></token><token id="695966" text="делать"><tfr rev_id="1527827" t="делать"><v><l id="80527" t="делать"><g v="INFN"></g><g v="impf"></g><g v="tran"></g></l></v></tfr></token><token id="695967" text="меньше"><tfr rev_id="4266770" t="меньше"><v><l id="153697" t="меньше"><g v="COMP"></g><g v="Qual"></g></l></v></tfr></token><token id="695968" text="ошибок"><tfr rev_id="1527829" t="ошибок"><v><l id="222054" t="ошибка"><g v="NOUN"></g><g v="inan"></g><g v="femn"></g><g v="plur"></g><g v="gent"></g></l></v></tfr></token><token id="695969" text="при"><tfr rev_id="2634123" t="при"><v><l id="268625" t="при"><g v="PREP"></g></l></v></tfr></token><token id="695970" text="печати"><tfr rev_id="4286396" t="печати"><v><l id="238229" t="печать"><g v="NOUN"></g><g v="inan"></g><g v="femn"></g><g v="sing"></g><g v="loct"></g></l></v></tfr></token><token id="695971" text=","><tfr rev_id="1527832" t=","><v><l id="0" t=","><g v="PNCT"></g></l></v></tfr></token><token id="695972" text="а"><tfr rev_id="2606362" t="а"><v><l id="51" t="а"><g v="CONJ"></g></l></v></tfr></token><token id="695973" text="также"><tfr rev_id="4267843" t="также"><v><l id="342482" t="также"><g v="PRCL"></g></l></v></tfr></token><token id="695974" text="увеличилась"><tfr rev_id="1527835" t="увеличилась"><v><l id="353402" t="увеличился"><g v="VERB"></g><g v="perf"></g><g v="intr"></g><g v="femn"></g><g v="sing"></g><g v="past"></g><g v="indc"></g></l></v></tfr></token><token id="695975" text="скорость"><tfr rev_id="1527836" t="скорость"><v><l id="323333" t="скорость"><g v="NOUN"></g><g v="inan"></g><g v="femn"></g><g v="sing"></g><g v="nomn"></g></l></v><v><l id="323333" t="скорость"><g v="NOUN"></g><g v="inan"></g><g v="femn"></g><g v="sing"></g><g v="accs"></g></l></v></tfr></token><token id="695976" text="набора"><tfr rev_id="1527837" t="набора"><v><l id="166595" t="набор"><g v="NOUN"></g><g v="inan"></g><g v="masc"></g><g v="sing"></g><g v="gent"></g></l></v></tfr></token><token id="695977" text="."><tfr rev_id="1527838" t="."><v><l id="0" t="."><g v="PNCT"></g></l></v></tfr></token></tokens></sentence></paragraph><paragraph id="12490"><sentence id="39051"><source>P.S. Кстати, первая программа, лицензию на которую купил при помощи СМС.</source><tokens><token id="695978" text="P"><tfr rev_id="2475445" t="P"><v><l id="0" t="P"><g v="LATN"></g></l></v></tfr></token><token id="695979" text="."><tfr rev_id="1527840" t="."><v><l id="0" t="."><g v="PNCT"></g></l></v></tfr></token><token id="695980" text="S"><tfr rev_id="2475446" t="S"><v><l id="0" t="S"><g v="LATN"></g></l></v></tfr></token><token id="695981" text="."><tfr rev_id="1527842" t="."><v><l id="0" t="."><g v="PNCT"></g></l></v></tfr></token><token id="695982" text="Кстати"><tfr rev_id="1527843" t="Кстати"><v><l id="144209" t="кстати"><g v="ADVB"></g></l></v><v><l id="144210" t="кстати"><g v="CONJ"></g><g v="Prnt"></g></l></v></tfr></token><token id="695983" text=","><tfr rev_id="1527844" t=","><v><l id="0" t=","><g v="PNCT"></g></l></v></tfr></token><token id="695984" text="первая"><tfr rev_id="1527845" t="первая"><v><l id="226359" t="первый"><g v="ADJF"></g><g v="Anum"></g><g v="femn"></g><g v="sing"></g><g v="nomn"></g></l></v></tfr></token><token id="695985" text="программа"><tfr rev_id="1527846" t="программа"><v><l id="278686" t="программа"><g v="NOUN"></g><g v="inan"></g><g v="femn"></g><g v="sing"></g><g v="nomn"></g></l></v></tfr></token><token id="695986" text=","><tfr rev_id="1527847" t=","><v><l id="0" t=","><g v="PNCT"></g></l></v></tfr></token><token id="695987" text="лицензию"><tfr rev_id="1527848" t="лицензию"><v><l id="150177" t="лицензия"><g v="NOUN"></g><g v="inan"></g><g v="femn"></g><g v="sing"></g><g v="accs"></g></l></v></tfr></token><token id="695988" text="на"><tfr rev_id="3338407" t="на"><v><l id="166264" t="на"><g v="PREP"></g></l></v></tfr></token><token id="695989" text="которую"><tfr rev_id="3641077" t="которую"><v><l id="141203" t="который"><g v="ADJF"></g><g v="Apro"></g><g v="Subx"></g><g v="Anph"></g><g v="femn"></g><g v="sing"></g><g v="accs"></g></l></v></tfr></token><token id="695990" text="купил"><tfr rev_id="1527851" t="купил"><v><l id="145083" t="купил"><g v="VERB"></g><g v="perf"></g><g v="tran"></g><g v="masc"></g><g v="sing"></g><g v="past"></g><g v="indc"></g></l></v></tfr></token><token id="695991" text="при"><tfr rev_id="2628906" t="при"><v><l id="268625" t="при"><g v="PREP"></g></l></v></tfr></token><token id="695992" text="помощи"><tfr rev_id="4177413" t="помощи"><v><l id="257960" t="помощь"><g v="NOUN"></g><g v="inan"></g><g v="femn"></g><g v="sing"></g><g v="loct"></g></l></v></tfr></token><token id="695993" text="СМС"><tfr rev_id="4173621" t="СМС"><v><l id="326844" t="смс"><g v="NOUN"></g><g v="inan"></g><g v="masc"></g><g v="Fixd"></g><g v="Abbr"></g><g v="sing"></g><g v="gent"></g></l></v></tfr></token><token id="695994" text="."><tfr rev_id="1527855" t="."><v><l id="0" t="."><g v="PNCT"></g></l></v></tfr></token></tokens></sentence><sentence id="39052"><source>(Тома, прости за 150 рублей, потраченных из нашего бюджета!) :-D</source><tokens><token id="695995" text="("><tfr rev_id="1527856" t="("><v><l id="0" t="("><g v="PNCT"></g></l></v></tfr></token><token id="695996" text="Тома"><tfr rev_id="4257158" t="Тома"><v><l id="347414" t="тома"><g v="NOUN"></g><g v="anim"></g><g v="femn"></g><g v="Name"></g><g v="sing"></g><g v="nomn"></g></l></v></tfr></token><token id="695997" text=","><tfr rev_id="1527858" t=","><v><l id="0" t=","><g v="PNCT"></g></l></v></tfr></token><token id="695998" text="прости"><tfr rev_id="1527859" t="прости"><v><l id="285009" t="простил"><g v="VERB"></g><g v="perf"></g><g v="tran"></g><g v="sing"></g><g v="impr"></g><g v="excl"></g></l></v></tfr></token><token id="695999" text="за"><tfr rev_id="1527860" t="за"><v><l id="98043" t="за"><g v="PREP"></g></l></v></tfr></token><token id="696000" text="150"><tfr rev_id="2462843" t="150"><v><l id="0" t="150"><g v="NUMB"></g></l></v></tfr></token><token id="696001" text="рублей"><tfr rev_id="1527862" t="рублей"><v><l id="309744" t="рубль"><g v="NOUN"></g><g v="inan"></g><g v="masc"></g><g v="plur"></g><g v="gent"></g></l></v></tfr></token><token id="696002" text=","><tfr rev_id="1527863" t=","><v><l id="0" t=","><g v="PNCT"></g></l></v></tfr></token><token id="696003" text="потраченных"><tfr rev_id="1527864" t="потраченных"><v><l id="263505" t="потраченный"><g v="PRTF"></g><g v="perf"></g><g v="tran"></g><g v="past"></g><g v="pssv"></g><g v="plur"></g><g v="gent"></g></l></v><v><l id="263505" t="потраченный"><g v="PRTF"></g><g v="perf"></g><g v="tran"></g><g v="past"></g><g v="pssv"></g><g v="anim"></g><g v="plur"></g><g v="accs"></g></l></v><v><l id="263505" t="потраченный"><g v="PRTF"></g><g v="perf"></g><g v="tran"></g><g v="past"></g><g v="pssv"></g><g v="plur"></g><g v="loct"></g></l></v></tfr></token><token id="696004" text="из"><tfr rev_id="2602482" t="из"><v><l id="117677" t="из"><g v="PREP"></g></l></v></tfr></token><token id="696005" text="нашего"><tfr rev_id="3454439" t="нашего"><v><l id="178492" t="наш"><g v="ADJF"></g><g v="Apro"></g><g v="masc"></g><g v="sing"></g><g v="gent"></g></l></v><v><l id="178492" t="наш"><g v="ADJF"></g><g v="Apro"></g><g v="anim"></g><g v="masc"></g><g v="sing"></g><g v="accs"></g></l></v></tfr></token><token id="696006" text="бюджета"><tfr rev_id="1527867" t="бюджета"><v><l id="37326" t="бюджет"><g v="NOUN"></g><g v="inan"></g><g v="masc"></g><g v="sing"></g><g v="gent"></g></l></v></tfr></token><token id="696007" text="!"><tfr rev_id="1527868" t="!"><v><l id="0" t="!"><g v="PNCT"></g></l></v></tfr></token><token id="696008" text=")"><tfr rev_id="1527869" t=")"><v><l id="0" t=")"><g v="PNCT"></g></l></v></tfr></token><token id="696009" text=":-D"><tfr rev_id="1527870" t=":-D"><v><l id="0" t=":-D"><g v="UNKN"></g></l></v></tfr></token></tokens></sentence></paragraph></paragraphs></text>