<?xml version="1.0" encoding="utf-8"?><text id="1379" parent="604" name="0086183 Как стать программистом?"><tags><tag>url:http://yakov-sirotkin.livejournal.com/86183.html</tag><tag>Год:2008</tag><tag>Дата:20/11</tag><tag>Время:17:54</tag><tag>ЖЖ:Метка:hr</tag></tags><paragraphs><paragraph id="12491"><sentence id="39053"><source>Несмотря на амбициозное название, сила поста ограничена — многие обойдутся без моих рекомендаций, а остальным они не помогут.</source><tokens><token id="696010" text="Несмотря"><tfr rev_id="1527871" t="Несмотря"><v><l id="188286" t="несмотря"><g v="PREP"></g></l></v></tfr></token><token id="696011" text="на"><tfr rev_id="3397836" t="на"><v><l id="166264" t="на"><g v="PREP"></g></l></v></tfr></token><token id="696012" text="амбициозное"><tfr rev_id="1527873" t="амбициозное"><v><l id="11265" t="амбициозный"><g v="ADJF"></g><g v="Qual"></g><g v="neut"></g><g v="sing"></g><g v="nomn"></g></l></v><v><l id="11265" t="амбициозный"><g v="ADJF"></g><g v="Qual"></g><g v="neut"></g><g v="sing"></g><g v="accs"></g></l></v></tfr></token><token id="696013" text="название"><tfr rev_id="3272610" t="название"><v><l id="170336" t="название"><g v="NOUN"></g><g v="inan"></g><g v="neut"></g><g v="sing"></g><g v="accs"></g></l></v></tfr></token><token id="696014" text=","><tfr rev_id="1527875" t=","><v><l id="0" t=","><g v="PNCT"></g></l></v></tfr></token><token id="696015" text="сила"><tfr rev_id="3714670" t="сила"><v><l id="320333" t="сила"><g v="NOUN"></g><g v="inan"></g><g v="femn"></g><g v="sing"></g><g v="nomn"></g></l></v></tfr></token><token id="696016" text="поста"><tfr rev_id="1527877" t="поста"><v><l id="262073" t="пост"><g v="NOUN"></g><g v="inan"></g><g v="masc"></g><g v="sing"></g><g v="gent"></g></l></v></tfr></token><token id="696017" text="ограничена"><tfr rev_id="1527878" t="ограничена"><v><l id="202941" t="ограничен"><g v="PRTS"></g><g v="perf"></g><g v="past"></g><g v="pssv"></g><g v="femn"></g><g v="sing"></g></l></v></tfr></token><token id="696018" text="—"><tfr rev_id="2446974" t="—"><v><l id="0" t="—"><g v="PNCT"></g></l></v></tfr></token><token id="696019" text="многие"><tfr rev_id="4472525" t="многие"><v><l id="161426" t="многие"><g v="NPRO"></g><g v="plur"></g><g v="nomn"></g></l></v></tfr></token><token id="696020" text="обойдутся"><tfr rev_id="1527881" t="обойдутся"><v><l id="198313" t="обошёлся"><g v="VERB"></g><g v="perf"></g><g v="intr"></g><g v="plur"></g><g v="3per"></g><g v="futr"></g><g v="indc"></g></l></v></tfr></token><token id="696021" text="без"><tfr rev_id="1527882" t="без"><v><l id="25481" t="без"><g v="PREP"></g></l></v></tfr></token><token id="696022" text="моих"><tfr rev_id="4408128" t="моих"><v><l id="162570" t="мой"><g v="ADJF"></g><g v="Apro"></g><g v="plur"></g><g v="gent"></g></l></v></tfr></token><token id="696023" text="рекомендаций"><tfr rev_id="1527884" t="рекомендаций"><v><l id="305729" t="рекомендация"><g v="NOUN"></g><g v="inan"></g><g v="femn"></g><g v="plur"></g><g v="gent"></g></l></v></tfr></token><token id="696024" text=","><tfr rev_id="1527885" t=","><v><l id="0" t=","><g v="PNCT"></g></l></v></tfr></token><token id="696025" text="а"><tfr rev_id="1527886" t="а"><v><l id="51" t="а"><g v="CONJ"></g></l></v><v><l id="52" t="а"><g v="INTJ"></g></l></v><v><l id="53" t="а"><g v="PRCL"></g></l></v></tfr></token><token id="696026" text="остальным"><tfr rev_id="4137010" t="остальным"><v><l id="210836" t="остальной"><g v="ADJF"></g><g v="Subx"></g><g v="Apro"></g><g v="plur"></g><g v="datv"></g></l></v></tfr></token><token id="696027" text="они"><tfr rev_id="3599479" t="они"><v><l id="206619" t="они"><g v="NPRO"></g><g v="3per"></g><g v="Anph"></g><g v="plur"></g><g v="nomn"></g></l></v></tfr></token><token id="696028" text="не"><tfr rev_id="1527889" t="не"><v><l id="178876" t="не"><g v="PRCL"></g></l></v></tfr></token><token id="696029" text="помогут"><tfr rev_id="1527890" t="помогут"><v><l id="257948" t="помог"><g v="VERB"></g><g v="perf"></g><g v="intr"></g><g v="plur"></g><g v="3per"></g><g v="futr"></g><g v="indc"></g></l></v></tfr></token><token id="696030" text="."><tfr rev_id="1527891" t="."><v><l id="0" t="."><g v="PNCT"></g></l></v></tfr></token></tokens></sentence><sentence id="39054"><source>Любознательному читателю в качестве домашнего упражнения предлагается определить, к какой категории он относится.</source><tokens><token id="696031" text="Любознательному"><tfr rev_id="3449223" t="Любознательному"><v><l id="152023" t="любознательный"><g v="ADJF"></g><g v="Qual"></g><g v="masc"></g><g v="sing"></g><g v="datv"></g></l></v></tfr></token><token id="696032" text="читателю"><tfr rev_id="1527893" t="читателю"><v><l id="376715" t="читатель"><g v="NOUN"></g><g v="anim"></g><g v="masc"></g><g v="sing"></g><g v="datv"></g></l></v></tfr></token><token id="696033" text="в"><tfr rev_id="1527894" t="в"><v><l id="37409" t="в"><g v="PREP"></g></l></v></tfr></token><token id="696034" text="качестве"><tfr rev_id="1527895" t="качестве"><v><l id="131638" t="качество"><g v="NOUN"></g><g v="inan"></g><g v="neut"></g><g v="sing"></g><g v="loct"></g></l></v></tfr></token><token id="696035" text="домашнего"><tfr rev_id="4085905" t="домашнего"><v><l id="88216" t="домашний"><g v="ADJF"></g><g v="neut"></g><g v="sing"></g><g v="gent"></g></l></v></tfr></token><token id="696036" text="упражнения"><tfr rev_id="3502141" t="упражнения"><v><l id="359236" t="упражнение"><g v="NOUN"></g><g v="inan"></g><g v="neut"></g><g v="sing"></g><g v="gent"></g></l></v></tfr></token><token id="696037" text="предлагается"><tfr rev_id="1527898" t="предлагается"><v><l id="266525" t="предлагаюсь"><g v="VERB"></g><g v="impf"></g><g v="intr"></g><g v="sing"></g><g v="3per"></g><g v="pres"></g><g v="indc"></g></l></v></tfr></token><token id="696038" text="определить"><tfr rev_id="1527899" t="определить"><v><l id="208003" t="определить"><g v="INFN"></g><g v="perf"></g><g v="tran"></g></l></v></tfr></token><token id="696039" text=","><tfr rev_id="1527900" t=","><v><l id="0" t=","><g v="PNCT"></g></l></v></tfr></token><token id="696040" text="к"><tfr rev_id="1527901" t="к"><v><l id="127460" t="к"><g v="PREP"></g></l></v></tfr></token><token id="696041" text="какой"><tfr rev_id="2635708" t="какой"><v><l id="128224" t="какой"><g v="ADJF"></g><g v="Apro"></g><g v="femn"></g><g v="sing"></g><g v="gent"></g></l></v><v><l id="128224" t="какой"><g v="ADJF"></g><g v="Apro"></g><g v="femn"></g><g v="sing"></g><g v="datv"></g></l></v><v><l id="128224" t="какой"><g v="ADJF"></g><g v="Apro"></g><g v="femn"></g><g v="sing"></g><g v="ablt"></g></l></v><v><l id="128224" t="какой"><g v="ADJF"></g><g v="Apro"></g><g v="femn"></g><g v="sing"></g><g v="loct"></g></l></v></tfr></token><token id="696042" text="категории"><tfr rev_id="4270065" t="категории"><v><l id="131320" t="категория"><g v="NOUN"></g><g v="inan"></g><g v="femn"></g><g v="sing"></g><g v="datv"></g></l></v></tfr></token><token id="696043" text="он"><tfr rev_id="3575821" t="он"><v><l id="206541" t="он"><g v="NPRO"></g><g v="masc"></g><g v="3per"></g><g v="Anph"></g><g v="sing"></g><g v="nomn"></g></l></v></tfr></token><token id="696044" text="относится"><tfr rev_id="3367639" t="относится"><v><l id="215929" t="отношусь"><g v="VERB"></g><g v="impf"></g><g v="intr"></g><g v="sing"></g><g v="3per"></g><g v="pres"></g><g v="indc"></g></l></v></tfr></token><token id="696045" text="."><tfr rev_id="1527906" t="."><v><l id="0" t="."><g v="PNCT"></g></l></v></tfr></token></tokens></sentence></paragraph><paragraph id="12492"><sentence id="39055"><source>Понятно, что просто сидеть в офисе и давить на кнопочки может практически любой, я называю программистом того, кто делает работающие системы и кого не уволят при первом же сокращении штатов.</source><tokens><token id="696046" text="Понятно"><tfr rev_id="1527907" t="Понятно"><v><l id="258702" t="понятно"><g v="ADVB"></g><g v="Prdx"></g></l></v><v><l id="258703" t="понятно"><g v="CONJ"></g><g v="Prnt"></g></l></v><v><l id="258707" t="понятен"><g v="ADJS"></g><g v="Qual"></g><g v="neut"></g><g v="sing"></g></l></v></tfr></token><token id="696047" text=","><tfr rev_id="1527908" t=","><v><l id="0" t=","><g v="PNCT"></g></l></v></tfr></token><token id="696048" text="что"><tfr rev_id="3197736" t="что"><v><l id="377004" t="что"><g v="CONJ"></g></l></v><v><l id="377005" t="что"><g v="NPRO"></g><g v="neut"></g><g v="sing"></g><g v="nomn"></g></l></v><v><l id="377005" t="что"><g v="NPRO"></g><g v="neut"></g><g v="sing"></g><g v="accs"></g></l></v><v><l id="377006" t="что"><g v="ADVB"></g><g v="Ques"></g></l></v><v><l id="388695" t="что"><g v="PRCL"></g></l></v></tfr></token><token id="696049" text="просто"><tfr rev_id="1527910" t="просто"><v><l id="285025" t="просто"><g v="ADVB"></g><g v="Prdx"></g></l></v><v><l id="285026" t="просто"><g v="PRCL"></g></l></v><v><l id="285050" t="прост"><g v="ADJS"></g><g v="Qual"></g><g v="neut"></g><g v="sing"></g></l></v></tfr></token><token id="696050" text="сидеть"><tfr rev_id="1527911" t="сидеть"><v><l id="320224" t="сидеть"><g v="INFN"></g><g v="impf"></g><g v="intr"></g></l></v></tfr></token><token id="696051" text="в"><tfr rev_id="1527912" t="в"><v><l id="37409" t="в"><g v="PREP"></g></l></v></tfr></token><token id="696052" text="офисе"><tfr rev_id="1527913" t="офисе"><v><l id="220916" t="офис"><g v="NOUN"></g><g v="inan"></g><g v="masc"></g><g v="sing"></g><g v="loct"></g></l></v></tfr></token><token id="696053" text="и"><tfr rev_id="1527914" t="и"><v><l id="116949" t="и"><g v="CONJ"></g></l></v><v><l id="116950" t="и"><g v="INTJ"></g></l></v></tfr></token><token id="696054" text="давить"><tfr rev_id="1527915" t="давить"><v><l id="77629" t="давить"><g v="INFN"></g><g v="impf"></g><g v="tran"></g></l></v></tfr></token><token id="696055" text="на"><tfr rev_id="3337444" t="на"><v><l id="166264" t="на"><g v="PREP"></g></l></v></tfr></token><token id="696056" text="кнопочки"><tfr rev_id="3794997" t="кнопочки"><v><l id="134883" t="кнопочка"><g v="NOUN"></g><g v="inan"></g><g v="femn"></g><g v="plur"></g><g v="accs"></g></l></v></tfr></token><token id="696057" text="может"><tfr rev_id="4216882" t="может"><v><l id="164485" t="могу"><g v="VERB"></g><g v="impf"></g><g v="intr"></g><g v="sing"></g><g v="3per"></g><g v="pres"></g><g v="indc"></g></l></v></tfr></token><token id="696058" text="практически"><tfr rev_id="1527919" t="практически"><v><l id="265904" t="практически"><g v="ADVB"></g></l></v></tfr></token><token id="696059" text="любой"><tfr rev_id="4464754" t="любой"><v><l id="151924" t="любая"><g v="NPRO"></g><g v="femn"></g><g v="sing"></g><g v="gent"></g></l></v><v><l id="151924" t="любая"><g v="NPRO"></g><g v="femn"></g><g v="sing"></g><g v="datv"></g></l></v><v><l id="151924" t="любая"><g v="NPRO"></g><g v="femn"></g><g v="sing"></g><g v="ablt"></g></l></v><v><l id="151924" t="любая"><g v="NPRO"></g><g v="femn"></g><g v="sing"></g><g v="loct"></g></l></v><v><l id="152027" t="любой"><g v="NPRO"></g><g v="masc"></g><g v="sing"></g><g v="nomn"></g></l></v><v><l id="152027" t="любой"><g v="NPRO"></g><g v="masc"></g><g v="inan"></g><g v="sing"></g><g v="accs"></g></l></v></tfr></token><token id="696060" text=","><tfr rev_id="1527921" t=","><v><l id="0" t=","><g v="PNCT"></g></l></v></tfr></token><token id="696061" text="я"><tfr rev_id="1527922" t="я"><v><l id="387317" t="я"><g v="NPRO"></g><g v="1per"></g><g v="sing"></g><g v="nomn"></g></l></v></tfr></token><token id="696062" text="называю"><tfr rev_id="1527923" t="называю"><v><l id="170473" t="называю"><g v="VERB"></g><g v="impf"></g><g v="tran"></g><g v="sing"></g><g v="1per"></g><g v="pres"></g><g v="indc"></g></l></v></tfr></token><token id="696063" text="программистом"><tfr rev_id="1527924" t="программистом"><v><l id="278705" t="программист"><g v="NOUN"></g><g v="anim"></g><g v="masc"></g><g v="sing"></g><g v="ablt"></g></l></v></tfr></token><token id="696064" text="того"><tfr rev_id="3770903" t="того"><v><l id="348430" t="тот"><g v="ADJF"></g><g v="Subx"></g><g v="Apro"></g><g v="Anph"></g><g v="masc"></g><g v="sing"></g><g v="gent"></g></l></v><v><l id="348430" t="тот"><g v="ADJF"></g><g v="Subx"></g><g v="Apro"></g><g v="Anph"></g><g v="anim"></g><g v="masc"></g><g v="sing"></g><g v="accs"></g></l></v><v><l id="348430" t="тот"><g v="ADJF"></g><g v="Subx"></g><g v="Apro"></g><g v="Anph"></g><g v="neut"></g><g v="sing"></g><g v="gent"></g></l></v></tfr></token><token id="696065" text=","><tfr rev_id="1527926" t=","><v><l id="0" t=","><g v="PNCT"></g></l></v></tfr></token><token id="696066" text="кто"><tfr rev_id="1527927" t="кто"><v><l id="144216" t="кто"><g v="NPRO"></g><g v="masc"></g><g v="sing"></g><g v="nomn"></g></l></v></tfr></token><token id="696067" text="делает"><tfr rev_id="1527928" t="делает"><v><l id="80526" t="делаю"><g v="VERB"></g><g v="impf"></g><g v="tran"></g><g v="sing"></g><g v="3per"></g><g v="pres"></g><g v="indc"></g></l></v></tfr></token><token id="696068" text="работающие"><tfr rev_id="1527929" t="работающие"><v><l id="290504" t="работающий"><g v="PRTF"></g><g v="impf"></g><g v="intr"></g><g v="pres"></g><g v="actv"></g><g v="plur"></g><g v="nomn"></g></l></v><v><l id="290504" t="работающий"><g v="PRTF"></g><g v="impf"></g><g v="intr"></g><g v="pres"></g><g v="actv"></g><g v="inan"></g><g v="plur"></g><g v="accs"></g></l></v></tfr></token><token id="696069" text="системы"><tfr rev_id="3796945" t="системы"><v><l id="321350" t="система"><g v="NOUN"></g><g v="inan"></g><g v="femn"></g><g v="plur"></g><g v="accs"></g></l></v></tfr></token><token id="696070" text="и"><tfr rev_id="1527931" t="и"><v><l id="116949" t="и"><g v="CONJ"></g></l></v><v><l id="116950" t="и"><g v="INTJ"></g></l></v></tfr></token><token id="696071" text="кого"><tfr rev_id="2827402" t="кого"><v><l id="144216" t="кто"><g v="NPRO"></g><g v="masc"></g><g v="sing"></g><g v="accs"></g></l></v></tfr></token><token id="696072" text="не"><tfr rev_id="1527933" t="не"><v><l id="178876" t="не"><g v="PRCL"></g></l></v></tfr></token><token id="696073" text="уволят"><tfr rev_id="1527934" t="уволят"><v><l id="353808" t="уволил"><g v="VERB"></g><g v="perf"></g><g v="tran"></g><g v="plur"></g><g v="3per"></g><g v="futr"></g><g v="indc"></g></l></v></tfr></token><token id="696074" text="при"><tfr rev_id="2699788" t="при"><v><l id="268625" t="при"><g v="PREP"></g></l></v></tfr></token><token id="696075" text="первом"><tfr rev_id="4310120" t="первом"><v><l id="226359" t="первый"><g v="ADJF"></g><g v="Anum"></g><g v="neut"></g><g v="sing"></g><g v="loct"></g></l></v></tfr></token><token id="696076" text="же"><tfr rev_id="1527937" t="же"><v><l id="96208" t="же"><g v="CONJ"></g></l></v><v><l id="96209" t="же"><g v="PRCL"></g></l></v></tfr></token><token id="696077" text="сокращении"><tfr rev_id="1527938" t="сокращении"><v><l id="328844" t="сокращение"><g v="NOUN"></g><g v="inan"></g><g v="neut"></g><g v="sing"></g><g v="loct"></g></l></v></tfr></token><token id="696078" text="штатов"><tfr rev_id="1527939" t="штатов"><v><l id="381334" t="штат"><g v="NOUN"></g><g v="inan"></g><g v="masc"></g><g v="plur"></g><g v="gent"></g></l></v></tfr></token><token id="696079" text="."><tfr rev_id="1527940" t="."><v><l id="0" t="."><g v="PNCT"></g></l></v></tfr></token></tokens></sentence><sentence id="39056"><source>Такому специалисту требуются расширенные функции головного мозга, поэтому его подготовка занимает существенное время и месячные курсы здесь не помогут.</source><tokens><token id="696080" text="Такому"><tfr rev_id="3549153" t="Такому"><v><l id="342491" t="такой"><g v="ADJF"></g><g v="Apro"></g><g v="masc"></g><g v="sing"></g><g v="datv"></g></l></v></tfr></token><token id="696081" text="специалисту"><tfr rev_id="1527942" t="специалисту"><v><l id="331871" t="специалист"><g v="NOUN"></g><g v="anim"></g><g v="masc"></g><g v="sing"></g><g v="datv"></g></l></v></tfr></token><token id="696082" text="требуются"><tfr rev_id="1527943" t="требуются"><v><l id="349476" t="требуюсь"><g v="VERB"></g><g v="impf"></g><g v="intr"></g><g v="plur"></g><g v="3per"></g><g v="pres"></g><g v="indc"></g></l></v></tfr></token><token id="696083" text="расширенные"><tfr rev_id="3685215" t="расширенные"><v><l id="303643" t="расширенный"><g v="PRTF"></g><g v="perf"></g><g v="tran"></g><g v="past"></g><g v="pssv"></g><g v="Adjx"></g><g v="plur"></g><g v="nomn"></g></l></v><v><l id="303643" t="расширенный"><g v="PRTF"></g><g v="perf"></g><g v="tran"></g><g v="past"></g><g v="pssv"></g><g v="Adjx"></g><g v="inan"></g><g v="plur"></g><g v="accs"></g></l></v></tfr></token><token id="696084" text="функции"><tfr rev_id="3762120" t="функции"><v><l id="368676" t="функция"><g v="NOUN"></g><g v="inan"></g><g v="femn"></g><g v="plur"></g><g v="nomn"></g></l></v></tfr></token><token id="696085" text="головного"><tfr rev_id="4310793" t="головного"><v><l id="72355" t="головной"><g v="ADJF"></g><g v="masc"></g><g v="sing"></g><g v="gent"></g></l></v><v><l id="72355" t="головной"><g v="ADJF"></g><g v="anim"></g><g v="masc"></g><g v="sing"></g><g v="accs"></g></l></v></tfr></token><token id="696086" text="мозга"><tfr rev_id="1527947" t="мозга"><v><l id="162481" t="мозг"><g v="NOUN"></g><g v="inan"></g><g v="masc"></g><g v="sing"></g><g v="gen1"></g></l></v></tfr></token><token id="696087" text=","><tfr rev_id="1527948" t=","><v><l id="0" t=","><g v="PNCT"></g></l></v></tfr></token><token id="696088" text="поэтому"><tfr rev_id="1527949" t="поэтому"><v><l id="265490" t="поэтому"><g v="ADVB"></g></l></v></tfr></token><token id="696089" text="его"><tfr rev_id="4456384" t="его"><v><l id="94208" t="его"><g v="ADJF"></g><g v="Fixd"></g><g v="Apro"></g><g v="Anph"></g><g v="femn"></g><g v="sing"></g><g v="nomn"></g></l></v><v><l id="94208" t="его"><g v="ADJF"></g><g v="Fixd"></g><g v="Apro"></g><g v="Anph"></g><g v="femn"></g><g v="sing"></g><g v="gent"></g></l></v><v><l id="94208" t="его"><g v="ADJF"></g><g v="Fixd"></g><g v="Apro"></g><g v="Anph"></g><g v="femn"></g><g v="sing"></g><g v="datv"></g></l></v><v><l id="94208" t="его"><g v="ADJF"></g><g v="Fixd"></g><g v="Apro"></g><g v="Anph"></g><g v="femn"></g><g v="sing"></g><g v="accs"></g></l></v><v><l id="94208" t="его"><g v="ADJF"></g><g v="Fixd"></g><g v="Apro"></g><g v="Anph"></g><g v="femn"></g><g v="sing"></g><g v="ablt"></g></l></v><v><l id="94208" t="его"><g v="ADJF"></g><g v="Fixd"></g><g v="Apro"></g><g v="Anph"></g><g v="femn"></g><g v="sing"></g><g v="loct"></g></l></v></tfr></token><token id="696090" text="подготовка"><tfr rev_id="1527951" t="подготовка"><v><l id="245114" t="подготовка"><g v="NOUN"></g><g v="inan"></g><g v="femn"></g><g v="sing"></g><g v="nomn"></g></l></v></tfr></token><token id="696091" text="занимает"><tfr rev_id="1527952" t="занимает"><v><l id="106412" t="занимаю"><g v="VERB"></g><g v="impf"></g><g v="tran"></g><g v="sing"></g><g v="3per"></g><g v="pres"></g><g v="indc"></g></l></v></tfr></token><token id="696092" text="существенное"><tfr rev_id="1527953" t="существенное"><v><l id="340474" t="существенный"><g v="ADJF"></g><g v="Qual"></g><g v="neut"></g><g v="sing"></g><g v="nomn"></g></l></v><v><l id="340474" t="существенный"><g v="ADJF"></g><g v="Qual"></g><g v="neut"></g><g v="sing"></g><g v="accs"></g></l></v></tfr></token><token id="696093" text="время"><tfr rev_id="3300307" t="время"><v><l id="53149" t="время"><g v="NOUN"></g><g v="inan"></g><g v="neut"></g><g v="sing"></g><g v="accs"></g></l></v></tfr></token><token id="696094" text="и"><tfr rev_id="1527955" t="и"><v><l id="116949" t="и"><g v="CONJ"></g></l></v><v><l id="116950" t="и"><g v="INTJ"></g></l></v></tfr></token><token id="696095" text="месячные"><tfr rev_id="4493060" t="месячные"><v><l id="158850" t="месячный"><g v="ADJF"></g><g v="plur"></g><g v="nomn"></g></l></v></tfr></token><token id="696096" text="курсы"><tfr rev_id="3748148" t="курсы"><v><l id="145471" t="курс"><g v="NOUN"></g><g v="inan"></g><g v="masc"></g><g v="plur"></g><g v="nomn"></g></l></v></tfr></token><token id="696097" text="здесь"><tfr rev_id="1527958" t="здесь"><v><l id="114703" t="здесь"><g v="ADVB"></g><g v="Prdx"></g></l></v></tfr></token><token id="696098" text="не"><tfr rev_id="1527959" t="не"><v><l id="178876" t="не"><g v="PRCL"></g></l></v></tfr></token><token id="696099" text="помогут"><tfr rev_id="1527960" t="помогут"><v><l id="257948" t="помог"><g v="VERB"></g><g v="perf"></g><g v="intr"></g><g v="plur"></g><g v="3per"></g><g v="futr"></g><g v="indc"></g></l></v></tfr></token><token id="696100" text="."><tfr rev_id="1527961" t="."><v><l id="0" t="."><g v="PNCT"></g></l></v></tfr></token></tokens></sentence></paragraph><paragraph id="12493"><sentence id="39057"><source>В первую очередь я бы рекомендовал обратить внимание на Java — просто это тот инструмент, который сейчас выглядит наиболее стабильным и перспективным.</source><tokens><token id="696101" text="В"><tfr rev_id="1527962" t="В"><v><l id="37409" t="в"><g v="PREP"></g></l></v></tfr></token><token id="696102" text="первую"><tfr rev_id="1527963" t="первую"><v><l id="226359" t="первый"><g v="ADJF"></g><g v="Anum"></g><g v="femn"></g><g v="sing"></g><g v="accs"></g></l></v></tfr></token><token id="696103" text="очередь"><tfr rev_id="3549745" t="очередь"><v><l id="221692" t="очередь"><g v="NOUN"></g><g v="inan"></g><g v="femn"></g><g v="sing"></g><g v="accs"></g></l></v></tfr></token><token id="696104" text="я"><tfr rev_id="1527965" t="я"><v><l id="387317" t="я"><g v="NPRO"></g><g v="1per"></g><g v="sing"></g><g v="nomn"></g></l></v></tfr></token><token id="696105" text="бы"><tfr rev_id="1527966" t="бы"><v><l id="36985" t="бы"><g v="PRCL"></g></l></v></tfr></token><token id="696106" text="рекомендовал"><tfr rev_id="1527967" t="рекомендовал"><v><l id="305730" t="рекомендовал"><g v="VERB"></g><g v="perf"></g><g v="tran"></g><g v="masc"></g><g v="sing"></g><g v="past"></g><g v="indc"></g></l></v><v><l id="305731" t="рекомендую"><g v="VERB"></g><g v="impf"></g><g v="tran"></g><g v="masc"></g><g v="sing"></g><g v="past"></g><g v="indc"></g></l></v></tfr></token><token id="696107" text="обратить"><tfr rev_id="1527968" t="обратить"><v><l id="198923" t="обратить"><g v="INFN"></g><g v="perf"></g><g v="tran"></g></l></v></tfr></token><token id="696108" text="внимание"><tfr rev_id="3537930" t="внимание"><v><l id="47614" t="внимание"><g v="NOUN"></g><g v="inan"></g><g v="neut"></g><g v="sing"></g><g v="accs"></g></l></v></tfr></token><token id="696109" text="на"><tfr rev_id="3396039" t="на"><v><l id="166264" t="на"><g v="PREP"></g></l></v></tfr></token><token id="696110" text="Java"><tfr rev_id="2475447" t="Java"><v><l id="0" t="Java"><g v="LATN"></g></l></v></tfr></token><token id="696111" text="—"><tfr rev_id="2446975" t="—"><v><l id="0" t="—"><g v="PNCT"></g></l></v></tfr></token><token id="696112" text="просто"><tfr rev_id="1527973" t="просто"><v><l id="285025" t="просто"><g v="ADVB"></g><g v="Prdx"></g></l></v><v><l id="285026" t="просто"><g v="PRCL"></g></l></v><v><l id="285050" t="прост"><g v="ADJS"></g><g v="Qual"></g><g v="neut"></g><g v="sing"></g></l></v></tfr></token><token id="696113" text="это"><tfr rev_id="4441859" t="это"><v><l id="386574" t="это"><g v="PRCL"></g></l></v><v><l id="386575" t="это"><g v="NPRO"></g><g v="neut"></g><g v="sing"></g><g v="nomn"></g></l></v><v><l id="386575" t="это"><g v="NPRO"></g><g v="neut"></g><g v="sing"></g><g v="accs"></g></l></v><v><l id="386581" t="этот"><g v="ADJF"></g><g v="Subx"></g><g v="Apro"></g><g v="Anph"></g><g v="neut"></g><g v="sing"></g><g v="nomn"></g></l></v><v><l id="386581" t="этот"><g v="ADJF"></g><g v="Subx"></g><g v="Apro"></g><g v="Anph"></g><g v="neut"></g><g v="sing"></g><g v="accs"></g></l></v></tfr></token><token id="696114" text="тот"><tfr rev_id="3769790" t="тот"><v><l id="348430" t="тот"><g v="ADJF"></g><g v="Subx"></g><g v="Apro"></g><g v="Anph"></g><g v="masc"></g><g v="sing"></g><g v="nomn"></g></l></v><v><l id="348430" t="тот"><g v="ADJF"></g><g v="Subx"></g><g v="Apro"></g><g v="Anph"></g><g v="inan"></g><g v="masc"></g><g v="sing"></g><g v="accs"></g></l></v></tfr></token><token id="696115" text="инструмент"><tfr rev_id="3531569" t="инструмент"><v><l id="122944" t="инструмент"><g v="NOUN"></g><g v="inan"></g><g v="masc"></g><g v="sing"></g><g v="nomn"></g></l></v></tfr></token><token id="696116" text=","><tfr rev_id="1527977" t=","><v><l id="0" t=","><g v="PNCT"></g></l></v></tfr></token><token id="696117" text="который"><tfr rev_id="4370015" t="который"><v><l id="141203" t="который"><g v="ADJF"></g><g v="Apro"></g><g v="Subx"></g><g v="Anph"></g><g v="masc"></g><g v="sing"></g><g v="nomn"></g></l></v></tfr></token><token id="696118" text="сейчас"><tfr rev_id="1527979" t="сейчас"><v><l id="317975" t="сейчас"><g v="ADVB"></g></l></v></tfr></token><token id="696119" text="выглядит"><tfr rev_id="1527980" t="выглядит"><v><l id="56595" t="выглядел"><g v="VERB"></g><g v="perf"></g><g v="tran"></g><g v="sing"></g><g v="3per"></g><g v="futr"></g><g v="indc"></g></l></v><v><l id="56599" t="выгляжу"><g v="VERB"></g><g v="impf"></g><g v="intr"></g><g v="sing"></g><g v="3per"></g><g v="pres"></g><g v="indc"></g></l></v></tfr></token><token id="696120" text="наиболее"><tfr rev_id="1527981" t="наиболее"><v><l id="170502" t="наиболее"><g v="ADVB"></g></l></v></tfr></token><token id="696121" text="стабильным"><tfr rev_id="4377785" t="стабильным"><v><l id="334297" t="стабильный"><g v="ADJF"></g><g v="Qual"></g><g v="masc"></g><g v="sing"></g><g v="ablt"></g></l></v></tfr></token><token id="696122" text="и"><tfr rev_id="1527983" t="и"><v><l id="116949" t="и"><g v="CONJ"></g></l></v><v><l id="116950" t="и"><g v="INTJ"></g></l></v></tfr></token><token id="696123" text="перспективным"><tfr rev_id="4292561" t="перспективным"><v><l id="237489" t="перспективный"><g v="ADJF"></g><g v="Qual"></g><g v="masc"></g><g v="sing"></g><g v="ablt"></g></l></v></tfr></token><token id="696124" text="."><tfr rev_id="1527985" t="."><v><l id="0" t="."><g v="PNCT"></g></l></v></tfr></token></tokens></sentence><sentence id="39058"><source>Начать изучение можно с The Java Tutorials.</source><tokens><token id="696125" text="Начать"><tfr rev_id="1527986" t="Начать"><v><l id="178225" t="начать"><g v="INFN"></g><g v="perf"></g><g v="tran"></g></l></v></tfr></token><token id="696126" text="изучение"><tfr rev_id="4094870" t="изучение"><v><l id="120795" t="изучение"><g v="NOUN"></g><g v="inan"></g><g v="neut"></g><g v="sing"></g><g v="accs"></g></l></v></tfr></token><token id="696127" text="можно"><tfr rev_id="1527988" t="можно"><v><l id="162467" t="можно"><g v="PRED"></g><g v="pres"></g></l></v></tfr></token><token id="696128" text="с"><tfr rev_id="1527989" t="с"><v><l id="311151" t="с"><g v="PREP"></g></l></v></tfr></token><token id="696129" text="The"><tfr rev_id="2475448" t="The"><v><l id="0" t="The"><g v="LATN"></g></l></v></tfr></token><token id="696130" text="Java"><tfr rev_id="2475449" t="Java"><v><l id="0" t="Java"><g v="LATN"></g></l></v></tfr></token><token id="696131" text="Tutorials"><tfr rev_id="2475450" t="Tutorials"><v><l id="0" t="Tutorials"><g v="LATN"></g></l></v></tfr></token><token id="696132" text="."><tfr rev_id="1527993" t="."><v><l id="0" t="."><g v="PNCT"></g></l></v></tfr></token></tokens></sentence><sentence id="39068"><source>Для того, чтобы расширить функции головного мозга, очень полезно позаниматься изучением алгоритмов, например, по Кормену.</source><tokens><token id="696133" text="Для"><tfr rev_id="3442275" t="Для"><v><l id="85032" t="для"><g v="PREP"></g></l></v></tfr></token><token id="696134" text="того"><tfr rev_id="4297862" t="того"><v><l id="348430" t="тот"><g v="ADJF"></g><g v="Subx"></g><g v="Apro"></g><g v="Anph"></g><g v="neut"></g><g v="sing"></g><g v="gent"></g></l></v></tfr></token><token id="696135" text=","><tfr rev_id="1527996" t=","><v><l id="0" t=","><g v="PNCT"></g></l></v></tfr></token><token id="696136" text="чтобы"><tfr rev_id="1527997" t="чтобы"><v><l id="377013" t="чтобы"><g v="CONJ"></g></l></v><v><l id="377014" t="чтобы"><g v="PRCL"></g></l></v></tfr></token><token id="696137" text="расширить"><tfr rev_id="1527998" t="расширить"><v><l id="303641" t="расширить"><g v="INFN"></g><g v="perf"></g><g v="tran"></g></l></v></tfr></token><token id="696138" text="функции"><tfr rev_id="3741440" t="функции"><v><l id="368676" t="функция"><g v="NOUN"></g><g v="inan"></g><g v="femn"></g><g v="plur"></g><g v="accs"></g></l></v></tfr></token><token id="696139" text="головного"><tfr rev_id="4535271" t="головного"><v><l id="72355" t="головной"><g v="ADJF"></g><g v="masc"></g><g v="sing"></g><g v="gent"></g></l></v><v><l id="72355" t="головной"><g v="ADJF"></g><g v="neut"></g><g v="sing"></g><g v="gent"></g></l></v></tfr></token><token id="696140" text="мозга"><tfr rev_id="1528001" t="мозга"><v><l id="162481" t="мозг"><g v="NOUN"></g><g v="inan"></g><g v="masc"></g><g v="sing"></g><g v="gen1"></g></l></v></tfr></token><token id="696141" text=","><tfr rev_id="1528002" t=","><v><l id="0" t=","><g v="PNCT"></g></l></v></tfr></token><token id="696142" text="очень"><tfr rev_id="1528003" t="очень"><v><l id="221681" t="очень"><g v="ADVB"></g></l></v></tfr></token><token id="696143" text="полезно"><tfr rev_id="1528004" t="полезно"><v><l id="255318" t="полезно"><g v="ADVB"></g><g v="Prdx"></g></l></v><v><l id="255323" t="полезен"><g v="ADJS"></g><g v="Qual"></g><g v="neut"></g><g v="sing"></g></l></v></tfr></token><token id="696144" text="позаниматься"><tfr rev_id="1528005" t="позаниматься"><v><l id="253383" t="позаниматься"><g v="INFN"></g><g v="perf"></g><g v="intr"></g></l></v></tfr></token><token id="696145" text="изучением"><tfr rev_id="1528006" t="изучением"><v><l id="120795" t="изучение"><g v="NOUN"></g><g v="inan"></g><g v="neut"></g><g v="sing"></g><g v="ablt"></g></l></v></tfr></token><token id="696146" text="алгоритмов"><tfr rev_id="1528007" t="алгоритмов"><v><l id="8330" t="алгоритм"><g v="NOUN"></g><g v="inan"></g><g v="masc"></g><g v="plur"></g><g v="gent"></g></l></v></tfr></token><token id="696147" text=","><tfr rev_id="1528008" t=","><v><l id="0" t=","><g v="PNCT"></g></l></v></tfr></token><token id="696148" text="например"><tfr rev_id="1528009" t="например"><v><l id="174036" t="например"><g v="CONJ"></g><g v="Prnt"></g></l></v></tfr></token><token id="696149" text=","><tfr rev_id="1528010" t=","><v><l id="0" t=","><g v="PNCT"></g></l></v></tfr></token><token id="696150" text="по"><tfr rev_id="1528011" t="по"><v><l id="241240" t="по"><g v="PREP"></g></l></v></tfr></token><token id="696151" text="Кормену"><tfr rev_id="1528012" t="Кормену"><v><l id="0" t="кормену"><g v="UNKN"></g></l></v></tfr></token><token id="696152" text="."><tfr rev_id="1528013" t="."><v><l id="0" t="."><g v="PNCT"></g></l></v></tfr></token></tokens></sentence><sentence id="39059"><source>Для практических занятий подойдут соревнования на TopCoder: Algorithm и Marathon Matches.</source><tokens><token id="696153" text="Для"><tfr rev_id="2844869" t="Для"><v><l id="85032" t="для"><g v="PREP"></g></l></v></tfr></token><token id="696154" text="практических"><tfr rev_id="4357411" t="практических"><v><l id="265905" t="практический"><g v="ADJF"></g><g v="plur"></g><g v="gent"></g></l></v></tfr></token><token id="696155" text="занятий"><tfr rev_id="1528016" t="занятий"><v><l id="106572" t="занятие"><g v="NOUN"></g><g v="inan"></g><g v="neut"></g><g v="plur"></g><g v="gent"></g></l></v></tfr></token><token id="696156" text="подойдут"><tfr rev_id="1528017" t="подойдут"><v><l id="248480" t="подошёл"><g v="VERB"></g><g v="perf"></g><g v="intr"></g><g v="plur"></g><g v="3per"></g><g v="futr"></g><g v="indc"></g></l></v></tfr></token><token id="696157" text="соревнования"><tfr rev_id="3766843" t="соревнования"><v><l id="330012" t="соревнование"><g v="NOUN"></g><g v="inan"></g><g v="neut"></g><g v="plur"></g><g v="nomn"></g></l></v></tfr></token><token id="696158" text="на"><tfr rev_id="3342398" t="на"><v><l id="166264" t="на"><g v="PREP"></g></l></v></tfr></token><token id="696159" text="TopCoder"><tfr rev_id="2475451" t="TopCoder"><v><l id="0" t="TopCoder"><g v="LATN"></g></l></v></tfr></token><token id="696160" text=":"><tfr rev_id="1528021" t=":"><v><l id="0" t=":"><g v="PNCT"></g></l></v></tfr></token><token id="696161" text="Algorithm"><tfr rev_id="2475452" t="Algorithm"><v><l id="0" t="Algorithm"><g v="LATN"></g></l></v></tfr></token><token id="696162" text="и"><tfr rev_id="1528023" t="и"><v><l id="116949" t="и"><g v="CONJ"></g></l></v><v><l id="116950" t="и"><g v="INTJ"></g></l></v></tfr></token><token id="696163" text="Marathon"><tfr rev_id="2475453" t="Marathon"><v><l id="0" t="Marathon"><g v="LATN"></g></l></v></tfr></token><token id="696164" text="Matches"><tfr rev_id="2475454" t="Matches"><v><l id="0" t="Matches"><g v="LATN"></g></l></v></tfr></token><token id="696165" text="."><tfr rev_id="1528026" t="."><v><l id="0" t="."><g v="PNCT"></g></l></v></tfr></token></tokens></sentence><sentence id="39060"><source>Чтобы подготовиться ко встрече с реальным кодом я рекомендую прочитать Рефакторинг Мартина Фаулера.</source><tokens><token id="696166" text="Чтобы"><tfr rev_id="1528027" t="Чтобы"><v><l id="377013" t="чтобы"><g v="CONJ"></g></l></v><v><l id="377014" t="чтобы"><g v="PRCL"></g></l></v></tfr></token><token id="696167" text="подготовиться"><tfr rev_id="1528028" t="подготовиться"><v><l id="245111" t="подготовиться"><g v="INFN"></g><g v="perf"></g><g v="intr"></g></l></v></tfr></token><token id="696168" text="ко"><tfr rev_id="2920767" t="ко"><v><l id="127460" t="к"><g v="PREP"></g><g v="Vpre"></g></l></v></tfr></token><token id="696169" text="встрече"><tfr rev_id="3537300" t="встрече"><v><l id="54530" t="встреча"><g v="NOUN"></g><g v="inan"></g><g v="femn"></g><g v="sing"></g><g v="datv"></g></l></v></tfr></token><token id="696170" text="с"><tfr rev_id="1528031" t="с"><v><l id="311151" t="с"><g v="PREP"></g></l></v></tfr></token><token id="696171" text="реальным"><tfr rev_id="4349914" t="реальным"><v><l id="304458" t="реальный"><g v="ADJF"></g><g v="Qual"></g><g v="masc"></g><g v="sing"></g><g v="ablt"></g></l></v></tfr></token><token id="696172" text="кодом"><tfr rev_id="1528033" t="кодом"><v><l id="135279" t="код"><g v="NOUN"></g><g v="inan"></g><g v="masc"></g><g v="sing"></g><g v="ablt"></g></l></v></tfr></token><token id="696173" text="я"><tfr rev_id="1528034" t="я"><v><l id="387317" t="я"><g v="NPRO"></g><g v="1per"></g><g v="sing"></g><g v="nomn"></g></l></v></tfr></token><token id="696174" text="рекомендую"><tfr rev_id="1528035" t="рекомендую"><v><l id="305730" t="рекомендовал"><g v="VERB"></g><g v="perf"></g><g v="tran"></g><g v="sing"></g><g v="1per"></g><g v="futr"></g><g v="indc"></g></l></v><v><l id="305731" t="рекомендую"><g v="VERB"></g><g v="impf"></g><g v="tran"></g><g v="sing"></g><g v="1per"></g><g v="pres"></g><g v="indc"></g></l></v></tfr></token><token id="696175" text="прочитать"><tfr rev_id="1528036" t="прочитать"><v><l id="287497" t="прочитать"><g v="INFN"></g><g v="perf"></g><g v="tran"></g></l></v></tfr></token><token id="696176" text="Рефакторинг"><tfr rev_id="3421258" t="Рефакторинг"><v><l id="388977" t="рефакторинг"><g v="NOUN"></g><g v="inan"></g><g v="masc"></g><g v="sing"></g><g v="nomn"></g></l></v><v><l id="388977" t="рефакторинг"><g v="NOUN"></g><g v="inan"></g><g v="masc"></g><g v="sing"></g><g v="accs"></g></l></v></tfr></token><token id="696177" text="Мартина"><tfr rev_id="3546753" t="Мартина"><v><l id="155509" t="мартин"><g v="NOUN"></g><g v="anim"></g><g v="masc"></g><g v="Name"></g><g v="sing"></g><g v="gent"></g></l></v></tfr></token><token id="696178" text="Фаулера"><tfr rev_id="1528039" t="Фаулера"><v><l id="0" t="фаулера"><g v="UNKN"></g></l></v></tfr></token><token id="696179" text="."><tfr rev_id="1528040" t="."><v><l id="0" t="."><g v="PNCT"></g></l></v></tfr></token></tokens></sentence></paragraph><paragraph id="12494"><sentence id="39061"><source>Для молодого программиста довольно остро стоит вопрос получения первого практического опыта.</source><tokens><token id="696180" text="Для"><tfr rev_id="3391625" t="Для"><v><l id="85032" t="для"><g v="PREP"></g></l></v></tfr></token><token id="696181" text="молодого"><tfr rev_id="4096945" t="молодого"><v><l id="162846" t="молодой"><g v="ADJF"></g><g v="Qual"></g><g v="masc"></g><g v="sing"></g><g v="gent"></g></l></v><v><l id="162846" t="молодой"><g v="ADJF"></g><g v="Qual"></g><g v="anim"></g><g v="masc"></g><g v="sing"></g><g v="accs"></g></l></v></tfr></token><token id="696182" text="программиста"><tfr rev_id="3417556" t="программиста"><v><l id="278705" t="программист"><g v="NOUN"></g><g v="anim"></g><g v="masc"></g><g v="sing"></g><g v="gent"></g></l></v></tfr></token><token id="696183" text="довольно"><tfr rev_id="4239318" t="довольно"><v><l id="86034" t="довольно"><g v="ADVB"></g><g v="Prdx"></g></l></v></tfr></token><token id="696184" text="остро"><tfr rev_id="4503246" t="остро"><v><l id="211176" t="остро"><g v="ADVB"></g></l></v><v><l id="211418" t="остёр"><g v="ADJS"></g><g v="Qual"></g><g v="neut"></g><g v="sing"></g></l></v></tfr></token><token id="696185" text="стоит"><tfr rev_id="1528046" t="стоит"><v><l id="336464" t="стою"><g v="VERB"></g><g v="impf"></g><g v="tran"></g><g v="sing"></g><g v="3per"></g><g v="pres"></g><g v="indc"></g></l></v><v><l id="336469" t="стоило"><g v="VERB"></g><g v="impf"></g><g v="intr"></g><g v="Impe"></g><g v="sing"></g><g v="pres"></g><g v="indc"></g></l></v><v><l id="336980" t="стою"><g v="VERB"></g><g v="impf"></g><g v="intr"></g><g v="sing"></g><g v="3per"></g><g v="pres"></g><g v="indc"></g></l></v></tfr></token><token id="696186" text="вопрос"><tfr rev_id="3300569" t="вопрос"><v><l id="50830" t="вопрос"><g v="NOUN"></g><g v="inan"></g><g v="masc"></g><g v="sing"></g><g v="nomn"></g></l></v></tfr></token><token id="696187" text="получения"><tfr rev_id="3470877" t="получения"><v><l id="256956" t="получение"><g v="NOUN"></g><g v="inan"></g><g v="neut"></g><g v="sing"></g><g v="gent"></g></l></v></tfr></token><token id="696188" text="первого"><tfr rev_id="4536871" t="первого"><v><l id="226359" t="первый"><g v="ADJF"></g><g v="Anum"></g><g v="masc"></g><g v="sing"></g><g v="gent"></g></l></v><v><l id="226359" t="первый"><g v="ADJF"></g><g v="Anum"></g><g v="neut"></g><g v="sing"></g><g v="gent"></g></l></v></tfr></token><token id="696189" text="практического"><tfr rev_id="4448631" t="практического"><v><l id="265905" t="практический"><g v="ADJF"></g><g v="masc"></g><g v="sing"></g><g v="gent"></g></l></v></tfr></token><token id="696190" text="опыта"><tfr rev_id="1528051" t="опыта"><v><l id="208575" t="опыт"><g v="NOUN"></g><g v="inan"></g><g v="masc"></g><g v="sing"></g><g v="gent"></g></l></v></tfr></token><token id="696191" text="."><tfr rev_id="1528052" t="."><v><l id="0" t="."><g v="PNCT"></g></l></v></tfr></token></tokens></sentence><sentence id="39062"><source>К сожалению, требования в в ВУЗах слишком мягкие и боевой опыт приходиться приобретать в боевой же обстановке.</source><tokens><token id="696192" text="К"><tfr rev_id="1528053" t="К"><v><l id="127460" t="к"><g v="PREP"></g></l></v></tfr></token><token id="696193" text="сожалению"><tfr rev_id="1528054" t="сожалению"><v><l id="328513" t="сожаление"><g v="NOUN"></g><g v="inan"></g><g v="neut"></g><g v="sing"></g><g v="datv"></g></l></v></tfr></token><token id="696194" text=","><tfr rev_id="1528055" t=","><v><l id="0" t=","><g v="PNCT"></g></l></v></tfr></token><token id="696195" text="требования"><tfr rev_id="3766515" t="требования"><v><l id="349461" t="требование"><g v="NOUN"></g><g v="inan"></g><g v="neut"></g><g v="plur"></g><g v="nomn"></g></l></v></tfr></token><token id="696196" text="в"><tfr rev_id="1528057" t="в"><v><l id="37409" t="в"><g v="PREP"></g></l></v></tfr></token><token id="696197" text="в"><tfr rev_id="1528058" t="в"><v><l id="37409" t="в"><g v="PREP"></g></l></v></tfr></token><token id="696198" text="ВУЗах"><tfr rev_id="4318937" t="ВУЗах"><v><l id="55240" t="вуз"><g v="NOUN"></g><g v="inan"></g><g v="masc"></g><g v="Abbr"></g><g v="plur"></g><g v="loct"></g></l></v></tfr></token><token id="696199" text="слишком"><tfr rev_id="1528060" t="слишком"><v><l id="325109" t="слишком"><g v="ADVB"></g></l></v></tfr></token><token id="696200" text="мягкие"><tfr rev_id="4075383" t="мягкие"><v><l id="166042" t="мягкий"><g v="ADJF"></g><g v="Qual"></g><g v="plur"></g><g v="nomn"></g></l></v></tfr></token><token id="696201" text="и"><tfr rev_id="1528062" t="и"><v><l id="116949" t="и"><g v="CONJ"></g></l></v><v><l id="116950" t="и"><g v="INTJ"></g></l></v></tfr></token><token id="696202" text="боевой"><tfr rev_id="4216353" t="боевой"><v><l id="31835" t="боевой"><g v="ADJF"></g><g v="masc"></g><g v="sing"></g><g v="nomn"></g></l></v><v><l id="31835" t="боевой"><g v="ADJF"></g><g v="inan"></g><g v="masc"></g><g v="sing"></g><g v="accs"></g></l></v></tfr></token><token id="696203" text="опыт"><tfr rev_id="1528064" t="опыт"><v><l id="208575" t="опыт"><g v="NOUN"></g><g v="inan"></g><g v="masc"></g><g v="sing"></g><g v="nomn"></g></l></v><v><l id="208575" t="опыт"><g v="NOUN"></g><g v="inan"></g><g v="masc"></g><g v="sing"></g><g v="accs"></g></l></v></tfr></token><token id="696204" text="приходиться"><tfr rev_id="1528065" t="приходиться"><v><l id="276255" t="приходиться"><g v="INFN"></g><g v="impf"></g><g v="intr"></g></l></v></tfr></token><token id="696205" text="приобретать"><tfr rev_id="1528066" t="приобретать"><v><l id="272753" t="приобретать"><g v="INFN"></g><g v="impf"></g><g v="tran"></g></l></v></tfr></token><token id="696206" text="в"><tfr rev_id="1528067" t="в"><v><l id="37409" t="в"><g v="PREP"></g></l></v></tfr></token><token id="696207" text="боевой"><tfr rev_id="4464005" t="боевой"><v><l id="31835" t="боевой"><g v="ADJF"></g><g v="femn"></g><g v="sing"></g><g v="loct"></g></l></v></tfr></token><token id="696208" text="же"><tfr rev_id="1528069" t="же"><v><l id="96208" t="же"><g v="CONJ"></g></l></v><v><l id="96209" t="же"><g v="PRCL"></g></l></v></tfr></token><token id="696209" text="обстановке"><tfr rev_id="3471972" t="обстановке"><v><l id="199922" t="обстановка"><g v="NOUN"></g><g v="inan"></g><g v="femn"></g><g v="sing"></g><g v="loct"></g></l></v></tfr></token><token id="696210" text="."><tfr rev_id="1528071" t="."><v><l id="0" t="."><g v="PNCT"></g></l></v></tfr></token></tokens></sentence><sentence id="39063"><source>Это нормально, но может так получиться, что ваша первая компания будет разрабатывать не очень нужное программное обеспечение и делать это не очень хорошо.</source><tokens><token id="696211" text="Это"><tfr rev_id="4497560" t="Это"><v><l id="386575" t="это"><g v="NPRO"></g><g v="neut"></g><g v="sing"></g><g v="nomn"></g></l></v><v><l id="386575" t="это"><g v="NPRO"></g><g v="neut"></g><g v="sing"></g><g v="accs"></g></l></v></tfr></token><token id="696212" text="нормально"><tfr rev_id="1528073" t="нормально"><v><l id="192216" t="нормально"><g v="ADVB"></g></l></v><v><l id="192219" t="нормален"><g v="ADJS"></g><g v="Qual"></g><g v="neut"></g><g v="sing"></g></l></v></tfr></token><token id="696213" text=","><tfr rev_id="1528074" t=","><v><l id="0" t=","><g v="PNCT"></g></l></v></tfr></token><token id="696214" text="но"><tfr rev_id="4288869" t="но"><v><l id="191429" t="но"><g v="CONJ"></g></l></v></tfr></token><token id="696215" text="может"><tfr rev_id="4231345" t="может"><v><l id="164485" t="могу"><g v="VERB"></g><g v="impf"></g><g v="intr"></g><g v="sing"></g><g v="3per"></g><g v="pres"></g><g v="indc"></g></l></v></tfr></token><token id="696216" text="так"><tfr rev_id="1528077" t="так"><v><l id="342451" t="так"><g v="CONJ"></g></l></v><v><l id="342452" t="так"><g v="PRCL"></g></l></v><v><l id="342453" t="так"><g v="ADVB"></g><g v="Dmns"></g></l></v></tfr></token><token id="696217" text="получиться"><tfr rev_id="1528078" t="получиться"><v><l id="256966" t="получиться"><g v="INFN"></g><g v="perf"></g><g v="intr"></g></l></v></tfr></token><token id="696218" text=","><tfr rev_id="1528079" t=","><v><l id="0" t=","><g v="PNCT"></g></l></v></tfr></token><token id="696219" text="что"><tfr rev_id="3197737" t="что"><v><l id="377004" t="что"><g v="CONJ"></g></l></v><v><l id="377005" t="что"><g v="NPRO"></g><g v="neut"></g><g v="sing"></g><g v="nomn"></g></l></v><v><l id="377005" t="что"><g v="NPRO"></g><g v="neut"></g><g v="sing"></g><g v="accs"></g></l></v><v><l id="377006" t="что"><g v="ADVB"></g><g v="Ques"></g></l></v><v><l id="388695" t="что"><g v="PRCL"></g></l></v></tfr></token><token id="696220" text="ваша"><tfr rev_id="1528081" t="ваша"><v><l id="39403" t="ваш"><g v="ADJF"></g><g v="Apro"></g><g v="femn"></g><g v="sing"></g><g v="nomn"></g></l></v></tfr></token><token id="696221" text="первая"><tfr rev_id="1528082" t="первая"><v><l id="226359" t="первый"><g v="ADJF"></g><g v="Anum"></g><g v="femn"></g><g v="sing"></g><g v="nomn"></g></l></v></tfr></token><token id="696222" text="компания"><tfr rev_id="1528083" t="компания"><v><l id="137146" t="компания"><g v="NOUN"></g><g v="inan"></g><g v="femn"></g><g v="sing"></g><g v="nomn"></g></l></v></tfr></token><token id="696223" text="будет"><tfr rev_id="1528084" t="будет"><v><l id="37265" t="есть"><g v="VERB"></g><g v="impf"></g><g v="intr"></g><g v="sing"></g><g v="3per"></g><g v="futr"></g><g v="indc"></g></l></v></tfr></token><token id="696224" text="разрабатывать"><tfr rev_id="1528085" t="разрабатывать"><v><l id="296463" t="разрабатывать"><g v="INFN"></g><g v="impf"></g><g v="tran"></g></l></v></tfr></token><token id="696225" text="не"><tfr rev_id="1528086" t="не"><v><l id="178876" t="не"><g v="PRCL"></g></l></v></tfr></token><token id="696226" text="очень"><tfr rev_id="1528087" t="очень"><v><l id="221681" t="очень"><g v="ADVB"></g></l></v></tfr></token><token id="696227" text="нужное"><tfr rev_id="1528088" t="нужное"><v><l id="192581" t="нужный"><g v="ADJF"></g><g v="Qual"></g><g v="neut"></g><g v="sing"></g><g v="nomn"></g></l></v><v><l id="192581" t="нужный"><g v="ADJF"></g><g v="Qual"></g><g v="neut"></g><g v="sing"></g><g v="accs"></g></l></v></tfr></token><token id="696228" text="программное"><tfr rev_id="4369974" t="программное"><v><l id="278710" t="программный"><g v="ADJF"></g><g v="neut"></g><g v="sing"></g><g v="accs"></g></l></v></tfr></token><token id="696229" text="обеспечение"><tfr rev_id="4096105" t="обеспечение"><v><l id="194745" t="обеспечение"><g v="NOUN"></g><g v="inan"></g><g v="neut"></g><g v="sing"></g><g v="accs"></g></l></v></tfr></token><token id="696230" text="и"><tfr rev_id="4104258" t="и"><v><l id="116949" t="и"><g v="CONJ"></g></l></v></tfr></token><token id="696231" text="делать"><tfr rev_id="1528092" t="делать"><v><l id="80527" t="делать"><g v="INFN"></g><g v="impf"></g><g v="tran"></g></l></v></tfr></token><token id="696232" text="это"><tfr rev_id="4441861" t="это"><v><l id="386574" t="это"><g v="PRCL"></g></l></v><v><l id="386575" t="это"><g v="NPRO"></g><g v="neut"></g><g v="sing"></g><g v="nomn"></g></l></v><v><l id="386575" t="это"><g v="NPRO"></g><g v="neut"></g><g v="sing"></g><g v="accs"></g></l></v><v><l id="386581" t="этот"><g v="ADJF"></g><g v="Subx"></g><g v="Apro"></g><g v="Anph"></g><g v="neut"></g><g v="sing"></g><g v="nomn"></g></l></v><v><l id="386581" t="этот"><g v="ADJF"></g><g v="Subx"></g><g v="Apro"></g><g v="Anph"></g><g v="neut"></g><g v="sing"></g><g v="accs"></g></l></v></tfr></token><token id="696233" text="не"><tfr rev_id="1528094" t="не"><v><l id="178876" t="не"><g v="PRCL"></g></l></v></tfr></token><token id="696234" text="очень"><tfr rev_id="1528095" t="очень"><v><l id="221681" t="очень"><g v="ADVB"></g></l></v></tfr></token><token id="696235" text="хорошо"><tfr rev_id="1528096" t="хорошо"><v><l id="371669" t="хорош"><g v="ADJS"></g><g v="Qual"></g><g v="neut"></g><g v="sing"></g></l></v><v><l id="371678" t="хорошо"><g v="ADVB"></g><g v="Prdx"></g></l></v><v><l id="371679" t="хорошо"><g v="PRCL"></g></l></v><v><l id="371680" t="хорошо"><g v="PRED"></g><g v="pres"></g></l></v></tfr></token><token id="696236" text="."><tfr rev_id="1528097" t="."><v><l id="0" t="."><g v="PNCT"></g></l></v></tfr></token></tokens></sentence><sentence id="39064"><source>В этом случае вам придётся работать лучше, чем от вас требует начальство и вас могут не понять.</source><tokens><token id="696237" text="В"><tfr rev_id="1528098" t="В"><v><l id="37409" t="в"><g v="PREP"></g></l></v></tfr></token><token id="696238" text="этом"><tfr rev_id="4435813" t="этом"><v><l id="386581" t="этот"><g v="ADJF"></g><g v="Subx"></g><g v="Apro"></g><g v="Anph"></g><g v="masc"></g><g v="sing"></g><g v="loct"></g></l></v></tfr></token><token id="696239" text="случае"><tfr rev_id="1528100" t="случае"><v><l id="325472" t="случай"><g v="NOUN"></g><g v="inan"></g><g v="masc"></g><g v="sing"></g><g v="loct"></g></l></v></tfr></token><token id="696240" text="вам"><tfr rev_id="1528101" t="вам"><v><l id="55560" t="вы"><g v="NPRO"></g><g v="2per"></g><g v="plur"></g><g v="datv"></g></l></v></tfr></token><token id="696241" text="придётся"><tfr rev_id="1528102" t="придётся"><v><l id="270741" t="пришёлся"><g v="VERB"></g><g v="perf"></g><g v="intr"></g><g v="sing"></g><g v="3per"></g><g v="futr"></g><g v="indc"></g></l></v></tfr></token><token id="696242" text="работать"><tfr rev_id="1528103" t="работать"><v><l id="290503" t="работать"><g v="INFN"></g><g v="impf"></g><g v="intr"></g></l></v></tfr></token><token id="696243" text="лучше"><tfr rev_id="1528104" t="лучше"><v><l id="151661" t="лучше"><g v="PRCL"></g></l></v><v><l id="371670" t="лучше"><g v="COMP"></g><g v="Qual"></g></l></v></tfr></token><token id="696244" text=","><tfr rev_id="1528105" t=","><v><l id="0" t=","><g v="PNCT"></g></l></v></tfr></token><token id="696245" text="чем"><tfr rev_id="4321900" t="чем"><v><l id="375161" t="чем"><g v="CONJ"></g></l></v></tfr></token><token id="696246" text="от"><tfr rev_id="1528107" t="от"><v><l id="211644" t="от"><g v="PREP"></g></l></v></tfr></token><token id="696247" text="вас"><tfr rev_id="3711585" t="вас"><v><l id="55560" t="вы"><g v="NPRO"></g><g v="2per"></g><g v="plur"></g><g v="gent"></g></l></v></tfr></token><token id="696248" text="требует"><tfr rev_id="1528109" t="требует"><v><l id="349467" t="требую"><g v="VERB"></g><g v="impf"></g><g v="tran"></g><g v="sing"></g><g v="3per"></g><g v="pres"></g><g v="indc"></g></l></v></tfr></token><token id="696249" text="начальство"><tfr rev_id="4212105" t="начальство"><v><l id="178209" t="начальство"><g v="NOUN"></g><g v="inan"></g><g v="neut"></g><g v="sing"></g><g v="nomn"></g></l></v></tfr></token><token id="696250" text="и"><tfr rev_id="1528111" t="и"><v><l id="116949" t="и"><g v="CONJ"></g></l></v><v><l id="116950" t="и"><g v="INTJ"></g></l></v></tfr></token><token id="696251" text="вас"><tfr rev_id="3124856" t="вас"><v><l id="55560" t="вы"><g v="NPRO"></g><g v="2per"></g><g v="plur"></g><g v="accs"></g></l></v></tfr></token><token id="696252" text="могут"><tfr rev_id="1528113" t="могут"><v><l id="164485" t="могу"><g v="VERB"></g><g v="impf"></g><g v="intr"></g><g v="plur"></g><g v="3per"></g><g v="pres"></g><g v="indc"></g></l></v></tfr></token><token id="696253" text="не"><tfr rev_id="1528114" t="не"><v><l id="178876" t="не"><g v="PRCL"></g></l></v></tfr></token><token id="696254" text="понять"><tfr rev_id="1528115" t="понять"><v><l id="258712" t="понять"><g v="INFN"></g><g v="perf"></g><g v="tran"></g></l></v></tfr></token><token id="696255" text="."><tfr rev_id="1528116" t="."><v><l id="0" t="."><g v="PNCT"></g></l></v></tfr></token></tokens></sentence><sentence id="39065"><source>В качестве альтернативы можно участвовать на TopCoder в соревнованиях типа Software Development и связанных с ними, и даже зарабатывать этим деньги.</source><tokens><token id="696256" text="В"><tfr rev_id="1528117" t="В"><v><l id="37409" t="в"><g v="PREP"></g></l></v></tfr></token><token id="696257" text="качестве"><tfr rev_id="1528118" t="качестве"><v><l id="131638" t="качество"><g v="NOUN"></g><g v="inan"></g><g v="neut"></g><g v="sing"></g><g v="loct"></g></l></v></tfr></token><token id="696258" text="альтернативы"><tfr rev_id="3498161" t="альтернативы"><v><l id="10698" t="альтернатива"><g v="NOUN"></g><g v="inan"></g><g v="femn"></g><g v="sing"></g><g v="gent"></g></l></v></tfr></token><token id="696259" text="можно"><tfr rev_id="1528120" t="можно"><v><l id="162467" t="можно"><g v="PRED"></g><g v="pres"></g></l></v></tfr></token><token id="696260" text="участвовать"><tfr rev_id="1528121" t="участвовать"><v><l id="363128" t="участвовать"><g v="INFN"></g><g v="impf"></g><g v="intr"></g></l></v></tfr></token><token id="696261" text="на"><tfr rev_id="3336920" t="на"><v><l id="166264" t="на"><g v="PREP"></g></l></v></tfr></token><token id="696262" text="TopCoder"><tfr rev_id="2475455" t="TopCoder"><v><l id="0" t="TopCoder"><g v="LATN"></g></l></v></tfr></token><token id="696263" text="в"><tfr rev_id="1528124" t="в"><v><l id="37409" t="в"><g v="PREP"></g></l></v></tfr></token><token id="696264" text="соревнованиях"><tfr rev_id="1528125" t="соревнованиях"><v><l id="330012" t="соревнование"><g v="NOUN"></g><g v="inan"></g><g v="neut"></g><g v="plur"></g><g v="loct"></g></l></v></tfr></token><token id="696265" text="типа"><tfr rev_id="4447886" t="типа"><v><l id="346276" t="тип"><g v="NOUN"></g><g v="anim"></g><g v="masc"></g><g v="sing"></g><g v="gent"></g></l></v><v><l id="346276" t="тип"><g v="NOUN"></g><g v="anim"></g><g v="masc"></g><g v="sing"></g><g v="accs"></g></l></v><v><l id="346277" t="тип"><g v="NOUN"></g><g v="inan"></g><g v="masc"></g><g v="sing"></g><g v="gent"></g></l></v><v><l id="388470" t="типа"><g v="PREP"></g></l></v><v><l id="388663" t="типа"><g v="PRCL"></g></l></v></tfr></token><token id="696266" text="Software"><tfr rev_id="2475456" t="Software"><v><l id="0" t="Software"><g v="LATN"></g></l></v></tfr></token><token id="696267" text="Development"><tfr rev_id="2475457" t="Development"><v><l id="0" t="Development"><g v="LATN"></g></l></v></tfr></token><token id="696268" text="и"><tfr rev_id="1528129" t="и"><v><l id="116949" t="и"><g v="CONJ"></g></l></v><v><l id="116950" t="и"><g v="INTJ"></g></l></v></tfr></token><token id="696269" text="связанных"><tfr rev_id="1528130" t="связанных"><v><l id="316527" t="связанный"><g v="ADJF"></g><g v="Qual"></g><g v="plur"></g><g v="gent"></g></l></v><v><l id="316527" t="связанный"><g v="ADJF"></g><g v="Qual"></g><g v="anim"></g><g v="plur"></g><g v="accs"></g></l></v><v><l id="316527" t="связанный"><g v="ADJF"></g><g v="Qual"></g><g v="plur"></g><g v="loct"></g></l></v><v><l id="316533" t="связанный"><g v="PRTF"></g><g v="perf"></g><g v="tran"></g><g v="past"></g><g v="pssv"></g><g v="plur"></g><g v="gent"></g></l></v><v><l id="316533" t="связанный"><g v="PRTF"></g><g v="perf"></g><g v="tran"></g><g v="past"></g><g v="pssv"></g><g v="anim"></g><g v="plur"></g><g v="accs"></g></l></v><v><l id="316533" t="связанный"><g v="PRTF"></g><g v="perf"></g><g v="tran"></g><g v="past"></g><g v="pssv"></g><g v="plur"></g><g v="loct"></g></l></v></tfr></token><token id="696270" text="с"><tfr rev_id="1528131" t="с"><v><l id="311151" t="с"><g v="PREP"></g></l></v></tfr></token><token id="696271" text="ними"><tfr rev_id="3605743" t="ними"><v><l id="206619" t="они"><g v="NPRO"></g><g v="3per"></g><g v="Anph"></g><g v="plur"></g><g v="ablt"></g><g v="Af-p"></g></l></v></tfr></token><token id="696272" text=","><tfr rev_id="1528133" t=","><v><l id="0" t=","><g v="PNCT"></g></l></v></tfr></token><token id="696273" text="и"><tfr rev_id="1528134" t="и"><v><l id="116949" t="и"><g v="CONJ"></g></l></v><v><l id="116950" t="и"><g v="INTJ"></g></l></v></tfr></token><token id="696274" text="даже"><tfr rev_id="4079198" t="даже"><v><l id="77849" t="даже"><g v="PRCL"></g></l></v></tfr></token><token id="696275" text="зарабатывать"><tfr rev_id="1528136" t="зарабатывать"><v><l id="108474" t="зарабатывать"><g v="INFN"></g><g v="impf"></g><g v="tran"></g></l></v></tfr></token><token id="696276" text="этим"><tfr rev_id="4476415" t="этим"><v><l id="386575" t="это"><g v="NPRO"></g><g v="neut"></g><g v="sing"></g><g v="ablt"></g></l></v></tfr></token><token id="696277" text="деньги"><tfr rev_id="4325109" t="деньги"><v><l id="81429" t="деньги"><g v="NOUN"></g><g v="inan"></g><g v="femn"></g><g v="plur"></g><g v="accs"></g></l></v></tfr></token><token id="696278" text="."><tfr rev_id="1528139" t="."><v><l id="0" t="."><g v="PNCT"></g></l></v></tfr></token></tokens></sentence></paragraph><paragraph id="12495"><sentence id="39066"><source>Хотите получить море практического опыта и ощущаете себя программистом?</source><tokens><token id="696279" text="Хотите"><tfr rev_id="1528140" t="Хотите"><v><l id="371713" t="хочу"><g v="VERB"></g><g v="impf"></g><g v="tran"></g><g v="plur"></g><g v="2per"></g><g v="pres"></g><g v="indc"></g></l></v><v><l id="371713" t="хочу"><g v="VERB"></g><g v="impf"></g><g v="tran"></g><g v="plur"></g><g v="impr"></g><g v="excl"></g></l></v></tfr></token><token id="696280" text="получить"><tfr rev_id="1528141" t="получить"><v><l id="256960" t="получить"><g v="INFN"></g><g v="perf"></g><g v="tran"></g></l></v></tfr></token><token id="696281" text="море"><tfr rev_id="4470454" t="море"><v><l id="163556" t="море"><g v="NOUN"></g><g v="inan"></g><g v="neut"></g><g v="sing"></g><g v="accs"></g></l></v></tfr></token><token id="696282" text="практического"><tfr rev_id="3408235" t="практического"><v><l id="265905" t="практический"><g v="ADJF"></g><g v="masc"></g><g v="sing"></g><g v="gent"></g></l></v><v><l id="265905" t="практический"><g v="ADJF"></g><g v="anim"></g><g v="masc"></g><g v="sing"></g><g v="accs"></g></l></v></tfr></token><token id="696283" text="опыта"><tfr rev_id="1528144" t="опыта"><v><l id="208575" t="опыт"><g v="NOUN"></g><g v="inan"></g><g v="masc"></g><g v="sing"></g><g v="gent"></g></l></v></tfr></token><token id="696284" text="и"><tfr rev_id="1528145" t="и"><v><l id="116949" t="и"><g v="CONJ"></g></l></v><v><l id="116950" t="и"><g v="INTJ"></g></l></v></tfr></token><token id="696285" text="ощущаете"><tfr rev_id="1528146" t="ощущаете"><v><l id="222321" t="ощущаю"><g v="VERB"></g><g v="impf"></g><g v="tran"></g><g v="plur"></g><g v="2per"></g><g v="pres"></g><g v="indc"></g></l></v></tfr></token><token id="696286" text="себя"><tfr rev_id="3635005" t="себя"><v><l id="317456" t="себя"><g v="NPRO"></g><g v="Anph"></g><g v="sing"></g><g v="accs"></g></l></v></tfr></token><token id="696287" text="программистом"><tfr rev_id="1528148" t="программистом"><v><l id="278705" t="программист"><g v="NOUN"></g><g v="anim"></g><g v="masc"></g><g v="sing"></g><g v="ablt"></g></l></v></tfr></token><token id="696288" text="?"><tfr rev_id="1528149" t="?"><v><l id="0" t="?"><g v="PNCT"></g></l></v></tfr></token></tokens></sentence><sentence id="39067"><source>Приходите к нам!</source><tokens><token id="696289" text="Приходите"><tfr rev_id="1528150" t="Приходите"><v><l id="276249" t="прихожу"><g v="VERB"></g><g v="impf"></g><g v="intr"></g><g v="plur"></g><g v="2per"></g><g v="pres"></g><g v="indc"></g></l></v><v><l id="276249" t="прихожу"><g v="VERB"></g><g v="impf"></g><g v="intr"></g><g v="plur"></g><g v="impr"></g><g v="excl"></g></l></v></tfr></token><token id="696290" text="к"><tfr rev_id="1528151" t="к"><v><l id="127460" t="к"><g v="PREP"></g></l></v></tfr></token><token id="696291" text="нам"><tfr rev_id="1528152" t="нам"><v><l id="165750" t="мы"><g v="NPRO"></g><g v="1per"></g><g v="plur"></g><g v="datv"></g></l></v></tfr></token><token id="696292" text="!"><tfr rev_id="1528153" t="!"><v><l id="0" t="!"><g v="PNCT"></g></l></v></tfr></token></tokens></sentence></paragraph></paragraphs></text>