<?xml version="1.0" encoding="utf-8"?><text id="1386" parent="570" name="0029526 Что-то сегодня показывают..."><tags><tag>url:http://qkowlew.livejournal.com/29526.html</tag><tag>Год:2010</tag><tag>Дата:24/11</tag><tag>Время:10:44</tag><tag>ЖЖ:Метка:ловец снов</tag><tag>ЖЖ:Метка:политика</tag><tag>ЖЖ:Метка:хорошее</tag></tags><paragraphs><paragraph id="24157"><sentence id="70874"><source>Что-то сегодня показывают...</source><tokens><token id="1277752" text="Что-то"><tfr rev_id="2924454" t="Что-то"><v><l id="377009" t="что-то"><g v="ADVB"></g></l></v><v><l id="377010" t="что-то"><g v="NPRO"></g><g v="neut"></g><g v="sing"></g><g v="nomn"></g></l></v><v><l id="377010" t="что-то"><g v="NPRO"></g><g v="neut"></g><g v="sing"></g><g v="accs"></g></l></v></tfr></token><token id="1277753" text="сегодня"><tfr rev_id="2924455" t="сегодня"><v><l id="317730" t="сегодня"><g v="ADVB"></g></l></v></tfr></token><token id="1277754" text="показывают"><tfr rev_id="2924456" t="показывают"><v><l id="253999" t="показываю"><g v="VERB"></g><g v="impf"></g><g v="tran"></g><g v="plur"></g><g v="3per"></g><g v="pres"></g><g v="indc"></g></l></v></tfr></token><token id="1277755" text="..."><tfr rev_id="2924457" t="..."><v><l id="0" t="..."><g v="PNCT"></g></l></v></tfr></token></tokens></sentence></paragraph><paragraph id="24158"><sentence id="70875"><source>Неосторожно посмотрел вчера ролик президентского обращения Леры Новодворской...</source><tokens><token id="1277756" text="Неосторожно"><tfr rev_id="2924458" t="Неосторожно"><v><l id="185263" t="неосторожно"><g v="ADVB"></g></l></v><v><l id="185266" t="неосторожен"><g v="ADJS"></g><g v="Qual"></g><g v="neut"></g><g v="sing"></g></l></v></tfr></token><token id="1277757" text="посмотрел"><tfr rev_id="2924459" t="посмотрел"><v><l id="261790" t="посмотрел"><g v="VERB"></g><g v="perf"></g><g v="tran"></g><g v="masc"></g><g v="sing"></g><g v="past"></g><g v="indc"></g></l></v></tfr></token><token id="1277758" text="вчера"><tfr rev_id="2924460" t="вчера"><v><l id="55399" t="вчера"><g v="ADVB"></g></l></v></tfr></token><token id="1277759" text="ролик"><tfr rev_id="4095195" t="ролик"><v><l id="308773" t="ролик"><g v="NOUN"></g><g v="inan"></g><g v="masc"></g><g v="sing"></g><g v="accs"></g></l></v></tfr></token><token id="1277760" text="президентского"><tfr rev_id="4163904" t="президентского"><v><l id="267451" t="президентский"><g v="ADJF"></g><g v="neut"></g><g v="sing"></g><g v="gent"></g></l></v></tfr></token><token id="1277761" text="обращения"><tfr rev_id="3708257" t="обращения"><v><l id="198955" t="обращение"><g v="NOUN"></g><g v="inan"></g><g v="neut"></g><g v="sing"></g><g v="gent"></g></l></v></tfr></token><token id="1277762" text="Леры"><tfr rev_id="3714185" t="Леры"><v><l id="148341" t="лера"><g v="NOUN"></g><g v="anim"></g><g v="femn"></g><g v="Name"></g><g v="sing"></g><g v="gent"></g></l></v></tfr></token><token id="1277763" text="Новодворской"><tfr rev_id="2924465" t="Новодворской"><v><l id="0" t="новодворской"><g v="UNKN"></g></l></v></tfr></token><token id="1277764" text="..."><tfr rev_id="2924466" t="..."><v><l id="0" t="..."><g v="PNCT"></g></l></v></tfr></token></tokens></sentence></paragraph><paragraph id="24159"><sentence id="70876"><source>Ночь.</source><tokens><token id="1277765" text="Ночь"><tfr rev_id="3944497" t="Ночь"><v><l id="192469" t="ночь"><g v="NOUN"></g><g v="inan"></g><g v="femn"></g><g v="sing"></g><g v="nomn"></g></l></v></tfr></token><token id="1277766" text="."><tfr rev_id="2924468" t="."><v><l id="0" t="."><g v="PNCT"></g></l></v></tfr></token></tokens></sentence><sentence id="70877"><source>Лес где-то в 100 км от Москвы, по Курскому направлению.</source><tokens><token id="1277767" text="Лес"><tfr rev_id="3818294" t="Лес"><v><l id="148350" t="лес"><g v="NOUN"></g><g v="inan"></g><g v="masc"></g><g v="sing"></g><g v="nomn"></g></l></v><v><l id="148350" t="лес"><g v="NOUN"></g><g v="inan"></g><g v="masc"></g><g v="sing"></g><g v="accs"></g></l></v></tfr></token><token id="1277768" text="где-то"><tfr rev_id="2924470" t="где-то"><v><l id="67987" t="где-то"><g v="ADVB"></g></l></v></tfr></token><token id="1277769" text="в"><tfr rev_id="2924471" t="в"><v><l id="37409" t="в"><g v="PREP"></g></l></v></tfr></token><token id="1277770" text="100"><tfr rev_id="2924472" t="100"><v><l id="0" t="100"><g v="NUMB"></g></l></v></tfr></token><token id="1277771" text="км"><tfr rev_id="4168256" t="км"><v><l id="389049" t="км"><g v="NOUN"></g><g v="inan"></g><g v="masc"></g><g v="Fixd"></g><g v="Abbr"></g><g v="plur"></g><g v="loct"></g></l></v></tfr></token><token id="1277772" text="от"><tfr rev_id="2924474" t="от"><v><l id="211644" t="от"><g v="PREP"></g></l></v></tfr></token><token id="1277773" text="Москвы"><tfr rev_id="2924475" t="Москвы"><v><l id="163901" t="москва"><g v="NOUN"></g><g v="inan"></g><g v="femn"></g><g v="Sgtm"></g><g v="Geox"></g><g v="sing"></g><g v="gent"></g></l></v></tfr></token><token id="1277774" text=","><tfr rev_id="2924476" t=","><v><l id="0" t=","><g v="PNCT"></g></l></v></tfr></token><token id="1277775" text="по"><tfr rev_id="2924477" t="по"><v><l id="241240" t="по"><g v="PREP"></g></l></v></tfr></token><token id="1277776" text="Курскому"><tfr rev_id="4415738" t="Курскому"><v><l id="145510" t="курский"><g v="ADJF"></g><g v="neut"></g><g v="sing"></g><g v="datv"></g></l></v></tfr></token><token id="1277777" text="направлению"><tfr rev_id="2924479" t="направлению"><v><l id="173963" t="направление"><g v="NOUN"></g><g v="inan"></g><g v="neut"></g><g v="sing"></g><g v="datv"></g></l></v></tfr></token><token id="1277778" text="."><tfr rev_id="2924480" t="."><v><l id="0" t="."><g v="PNCT"></g></l></v></tfr></token></tokens></sentence></paragraph><paragraph id="24160"><sentence id="70878"><source>Ролевая игра на тему"Как нам обустроить Россию".</source><tokens><token id="1277779" text="Ролевая"><tfr rev_id="2924481" t="Ролевая"><v><l id="308768" t="ролевой"><g v="ADJF"></g><g v="femn"></g><g v="sing"></g><g v="nomn"></g></l></v><v><l id="308770" t="ролевый"><g v="ADJF"></g><g v="Qual"></g><g v="femn"></g><g v="sing"></g><g v="nomn"></g></l></v></tfr></token><token id="1277780" text="игра"><tfr rev_id="2924482" t="игра"><v><l id="117293" t="игра"><g v="NOUN"></g><g v="inan"></g><g v="femn"></g><g v="sing"></g><g v="nomn"></g></l></v></tfr></token><token id="1277781" text="на"><tfr rev_id="3344338" t="на"><v><l id="166264" t="на"><g v="PREP"></g></l></v></tfr></token><token id="1277782" text="тему"><tfr rev_id="2924484" t="тему"><v><l id="344450" t="тема"><g v="NOUN"></g><g v="inan"></g><g v="femn"></g><g v="sing"></g><g v="accs"></g></l></v></tfr></token><token id="1277783" text="&quot;"><tfr rev_id="2924485" t="&quot;"><v><l id="0" t="&quot;"><g v="PNCT"></g></l></v></tfr></token><token id="1277784" text="Как"><tfr rev_id="2924486" t="Как"><v><l id="128190" t="как"><g v="CONJ"></g></l></v><v><l id="128191" t="как"><g v="PRCL"></g></l></v><v><l id="128192" t="как"><g v="ADVB"></g><g v="Ques"></g></l></v></tfr></token><token id="1277785" text="нам"><tfr rev_id="2924487" t="нам"><v><l id="165750" t="мы"><g v="NPRO"></g><g v="1per"></g><g v="plur"></g><g v="datv"></g></l></v></tfr></token><token id="1277786" text="обустроить"><tfr rev_id="2924488" t="обустроить"><v><l id="200821" t="обустроить"><g v="INFN"></g><g v="perf"></g><g v="tran"></g></l></v></tfr></token><token id="1277787" text="Россию"><tfr rev_id="2924489" t="Россию"><v><l id="309322" t="россия"><g v="NOUN"></g><g v="inan"></g><g v="femn"></g><g v="Sgtm"></g><g v="Geox"></g><g v="sing"></g><g v="accs"></g></l></v></tfr></token><token id="1277788" text="&quot;"><tfr rev_id="2924490" t="&quot;"><v><l id="0" t="&quot;"><g v="PNCT"></g></l></v></tfr></token><token id="1277789" text="."><tfr rev_id="2924491" t="."><v><l id="0" t="."><g v="PNCT"></g></l></v></tfr></token></tokens></sentence><sentence id="70879"><source>Чиповая экономика.</source><tokens><token id="1277790" text="Чиповая"><tfr rev_id="2924492" t="Чиповая"><v><l id="0" t="чиповая"><g v="UNKN"></g></l></v></tfr></token><token id="1277791" text="экономика"><tfr rev_id="2924493" t="экономика"><v><l id="383340" t="экономика"><g v="NOUN"></g><g v="inan"></g><g v="femn"></g><g v="sing"></g><g v="nomn"></g></l></v></tfr></token><token id="1277792" text="."><tfr rev_id="2924494" t="."><v><l id="0" t="."><g v="PNCT"></g></l></v></tfr></token></tokens></sentence></paragraph><paragraph id="24161"><sentence id="70880"><source>Разговор с текущим президентом на тему, что у нас есть прекрасные до сих пор не использовавшиеся чипы роскоши -"Всяческие извращения и излишества".</source><tokens><token id="1277793" text="Разговор"><tfr rev_id="2924495" t="Разговор"><v><l id="293018" t="разговор"><g v="NOUN"></g><g v="inan"></g><g v="masc"></g><g v="sing"></g><g v="nomn"></g></l></v><v><l id="293018" t="разговор"><g v="NOUN"></g><g v="inan"></g><g v="masc"></g><g v="sing"></g><g v="accs"></g></l></v></tfr></token><token id="1277794" text="с"><tfr rev_id="2924496" t="с"><v><l id="311151" t="с"><g v="PREP"></g></l></v></tfr></token><token id="1277795" text="текущим"><tfr rev_id="2924497" t="текущим"><v><l id="344075" t="текущий"><g v="ADJF"></g><g v="masc"></g><g v="sing"></g><g v="ablt"></g></l></v><v><l id="344075" t="текущий"><g v="ADJF"></g><g v="neut"></g><g v="sing"></g><g v="ablt"></g></l></v><v><l id="344075" t="текущий"><g v="ADJF"></g><g v="plur"></g><g v="datv"></g></l></v><v><l id="346014" t="текущий"><g v="PRTF"></g><g v="impf"></g><g v="intr"></g><g v="pres"></g><g v="actv"></g><g v="masc"></g><g v="sing"></g><g v="ablt"></g></l></v><v><l id="346014" t="текущий"><g v="PRTF"></g><g v="impf"></g><g v="intr"></g><g v="pres"></g><g v="actv"></g><g v="neut"></g><g v="sing"></g><g v="ablt"></g></l></v><v><l id="346014" t="текущий"><g v="PRTF"></g><g v="impf"></g><g v="intr"></g><g v="pres"></g><g v="actv"></g><g v="plur"></g><g v="datv"></g></l></v></tfr></token><token id="1277796" text="президентом"><tfr rev_id="2924498" t="президентом"><v><l id="267449" t="президент"><g v="NOUN"></g><g v="anim"></g><g v="masc"></g><g v="sing"></g><g v="ablt"></g></l></v></tfr></token><token id="1277797" text="на"><tfr rev_id="3340624" t="на"><v><l id="166264" t="на"><g v="PREP"></g></l></v></tfr></token><token id="1277798" text="тему"><tfr rev_id="2924500" t="тему"><v><l id="344450" t="тема"><g v="NOUN"></g><g v="inan"></g><g v="femn"></g><g v="sing"></g><g v="accs"></g></l></v></tfr></token><token id="1277799" text=","><tfr rev_id="2924501" t=","><v><l id="0" t=","><g v="PNCT"></g></l></v></tfr></token><token id="1277800" text="что"><tfr rev_id="2924502" t="что"><v><l id="377004" t="что"><g v="CONJ"></g></l></v><v><l id="377005" t="что"><g v="NPRO"></g><g v="neut"></g><g v="sing"></g><g v="nomn"></g></l></v><v><l id="377005" t="что"><g v="NPRO"></g><g v="neut"></g><g v="sing"></g><g v="accs"></g></l></v><v><l id="377006" t="что"><g v="ADVB"></g><g v="Ques"></g></l></v><v><l id="388695" t="что"><g v="PRCL"></g></l></v></tfr></token><token id="1277801" text="у"><tfr rev_id="3336858" t="у"><v><l id="352818" t="у"><g v="PREP"></g></l></v></tfr></token><token id="1277802" text="нас"><tfr rev_id="2924504" t="нас"><v><l id="165750" t="мы"><g v="NPRO"></g><g v="1per"></g><g v="plur"></g><g v="gent"></g></l></v><v><l id="165750" t="мы"><g v="NPRO"></g><g v="1per"></g><g v="plur"></g><g v="accs"></g></l></v><v><l id="165750" t="мы"><g v="NPRO"></g><g v="1per"></g><g v="plur"></g><g v="loct"></g></l></v></tfr></token><token id="1277803" text="есть"><tfr rev_id="4393455" t="есть"><v><l id="37265" t="есть"><g v="VERB"></g><g v="impf"></g><g v="intr"></g><g v="sing"></g><g v="3per"></g><g v="pres"></g><g v="indc"></g></l></v><v><l id="37265" t="есть"><g v="VERB"></g><g v="impf"></g><g v="intr"></g><g v="plur"></g><g v="3per"></g><g v="pres"></g><g v="indc"></g></l></v></tfr></token><token id="1277804" text="прекрасные"><tfr rev_id="4211525" t="прекрасные"><v><l id="267588" t="прекрасный"><g v="ADJF"></g><g v="Qual"></g><g v="plur"></g><g v="nomn"></g></l></v></tfr></token><token id="1277805" text="до"><tfr rev_id="2924507" t="до"><v><l id="85153" t="до"><g v="PREP"></g></l></v></tfr></token><token id="1277806" text="сих"><tfr rev_id="4411461" t="сих"><v><l id="317879" t="сей"><g v="ADJF"></g><g v="Apro"></g><g v="Subx"></g><g v="plur"></g><g v="gent"></g></l></v></tfr></token><token id="1277807" text="пор"><tfr rev_id="2924509" t="пор"><v><l id="259871" t="пора"><g v="NOUN"></g><g v="inan"></g><g v="femn"></g><g v="plur"></g><g v="gent"></g></l></v></tfr></token><token id="1277808" text="не"><tfr rev_id="2924510" t="не"><v><l id="178876" t="не"><g v="PRCL"></g></l></v></tfr></token><token id="1277809" text="использовавшиеся"><tfr rev_id="2924511" t="использовавшиеся"><v><l id="125436" t="использовавшийся"><g v="PRTF"></g><g v="impf"></g><g v="intr"></g><g v="past"></g><g v="actv"></g><g v="plur"></g><g v="nomn"></g></l></v><v><l id="125436" t="использовавшийся"><g v="PRTF"></g><g v="impf"></g><g v="intr"></g><g v="past"></g><g v="actv"></g><g v="inan"></g><g v="plur"></g><g v="accs"></g></l></v></tfr></token><token id="1277810" text="чипы"><tfr rev_id="3765720" t="чипы"><v><l id="376506" t="чип"><g v="NOUN"></g><g v="inan"></g><g v="masc"></g><g v="plur"></g><g v="nomn"></g></l></v></tfr></token><token id="1277811" text="роскоши"><tfr rev_id="4178151" t="роскоши"><v><l id="309226" t="роскошь"><g v="NOUN"></g><g v="inan"></g><g v="femn"></g><g v="sing"></g><g v="gent"></g></l></v></tfr></token><token id="1277812" text="-"><tfr rev_id="2924514" t="-"><v><l id="0" t="-"><g v="PNCT"></g></l></v></tfr></token><token id="1277813" text="&quot;"><tfr rev_id="2924515" t="&quot;"><v><l id="0" t="&quot;"><g v="PNCT"></g></l></v></tfr></token><token id="1277814" text="Всяческие"><tfr rev_id="2924516" t="Всяческие"><v><l id="54726" t="всяческий"><g v="ADJF"></g><g v="Apro"></g><g v="plur"></g><g v="nomn"></g></l></v><v><l id="54726" t="всяческий"><g v="ADJF"></g><g v="Apro"></g><g v="inan"></g><g v="plur"></g><g v="accs"></g></l></v></tfr></token><token id="1277815" text="извращения"><tfr rev_id="4198959" t="извращения"><v><l id="118401" t="извращение"><g v="NOUN"></g><g v="inan"></g><g v="neut"></g><g v="plur"></g><g v="nomn"></g></l></v></tfr></token><token id="1277816" text="и"><tfr rev_id="2924518" t="и"><v><l id="116949" t="и"><g v="CONJ"></g></l></v><v><l id="116950" t="и"><g v="INTJ"></g></l></v></tfr></token><token id="1277817" text="излишества"><tfr rev_id="3821650" t="излишества"><v><l id="119172" t="излишество"><g v="NOUN"></g><g v="inan"></g><g v="neut"></g><g v="plur"></g><g v="nomn"></g></l></v></tfr></token><token id="1277818" text="&quot;"><tfr rev_id="2924520" t="&quot;"><v><l id="0" t="&quot;"><g v="PNCT"></g></l></v></tfr></token><token id="1277819" text="."><tfr rev_id="2924521" t="."><v><l id="0" t="."><g v="PNCT"></g></l></v></tfr></token></tokens></sentence><sentence id="70881"><source>Обсуждается, кому первому их вручать.</source><tokens><token id="1277820" text="Обсуждается"><tfr rev_id="2924522" t="Обсуждается"><v><l id="200175" t="обсуждаюсь"><g v="VERB"></g><g v="impf"></g><g v="intr"></g><g v="sing"></g><g v="3per"></g><g v="pres"></g><g v="indc"></g></l></v></tfr></token><token id="1277821" text=","><tfr rev_id="2924523" t=","><v><l id="0" t=","><g v="PNCT"></g></l></v></tfr></token><token id="1277822" text="кому"><tfr rev_id="3726529" t="кому"><v><l id="144216" t="кто"><g v="NPRO"></g><g v="masc"></g><g v="sing"></g><g v="datv"></g></l></v></tfr></token><token id="1277823" text="первому"><tfr rev_id="4297092" t="первому"><v><l id="226359" t="первый"><g v="ADJF"></g><g v="Anum"></g><g v="masc"></g><g v="sing"></g><g v="datv"></g></l></v></tfr></token><token id="1277824" text="их"><tfr rev_id="4481064" t="их"><v><l id="206619" t="они"><g v="NPRO"></g><g v="3per"></g><g v="Anph"></g><g v="plur"></g><g v="gent"></g></l></v><v><l id="206619" t="они"><g v="NPRO"></g><g v="3per"></g><g v="Anph"></g><g v="plur"></g><g v="accs"></g></l></v></tfr></token><token id="1277825" text="вручать"><tfr rev_id="2924527" t="вручать"><v><l id="53214" t="вручать"><g v="INFN"></g><g v="impf"></g><g v="tran"></g></l></v></tfr></token><token id="1277826" text="."><tfr rev_id="2924528" t="."><v><l id="0" t="."><g v="PNCT"></g></l></v></tfr></token></tokens></sentence></paragraph><paragraph id="24162"><sentence id="70882"><source>В отдалении разносятся звуки митинга основной претендентки на эти чипы - Морвен (Ирина Бузулуцкая) играет Бабу Леру Новодворскую.</source><tokens><token id="1277827" text="В"><tfr rev_id="2924529" t="В"><v><l id="37409" t="в"><g v="PREP"></g></l></v></tfr></token><token id="1277828" text="отдалении"><tfr rev_id="2924530" t="отдалении"><v><l id="213285" t="отдаление"><g v="NOUN"></g><g v="inan"></g><g v="neut"></g><g v="sing"></g><g v="loct"></g></l></v></tfr></token><token id="1277829" text="разносятся"><tfr rev_id="2924531" t="разносятся"><v><l id="295880" t="разношусь"><g v="VERB"></g><g v="impf"></g><g v="intr"></g><g v="plur"></g><g v="3per"></g><g v="pres"></g><g v="indc"></g></l></v><v><l id="295885" t="разносился"><g v="VERB"></g><g v="perf"></g><g v="intr"></g><g v="plur"></g><g v="3per"></g><g v="futr"></g><g v="indc"></g></l></v></tfr></token><token id="1277830" text="звуки"><tfr rev_id="3765410" t="звуки"><v><l id="114549" t="звук"><g v="NOUN"></g><g v="inan"></g><g v="masc"></g><g v="plur"></g><g v="nomn"></g></l></v></tfr></token><token id="1277831" text="митинга"><tfr rev_id="2924533" t="митинга"><v><l id="161094" t="митинг"><g v="NOUN"></g><g v="inan"></g><g v="masc"></g><g v="sing"></g><g v="gent"></g></l></v></tfr></token><token id="1277832" text="основной"><tfr rev_id="4380394" t="основной"><v><l id="210595" t="основной"><g v="ADJF"></g><g v="femn"></g><g v="sing"></g><g v="gent"></g></l></v><v><l id="210598" t="основный"><g v="ADJF"></g><g v="Qual"></g><g v="femn"></g><g v="sing"></g><g v="gent"></g></l></v></tfr></token><token id="1277833" text="претендентки"><tfr rev_id="3712469" t="претендентки"><v><l id="268411" t="претендентка"><g v="NOUN"></g><g v="anim"></g><g v="femn"></g><g v="sing"></g><g v="gent"></g></l></v></tfr></token><token id="1277834" text="на"><tfr rev_id="3475474" t="на"><v><l id="166264" t="на"><g v="PREP"></g></l></v></tfr></token><token id="1277835" text="эти"><tfr rev_id="4446496" t="эти"><v><l id="386581" t="этот"><g v="ADJF"></g><g v="Subx"></g><g v="Apro"></g><g v="Anph"></g><g v="plur"></g><g v="nomn"></g></l></v><v><l id="386581" t="этот"><g v="ADJF"></g><g v="Subx"></g><g v="Apro"></g><g v="Anph"></g><g v="inan"></g><g v="plur"></g><g v="accs"></g></l></v></tfr></token><token id="1277836" text="чипы"><tfr rev_id="3763992" t="чипы"><v><l id="376506" t="чип"><g v="NOUN"></g><g v="inan"></g><g v="masc"></g><g v="plur"></g><g v="accs"></g></l></v></tfr></token><token id="1277837" text="-"><tfr rev_id="2924539" t="-"><v><l id="0" t="-"><g v="PNCT"></g></l></v></tfr></token><token id="1277838" text="Морвен"><tfr rev_id="2924540" t="Морвен"><v><l id="0" t="морвен"><g v="UNKN"></g></l></v></tfr></token><token id="1277839" text="("><tfr rev_id="2924541" t="("><v><l id="0" t="("><g v="PNCT"></g></l></v></tfr></token><token id="1277840" text="Ирина"><tfr rev_id="2924542" t="Ирина"><v><l id="123991" t="ирина"><g v="NOUN"></g><g v="anim"></g><g v="femn"></g><g v="Name"></g><g v="sing"></g><g v="nomn"></g></l></v></tfr></token><token id="1277841" text="Бузулуцкая"><tfr rev_id="2924543" t="Бузулуцкая"><v><l id="0" t="бузулуцкая"><g v="UNKN"></g></l></v></tfr></token><token id="1277842" text=")"><tfr rev_id="2924544" t=")"><v><l id="0" t=")"><g v="PNCT"></g></l></v></tfr></token><token id="1277843" text="играет"><tfr rev_id="2924545" t="играет"><v><l id="117311" t="играю"><g v="VERB"></g><g v="impf"></g><g v="tran"></g><g v="sing"></g><g v="3per"></g><g v="pres"></g><g v="indc"></g></l></v></tfr></token><token id="1277844" text="Бабу"><tfr rev_id="4410626" t="Бабу"><v><l id="21500" t="баба"><g v="NOUN"></g><g v="anim"></g><g v="femn"></g><g v="sing"></g><g v="accs"></g></l></v></tfr></token><token id="1277845" text="Леру"><tfr rev_id="2924547" t="Леру"><v><l id="148341" t="лера"><g v="NOUN"></g><g v="anim"></g><g v="femn"></g><g v="Name"></g><g v="sing"></g><g v="accs"></g></l></v></tfr></token><token id="1277846" text="Новодворскую"><tfr rev_id="2924548" t="Новодворскую"><v><l id="0" t="новодворскую"><g v="UNKN"></g></l></v></tfr></token><token id="1277847" text="."><tfr rev_id="2924549" t="."><v><l id="0" t="."><g v="PNCT"></g></l></v></tfr></token></tokens></sentence></paragraph><paragraph id="24163"><sentence id="70883"><source>Раннее утро.</source><tokens><token id="1277848" text="Раннее"><tfr rev_id="2924550" t="Раннее"><v><l id="297967" t="ранний"><g v="ADJF"></g><g v="neut"></g><g v="sing"></g><g v="nomn"></g></l></v><v><l id="297967" t="ранний"><g v="ADJF"></g><g v="neut"></g><g v="sing"></g><g v="accs"></g></l></v></tfr></token><token id="1277849" text="утро"><tfr rev_id="2924551" t="утро"><v><l id="362468" t="утро"><g v="NOUN"></g><g v="inan"></g><g v="neut"></g><g v="sing"></g><g v="nomn"></g></l></v><v><l id="362468" t="утро"><g v="NOUN"></g><g v="inan"></g><g v="neut"></g><g v="sing"></g><g v="accs"></g></l></v></tfr></token><token id="1277850" text="."><tfr rev_id="2924552" t="."><v><l id="0" t="."><g v="PNCT"></g></l></v></tfr></token></tokens></sentence><sentence id="70884"><source>Тишина.</source><tokens><token id="1277851" text="Тишина"><tfr rev_id="2924553" t="Тишина"><v><l id="346716" t="тишина"><g v="NOUN"></g><g v="inan"></g><g v="femn"></g><g v="Sgtm"></g><g v="sing"></g><g v="nomn"></g></l></v></tfr></token><token id="1277852" text="."><tfr rev_id="2924554" t="."><v><l id="0" t="."><g v="PNCT"></g></l></v></tfr></token></tokens></sentence><sentence id="70885"><source>Народ уже почти расползся.</source><tokens><token id="1277853" text="Народ"><tfr rev_id="4153415" t="Народ"><v><l id="174699" t="народ"><g v="NOUN"></g><g v="inan"></g><g v="masc"></g><g v="sing"></g><g v="nomn"></g></l></v></tfr></token><token id="1277854" text="уже"><tfr rev_id="2924556" t="уже"><v><l id="355422" t="уж"><g v="NOUN"></g><g v="anim"></g><g v="masc"></g><g v="sing"></g><g v="loct"></g></l></v><v><l id="355498" t="уже"><g v="ADVB"></g></l></v><v><l id="355674" t="уже"><g v="COMP"></g><g v="Qual"></g></l></v><v><l id="388673" t="уже"><g v="PRCL"></g></l></v></tfr></token><token id="1277855" text="почти"><tfr rev_id="2924557" t="почти"><v><l id="264793" t="почёл"><g v="VERB"></g><g v="perf"></g><g v="tran"></g><g v="sing"></g><g v="impr"></g><g v="excl"></g></l></v><v><l id="265002" t="почти"><g v="ADVB"></g></l></v><v><l id="265008" t="почтил"><g v="VERB"></g><g v="perf"></g><g v="tran"></g><g v="sing"></g><g v="impr"></g><g v="excl"></g></l></v><v><l id="388672" t="почти"><g v="PRCL"></g></l></v></tfr></token><token id="1277856" text="расползся"><tfr rev_id="2924558" t="расползся"><v><l id="300084" t="расползся"><g v="VERB"></g><g v="perf"></g><g v="intr"></g><g v="masc"></g><g v="sing"></g><g v="past"></g><g v="indc"></g></l></v></tfr></token><token id="1277857" text="."><tfr rev_id="2924559" t="."><v><l id="0" t="."><g v="PNCT"></g></l></v></tfr></token></tokens></sentence></paragraph><paragraph id="24164"><sentence id="70886"><source>В отдалении слышны звуки"Му!".</source><tokens><token id="1277858" text="В"><tfr rev_id="2924560" t="В"><v><l id="37409" t="в"><g v="PREP"></g></l></v></tfr></token><token id="1277859" text="отдалении"><tfr rev_id="2924561" t="отдалении"><v><l id="213285" t="отдаление"><g v="NOUN"></g><g v="inan"></g><g v="neut"></g><g v="sing"></g><g v="loct"></g></l></v></tfr></token><token id="1277860" text="слышны"><tfr rev_id="2924562" t="слышны"><v><l id="325582" t="слышен"><g v="ADJS"></g><g v="Qual"></g><g v="plur"></g></l></v></tfr></token><token id="1277861" text="звуки"><tfr rev_id="3764595" t="звуки"><v><l id="114549" t="звук"><g v="NOUN"></g><g v="inan"></g><g v="masc"></g><g v="plur"></g><g v="nomn"></g></l></v></tfr></token><token id="1277862" text="&quot;"><tfr rev_id="2924564" t="&quot;"><v><l id="0" t="&quot;"><g v="PNCT"></g></l></v></tfr></token><token id="1277863" text="Му"><tfr rev_id="3719885" t="Му"><v><l id="389920" t="му"><g v="INTJ"></g></l></v></tfr></token><token id="1277864" text="!"><tfr rev_id="2924566" t="!"><v><l id="0" t="!"><g v="PNCT"></g></l></v></tfr></token><token id="1277865" text="&quot;"><tfr rev_id="2924567" t="&quot;"><v><l id="0" t="&quot;"><g v="PNCT"></g></l></v></tfr></token><token id="1277866" text="."><tfr rev_id="2924568" t="."><v><l id="0" t="."><g v="PNCT"></g></l></v></tfr></token></tokens></sentence><sentence id="70887"><source>Они ближе и сильнее.</source><tokens><token id="1277867" text="Они"><tfr rev_id="3600253" t="Они"><v><l id="206619" t="они"><g v="NPRO"></g><g v="3per"></g><g v="Anph"></g><g v="plur"></g><g v="nomn"></g></l></v></tfr></token><token id="1277868" text="ближе"><tfr rev_id="2924570" t="ближе"><v><l id="30859" t="ближе"><g v="COMP"></g><g v="Qual"></g></l></v></tfr></token><token id="1277869" text="и"><tfr rev_id="2924571" t="и"><v><l id="116949" t="и"><g v="CONJ"></g></l></v><v><l id="116950" t="и"><g v="INTJ"></g></l></v></tfr></token><token id="1277870" text="сильнее"><tfr rev_id="2924572" t="сильнее"><v><l id="320613" t="сильнее"><g v="COMP"></g><g v="Qual"></g></l></v></tfr></token><token id="1277871" text="."><tfr rev_id="2924573" t="."><v><l id="0" t="."><g v="PNCT"></g></l></v></tfr></token></tokens></sentence><sentence id="70888"><source>"Это стадо бешеных коров.</source><tokens><token id="1277872" text="&quot;"><tfr rev_id="2924574" t="&quot;"><v><l id="0" t="&quot;"><g v="PNCT"></g></l></v></tfr></token><token id="1277873" text="Это"><tfr rev_id="4443591" t="Это"><v><l id="386574" t="это"><g v="PRCL"></g></l></v><v><l id="386575" t="это"><g v="NPRO"></g><g v="neut"></g><g v="sing"></g><g v="nomn"></g></l></v><v><l id="386575" t="это"><g v="NPRO"></g><g v="neut"></g><g v="sing"></g><g v="accs"></g></l></v><v><l id="386581" t="этот"><g v="ADJF"></g><g v="Subx"></g><g v="Apro"></g><g v="Anph"></g><g v="neut"></g><g v="sing"></g><g v="nomn"></g></l></v><v><l id="386581" t="этот"><g v="ADJF"></g><g v="Subx"></g><g v="Apro"></g><g v="Anph"></g><g v="neut"></g><g v="sing"></g><g v="accs"></g></l></v></tfr></token><token id="1277874" text="стадо"><tfr rev_id="4075687" t="стадо"><v><l id="334422" t="стадо"><g v="NOUN"></g><g v="inan"></g><g v="neut"></g><g v="sing"></g><g v="nomn"></g></l></v></tfr></token><token id="1277875" text="бешеных"><tfr rev_id="4395953" t="бешеных"><v><l id="29246" t="бешеный"><g v="ADJF"></g><g v="Qual"></g><g v="plur"></g><g v="gent"></g></l></v></tfr></token><token id="1277876" text="коров"><tfr rev_id="4200685" t="коров"><v><l id="139893" t="корова"><g v="NOUN"></g><g v="anim"></g><g v="femn"></g><g v="plur"></g><g v="gent"></g></l></v></tfr></token><token id="1277877" text="."><tfr rev_id="2924579" t="."><v><l id="0" t="."><g v="PNCT"></g></l></v></tfr></token></tokens></sentence><sentence id="70889"><source>Надо бы уйти с его дороги".</source><tokens><token id="1277878" text="Надо"><tfr rev_id="4320048" t="Надо"><v><l id="169144" t="надо"><g v="PRED"></g><g v="pres"></g></l></v></tfr></token><token id="1277879" text="бы"><tfr rev_id="2924581" t="бы"><v><l id="36985" t="бы"><g v="PRCL"></g></l></v></tfr></token><token id="1277880" text="уйти"><tfr rev_id="2924582" t="уйти"><v><l id="355911" t="уйти"><g v="INFN"></g><g v="perf"></g><g v="intr"></g></l></v></tfr></token><token id="1277881" text="с"><tfr rev_id="2924583" t="с"><v><l id="311151" t="с"><g v="PREP"></g></l></v></tfr></token><token id="1277882" text="его"><tfr rev_id="4516027" t="его"><v><l id="94208" t="его"><g v="ADJF"></g><g v="Fixd"></g><g v="Apro"></g><g v="Anph"></g><g v="femn"></g><g v="sing"></g><g v="nomn"></g></l></v><v><l id="94208" t="его"><g v="ADJF"></g><g v="Fixd"></g><g v="Apro"></g><g v="Anph"></g><g v="femn"></g><g v="sing"></g><g v="gent"></g></l></v><v><l id="94208" t="его"><g v="ADJF"></g><g v="Fixd"></g><g v="Apro"></g><g v="Anph"></g><g v="femn"></g><g v="sing"></g><g v="datv"></g></l></v><v><l id="94208" t="его"><g v="ADJF"></g><g v="Fixd"></g><g v="Apro"></g><g v="Anph"></g><g v="femn"></g><g v="sing"></g><g v="accs"></g></l></v><v><l id="94208" t="его"><g v="ADJF"></g><g v="Fixd"></g><g v="Apro"></g><g v="Anph"></g><g v="femn"></g><g v="sing"></g><g v="ablt"></g></l></v><v><l id="94208" t="его"><g v="ADJF"></g><g v="Fixd"></g><g v="Apro"></g><g v="Anph"></g><g v="femn"></g><g v="sing"></g><g v="loct"></g></l></v></tfr></token><token id="1277883" text="дороги"><tfr rev_id="4208939" t="дороги"><v><l id="89707" t="дорога"><g v="NOUN"></g><g v="inan"></g><g v="femn"></g><g v="sing"></g><g v="gent"></g></l></v></tfr></token><token id="1277884" text="&quot;"><tfr rev_id="2924586" t="&quot;"><v><l id="0" t="&quot;"><g v="PNCT"></g></l></v></tfr></token><token id="1277885" text="."><tfr rev_id="2924587" t="."><v><l id="0" t="."><g v="PNCT"></g></l></v></tfr></token></tokens></sentence></paragraph><paragraph id="24165"><sentence id="70890"><source>Слышна украинская речь.</source><tokens><token id="1277886" text="Слышна"><tfr rev_id="2924588" t="Слышна"><v><l id="325582" t="слышен"><g v="ADJS"></g><g v="Qual"></g><g v="femn"></g><g v="sing"></g></l></v></tfr></token><token id="1277887" text="украинская"><tfr rev_id="2924589" t="украинская"><v><l id="356396" t="украинский"><g v="ADJF"></g><g v="Geox"></g><g v="femn"></g><g v="sing"></g><g v="nomn"></g></l></v></tfr></token><token id="1277888" text="речь"><tfr rev_id="2924590" t="речь"><v><l id="307325" t="речь"><g v="NOUN"></g><g v="inan"></g><g v="femn"></g><g v="sing"></g><g v="nomn"></g></l></v><v><l id="307325" t="речь"><g v="NOUN"></g><g v="inan"></g><g v="femn"></g><g v="sing"></g><g v="accs"></g></l></v></tfr></token><token id="1277889" text="."><tfr rev_id="2924591" t="."><v><l id="0" t="."><g v="PNCT"></g></l></v></tfr></token></tokens></sentence></paragraph><paragraph id="24166"><sentence id="70891"><source>Из разговора всадников становится понятно, что это под прикрытием стада бешеных коров кавалерийские части настоящих, пожизненных украинских повстанцев идут брать штурмом реальную кляту Москву, которая"не пускает газы!"</source><tokens><token id="1277890" text="Из"><tfr rev_id="3396473" t="Из"><v><l id="117677" t="из"><g v="PREP"></g></l></v></tfr></token><token id="1277891" text="разговора"><tfr rev_id="2924593" t="разговора"><v><l id="293018" t="разговор"><g v="NOUN"></g><g v="inan"></g><g v="masc"></g><g v="sing"></g><g v="gent"></g></l></v></tfr></token><token id="1277892" text="всадников"><tfr rev_id="4459878" t="всадников"><v><l id="53268" t="всадник"><g v="NOUN"></g><g v="anim"></g><g v="masc"></g><g v="plur"></g><g v="gent"></g></l></v></tfr></token><token id="1277893" text="становится"><tfr rev_id="2924595" t="становится"><v><l id="334671" t="становлюсь"><g v="VERB"></g><g v="impf"></g><g v="intr"></g><g v="sing"></g><g v="3per"></g><g v="pres"></g><g v="indc"></g></l></v></tfr></token><token id="1277894" text="понятно"><tfr rev_id="2924596" t="понятно"><v><l id="258702" t="понятно"><g v="ADVB"></g><g v="Prdx"></g></l></v><v><l id="258703" t="понятно"><g v="CONJ"></g><g v="Prnt"></g></l></v><v><l id="258707" t="понятен"><g v="ADJS"></g><g v="Qual"></g><g v="neut"></g><g v="sing"></g></l></v></tfr></token><token id="1277895" text=","><tfr rev_id="2924597" t=","><v><l id="0" t=","><g v="PNCT"></g></l></v></tfr></token><token id="1277896" text="что"><tfr rev_id="4204132" t="что"><v><l id="377004" t="что"><g v="CONJ"></g></l></v></tfr></token><token id="1277897" text="это"><tfr rev_id="4443592" t="это"><v><l id="386574" t="это"><g v="PRCL"></g></l></v><v><l id="386575" t="это"><g v="NPRO"></g><g v="neut"></g><g v="sing"></g><g v="nomn"></g></l></v><v><l id="386575" t="это"><g v="NPRO"></g><g v="neut"></g><g v="sing"></g><g v="accs"></g></l></v><v><l id="386581" t="этот"><g v="ADJF"></g><g v="Subx"></g><g v="Apro"></g><g v="Anph"></g><g v="neut"></g><g v="sing"></g><g v="nomn"></g></l></v><v><l id="386581" t="этот"><g v="ADJF"></g><g v="Subx"></g><g v="Apro"></g><g v="Anph"></g><g v="neut"></g><g v="sing"></g><g v="accs"></g></l></v></tfr></token><token id="1277898" text="под"><tfr rev_id="3396466" t="под"><v><l id="243755" t="под"><g v="PREP"></g></l></v></tfr></token><token id="1277899" text="прикрытием"><tfr rev_id="2924601" t="прикрытием"><v><l id="271364" t="прикрытие"><g v="NOUN"></g><g v="inan"></g><g v="neut"></g><g v="sing"></g><g v="ablt"></g></l></v></tfr></token><token id="1277900" text="стада"><tfr rev_id="4099025" t="стада"><v><l id="334422" t="стадо"><g v="NOUN"></g><g v="inan"></g><g v="neut"></g><g v="sing"></g><g v="gent"></g></l></v></tfr></token><token id="1277901" text="бешеных"><tfr rev_id="4391298" t="бешеных"><v><l id="29246" t="бешеный"><g v="ADJF"></g><g v="Qual"></g><g v="plur"></g><g v="gent"></g></l></v></tfr></token><token id="1277902" text="коров"><tfr rev_id="4200409" t="коров"><v><l id="139893" t="корова"><g v="NOUN"></g><g v="anim"></g><g v="femn"></g><g v="plur"></g><g v="gent"></g></l></v></tfr></token><token id="1277903" text="кавалерийские"><tfr rev_id="2924605" t="кавалерийские"><v><l id="127632" t="кавалерийский"><g v="ADJF"></g><g v="plur"></g><g v="nomn"></g></l></v><v><l id="127632" t="кавалерийский"><g v="ADJF"></g><g v="inan"></g><g v="plur"></g><g v="accs"></g></l></v></tfr></token><token id="1277904" text="части"><tfr rev_id="3805434" t="части"><v><l id="374820" t="часть"><g v="NOUN"></g><g v="inan"></g><g v="femn"></g><g v="plur"></g><g v="nomn"></g></l></v></tfr></token><token id="1277905" text="настоящих"><tfr rev_id="4426932" t="настоящих"><v><l id="176151" t="настоящий"><g v="ADJF"></g><g v="plur"></g><g v="gent"></g></l></v></tfr></token><token id="1277906" text=","><tfr rev_id="2924608" t=","><v><l id="0" t=","><g v="PNCT"></g></l></v></tfr></token><token id="1277907" text="пожизненных"><tfr rev_id="4195357" t="пожизненных"><v><l id="253162" t="пожизненный"><g v="ADJF"></g><g v="plur"></g><g v="gent"></g></l></v></tfr></token><token id="1277908" text="украинских"><tfr rev_id="4425380" t="украинских"><v><l id="356396" t="украинский"><g v="ADJF"></g><g v="Geox"></g><g v="plur"></g><g v="gent"></g></l></v></tfr></token><token id="1277909" text="повстанцев"><tfr rev_id="4200585" t="повстанцев"><v><l id="242782" t="повстанец"><g v="NOUN"></g><g v="anim"></g><g v="masc"></g><g v="plur"></g><g v="gent"></g></l></v></tfr></token><token id="1277910" text="идут"><tfr rev_id="2924612" t="идут"><v><l id="117566" t="иду"><g v="VERB"></g><g v="impf"></g><g v="intr"></g><g v="plur"></g><g v="3per"></g><g v="pres"></g><g v="indc"></g></l></v></tfr></token><token id="1277911" text="брать"><tfr rev_id="2924613" t="брать"><v><l id="33653" t="брать"><g v="INFN"></g><g v="impf"></g><g v="tran"></g></l></v></tfr></token><token id="1277912" text="штурмом"><tfr rev_id="2924614" t="штурмом"><v><l id="381631" t="штурм"><g v="NOUN"></g><g v="inan"></g><g v="masc"></g><g v="sing"></g><g v="ablt"></g></l></v></tfr></token><token id="1277913" text="реальную"><tfr rev_id="2924615" t="реальную"><v><l id="304458" t="реальный"><g v="ADJF"></g><g v="Qual"></g><g v="femn"></g><g v="sing"></g><g v="accs"></g></l></v></tfr></token><token id="1277914" text="кляту"><tfr rev_id="2924616" t="кляту"><v><l id="0" t="кляту"><g v="UNKN"></g></l></v></tfr></token><token id="1277915" text="Москву"><tfr rev_id="2924617" t="Москву"><v><l id="163901" t="москва"><g v="NOUN"></g><g v="inan"></g><g v="femn"></g><g v="Sgtm"></g><g v="Geox"></g><g v="sing"></g><g v="accs"></g></l></v></tfr></token><token id="1277916" text=","><tfr rev_id="2924618" t=","><v><l id="0" t=","><g v="PNCT"></g></l></v></tfr></token><token id="1277917" text="которая"><tfr rev_id="3640074" t="которая"><v><l id="141203" t="который"><g v="ADJF"></g><g v="Apro"></g><g v="Subx"></g><g v="Anph"></g><g v="femn"></g><g v="sing"></g><g v="nomn"></g></l></v></tfr></token><token id="1277918" text="&quot;"><tfr rev_id="2924620" t="&quot;"><v><l id="0" t="&quot;"><g v="PNCT"></g></l></v></tfr></token><token id="1277919" text="не"><tfr rev_id="2924621" t="не"><v><l id="178876" t="не"><g v="PRCL"></g></l></v></tfr></token><token id="1277920" text="пускает"><tfr rev_id="2924622" t="пускает"><v><l id="289329" t="пускаю"><g v="VERB"></g><g v="impf"></g><g v="tran"></g><g v="sing"></g><g v="3per"></g><g v="pres"></g><g v="indc"></g></l></v></tfr></token><token id="1277921" text="газы"><tfr rev_id="4198895" t="газы"><v><l id="65788" t="газ"><g v="NOUN"></g><g v="inan"></g><g v="masc"></g><g v="plur"></g><g v="accs"></g></l></v></tfr></token><token id="1277922" text="!"><tfr rev_id="2924624" t="!"><v><l id="0" t="!"><g v="PNCT"></g></l></v></tfr></token><token id="1277923" text="&quot;"><tfr rev_id="2924625" t="&quot;"><v><l id="0" t="&quot;"><g v="PNCT"></g></l></v></tfr></token></tokens></sentence></paragraph><paragraph id="24167"><sentence id="70892"><source>В ужасе проснулся.</source><tokens><token id="1277924" text="В"><tfr rev_id="2924626" t="В"><v><l id="37409" t="в"><g v="PREP"></g></l></v></tfr></token><token id="1277925" text="ужасе"><tfr rev_id="2924627" t="ужасе"><v><l id="355455" t="ужас"><g v="NOUN"></g><g v="inan"></g><g v="masc"></g><g v="sing"></g><g v="loct"></g></l></v></tfr></token><token id="1277926" text="проснулся"><tfr rev_id="2924628" t="проснулся"><v><l id="284691" t="проснулся"><g v="VERB"></g><g v="perf"></g><g v="intr"></g><g v="masc"></g><g v="sing"></g><g v="past"></g><g v="indc"></g></l></v></tfr></token><token id="1277927" text="."><tfr rev_id="2924629" t="."><v><l id="0" t="."><g v="PNCT"></g></l></v></tfr></token></tokens></sentence></paragraph><paragraph id="24168"><sentence id="70893"><source>Не буду больше употреблять БабуЛеру. ^)</source><tokens><token id="1277928" text="Не"><tfr rev_id="2924630" t="Не"><v><l id="178876" t="не"><g v="PRCL"></g></l></v></tfr></token><token id="1277929" text="буду"><tfr rev_id="2924631" t="буду"><v><l id="37265" t="есть"><g v="VERB"></g><g v="impf"></g><g v="intr"></g><g v="sing"></g><g v="1per"></g><g v="futr"></g><g v="indc"></g></l></v></tfr></token><token id="1277930" text="больше"><tfr rev_id="2924632" t="больше"><v><l id="32325" t="больше"><g v="ADVB"></g></l></v><v><l id="32447" t="больше"><g v="COMP"></g><g v="Qual"></g></l></v></tfr></token><token id="1277931" text="употреблять"><tfr rev_id="2924633" t="употреблять"><v><l id="359180" t="употреблять"><g v="INFN"></g><g v="impf"></g><g v="tran"></g></l></v></tfr></token><token id="1277932" text="БабуЛеру"><tfr rev_id="2924634" t="БабуЛеру"><v><l id="0" t="бабулеру"><g v="UNKN"></g></l></v></tfr></token><token id="1277933" text="."><tfr rev_id="2924635" t="."><v><l id="0" t="."><g v="PNCT"></g></l></v></tfr></token><token id="1277934" text="^)"><tfr rev_id="2924636" t="^)"><v><l id="0" t="^)"><g v="UNKN"></g></l></v></tfr></token></tokens></sentence></paragraph></paragraphs></text>