<?xml version="1.0" encoding="utf-8"?><text id="1395" parent="226" name="17075 ДоСКАкали до Москвы"><tags><tag>url:http://www.chaskor.ru/news/doskakali_do_moskvy_17075</tag><tag>Год:2010</tag><tag>Дата:27/04</tag><tag>Тема:ЧасКор:Экзотика</tag><tag>Тема:ЧасКор:Экзотика/Люди</tag></tags><paragraphs><paragraph id="12619"><sentence id="39337"><source>ДоСКАкали до Москвы</source><tokens><token id="700840" text="ДоСКАкали"><tfr rev_id="1532699" t="ДоСКАкали"><v><l id="90127" t="доскакал"><g v="VERB"></g><g v="perf"></g><g v="intr"></g><g v="plur"></g><g v="past"></g><g v="indc"></g></l></v></tfr></token><token id="700841" text="до"><tfr rev_id="1532700" t="до"><v><l id="85153" t="до"><g v="PREP"></g></l></v></tfr></token><token id="700842" text="Москвы"><tfr rev_id="1532701" t="Москвы"><v><l id="163901" t="москва"><g v="NOUN"></g><g v="inan"></g><g v="femn"></g><g v="Sgtm"></g><g v="Geox"></g><g v="sing"></g><g v="gent"></g></l></v></tfr></token></tokens></sentence><sentence id="39338"><source>Перспективная обнинская группа Lomakinband дала первый концерт в Москве.</source><tokens><token id="700843" text="Перспективная"><tfr rev_id="1532702" t="Перспективная"><v><l id="237489" t="перспективный"><g v="ADJF"></g><g v="Qual"></g><g v="femn"></g><g v="sing"></g><g v="nomn"></g></l></v></tfr></token><token id="700844" text="обнинская"><tfr rev_id="1532703" t="обнинская"><v><l id="197844" t="обнинский"><g v="ADJF"></g><g v="femn"></g><g v="sing"></g><g v="nomn"></g></l></v></tfr></token><token id="700845" text="группа"><tfr rev_id="1532704" t="группа"><v><l id="76092" t="группа"><g v="NOUN"></g><g v="inan"></g><g v="femn"></g><g v="sing"></g><g v="nomn"></g></l></v></tfr></token><token id="700846" text="Lomakinband"><tfr rev_id="2475517" t="Lomakinband"><v><l id="0" t="Lomakinband"><g v="LATN"></g></l></v></tfr></token><token id="700847" text="дала"><tfr rev_id="1532706" t="дала"><v><l id="78546" t="дал"><g v="VERB"></g><g v="perf"></g><g v="tran"></g><g v="femn"></g><g v="sing"></g><g v="past"></g><g v="indc"></g></l></v></tfr></token><token id="700848" text="первый"><tfr rev_id="1532707" t="первый"><v><l id="226359" t="первый"><g v="ADJF"></g><g v="Anum"></g><g v="masc"></g><g v="sing"></g><g v="nomn"></g></l></v><v><l id="226359" t="первый"><g v="ADJF"></g><g v="Anum"></g><g v="inan"></g><g v="masc"></g><g v="sing"></g><g v="accs"></g></l></v></tfr></token><token id="700849" text="концерт"><tfr rev_id="1532708" t="концерт"><v><l id="138954" t="концерт"><g v="NOUN"></g><g v="inan"></g><g v="masc"></g><g v="sing"></g><g v="nomn"></g></l></v><v><l id="138954" t="концерт"><g v="NOUN"></g><g v="inan"></g><g v="masc"></g><g v="sing"></g><g v="accs"></g></l></v></tfr></token><token id="700850" text="в"><tfr rev_id="1532709" t="в"><v><l id="37409" t="в"><g v="PREP"></g></l></v></tfr></token><token id="700851" text="Москве"><tfr rev_id="3540116" t="Москве"><v><l id="163901" t="москва"><g v="NOUN"></g><g v="inan"></g><g v="femn"></g><g v="Sgtm"></g><g v="Geox"></g><g v="sing"></g><g v="loct"></g></l></v></tfr></token><token id="700852" text="."><tfr rev_id="1532711" t="."><v><l id="0" t="."><g v="PNCT"></g></l></v></tfr></token></tokens></sentence></paragraph><paragraph id="12620"><sentence id="39339"><source>Группа Lomakinband из Обнинска появилась ещё в 2000 году.</source><tokens><token id="700853" text="Группа"><tfr rev_id="1532712" t="Группа"><v><l id="76092" t="группа"><g v="NOUN"></g><g v="inan"></g><g v="femn"></g><g v="sing"></g><g v="nomn"></g></l></v></tfr></token><token id="700854" text="Lomakinband"><tfr rev_id="2475518" t="Lomakinband"><v><l id="0" t="Lomakinband"><g v="LATN"></g></l></v></tfr></token><token id="700855" text="из"><tfr rev_id="2503550" t="из"><v><l id="117677" t="из"><g v="PREP"></g></l></v></tfr></token><token id="700856" text="Обнинска"><tfr rev_id="1532715" t="Обнинска"><v><l id="197842" t="обнинск"><g v="NOUN"></g><g v="inan"></g><g v="masc"></g><g v="Geox"></g><g v="sing"></g><g v="gent"></g></l></v></tfr></token><token id="700857" text="появилась"><tfr rev_id="1532716" t="появилась"><v><l id="265507" t="появился"><g v="VERB"></g><g v="perf"></g><g v="intr"></g><g v="femn"></g><g v="sing"></g><g v="past"></g><g v="indc"></g></l></v></tfr></token><token id="700858" text="ещё"><tfr rev_id="1532717" t="ещё"><v><l id="95551" t="ещё"><g v="PRCL"></g></l></v><v><l id="95552" t="ещё"><g v="ADVB"></g></l></v></tfr></token><token id="700859" text="в"><tfr rev_id="1532718" t="в"><v><l id="37409" t="в"><g v="PREP"></g></l></v></tfr></token><token id="700860" text="2000"><tfr rev_id="2462895" t="2000"><v><l id="0" t="2000"><g v="NUMB"></g></l></v></tfr></token><token id="700861" text="году"><tfr rev_id="3045737" t="году"><v><l id="72149" t="год"><g v="NOUN"></g><g v="inan"></g><g v="masc"></g><g v="sing"></g><g v="loc2"></g></l></v></tfr></token><token id="700862" text="."><tfr rev_id="1532721" t="."><v><l id="0" t="."><g v="PNCT"></g></l></v></tfr></token></tokens></sentence><sentence id="39340"><source>Она собрала несколько друзей-музыкантов, решивших играть развесёлый ска.</source><tokens><token id="700863" text="Она"><tfr rev_id="3586588" t="Она"><v><l id="206544" t="она"><g v="NPRO"></g><g v="femn"></g><g v="3per"></g><g v="Anph"></g><g v="sing"></g><g v="nomn"></g></l></v></tfr></token><token id="700864" text="собрала"><tfr rev_id="1532723" t="собрала"><v><l id="327817" t="собрал"><g v="VERB"></g><g v="perf"></g><g v="tran"></g><g v="femn"></g><g v="sing"></g><g v="past"></g><g v="indc"></g></l></v></tfr></token><token id="700865" text="несколько"><tfr rev_id="4306031" t="несколько"><v><l id="188126" t="несколько"><g v="NUMR"></g><g v="anim"></g><g v="accs"></g><g v="Infr"></g></l></v></tfr></token><token id="700866" text="друзей"><tfr rev_id="3944953" t="друзей"><v><l id="92341" t="друг"><g v="NOUN"></g><g v="anim"></g><g v="masc"></g><g v="plur"></g><g v="gent"></g></l></v></tfr></token><token id="700867" text="-"><tfr rev_id="1532726" t="-"><v><l id="0" t="-"><g v="PNCT"></g></l></v></tfr></token><token id="700868" text="музыкантов"><tfr rev_id="4085211" t="музыкантов"><v><l id="164809" t="музыкант"><g v="NOUN"></g><g v="anim"></g><g v="masc"></g><g v="plur"></g><g v="gent"></g></l></v></tfr></token><token id="700869" text=","><tfr rev_id="1532728" t=","><v><l id="0" t=","><g v="PNCT"></g></l></v></tfr></token><token id="700870" text="решивших"><tfr rev_id="1532729" t="решивших"><v><l id="307398" t="решивший"><g v="PRTF"></g><g v="perf"></g><g v="tran"></g><g v="past"></g><g v="actv"></g><g v="plur"></g><g v="gent"></g></l></v><v><l id="307398" t="решивший"><g v="PRTF"></g><g v="perf"></g><g v="tran"></g><g v="past"></g><g v="actv"></g><g v="anim"></g><g v="plur"></g><g v="accs"></g></l></v><v><l id="307398" t="решивший"><g v="PRTF"></g><g v="perf"></g><g v="tran"></g><g v="past"></g><g v="actv"></g><g v="plur"></g><g v="loct"></g></l></v></tfr></token><token id="700871" text="играть"><tfr rev_id="1532730" t="играть"><v><l id="117312" t="играть"><g v="INFN"></g><g v="impf"></g><g v="tran"></g></l></v></tfr></token><token id="700872" text="развесёлый"><tfr rev_id="1532731" t="развесёлый"><v><l id="292372" t="развесёлый"><g v="ADJF"></g><g v="masc"></g><g v="sing"></g><g v="nomn"></g></l></v><v><l id="292372" t="развесёлый"><g v="ADJF"></g><g v="inan"></g><g v="masc"></g><g v="sing"></g><g v="accs"></g></l></v></tfr></token><token id="700873" text="ска"><tfr rev_id="4270159" t="ска"><v><l id="0" t="ска"><g v="UNKN"></g></l></v></tfr></token><token id="700874" text="."><tfr rev_id="1532733" t="."><v><l id="0" t="."><g v="PNCT"></g></l></v></tfr></token></tokens></sentence><sentence id="39341"><source>На местную сцену ребята вышли спустя шесть лет и вначале откровенно заявляли себя как tribute-band, подражая «Ленинграду».</source><tokens><token id="700875" text="На"><tfr rev_id="3340382" t="На"><v><l id="166264" t="на"><g v="PREP"></g></l></v></tfr></token><token id="700876" text="местную"><tfr rev_id="1532735" t="местную"><v><l id="158819" t="местный"><g v="ADJF"></g><g v="Qual"></g><g v="femn"></g><g v="sing"></g><g v="accs"></g></l></v></tfr></token><token id="700877" text="сцену"><tfr rev_id="1532736" t="сцену"><v><l id="341041" t="сцена"><g v="NOUN"></g><g v="inan"></g><g v="femn"></g><g v="sing"></g><g v="accs"></g></l></v></tfr></token><token id="700878" text="ребята"><tfr rev_id="1532737" t="ребята"><v><l id="304515" t="ребята"><g v="NOUN"></g><g v="anim"></g><g v="GNdr"></g><g v="Pltm"></g><g v="plur"></g><g v="nomn"></g></l></v></tfr></token><token id="700879" text="вышли"><tfr rev_id="1532738" t="вышли"><v><l id="57749" t="вышел"><g v="VERB"></g><g v="perf"></g><g v="intr"></g><g v="plur"></g><g v="past"></g><g v="indc"></g></l></v><v><l id="61969" t="выслал"><g v="VERB"></g><g v="perf"></g><g v="tran"></g><g v="sing"></g><g v="impr"></g><g v="excl"></g></l></v></tfr></token><token id="700880" text="спустя"><tfr rev_id="3458287" t="спустя"><v><l id="333221" t="спустя"><g v="PREP"></g></l></v></tfr></token><token id="700881" text="шесть"><tfr rev_id="1532740" t="шесть"><v><l id="379421" t="шесть"><g v="NUMR"></g><g v="nomn"></g></l></v><v><l id="379421" t="шесть"><g v="NUMR"></g><g v="accs"></g></l></v></tfr></token><token id="700882" text="лет"><tfr rev_id="3509097" t="лет"><v><l id="72149" t="год"><g v="NOUN"></g><g v="inan"></g><g v="masc"></g><g v="plur"></g><g v="gent"></g></l></v></tfr></token><token id="700883" text="и"><tfr rev_id="3690596" t="и"><v><l id="116949" t="и"><g v="CONJ"></g></l></v></tfr></token><token id="700884" text="вначале"><tfr rev_id="1532743" t="вначале"><v><l id="47297" t="вначале"><g v="ADVB"></g></l></v></tfr></token><token id="700885" text="откровенно"><tfr rev_id="1532744" t="откровенно"><v><l id="214688" t="откровенно"><g v="ADVB"></g></l></v><v><l id="214692" t="откровенен"><g v="ADJS"></g><g v="Qual"></g><g v="neut"></g><g v="sing"></g></l></v></tfr></token><token id="700886" text="заявляли"><tfr rev_id="1532745" t="заявляли"><v><l id="114312" t="заявляю"><g v="VERB"></g><g v="impf"></g><g v="tran"></g><g v="plur"></g><g v="past"></g><g v="indc"></g></l></v></tfr></token><token id="700887" text="себя"><tfr rev_id="3635008" t="себя"><v><l id="317456" t="себя"><g v="NPRO"></g><g v="Anph"></g><g v="sing"></g><g v="accs"></g></l></v></tfr></token><token id="700888" text="как"><tfr rev_id="1532747" t="как"><v><l id="128190" t="как"><g v="CONJ"></g></l></v><v><l id="128191" t="как"><g v="PRCL"></g></l></v><v><l id="128192" t="как"><g v="ADVB"></g><g v="Ques"></g></l></v></tfr></token><token id="700889" text="tribute-band"><tfr rev_id="2475519" t="tribute-band"><v><l id="0" t="tribute-band"><g v="LATN"></g></l></v></tfr></token><token id="700890" text=","><tfr rev_id="1532749" t=","><v><l id="0" t=","><g v="PNCT"></g></l></v></tfr></token><token id="700891" text="подражая"><tfr rev_id="1532750" t="подражая"><v><l id="249402" t="подражая"><g v="GRND"></g><g v="impf"></g><g v="intr"></g><g v="pres"></g></l></v></tfr></token><token id="700892" text="«"><tfr rev_id="2447145" t="«"><v><l id="0" t="«"><g v="PNCT"></g></l></v></tfr></token><token id="700893" text="Ленинграду"><tfr rev_id="1532752" t="Ленинграду"><v><l id="148047" t="ленинград"><g v="NOUN"></g><g v="inan"></g><g v="masc"></g><g v="Geox"></g><g v="sing"></g><g v="datv"></g></l></v></tfr></token><token id="700894" text="»"><tfr rev_id="2447146" t="»"><v><l id="0" t="»"><g v="PNCT"></g></l></v></tfr></token><token id="700895" text="."><tfr rev_id="1532754" t="."><v><l id="0" t="."><g v="PNCT"></g></l></v></tfr></token></tokens></sentence><sentence id="39342"><source>После, не отказываясь от своего исторического прошлого, начали сочинять собственные песни.</source><tokens><token id="700896" text="После"><tfr rev_id="4406792" t="После"><v><l id="261543" t="после"><g v="ADVB"></g></l></v></tfr></token><token id="700897" text=","><tfr rev_id="1532756" t=","><v><l id="0" t=","><g v="PNCT"></g></l></v></tfr></token><token id="700898" text="не"><tfr rev_id="1532757" t="не"><v><l id="178876" t="не"><g v="PRCL"></g></l></v></tfr></token><token id="700899" text="отказываясь"><tfr rev_id="1532758" t="отказываясь"><v><l id="213968" t="отказываясь"><g v="GRND"></g><g v="impf"></g><g v="intr"></g><g v="pres"></g></l></v></tfr></token><token id="700900" text="от"><tfr rev_id="1532759" t="от"><v><l id="211644" t="от"><g v="PREP"></g></l></v></tfr></token><token id="700901" text="своего"><tfr rev_id="3630317" t="своего"><v><l id="316379" t="свой"><g v="ADJF"></g><g v="Apro"></g><g v="Anph"></g><g v="neut"></g><g v="sing"></g><g v="gent"></g></l></v></tfr></token><token id="700902" text="исторического"><tfr rev_id="3448799" t="исторического"><v><l id="126430" t="исторический"><g v="ADJF"></g><g v="neut"></g><g v="sing"></g><g v="gent"></g></l></v></tfr></token><token id="700903" text="прошлого"><tfr rev_id="4234395" t="прошлого"><v><l id="287714" t="прошлое"><g v="NOUN"></g><g v="inan"></g><g v="neut"></g><g v="sing"></g><g v="gent"></g></l></v></tfr></token><token id="700904" text=","><tfr rev_id="1532763" t=","><v><l id="0" t=","><g v="PNCT"></g></l></v></tfr></token><token id="700905" text="начали"><tfr rev_id="1532764" t="начали"><v><l id="178224" t="начал"><g v="VERB"></g><g v="perf"></g><g v="tran"></g><g v="plur"></g><g v="past"></g><g v="indc"></g></l></v></tfr></token><token id="700906" text="сочинять"><tfr rev_id="1532765" t="сочинять"><v><l id="331156" t="сочинять"><g v="INFN"></g><g v="impf"></g><g v="tran"></g></l></v></tfr></token><token id="700907" text="собственные"><tfr rev_id="3817213" t="собственные"><v><l id="327840" t="собственный"><g v="ADJF"></g><g v="inan"></g><g v="plur"></g><g v="accs"></g></l></v></tfr></token><token id="700908" text="песни"><tfr rev_id="3806868" t="песни"><v><l id="237705" t="песня"><g v="NOUN"></g><g v="inan"></g><g v="femn"></g><g v="plur"></g><g v="accs"></g></l></v></tfr></token><token id="700909" text="."><tfr rev_id="1532768" t="."><v><l id="0" t="."><g v="PNCT"></g></l></v></tfr></token></tokens></sentence><sentence id="39343"><source>В результате среди обнинцев о группе не знает только ленивый, а Ломакина (лидера группы) и компанию зовут с концертами по городам и весям (Тула, Серпухов, Наро-Фоминск и другие).</source><tokens><token id="700910" text="В"><tfr rev_id="1532769" t="В"><v><l id="37409" t="в"><g v="PREP"></g></l></v></tfr></token><token id="700911" text="результате"><tfr rev_id="1532770" t="результате"><v><l id="305391" t="результат"><g v="NOUN"></g><g v="inan"></g><g v="masc"></g><g v="sing"></g><g v="loct"></g></l></v></tfr></token><token id="700912" text="среди"><tfr rev_id="1532771" t="среди"><v><l id="333473" t="среди"><g v="PREP"></g></l></v></tfr></token><token id="700913" text="обнинцев"><tfr rev_id="1532772" t="обнинцев"><v><l id="0" t="обнинцев"><g v="UNKN"></g></l></v></tfr></token><token id="700914" text="о"><tfr rev_id="3226587" t="о"><v><l id="192977" t="о"><g v="PREP"></g></l></v></tfr></token><token id="700915" text="группе"><tfr rev_id="3550785" t="группе"><v><l id="76092" t="группа"><g v="NOUN"></g><g v="inan"></g><g v="femn"></g><g v="sing"></g><g v="loct"></g></l></v></tfr></token><token id="700916" text="не"><tfr rev_id="1532775" t="не"><v><l id="178876" t="не"><g v="PRCL"></g></l></v></tfr></token><token id="700917" text="знает"><tfr rev_id="1532776" t="знает"><v><l id="115989" t="знаю"><g v="VERB"></g><g v="impf"></g><g v="tran"></g><g v="sing"></g><g v="3per"></g><g v="pres"></g><g v="indc"></g></l></v></tfr></token><token id="700918" text="только"><tfr rev_id="3784221" t="только"><v><l id="347395" t="только"><g v="CONJ"></g></l></v><v><l id="347396" t="только"><g v="PRCL"></g></l></v><v><l id="390053" t="только"><g v="ADVB"></g></l></v></tfr></token><token id="700919" text="ленивый"><tfr rev_id="1532778" t="ленивый"><v><l id="148035" t="ленивый"><g v="ADJF"></g><g v="Qual"></g><g v="masc"></g><g v="sing"></g><g v="nomn"></g></l></v><v><l id="148035" t="ленивый"><g v="ADJF"></g><g v="Qual"></g><g v="inan"></g><g v="masc"></g><g v="sing"></g><g v="accs"></g></l></v></tfr></token><token id="700920" text=","><tfr rev_id="1532779" t=","><v><l id="0" t=","><g v="PNCT"></g></l></v></tfr></token><token id="700921" text="а"><tfr rev_id="1532780" t="а"><v><l id="51" t="а"><g v="CONJ"></g></l></v><v><l id="52" t="а"><g v="INTJ"></g></l></v><v><l id="53" t="а"><g v="PRCL"></g></l></v></tfr></token><token id="700922" text="Ломакина"><tfr rev_id="4395714" t="Ломакина"><v><l id="150734" t="ломакин"><g v="NOUN"></g><g v="anim"></g><g v="masc"></g><g v="Sgtm"></g><g v="Surn"></g><g v="sing"></g><g v="accs"></g></l></v></tfr></token><token id="700923" text="("><tfr rev_id="1532782" t="("><v><l id="0" t="("><g v="PNCT"></g></l></v></tfr></token><token id="700924" text="лидера"><tfr rev_id="3701953" t="лидера"><v><l id="149007" t="лидер"><g v="NOUN"></g><g v="anim"></g><g v="masc"></g><g v="sing"></g><g v="accs"></g></l></v></tfr></token><token id="700925" text="группы"><tfr rev_id="3457773" t="группы"><v><l id="76092" t="группа"><g v="NOUN"></g><g v="inan"></g><g v="femn"></g><g v="sing"></g><g v="gent"></g></l></v></tfr></token><token id="700926" text=")"><tfr rev_id="1532785" t=")"><v><l id="0" t=")"><g v="PNCT"></g></l></v></tfr></token><token id="700927" text="и"><tfr rev_id="1532786" t="и"><v><l id="116949" t="и"><g v="CONJ"></g></l></v><v><l id="116950" t="и"><g v="INTJ"></g></l></v></tfr></token><token id="700928" text="компанию"><tfr rev_id="1532787" t="компанию"><v><l id="137146" t="компания"><g v="NOUN"></g><g v="inan"></g><g v="femn"></g><g v="sing"></g><g v="accs"></g></l></v></tfr></token><token id="700929" text="зовут"><tfr rev_id="1532788" t="зовут"><v><l id="114367" t="зову"><g v="VERB"></g><g v="impf"></g><g v="tran"></g><g v="plur"></g><g v="3per"></g><g v="pres"></g><g v="indc"></g></l></v></tfr></token><token id="700930" text="с"><tfr rev_id="1532789" t="с"><v><l id="311151" t="с"><g v="PREP"></g></l></v></tfr></token><token id="700931" text="концертами"><tfr rev_id="1532790" t="концертами"><v><l id="138954" t="концерт"><g v="NOUN"></g><g v="inan"></g><g v="masc"></g><g v="plur"></g><g v="ablt"></g></l></v></tfr></token><token id="700932" text="по"><tfr rev_id="1532791" t="по"><v><l id="241240" t="по"><g v="PREP"></g></l></v></tfr></token><token id="700933" text="городам"><tfr rev_id="1532792" t="городам"><v><l id="73547" t="город"><g v="NOUN"></g><g v="inan"></g><g v="masc"></g><g v="plur"></g><g v="datv"></g></l></v></tfr></token><token id="700934" text="и"><tfr rev_id="1532793" t="и"><v><l id="116949" t="и"><g v="CONJ"></g></l></v><v><l id="116950" t="и"><g v="INTJ"></g></l></v></tfr></token><token id="700935" text="весям"><tfr rev_id="1532794" t="весям"><v><l id="42157" t="весь"><g v="NOUN"></g><g v="inan"></g><g v="femn"></g><g v="plur"></g><g v="datv"></g></l></v></tfr></token><token id="700936" text="("><tfr rev_id="1532795" t="("><v><l id="0" t="("><g v="PNCT"></g></l></v></tfr></token><token id="700937" text="Тула"><tfr rev_id="1532796" t="Тула"><v><l id="351382" t="тула"><g v="NOUN"></g><g v="inan"></g><g v="femn"></g><g v="Sgtm"></g><g v="Geox"></g><g v="sing"></g><g v="nomn"></g></l></v></tfr></token><token id="700938" text=","><tfr rev_id="1532797" t=","><v><l id="0" t=","><g v="PNCT"></g></l></v></tfr></token><token id="700939" text="Серпухов"><tfr rev_id="1532798" t="Серпухов"><v><l id="319486" t="серпухов"><g v="NOUN"></g><g v="inan"></g><g v="masc"></g><g v="Geox"></g><g v="sing"></g><g v="nomn"></g></l></v><v><l id="319486" t="серпухов"><g v="NOUN"></g><g v="inan"></g><g v="masc"></g><g v="Geox"></g><g v="sing"></g><g v="accs"></g></l></v></tfr></token><token id="700940" text=","><tfr rev_id="1532799" t=","><v><l id="0" t=","><g v="PNCT"></g></l></v></tfr></token><token id="700941" text="Наро-Фоминск"><tfr rev_id="4543143" t="Наро-Фоминск"><v><l id="393415" t="наро-фоминск"><g v="NOUN"></g><g v="inan"></g><g v="masc"></g><g v="Geox"></g><g v="sing"></g><g v="accs"></g></l></v><v><l id="393415" t="наро-фоминск"><g v="NOUN"></g><g v="inan"></g><g v="masc"></g><g v="Geox"></g><g v="sing"></g><g v="nomn"></g></l></v></tfr></token><token id="700942" text="и"><tfr rev_id="3554451" t="и"><v><l id="116949" t="и"><g v="CONJ"></g></l></v></tfr></token><token id="700943" text="другие"><tfr rev_id="4076250" t="другие"><v><l id="92342" t="другой"><g v="ADJF"></g><g v="Apro"></g><g v="Subx"></g><g v="plur"></g><g v="nomn"></g></l></v></tfr></token><token id="700944" text=")"><tfr rev_id="1532803" t=")"><v><l id="0" t=")"><g v="PNCT"></g></l></v></tfr></token><token id="700945" text="."><tfr rev_id="1532804" t="."><v><l id="0" t="."><g v="PNCT"></g></l></v></tfr></token></tokens></sentence><sentence id="39344"><source>25 апреля очередь дошла и до столицы.</source><tokens><token id="700946" text="25"><tfr rev_id="2462896" t="25"><v><l id="0" t="25"><g v="NUMB"></g></l></v></tfr></token><token id="700947" text="апреля"><tfr rev_id="1532806" t="апреля"><v><l id="15509" t="апрель"><g v="NOUN"></g><g v="inan"></g><g v="masc"></g><g v="sing"></g><g v="gent"></g></l></v></tfr></token><token id="700948" text="очередь"><tfr rev_id="4099484" t="очередь"><v><l id="221692" t="очередь"><g v="NOUN"></g><g v="inan"></g><g v="femn"></g><g v="sing"></g><g v="nomn"></g></l></v></tfr></token><token id="700949" text="дошла"><tfr rev_id="4330031" t="дошла"><v><l id="86962" t="дошёл"><g v="VERB"></g><g v="perf"></g><g v="intr"></g><g v="femn"></g><g v="sing"></g><g v="past"></g><g v="indc"></g></l></v></tfr></token><token id="700950" text="и"><tfr rev_id="4164558" t="и"><v><l id="116949" t="и"><g v="CONJ"></g></l></v></tfr></token><token id="700951" text="до"><tfr rev_id="1532810" t="до"><v><l id="85153" t="до"><g v="PREP"></g></l></v></tfr></token><token id="700952" text="столицы"><tfr rev_id="3493817" t="столицы"><v><l id="336588" t="столица"><g v="NOUN"></g><g v="inan"></g><g v="femn"></g><g v="sing"></g><g v="gent"></g></l></v></tfr></token><token id="700953" text="."><tfr rev_id="1532812" t="."><v><l id="0" t="."><g v="PNCT"></g></l></v></tfr></token></tokens></sentence></paragraph><paragraph id="12621"><sentence id="39345"><source>Из 20 песен сет-листа обнинского Lomakinband, сыгравшего в воскресенье в столичном клубе 1Rock, половина — каверы на известные хиты и шлягеры.</source><tokens><token id="700954" text="Из"><tfr rev_id="2603676" t="Из"><v><l id="117677" t="из"><g v="PREP"></g></l></v></tfr></token><token id="700955" text="20"><tfr rev_id="2462897" t="20"><v><l id="0" t="20"><g v="NUMB"></g></l></v></tfr></token><token id="700956" text="песен"><tfr rev_id="1532815" t="песен"><v><l id="237705" t="песня"><g v="NOUN"></g><g v="inan"></g><g v="femn"></g><g v="plur"></g><g v="gent"></g></l></v></tfr></token><token id="700957" text="сет-листа"><tfr rev_id="4566915" t="сет-листа"><v><l id="393816" t="сет-лист"><g v="NOUN"></g><g v="inan"></g><g v="masc"></g><g v="sing"></g><g v="gent"></g></l></v></tfr></token><token id="700958" text="обнинского"><tfr rev_id="3481743" t="обнинского"><v><l id="197844" t="обнинский"><g v="ADJF"></g><g v="masc"></g><g v="sing"></g><g v="gent"></g></l></v><v><l id="197844" t="обнинский"><g v="ADJF"></g><g v="anim"></g><g v="masc"></g><g v="sing"></g><g v="accs"></g></l></v></tfr></token><token id="700959" text="Lomakinband"><tfr rev_id="2475520" t="Lomakinband"><v><l id="0" t="Lomakinband"><g v="LATN"></g></l></v></tfr></token><token id="700960" text=","><tfr rev_id="1532819" t=","><v><l id="0" t=","><g v="PNCT"></g></l></v></tfr></token><token id="700961" text="сыгравшего"><tfr rev_id="3443260" t="сыгравшего"><v><l id="341568" t="сыгравший"><g v="PRTF"></g><g v="perf"></g><g v="tran"></g><g v="past"></g><g v="actv"></g><g v="masc"></g><g v="sing"></g><g v="gent"></g></l></v><v><l id="341568" t="сыгравший"><g v="PRTF"></g><g v="perf"></g><g v="tran"></g><g v="past"></g><g v="actv"></g><g v="anim"></g><g v="masc"></g><g v="sing"></g><g v="accs"></g></l></v></tfr></token><token id="700962" text="в"><tfr rev_id="1532821" t="в"><v><l id="37409" t="в"><g v="PREP"></g></l></v></tfr></token><token id="700963" text="воскресенье"><tfr rev_id="4426269" t="воскресенье"><v><l id="51393" t="воскресение"><g v="NOUN"></g><g v="inan"></g><g v="neut"></g><g v="sing"></g><g v="accs"></g><g v="V-be"></g></l></v><v><l id="51406" t="воскресенье"><g v="NOUN"></g><g v="inan"></g><g v="neut"></g><g v="sing"></g><g v="accs"></g></l></v></tfr></token><token id="700964" text="в"><tfr rev_id="1532823" t="в"><v><l id="37409" t="в"><g v="PREP"></g></l></v></tfr></token><token id="700965" text="столичном"><tfr rev_id="3302414" t="столичном"><v><l id="336589" t="столичный"><g v="ADJF"></g><g v="Qual"></g><g v="masc"></g><g v="sing"></g><g v="loct"></g></l></v></tfr></token><token id="700966" text="клубе"><tfr rev_id="1532825" t="клубе"><v><l id="134630" t="клуб"><g v="NOUN"></g><g v="inan"></g><g v="masc"></g><g v="sing"></g><g v="loct"></g></l></v></tfr></token><token id="700967" text="1Rock"><tfr rev_id="1532826" t="1Rock"><v><l id="0" t="1Rock"><g v="UNKN"></g></l></v></tfr></token><token id="700968" text=","><tfr rev_id="1532827" t=","><v><l id="0" t=","><g v="PNCT"></g></l></v></tfr></token><token id="700969" text="половина"><tfr rev_id="4215650" t="половина"><v><l id="256181" t="половина"><g v="NOUN"></g><g v="inan"></g><g v="femn"></g><g v="sing"></g><g v="nomn"></g></l></v></tfr></token><token id="700970" text="—"><tfr rev_id="2447147" t="—"><v><l id="0" t="—"><g v="PNCT"></g></l></v></tfr></token><token id="700971" text="каверы"><tfr rev_id="4539890" t="каверы"><v><l id="392425" t="кавер"><g v="NOUN"></g><g v="inan"></g><g v="masc"></g><g v="plur"></g><g v="accs"></g></l></v><v><l id="392425" t="кавер"><g v="NOUN"></g><g v="inan"></g><g v="masc"></g><g v="plur"></g><g v="nomn"></g></l></v></tfr></token><token id="700972" text="на"><tfr rev_id="2913211" t="на"><v><l id="166264" t="на"><g v="PREP"></g></l></v><v><l id="388676" t="на"><g v="INTJ"></g></l></v></tfr></token><token id="700973" text="известные"><tfr rev_id="4082729" t="известные"><v><l id="118144" t="известный"><g v="ADJF"></g><g v="Qual"></g><g v="inan"></g><g v="plur"></g><g v="accs"></g></l></v></tfr></token><token id="700974" text="хиты"><tfr rev_id="3756678" t="хиты"><v><l id="370298" t="хит"><g v="NOUN"></g><g v="inan"></g><g v="masc"></g><g v="plur"></g><g v="accs"></g></l></v></tfr></token><token id="700975" text="и"><tfr rev_id="1532834" t="и"><v><l id="116949" t="и"><g v="CONJ"></g></l></v><v><l id="116950" t="и"><g v="INTJ"></g></l></v></tfr></token><token id="700976" text="шлягеры"><tfr rev_id="3716352" t="шлягеры"><v><l id="380507" t="шлягер"><g v="NOUN"></g><g v="inan"></g><g v="masc"></g><g v="plur"></g><g v="accs"></g></l></v></tfr></token><token id="700977" text="."><tfr rev_id="1532836" t="."><v><l id="0" t="."><g v="PNCT"></g></l></v></tfr></token></tokens></sentence><sentence id="39346"><source>Остальное — весьма оригинальный продукт, местами напоминающий группу «Ленинград» времён «Пиратов».</source><tokens><token id="700978" text="Остальное"><tfr rev_id="4137065" t="Остальное"><v><l id="210836" t="остальной"><g v="ADJF"></g><g v="Subx"></g><g v="Apro"></g><g v="neut"></g><g v="sing"></g><g v="nomn"></g></l></v><v><l id="210836" t="остальной"><g v="ADJF"></g><g v="Subx"></g><g v="Apro"></g><g v="neut"></g><g v="sing"></g><g v="accs"></g></l></v></tfr></token><token id="700979" text="—"><tfr rev_id="2447148" t="—"><v><l id="0" t="—"><g v="PNCT"></g></l></v></tfr></token><token id="700980" text="весьма"><tfr rev_id="1532839" t="весьма"><v><l id="42160" t="весьма"><g v="ADVB"></g></l></v></tfr></token><token id="700981" text="оригинальный"><tfr rev_id="1532840" t="оригинальный"><v><l id="209029" t="оригинальный"><g v="ADJF"></g><g v="Qual"></g><g v="masc"></g><g v="sing"></g><g v="nomn"></g></l></v><v><l id="209029" t="оригинальный"><g v="ADJF"></g><g v="Qual"></g><g v="inan"></g><g v="masc"></g><g v="sing"></g><g v="accs"></g></l></v></tfr></token><token id="700982" text="продукт"><tfr rev_id="1532841" t="продукт"><v><l id="279358" t="продукт"><g v="NOUN"></g><g v="inan"></g><g v="masc"></g><g v="sing"></g><g v="nomn"></g></l></v><v><l id="279358" t="продукт"><g v="NOUN"></g><g v="inan"></g><g v="masc"></g><g v="sing"></g><g v="accs"></g></l></v></tfr></token><token id="700983" text=","><tfr rev_id="1532842" t=","><v><l id="0" t=","><g v="PNCT"></g></l></v></tfr></token><token id="700984" text="местами"><tfr rev_id="4150671" t="местами"><v><l id="158788" t="местами"><g v="ADVB"></g></l></v></tfr></token><token id="700985" text="напоминающий"><tfr rev_id="1532844" t="напоминающий"><v><l id="173882" t="напоминающий"><g v="PRTF"></g><g v="impf"></g><g v="tran"></g><g v="pres"></g><g v="actv"></g><g v="masc"></g><g v="sing"></g><g v="nomn"></g></l></v><v><l id="173882" t="напоминающий"><g v="PRTF"></g><g v="impf"></g><g v="tran"></g><g v="pres"></g><g v="actv"></g><g v="inan"></g><g v="masc"></g><g v="sing"></g><g v="accs"></g></l></v></tfr></token><token id="700986" text="группу"><tfr rev_id="1532845" t="группу"><v><l id="76092" t="группа"><g v="NOUN"></g><g v="inan"></g><g v="femn"></g><g v="sing"></g><g v="accs"></g></l></v></tfr></token><token id="700987" text="«"><tfr rev_id="2447149" t="«"><v><l id="0" t="«"><g v="PNCT"></g></l></v></tfr></token><token id="700988" text="Ленинград"><tfr rev_id="1532847" t="Ленинград"><v><l id="148047" t="ленинград"><g v="NOUN"></g><g v="inan"></g><g v="masc"></g><g v="Geox"></g><g v="sing"></g><g v="nomn"></g></l></v><v><l id="148047" t="ленинград"><g v="NOUN"></g><g v="inan"></g><g v="masc"></g><g v="Geox"></g><g v="sing"></g><g v="accs"></g></l></v></tfr></token><token id="700989" text="»"><tfr rev_id="2447150" t="»"><v><l id="0" t="»"><g v="PNCT"></g></l></v></tfr></token><token id="700990" text="времён"><tfr rev_id="1532849" t="времён"><v><l id="53149" t="время"><g v="NOUN"></g><g v="inan"></g><g v="neut"></g><g v="plur"></g><g v="gent"></g></l></v></tfr></token><token id="700991" text="«"><tfr rev_id="2447151" t="«"><v><l id="0" t="«"><g v="PNCT"></g></l></v></tfr></token><token id="700992" text="Пиратов"><tfr rev_id="3713509" t="Пиратов"><v><l id="238911" t="пират"><g v="NOUN"></g><g v="anim"></g><g v="masc"></g><g v="plur"></g><g v="gent"></g></l></v></tfr></token><token id="700993" text="»"><tfr rev_id="2447152" t="»"><v><l id="0" t="»"><g v="PNCT"></g></l></v></tfr></token><token id="700994" text="."><tfr rev_id="1532853" t="."><v><l id="0" t="."><g v="PNCT"></g></l></v></tfr></token></tokens></sentence><sentence id="39347"><source>Впрочем, пытливое ухо может в этом услышать и столпов ска Madness и Bad Manners, а иная голова вдруг не к месту вспомнит Горана Бреговича.</source><tokens><token id="700995" text="Впрочем"><tfr rev_id="3423287" t="Впрочем"><v><l id="52738" t="впрочем"><g v="CONJ"></g><g v="Prnt"></g></l></v></tfr></token><token id="700996" text=","><tfr rev_id="1532855" t=","><v><l id="0" t=","><g v="PNCT"></g></l></v></tfr></token><token id="700997" text="пытливое"><tfr rev_id="1532856" t="пытливое"><v><l id="290096" t="пытливый"><g v="ADJF"></g><g v="Qual"></g><g v="neut"></g><g v="sing"></g><g v="nomn"></g></l></v><v><l id="290096" t="пытливый"><g v="ADJF"></g><g v="Qual"></g><g v="neut"></g><g v="sing"></g><g v="accs"></g></l></v></tfr></token><token id="700998" text="ухо"><tfr rev_id="4103898" t="ухо"><v><l id="362933" t="ухо"><g v="NOUN"></g><g v="inan"></g><g v="neut"></g><g v="sing"></g><g v="nomn"></g></l></v></tfr></token><token id="700999" text="может"><tfr rev_id="4223581" t="может"><v><l id="164485" t="могу"><g v="VERB"></g><g v="impf"></g><g v="intr"></g><g v="sing"></g><g v="3per"></g><g v="pres"></g><g v="indc"></g></l></v></tfr></token><token id="701000" text="в"><tfr rev_id="1532859" t="в"><v><l id="37409" t="в"><g v="PREP"></g></l></v></tfr></token><token id="701001" text="этом"><tfr rev_id="4475776" t="этом"><v><l id="386575" t="это"><g v="NPRO"></g><g v="neut"></g><g v="sing"></g><g v="loct"></g></l></v></tfr></token><token id="701002" text="услышать"><tfr rev_id="1532861" t="услышать"><v><l id="360639" t="услышать"><g v="INFN"></g><g v="perf"></g><g v="tran"></g></l></v></tfr></token><token id="701003" text="и"><tfr rev_id="1532862" t="и"><v><l id="116949" t="и"><g v="CONJ"></g></l></v><v><l id="116950" t="и"><g v="INTJ"></g></l></v></tfr></token><token id="701004" text="столпов"><tfr rev_id="2369510" t="столпов"><v><l id="336643" t="столп"><g v="NOUN"></g><g v="anim"></g><g v="masc"></g><g v="plur"></g><g v="accs"></g></l></v></tfr></token><token id="701005" text="ска"><tfr rev_id="4270160" t="ска"><v><l id="0" t="ска"><g v="UNKN"></g></l></v></tfr></token><token id="701006" text="Madness"><tfr rev_id="2475521" t="Madness"><v><l id="0" t="Madness"><g v="LATN"></g></l></v></tfr></token><token id="701007" text="и"><tfr rev_id="3555704" t="и"><v><l id="116949" t="и"><g v="CONJ"></g></l></v></tfr></token><token id="701008" text="Bad"><tfr rev_id="2475522" t="Bad"><v><l id="0" t="Bad"><g v="LATN"></g></l></v></tfr></token><token id="701009" text="Manners"><tfr rev_id="2475523" t="Manners"><v><l id="0" t="Manners"><g v="LATN"></g></l></v></tfr></token><token id="701010" text=","><tfr rev_id="1532869" t=","><v><l id="0" t=","><g v="PNCT"></g></l></v></tfr></token><token id="701011" text="а"><tfr rev_id="1532870" t="а"><v><l id="51" t="а"><g v="CONJ"></g></l></v><v><l id="52" t="а"><g v="INTJ"></g></l></v><v><l id="53" t="а"><g v="PRCL"></g></l></v></tfr></token><token id="701012" text="иная"><tfr rev_id="3804057" t="иная"><v><l id="122715" t="иной"><g v="ADJF"></g><g v="Subx"></g><g v="Apro"></g><g v="femn"></g><g v="sing"></g><g v="nomn"></g></l></v></tfr></token><token id="701013" text="голова"><tfr rev_id="4138447" t="голова"><v><l id="72304" t="голова"><g v="NOUN"></g><g v="inan"></g><g v="femn"></g><g v="sing"></g><g v="nomn"></g></l></v></tfr></token><token id="701014" text="вдруг"><tfr rev_id="1532873" t="вдруг"><v><l id="40194" t="вдруг"><g v="ADVB"></g></l></v></tfr></token><token id="701015" text="не"><tfr rev_id="1532874" t="не"><v><l id="178876" t="не"><g v="PRCL"></g></l></v></tfr></token><token id="701016" text="к"><tfr rev_id="1532875" t="к"><v><l id="127460" t="к"><g v="PREP"></g></l></v></tfr></token><token id="701017" text="месту"><tfr rev_id="1532876" t="месту"><v><l id="158822" t="место"><g v="NOUN"></g><g v="inan"></g><g v="neut"></g><g v="sing"></g><g v="datv"></g></l></v></tfr></token><token id="701018" text="вспомнит"><tfr rev_id="1532877" t="вспомнит"><v><l id="54217" t="вспомнил"><g v="VERB"></g><g v="perf"></g><g v="tran"></g><g v="sing"></g><g v="3per"></g><g v="futr"></g><g v="indc"></g></l></v></tfr></token><token id="701019" text="Горана"><tfr rev_id="2922202" t="Горана"><v><l id="73053" t="горан"><g v="NOUN"></g><g v="anim"></g><g v="masc"></g><g v="Name"></g><g v="sing"></g><g v="accs"></g></l></v></tfr></token><token id="701020" text="Бреговича"><tfr rev_id="1532879" t="Бреговича"><v><l id="0" t="бреговича"><g v="UNKN"></g></l></v></tfr></token><token id="701021" text="."><tfr rev_id="1532880" t="."><v><l id="0" t="."><g v="PNCT"></g></l></v></tfr></token></tokens></sentence></paragraph><paragraph id="12622"><sentence id="39348"><source>По сути, погоду на сцене делают три «дудки»: два сакса и тромбон.</source><tokens><token id="701022" text="По"><tfr rev_id="1532881" t="По"><v><l id="241240" t="по"><g v="PREP"></g></l></v></tfr></token><token id="701023" text="сути"><tfr rev_id="4345559" t="сути"><v><l id="340178" t="суть"><g v="NOUN"></g><g v="inan"></g><g v="femn"></g><g v="sing"></g><g v="datv"></g></l></v></tfr></token><token id="701024" text=","><tfr rev_id="1532883" t=","><v><l id="0" t=","><g v="PNCT"></g></l></v></tfr></token><token id="701025" text="погоду"><tfr rev_id="1532884" t="погоду"><v><l id="243378" t="погода"><g v="NOUN"></g><g v="inan"></g><g v="femn"></g><g v="sing"></g><g v="accs"></g></l></v></tfr></token><token id="701026" text="на"><tfr rev_id="3344647" t="на"><v><l id="166264" t="на"><g v="PREP"></g></l></v></tfr></token><token id="701027" text="сцене"><tfr rev_id="2737491" t="сцене"><v><l id="341041" t="сцена"><g v="NOUN"></g><g v="inan"></g><g v="femn"></g><g v="sing"></g><g v="loct"></g></l></v></tfr></token><token id="701028" text="делают"><tfr rev_id="1532887" t="делают"><v><l id="80526" t="делаю"><g v="VERB"></g><g v="impf"></g><g v="tran"></g><g v="plur"></g><g v="3per"></g><g v="pres"></g><g v="indc"></g></l></v></tfr></token><token id="701029" text="три"><tfr rev_id="2635284" t="три"><v><l id="349973" t="три"><g v="NUMR"></g><g v="nomn"></g></l></v><v><l id="349973" t="три"><g v="NUMR"></g><g v="inan"></g><g v="accs"></g></l></v></tfr></token><token id="701030" text="«"><tfr rev_id="2447153" t="«"><v><l id="0" t="«"><g v="PNCT"></g></l></v></tfr></token><token id="701031" text="дудки"><tfr rev_id="4460453" t="дудки"><v><l id="92904" t="дудка"><g v="NOUN"></g><g v="inan"></g><g v="femn"></g><g v="sing"></g><g v="gent"></g></l></v></tfr></token><token id="701032" text="»"><tfr rev_id="2447154" t="»"><v><l id="0" t="»"><g v="PNCT"></g></l></v></tfr></token><token id="701033" text=":"><tfr rev_id="1532892" t=":"><v><l id="0" t=":"><g v="PNCT"></g></l></v></tfr></token><token id="701034" text="два"><tfr rev_id="4450477" t="два"><v><l id="78668" t="два"><g v="NUMR"></g><g v="masc"></g><g v="nomn"></g></l></v><v><l id="78668" t="два"><g v="NUMR"></g><g v="inan"></g><g v="masc"></g><g v="accs"></g></l></v><v><l id="78668" t="два"><g v="NUMR"></g><g v="neut"></g><g v="nomn"></g></l></v><v><l id="78668" t="два"><g v="NUMR"></g><g v="inan"></g><g v="neut"></g><g v="accs"></g></l></v></tfr></token><token id="701035" text="сакса"><tfr rev_id="4461823" t="сакса"><v><l id="0" t="сакса"><g v="UNKN"></g></l></v></tfr></token><token id="701036" text="и"><tfr rev_id="1532895" t="и"><v><l id="116949" t="и"><g v="CONJ"></g></l></v><v><l id="116950" t="и"><g v="INTJ"></g></l></v></tfr></token><token id="701037" text="тромбон"><tfr rev_id="1532896" t="тромбон"><v><l id="350415" t="тромбон"><g v="NOUN"></g><g v="inan"></g><g v="masc"></g><g v="sing"></g><g v="nomn"></g></l></v><v><l id="350415" t="тромбон"><g v="NOUN"></g><g v="inan"></g><g v="masc"></g><g v="sing"></g><g v="accs"></g></l></v></tfr></token><token id="701038" text="."><tfr rev_id="1532897" t="."><v><l id="0" t="."><g v="PNCT"></g></l></v></tfr></token></tokens></sentence><sentence id="39349"><source>В основном их на сцене больше, но из Обнинска до Москвы смогли доехать только они.</source><tokens><token id="701039" text="В"><tfr rev_id="1532898" t="В"><v><l id="37409" t="в"><g v="PREP"></g></l></v></tfr></token><token id="701040" text="основном"><tfr rev_id="4234396" t="основном"><v><l id="210594" t="основное"><g v="NOUN"></g><g v="inan"></g><g v="neut"></g><g v="Sgtm"></g><g v="sing"></g><g v="loct"></g></l></v></tfr></token><token id="701041" text="их"><tfr rev_id="4472096" t="их"><v><l id="206619" t="они"><g v="NPRO"></g><g v="3per"></g><g v="Anph"></g><g v="plur"></g><g v="gent"></g></l></v><v><l id="206619" t="они"><g v="NPRO"></g><g v="3per"></g><g v="Anph"></g><g v="plur"></g><g v="accs"></g></l></v></tfr></token><token id="701042" text="на"><tfr rev_id="3336556" t="на"><v><l id="166264" t="на"><g v="PREP"></g></l></v></tfr></token><token id="701043" text="сцене"><tfr rev_id="3534743" t="сцене"><v><l id="341041" t="сцена"><g v="NOUN"></g><g v="inan"></g><g v="femn"></g><g v="sing"></g><g v="loct"></g></l></v></tfr></token><token id="701044" text="больше"><tfr rev_id="2558528" t="больше"><v><l id="32325" t="больше"><g v="ADVB"></g></l></v><v><l id="32447" t="больше"><g v="COMP"></g><g v="Qual"></g></l></v></tfr></token><token id="701045" text=","><tfr rev_id="1532904" t=","><v><l id="0" t=","><g v="PNCT"></g></l></v></tfr></token><token id="701046" text="но"><tfr rev_id="1532905" t="но"><v><l id="191429" t="но"><g v="CONJ"></g></l></v><v><l id="191430" t="но"><g v="INTJ"></g></l></v></tfr></token><token id="701047" text="из"><tfr rev_id="2603609" t="из"><v><l id="117677" t="из"><g v="PREP"></g></l></v></tfr></token><token id="701048" text="Обнинска"><tfr rev_id="1532907" t="Обнинска"><v><l id="197842" t="обнинск"><g v="NOUN"></g><g v="inan"></g><g v="masc"></g><g v="Geox"></g><g v="sing"></g><g v="gent"></g></l></v></tfr></token><token id="701049" text="до"><tfr rev_id="1532908" t="до"><v><l id="85153" t="до"><g v="PREP"></g></l></v></tfr></token><token id="701050" text="Москвы"><tfr rev_id="1532909" t="Москвы"><v><l id="163901" t="москва"><g v="NOUN"></g><g v="inan"></g><g v="femn"></g><g v="Sgtm"></g><g v="Geox"></g><g v="sing"></g><g v="gent"></g></l></v></tfr></token><token id="701051" text="смогли"><tfr rev_id="1532910" t="смогли"><v><l id="326830" t="смог"><g v="VERB"></g><g v="perf"></g><g v="intr"></g><g v="plur"></g><g v="past"></g><g v="indc"></g></l></v></tfr></token><token id="701052" text="доехать"><tfr rev_id="1532911" t="доехать"><v><l id="86570" t="доехать"><g v="INFN"></g><g v="perf"></g><g v="intr"></g></l></v></tfr></token><token id="701053" text="только"><tfr rev_id="3784222" t="только"><v><l id="347395" t="только"><g v="CONJ"></g></l></v><v><l id="347396" t="только"><g v="PRCL"></g></l></v><v><l id="390053" t="только"><g v="ADVB"></g></l></v></tfr></token><token id="701054" text="они"><tfr rev_id="3599489" t="они"><v><l id="206619" t="они"><g v="NPRO"></g><g v="3per"></g><g v="Anph"></g><g v="plur"></g><g v="nomn"></g></l></v></tfr></token><token id="701055" text="."><tfr rev_id="1532914" t="."><v><l id="0" t="."><g v="PNCT"></g></l></v></tfr></token></tokens></sentence><sentence id="39350"><source>Не приехал в Москву и ещё один участник «банды» — Сергей Пасов.</source><tokens><token id="701056" text="Не"><tfr rev_id="1532915" t="Не"><v><l id="178876" t="не"><g v="PRCL"></g></l></v></tfr></token><token id="701057" text="приехал"><tfr rev_id="1532916" t="приехал"><v><l id="270371" t="приехал"><g v="VERB"></g><g v="perf"></g><g v="intr"></g><g v="masc"></g><g v="sing"></g><g v="past"></g><g v="indc"></g></l></v></tfr></token><token id="701058" text="в"><tfr rev_id="1532917" t="в"><v><l id="37409" t="в"><g v="PREP"></g></l></v></tfr></token><token id="701059" text="Москву"><tfr rev_id="1532918" t="Москву"><v><l id="163901" t="москва"><g v="NOUN"></g><g v="inan"></g><g v="femn"></g><g v="Sgtm"></g><g v="Geox"></g><g v="sing"></g><g v="accs"></g></l></v></tfr></token><token id="701060" text="и"><tfr rev_id="1532919" t="и"><v><l id="116949" t="и"><g v="CONJ"></g></l></v><v><l id="116950" t="и"><g v="INTJ"></g></l></v></tfr></token><token id="701061" text="ещё"><tfr rev_id="1532920" t="ещё"><v><l id="95551" t="ещё"><g v="PRCL"></g></l></v><v><l id="95552" t="ещё"><g v="ADVB"></g></l></v></tfr></token><token id="701062" text="один"><tfr rev_id="4299724" t="один"><v><l id="203319" t="один"><g v="ADJF"></g><g v="Apro"></g><g v="Anum"></g><g v="masc"></g><g v="sing"></g><g v="nomn"></g></l></v><v><l id="203319" t="один"><g v="ADJF"></g><g v="Apro"></g><g v="Anum"></g><g v="inan"></g><g v="masc"></g><g v="sing"></g><g v="accs"></g></l></v></tfr></token><token id="701063" text="участник"><tfr rev_id="1532922" t="участник"><v><l id="363151" t="участник"><g v="NOUN"></g><g v="anim"></g><g v="masc"></g><g v="sing"></g><g v="nomn"></g></l></v></tfr></token><token id="701064" text="«"><tfr rev_id="2447155" t="«"><v><l id="0" t="«"><g v="PNCT"></g></l></v></tfr></token><token id="701065" text="банды"><tfr rev_id="3505397" t="банды"><v><l id="23495" t="банда"><g v="NOUN"></g><g v="inan"></g><g v="femn"></g><g v="sing"></g><g v="gent"></g></l></v></tfr></token><token id="701066" text="»"><tfr rev_id="2447156" t="»"><v><l id="0" t="»"><g v="PNCT"></g></l></v></tfr></token><token id="701067" text="—"><tfr rev_id="2447157" t="—"><v><l id="0" t="—"><g v="PNCT"></g></l></v></tfr></token><token id="701068" text="Сергей"><tfr rev_id="1532927" t="Сергей"><v><l id="319056" t="сергей"><g v="NOUN"></g><g v="anim"></g><g v="masc"></g><g v="Name"></g><g v="sing"></g><g v="nomn"></g></l></v></tfr></token><token id="701069" text="Пасов"><tfr rev_id="4508380" t="Пасов"><v><l id="0" t="Пасов"><g v="UNKN"></g></l></v></tfr></token><token id="701070" text="."><tfr rev_id="1532929" t="."><v><l id="0" t="."><g v="PNCT"></g></l></v></tfr></token></tokens></sentence><sentence id="39351"><source>В далёком 2003-м именно он номинировался на «Грэмми» в составе «Берингова пролива», покорившего Штаты их же оружием — кантри.</source><tokens><token id="701071" text="В"><tfr rev_id="1532930" t="В"><v><l id="37409" t="в"><g v="PREP"></g></l></v></tfr></token><token id="701072" text="далёком"><tfr rev_id="3468672" t="далёком"><v><l id="77924" t="далёкий"><g v="ADJF"></g><g v="Qual"></g><g v="masc"></g><g v="sing"></g><g v="loct"></g></l></v></tfr></token><token id="701073" text="2003-м"><tfr rev_id="1532932" t="2003-м"><v><l id="0" t="2003-м"><g v="UNKN"></g></l></v></tfr></token><token id="701074" text="именно"><tfr rev_id="1532933" t="именно"><v><l id="121584" t="именно"><g v="PRCL"></g></l></v></tfr></token><token id="701075" text="он"><tfr rev_id="3575830" t="он"><v><l id="206541" t="он"><g v="NPRO"></g><g v="masc"></g><g v="3per"></g><g v="Anph"></g><g v="sing"></g><g v="nomn"></g></l></v></tfr></token><token id="701076" text="номинировался"><tfr rev_id="1532935" t="номинировался"><v><l id="0" t="номинировался"><g v="UNKN"></g></l></v></tfr></token><token id="701077" text="на"><tfr rev_id="3341056" t="на"><v><l id="166264" t="на"><g v="PREP"></g></l></v></tfr></token><token id="701078" text="«"><tfr rev_id="2447158" t="«"><v><l id="0" t="«"><g v="PNCT"></g></l></v></tfr></token><token id="701079" text="Грэмми"><tfr rev_id="1532938" t="Грэмми"><v><l id="0" t="грэмми"><g v="UNKN"></g></l></v></tfr></token><token id="701080" text="»"><tfr rev_id="2447159" t="»"><v><l id="0" t="»"><g v="PNCT"></g></l></v></tfr></token><token id="701081" text="в"><tfr rev_id="1532940" t="в"><v><l id="37409" t="в"><g v="PREP"></g></l></v></tfr></token><token id="701082" text="составе"><tfr rev_id="1532941" t="составе"><v><l id="330479" t="состав"><g v="NOUN"></g><g v="inan"></g><g v="masc"></g><g v="sing"></g><g v="loct"></g></l></v></tfr></token><token id="701083" text="«"><tfr rev_id="2447160" t="«"><v><l id="0" t="«"><g v="PNCT"></g></l></v></tfr></token><token id="701084" text="Берингова"><tfr rev_id="4457420" t="Берингова"><v><l id="27961" t="берингов"><g v="ADJF"></g><g v="Poss"></g><g v="masc"></g><g v="sing"></g><g v="gent"></g></l></v><v><l id="27961" t="берингов"><g v="ADJF"></g><g v="Poss"></g><g v="anim"></g><g v="masc"></g><g v="sing"></g><g v="accs"></g></l></v></tfr></token><token id="701085" text="пролива"><tfr rev_id="1532944" t="пролива"><v><l id="281493" t="пролив"><g v="NOUN"></g><g v="inan"></g><g v="masc"></g><g v="sing"></g><g v="gent"></g></l></v></tfr></token><token id="701086" text="»"><tfr rev_id="2447161" t="»"><v><l id="0" t="»"><g v="PNCT"></g></l></v></tfr></token><token id="701087" text=","><tfr rev_id="1532946" t=","><v><l id="0" t=","><g v="PNCT"></g></l></v></tfr></token><token id="701088" text="покорившего"><tfr rev_id="3443261" t="покорившего"><v><l id="254627" t="покоривший"><g v="PRTF"></g><g v="perf"></g><g v="tran"></g><g v="past"></g><g v="actv"></g><g v="masc"></g><g v="sing"></g><g v="gent"></g></l></v><v><l id="254627" t="покоривший"><g v="PRTF"></g><g v="perf"></g><g v="tran"></g><g v="past"></g><g v="actv"></g><g v="anim"></g><g v="masc"></g><g v="sing"></g><g v="accs"></g></l></v></tfr></token><token id="701089" text="Штаты"><tfr rev_id="3716122" t="Штаты"><v><l id="381334" t="штат"><g v="NOUN"></g><g v="inan"></g><g v="masc"></g><g v="plur"></g><g v="accs"></g></l></v></tfr></token><token id="701090" text="их"><tfr rev_id="4514574" t="их"><v><l id="127205" t="их"><g v="ADJF"></g><g v="Fixd"></g><g v="Apro"></g><g v="Anph"></g><g v="neut"></g><g v="sing"></g><g v="nomn"></g></l></v><v><l id="127205" t="их"><g v="ADJF"></g><g v="Fixd"></g><g v="Apro"></g><g v="Anph"></g><g v="neut"></g><g v="sing"></g><g v="gent"></g></l></v><v><l id="127205" t="их"><g v="ADJF"></g><g v="Fixd"></g><g v="Apro"></g><g v="Anph"></g><g v="neut"></g><g v="sing"></g><g v="datv"></g></l></v><v><l id="127205" t="их"><g v="ADJF"></g><g v="Fixd"></g><g v="Apro"></g><g v="Anph"></g><g v="neut"></g><g v="sing"></g><g v="accs"></g></l></v><v><l id="127205" t="их"><g v="ADJF"></g><g v="Fixd"></g><g v="Apro"></g><g v="Anph"></g><g v="neut"></g><g v="sing"></g><g v="ablt"></g></l></v><v><l id="127205" t="их"><g v="ADJF"></g><g v="Fixd"></g><g v="Apro"></g><g v="Anph"></g><g v="neut"></g><g v="sing"></g><g v="loct"></g></l></v></tfr></token><token id="701091" text="же"><tfr rev_id="1532950" t="же"><v><l id="96208" t="же"><g v="CONJ"></g></l></v><v><l id="96209" t="же"><g v="PRCL"></g></l></v></tfr></token><token id="701092" text="оружием"><tfr rev_id="1532951" t="оружием"><v><l id="209361" t="оружие"><g v="NOUN"></g><g v="inan"></g><g v="neut"></g><g v="sing"></g><g v="ablt"></g></l></v></tfr></token><token id="701093" text="—"><tfr rev_id="2447162" t="—"><v><l id="0" t="—"><g v="PNCT"></g></l></v></tfr></token><token id="701094" text="кантри"><tfr rev_id="4162570" t="кантри"><v><l id="129548" t="кантри"><g v="NOUN"></g><g v="inan"></g><g v="masc"></g><g v="Fixd"></g><g v="sing"></g><g v="ablt"></g></l></v></tfr></token><token id="701095" text="."><tfr rev_id="1532954" t="."><v><l id="0" t="."><g v="PNCT"></g></l></v></tfr></token></tokens></sentence><sentence id="39352"><source>Сейчас он играет с Ломакиным на мандолине.</source><tokens><token id="701096" text="Сейчас"><tfr rev_id="1532955" t="Сейчас"><v><l id="317975" t="сейчас"><g v="ADVB"></g></l></v></tfr></token><token id="701097" text="он"><tfr rev_id="3575831" t="он"><v><l id="206541" t="он"><g v="NPRO"></g><g v="masc"></g><g v="3per"></g><g v="Anph"></g><g v="sing"></g><g v="nomn"></g></l></v></tfr></token><token id="701098" text="играет"><tfr rev_id="1532957" t="играет"><v><l id="117311" t="играю"><g v="VERB"></g><g v="impf"></g><g v="tran"></g><g v="sing"></g><g v="3per"></g><g v="pres"></g><g v="indc"></g></l></v></tfr></token><token id="701099" text="с"><tfr rev_id="1532958" t="с"><v><l id="311151" t="с"><g v="PREP"></g></l></v></tfr></token><token id="701100" text="Ломакиным"><tfr rev_id="3469820" t="Ломакиным"><v><l id="150734" t="ломакин"><g v="NOUN"></g><g v="anim"></g><g v="masc"></g><g v="Sgtm"></g><g v="Surn"></g><g v="sing"></g><g v="ablt"></g></l></v></tfr></token><token id="701101" text="на"><tfr rev_id="3341560" t="на"><v><l id="166264" t="на"><g v="PREP"></g></l></v></tfr></token><token id="701102" text="мандолине"><tfr rev_id="3447037" t="мандолине"><v><l id="154641" t="мандолина"><g v="NOUN"></g><g v="inan"></g><g v="femn"></g><g v="sing"></g><g v="loct"></g></l></v></tfr></token><token id="701103" text="."><tfr rev_id="1532962" t="."><v><l id="0" t="."><g v="PNCT"></g></l></v></tfr></token></tokens></sentence><sentence id="39353"><source>В такой каше ассоциаций появляется группа Lomakinband, которая не претендует на какую-то оригинальность или новаторство и именно поэтому становится таковой.</source><tokens><token id="701104" text="В"><tfr rev_id="1532963" t="В"><v><l id="37409" t="в"><g v="PREP"></g></l></v></tfr></token><token id="701105" text="такой"><tfr rev_id="4316843" t="такой"><v><l id="342491" t="такой"><g v="ADJF"></g><g v="Apro"></g><g v="femn"></g><g v="sing"></g><g v="loct"></g></l></v></tfr></token><token id="701106" text="каше"><tfr rev_id="1718652" t="каше"><v><l id="131656" t="каша"><g v="NOUN"></g><g v="inan"></g><g v="femn"></g><g v="sing"></g><g v="loct"></g></l></v></tfr></token><token id="701107" text="ассоциаций"><tfr rev_id="1532966" t="ассоциаций"><v><l id="18836" t="ассоциация"><g v="NOUN"></g><g v="inan"></g><g v="femn"></g><g v="plur"></g><g v="gent"></g></l></v></tfr></token><token id="701108" text="появляется"><tfr rev_id="1532967" t="появляется"><v><l id="265513" t="появляюсь"><g v="VERB"></g><g v="impf"></g><g v="intr"></g><g v="sing"></g><g v="3per"></g><g v="pres"></g><g v="indc"></g></l></v></tfr></token><token id="701109" text="группа"><tfr rev_id="1532968" t="группа"><v><l id="76092" t="группа"><g v="NOUN"></g><g v="inan"></g><g v="femn"></g><g v="sing"></g><g v="nomn"></g></l></v></tfr></token><token id="701110" text="Lomakinband"><tfr rev_id="2475524" t="Lomakinband"><v><l id="0" t="Lomakinband"><g v="LATN"></g></l></v></tfr></token><token id="701111" text=","><tfr rev_id="1532970" t=","><v><l id="0" t=","><g v="PNCT"></g></l></v></tfr></token><token id="701112" text="которая"><tfr rev_id="3639857" t="которая"><v><l id="141203" t="который"><g v="ADJF"></g><g v="Apro"></g><g v="Subx"></g><g v="Anph"></g><g v="femn"></g><g v="sing"></g><g v="nomn"></g></l></v></tfr></token><token id="701113" text="не"><tfr rev_id="1532972" t="не"><v><l id="178876" t="не"><g v="PRCL"></g></l></v></tfr></token><token id="701114" text="претендует"><tfr rev_id="1532973" t="претендует"><v><l id="268412" t="претендую"><g v="VERB"></g><g v="impf"></g><g v="intr"></g><g v="sing"></g><g v="3per"></g><g v="pres"></g><g v="indc"></g></l></v></tfr></token><token id="701115" text="на"><tfr rev_id="3335137" t="на"><v><l id="166264" t="на"><g v="PREP"></g></l></v></tfr></token><token id="701116" text="какую-то"><tfr rev_id="1532975" t="какую-то"><v><l id="128227" t="какой-то"><g v="ADJF"></g><g v="Apro"></g><g v="femn"></g><g v="sing"></g><g v="accs"></g></l></v></tfr></token><token id="701117" text="оригинальность"><tfr rev_id="4211037" t="оригинальность"><v><l id="209028" t="оригинальность"><g v="NOUN"></g><g v="inan"></g><g v="femn"></g><g v="sing"></g><g v="accs"></g></l></v></tfr></token><token id="701118" text="или"><tfr rev_id="3787374" t="или"><v><l id="121146" t="или"><g v="CONJ"></g></l></v></tfr></token><token id="701119" text="новаторство"><tfr rev_id="1532978" t="новаторство"><v><l id="191446" t="новаторство"><g v="NOUN"></g><g v="inan"></g><g v="neut"></g><g v="sing"></g><g v="nomn"></g></l></v><v><l id="191446" t="новаторство"><g v="NOUN"></g><g v="inan"></g><g v="neut"></g><g v="sing"></g><g v="accs"></g></l></v></tfr></token><token id="701120" text="и"><tfr rev_id="1532979" t="и"><v><l id="116949" t="и"><g v="CONJ"></g></l></v><v><l id="116950" t="и"><g v="INTJ"></g></l></v></tfr></token><token id="701121" text="именно"><tfr rev_id="1532980" t="именно"><v><l id="121584" t="именно"><g v="PRCL"></g></l></v></tfr></token><token id="701122" text="поэтому"><tfr rev_id="1532981" t="поэтому"><v><l id="265490" t="поэтому"><g v="ADVB"></g></l></v></tfr></token><token id="701123" text="становится"><tfr rev_id="1532982" t="становится"><v><l id="334671" t="становлюсь"><g v="VERB"></g><g v="impf"></g><g v="intr"></g><g v="sing"></g><g v="3per"></g><g v="pres"></g><g v="indc"></g></l></v></tfr></token><token id="701124" text="таковой"><tfr rev_id="4316951" t="таковой"><v><l id="342486" t="таковой"><g v="ADJF"></g><g v="Apro"></g><g v="femn"></g><g v="sing"></g><g v="ablt"></g></l></v></tfr></token><token id="701125" text="."><tfr rev_id="1532984" t="."><v><l id="0" t="."><g v="PNCT"></g></l></v></tfr></token></tokens></sentence><sentence id="39354"><source>Послушать несколько композиций группы можно здесь.</source><tokens><token id="701126" text="Послушать"><tfr rev_id="1532985" t="Послушать"><v><l id="261699" t="послушать"><g v="INFN"></g><g v="perf"></g><g v="tran"></g></l></v></tfr></token><token id="701127" text="несколько"><tfr rev_id="4170603" t="несколько"><v><l id="188126" t="несколько"><g v="NUMR"></g><g v="nomn"></g></l></v><v><l id="188126" t="несколько"><g v="NUMR"></g><g v="inan"></g><g v="accs"></g></l></v></tfr></token><token id="701128" text="композиций"><tfr rev_id="1532987" t="композиций"><v><l id="137305" t="композиция"><g v="NOUN"></g><g v="inan"></g><g v="femn"></g><g v="plur"></g><g v="gent"></g></l></v></tfr></token><token id="701129" text="группы"><tfr rev_id="3482151" t="группы"><v><l id="76092" t="группа"><g v="NOUN"></g><g v="inan"></g><g v="femn"></g><g v="sing"></g><g v="gent"></g></l></v></tfr></token><token id="701130" text="можно"><tfr rev_id="1532989" t="можно"><v><l id="162467" t="можно"><g v="PRED"></g><g v="pres"></g></l></v></tfr></token><token id="701131" text="здесь"><tfr rev_id="1532990" t="здесь"><v><l id="114703" t="здесь"><g v="ADVB"></g><g v="Prdx"></g></l></v></tfr></token><token id="701132" text="."><tfr rev_id="1532991" t="."><v><l id="0" t="."><g v="PNCT"></g></l></v></tfr></token></tokens></sentence></paragraph></paragraphs></text>