<?xml version="1.0" encoding="utf-8"?><text id="1408" parent="602" name="00111429 еще про википедию"><tags><tag>url:http://l-i-d-y-a.livejournal.com/111429.html</tag><tag>ЖЖ:Заголовок:еще про википедию</tag><tag>ЖЖ:Метка:work</tag><tag>Год:2009</tag><tag>Дата:09/12</tag></tags><paragraphs><paragraph id="12780"><sentence id="39736"><source>еще про википедию</source><tokens><token id="706694" text="еще"><tfr rev_id="1538551" t="еще"><v><l id="95551" t="ещё"><g v="PRCL"></g></l></v><v><l id="95552" t="ещё"><g v="ADVB"></g></l></v></tfr></token><token id="706695" text="про"><tfr rev_id="1538552" t="про"><v><l id="277024" t="про"><g v="PREP"></g></l></v></tfr></token><token id="706696" text="википедию"><tfr rev_id="3442124" t="википедию"><v><l id="388684" t="википедия"><g v="NOUN"></g><g v="inan"></g><g v="femn"></g><g v="sing"></g><g v="accs"></g></l></v></tfr></token></tokens></sentence></paragraph><paragraph id="12781"><sentence id="39737"><source>Очередная статья из Википедии, которая произвела на меня глубокое впечатление:</source><tokens><token id="706697" text="Очередная"><tfr rev_id="1538554" t="Очередная"><v><l id="221690" t="очередной"><g v="ADJF"></g><g v="femn"></g><g v="sing"></g><g v="nomn"></g></l></v></tfr></token><token id="706698" text="статья"><tfr rev_id="1538555" t="статья"><v><l id="335173" t="статья"><g v="NOUN"></g><g v="inan"></g><g v="femn"></g><g v="sing"></g><g v="nomn"></g></l></v></tfr></token><token id="706699" text="из"><tfr rev_id="1671258" t="из"><v><l id="117677" t="из"><g v="PREP"></g></l></v></tfr></token><token id="706700" text="Википедии"><tfr rev_id="4291587" t="Википедии"><v><l id="388684" t="википедия"><g v="NOUN"></g><g v="inan"></g><g v="femn"></g><g v="sing"></g><g v="gent"></g></l></v></tfr></token><token id="706701" text=","><tfr rev_id="1538558" t=","><v><l id="0" t=","><g v="PNCT"></g></l></v></tfr></token><token id="706702" text="которая"><tfr rev_id="3639862" t="которая"><v><l id="141203" t="который"><g v="ADJF"></g><g v="Apro"></g><g v="Subx"></g><g v="Anph"></g><g v="femn"></g><g v="sing"></g><g v="nomn"></g></l></v></tfr></token><token id="706703" text="произвела"><tfr rev_id="1538560" t="произвела"><v><l id="280085" t="произвёл"><g v="VERB"></g><g v="perf"></g><g v="tran"></g><g v="femn"></g><g v="sing"></g><g v="past"></g><g v="indc"></g></l></v></tfr></token><token id="706704" text="на"><tfr rev_id="3337378" t="на"><v><l id="166264" t="на"><g v="PREP"></g></l></v></tfr></token><token id="706705" text="меня"><tfr rev_id="2780424" t="меня"><v><l id="387317" t="я"><g v="NPRO"></g><g v="1per"></g><g v="sing"></g><g v="accs"></g></l></v></tfr></token><token id="706706" text="глубокое"><tfr rev_id="1538563" t="глубокое"><v><l id="71442" t="глубокий"><g v="ADJF"></g><g v="Qual"></g><g v="neut"></g><g v="sing"></g><g v="nomn"></g></l></v><v><l id="71442" t="глубокий"><g v="ADJF"></g><g v="Qual"></g><g v="neut"></g><g v="sing"></g><g v="accs"></g></l></v></tfr></token><token id="706707" text="впечатление"><tfr rev_id="1538564" t="впечатление"><v><l id="52404" t="впечатление"><g v="NOUN"></g><g v="inan"></g><g v="neut"></g><g v="sing"></g><g v="nomn"></g></l></v><v><l id="52404" t="впечатление"><g v="NOUN"></g><g v="inan"></g><g v="neut"></g><g v="sing"></g><g v="accs"></g></l></v></tfr></token><token id="706708" text=":"><tfr rev_id="1538565" t=":"><v><l id="0" t=":"><g v="PNCT"></g></l></v></tfr></token></tokens></sentence><sentence id="39738"><source>Трёхлитровая банка — стеклотара, которая может содержать три литра жидкости.</source><tokens><token id="706709" text="Трёхлитровая"><tfr rev_id="4429389" t="Трёхлитровая"><v><l id="390629" t="трёхлитровый"><g v="ADJF"></g><g v="femn"></g><g v="sing"></g><g v="nomn"></g></l></v></tfr></token><token id="706710" text="банка"><tfr rev_id="3948338" t="банка"><v><l id="23570" t="банка"><g v="NOUN"></g><g v="inan"></g><g v="femn"></g><g v="sing"></g><g v="nomn"></g></l></v></tfr></token><token id="706711" text="—"><tfr rev_id="2447476" t="—"><v><l id="0" t="—"><g v="PNCT"></g></l></v></tfr></token><token id="706712" text="стеклотара"><tfr rev_id="1538569" t="стеклотара"><v><l id="335592" t="стеклотара"><g v="NOUN"></g><g v="inan"></g><g v="femn"></g><g v="sing"></g><g v="nomn"></g></l></v></tfr></token><token id="706713" text=","><tfr rev_id="1538570" t=","><v><l id="0" t=","><g v="PNCT"></g></l></v></tfr></token><token id="706714" text="которая"><tfr rev_id="3639863" t="которая"><v><l id="141203" t="который"><g v="ADJF"></g><g v="Apro"></g><g v="Subx"></g><g v="Anph"></g><g v="femn"></g><g v="sing"></g><g v="nomn"></g></l></v></tfr></token><token id="706715" text="может"><tfr rev_id="4233020" t="может"><v><l id="164485" t="могу"><g v="VERB"></g><g v="impf"></g><g v="intr"></g><g v="sing"></g><g v="3per"></g><g v="pres"></g><g v="indc"></g></l></v></tfr></token><token id="706716" text="содержать"><tfr rev_id="1538573" t="содержать"><v><l id="328413" t="содержать"><g v="INFN"></g><g v="impf"></g><g v="tran"></g></l></v></tfr></token><token id="706717" text="три"><tfr rev_id="2635390" t="три"><v><l id="349973" t="три"><g v="NUMR"></g><g v="nomn"></g></l></v><v><l id="349973" t="три"><g v="NUMR"></g><g v="inan"></g><g v="accs"></g></l></v></tfr></token><token id="706718" text="литра"><tfr rev_id="1538575" t="литра"><v><l id="149973" t="литр"><g v="NOUN"></g><g v="inan"></g><g v="masc"></g><g v="sing"></g><g v="gent"></g></l></v></tfr></token><token id="706719" text="жидкости"><tfr rev_id="3764686" t="жидкости"><v><l id="97242" t="жидкость"><g v="NOUN"></g><g v="inan"></g><g v="femn"></g><g v="sing"></g><g v="gent"></g></l></v></tfr></token><token id="706720" text="."><tfr rev_id="1538577" t="."><v><l id="0" t="."><g v="PNCT"></g></l></v></tfr></token></tokens></sentence></paragraph><paragraph id="12782"><sentence id="39739"><source>Обсуждение статьи:</source><tokens><token id="706721" text="Обсуждение"><tfr rev_id="3708046" t="Обсуждение"><v><l id="200180" t="обсуждение"><g v="NOUN"></g><g v="inan"></g><g v="neut"></g><g v="sing"></g><g v="nomn"></g></l></v></tfr></token><token id="706722" text="статьи"><tfr rev_id="3482244" t="статьи"><v><l id="335173" t="статья"><g v="NOUN"></g><g v="inan"></g><g v="femn"></g><g v="sing"></g><g v="gent"></g></l></v></tfr></token><token id="706723" text=":"><tfr rev_id="1538580" t=":"><v><l id="0" t=":"><g v="PNCT"></g></l></v></tfr></token></tokens></sentence><sentence id="39740"><source>- Вообще-то почти все женщины могут просунуть руку в банку и достать до дна.</source><tokens><token id="706724" text="-"><tfr rev_id="1538581" t="-"><v><l id="0" t="-"><g v="PNCT"></g></l></v></tfr></token><token id="706725" text="Вообще-то"><tfr rev_id="4084444" t="Вообще-то"><v><l id="50734" t="вообще-то"><g v="CONJ"></g><g v="Prnt"></g></l></v></tfr></token><token id="706726" text="почти"><tfr rev_id="2691521" t="почти"><v><l id="264793" t="почёл"><g v="VERB"></g><g v="perf"></g><g v="tran"></g><g v="sing"></g><g v="impr"></g><g v="excl"></g></l></v><v><l id="265002" t="почти"><g v="ADVB"></g></l></v><v><l id="265008" t="почтил"><g v="VERB"></g><g v="perf"></g><g v="tran"></g><g v="sing"></g><g v="impr"></g><g v="excl"></g></l></v><v><l id="388672" t="почти"><g v="PRCL"></g></l></v></tfr></token><token id="706727" text="все"><tfr rev_id="4538559" t="все"><v><l id="42156" t="весь"><g v="ADJF"></g><g v="Subx"></g><g v="Apro"></g><g v="inan"></g><g v="plur"></g><g v="accs"></g></l></v><v><l id="42156" t="весь"><g v="ADJF"></g><g v="Subx"></g><g v="Apro"></g><g v="plur"></g><g v="nomn"></g></l></v></tfr></token><token id="706728" text="женщины"><tfr rev_id="3469976" t="женщины"><v><l id="96749" t="женщина"><g v="NOUN"></g><g v="anim"></g><g v="femn"></g><g v="plur"></g><g v="nomn"></g></l></v></tfr></token><token id="706729" text="могут"><tfr rev_id="1538586" t="могут"><v><l id="164485" t="могу"><g v="VERB"></g><g v="impf"></g><g v="intr"></g><g v="plur"></g><g v="3per"></g><g v="pres"></g><g v="indc"></g></l></v></tfr></token><token id="706730" text="просунуть"><tfr rev_id="1538587" t="просунуть"><v><l id="285354" t="просунуть"><g v="INFN"></g><g v="perf"></g><g v="tran"></g></l></v></tfr></token><token id="706731" text="руку"><tfr rev_id="1538588" t="руку"><v><l id="309953" t="рука"><g v="NOUN"></g><g v="inan"></g><g v="femn"></g><g v="sing"></g><g v="accs"></g></l></v></tfr></token><token id="706732" text="в"><tfr rev_id="1538589" t="в"><v><l id="37409" t="в"><g v="PREP"></g></l></v></tfr></token><token id="706733" text="банку"><tfr rev_id="4179686" t="банку"><v><l id="23570" t="банка"><g v="NOUN"></g><g v="inan"></g><g v="femn"></g><g v="sing"></g><g v="accs"></g></l></v></tfr></token><token id="706734" text="и"><tfr rev_id="4106748" t="и"><v><l id="116949" t="и"><g v="CONJ"></g></l></v></tfr></token><token id="706735" text="достать"><tfr rev_id="1538592" t="достать"><v><l id="90483" t="достать"><g v="INFN"></g><g v="perf"></g><g v="tran"></g></l></v></tfr></token><token id="706736" text="до"><tfr rev_id="1538593" t="до"><v><l id="85153" t="до"><g v="PREP"></g></l></v></tfr></token><token id="706737" text="дна"><tfr rev_id="1538594" t="дна"><v><l id="85138" t="дно"><g v="NOUN"></g><g v="inan"></g><g v="neut"></g><g v="sing"></g><g v="gent"></g></l></v></tfr></token><token id="706738" text="."><tfr rev_id="1538595" t="."><v><l id="0" t="."><g v="PNCT"></g></l></v></tfr></token></tokens></sentence><sentence id="39741"><source>Видимо, банка под женщину"заточена".</source><tokens><token id="706739" text="Видимо"><tfr rev_id="1538596" t="Видимо"><v><l id="44570" t="видим"><g v="PRTS"></g><g v="impf"></g><g v="pres"></g><g v="pssv"></g><g v="neut"></g><g v="sing"></g></l></v><v><l id="44584" t="видимо"><g v="ADVB"></g></l></v><v><l id="44585" t="видимо"><g v="CONJ"></g><g v="Prnt"></g></l></v><v><l id="44589" t="видим"><g v="ADJS"></g><g v="Qual"></g><g v="neut"></g><g v="sing"></g></l></v></tfr></token><token id="706740" text=","><tfr rev_id="1538597" t=","><v><l id="0" t=","><g v="PNCT"></g></l></v></tfr></token><token id="706741" text="банка"><tfr rev_id="4076938" t="банка"><v><l id="23570" t="банка"><g v="NOUN"></g><g v="inan"></g><g v="femn"></g><g v="sing"></g><g v="nomn"></g></l></v></tfr></token><token id="706742" text="под"><tfr rev_id="2603132" t="под"><v><l id="243755" t="под"><g v="PREP"></g></l></v></tfr></token><token id="706743" text="женщину"><tfr rev_id="1538600" t="женщину"><v><l id="96749" t="женщина"><g v="NOUN"></g><g v="anim"></g><g v="femn"></g><g v="sing"></g><g v="accs"></g></l></v></tfr></token><token id="706744" text="&quot;"><tfr rev_id="1538601" t="&quot;"><v><l id="0" t="&quot;"><g v="PNCT"></g></l></v></tfr></token><token id="706745" text="заточена"><tfr rev_id="1538602" t="заточена"><v><l id="111822" t="заточён"><g v="PRTS"></g><g v="perf"></g><g v="past"></g><g v="pssv"></g><g v="femn"></g><g v="sing"></g></l></v></tfr></token><token id="706746" text="&quot;"><tfr rev_id="1538603" t="&quot;"><v><l id="0" t="&quot;"><g v="PNCT"></g></l></v></tfr></token><token id="706747" text="."><tfr rev_id="1538604" t="."><v><l id="0" t="."><g v="PNCT"></g></l></v></tfr></token></tokens></sentence><sentence id="39742"><source>Чтобы женщины мужчин не напрягали на помывку бутыльков...</source><tokens><token id="706748" text="Чтобы"><tfr rev_id="1538605" t="Чтобы"><v><l id="377013" t="чтобы"><g v="CONJ"></g></l></v><v><l id="377014" t="чтобы"><g v="PRCL"></g></l></v></tfr></token><token id="706749" text="женщины"><tfr rev_id="3466891" t="женщины"><v><l id="96749" t="женщина"><g v="NOUN"></g><g v="anim"></g><g v="femn"></g><g v="plur"></g><g v="nomn"></g></l></v></tfr></token><token id="706750" text="мужчин"><tfr rev_id="3502309" t="мужчин"><v><l id="164766" t="мужчина"><g v="NOUN"></g><g v="anim"></g><g v="masc"></g><g v="plur"></g><g v="accs"></g></l></v></tfr></token><token id="706751" text="не"><tfr rev_id="1538608" t="не"><v><l id="178876" t="не"><g v="PRCL"></g></l></v></tfr></token><token id="706752" text="напрягали"><tfr rev_id="1538609" t="напрягали"><v><l id="174165" t="напрягаю"><g v="VERB"></g><g v="impf"></g><g v="tran"></g><g v="plur"></g><g v="past"></g><g v="indc"></g></l></v></tfr></token><token id="706753" text="на"><tfr rev_id="3343759" t="на"><v><l id="166264" t="на"><g v="PREP"></g></l></v></tfr></token><token id="706754" text="помывку"><tfr rev_id="1538611" t="помывку"><v><l id="258095" t="помывка"><g v="NOUN"></g><g v="inan"></g><g v="femn"></g><g v="sing"></g><g v="accs"></g></l></v></tfr></token><token id="706755" text="бутыльков"><tfr rev_id="1538612" t="бутыльков"><v><l id="0" t="бутыльков"><g v="UNKN"></g></l></v></tfr></token><token id="706756" text="..."><tfr rev_id="1538613" t="..."><v><l id="0" t="..."><g v="PNCT"></g></l></v></tfr></token></tokens></sentence><sentence id="39743"><source>Мужики конструировали, стопудово.</source><tokens><token id="706757" text="Мужики"><tfr rev_id="1538614" t="Мужики"><v><l id="164746" t="мужик"><g v="NOUN"></g><g v="anim"></g><g v="masc"></g><g v="plur"></g><g v="nomn"></g></l></v></tfr></token><token id="706758" text="конструировали"><tfr rev_id="1538615" t="конструировали"><v><l id="138246" t="конструирую"><g v="VERB"></g><g v="impf"></g><g v="tran"></g><g v="plur"></g><g v="past"></g><g v="indc"></g></l></v></tfr></token><token id="706759" text=","><tfr rev_id="1538616" t=","><v><l id="0" t=","><g v="PNCT"></g></l></v></tfr></token><token id="706760" text="стопудово"><tfr rev_id="1538617" t="стопудово"><v><l id="336802" t="стопудов"><g v="ADJS"></g><g v="Qual"></g><g v="neut"></g><g v="sing"></g></l></v></tfr></token><token id="706761" text="."><tfr rev_id="1538618" t="."><v><l id="0" t="."><g v="PNCT"></g></l></v></tfr></token></tokens></sentence><sentence id="39744"><source>--92.113.15.171 18:10, 12 июля 2008 (UTC)</source><tokens><token id="706762" text="-"><tfr rev_id="1538619" t="-"><v><l id="0" t="-"><g v="PNCT"></g></l></v></tfr></token><token id="706763" text="-"><tfr rev_id="1538620" t="-"><v><l id="0" t="-"><g v="PNCT"></g></l></v></tfr></token><token id="706764" text="92.113.15.171"><tfr rev_id="1538621" t="92.113.15.171"><v><l id="0" t="92.113.15.171"><g v="UNKN"></g></l></v></tfr></token><token id="706765" text="18:10"><tfr rev_id="4567437" t="18:10"><v><l id="0" t="18:10"><g v="TIME"></g></l></v></tfr></token><token id="706766" text=","><tfr rev_id="1538623" t=","><v><l id="0" t=","><g v="PNCT"></g></l></v></tfr></token><token id="706767" text="12"><tfr rev_id="2462956" t="12"><v><l id="0" t="12"><g v="NUMB"></g></l></v></tfr></token><token id="706768" text="июля"><tfr rev_id="1538625" t="июля"><v><l id="127299" t="июль"><g v="NOUN"></g><g v="inan"></g><g v="masc"></g><g v="sing"></g><g v="gent"></g></l></v></tfr></token><token id="706769" text="2008"><tfr rev_id="2462957" t="2008"><v><l id="0" t="2008"><g v="NUMB"></g></l></v></tfr></token><token id="706770" text="("><tfr rev_id="1538627" t="("><v><l id="0" t="("><g v="PNCT"></g></l></v></tfr></token><token id="706771" text="UTC"><tfr rev_id="2475551" t="UTC"><v><l id="0" t="UTC"><g v="LATN"></g></l></v></tfr></token><token id="706772" text=")"><tfr rev_id="1538629" t=")"><v><l id="0" t=")"><g v="PNCT"></g></l></v></tfr></token></tokens></sentence><sentence id="39745"><source>- Возможно я ошибаюсь, но вроде Макаров (который создал ПМ) сделал по просьбе жены крышку для банки возможно он же и сделал унифицированную банку?</source><tokens><token id="706773" text="-"><tfr rev_id="1538630" t="-"><v><l id="0" t="-"><g v="PNCT"></g></l></v></tfr></token><token id="706774" text="Возможно"><tfr rev_id="1538631" t="Возможно"><v><l id="49408" t="возможно"><g v="ADVB"></g><g v="Prdx"></g></l></v><v><l id="49409" t="возможно"><g v="CONJ"></g><g v="Prnt"></g></l></v><v><l id="49413" t="возможен"><g v="ADJS"></g><g v="Qual"></g><g v="neut"></g><g v="sing"></g></l></v></tfr></token><token id="706775" text="я"><tfr rev_id="1538632" t="я"><v><l id="387317" t="я"><g v="NPRO"></g><g v="1per"></g><g v="sing"></g><g v="nomn"></g></l></v></tfr></token><token id="706776" text="ошибаюсь"><tfr rev_id="1538633" t="ошибаюсь"><v><l id="222045" t="ошибаюсь"><g v="VERB"></g><g v="impf"></g><g v="intr"></g><g v="sing"></g><g v="1per"></g><g v="pres"></g><g v="indc"></g></l></v></tfr></token><token id="706777" text=","><tfr rev_id="1538634" t=","><v><l id="0" t=","><g v="PNCT"></g></l></v></tfr></token><token id="706778" text="но"><tfr rev_id="1538635" t="но"><v><l id="191429" t="но"><g v="CONJ"></g></l></v><v><l id="191430" t="но"><g v="INTJ"></g></l></v></tfr></token><token id="706779" text="вроде"><tfr rev_id="1538636" t="вроде"><v><l id="53158" t="вроде"><g v="PREP"></g></l></v><v><l id="53159" t="вроде"><g v="PRCL"></g></l></v></tfr></token><token id="706780" text="Макаров"><tfr rev_id="3457717" t="Макаров"><v><l id="153270" t="макаров"><g v="NOUN"></g><g v="anim"></g><g v="masc"></g><g v="Sgtm"></g><g v="Surn"></g><g v="sing"></g><g v="nomn"></g></l></v></tfr></token><token id="706781" text="("><tfr rev_id="1538638" t="("><v><l id="0" t="("><g v="PNCT"></g></l></v></tfr></token><token id="706782" text="который"><tfr rev_id="3637496" t="который"><v><l id="141203" t="который"><g v="ADJF"></g><g v="Apro"></g><g v="Subx"></g><g v="Anph"></g><g v="masc"></g><g v="sing"></g><g v="nomn"></g></l></v><v><l id="141203" t="который"><g v="ADJF"></g><g v="Apro"></g><g v="Subx"></g><g v="Anph"></g><g v="inan"></g><g v="masc"></g><g v="sing"></g><g v="accs"></g></l></v></tfr></token><token id="706783" text="создал"><tfr rev_id="1538640" t="создал"><v><l id="328585" t="создал"><g v="VERB"></g><g v="perf"></g><g v="tran"></g><g v="masc"></g><g v="sing"></g><g v="past"></g><g v="indc"></g></l></v></tfr></token><token id="706784" text="ПМ"><tfr rev_id="1538641" t="ПМ"><v><l id="0" t="пм"><g v="UNKN"></g></l></v></tfr></token><token id="706785" text=")"><tfr rev_id="1538642" t=")"><v><l id="0" t=")"><g v="PNCT"></g></l></v></tfr></token><token id="706786" text="сделал"><tfr rev_id="1538643" t="сделал"><v><l id="317246" t="сделал"><g v="VERB"></g><g v="perf"></g><g v="tran"></g><g v="masc"></g><g v="sing"></g><g v="past"></g><g v="indc"></g></l></v></tfr></token><token id="706787" text="по"><tfr rev_id="1538644" t="по"><v><l id="241240" t="по"><g v="PREP"></g></l></v></tfr></token><token id="706788" text="просьбе"><tfr rev_id="1718688" t="просьбе"><v><l id="285462" t="просьба"><g v="NOUN"></g><g v="inan"></g><g v="femn"></g><g v="sing"></g><g v="datv"></g></l></v></tfr></token><token id="706789" text="жены"><tfr rev_id="3501077" t="жены"><v><l id="96662" t="жена"><g v="NOUN"></g><g v="anim"></g><g v="femn"></g><g v="sing"></g><g v="gent"></g></l></v></tfr></token><token id="706790" text="крышку"><tfr rev_id="1538647" t="крышку"><v><l id="144005" t="крышка"><g v="NOUN"></g><g v="inan"></g><g v="femn"></g><g v="sing"></g><g v="accs"></g></l></v></tfr></token><token id="706791" text="для"><tfr rev_id="3391789" t="для"><v><l id="85032" t="для"><g v="PREP"></g></l></v></tfr></token><token id="706792" text="банки"><tfr rev_id="2761289" t="банки"><v><l id="23570" t="банка"><g v="NOUN"></g><g v="inan"></g><g v="femn"></g><g v="sing"></g><g v="gent"></g></l></v></tfr></token><token id="706793" text="возможно"><tfr rev_id="1538650" t="возможно"><v><l id="49408" t="возможно"><g v="ADVB"></g><g v="Prdx"></g></l></v><v><l id="49409" t="возможно"><g v="CONJ"></g><g v="Prnt"></g></l></v><v><l id="49413" t="возможен"><g v="ADJS"></g><g v="Qual"></g><g v="neut"></g><g v="sing"></g></l></v></tfr></token><token id="706794" text="он"><tfr rev_id="3575879" t="он"><v><l id="206541" t="он"><g v="NPRO"></g><g v="masc"></g><g v="3per"></g><g v="Anph"></g><g v="sing"></g><g v="nomn"></g></l></v></tfr></token><token id="706795" text="же"><tfr rev_id="1538652" t="же"><v><l id="96208" t="же"><g v="CONJ"></g></l></v><v><l id="96209" t="же"><g v="PRCL"></g></l></v></tfr></token><token id="706796" text="и"><tfr rev_id="1538653" t="и"><v><l id="116949" t="и"><g v="CONJ"></g></l></v><v><l id="116950" t="и"><g v="INTJ"></g></l></v></tfr></token><token id="706797" text="сделал"><tfr rev_id="1538654" t="сделал"><v><l id="317246" t="сделал"><g v="VERB"></g><g v="perf"></g><g v="tran"></g><g v="masc"></g><g v="sing"></g><g v="past"></g><g v="indc"></g></l></v></tfr></token><token id="706798" text="унифицированную"><tfr rev_id="1538655" t="унифицированную"><v><l id="358384" t="унифицированный"><g v="ADJF"></g><g v="femn"></g><g v="sing"></g><g v="accs"></g></l></v><v><l id="358394" t="унифицированный"><g v="PRTF"></g><g v="perf"></g><g v="tran"></g><g v="past"></g><g v="pssv"></g><g v="femn"></g><g v="sing"></g><g v="accs"></g></l></v><v><l id="358395" t="унифицированный"><g v="PRTF"></g><g v="impf"></g><g v="tran"></g><g v="past"></g><g v="pssv"></g><g v="femn"></g><g v="sing"></g><g v="accs"></g></l></v></tfr></token><token id="706799" text="банку"><tfr rev_id="4281912" t="банку"><v><l id="23570" t="банка"><g v="NOUN"></g><g v="inan"></g><g v="femn"></g><g v="sing"></g><g v="accs"></g></l></v></tfr></token><token id="706800" text="?"><tfr rev_id="1538657" t="?"><v><l id="0" t="?"><g v="PNCT"></g></l></v></tfr></token></tokens></sentence><sentence id="39746"><source>Олег 16:43, 3 мая 2009 (UTC)</source><tokens><token id="706801" text="Олег"><tfr rev_id="1538658" t="Олег"><v><l id="205971" t="олег"><g v="NOUN"></g><g v="anim"></g><g v="masc"></g><g v="Name"></g><g v="sing"></g><g v="nomn"></g></l></v></tfr></token><token id="706802" text="16:43"><tfr rev_id="4567436" t="16:43"><v><l id="0" t="16:43"><g v="TIME"></g></l></v></tfr></token><token id="706803" text=","><tfr rev_id="1538660" t=","><v><l id="0" t=","><g v="PNCT"></g></l></v></tfr></token><token id="706804" text="3"><tfr rev_id="2462959" t="3"><v><l id="0" t="3"><g v="NUMB"></g></l></v></tfr></token><token id="706805" text="мая"><tfr rev_id="4175786" t="мая"><v><l id="153142" t="май"><g v="NOUN"></g><g v="inan"></g><g v="masc"></g><g v="Sgtm"></g><g v="sing"></g><g v="gent"></g></l></v></tfr></token><token id="706806" text="2009"><tfr rev_id="2462960" t="2009"><v><l id="0" t="2009"><g v="NUMB"></g></l></v></tfr></token><token id="706807" text="("><tfr rev_id="1538664" t="("><v><l id="0" t="("><g v="PNCT"></g></l></v></tfr></token><token id="706808" text="UTC"><tfr rev_id="2475552" t="UTC"><v><l id="0" t="UTC"><g v="LATN"></g></l></v></tfr></token><token id="706809" text=")"><tfr rev_id="1538666" t=")"><v><l id="0" t=")"><g v="PNCT"></g></l></v></tfr></token></tokens></sentence><sentence id="39747"><source>- ребят а где можно такие банки купить????</source><tokens><token id="706810" text="-"><tfr rev_id="1538667" t="-"><v><l id="0" t="-"><g v="PNCT"></g></l></v></tfr></token><token id="706811" text="ребят"><tfr rev_id="3752487" t="ребят"><v><l id="304515" t="ребята"><g v="NOUN"></g><g v="anim"></g><g v="GNdr"></g><g v="Pltm"></g><g v="plur"></g><g v="voct"></g></l></v></tfr></token><token id="706812" text="а"><tfr rev_id="1538669" t="а"><v><l id="51" t="а"><g v="CONJ"></g></l></v><v><l id="52" t="а"><g v="INTJ"></g></l></v><v><l id="53" t="а"><g v="PRCL"></g></l></v></tfr></token><token id="706813" text="где"><tfr rev_id="2636528" t="где"><v><l id="67984" t="где"><g v="ADVB"></g><g v="Ques"></g></l></v><v><l id="388669" t="где"><g v="CONJ"></g></l></v></tfr></token><token id="706814" text="можно"><tfr rev_id="1538671" t="можно"><v><l id="162467" t="можно"><g v="PRED"></g><g v="pres"></g></l></v></tfr></token><token id="706815" text="такие"><tfr rev_id="3765510" t="такие"><v><l id="342491" t="такой"><g v="ADJF"></g><g v="Apro"></g><g v="inan"></g><g v="plur"></g><g v="accs"></g></l></v></tfr></token><token id="706816" text="банки"><tfr rev_id="4083626" t="банки"><v><l id="23570" t="банка"><g v="NOUN"></g><g v="inan"></g><g v="femn"></g><g v="plur"></g><g v="accs"></g></l></v></tfr></token><token id="706817" text="купить"><tfr rev_id="1538674" t="купить"><v><l id="145084" t="купить"><g v="INFN"></g><g v="perf"></g><g v="tran"></g></l></v></tfr></token><token id="706818" text="????"><tfr rev_id="1538675" t="????"><v><l id="0" t="????"><g v="PNCT"></g></l></v></tfr></token></tokens></sentence><sentence id="39748"><source>помогите пожалуйста!!!</source><tokens><token id="706819" text="помогите"><tfr rev_id="1538676" t="помогите"><v><l id="257948" t="помог"><g v="VERB"></g><g v="perf"></g><g v="intr"></g><g v="plur"></g><g v="impr"></g><g v="excl"></g></l></v></tfr></token><token id="706820" text="пожалуйста"><tfr rev_id="1538677" t="пожалуйста"><v><l id="253034" t="пожалуйста"><g v="PRCL"></g></l></v><v><l id="253035" t="пожалуйста"><g v="INTJ"></g></l></v></tfr></token><token id="706821" text="!!!"><tfr rev_id="1538678" t="!!!"><v><l id="0" t="!!!"><g v="PNCT"></g></l></v></tfr></token></tokens></sentence><sentence id="39749"><source>неужели больше не продаются?</source><tokens><token id="706822" text="неужели"><tfr rev_id="1538679" t="неужели"><v><l id="189250" t="неужели"><g v="PRCL"></g></l></v><v><l id="189251" t="неужели"><g v="INTJ"></g></l></v></tfr></token><token id="706823" text="больше"><tfr rev_id="2558530" t="больше"><v><l id="32325" t="больше"><g v="ADVB"></g></l></v><v><l id="32447" t="больше"><g v="COMP"></g><g v="Qual"></g></l></v></tfr></token><token id="706824" text="не"><tfr rev_id="1538681" t="не"><v><l id="178876" t="не"><g v="PRCL"></g></l></v></tfr></token><token id="706825" text="продаются"><tfr rev_id="1538682" t="продаются"><v><l id="278918" t="продаюсь"><g v="VERB"></g><g v="impf"></g><g v="intr"></g><g v="plur"></g><g v="3per"></g><g v="pres"></g><g v="indc"></g></l></v></tfr></token><token id="706826" text="?"><tfr rev_id="1538683" t="?"><v><l id="0" t="?"><g v="PNCT"></g></l></v></tfr></token></tokens></sentence><sentence id="39750"><source>62.148.12.2 12:30, 12 мая 2009 (UTC)петр</source><tokens><token id="706827" text="62.148.12.2"><tfr rev_id="1538684" t="62.148.12.2"><v><l id="0" t="62.148.12.2"><g v="UNKN"></g></l></v></tfr></token><token id="706828" text="12:30"><tfr rev_id="4567435" t="12:30"><v><l id="0" t="12:30"><g v="TIME"></g></l></v></tfr></token><token id="706829" text=","><tfr rev_id="1538686" t=","><v><l id="0" t=","><g v="PNCT"></g></l></v></tfr></token><token id="706830" text="12"><tfr rev_id="2462962" t="12"><v><l id="0" t="12"><g v="NUMB"></g></l></v></tfr></token><token id="706831" text="мая"><tfr rev_id="4160044" t="мая"><v><l id="153142" t="май"><g v="NOUN"></g><g v="inan"></g><g v="masc"></g><g v="Sgtm"></g><g v="sing"></g><g v="gent"></g></l></v></tfr></token><token id="706832" text="2009"><tfr rev_id="2462963" t="2009"><v><l id="0" t="2009"><g v="NUMB"></g></l></v></tfr></token><token id="706833" text="("><tfr rev_id="1538690" t="("><v><l id="0" t="("><g v="PNCT"></g></l></v></tfr></token><token id="706834" text="UTC"><tfr rev_id="2475553" t="UTC"><v><l id="0" t="UTC"><g v="LATN"></g></l></v></tfr></token><token id="706835" text=")"><tfr rev_id="1538692" t=")"><v><l id="0" t=")"><g v="PNCT"></g></l></v></tfr></token><token id="706836" text="петр"><tfr rev_id="3482255" t="петр"><v><l id="237954" t="пётр"><g v="NOUN"></g><g v="anim"></g><g v="masc"></g><g v="Name"></g><g v="sing"></g><g v="nomn"></g></l></v></tfr></token></tokens></sentence></paragraph><paragraph id="12783"><sentence id="39751"><source>Статья, кстати, предложена к удалению, там висит соответствующая плашка.</source><tokens><token id="706837" text="Статья"><tfr rev_id="1538694" t="Статья"><v><l id="335173" t="статья"><g v="NOUN"></g><g v="inan"></g><g v="femn"></g><g v="sing"></g><g v="nomn"></g></l></v></tfr></token><token id="706838" text=","><tfr rev_id="1538695" t=","><v><l id="0" t=","><g v="PNCT"></g></l></v></tfr></token><token id="706839" text="кстати"><tfr rev_id="1538696" t="кстати"><v><l id="144209" t="кстати"><g v="ADVB"></g></l></v><v><l id="144210" t="кстати"><g v="CONJ"></g><g v="Prnt"></g></l></v></tfr></token><token id="706840" text=","><tfr rev_id="1538697" t=","><v><l id="0" t=","><g v="PNCT"></g></l></v></tfr></token><token id="706841" text="предложена"><tfr rev_id="1538698" t="предложена"><v><l id="266544" t="предложен"><g v="PRTS"></g><g v="perf"></g><g v="past"></g><g v="pssv"></g><g v="femn"></g><g v="sing"></g></l></v></tfr></token><token id="706842" text="к"><tfr rev_id="1538699" t="к"><v><l id="127460" t="к"><g v="PREP"></g></l></v></tfr></token><token id="706843" text="удалению"><tfr rev_id="1538700" t="удалению"><v><l id="354634" t="удаление"><g v="NOUN"></g><g v="inan"></g><g v="neut"></g><g v="sing"></g><g v="datv"></g></l></v></tfr></token><token id="706844" text=","><tfr rev_id="1538701" t=","><v><l id="0" t=","><g v="PNCT"></g></l></v></tfr></token><token id="706845" text="там"><tfr rev_id="1538702" t="там"><v><l id="342752" t="там"><g v="PRCL"></g></l></v><v><l id="342753" t="там"><g v="ADVB"></g><g v="Dmns"></g></l></v></tfr></token><token id="706846" text="висит"><tfr rev_id="1538703" t="висит"><v><l id="45529" t="вишу"><g v="VERB"></g><g v="impf"></g><g v="intr"></g><g v="sing"></g><g v="3per"></g><g v="pres"></g><g v="indc"></g></l></v></tfr></token><token id="706847" text="соответствующая"><tfr rev_id="1538704" t="соответствующая"><v><l id="329626" t="соответствующий"><g v="PRTF"></g><g v="impf"></g><g v="intr"></g><g v="pres"></g><g v="actv"></g><g v="femn"></g><g v="sing"></g><g v="nomn"></g></l></v><v><l id="329632" t="соответствующий"><g v="ADJF"></g><g v="femn"></g><g v="sing"></g><g v="nomn"></g></l></v></tfr></token><token id="706848" text="плашка"><tfr rev_id="1538705" t="плашка"><v><l id="240148" t="плашка"><g v="NOUN"></g><g v="inan"></g><g v="femn"></g><g v="sing"></g><g v="nomn"></g></l></v></tfr></token><token id="706849" text="."><tfr rev_id="1538706" t="."><v><l id="0" t="."><g v="PNCT"></g></l></v></tfr></token></tokens></sentence><sentence id="39752"><source>Однако вот здесь идет бурная дискуссия на тему"удалять - не удалять": дескать майонезную банку уже удалили, но трехлитровая - артефакт гораздо более значимый, в нем и огурцы солить удобно, и мариновать, габариты ее так и вовсе только здесь найти можно, а вдруг кому кладовку строить понадобится?</source><tokens><token id="706850" text="Однако"><tfr rev_id="2624625" t="Однако"><v><l id="203386" t="однако"><g v="INTJ"></g></l></v><v><l id="203387" t="однако"><g v="CONJ"></g><g v="Prnt"></g></l></v></tfr></token><token id="706851" text="вот"><tfr rev_id="3363441" t="вот"><v><l id="52157" t="вот"><g v="PRCL"></g></l></v></tfr></token><token id="706852" text="здесь"><tfr rev_id="1538709" t="здесь"><v><l id="114703" t="здесь"><g v="ADVB"></g><g v="Prdx"></g></l></v></tfr></token><token id="706853" text="идет"><tfr rev_id="1538710" t="идет"><v><l id="117566" t="иду"><g v="VERB"></g><g v="impf"></g><g v="intr"></g><g v="sing"></g><g v="3per"></g><g v="pres"></g><g v="indc"></g></l></v></tfr></token><token id="706854" text="бурная"><tfr rev_id="1538711" t="бурная"><v><l id="36236" t="бурный"><g v="ADJF"></g><g v="Qual"></g><g v="femn"></g><g v="sing"></g><g v="nomn"></g></l></v></tfr></token><token id="706855" text="дискуссия"><tfr rev_id="1538712" t="дискуссия"><v><l id="84419" t="дискуссия"><g v="NOUN"></g><g v="inan"></g><g v="femn"></g><g v="sing"></g><g v="nomn"></g></l></v></tfr></token><token id="706856" text="на"><tfr rev_id="3341184" t="на"><v><l id="166264" t="на"><g v="PREP"></g></l></v></tfr></token><token id="706857" text="тему"><tfr rev_id="1538714" t="тему"><v><l id="344450" t="тема"><g v="NOUN"></g><g v="inan"></g><g v="femn"></g><g v="sing"></g><g v="accs"></g></l></v></tfr></token><token id="706858" text="&quot;"><tfr rev_id="1538715" t="&quot;"><v><l id="0" t="&quot;"><g v="PNCT"></g></l></v></tfr></token><token id="706859" text="удалять"><tfr rev_id="1538716" t="удалять"><v><l id="354661" t="удалять"><g v="INFN"></g><g v="impf"></g><g v="tran"></g></l></v></tfr></token><token id="706860" text="-"><tfr rev_id="1538717" t="-"><v><l id="0" t="-"><g v="PNCT"></g></l></v></tfr></token><token id="706861" text="не"><tfr rev_id="1538718" t="не"><v><l id="178876" t="не"><g v="PRCL"></g></l></v></tfr></token><token id="706862" text="удалять"><tfr rev_id="1538719" t="удалять"><v><l id="354661" t="удалять"><g v="INFN"></g><g v="impf"></g><g v="tran"></g></l></v></tfr></token><token id="706863" text="&quot;"><tfr rev_id="1538720" t="&quot;"><v><l id="0" t="&quot;"><g v="PNCT"></g></l></v></tfr></token><token id="706864" text=":"><tfr rev_id="1538721" t=":"><v><l id="0" t=":"><g v="PNCT"></g></l></v></tfr></token><token id="706865" text="дескать"><tfr rev_id="1538722" t="дескать"><v><l id="81973" t="дескать"><g v="CONJ"></g><g v="Prnt"></g></l></v></tfr></token><token id="706866" text="майонезную"><tfr rev_id="1538723" t="майонезную"><v><l id="153200" t="майонезный"><g v="ADJF"></g><g v="femn"></g><g v="sing"></g><g v="accs"></g></l></v></tfr></token><token id="706867" text="банку"><tfr rev_id="4282079" t="банку"><v><l id="23570" t="банка"><g v="NOUN"></g><g v="inan"></g><g v="femn"></g><g v="sing"></g><g v="accs"></g></l></v></tfr></token><token id="706868" text="уже"><tfr rev_id="2692927" t="уже"><v><l id="355422" t="уж"><g v="NOUN"></g><g v="anim"></g><g v="masc"></g><g v="sing"></g><g v="loct"></g></l></v><v><l id="355498" t="уже"><g v="ADVB"></g></l></v><v><l id="355674" t="уже"><g v="COMP"></g><g v="Qual"></g></l></v><v><l id="388673" t="уже"><g v="PRCL"></g></l></v></tfr></token><token id="706869" text="удалили"><tfr rev_id="1538726" t="удалили"><v><l id="354637" t="удалил"><g v="VERB"></g><g v="perf"></g><g v="tran"></g><g v="plur"></g><g v="past"></g><g v="indc"></g></l></v></tfr></token><token id="706870" text=","><tfr rev_id="1538727" t=","><v><l id="0" t=","><g v="PNCT"></g></l></v></tfr></token><token id="706871" text="но"><tfr rev_id="3880490" t="но"><v><l id="191429" t="но"><g v="CONJ"></g></l></v></tfr></token><token id="706872" text="трехлитровая"><tfr rev_id="4429390" t="трехлитровая"><v><l id="390629" t="трёхлитровый"><g v="ADJF"></g><g v="femn"></g><g v="sing"></g><g v="nomn"></g></l></v></tfr></token><token id="706873" text="-"><tfr rev_id="1538730" t="-"><v><l id="0" t="-"><g v="PNCT"></g></l></v></tfr></token><token id="706874" text="артефакт"><tfr rev_id="4101570" t="артефакт"><v><l id="17379" t="артефакт"><g v="NOUN"></g><g v="inan"></g><g v="masc"></g><g v="sing"></g><g v="nomn"></g></l></v></tfr></token><token id="706875" text="гораздо"><tfr rev_id="4097432" t="гораздо"><v><l id="73048" t="гораздо"><g v="ADVB"></g></l></v></tfr></token><token id="706876" text="более"><tfr rev_id="1538733" t="более"><v><l id="32065" t="более"><g v="ADVB"></g></l></v></tfr></token><token id="706877" text="значимый"><tfr rev_id="3695251" t="значимый"><v><l id="116019" t="значимый"><g v="ADJF"></g><g v="Qual"></g><g v="masc"></g><g v="sing"></g><g v="nomn"></g></l></v><v><l id="116019" t="значимый"><g v="ADJF"></g><g v="Qual"></g><g v="inan"></g><g v="masc"></g><g v="sing"></g><g v="accs"></g></l></v></tfr></token><token id="706878" text=","><tfr rev_id="1538735" t=","><v><l id="0" t=","><g v="PNCT"></g></l></v></tfr></token><token id="706879" text="в"><tfr rev_id="1538736" t="в"><v><l id="37409" t="в"><g v="PREP"></g></l></v></tfr></token><token id="706880" text="нем"><tfr rev_id="4530157" t="нем"><v><l id="206541" t="он"><g v="NPRO"></g><g v="masc"></g><g v="3per"></g><g v="Anph"></g><g v="sing"></g><g v="loct"></g><g v="Af-p"></g></l></v><v><l id="206649" t="оно"><g v="NPRO"></g><g v="neut"></g><g v="3per"></g><g v="Anph"></g><g v="sing"></g><g v="loct"></g><g v="Af-p"></g></l></v></tfr></token><token id="706881" text="и"><tfr rev_id="1538738" t="и"><v><l id="116949" t="и"><g v="CONJ"></g></l></v><v><l id="116950" t="и"><g v="INTJ"></g></l></v></tfr></token><token id="706882" text="огурцы"><tfr rev_id="3750063" t="огурцы"><v><l id="203098" t="огурец"><g v="NOUN"></g><g v="inan"></g><g v="masc"></g><g v="plur"></g><g v="accs"></g></l></v></tfr></token><token id="706883" text="солить"><tfr rev_id="1538740" t="солить"><v><l id="329041" t="солить"><g v="INFN"></g><g v="impf"></g><g v="tran"></g></l></v></tfr></token><token id="706884" text="удобно"><tfr rev_id="1538741" t="удобно"><v><l id="355016" t="удобно"><g v="ADVB"></g><g v="Prdx"></g></l></v><v><l id="355020" t="удобен"><g v="ADJS"></g><g v="Qual"></g><g v="neut"></g><g v="sing"></g></l></v></tfr></token><token id="706885" text=","><tfr rev_id="1538742" t=","><v><l id="0" t=","><g v="PNCT"></g></l></v></tfr></token><token id="706886" text="и"><tfr rev_id="1538743" t="и"><v><l id="116949" t="и"><g v="CONJ"></g></l></v><v><l id="116950" t="и"><g v="INTJ"></g></l></v></tfr></token><token id="706887" text="мариновать"><tfr rev_id="1538744" t="мариновать"><v><l id="155194" t="мариновать"><g v="INFN"></g><g v="impf"></g><g v="tran"></g></l></v></tfr></token><token id="706888" text=","><tfr rev_id="1538745" t=","><v><l id="0" t=","><g v="PNCT"></g></l></v></tfr></token><token id="706889" text="габариты"><tfr rev_id="3749387" t="габариты"><v><l id="65263" t="габарит"><g v="NOUN"></g><g v="inan"></g><g v="masc"></g><g v="plur"></g><g v="accs"></g></l></v></tfr></token><token id="706890" text="ее"><tfr rev_id="4478970" t="ее"><v><l id="94433" t="её"><g v="ADJF"></g><g v="Fixd"></g><g v="Apro"></g><g v="Anph"></g><g v="plur"></g><g v="nomn"></g></l></v><v><l id="94433" t="её"><g v="ADJF"></g><g v="Fixd"></g><g v="Apro"></g><g v="Anph"></g><g v="plur"></g><g v="gent"></g></l></v><v><l id="94433" t="её"><g v="ADJF"></g><g v="Fixd"></g><g v="Apro"></g><g v="Anph"></g><g v="plur"></g><g v="datv"></g></l></v><v><l id="94433" t="её"><g v="ADJF"></g><g v="Fixd"></g><g v="Apro"></g><g v="Anph"></g><g v="plur"></g><g v="accs"></g></l></v><v><l id="94433" t="её"><g v="ADJF"></g><g v="Fixd"></g><g v="Apro"></g><g v="Anph"></g><g v="plur"></g><g v="ablt"></g></l></v><v><l id="94433" t="её"><g v="ADJF"></g><g v="Fixd"></g><g v="Apro"></g><g v="Anph"></g><g v="plur"></g><g v="loct"></g></l></v></tfr></token><token id="706891" text="так"><tfr rev_id="1538748" t="так"><v><l id="342451" t="так"><g v="CONJ"></g></l></v><v><l id="342452" t="так"><g v="PRCL"></g></l></v><v><l id="342453" t="так"><g v="ADVB"></g><g v="Dmns"></g></l></v></tfr></token><token id="706892" text="и"><tfr rev_id="1538749" t="и"><v><l id="116949" t="и"><g v="CONJ"></g></l></v><v><l id="116950" t="и"><g v="INTJ"></g></l></v></tfr></token><token id="706893" text="вовсе"><tfr rev_id="1538750" t="вовсе"><v><l id="47982" t="вовсе"><g v="ADVB"></g></l></v></tfr></token><token id="706894" text="только"><tfr rev_id="3784228" t="только"><v><l id="347395" t="только"><g v="CONJ"></g></l></v><v><l id="347396" t="только"><g v="PRCL"></g></l></v><v><l id="390053" t="только"><g v="ADVB"></g></l></v></tfr></token><token id="706895" text="здесь"><tfr rev_id="1538752" t="здесь"><v><l id="114703" t="здесь"><g v="ADVB"></g><g v="Prdx"></g></l></v></tfr></token><token id="706896" text="найти"><tfr rev_id="1538753" t="найти"><v><l id="170612" t="найти"><g v="INFN"></g><g v="perf"></g><g v="tran"></g></l></v></tfr></token><token id="706897" text="можно"><tfr rev_id="1538754" t="можно"><v><l id="162467" t="можно"><g v="PRED"></g><g v="pres"></g></l></v></tfr></token><token id="706898" text=","><tfr rev_id="1538755" t=","><v><l id="0" t=","><g v="PNCT"></g></l></v></tfr></token><token id="706899" text="а"><tfr rev_id="1538756" t="а"><v><l id="51" t="а"><g v="CONJ"></g></l></v><v><l id="52" t="а"><g v="INTJ"></g></l></v><v><l id="53" t="а"><g v="PRCL"></g></l></v></tfr></token><token id="706900" text="вдруг"><tfr rev_id="1538757" t="вдруг"><v><l id="40194" t="вдруг"><g v="ADVB"></g></l></v></tfr></token><token id="706901" text="кому"><tfr rev_id="3726355" t="кому"><v><l id="144216" t="кто"><g v="NPRO"></g><g v="masc"></g><g v="sing"></g><g v="datv"></g></l></v></tfr></token><token id="706902" text="кладовку"><tfr rev_id="1538759" t="кладовку"><v><l id="133820" t="кладовка"><g v="NOUN"></g><g v="inan"></g><g v="femn"></g><g v="sing"></g><g v="accs"></g></l></v></tfr></token><token id="706903" text="строить"><tfr rev_id="1538760" t="строить"><v><l id="337673" t="строить"><g v="INFN"></g><g v="impf"></g><g v="tran"></g></l></v><v><l id="337682" t="строить"><g v="INFN"></g><g v="perf"></g><g v="tran"></g></l></v></tfr></token><token id="706904" text="понадобится"><tfr rev_id="1538761" t="понадобится"><v><l id="258276" t="понадобился"><g v="VERB"></g><g v="perf"></g><g v="intr"></g><g v="sing"></g><g v="3per"></g><g v="futr"></g><g v="indc"></g></l></v></tfr></token><token id="706905" text="?"><tfr rev_id="1538762" t="?"><v><l id="0" t="?"><g v="PNCT"></g></l></v></tfr></token></tokens></sentence><sentence id="39753"><source>Еще есть вариант статью переименовать и описать до кучи литровые банки и бутылки из-под кефира.</source><tokens><token id="706906" text="Еще"><tfr rev_id="1538763" t="Еще"><v><l id="95551" t="ещё"><g v="PRCL"></g></l></v><v><l id="95552" t="ещё"><g v="ADVB"></g></l></v></tfr></token><token id="706907" text="есть"><tfr rev_id="4386820" t="есть"><v><l id="37265" t="есть"><g v="VERB"></g><g v="impf"></g><g v="intr"></g><g v="sing"></g><g v="3per"></g><g v="pres"></g><g v="indc"></g></l></v><v><l id="37265" t="есть"><g v="VERB"></g><g v="impf"></g><g v="intr"></g><g v="plur"></g><g v="3per"></g><g v="pres"></g><g v="indc"></g></l></v></tfr></token><token id="706908" text="вариант"><tfr rev_id="2761420" t="вариант"><v><l id="38767" t="вариант"><g v="NOUN"></g><g v="inan"></g><g v="masc"></g><g v="sing"></g><g v="nomn"></g></l></v><v><l id="38767" t="вариант"><g v="NOUN"></g><g v="inan"></g><g v="masc"></g><g v="sing"></g><g v="accs"></g></l></v></tfr></token><token id="706909" text="статью"><tfr rev_id="1538766" t="статью"><v><l id="335163" t="стать"><g v="NOUN"></g><g v="inan"></g><g v="femn"></g><g v="sing"></g><g v="ablt"></g></l></v><v><l id="335173" t="статья"><g v="NOUN"></g><g v="inan"></g><g v="femn"></g><g v="sing"></g><g v="accs"></g></l></v></tfr></token><token id="706910" text="переименовать"><tfr rev_id="1538767" t="переименовать"><v><l id="229134" t="переименовать"><g v="INFN"></g><g v="perf"></g><g v="tran"></g></l></v></tfr></token><token id="706911" text="и"><tfr rev_id="1538768" t="и"><v><l id="116949" t="и"><g v="CONJ"></g></l></v><v><l id="116950" t="и"><g v="INTJ"></g></l></v></tfr></token><token id="706912" text="описать"><tfr rev_id="1538769" t="описать"><v><l id="207160" t="описать"><g v="INFN"></g><g v="perf"></g><g v="tran"></g></l></v></tfr></token><token id="706913" text="до"><tfr rev_id="1538770" t="до"><v><l id="85153" t="до"><g v="PREP"></g></l></v></tfr></token><token id="706914" text="кучи"><tfr rev_id="3469120" t="кучи"><v><l id="145830" t="куча"><g v="NOUN"></g><g v="inan"></g><g v="femn"></g><g v="sing"></g><g v="gent"></g></l></v></tfr></token><token id="706915" text="литровые"><tfr rev_id="3817146" t="литровые"><v><l id="149977" t="литровый"><g v="ADJF"></g><g v="inan"></g><g v="plur"></g><g v="accs"></g></l></v></tfr></token><token id="706916" text="банки"><tfr rev_id="4083627" t="банки"><v><l id="23570" t="банка"><g v="NOUN"></g><g v="inan"></g><g v="femn"></g><g v="plur"></g><g v="accs"></g></l></v></tfr></token><token id="706917" text="и"><tfr rev_id="1538774" t="и"><v><l id="116949" t="и"><g v="CONJ"></g></l></v><v><l id="116950" t="и"><g v="INTJ"></g></l></v></tfr></token><token id="706918" text="бутылки"><tfr rev_id="3726816" t="бутылки"><v><l id="36641" t="бутылка"><g v="NOUN"></g><g v="inan"></g><g v="femn"></g><g v="plur"></g><g v="accs"></g></l></v></tfr></token><token id="706919" text="из-под"><tfr rev_id="1538776" t="из-под"><v><l id="117679" t="из-под"><g v="PREP"></g></l></v></tfr></token><token id="706920" text="кефира"><tfr rev_id="1538777" t="кефира"><v><l id="132608" t="кефир"><g v="NOUN"></g><g v="inan"></g><g v="masc"></g><g v="sing"></g><g v="gen1"></g></l></v></tfr></token><token id="706921" text="."><tfr rev_id="1538778" t="."><v><l id="0" t="."><g v="PNCT"></g></l></v></tfr></token></tokens></sentence></paragraph><paragraph id="12784"><sentence id="39754"><source>Скажите, мне одной кажется, что люди ерундой занимаются?</source><tokens><token id="706922" text="Скажите"><tfr rev_id="1538779" t="Скажите"><v><l id="321532" t="сказал"><g v="VERB"></g><g v="perf"></g><g v="tran"></g><g v="plur"></g><g v="impr"></g><g v="excl"></g></l></v></tfr></token><token id="706923" text=","><tfr rev_id="1538780" t=","><v><l id="0" t=","><g v="PNCT"></g></l></v></tfr></token><token id="706924" text="мне"><tfr rev_id="4201341" t="мне"><v><l id="387317" t="я"><g v="NPRO"></g><g v="1per"></g><g v="sing"></g><g v="datv"></g></l></v></tfr></token><token id="706925" text="одной"><tfr rev_id="4572339" t="одной"><v><l id="203319" t="один"><g v="ADJF"></g><g v="Apro"></g><g v="Anum"></g><g v="femn"></g><g v="sing"></g><g v="datv"></g></l></v></tfr></token><token id="706926" text="кажется"><tfr rev_id="3797637" t="кажется"><v><l id="127940" t="кажусь"><g v="VERB"></g><g v="impf"></g><g v="intr"></g><g v="sing"></g><g v="3per"></g><g v="pres"></g><g v="indc"></g></l></v></tfr></token><token id="706927" text=","><tfr rev_id="1538784" t=","><v><l id="0" t=","><g v="PNCT"></g></l></v></tfr></token><token id="706928" text="что"><tfr rev_id="3197826" t="что"><v><l id="377004" t="что"><g v="CONJ"></g></l></v><v><l id="377005" t="что"><g v="NPRO"></g><g v="neut"></g><g v="sing"></g><g v="nomn"></g></l></v><v><l id="377005" t="что"><g v="NPRO"></g><g v="neut"></g><g v="sing"></g><g v="accs"></g></l></v><v><l id="377006" t="что"><g v="ADVB"></g><g v="Ques"></g></l></v><v><l id="388695" t="что"><g v="PRCL"></g></l></v></tfr></token><token id="706929" text="люди"><tfr rev_id="1538786" t="люди"><v><l id="375073" t="человек"><g v="NOUN"></g><g v="anim"></g><g v="masc"></g><g v="plur"></g><g v="nomn"></g></l></v></tfr></token><token id="706930" text="ерундой"><tfr rev_id="1538787" t="ерундой"><v><l id="95266" t="ерунда"><g v="NOUN"></g><g v="inan"></g><g v="femn"></g><g v="Sgtm"></g><g v="sing"></g><g v="ablt"></g></l></v></tfr></token><token id="706931" text="занимаются"><tfr rev_id="1538788" t="занимаются"><v><l id="106419" t="занимаюсь"><g v="VERB"></g><g v="impf"></g><g v="intr"></g><g v="plur"></g><g v="3per"></g><g v="pres"></g><g v="indc"></g></l></v></tfr></token><token id="706932" text="?"><tfr rev_id="1538789" t="?"><v><l id="0" t="?"><g v="PNCT"></g></l></v></tfr></token></tokens></sentence><sentence id="39755"><source>Что большой объем и свобода использования - это не единственные достоинства, которых мы ждем от энциклопедии?</source><tokens><token id="706933" text="Что"><tfr rev_id="3197827" t="Что"><v><l id="377004" t="что"><g v="CONJ"></g></l></v><v><l id="377005" t="что"><g v="NPRO"></g><g v="neut"></g><g v="sing"></g><g v="nomn"></g></l></v><v><l id="377005" t="что"><g v="NPRO"></g><g v="neut"></g><g v="sing"></g><g v="accs"></g></l></v><v><l id="377006" t="что"><g v="ADVB"></g><g v="Ques"></g></l></v><v><l id="388695" t="что"><g v="PRCL"></g></l></v></tfr></token><token id="706934" text="большой"><tfr rev_id="2635738" t="большой"><v><l id="32445" t="большой"><g v="ADJF"></g><g v="Qual"></g><g v="masc"></g><g v="sing"></g><g v="nomn"></g></l></v><v><l id="32445" t="большой"><g v="ADJF"></g><g v="Qual"></g><g v="inan"></g><g v="masc"></g><g v="sing"></g><g v="accs"></g></l></v></tfr></token><token id="706935" text="объем"><tfr rev_id="1714785" t="объем"><v><l id="201701" t="объём"><g v="NOUN"></g><g v="inan"></g><g v="masc"></g><g v="sing"></g><g v="nomn"></g></l></v><v><l id="201701" t="объём"><g v="NOUN"></g><g v="inan"></g><g v="masc"></g><g v="sing"></g><g v="accs"></g></l></v></tfr></token><token id="706936" text="и"><tfr rev_id="1538793" t="и"><v><l id="116949" t="и"><g v="CONJ"></g></l></v><v><l id="116950" t="и"><g v="INTJ"></g></l></v></tfr></token><token id="706937" text="свобода"><tfr rev_id="1538794" t="свобода"><v><l id="316212" t="свобода"><g v="NOUN"></g><g v="inan"></g><g v="femn"></g><g v="sing"></g><g v="nomn"></g></l></v></tfr></token><token id="706938" text="использования"><tfr rev_id="3439921" t="использования"><v><l id="125417" t="использование"><g v="NOUN"></g><g v="inan"></g><g v="neut"></g><g v="sing"></g><g v="gent"></g></l></v></tfr></token><token id="706939" text="-"><tfr rev_id="1538796" t="-"><v><l id="0" t="-"><g v="PNCT"></g></l></v></tfr></token><token id="706940" text="это"><tfr rev_id="4441894" t="это"><v><l id="386574" t="это"><g v="PRCL"></g></l></v><v><l id="386575" t="это"><g v="NPRO"></g><g v="neut"></g><g v="sing"></g><g v="nomn"></g></l></v><v><l id="386575" t="это"><g v="NPRO"></g><g v="neut"></g><g v="sing"></g><g v="accs"></g></l></v><v><l id="386581" t="этот"><g v="ADJF"></g><g v="Subx"></g><g v="Apro"></g><g v="Anph"></g><g v="neut"></g><g v="sing"></g><g v="nomn"></g></l></v><v><l id="386581" t="этот"><g v="ADJF"></g><g v="Subx"></g><g v="Apro"></g><g v="Anph"></g><g v="neut"></g><g v="sing"></g><g v="accs"></g></l></v></tfr></token><token id="706941" text="не"><tfr rev_id="1538798" t="не"><v><l id="178876" t="не"><g v="PRCL"></g></l></v></tfr></token><token id="706942" text="единственные"><tfr rev_id="4082657" t="единственные"><v><l id="94404" t="единственный"><g v="ADJF"></g><g v="plur"></g><g v="nomn"></g></l></v></tfr></token><token id="706943" text="достоинства"><tfr rev_id="3805547" t="достоинства"><v><l id="90581" t="достоинство"><g v="NOUN"></g><g v="inan"></g><g v="neut"></g><g v="plur"></g><g v="nomn"></g></l></v></tfr></token><token id="706944" text=","><tfr rev_id="1538801" t=","><v><l id="0" t=","><g v="PNCT"></g></l></v></tfr></token><token id="706945" text="которых"><tfr rev_id="4199616" t="которых"><v><l id="141203" t="который"><g v="ADJF"></g><g v="Apro"></g><g v="Subx"></g><g v="Anph"></g><g v="plur"></g><g v="gent"></g></l></v></tfr></token><token id="706946" text="мы"><tfr rev_id="1538803" t="мы"><v><l id="165750" t="мы"><g v="NPRO"></g><g v="1per"></g><g v="plur"></g><g v="nomn"></g></l></v></tfr></token><token id="706947" text="ждем"><tfr rev_id="1538804" t="ждем"><v><l id="96195" t="жду"><g v="VERB"></g><g v="impf"></g><g v="tran"></g><g v="plur"></g><g v="1per"></g><g v="pres"></g><g v="indc"></g></l></v></tfr></token><token id="706948" text="от"><tfr rev_id="1538805" t="от"><v><l id="211644" t="от"><g v="PREP"></g></l></v></tfr></token><token id="706949" text="энциклопедии"><tfr rev_id="4288111" t="энциклопедии"><v><l id="385718" t="энциклопедия"><g v="NOUN"></g><g v="inan"></g><g v="femn"></g><g v="sing"></g><g v="gent"></g></l></v></tfr></token><token id="706950" text="?"><tfr rev_id="1538807" t="?"><v><l id="0" t="?"><g v="PNCT"></g></l></v></tfr></token></tokens></sentence><sentence id="39756"><source>Что цельность, надежность и определенность назначения тоже важны?</source><tokens><token id="706951" text="Что"><tfr rev_id="3197828" t="Что"><v><l id="377004" t="что"><g v="CONJ"></g></l></v><v><l id="377005" t="что"><g v="NPRO"></g><g v="neut"></g><g v="sing"></g><g v="nomn"></g></l></v><v><l id="377005" t="что"><g v="NPRO"></g><g v="neut"></g><g v="sing"></g><g v="accs"></g></l></v><v><l id="377006" t="что"><g v="ADVB"></g><g v="Ques"></g></l></v><v><l id="388695" t="что"><g v="PRCL"></g></l></v></tfr></token><token id="706952" text="цельность"><tfr rev_id="3409500" t="цельность"><v><l id="373244" t="цельность"><g v="NOUN"></g><g v="inan"></g><g v="femn"></g><g v="sing"></g><g v="nomn"></g></l></v></tfr></token><token id="706953" text=","><tfr rev_id="1538810" t=","><v><l id="0" t=","><g v="PNCT"></g></l></v></tfr></token><token id="706954" text="надежность"><tfr rev_id="3458147" t="надежность"><v><l id="168364" t="надёжность"><g v="NOUN"></g><g v="inan"></g><g v="femn"></g><g v="sing"></g><g v="nomn"></g></l></v></tfr></token><token id="706955" text="и"><tfr rev_id="3462535" t="и"><v><l id="116949" t="и"><g v="CONJ"></g></l></v></tfr></token><token id="706956" text="определенность"><tfr rev_id="1538813" t="определенность"><v><l id="207987" t="определённость"><g v="NOUN"></g><g v="inan"></g><g v="femn"></g><g v="sing"></g><g v="nomn"></g></l></v><v><l id="207987" t="определённость"><g v="NOUN"></g><g v="inan"></g><g v="femn"></g><g v="sing"></g><g v="accs"></g></l></v></tfr></token><token id="706957" text="назначения"><tfr rev_id="3432624" t="назначения"><v><l id="170421" t="назначение"><g v="NOUN"></g><g v="inan"></g><g v="neut"></g><g v="sing"></g><g v="gent"></g></l></v></tfr></token><token id="706958" text="тоже"><tfr rev_id="4271177" t="тоже"><v><l id="346946" t="тоже"><g v="PRCL"></g></l></v></tfr></token><token id="706959" text="важны"><tfr rev_id="1538816" t="важны"><v><l id="37725" t="важен"><g v="ADJS"></g><g v="Qual"></g><g v="plur"></g></l></v></tfr></token><token id="706960" text="?"><tfr rev_id="1538817" t="?"><v><l id="0" t="?"><g v="PNCT"></g></l></v></tfr></token></tokens></sentence><sentence id="39757"><source>Веб два ноль там, не веб два ноль, этот прекрасный ресурс даже близко никогда не сравнится с традиционными энциклопедиями.</source><tokens><token id="706961" text="Веб"><tfr rev_id="4429420" t="Веб"><v><l id="40264" t="веб"><g v="NOUN"></g><g v="inan"></g><g v="masc"></g><g v="sing"></g><g v="nomn"></g></l></v><v><l id="40264" t="веб"><g v="NOUN"></g><g v="inan"></g><g v="masc"></g><g v="sing"></g><g v="accs"></g></l></v></tfr></token><token id="706962" text="два"><tfr rev_id="4450482" t="два"><v><l id="78668" t="два"><g v="NUMR"></g><g v="masc"></g><g v="nomn"></g></l></v><v><l id="78668" t="два"><g v="NUMR"></g><g v="inan"></g><g v="masc"></g><g v="accs"></g></l></v><v><l id="78668" t="два"><g v="NUMR"></g><g v="neut"></g><g v="nomn"></g></l></v><v><l id="78668" t="два"><g v="NUMR"></g><g v="inan"></g><g v="neut"></g><g v="accs"></g></l></v></tfr></token><token id="706963" text="ноль"><tfr rev_id="1538820" t="ноль"><v><l id="192055" t="ноль"><g v="NOUN"></g><g v="inan"></g><g v="masc"></g><g v="sing"></g><g v="nomn"></g></l></v><v><l id="192055" t="ноль"><g v="NOUN"></g><g v="inan"></g><g v="masc"></g><g v="sing"></g><g v="accs"></g></l></v></tfr></token><token id="706964" text="там"><tfr rev_id="1538821" t="там"><v><l id="342752" t="там"><g v="PRCL"></g></l></v><v><l id="342753" t="там"><g v="ADVB"></g><g v="Dmns"></g></l></v></tfr></token><token id="706965" text=","><tfr rev_id="1538822" t=","><v><l id="0" t=","><g v="PNCT"></g></l></v></tfr></token><token id="706966" text="не"><tfr rev_id="1538823" t="не"><v><l id="178876" t="не"><g v="PRCL"></g></l></v></tfr></token><token id="706967" text="веб"><tfr rev_id="4429421" t="веб"><v><l id="40264" t="веб"><g v="NOUN"></g><g v="inan"></g><g v="masc"></g><g v="sing"></g><g v="nomn"></g></l></v></tfr></token><token id="706968" text="два"><tfr rev_id="4450483" t="два"><v><l id="78668" t="два"><g v="NUMR"></g><g v="masc"></g><g v="nomn"></g></l></v><v><l id="78668" t="два"><g v="NUMR"></g><g v="inan"></g><g v="masc"></g><g v="accs"></g></l></v><v><l id="78668" t="два"><g v="NUMR"></g><g v="neut"></g><g v="nomn"></g></l></v><v><l id="78668" t="два"><g v="NUMR"></g><g v="inan"></g><g v="neut"></g><g v="accs"></g></l></v></tfr></token><token id="706969" text="ноль"><tfr rev_id="3708150" t="ноль"><v><l id="192055" t="ноль"><g v="NOUN"></g><g v="inan"></g><g v="masc"></g><g v="sing"></g><g v="nomn"></g></l></v></tfr></token><token id="706970" text=","><tfr rev_id="1538827" t=","><v><l id="0" t=","><g v="PNCT"></g></l></v></tfr></token><token id="706971" text="этот"><tfr rev_id="4432161" t="этот"><v><l id="386581" t="этот"><g v="ADJF"></g><g v="Subx"></g><g v="Apro"></g><g v="Anph"></g><g v="masc"></g><g v="sing"></g><g v="nomn"></g></l></v><v><l id="386581" t="этот"><g v="ADJF"></g><g v="Subx"></g><g v="Apro"></g><g v="Anph"></g><g v="inan"></g><g v="masc"></g><g v="sing"></g><g v="accs"></g></l></v></tfr></token><token id="706972" text="прекрасный"><tfr rev_id="1538829" t="прекрасный"><v><l id="267588" t="прекрасный"><g v="ADJF"></g><g v="Qual"></g><g v="masc"></g><g v="sing"></g><g v="nomn"></g></l></v><v><l id="267588" t="прекрасный"><g v="ADJF"></g><g v="Qual"></g><g v="inan"></g><g v="masc"></g><g v="sing"></g><g v="accs"></g></l></v></tfr></token><token id="706973" text="ресурс"><tfr rev_id="1538830" t="ресурс"><v><l id="306872" t="ресурс"><g v="NOUN"></g><g v="inan"></g><g v="masc"></g><g v="sing"></g><g v="nomn"></g></l></v><v><l id="306872" t="ресурс"><g v="NOUN"></g><g v="inan"></g><g v="masc"></g><g v="sing"></g><g v="accs"></g></l></v></tfr></token><token id="706974" text="даже"><tfr rev_id="4079202" t="даже"><v><l id="77849" t="даже"><g v="PRCL"></g></l></v></tfr></token><token id="706975" text="близко"><tfr rev_id="1538832" t="близко"><v><l id="30858" t="близок"><g v="ADJS"></g><g v="Qual"></g><g v="neut"></g><g v="sing"></g></l></v><v><l id="30860" t="близко"><g v="ADVB"></g><g v="Prdx"></g></l></v></tfr></token><token id="706976" text="никогда"><tfr rev_id="1538833" t="никогда"><v><l id="190941" t="никогда"><g v="ADVB"></g></l></v></tfr></token><token id="706977" text="не"><tfr rev_id="1538834" t="не"><v><l id="178876" t="не"><g v="PRCL"></g></l></v></tfr></token><token id="706978" text="сравнится"><tfr rev_id="1538835" t="сравнится"><v><l id="333337" t="сравнился"><g v="VERB"></g><g v="perf"></g><g v="intr"></g><g v="sing"></g><g v="3per"></g><g v="futr"></g><g v="indc"></g></l></v></tfr></token><token id="706979" text="с"><tfr rev_id="1538836" t="с"><v><l id="311151" t="с"><g v="PREP"></g></l></v></tfr></token><token id="706980" text="традиционными"><tfr rev_id="1538837" t="традиционными"><v><l id="348768" t="традиционный"><g v="ADJF"></g><g v="plur"></g><g v="ablt"></g></l></v></tfr></token><token id="706981" text="энциклопедиями"><tfr rev_id="1538838" t="энциклопедиями"><v><l id="385718" t="энциклопедия"><g v="NOUN"></g><g v="inan"></g><g v="femn"></g><g v="plur"></g><g v="ablt"></g></l></v></tfr></token><token id="706982" text="."><tfr rev_id="1538839" t="."><v><l id="0" t="."><g v="PNCT"></g></l></v></tfr></token></tokens></sentence></paragraph></paragraphs></text>