<?xml version="1.0" encoding="utf-8"?><text id="1409" parent="1" name="21857 «Бог ненавидит нас всех»"><tags><tag>url:http://www.chaskor.ru/article/bog_nenavidit_nas_vseh_21857</tag><tag>Автор:Анна Ворфоломеева</tag><tag>Тема:ЧасКор:Книги</tag><tag>Год:2011</tag><tag>Дата:18/01</tag></tags><paragraphs><paragraph id="12785"><sentence id="39758"><source>«Бог ненавидит нас всех»</source><tokens><token id="706983" text="«"><tfr rev_id="2447477" t="«"><v><l id="0" t="«"><g v="PNCT"></g></l></v></tfr></token><token id="706984" text="Бог"><tfr rev_id="1538841" t="Бог"><v><l id="31350" t="бог"><g v="NOUN"></g><g v="anim"></g><g v="masc"></g><g v="sing"></g><g v="nomn"></g></l></v></tfr></token><token id="706985" text="ненавидит"><tfr rev_id="1538842" t="ненавидит"><v><l id="184340" t="ненавижу"><g v="VERB"></g><g v="impf"></g><g v="tran"></g><g v="sing"></g><g v="3per"></g><g v="pres"></g><g v="indc"></g></l></v></tfr></token><token id="706986" text="нас"><tfr rev_id="4199192" t="нас"><v><l id="165750" t="мы"><g v="NPRO"></g><g v="1per"></g><g v="plur"></g><g v="accs"></g></l></v></tfr></token><token id="706987" text="всех"><tfr rev_id="4135879" t="всех"><v><l id="42156" t="весь"><g v="ADJF"></g><g v="Subx"></g><g v="Apro"></g><g v="anim"></g><g v="plur"></g><g v="accs"></g></l></v></tfr></token><token id="706988" text="»"><tfr rev_id="2447478" t="»"><v><l id="0" t="»"><g v="PNCT"></g></l></v></tfr></token></tokens></sentence><sentence id="39759"><source>Что общего у Дэвида Духовны с Чарльзом Буковски?</source><tokens><token id="706989" text="Что"><tfr rev_id="3197829" t="Что"><v><l id="377004" t="что"><g v="CONJ"></g></l></v><v><l id="377005" t="что"><g v="NPRO"></g><g v="neut"></g><g v="sing"></g><g v="nomn"></g></l></v><v><l id="377005" t="что"><g v="NPRO"></g><g v="neut"></g><g v="sing"></g><g v="accs"></g></l></v><v><l id="377006" t="что"><g v="ADVB"></g><g v="Ques"></g></l></v><v><l id="388695" t="что"><g v="PRCL"></g></l></v></tfr></token><token id="706990" text="общего"><tfr rev_id="3468623" t="общего"><v><l id="201663" t="общий"><g v="ADJF"></g><g v="neut"></g><g v="sing"></g><g v="gent"></g></l></v></tfr></token><token id="706991" text="у"><tfr rev_id="3230538" t="у"><v><l id="352818" t="у"><g v="PREP"></g></l></v></tfr></token><token id="706992" text="Дэвида"><tfr rev_id="4216705" t="Дэвида"><v><l id="93657" t="дэвид"><g v="NOUN"></g><g v="anim"></g><g v="masc"></g><g v="Name"></g><g v="sing"></g><g v="gent"></g></l></v></tfr></token><token id="706993" text="Духовны"><tfr rev_id="4504531" t="Духовны"><v><l id="0" t="Духовны"><g v="UNKN"></g></l></v></tfr></token><token id="706994" text="с"><tfr rev_id="1538851" t="с"><v><l id="311151" t="с"><g v="PREP"></g></l></v></tfr></token><token id="706995" text="Чарльзом"><tfr rev_id="1538852" t="Чарльзом"><v><l id="374680" t="чарльз"><g v="NOUN"></g><g v="anim"></g><g v="masc"></g><g v="Name"></g><g v="sing"></g><g v="ablt"></g></l></v></tfr></token><token id="706996" text="Буковски"><tfr rev_id="1538853" t="Буковски"><v><l id="0" t="буковски"><g v="UNKN"></g></l></v></tfr></token><token id="706997" text="?"><tfr rev_id="1538854" t="?"><v><l id="0" t="?"><g v="PNCT"></g></l></v></tfr></token></tokens></sentence></paragraph><paragraph id="12786"><sentence id="39760"><source>Издательство «Азбука» выпускает настоящий роман вымышленного автора — «Бог ненавидит нас всех».</source><tokens><token id="706998" text="Издательство"><tfr rev_id="1538855" t="Издательство"><v><l id="118747" t="издательство"><g v="NOUN"></g><g v="inan"></g><g v="neut"></g><g v="sing"></g><g v="nomn"></g></l></v><v><l id="118747" t="издательство"><g v="NOUN"></g><g v="inan"></g><g v="neut"></g><g v="sing"></g><g v="accs"></g></l></v></tfr></token><token id="706999" text="«"><tfr rev_id="2447479" t="«"><v><l id="0" t="«"><g v="PNCT"></g></l></v></tfr></token><token id="707000" text="Азбука"><tfr rev_id="1538857" t="Азбука"><v><l id="5624" t="азбука"><g v="NOUN"></g><g v="inan"></g><g v="femn"></g><g v="sing"></g><g v="nomn"></g></l></v></tfr></token><token id="707001" text="»"><tfr rev_id="2447480" t="»"><v><l id="0" t="»"><g v="PNCT"></g></l></v></tfr></token><token id="707002" text="выпускает"><tfr rev_id="1538859" t="выпускает"><v><l id="60998" t="выпускаю"><g v="VERB"></g><g v="impf"></g><g v="tran"></g><g v="sing"></g><g v="3per"></g><g v="pres"></g><g v="indc"></g></l></v></tfr></token><token id="707003" text="настоящий"><tfr rev_id="2782819" t="настоящий"><v><l id="176151" t="настоящий"><g v="ADJF"></g><g v="inan"></g><g v="masc"></g><g v="sing"></g><g v="accs"></g></l></v></tfr></token><token id="707004" text="роман"><tfr rev_id="4454983" t="роман"><v><l id="308825" t="роман"><g v="NOUN"></g><g v="inan"></g><g v="masc"></g><g v="sing"></g><g v="accs"></g></l></v></tfr></token><token id="707005" text="вымышленного"><tfr rev_id="1538862" t="вымышленного"><v><l id="59826" t="вымышленный"><g v="PRTF"></g><g v="perf"></g><g v="tran"></g><g v="past"></g><g v="pssv"></g><g v="masc"></g><g v="sing"></g><g v="gent"></g></l></v><v><l id="59826" t="вымышленный"><g v="PRTF"></g><g v="perf"></g><g v="tran"></g><g v="past"></g><g v="pssv"></g><g v="anim"></g><g v="masc"></g><g v="sing"></g><g v="accs"></g></l></v><v><l id="59826" t="вымышленный"><g v="PRTF"></g><g v="perf"></g><g v="tran"></g><g v="past"></g><g v="pssv"></g><g v="neut"></g><g v="sing"></g><g v="gent"></g></l></v><v><l id="59840" t="вымышленный"><g v="ADJF"></g><g v="masc"></g><g v="sing"></g><g v="gent"></g></l></v><v><l id="59840" t="вымышленный"><g v="ADJF"></g><g v="anim"></g><g v="masc"></g><g v="sing"></g><g v="accs"></g></l></v><v><l id="59840" t="вымышленный"><g v="ADJF"></g><g v="neut"></g><g v="sing"></g><g v="gent"></g></l></v></tfr></token><token id="707006" text="автора"><tfr rev_id="4215116" t="автора"><v><l id="3371" t="автор"><g v="NOUN"></g><g v="anim"></g><g v="masc"></g><g v="sing"></g><g v="gent"></g></l></v></tfr></token><token id="707007" text="—"><tfr rev_id="2447481" t="—"><v><l id="0" t="—"><g v="PNCT"></g></l></v></tfr></token><token id="707008" text="«"><tfr rev_id="2447482" t="«"><v><l id="0" t="«"><g v="PNCT"></g></l></v></tfr></token><token id="707009" text="Бог"><tfr rev_id="1538866" t="Бог"><v><l id="31350" t="бог"><g v="NOUN"></g><g v="anim"></g><g v="masc"></g><g v="sing"></g><g v="nomn"></g></l></v></tfr></token><token id="707010" text="ненавидит"><tfr rev_id="1538867" t="ненавидит"><v><l id="184340" t="ненавижу"><g v="VERB"></g><g v="impf"></g><g v="tran"></g><g v="sing"></g><g v="3per"></g><g v="pres"></g><g v="indc"></g></l></v></tfr></token><token id="707011" text="нас"><tfr rev_id="4175189" t="нас"><v><l id="165750" t="мы"><g v="NPRO"></g><g v="1per"></g><g v="plur"></g><g v="accs"></g></l></v></tfr></token><token id="707012" text="всех"><tfr rev_id="4356794" t="всех"><v><l id="42156" t="весь"><g v="ADJF"></g><g v="Subx"></g><g v="Apro"></g><g v="anim"></g><g v="plur"></g><g v="accs"></g></l></v></tfr></token><token id="707013" text="»"><tfr rev_id="2447483" t="»"><v><l id="0" t="»"><g v="PNCT"></g></l></v></tfr></token><token id="707014" text="."><tfr rev_id="1538871" t="."><v><l id="0" t="."><g v="PNCT"></g></l></v></tfr></token></tokens></sentence><sentence id="39761"><source>В Америке он был опубликован ещё в позапрошлом году, и тамошние читатели уже сравнили Хэнка Муди и с Чарльзом Буковски, и с Бретом Истоном Эллисом и в целом, кажется, остались довольны.</source><tokens><token id="707015" text="В"><tfr rev_id="1538872" t="В"><v><l id="37409" t="в"><g v="PREP"></g></l></v></tfr></token><token id="707016" text="Америке"><tfr rev_id="3447519" t="Америке"><v><l id="11393" t="америка"><g v="NOUN"></g><g v="inan"></g><g v="femn"></g><g v="Sgtm"></g><g v="Geox"></g><g v="sing"></g><g v="loct"></g></l></v></tfr></token><token id="707017" text="он"><tfr rev_id="3575880" t="он"><v><l id="206541" t="он"><g v="NPRO"></g><g v="masc"></g><g v="3per"></g><g v="Anph"></g><g v="sing"></g><g v="nomn"></g></l></v></tfr></token><token id="707018" text="был"><tfr rev_id="1538875" t="был"><v><l id="37265" t="есть"><g v="VERB"></g><g v="impf"></g><g v="intr"></g><g v="masc"></g><g v="sing"></g><g v="past"></g><g v="indc"></g></l></v></tfr></token><token id="707019" text="опубликован"><tfr rev_id="1538876" t="опубликован"><v><l id="208373" t="опубликован"><g v="PRTS"></g><g v="perf"></g><g v="past"></g><g v="pssv"></g><g v="masc"></g><g v="sing"></g></l></v></tfr></token><token id="707020" text="ещё"><tfr rev_id="1538877" t="ещё"><v><l id="95551" t="ещё"><g v="PRCL"></g></l></v><v><l id="95552" t="ещё"><g v="ADVB"></g></l></v></tfr></token><token id="707021" text="в"><tfr rev_id="1538878" t="в"><v><l id="37409" t="в"><g v="PREP"></g></l></v></tfr></token><token id="707022" text="позапрошлом"><tfr rev_id="3454719" t="позапрошлом"><v><l id="253393" t="позапрошлый"><g v="ADJF"></g><g v="masc"></g><g v="sing"></g><g v="loct"></g></l></v></tfr></token><token id="707023" text="году"><tfr rev_id="3045747" t="году"><v><l id="72149" t="год"><g v="NOUN"></g><g v="inan"></g><g v="masc"></g><g v="sing"></g><g v="loc2"></g></l></v></tfr></token><token id="707024" text=","><tfr rev_id="1538881" t=","><v><l id="0" t=","><g v="PNCT"></g></l></v></tfr></token><token id="707025" text="и"><tfr rev_id="1538882" t="и"><v><l id="116949" t="и"><g v="CONJ"></g></l></v><v><l id="116950" t="и"><g v="INTJ"></g></l></v></tfr></token><token id="707026" text="тамошние"><tfr rev_id="4083674" t="тамошние"><v><l id="342854" t="тамошний"><g v="ADJF"></g><g v="plur"></g><g v="nomn"></g></l></v></tfr></token><token id="707027" text="читатели"><tfr rev_id="1538884" t="читатели"><v><l id="376715" t="читатель"><g v="NOUN"></g><g v="anim"></g><g v="masc"></g><g v="plur"></g><g v="nomn"></g></l></v></tfr></token><token id="707028" text="уже"><tfr rev_id="2692928" t="уже"><v><l id="355422" t="уж"><g v="NOUN"></g><g v="anim"></g><g v="masc"></g><g v="sing"></g><g v="loct"></g></l></v><v><l id="355498" t="уже"><g v="ADVB"></g></l></v><v><l id="355674" t="уже"><g v="COMP"></g><g v="Qual"></g></l></v><v><l id="388673" t="уже"><g v="PRCL"></g></l></v></tfr></token><token id="707029" text="сравнили"><tfr rev_id="1538886" t="сравнили"><v><l id="333331" t="сравнил"><g v="VERB"></g><g v="perf"></g><g v="tran"></g><g v="plur"></g><g v="past"></g><g v="indc"></g></l></v></tfr></token><token id="707030" text="Хэнка"><tfr rev_id="1538887" t="Хэнка"><v><l id="0" t="хэнка"><g v="UNKN"></g></l></v></tfr></token><token id="707031" text="Муди"><tfr rev_id="1538888" t="Муди"><v><l id="0" t="муди"><g v="UNKN"></g></l></v></tfr></token><token id="707032" text="и"><tfr rev_id="3411179" t="и"><v><l id="116949" t="и"><g v="CONJ"></g></l></v></tfr></token><token id="707033" text="с"><tfr rev_id="1538890" t="с"><v><l id="311151" t="с"><g v="PREP"></g></l></v></tfr></token><token id="707034" text="Чарльзом"><tfr rev_id="1538891" t="Чарльзом"><v><l id="374680" t="чарльз"><g v="NOUN"></g><g v="anim"></g><g v="masc"></g><g v="Name"></g><g v="sing"></g><g v="ablt"></g></l></v></tfr></token><token id="707035" text="Буковски"><tfr rev_id="1538892" t="Буковски"><v><l id="0" t="буковски"><g v="UNKN"></g></l></v></tfr></token><token id="707036" text=","><tfr rev_id="1538893" t=","><v><l id="0" t=","><g v="PNCT"></g></l></v></tfr></token><token id="707037" text="и"><tfr rev_id="1538894" t="и"><v><l id="116949" t="и"><g v="CONJ"></g></l></v><v><l id="116950" t="и"><g v="INTJ"></g></l></v></tfr></token><token id="707038" text="с"><tfr rev_id="1538895" t="с"><v><l id="311151" t="с"><g v="PREP"></g></l></v></tfr></token><token id="707039" text="Бретом"><tfr rev_id="1538896" t="Бретом"><v><l id="0" t="бретом"><g v="UNKN"></g></l></v></tfr></token><token id="707040" text="Истоном"><tfr rev_id="1538897" t="Истоном"><v><l id="0" t="истоном"><g v="UNKN"></g></l></v></tfr></token><token id="707041" text="Эллисом"><tfr rev_id="1538898" t="Эллисом"><v><l id="0" t="эллисом"><g v="UNKN"></g></l></v></tfr></token><token id="707042" text="и"><tfr rev_id="3880570" t="и"><v><l id="116949" t="и"><g v="CONJ"></g></l></v></tfr></token><token id="707043" text="в"><tfr rev_id="1538900" t="в"><v><l id="37409" t="в"><g v="PREP"></g></l></v></tfr></token><token id="707044" text="целом"><tfr rev_id="4262562" t="целом"><v><l id="373197" t="целое"><g v="NOUN"></g><g v="inan"></g><g v="neut"></g><g v="sing"></g><g v="loct"></g></l></v></tfr></token><token id="707045" text=","><tfr rev_id="1538902" t=","><v><l id="0" t=","><g v="PNCT"></g></l></v></tfr></token><token id="707046" text="кажется"><tfr rev_id="3797611" t="кажется"><v><l id="127876" t="кажется"><g v="CONJ"></g><g v="Prnt"></g></l></v></tfr></token><token id="707047" text=","><tfr rev_id="1538904" t=","><v><l id="0" t=","><g v="PNCT"></g></l></v></tfr></token><token id="707048" text="остались"><tfr rev_id="1538905" t="остались"><v><l id="210896" t="остался"><g v="VERB"></g><g v="perf"></g><g v="intr"></g><g v="plur"></g><g v="past"></g><g v="indc"></g></l></v></tfr></token><token id="707049" text="довольны"><tfr rev_id="1538906" t="довольны"><v><l id="86038" t="доволен"><g v="ADJS"></g><g v="Qual"></g><g v="plur"></g></l></v></tfr></token><token id="707050" text="."><tfr rev_id="1538907" t="."><v><l id="0" t="."><g v="PNCT"></g></l></v></tfr></token></tokens></sentence></paragraph><paragraph id="12787"><sentence id="39762"><source>Автор книги — персонаж американского телесериала.</source><tokens><token id="707051" text="Автор"><tfr rev_id="1538908" t="Автор"><v><l id="3371" t="автор"><g v="NOUN"></g><g v="anim"></g><g v="masc"></g><g v="sing"></g><g v="nomn"></g></l></v></tfr></token><token id="707052" text="книги"><tfr rev_id="3445123" t="книги"><v><l id="134823" t="книга"><g v="NOUN"></g><g v="inan"></g><g v="femn"></g><g v="sing"></g><g v="gent"></g></l></v></tfr></token><token id="707053" text="—"><tfr rev_id="2447484" t="—"><v><l id="0" t="—"><g v="PNCT"></g></l></v></tfr></token><token id="707054" text="персонаж"><tfr rev_id="4331767" t="персонаж"><v><l id="237445" t="персонаж"><g v="NOUN"></g><g v="anim"></g><g v="masc"></g><g v="Inmx"></g><g v="sing"></g><g v="nomn"></g></l></v></tfr></token><token id="707055" text="американского"><tfr rev_id="4486526" t="американского"><v><l id="11429" t="американский"><g v="ADJF"></g><g v="masc"></g><g v="sing"></g><g v="gent"></g></l></v></tfr></token><token id="707056" text="телесериала"><tfr rev_id="1538913" t="телесериала"><v><l id="344283" t="телесериал"><g v="NOUN"></g><g v="inan"></g><g v="masc"></g><g v="sing"></g><g v="gent"></g></l></v></tfr></token><token id="707057" text="."><tfr rev_id="1538914" t="."><v><l id="0" t="."><g v="PNCT"></g></l></v></tfr></token></tokens></sentence></paragraph><paragraph id="12788"><sentence id="39763"><source>Сериал Californication под разными названиями («Калифрения», «Блудливая Калифорния», «Плейбой из Калифорнии») в разное время шёл на Первом, MTV и ДТВ.</source><tokens><token id="707058" text="Сериал"><tfr rev_id="1538915" t="Сериал"><v><l id="319271" t="сериал"><g v="NOUN"></g><g v="inan"></g><g v="masc"></g><g v="sing"></g><g v="nomn"></g></l></v><v><l id="319271" t="сериал"><g v="NOUN"></g><g v="inan"></g><g v="masc"></g><g v="sing"></g><g v="accs"></g></l></v></tfr></token><token id="707059" text="Californication"><tfr rev_id="2475554" t="Californication"><v><l id="0" t="Californication"><g v="LATN"></g></l></v></tfr></token><token id="707060" text="под"><tfr rev_id="2603837" t="под"><v><l id="243755" t="под"><g v="PREP"></g></l></v></tfr></token><token id="707061" text="разными"><tfr rev_id="1538918" t="разными"><v><l id="296007" t="разный"><g v="ADJF"></g><g v="Qual"></g><g v="plur"></g><g v="ablt"></g></l></v></tfr></token><token id="707062" text="названиями"><tfr rev_id="1538919" t="названиями"><v><l id="170336" t="название"><g v="NOUN"></g><g v="inan"></g><g v="neut"></g><g v="plur"></g><g v="ablt"></g></l></v></tfr></token><token id="707063" text="("><tfr rev_id="1538920" t="("><v><l id="0" t="("><g v="PNCT"></g></l></v></tfr></token><token id="707064" text="«"><tfr rev_id="2447485" t="«"><v><l id="0" t="«"><g v="PNCT"></g></l></v></tfr></token><token id="707065" text="Калифрения"><tfr rev_id="1538922" t="Калифрения"><v><l id="0" t="калифрения"><g v="UNKN"></g></l></v></tfr></token><token id="707066" text="»"><tfr rev_id="2447486" t="»"><v><l id="0" t="»"><g v="PNCT"></g></l></v></tfr></token><token id="707067" text=","><tfr rev_id="1538924" t=","><v><l id="0" t=","><g v="PNCT"></g></l></v></tfr></token><token id="707068" text="«"><tfr rev_id="2447487" t="«"><v><l id="0" t="«"><g v="PNCT"></g></l></v></tfr></token><token id="707069" text="Блудливая"><tfr rev_id="1538926" t="Блудливая"><v><l id="31080" t="блудливый"><g v="ADJF"></g><g v="Qual"></g><g v="femn"></g><g v="sing"></g><g v="nomn"></g></l></v></tfr></token><token id="707070" text="Калифорния"><tfr rev_id="4175979" t="Калифорния"><v><l id="128581" t="калифорния"><g v="NOUN"></g><g v="inan"></g><g v="femn"></g><g v="Sgtm"></g><g v="Geox"></g><g v="sing"></g><g v="nomn"></g></l></v></tfr></token><token id="707071" text="»"><tfr rev_id="2447488" t="»"><v><l id="0" t="»"><g v="PNCT"></g></l></v></tfr></token><token id="707072" text=","><tfr rev_id="1538929" t=","><v><l id="0" t=","><g v="PNCT"></g></l></v></tfr></token><token id="707073" text="«"><tfr rev_id="2447489" t="«"><v><l id="0" t="«"><g v="PNCT"></g></l></v></tfr></token><token id="707074" text="Плейбой"><tfr rev_id="1538931" t="Плейбой"><v><l id="240217" t="плейбой"><g v="NOUN"></g><g v="anim"></g><g v="masc"></g><g v="sing"></g><g v="nomn"></g></l></v></tfr></token><token id="707075" text="из"><tfr rev_id="2560579" t="из"><v><l id="117677" t="из"><g v="PREP"></g></l></v></tfr></token><token id="707076" text="Калифорнии"><tfr rev_id="4314079" t="Калифорнии"><v><l id="128581" t="калифорния"><g v="NOUN"></g><g v="inan"></g><g v="femn"></g><g v="Sgtm"></g><g v="Geox"></g><g v="sing"></g><g v="gent"></g></l></v></tfr></token><token id="707077" text="»"><tfr rev_id="2447490" t="»"><v><l id="0" t="»"><g v="PNCT"></g></l></v></tfr></token><token id="707078" text=")"><tfr rev_id="1538935" t=")"><v><l id="0" t=")"><g v="PNCT"></g></l></v></tfr></token><token id="707079" text="в"><tfr rev_id="1538936" t="в"><v><l id="37409" t="в"><g v="PREP"></g></l></v></tfr></token><token id="707080" text="разное"><tfr rev_id="3667553" t="разное"><v><l id="296007" t="разный"><g v="ADJF"></g><g v="Qual"></g><g v="neut"></g><g v="sing"></g><g v="accs"></g></l></v></tfr></token><token id="707081" text="время"><tfr rev_id="1538938" t="время"><v><l id="53149" t="время"><g v="NOUN"></g><g v="inan"></g><g v="neut"></g><g v="sing"></g><g v="nomn"></g></l></v><v><l id="53149" t="время"><g v="NOUN"></g><g v="inan"></g><g v="neut"></g><g v="sing"></g><g v="accs"></g></l></v></tfr></token><token id="707082" text="шёл"><tfr rev_id="1538939" t="шёл"><v><l id="117566" t="иду"><g v="VERB"></g><g v="impf"></g><g v="intr"></g><g v="masc"></g><g v="sing"></g><g v="past"></g><g v="indc"></g></l></v></tfr></token><token id="707083" text="на"><tfr rev_id="3343240" t="на"><v><l id="166264" t="на"><g v="PREP"></g></l></v></tfr></token><token id="707084" text="Первом"><tfr rev_id="4373305" t="Первом"><v><l id="226359" t="первый"><g v="ADJF"></g><g v="Anum"></g><g v="masc"></g><g v="sing"></g><g v="loct"></g></l></v></tfr></token><token id="707085" text=","><tfr rev_id="1538942" t=","><v><l id="0" t=","><g v="PNCT"></g></l></v></tfr></token><token id="707086" text="MTV"><tfr rev_id="2475555" t="MTV"><v><l id="0" t="MTV"><g v="LATN"></g></l></v></tfr></token><token id="707087" text="и"><tfr rev_id="1538944" t="и"><v><l id="116949" t="и"><g v="CONJ"></g></l></v><v><l id="116950" t="и"><g v="INTJ"></g></l></v></tfr></token><token id="707088" text="ДТВ"><tfr rev_id="1538945" t="ДТВ"><v><l id="0" t="дтв"><g v="UNKN"></g></l></v></tfr></token><token id="707089" text="."><tfr rev_id="1538946" t="."><v><l id="0" t="."><g v="PNCT"></g></l></v></tfr></token></tokens></sentence><sentence id="39764"><source>А несколько дней назад в Америке (и, конечно, на торрентах) прошла премьера первой серии четвёртого сезона.</source><tokens><token id="707090" text="А"><tfr rev_id="1538947" t="А"><v><l id="51" t="а"><g v="CONJ"></g></l></v><v><l id="52" t="а"><g v="INTJ"></g></l></v><v><l id="53" t="а"><g v="PRCL"></g></l></v></tfr></token><token id="707091" text="несколько"><tfr rev_id="4176728" t="несколько"><v><l id="188126" t="несколько"><g v="NUMR"></g><g v="nomn"></g></l></v><v><l id="188126" t="несколько"><g v="NUMR"></g><g v="inan"></g><g v="accs"></g></l></v></tfr></token><token id="707092" text="дней"><tfr rev_id="1538949" t="дней"><v><l id="81427" t="день"><g v="NOUN"></g><g v="inan"></g><g v="masc"></g><g v="plur"></g><g v="gent"></g></l></v></tfr></token><token id="707093" text="назад"><tfr rev_id="1538950" t="назад"><v><l id="170252" t="назад"><g v="ADVB"></g></l></v></tfr></token><token id="707094" text="в"><tfr rev_id="1538951" t="в"><v><l id="37409" t="в"><g v="PREP"></g></l></v></tfr></token><token id="707095" text="Америке"><tfr rev_id="3446901" t="Америке"><v><l id="11393" t="америка"><g v="NOUN"></g><g v="inan"></g><g v="femn"></g><g v="Sgtm"></g><g v="Geox"></g><g v="sing"></g><g v="loct"></g></l></v></tfr></token><token id="707096" text="("><tfr rev_id="1538953" t="("><v><l id="0" t="("><g v="PNCT"></g></l></v></tfr></token><token id="707097" text="и"><tfr rev_id="1538954" t="и"><v><l id="116949" t="и"><g v="CONJ"></g></l></v><v><l id="116950" t="и"><g v="INTJ"></g></l></v></tfr></token><token id="707098" text=","><tfr rev_id="1538955" t=","><v><l id="0" t=","><g v="PNCT"></g></l></v></tfr></token><token id="707099" text="конечно"><tfr rev_id="1538956" t="конечно"><v><l id="137817" t="конечно"><g v="CONJ"></g><g v="Prnt"></g></l></v><v><l id="137818" t="конечно"><g v="PRCL"></g></l></v><v><l id="137822" t="конечен"><g v="ADJS"></g><g v="Qual"></g><g v="neut"></g><g v="sing"></g></l></v></tfr></token><token id="707100" text=","><tfr rev_id="1538957" t=","><v><l id="0" t=","><g v="PNCT"></g></l></v></tfr></token><token id="707101" text="на"><tfr rev_id="3397951" t="на"><v><l id="166264" t="на"><g v="PREP"></g></l></v></tfr></token><token id="707102" text="торрентах"><tfr rev_id="2508682" t="торрентах"><v><l id="388602" t="торрент"><g v="NOUN"></g><g v="inan"></g><g v="masc"></g><g v="plur"></g><g v="loct"></g></l></v></tfr></token><token id="707103" text=")"><tfr rev_id="1538960" t=")"><v><l id="0" t=")"><g v="PNCT"></g></l></v></tfr></token><token id="707104" text="прошла"><tfr rev_id="4328260" t="прошла"><v><l id="280310" t="прошёл"><g v="VERB"></g><g v="perf"></g><g v="tran"></g><g v="femn"></g><g v="sing"></g><g v="past"></g><g v="indc"></g></l></v></tfr></token><token id="707105" text="премьера"><tfr rev_id="4337513" t="премьера"><v><l id="267777" t="премьера"><g v="NOUN"></g><g v="inan"></g><g v="femn"></g><g v="sing"></g><g v="nomn"></g></l></v></tfr></token><token id="707106" text="первой"><tfr rev_id="4417536" t="первой"><v><l id="226359" t="первый"><g v="ADJF"></g><g v="Anum"></g><g v="femn"></g><g v="sing"></g><g v="gent"></g></l></v></tfr></token><token id="707107" text="серии"><tfr rev_id="3557549" t="серии"><v><l id="319321" t="серия"><g v="NOUN"></g><g v="inan"></g><g v="femn"></g><g v="sing"></g><g v="gent"></g></l></v></tfr></token><token id="707108" text="четвёртого"><tfr rev_id="3454109" t="четвёртого"><v><l id="376074" t="четвёртый"><g v="ADJF"></g><g v="Anum"></g><g v="masc"></g><g v="sing"></g><g v="gent"></g></l></v><v><l id="376074" t="четвёртый"><g v="ADJF"></g><g v="Anum"></g><g v="anim"></g><g v="masc"></g><g v="sing"></g><g v="accs"></g></l></v></tfr></token><token id="707109" text="сезона"><tfr rev_id="1538966" t="сезона"><v><l id="317857" t="сезон"><g v="NOUN"></g><g v="inan"></g><g v="masc"></g><g v="sing"></g><g v="gent"></g></l></v></tfr></token><token id="707110" text="."><tfr rev_id="1538967" t="."><v><l id="0" t="."><g v="PNCT"></g></l></v></tfr></token></tokens></sentence></paragraph><paragraph id="12789"><sentence id="39765"><source>Главный герой этого сериала — Хэнк Муди в исполнении Дэвида Духовны — известный писатель, автор романа «Бог ненавидит нас всех».</source><tokens><token id="707111" text="Главный"><tfr rev_id="1538968" t="Главный"><v><l id="70842" t="главный"><g v="ADJF"></g><g v="Qual"></g><g v="masc"></g><g v="sing"></g><g v="nomn"></g></l></v><v><l id="70842" t="главный"><g v="ADJF"></g><g v="Qual"></g><g v="inan"></g><g v="masc"></g><g v="sing"></g><g v="accs"></g></l></v></tfr></token><token id="707112" text="герой"><tfr rev_id="4177710" t="герой"><v><l id="69212" t="герой"><g v="NOUN"></g><g v="anim"></g><g v="masc"></g><g v="sing"></g><g v="nomn"></g></l></v></tfr></token><token id="707113" text="этого"><tfr rev_id="4486720" t="этого"><v><l id="386581" t="этот"><g v="ADJF"></g><g v="Subx"></g><g v="Apro"></g><g v="Anph"></g><g v="masc"></g><g v="sing"></g><g v="gent"></g></l></v><v><l id="386581" t="этот"><g v="ADJF"></g><g v="Subx"></g><g v="Apro"></g><g v="Anph"></g><g v="anim"></g><g v="masc"></g><g v="sing"></g><g v="accs"></g></l></v></tfr></token><token id="707114" text="сериала"><tfr rev_id="1538971" t="сериала"><v><l id="319271" t="сериал"><g v="NOUN"></g><g v="inan"></g><g v="masc"></g><g v="sing"></g><g v="gent"></g></l></v></tfr></token><token id="707115" text="—"><tfr rev_id="2447491" t="—"><v><l id="0" t="—"><g v="PNCT"></g></l></v></tfr></token><token id="707116" text="Хэнк"><tfr rev_id="1538973" t="Хэнк"><v><l id="0" t="хэнк"><g v="UNKN"></g></l></v></tfr></token><token id="707117" text="Муди"><tfr rev_id="1538974" t="Муди"><v><l id="0" t="муди"><g v="UNKN"></g></l></v></tfr></token><token id="707118" text="в"><tfr rev_id="1538975" t="в"><v><l id="37409" t="в"><g v="PREP"></g></l></v></tfr></token><token id="707119" text="исполнении"><tfr rev_id="1538976" t="исполнении"><v><l id="125355" t="исполнение"><g v="NOUN"></g><g v="inan"></g><g v="neut"></g><g v="sing"></g><g v="loct"></g></l></v></tfr></token><token id="707120" text="Дэвида"><tfr rev_id="3676089" t="Дэвида"><v><l id="93657" t="дэвид"><g v="NOUN"></g><g v="anim"></g><g v="masc"></g><g v="Name"></g><g v="sing"></g><g v="gent"></g></l></v></tfr></token><token id="707121" text="Духовны"><tfr rev_id="4504532" t="Духовны"><v><l id="0" t="Духовны"><g v="UNKN"></g></l></v></tfr></token><token id="707122" text="—"><tfr rev_id="2447492" t="—"><v><l id="0" t="—"><g v="PNCT"></g></l></v></tfr></token><token id="707123" text="известный"><tfr rev_id="1538980" t="известный"><v><l id="118144" t="известный"><g v="ADJF"></g><g v="Qual"></g><g v="masc"></g><g v="sing"></g><g v="nomn"></g></l></v><v><l id="118144" t="известный"><g v="ADJF"></g><g v="Qual"></g><g v="inan"></g><g v="masc"></g><g v="sing"></g><g v="accs"></g></l></v></tfr></token><token id="707124" text="писатель"><tfr rev_id="1538981" t="писатель"><v><l id="239097" t="писатель"><g v="NOUN"></g><g v="anim"></g><g v="masc"></g><g v="sing"></g><g v="nomn"></g></l></v></tfr></token><token id="707125" text=","><tfr rev_id="1538982" t=","><v><l id="0" t=","><g v="PNCT"></g></l></v></tfr></token><token id="707126" text="автор"><tfr rev_id="1538983" t="автор"><v><l id="3371" t="автор"><g v="NOUN"></g><g v="anim"></g><g v="masc"></g><g v="sing"></g><g v="nomn"></g></l></v></tfr></token><token id="707127" text="романа"><tfr rev_id="4337454" t="романа"><v><l id="308825" t="роман"><g v="NOUN"></g><g v="inan"></g><g v="masc"></g><g v="sing"></g><g v="gent"></g></l></v></tfr></token><token id="707128" text="«"><tfr rev_id="2447493" t="«"><v><l id="0" t="«"><g v="PNCT"></g></l></v></tfr></token><token id="707129" text="Бог"><tfr rev_id="1538986" t="Бог"><v><l id="31350" t="бог"><g v="NOUN"></g><g v="anim"></g><g v="masc"></g><g v="sing"></g><g v="nomn"></g></l></v></tfr></token><token id="707130" text="ненавидит"><tfr rev_id="1538987" t="ненавидит"><v><l id="184340" t="ненавижу"><g v="VERB"></g><g v="impf"></g><g v="tran"></g><g v="sing"></g><g v="3per"></g><g v="pres"></g><g v="indc"></g></l></v></tfr></token><token id="707131" text="нас"><tfr rev_id="3499240" t="нас"><v><l id="165750" t="мы"><g v="NPRO"></g><g v="1per"></g><g v="plur"></g><g v="accs"></g></l></v></tfr></token><token id="707132" text="всех"><tfr rev_id="4135881" t="всех"><v><l id="42156" t="весь"><g v="ADJF"></g><g v="Subx"></g><g v="Apro"></g><g v="anim"></g><g v="plur"></g><g v="accs"></g></l></v></tfr></token><token id="707133" text="»"><tfr rev_id="2447494" t="»"><v><l id="0" t="»"><g v="PNCT"></g></l></v></tfr></token><token id="707134" text="."><tfr rev_id="1538991" t="."><v><l id="0" t="."><g v="PNCT"></g></l></v></tfr></token></tokens></sentence><sentence id="39766"><source>Нам предлагают сравнить его с Хэнком Чинаски — персонажем и альтер эго Чарльза Буковски.</source><tokens><token id="707135" text="Нам"><tfr rev_id="1538992" t="Нам"><v><l id="165750" t="мы"><g v="NPRO"></g><g v="1per"></g><g v="plur"></g><g v="datv"></g></l></v></tfr></token><token id="707136" text="предлагают"><tfr rev_id="1538993" t="предлагают"><v><l id="266518" t="предлагаю"><g v="VERB"></g><g v="impf"></g><g v="tran"></g><g v="plur"></g><g v="3per"></g><g v="pres"></g><g v="indc"></g></l></v></tfr></token><token id="707137" text="сравнить"><tfr rev_id="1538994" t="сравнить"><v><l id="333332" t="сравнить"><g v="INFN"></g><g v="perf"></g><g v="tran"></g></l></v></tfr></token><token id="707138" text="его"><tfr rev_id="4531682" t="его"><v><l id="206541" t="он"><g v="NPRO"></g><g v="masc"></g><g v="3per"></g><g v="Anph"></g><g v="sing"></g><g v="gent"></g></l></v><v><l id="206541" t="он"><g v="NPRO"></g><g v="masc"></g><g v="3per"></g><g v="Anph"></g><g v="sing"></g><g v="accs"></g></l></v><v><l id="206649" t="оно"><g v="NPRO"></g><g v="neut"></g><g v="3per"></g><g v="Anph"></g><g v="sing"></g><g v="gent"></g></l></v><v><l id="206649" t="оно"><g v="NPRO"></g><g v="neut"></g><g v="3per"></g><g v="Anph"></g><g v="sing"></g><g v="accs"></g></l></v></tfr></token><token id="707139" text="с"><tfr rev_id="1538996" t="с"><v><l id="311151" t="с"><g v="PREP"></g></l></v></tfr></token><token id="707140" text="Хэнком"><tfr rev_id="1538997" t="Хэнком"><v><l id="0" t="хэнком"><g v="UNKN"></g></l></v></tfr></token><token id="707141" text="Чинаски"><tfr rev_id="1538998" t="Чинаски"><v><l id="0" t="чинаски"><g v="UNKN"></g></l></v></tfr></token><token id="707142" text="—"><tfr rev_id="2447495" t="—"><v><l id="0" t="—"><g v="PNCT"></g></l></v></tfr></token><token id="707143" text="персонажем"><tfr rev_id="3467425" t="персонажем"><v><l id="237445" t="персонаж"><g v="NOUN"></g><g v="anim"></g><g v="masc"></g><g v="Inmx"></g><g v="sing"></g><g v="ablt"></g></l></v></tfr></token><token id="707144" text="и"><tfr rev_id="1539001" t="и"><v><l id="116949" t="и"><g v="CONJ"></g></l></v><v><l id="116950" t="и"><g v="INTJ"></g></l></v></tfr></token><token id="707145" text="альтер"><tfr rev_id="4555737" t="альтер"><v><l id="390577" t="альтер"><g v="ADJF"></g><g v="Fixd"></g><g v="femn"></g><g v="sing"></g><g v="ablt"></g></l></v><v><l id="390577" t="альтер"><g v="ADJF"></g><g v="Fixd"></g><g v="femn"></g><g v="sing"></g><g v="accs"></g></l></v><v><l id="390577" t="альтер"><g v="ADJF"></g><g v="Fixd"></g><g v="femn"></g><g v="sing"></g><g v="datv"></g></l></v><v><l id="390577" t="альтер"><g v="ADJF"></g><g v="Fixd"></g><g v="femn"></g><g v="sing"></g><g v="gent"></g></l></v><v><l id="390577" t="альтер"><g v="ADJF"></g><g v="Fixd"></g><g v="femn"></g><g v="sing"></g><g v="loct"></g></l></v><v><l id="390577" t="альтер"><g v="ADJF"></g><g v="Fixd"></g><g v="femn"></g><g v="sing"></g><g v="nomn"></g></l></v><v><l id="390577" t="альтер"><g v="ADJF"></g><g v="Fixd"></g><g v="masc"></g><g v="sing"></g><g v="ablt"></g></l></v><v><l id="390577" t="альтер"><g v="ADJF"></g><g v="Fixd"></g><g v="masc"></g><g v="sing"></g><g v="accs"></g></l></v><v><l id="390577" t="альтер"><g v="ADJF"></g><g v="Fixd"></g><g v="masc"></g><g v="sing"></g><g v="datv"></g></l></v><v><l id="390577" t="альтер"><g v="ADJF"></g><g v="Fixd"></g><g v="masc"></g><g v="sing"></g><g v="gent"></g></l></v><v><l id="390577" t="альтер"><g v="ADJF"></g><g v="Fixd"></g><g v="masc"></g><g v="sing"></g><g v="loct"></g></l></v><v><l id="390577" t="альтер"><g v="ADJF"></g><g v="Fixd"></g><g v="masc"></g><g v="sing"></g><g v="nomn"></g></l></v><v><l id="390577" t="альтер"><g v="ADJF"></g><g v="Fixd"></g><g v="neut"></g><g v="sing"></g><g v="ablt"></g></l></v><v><l id="390577" t="альтер"><g v="ADJF"></g><g v="Fixd"></g><g v="neut"></g><g v="sing"></g><g v="accs"></g></l></v><v><l id="390577" t="альтер"><g v="ADJF"></g><g v="Fixd"></g><g v="neut"></g><g v="sing"></g><g v="datv"></g></l></v><v><l id="390577" t="альтер"><g v="ADJF"></g><g v="Fixd"></g><g v="neut"></g><g v="sing"></g><g v="gent"></g></l></v><v><l id="390577" t="альтер"><g v="ADJF"></g><g v="Fixd"></g><g v="neut"></g><g v="sing"></g><g v="loct"></g></l></v><v><l id="390577" t="альтер"><g v="ADJF"></g><g v="Fixd"></g><g v="neut"></g><g v="sing"></g><g v="nomn"></g></l></v><v><l id="390577" t="альтер"><g v="ADJF"></g><g v="Fixd"></g><g v="plur"></g><g v="ablt"></g></l></v><v><l id="390577" t="альтер"><g v="ADJF"></g><g v="Fixd"></g><g v="plur"></g><g v="accs"></g></l></v><v><l id="390577" t="альтер"><g v="ADJF"></g><g v="Fixd"></g><g v="plur"></g><g v="datv"></g></l></v><v><l id="390577" t="альтер"><g v="ADJF"></g><g v="Fixd"></g><g v="plur"></g><g v="gent"></g></l></v><v><l id="390577" t="альтер"><g v="ADJF"></g><g v="Fixd"></g><g v="plur"></g><g v="loct"></g></l></v><v><l id="390577" t="альтер"><g v="ADJF"></g><g v="Fixd"></g><g v="plur"></g><g v="nomn"></g></l></v></tfr></token><token id="707146" text="эго"><tfr rev_id="3466473" t="эго"><v><l id="382914" t="эго"><g v="NOUN"></g><g v="inan"></g><g v="neut"></g><g v="Sgtm"></g><g v="Fixd"></g><g v="sing"></g><g v="ablt"></g></l></v></tfr></token><token id="707147" text="Чарльза"><tfr rev_id="4216551" t="Чарльза"><v><l id="374680" t="чарльз"><g v="NOUN"></g><g v="anim"></g><g v="masc"></g><g v="Name"></g><g v="sing"></g><g v="gent"></g></l></v></tfr></token><token id="707148" text="Буковски"><tfr rev_id="1539005" t="Буковски"><v><l id="0" t="буковски"><g v="UNKN"></g></l></v></tfr></token><token id="707149" text="."><tfr rev_id="1539006" t="."><v><l id="0" t="."><g v="PNCT"></g></l></v></tfr></token></tokens></sentence><sentence id="39767"><source>Муди много пьёт, бесчинствует, периодически попадает в тюрьму, спит с невероятным количеством женщин, при этом любит только одну.</source><tokens><token id="707150" text="Муди"><tfr rev_id="1539007" t="Муди"><v><l id="0" t="муди"><g v="UNKN"></g></l></v></tfr></token><token id="707151" text="много"><tfr rev_id="4181034" t="много"><v><l id="161428" t="много"><g v="ADVB"></g><g v="Prdx"></g></l></v></tfr></token><token id="707152" text="пьёт"><tfr rev_id="1539009" t="пьёт"><v><l id="239290" t="пью"><g v="VERB"></g><g v="impf"></g><g v="tran"></g><g v="sing"></g><g v="3per"></g><g v="pres"></g><g v="indc"></g></l></v></tfr></token><token id="707153" text=","><tfr rev_id="1539010" t=","><v><l id="0" t=","><g v="PNCT"></g></l></v></tfr></token><token id="707154" text="бесчинствует"><tfr rev_id="1539011" t="бесчинствует"><v><l id="29090" t="бесчинствую"><g v="VERB"></g><g v="impf"></g><g v="intr"></g><g v="sing"></g><g v="3per"></g><g v="pres"></g><g v="indc"></g></l></v></tfr></token><token id="707155" text=","><tfr rev_id="1539012" t=","><v><l id="0" t=","><g v="PNCT"></g></l></v></tfr></token><token id="707156" text="периодически"><tfr rev_id="1539013" t="периодически"><v><l id="237163" t="периодически"><g v="ADVB"></g></l></v></tfr></token><token id="707157" text="попадает"><tfr rev_id="1539014" t="попадает"><v><l id="258942" t="попадаю"><g v="VERB"></g><g v="impf"></g><g v="intr"></g><g v="sing"></g><g v="3per"></g><g v="pres"></g><g v="indc"></g></l></v><v><l id="258947" t="попадал"><g v="VERB"></g><g v="perf"></g><g v="intr"></g><g v="sing"></g><g v="3per"></g><g v="futr"></g><g v="indc"></g></l></v></tfr></token><token id="707158" text="в"><tfr rev_id="1539015" t="в"><v><l id="37409" t="в"><g v="PREP"></g></l></v></tfr></token><token id="707159" text="тюрьму"><tfr rev_id="1539016" t="тюрьму"><v><l id="352528" t="тюрьма"><g v="NOUN"></g><g v="inan"></g><g v="femn"></g><g v="sing"></g><g v="accs"></g></l></v></tfr></token><token id="707160" text=","><tfr rev_id="1539017" t=","><v><l id="0" t=","><g v="PNCT"></g></l></v></tfr></token><token id="707161" text="спит"><tfr rev_id="2825350" t="спит"><v><l id="331611" t="сплю"><g v="VERB"></g><g v="impf"></g><g v="intr"></g><g v="sing"></g><g v="3per"></g><g v="pres"></g><g v="indc"></g></l></v></tfr></token><token id="707162" text="с"><tfr rev_id="1539019" t="с"><v><l id="311151" t="с"><g v="PREP"></g></l></v></tfr></token><token id="707163" text="невероятным"><tfr rev_id="4405367" t="невероятным"><v><l id="179678" t="невероятный"><g v="ADJF"></g><g v="Qual"></g><g v="neut"></g><g v="sing"></g><g v="ablt"></g></l></v></tfr></token><token id="707164" text="количеством"><tfr rev_id="1539021" t="количеством"><v><l id="135983" t="количество"><g v="NOUN"></g><g v="inan"></g><g v="neut"></g><g v="sing"></g><g v="ablt"></g></l></v></tfr></token><token id="707165" text="женщин"><tfr rev_id="3434947" t="женщин"><v><l id="96749" t="женщина"><g v="NOUN"></g><g v="anim"></g><g v="femn"></g><g v="plur"></g><g v="gent"></g></l></v></tfr></token><token id="707166" text=","><tfr rev_id="1539023" t=","><v><l id="0" t=","><g v="PNCT"></g></l></v></tfr></token><token id="707167" text="при"><tfr rev_id="2605175" t="при"><v><l id="268625" t="при"><g v="PREP"></g></l></v></tfr></token><token id="707168" text="этом"><tfr rev_id="3282518" t="этом"><v><l id="386575" t="это"><g v="NPRO"></g><g v="neut"></g><g v="sing"></g><g v="loct"></g></l></v></tfr></token><token id="707169" text="любит"><tfr rev_id="1539026" t="любит"><v><l id="151971" t="люблю"><g v="VERB"></g><g v="impf"></g><g v="tran"></g><g v="sing"></g><g v="3per"></g><g v="pres"></g><g v="indc"></g></l></v></tfr></token><token id="707170" text="только"><tfr rev_id="3784229" t="только"><v><l id="347395" t="только"><g v="CONJ"></g></l></v><v><l id="347396" t="только"><g v="PRCL"></g></l></v><v><l id="390053" t="только"><g v="ADVB"></g></l></v></tfr></token><token id="707171" text="одну"><tfr rev_id="4302846" t="одну"><v><l id="203319" t="один"><g v="ADJF"></g><g v="Apro"></g><g v="Anum"></g><g v="femn"></g><g v="sing"></g><g v="accs"></g></l></v></tfr></token><token id="707172" text="."><tfr rev_id="1539029" t="."><v><l id="0" t="."><g v="PNCT"></g></l></v></tfr></token></tokens></sentence><sentence id="39768"><source>Тем не менее он производит впечатление благородного, талантливого парня с лёгким негодяйским душком.</source><tokens><token id="707173" text="Тем"><tfr rev_id="4492183" t="Тем"><v><l id="344449" t="тем"><g v="CONJ"></g></l></v></tfr></token><token id="707174" text="не"><tfr rev_id="1539031" t="не"><v><l id="178876" t="не"><g v="PRCL"></g></l></v></tfr></token><token id="707175" text="менее"><tfr rev_id="1539032" t="менее"><v><l id="158343" t="менее"><g v="ADVB"></g></l></v></tfr></token><token id="707176" text="он"><tfr rev_id="3575881" t="он"><v><l id="206541" t="он"><g v="NPRO"></g><g v="masc"></g><g v="3per"></g><g v="Anph"></g><g v="sing"></g><g v="nomn"></g></l></v></tfr></token><token id="707177" text="производит"><tfr rev_id="1539034" t="производит"><v><l id="280103" t="произвожу"><g v="VERB"></g><g v="impf"></g><g v="tran"></g><g v="sing"></g><g v="3per"></g><g v="pres"></g><g v="indc"></g></l></v></tfr></token><token id="707178" text="впечатление"><tfr rev_id="1539035" t="впечатление"><v><l id="52404" t="впечатление"><g v="NOUN"></g><g v="inan"></g><g v="neut"></g><g v="sing"></g><g v="nomn"></g></l></v><v><l id="52404" t="впечатление"><g v="NOUN"></g><g v="inan"></g><g v="neut"></g><g v="sing"></g><g v="accs"></g></l></v></tfr></token><token id="707179" text="благородного"><tfr rev_id="3431026" t="благородного"><v><l id="30546" t="благородный"><g v="ADJF"></g><g v="Qual"></g><g v="masc"></g><g v="sing"></g><g v="gent"></g></l></v><v><l id="30546" t="благородный"><g v="ADJF"></g><g v="Qual"></g><g v="anim"></g><g v="masc"></g><g v="sing"></g><g v="accs"></g></l></v></tfr></token><token id="707180" text=","><tfr rev_id="1539037" t=","><v><l id="0" t=","><g v="PNCT"></g></l></v></tfr></token><token id="707181" text="талантливого"><tfr rev_id="3454761" t="талантливого"><v><l id="342611" t="талантливый"><g v="ADJF"></g><g v="Qual"></g><g v="masc"></g><g v="sing"></g><g v="gent"></g></l></v><v><l id="342611" t="талантливый"><g v="ADJF"></g><g v="Qual"></g><g v="anim"></g><g v="masc"></g><g v="sing"></g><g v="accs"></g></l></v></tfr></token><token id="707182" text="парня"><tfr rev_id="2826958" t="парня"><v><l id="224038" t="парень"><g v="NOUN"></g><g v="anim"></g><g v="masc"></g><g v="sing"></g><g v="gent"></g></l></v></tfr></token><token id="707183" text="с"><tfr rev_id="1539040" t="с"><v><l id="311151" t="с"><g v="PREP"></g></l></v></tfr></token><token id="707184" text="лёгким"><tfr rev_id="4511955" t="лёгким"><v><l id="146051" t="лёгкий"><g v="ADJF"></g><g v="Qual"></g><g v="masc"></g><g v="sing"></g><g v="ablt"></g></l></v></tfr></token><token id="707185" text="негодяйским"><tfr rev_id="4414303" t="негодяйским"><v><l id="180480" t="негодяйский"><g v="ADJF"></g><g v="masc"></g><g v="sing"></g><g v="ablt"></g></l></v></tfr></token><token id="707186" text="душком"><tfr rev_id="1539043" t="душком"><v><l id="93433" t="душок"><g v="NOUN"></g><g v="inan"></g><g v="masc"></g><g v="sing"></g><g v="ablt"></g></l></v></tfr></token><token id="707187" text="."><tfr rev_id="1539044" t="."><v><l id="0" t="."><g v="PNCT"></g></l></v></tfr></token></tokens></sentence></paragraph><paragraph id="12790"><sentence id="39769"><source>И пусть автор произведения выдуман телеканалом Showtime, сам роман вполне реален.</source><tokens><token id="707188" text="И"><tfr rev_id="1539045" t="И"><v><l id="116949" t="и"><g v="CONJ"></g></l></v><v><l id="116950" t="и"><g v="INTJ"></g></l></v></tfr></token><token id="707189" text="пусть"><tfr rev_id="1539046" t="пусть"><v><l id="289478" t="пусть"><g v="CONJ"></g></l></v><v><l id="289479" t="пусть"><g v="PRCL"></g></l></v></tfr></token><token id="707190" text="автор"><tfr rev_id="1539047" t="автор"><v><l id="3371" t="автор"><g v="NOUN"></g><g v="anim"></g><g v="masc"></g><g v="sing"></g><g v="nomn"></g></l></v></tfr></token><token id="707191" text="произведения"><tfr rev_id="3097760" t="произведения"><v><l id="280082" t="произведение"><g v="NOUN"></g><g v="inan"></g><g v="neut"></g><g v="sing"></g><g v="gent"></g></l></v></tfr></token><token id="707192" text="выдуман"><tfr rev_id="1539049" t="выдуман"><v><l id="57221" t="выдуман"><g v="PRTS"></g><g v="perf"></g><g v="past"></g><g v="pssv"></g><g v="masc"></g><g v="sing"></g></l></v></tfr></token><token id="707193" text="телеканалом"><tfr rev_id="1539050" t="телеканалом"><v><l id="344167" t="телеканал"><g v="NOUN"></g><g v="inan"></g><g v="masc"></g><g v="sing"></g><g v="ablt"></g></l></v></tfr></token><token id="707194" text="Showtime"><tfr rev_id="2475556" t="Showtime"><v><l id="0" t="Showtime"><g v="LATN"></g></l></v></tfr></token><token id="707195" text=","><tfr rev_id="1539052" t=","><v><l id="0" t=","><g v="PNCT"></g></l></v></tfr></token><token id="707196" text="сам"><tfr rev_id="1539053" t="сам"><v><l id="312034" t="сам"><g v="ADJF"></g><g v="Apro"></g><g v="masc"></g><g v="sing"></g><g v="nomn"></g></l></v><v><l id="312034" t="сам"><g v="ADJF"></g><g v="Apro"></g><g v="inan"></g><g v="masc"></g><g v="sing"></g><g v="accs"></g></l></v></tfr></token><token id="707197" text="роман"><tfr rev_id="2722537" t="роман"><v><l id="308825" t="роман"><g v="NOUN"></g><g v="inan"></g><g v="masc"></g><g v="sing"></g><g v="nomn"></g></l></v><v><l id="308825" t="роман"><g v="NOUN"></g><g v="inan"></g><g v="masc"></g><g v="sing"></g><g v="accs"></g></l></v><v><l id="308826" t="роман"><g v="NOUN"></g><g v="anim"></g><g v="masc"></g><g v="Sgtm"></g><g v="Surn"></g><g v="sing"></g><g v="nomn"></g></l></v><v><l id="308827" t="роман"><g v="NOUN"></g><g v="anim"></g><g v="femn"></g><g v="Sgtm"></g><g v="Fixd"></g><g v="Surn"></g><g v="sing"></g><g v="nomn"></g></l></v><v><l id="308827" t="роман"><g v="NOUN"></g><g v="anim"></g><g v="femn"></g><g v="Sgtm"></g><g v="Fixd"></g><g v="Surn"></g><g v="sing"></g><g v="gent"></g></l></v><v><l id="308827" t="роман"><g v="NOUN"></g><g v="anim"></g><g v="femn"></g><g v="Sgtm"></g><g v="Fixd"></g><g v="Surn"></g><g v="sing"></g><g v="datv"></g></l></v><v><l id="308827" t="роман"><g v="NOUN"></g><g v="anim"></g><g v="femn"></g><g v="Sgtm"></g><g v="Fixd"></g><g v="Surn"></g><g v="sing"></g><g v="accs"></g></l></v><v><l id="308827" t="роман"><g v="NOUN"></g><g v="anim"></g><g v="femn"></g><g v="Sgtm"></g><g v="Fixd"></g><g v="Surn"></g><g v="sing"></g><g v="ablt"></g></l></v><v><l id="308827" t="роман"><g v="NOUN"></g><g v="anim"></g><g v="femn"></g><g v="Sgtm"></g><g v="Fixd"></g><g v="Surn"></g><g v="sing"></g><g v="loct"></g></l></v><v><l id="308829" t="роман"><g v="NOUN"></g><g v="anim"></g><g v="masc"></g><g v="Name"></g><g v="sing"></g><g v="nomn"></g></l></v></tfr></token><token id="707198" text="вполне"><tfr rev_id="1539055" t="вполне"><v><l id="52647" t="вполне"><g v="ADVB"></g></l></v></tfr></token><token id="707199" text="реален"><tfr rev_id="1539056" t="реален"><v><l id="304460" t="реален"><g v="ADJS"></g><g v="Qual"></g><g v="masc"></g><g v="sing"></g></l></v></tfr></token><token id="707200" text="."><tfr rev_id="1539057" t="."><v><l id="0" t="."><g v="PNCT"></g></l></v></tfr></token></tokens></sentence><sentence id="39770"><source>В Америке он был опубликован ещё в позапрошлом году, и тамошние читатели уже имели возможность сравнить Хэнка Муди и с Чарльзом Буковски, и с Бретом Истоном Эллисом.</source><tokens><token id="707201" text="В"><tfr rev_id="1539058" t="В"><v><l id="37409" t="в"><g v="PREP"></g></l></v></tfr></token><token id="707202" text="Америке"><tfr rev_id="3537355" t="Америке"><v><l id="11393" t="америка"><g v="NOUN"></g><g v="inan"></g><g v="femn"></g><g v="Sgtm"></g><g v="Geox"></g><g v="sing"></g><g v="loct"></g></l></v></tfr></token><token id="707203" text="он"><tfr rev_id="3575882" t="он"><v><l id="206541" t="он"><g v="NPRO"></g><g v="masc"></g><g v="3per"></g><g v="Anph"></g><g v="sing"></g><g v="nomn"></g></l></v></tfr></token><token id="707204" text="был"><tfr rev_id="1539061" t="был"><v><l id="37265" t="есть"><g v="VERB"></g><g v="impf"></g><g v="intr"></g><g v="masc"></g><g v="sing"></g><g v="past"></g><g v="indc"></g></l></v></tfr></token><token id="707205" text="опубликован"><tfr rev_id="1539062" t="опубликован"><v><l id="208373" t="опубликован"><g v="PRTS"></g><g v="perf"></g><g v="past"></g><g v="pssv"></g><g v="masc"></g><g v="sing"></g></l></v></tfr></token><token id="707206" text="ещё"><tfr rev_id="1539063" t="ещё"><v><l id="95551" t="ещё"><g v="PRCL"></g></l></v><v><l id="95552" t="ещё"><g v="ADVB"></g></l></v></tfr></token><token id="707207" text="в"><tfr rev_id="1539064" t="в"><v><l id="37409" t="в"><g v="PREP"></g></l></v></tfr></token><token id="707208" text="позапрошлом"><tfr rev_id="3408374" t="позапрошлом"><v><l id="253393" t="позапрошлый"><g v="ADJF"></g><g v="masc"></g><g v="sing"></g><g v="loct"></g></l></v></tfr></token><token id="707209" text="году"><tfr rev_id="3045878" t="году"><v><l id="72149" t="год"><g v="NOUN"></g><g v="inan"></g><g v="masc"></g><g v="sing"></g><g v="loc2"></g></l></v></tfr></token><token id="707210" text=","><tfr rev_id="1539067" t=","><v><l id="0" t=","><g v="PNCT"></g></l></v></tfr></token><token id="707211" text="и"><tfr rev_id="1539068" t="и"><v><l id="116949" t="и"><g v="CONJ"></g></l></v><v><l id="116950" t="и"><g v="INTJ"></g></l></v></tfr></token><token id="707212" text="тамошние"><tfr rev_id="3793607" t="тамошние"><v><l id="342854" t="тамошний"><g v="ADJF"></g><g v="plur"></g><g v="nomn"></g></l></v></tfr></token><token id="707213" text="читатели"><tfr rev_id="1539070" t="читатели"><v><l id="376715" t="читатель"><g v="NOUN"></g><g v="anim"></g><g v="masc"></g><g v="plur"></g><g v="nomn"></g></l></v></tfr></token><token id="707214" text="уже"><tfr rev_id="2692929" t="уже"><v><l id="355422" t="уж"><g v="NOUN"></g><g v="anim"></g><g v="masc"></g><g v="sing"></g><g v="loct"></g></l></v><v><l id="355498" t="уже"><g v="ADVB"></g></l></v><v><l id="355674" t="уже"><g v="COMP"></g><g v="Qual"></g></l></v><v><l id="388673" t="уже"><g v="PRCL"></g></l></v></tfr></token><token id="707215" text="имели"><tfr rev_id="1539072" t="имели"><v><l id="121610" t="имею"><g v="VERB"></g><g v="impf"></g><g v="tran"></g><g v="plur"></g><g v="past"></g><g v="indc"></g></l></v></tfr></token><token id="707216" text="возможность"><tfr rev_id="1539073" t="возможность"><v><l id="49410" t="возможность"><g v="NOUN"></g><g v="inan"></g><g v="femn"></g><g v="sing"></g><g v="nomn"></g></l></v><v><l id="49410" t="возможность"><g v="NOUN"></g><g v="inan"></g><g v="femn"></g><g v="sing"></g><g v="accs"></g></l></v></tfr></token><token id="707217" text="сравнить"><tfr rev_id="1539074" t="сравнить"><v><l id="333332" t="сравнить"><g v="INFN"></g><g v="perf"></g><g v="tran"></g></l></v></tfr></token><token id="707218" text="Хэнка"><tfr rev_id="1539075" t="Хэнка"><v><l id="0" t="хэнка"><g v="UNKN"></g></l></v></tfr></token><token id="707219" text="Муди"><tfr rev_id="1539076" t="Муди"><v><l id="0" t="муди"><g v="UNKN"></g></l></v></tfr></token><token id="707220" text="и"><tfr rev_id="1539077" t="и"><v><l id="116949" t="и"><g v="CONJ"></g></l></v><v><l id="116950" t="и"><g v="INTJ"></g></l></v></tfr></token><token id="707221" text="с"><tfr rev_id="1539078" t="с"><v><l id="311151" t="с"><g v="PREP"></g></l></v></tfr></token><token id="707222" text="Чарльзом"><tfr rev_id="1539079" t="Чарльзом"><v><l id="374680" t="чарльз"><g v="NOUN"></g><g v="anim"></g><g v="masc"></g><g v="Name"></g><g v="sing"></g><g v="ablt"></g></l></v></tfr></token><token id="707223" text="Буковски"><tfr rev_id="1539080" t="Буковски"><v><l id="0" t="буковски"><g v="UNKN"></g></l></v></tfr></token><token id="707224" text=","><tfr rev_id="1539081" t=","><v><l id="0" t=","><g v="PNCT"></g></l></v></tfr></token><token id="707225" text="и"><tfr rev_id="1539082" t="и"><v><l id="116949" t="и"><g v="CONJ"></g></l></v><v><l id="116950" t="и"><g v="INTJ"></g></l></v></tfr></token><token id="707226" text="с"><tfr rev_id="1539083" t="с"><v><l id="311151" t="с"><g v="PREP"></g></l></v></tfr></token><token id="707227" text="Бретом"><tfr rev_id="1539084" t="Бретом"><v><l id="0" t="бретом"><g v="UNKN"></g></l></v></tfr></token><token id="707228" text="Истоном"><tfr rev_id="1539085" t="Истоном"><v><l id="0" t="истоном"><g v="UNKN"></g></l></v></tfr></token><token id="707229" text="Эллисом"><tfr rev_id="1539086" t="Эллисом"><v><l id="0" t="эллисом"><g v="UNKN"></g></l></v></tfr></token><token id="707230" text="."><tfr rev_id="1539087" t="."><v><l id="0" t="."><g v="PNCT"></g></l></v></tfr></token></tokens></sentence><sentence id="39771"><source>И, кажется, остались довольны.</source><tokens><token id="707231" text="И"><tfr rev_id="3409135" t="И"><v><l id="116949" t="и"><g v="CONJ"></g></l></v></tfr></token><token id="707232" text=","><tfr rev_id="1539089" t=","><v><l id="0" t=","><g v="PNCT"></g></l></v></tfr></token><token id="707233" text="кажется"><tfr rev_id="4214588" t="кажется"><v><l id="127876" t="кажется"><g v="CONJ"></g><g v="Prnt"></g></l></v></tfr></token><token id="707234" text=","><tfr rev_id="1539091" t=","><v><l id="0" t=","><g v="PNCT"></g></l></v></tfr></token><token id="707235" text="остались"><tfr rev_id="1539092" t="остались"><v><l id="210896" t="остался"><g v="VERB"></g><g v="perf"></g><g v="intr"></g><g v="plur"></g><g v="past"></g><g v="indc"></g></l></v></tfr></token><token id="707236" text="довольны"><tfr rev_id="1539093" t="довольны"><v><l id="86038" t="доволен"><g v="ADJS"></g><g v="Qual"></g><g v="plur"></g></l></v></tfr></token><token id="707237" text="."><tfr rev_id="1539094" t="."><v><l id="0" t="."><g v="PNCT"></g></l></v></tfr></token></tokens></sentence></paragraph><paragraph id="12791"><sentence id="39772"><source>Главный герой — юноша, которого родственник отправляет в Нью-Йорк за порцией марихуаны.</source><tokens><token id="707238" text="Главный"><tfr rev_id="1539095" t="Главный"><v><l id="70842" t="главный"><g v="ADJF"></g><g v="Qual"></g><g v="masc"></g><g v="sing"></g><g v="nomn"></g></l></v><v><l id="70842" t="главный"><g v="ADJF"></g><g v="Qual"></g><g v="inan"></g><g v="masc"></g><g v="sing"></g><g v="accs"></g></l></v></tfr></token><token id="707239" text="герой"><tfr rev_id="4077280" t="герой"><v><l id="69212" t="герой"><g v="NOUN"></g><g v="anim"></g><g v="masc"></g><g v="sing"></g><g v="nomn"></g></l></v></tfr></token><token id="707240" text="—"><tfr rev_id="2447496" t="—"><v><l id="0" t="—"><g v="PNCT"></g></l></v></tfr></token><token id="707241" text="юноша"><tfr rev_id="1539098" t="юноша"><v><l id="387069" t="юноша"><g v="NOUN"></g><g v="anim"></g><g v="masc"></g><g v="sing"></g><g v="nomn"></g></l></v></tfr></token><token id="707242" text=","><tfr rev_id="1539099" t=","><v><l id="0" t=","><g v="PNCT"></g></l></v></tfr></token><token id="707243" text="которого"><tfr rev_id="4206040" t="которого"><v><l id="141203" t="который"><g v="ADJF"></g><g v="Apro"></g><g v="Subx"></g><g v="Anph"></g><g v="masc"></g><g v="sing"></g><g v="gent"></g></l></v><v><l id="141203" t="который"><g v="ADJF"></g><g v="Apro"></g><g v="Subx"></g><g v="Anph"></g><g v="anim"></g><g v="masc"></g><g v="sing"></g><g v="accs"></g></l></v></tfr></token><token id="707244" text="родственник"><tfr rev_id="1539101" t="родственник"><v><l id="308412" t="родственник"><g v="NOUN"></g><g v="anim"></g><g v="masc"></g><g v="sing"></g><g v="nomn"></g></l></v></tfr></token><token id="707245" text="отправляет"><tfr rev_id="1539102" t="отправляет"><v><l id="216950" t="отправляю"><g v="VERB"></g><g v="impf"></g><g v="tran"></g><g v="sing"></g><g v="3per"></g><g v="pres"></g><g v="indc"></g></l></v></tfr></token><token id="707246" text="в"><tfr rev_id="1539103" t="в"><v><l id="37409" t="в"><g v="PREP"></g></l></v></tfr></token><token id="707247" text="Нью-Йорк"><tfr rev_id="4105882" t="Нью-Йорк"><v><l id="192831" t="нью-йорк"><g v="NOUN"></g><g v="inan"></g><g v="masc"></g><g v="Geox"></g><g v="sing"></g><g v="accs"></g></l></v></tfr></token><token id="707248" text="за"><tfr rev_id="1539105" t="за"><v><l id="98043" t="за"><g v="PREP"></g></l></v></tfr></token><token id="707249" text="порцией"><tfr rev_id="1539106" t="порцией"><v><l id="260878" t="порция"><g v="NOUN"></g><g v="inan"></g><g v="femn"></g><g v="sing"></g><g v="ablt"></g></l></v></tfr></token><token id="707250" text="марихуаны"><tfr rev_id="2908669" t="марихуаны"><v><l id="155248" t="марихуана"><g v="NOUN"></g><g v="inan"></g><g v="femn"></g><g v="sing"></g><g v="gent"></g></l></v></tfr></token><token id="707251" text="."><tfr rev_id="1539108" t="."><v><l id="0" t="."><g v="PNCT"></g></l></v></tfr></token></tokens></sentence><sentence id="39773"><source>Парень же травы купить забыл, зато устроился на работу курьером к наркодилеру.</source><tokens><token id="707252" text="Парень"><tfr rev_id="1539109" t="Парень"><v><l id="224038" t="парень"><g v="NOUN"></g><g v="anim"></g><g v="masc"></g><g v="sing"></g><g v="nomn"></g></l></v></tfr></token><token id="707253" text="же"><tfr rev_id="1539110" t="же"><v><l id="96208" t="же"><g v="CONJ"></g></l></v><v><l id="96209" t="же"><g v="PRCL"></g></l></v></tfr></token><token id="707254" text="травы"><tfr rev_id="2761288" t="травы"><v><l id="348602" t="трава"><g v="NOUN"></g><g v="inan"></g><g v="femn"></g><g v="sing"></g><g v="gent"></g></l></v></tfr></token><token id="707255" text="купить"><tfr rev_id="1539112" t="купить"><v><l id="145084" t="купить"><g v="INFN"></g><g v="perf"></g><g v="tran"></g></l></v></tfr></token><token id="707256" text="забыл"><tfr rev_id="1539113" t="забыл"><v><l id="99143" t="забыл"><g v="VERB"></g><g v="perf"></g><g v="tran"></g><g v="masc"></g><g v="sing"></g><g v="past"></g><g v="indc"></g></l></v></tfr></token><token id="707257" text=","><tfr rev_id="1539114" t=","><v><l id="0" t=","><g v="PNCT"></g></l></v></tfr></token><token id="707258" text="зато"><tfr rev_id="1539115" t="зато"><v><l id="111564" t="зато"><g v="CONJ"></g></l></v></tfr></token><token id="707259" text="устроился"><tfr rev_id="1539116" t="устроился"><v><l id="361248" t="устроился"><g v="VERB"></g><g v="perf"></g><g v="intr"></g><g v="masc"></g><g v="sing"></g><g v="past"></g><g v="indc"></g></l></v></tfr></token><token id="707260" text="на"><tfr rev_id="3393901" t="на"><v><l id="166264" t="на"><g v="PREP"></g></l></v></tfr></token><token id="707261" text="работу"><tfr rev_id="1539118" t="работу"><v><l id="290501" t="работа"><g v="NOUN"></g><g v="inan"></g><g v="femn"></g><g v="sing"></g><g v="accs"></g></l></v></tfr></token><token id="707262" text="курьером"><tfr rev_id="1539119" t="курьером"><v><l id="145607" t="курьер"><g v="NOUN"></g><g v="anim"></g><g v="masc"></g><g v="sing"></g><g v="ablt"></g></l></v></tfr></token><token id="707263" text="к"><tfr rev_id="1539120" t="к"><v><l id="127460" t="к"><g v="PREP"></g></l></v></tfr></token><token id="707264" text="наркодилеру"><tfr rev_id="1539121" t="наркодилеру"><v><l id="174643" t="наркодилер"><g v="NOUN"></g><g v="anim"></g><g v="masc"></g><g v="sing"></g><g v="datv"></g></l></v></tfr></token><token id="707265" text="."><tfr rev_id="1539122" t="."><v><l id="0" t="."><g v="PNCT"></g></l></v></tfr></token></tokens></sentence><sentence id="39774"><source>И жизнь его тут же приняла интересный оборот.</source><tokens><token id="707266" text="И"><tfr rev_id="3542377" t="И"><v><l id="116949" t="и"><g v="CONJ"></g></l></v></tfr></token><token id="707267" text="жизнь"><tfr rev_id="1539124" t="жизнь"><v><l id="97314" t="жизнь"><g v="NOUN"></g><g v="inan"></g><g v="femn"></g><g v="sing"></g><g v="nomn"></g></l></v><v><l id="97314" t="жизнь"><g v="NOUN"></g><g v="inan"></g><g v="femn"></g><g v="sing"></g><g v="accs"></g></l></v></tfr></token><token id="707268" text="его"><tfr rev_id="4512974" t="его"><v><l id="94208" t="его"><g v="ADJF"></g><g v="Fixd"></g><g v="Apro"></g><g v="Anph"></g><g v="femn"></g><g v="sing"></g><g v="nomn"></g></l></v><v><l id="94208" t="его"><g v="ADJF"></g><g v="Fixd"></g><g v="Apro"></g><g v="Anph"></g><g v="femn"></g><g v="sing"></g><g v="gent"></g></l></v><v><l id="94208" t="его"><g v="ADJF"></g><g v="Fixd"></g><g v="Apro"></g><g v="Anph"></g><g v="femn"></g><g v="sing"></g><g v="datv"></g></l></v><v><l id="94208" t="его"><g v="ADJF"></g><g v="Fixd"></g><g v="Apro"></g><g v="Anph"></g><g v="femn"></g><g v="sing"></g><g v="accs"></g></l></v><v><l id="94208" t="его"><g v="ADJF"></g><g v="Fixd"></g><g v="Apro"></g><g v="Anph"></g><g v="femn"></g><g v="sing"></g><g v="ablt"></g></l></v><v><l id="94208" t="его"><g v="ADJF"></g><g v="Fixd"></g><g v="Apro"></g><g v="Anph"></g><g v="femn"></g><g v="sing"></g><g v="loct"></g></l></v></tfr></token><token id="707269" text="тут"><tfr rev_id="4278325" t="тут"><v><l id="351923" t="тут"><g v="ADVB"></g><g v="Dmns"></g></l></v></tfr></token><token id="707270" text="же"><tfr rev_id="1539127" t="же"><v><l id="96208" t="же"><g v="CONJ"></g></l></v><v><l id="96209" t="же"><g v="PRCL"></g></l></v></tfr></token><token id="707271" text="приняла"><tfr rev_id="1539128" t="приняла"><v><l id="272700" t="принял"><g v="VERB"></g><g v="perf"></g><g v="tran"></g><g v="femn"></g><g v="sing"></g><g v="past"></g><g v="indc"></g></l></v></tfr></token><token id="707272" text="интересный"><tfr rev_id="3806601" t="интересный"><v><l id="123172" t="интересный"><g v="ADJF"></g><g v="Qual"></g><g v="inan"></g><g v="masc"></g><g v="sing"></g><g v="accs"></g></l></v></tfr></token><token id="707273" text="оборот"><tfr rev_id="4212716" t="оборот"><v><l id="198522" t="оборот"><g v="NOUN"></g><g v="inan"></g><g v="masc"></g><g v="sing"></g><g v="accs"></g></l></v></tfr></token><token id="707274" text="."><tfr rev_id="1539131" t="."><v><l id="0" t="."><g v="PNCT"></g></l></v></tfr></token></tokens></sentence></paragraph><paragraph id="12792"><sentence id="39775"><source>Ситуации, когда под авторством выдуманных персонажей в свет выходят вполне реальные книги, уже бывали.</source><tokens><token id="707275" text="Ситуации"><tfr rev_id="3795422" t="Ситуации"><v><l id="321441" t="ситуация"><g v="NOUN"></g><g v="inan"></g><g v="femn"></g><g v="plur"></g><g v="nomn"></g></l></v></tfr></token><token id="707276" text=","><tfr rev_id="1539133" t=","><v><l id="0" t=","><g v="PNCT"></g></l></v></tfr></token><token id="707277" text="когда"><tfr rev_id="1539134" t="когда"><v><l id="135239" t="когда"><g v="CONJ"></g></l></v><v><l id="135240" t="когда"><g v="ADVB"></g><g v="Ques"></g></l></v></tfr></token><token id="707278" text="под"><tfr rev_id="2601584" t="под"><v><l id="243755" t="под"><g v="PREP"></g></l></v></tfr></token><token id="707279" text="авторством"><tfr rev_id="1539136" t="авторством"><v><l id="3437" t="авторство"><g v="NOUN"></g><g v="inan"></g><g v="neut"></g><g v="sing"></g><g v="ablt"></g></l></v></tfr></token><token id="707280" text="выдуманных"><tfr rev_id="3944106" t="выдуманных"><v><l id="57220" t="выдуманный"><g v="PRTF"></g><g v="perf"></g><g v="tran"></g><g v="past"></g><g v="pssv"></g><g v="plur"></g><g v="gent"></g></l></v></tfr></token><token id="707281" text="персонажей"><tfr rev_id="4355604" t="персонажей"><v><l id="237445" t="персонаж"><g v="NOUN"></g><g v="anim"></g><g v="masc"></g><g v="Inmx"></g><g v="plur"></g><g v="gent"></g></l></v></tfr></token><token id="707282" text="в"><tfr rev_id="1539139" t="в"><v><l id="37409" t="в"><g v="PREP"></g></l></v></tfr></token><token id="707283" text="свет"><tfr rev_id="3695640" t="свет"><v><l id="315472" t="свет"><g v="NOUN"></g><g v="inan"></g><g v="masc"></g><g v="Sgtm"></g><g v="sing"></g><g v="accs"></g></l></v></tfr></token><token id="707284" text="выходят"><tfr rev_id="1539141" t="выходят"><v><l id="63962" t="выхожу"><g v="VERB"></g><g v="impf"></g><g v="intr"></g><g v="plur"></g><g v="3per"></g><g v="pres"></g><g v="indc"></g></l></v><v><l id="63967" t="выходил"><g v="VERB"></g><g v="perf"></g><g v="tran"></g><g v="plur"></g><g v="3per"></g><g v="futr"></g><g v="indc"></g></l></v></tfr></token><token id="707285" text="вполне"><tfr rev_id="1539142" t="вполне"><v><l id="52647" t="вполне"><g v="ADVB"></g></l></v></tfr></token><token id="707286" text="реальные"><tfr rev_id="4083130" t="реальные"><v><l id="304458" t="реальный"><g v="ADJF"></g><g v="Qual"></g><g v="plur"></g><g v="nomn"></g></l></v></tfr></token><token id="707287" text="книги"><tfr rev_id="3741346" t="книги"><v><l id="134823" t="книга"><g v="NOUN"></g><g v="inan"></g><g v="femn"></g><g v="plur"></g><g v="nomn"></g></l></v></tfr></token><token id="707288" text=","><tfr rev_id="1539145" t=","><v><l id="0" t=","><g v="PNCT"></g></l></v></tfr></token><token id="707289" text="уже"><tfr rev_id="2692930" t="уже"><v><l id="355422" t="уж"><g v="NOUN"></g><g v="anim"></g><g v="masc"></g><g v="sing"></g><g v="loct"></g></l></v><v><l id="355498" t="уже"><g v="ADVB"></g></l></v><v><l id="355674" t="уже"><g v="COMP"></g><g v="Qual"></g></l></v><v><l id="388673" t="уже"><g v="PRCL"></g></l></v></tfr></token><token id="707290" text="бывали"><tfr rev_id="1539147" t="бывали"><v><l id="36997" t="бываю"><g v="VERB"></g><g v="impf"></g><g v="intr"></g><g v="plur"></g><g v="past"></g><g v="indc"></g></l></v></tfr></token><token id="707291" text="."><tfr rev_id="1539148" t="."><v><l id="0" t="."><g v="PNCT"></g></l></v></tfr></token></tokens></sentence><sentence id="39776"><source>Был «Тайный дневник Лоры Палмер» (который написала дочь Дэвида Линча), был роман пассажира 815-го рейса «Зловещий близнец», в котором поклонники сериала Lost тщетно надеялись найти хоть какие-то ключи к хитросплетению сценария, и было множество романов Джессики Флетчер (неутомимая героиня сериала «Она написала убийство»).</source><tokens><token id="707292" text="Был"><tfr rev_id="1539149" t="Был"><v><l id="37265" t="есть"><g v="VERB"></g><g v="impf"></g><g v="intr"></g><g v="masc"></g><g v="sing"></g><g v="past"></g><g v="indc"></g></l></v></tfr></token><token id="707293" text="«"><tfr rev_id="2447497" t="«"><v><l id="0" t="«"><g v="PNCT"></g></l></v></tfr></token><token id="707294" text="Тайный"><tfr rev_id="4159825" t="Тайный"><v><l id="342432" t="тайный"><g v="ADJF"></g><g v="masc"></g><g v="sing"></g><g v="nomn"></g></l></v></tfr></token><token id="707295" text="дневник"><tfr rev_id="1539152" t="дневник"><v><l id="85113" t="дневник"><g v="NOUN"></g><g v="inan"></g><g v="masc"></g><g v="sing"></g><g v="nomn"></g></l></v><v><l id="85113" t="дневник"><g v="NOUN"></g><g v="inan"></g><g v="masc"></g><g v="sing"></g><g v="accs"></g></l></v></tfr></token><token id="707296" text="Лоры"><tfr rev_id="3436803" t="Лоры"><v><l id="150939" t="лора"><g v="NOUN"></g><g v="anim"></g><g v="femn"></g><g v="Name"></g><g v="sing"></g><g v="gent"></g></l></v></tfr></token><token id="707297" text="Палмер"><tfr rev_id="1539154" t="Палмер"><v><l id="0" t="палмер"><g v="UNKN"></g></l></v></tfr></token><token id="707298" text="»"><tfr rev_id="2447498" t="»"><v><l id="0" t="»"><g v="PNCT"></g></l></v></tfr></token><token id="707299" text="("><tfr rev_id="1539156" t="("><v><l id="0" t="("><g v="PNCT"></g></l></v></tfr></token><token id="707300" text="который"><tfr rev_id="3637497" t="который"><v><l id="141203" t="который"><g v="ADJF"></g><g v="Apro"></g><g v="Subx"></g><g v="Anph"></g><g v="masc"></g><g v="sing"></g><g v="nomn"></g></l></v><v><l id="141203" t="который"><g v="ADJF"></g><g v="Apro"></g><g v="Subx"></g><g v="Anph"></g><g v="inan"></g><g v="masc"></g><g v="sing"></g><g v="accs"></g></l></v></tfr></token><token id="707301" text="написала"><tfr rev_id="1539158" t="написала"><v><l id="173434" t="написал"><g v="VERB"></g><g v="perf"></g><g v="tran"></g><g v="femn"></g><g v="sing"></g><g v="past"></g><g v="indc"></g></l></v></tfr></token><token id="707302" text="дочь"><tfr rev_id="4099134" t="дочь"><v><l id="91414" t="дочь"><g v="NOUN"></g><g v="anim"></g><g v="femn"></g><g v="sing"></g><g v="nomn"></g></l></v></tfr></token><token id="707303" text="Дэвида"><tfr rev_id="3689803" t="Дэвида"><v><l id="93657" t="дэвид"><g v="NOUN"></g><g v="anim"></g><g v="masc"></g><g v="Name"></g><g v="sing"></g><g v="gent"></g></l></v></tfr></token><token id="707304" text="Линча"><tfr rev_id="4452843" t="Линча"><v><l id="390696" t="линч"><g v="NOUN"></g><g v="anim"></g><g v="masc"></g><g v="Sgtm"></g><g v="Surn"></g><g v="sing"></g><g v="accs"></g></l></v><v><l id="390696" t="линч"><g v="NOUN"></g><g v="anim"></g><g v="masc"></g><g v="Sgtm"></g><g v="Surn"></g><g v="sing"></g><g v="gent"></g></l></v></tfr></token><token id="707305" text=")"><tfr rev_id="1539162" t=")"><v><l id="0" t=")"><g v="PNCT"></g></l></v></tfr></token><token id="707306" text=","><tfr rev_id="1539163" t=","><v><l id="0" t=","><g v="PNCT"></g></l></v></tfr></token><token id="707307" text="был"><tfr rev_id="1539164" t="был"><v><l id="37265" t="есть"><g v="VERB"></g><g v="impf"></g><g v="intr"></g><g v="masc"></g><g v="sing"></g><g v="past"></g><g v="indc"></g></l></v></tfr></token><token id="707308" text="роман"><tfr rev_id="4454957" t="роман"><v><l id="308825" t="роман"><g v="NOUN"></g><g v="inan"></g><g v="masc"></g><g v="sing"></g><g v="nomn"></g></l></v></tfr></token><token id="707309" text="пассажира"><tfr rev_id="2826796" t="пассажира"><v><l id="224760" t="пассажир"><g v="NOUN"></g><g v="anim"></g><g v="masc"></g><g v="sing"></g><g v="gent"></g></l></v></tfr></token><token id="707310" text="815-го"><tfr rev_id="1539167" t="815-го"><v><l id="0" t="815-го"><g v="UNKN"></g></l></v></tfr></token><token id="707311" text="рейса"><tfr rev_id="1539168" t="рейса"><v><l id="305589" t="рейс"><g v="NOUN"></g><g v="inan"></g><g v="masc"></g><g v="sing"></g><g v="gent"></g></l></v></tfr></token><token id="707312" text="«"><tfr rev_id="2447499" t="«"><v><l id="0" t="«"><g v="PNCT"></g></l></v></tfr></token><token id="707313" text="Зловещий"><tfr rev_id="1539170" t="Зловещий"><v><l id="115650" t="зловещий"><g v="ADJF"></g><g v="Qual"></g><g v="masc"></g><g v="sing"></g><g v="nomn"></g></l></v><v><l id="115650" t="зловещий"><g v="ADJF"></g><g v="Qual"></g><g v="inan"></g><g v="masc"></g><g v="sing"></g><g v="accs"></g></l></v></tfr></token><token id="707314" text="близнец"><tfr rev_id="1539171" t="близнец"><v><l id="30873" t="близнец"><g v="NOUN"></g><g v="anim"></g><g v="masc"></g><g v="sing"></g><g v="nomn"></g></l></v></tfr></token><token id="707315" text="»"><tfr rev_id="2447500" t="»"><v><l id="0" t="»"><g v="PNCT"></g></l></v></tfr></token><token id="707316" text=","><tfr rev_id="1539173" t=","><v><l id="0" t=","><g v="PNCT"></g></l></v></tfr></token><token id="707317" text="в"><tfr rev_id="1539174" t="в"><v><l id="37409" t="в"><g v="PREP"></g></l></v></tfr></token><token id="707318" text="котором"><tfr rev_id="4372284" t="котором"><v><l id="141203" t="который"><g v="ADJF"></g><g v="Apro"></g><g v="Subx"></g><g v="Anph"></g><g v="masc"></g><g v="sing"></g><g v="loct"></g></l></v></tfr></token><token id="707319" text="поклонники"><tfr rev_id="1539176" t="поклонники"><v><l id="254382" t="поклонник"><g v="NOUN"></g><g v="anim"></g><g v="masc"></g><g v="plur"></g><g v="nomn"></g></l></v></tfr></token><token id="707320" text="сериала"><tfr rev_id="1539177" t="сериала"><v><l id="319271" t="сериал"><g v="NOUN"></g><g v="inan"></g><g v="masc"></g><g v="sing"></g><g v="gent"></g></l></v></tfr></token><token id="707321" text="Lost"><tfr rev_id="2475557" t="Lost"><v><l id="0" t="Lost"><g v="LATN"></g></l></v></tfr></token><token id="707322" text="тщетно"><tfr rev_id="4100944" t="тщетно"><v><l id="352119" t="тщетно"><g v="ADVB"></g></l></v></tfr></token><token id="707323" text="надеялись"><tfr rev_id="1539180" t="надеялись"><v><l id="168805" t="надеюсь"><g v="VERB"></g><g v="impf"></g><g v="intr"></g><g v="plur"></g><g v="past"></g><g v="indc"></g></l></v></tfr></token><token id="707324" text="найти"><tfr rev_id="1539181" t="найти"><v><l id="170612" t="найти"><g v="INFN"></g><g v="perf"></g><g v="tran"></g></l></v></tfr></token><token id="707325" text="хоть"><tfr rev_id="1539182" t="хоть"><v><l id="371728" t="хоть"><g v="PRCL"></g></l></v><v><l id="371729" t="хоть"><g v="CONJ"></g></l></v></tfr></token><token id="707326" text="какие-то"><tfr rev_id="3751813" t="какие-то"><v><l id="128227" t="какой-то"><g v="ADJF"></g><g v="Apro"></g><g v="inan"></g><g v="plur"></g><g v="accs"></g></l></v></tfr></token><token id="707327" text="ключи"><tfr rev_id="3716411" t="ключи"><v><l id="134733" t="ключ"><g v="NOUN"></g><g v="inan"></g><g v="masc"></g><g v="plur"></g><g v="accs"></g></l></v></tfr></token><token id="707328" text="к"><tfr rev_id="1539185" t="к"><v><l id="127460" t="к"><g v="PREP"></g></l></v></tfr></token><token id="707329" text="хитросплетению"><tfr rev_id="1539186" t="хитросплетению"><v><l id="370333" t="хитросплетение"><g v="NOUN"></g><g v="inan"></g><g v="neut"></g><g v="sing"></g><g v="datv"></g></l></v></tfr></token><token id="707330" text="сценария"><tfr rev_id="1539187" t="сценария"><v><l id="341042" t="сценарий"><g v="NOUN"></g><g v="inan"></g><g v="masc"></g><g v="sing"></g><g v="gent"></g></l></v></tfr></token><token id="707331" text=","><tfr rev_id="1539188" t=","><v><l id="0" t=","><g v="PNCT"></g></l></v></tfr></token><token id="707332" text="и"><tfr rev_id="1539189" t="и"><v><l id="116949" t="и"><g v="CONJ"></g></l></v><v><l id="116950" t="и"><g v="INTJ"></g></l></v></tfr></token><token id="707333" text="было"><tfr rev_id="2780924" t="было"><v><l id="37265" t="есть"><g v="VERB"></g><g v="impf"></g><g v="intr"></g><g v="neut"></g><g v="sing"></g><g v="past"></g><g v="indc"></g></l></v></tfr></token><token id="707334" text="множество"><tfr rev_id="4233474" t="множество"><v><l id="162121" t="множество"><g v="NOUN"></g><g v="inan"></g><g v="neut"></g><g v="sing"></g><g v="nomn"></g></l></v></tfr></token><token id="707335" text="романов"><tfr rev_id="4342750" t="романов"><v><l id="308825" t="роман"><g v="NOUN"></g><g v="inan"></g><g v="masc"></g><g v="plur"></g><g v="gent"></g></l></v></tfr></token><token id="707336" text="Джессики"><tfr rev_id="3445185" t="Джессики"><v><l id="82954" t="джессика"><g v="NOUN"></g><g v="anim"></g><g v="femn"></g><g v="Name"></g><g v="sing"></g><g v="gent"></g></l></v></tfr></token><token id="707337" text="Флетчер"><tfr rev_id="1539194" t="Флетчер"><v><l id="0" t="флетчер"><g v="UNKN"></g></l></v></tfr></token><token id="707338" text="("><tfr rev_id="1539195" t="("><v><l id="0" t="("><g v="PNCT"></g></l></v></tfr></token><token id="707339" text="неутомимая"><tfr rev_id="1539196" t="неутомимая"><v><l id="189546" t="неутомимый"><g v="ADJF"></g><g v="Qual"></g><g v="femn"></g><g v="sing"></g><g v="nomn"></g></l></v></tfr></token><token id="707340" text="героиня"><tfr rev_id="1539197" t="героиня"><v><l id="69209" t="героиня"><g v="NOUN"></g><g v="anim"></g><g v="femn"></g><g v="sing"></g><g v="nomn"></g></l></v></tfr></token><token id="707341" text="сериала"><tfr rev_id="1539198" t="сериала"><v><l id="319271" t="сериал"><g v="NOUN"></g><g v="inan"></g><g v="masc"></g><g v="sing"></g><g v="gent"></g></l></v></tfr></token><token id="707342" text="«"><tfr rev_id="2447501" t="«"><v><l id="0" t="«"><g v="PNCT"></g></l></v></tfr></token><token id="707343" text="Она"><tfr rev_id="3586595" t="Она"><v><l id="206544" t="она"><g v="NPRO"></g><g v="femn"></g><g v="3per"></g><g v="Anph"></g><g v="sing"></g><g v="nomn"></g></l></v></tfr></token><token id="707344" text="написала"><tfr rev_id="1539201" t="написала"><v><l id="173434" t="написал"><g v="VERB"></g><g v="perf"></g><g v="tran"></g><g v="femn"></g><g v="sing"></g><g v="past"></g><g v="indc"></g></l></v></tfr></token><token id="707345" text="убийство"><tfr rev_id="1539202" t="убийство"><v><l id="352998" t="убийство"><g v="NOUN"></g><g v="inan"></g><g v="neut"></g><g v="sing"></g><g v="nomn"></g></l></v><v><l id="352998" t="убийство"><g v="NOUN"></g><g v="inan"></g><g v="neut"></g><g v="sing"></g><g v="accs"></g></l></v></tfr></token><token id="707346" text="»"><tfr rev_id="2447502" t="»"><v><l id="0" t="»"><g v="PNCT"></g></l></v></tfr></token><token id="707347" text=")"><tfr rev_id="1539204" t=")"><v><l id="0" t=")"><g v="PNCT"></g></l></v></tfr></token><token id="707348" text="."><tfr rev_id="1539205" t="."><v><l id="0" t="."><g v="PNCT"></g></l></v></tfr></token></tokens></sentence></paragraph><paragraph id="12793"><sentence id="39777"><source>Словом, зрители не хотят расставаться с героями любимых сериалов, а издатели охотно потакают их желаниям.</source><tokens><token id="707349" text="Словом"><tfr rev_id="4453988" t="Словом"><v><l id="325181" t="словом"><g v="CONJ"></g><g v="Prnt"></g></l></v></tfr></token><token id="707350" text=","><tfr rev_id="1539207" t=","><v><l id="0" t=","><g v="PNCT"></g></l></v></tfr></token><token id="707351" text="зрители"><tfr rev_id="1539208" t="зрители"><v><l id="116577" t="зритель"><g v="NOUN"></g><g v="anim"></g><g v="masc"></g><g v="plur"></g><g v="nomn"></g></l></v></tfr></token><token id="707352" text="не"><tfr rev_id="1539209" t="не"><v><l id="178876" t="не"><g v="PRCL"></g></l></v></tfr></token><token id="707353" text="хотят"><tfr rev_id="1539210" t="хотят"><v><l id="371713" t="хочу"><g v="VERB"></g><g v="impf"></g><g v="tran"></g><g v="plur"></g><g v="3per"></g><g v="pres"></g><g v="indc"></g></l></v></tfr></token><token id="707354" text="расставаться"><tfr rev_id="1539211" t="расставаться"><v><l id="301386" t="расставаться"><g v="INFN"></g><g v="impf"></g><g v="intr"></g></l></v></tfr></token><token id="707355" text="с"><tfr rev_id="1539212" t="с"><v><l id="311151" t="с"><g v="PREP"></g></l></v></tfr></token><token id="707356" text="героями"><tfr rev_id="1539213" t="героями"><v><l id="69212" t="герой"><g v="NOUN"></g><g v="anim"></g><g v="masc"></g><g v="plur"></g><g v="ablt"></g></l></v></tfr></token><token id="707357" text="любимых"><tfr rev_id="1539214" t="любимых"><v><l id="151959" t="любимый"><g v="ADJF"></g><g v="Subx"></g><g v="Qual"></g><g v="plur"></g><g v="gent"></g></l></v><v><l id="151959" t="любимый"><g v="ADJF"></g><g v="Subx"></g><g v="Qual"></g><g v="anim"></g><g v="plur"></g><g v="accs"></g></l></v><v><l id="151959" t="любимый"><g v="ADJF"></g><g v="Subx"></g><g v="Qual"></g><g v="plur"></g><g v="loct"></g></l></v><v><l id="151975" t="любимый"><g v="PRTF"></g><g v="Subx"></g><g v="impf"></g><g v="tran"></g><g v="pres"></g><g v="pssv"></g><g v="plur"></g><g v="gent"></g></l></v><v><l id="151975" t="любимый"><g v="PRTF"></g><g v="Subx"></g><g v="impf"></g><g v="tran"></g><g v="pres"></g><g v="pssv"></g><g v="anim"></g><g v="plur"></g><g v="accs"></g></l></v><v><l id="151975" t="любимый"><g v="PRTF"></g><g v="Subx"></g><g v="impf"></g><g v="tran"></g><g v="pres"></g><g v="pssv"></g><g v="plur"></g><g v="loct"></g></l></v></tfr></token><token id="707358" text="сериалов"><tfr rev_id="1539215" t="сериалов"><v><l id="319271" t="сериал"><g v="NOUN"></g><g v="inan"></g><g v="masc"></g><g v="plur"></g><g v="gent"></g></l></v></tfr></token><token id="707359" text=","><tfr rev_id="1539216" t=","><v><l id="0" t=","><g v="PNCT"></g></l></v></tfr></token><token id="707360" text="а"><tfr rev_id="1539217" t="а"><v><l id="51" t="а"><g v="CONJ"></g></l></v><v><l id="52" t="а"><g v="INTJ"></g></l></v><v><l id="53" t="а"><g v="PRCL"></g></l></v></tfr></token><token id="707361" text="издатели"><tfr rev_id="1539218" t="издатели"><v><l id="118744" t="издатель"><g v="NOUN"></g><g v="anim"></g><g v="masc"></g><g v="plur"></g><g v="nomn"></g></l></v></tfr></token><token id="707362" text="охотно"><tfr rev_id="3657039" t="охотно"><v><l id="221308" t="охотно"><g v="ADVB"></g></l></v></tfr></token><token id="707363" text="потакают"><tfr rev_id="1539220" t="потакают"><v><l id="262893" t="потакаю"><g v="VERB"></g><g v="impf"></g><g v="intr"></g><g v="plur"></g><g v="3per"></g><g v="pres"></g><g v="indc"></g></l></v></tfr></token><token id="707364" text="их"><tfr rev_id="4478594" t="их"><v><l id="127205" t="их"><g v="ADJF"></g><g v="Fixd"></g><g v="Apro"></g><g v="Anph"></g><g v="plur"></g><g v="nomn"></g></l></v><v><l id="127205" t="их"><g v="ADJF"></g><g v="Fixd"></g><g v="Apro"></g><g v="Anph"></g><g v="plur"></g><g v="gent"></g></l></v><v><l id="127205" t="их"><g v="ADJF"></g><g v="Fixd"></g><g v="Apro"></g><g v="Anph"></g><g v="plur"></g><g v="datv"></g></l></v><v><l id="127205" t="их"><g v="ADJF"></g><g v="Fixd"></g><g v="Apro"></g><g v="Anph"></g><g v="plur"></g><g v="accs"></g></l></v><v><l id="127205" t="их"><g v="ADJF"></g><g v="Fixd"></g><g v="Apro"></g><g v="Anph"></g><g v="plur"></g><g v="ablt"></g></l></v><v><l id="127205" t="их"><g v="ADJF"></g><g v="Fixd"></g><g v="Apro"></g><g v="Anph"></g><g v="plur"></g><g v="loct"></g></l></v></tfr></token><token id="707365" text="желаниям"><tfr rev_id="1539222" t="желаниям"><v><l id="96267" t="желание"><g v="NOUN"></g><g v="inan"></g><g v="neut"></g><g v="plur"></g><g v="datv"></g></l></v></tfr></token><token id="707366" text="."><tfr rev_id="1539223" t="."><v><l id="0" t="."><g v="PNCT"></g></l></v></tfr></token></tokens></sentence><sentence id="39778"><source>Мы только за!</source><tokens><token id="707367" text="Мы"><tfr rev_id="1539224" t="Мы"><v><l id="165750" t="мы"><g v="NPRO"></g><g v="1per"></g><g v="plur"></g><g v="nomn"></g></l></v></tfr></token><token id="707368" text="только"><tfr rev_id="3784230" t="только"><v><l id="347395" t="только"><g v="CONJ"></g></l></v><v><l id="347396" t="только"><g v="PRCL"></g></l></v><v><l id="390053" t="только"><g v="ADVB"></g></l></v></tfr></token><token id="707369" text="за"><tfr rev_id="1539226" t="за"><v><l id="98043" t="за"><g v="PREP"></g></l></v></tfr></token><token id="707370" text="!"><tfr rev_id="1539227" t="!"><v><l id="0" t="!"><g v="PNCT"></g></l></v></tfr></token></tokens></sentence><sentence id="39779"><source>Надо же как-то коротать время между сериями.</source><tokens><token id="707371" text="Надо"><tfr rev_id="4329136" t="Надо"><v><l id="169144" t="надо"><g v="PRED"></g><g v="pres"></g></l></v></tfr></token><token id="707372" text="же"><tfr rev_id="1539229" t="же"><v><l id="96208" t="же"><g v="CONJ"></g></l></v><v><l id="96209" t="же"><g v="PRCL"></g></l></v></tfr></token><token id="707373" text="как-то"><tfr rev_id="1539230" t="как-то"><v><l id="128196" t="как-то"><g v="ADVB"></g></l></v></tfr></token><token id="707374" text="коротать"><tfr rev_id="1539231" t="коротать"><v><l id="140021" t="коротать"><g v="INFN"></g><g v="impf"></g><g v="tran"></g></l></v></tfr></token><token id="707375" text="время"><tfr rev_id="1539232" t="время"><v><l id="53149" t="время"><g v="NOUN"></g><g v="inan"></g><g v="neut"></g><g v="sing"></g><g v="nomn"></g></l></v><v><l id="53149" t="время"><g v="NOUN"></g><g v="inan"></g><g v="neut"></g><g v="sing"></g><g v="accs"></g></l></v></tfr></token><token id="707376" text="между"><tfr rev_id="1539233" t="между"><v><l id="157306" t="между"><g v="PREP"></g></l></v></tfr></token><token id="707377" text="сериями"><tfr rev_id="1539234" t="сериями"><v><l id="319321" t="серия"><g v="NOUN"></g><g v="inan"></g><g v="femn"></g><g v="plur"></g><g v="ablt"></g></l></v></tfr></token><token id="707378" text="."><tfr rev_id="1539235" t="."><v><l id="0" t="."><g v="PNCT"></g></l></v></tfr></token></tokens></sentence></paragraph></paragraphs></text>