<?xml version="1.0" encoding="utf-8"?><text id="141" parent="56" name="В результате столкновений в Албании погибли три человека"><tags><tag>url:http://ru.wikinews.org/w/index.php?title=В_результате_столкновений_в_Албании_погибли_три_человека&amp;oldid=51307</tag><tag>Автор:http://ru.wikinews.org/wiki/Участник:Artem Korzhimanov</tag><tag>Дата:22/01</tag><tag>Год:2011</tag><tag>Гео:ВикиКатегория:Албания</tag><tag>Тема:ВикиКатегория:Гражданские беспорядки</tag><tag>Тема:ВикиКатегория:Происшествия</tag></tags><paragraphs><paragraph id="2983"><sentence id="9477"><source>Три человека застрелены в ходе столкновений между сторонниками оппозиции и полицией в центре албанской столицы Тираны.</source><tokens><token id="181118" text="Три"><tfr rev_id="2635397" t="Три"><v><l id="349973" t="три"><g v="NUMR"></g><g v="nomn"></g></l></v><v><l id="349973" t="три"><g v="NUMR"></g><g v="inan"></g><g v="accs"></g></l></v></tfr></token><token id="181119" text="человека"><tfr rev_id="2931341" t="человека"><v><l id="375073" t="человек"><g v="NOUN"></g><g v="anim"></g><g v="masc"></g><g v="sing"></g><g v="gent"></g></l></v></tfr></token><token id="181120" text="застрелены"><tfr rev_id="1015896" t="застрелены"><v><l id="110542" t="застрелен"><g v="PRTS"></g><g v="perf"></g><g v="past"></g><g v="pssv"></g><g v="plur"></g></l></v></tfr></token><token id="181121" text="в"><tfr rev_id="1015897" t="в"><v><l id="37409" t="в"><g v="PREP"></g></l></v></tfr></token><token id="181122" text="ходе"><tfr rev_id="1015898" t="ходе"><v><l id="371078" t="ход"><g v="NOUN"></g><g v="inan"></g><g v="masc"></g><g v="sing"></g><g v="loc1"></g></l></v></tfr></token><token id="181123" text="столкновений"><tfr rev_id="1015899" t="столкновений"><v><l id="336593" t="столкновение"><g v="NOUN"></g><g v="inan"></g><g v="neut"></g><g v="plur"></g><g v="gent"></g></l></v></tfr></token><token id="181124" text="между"><tfr rev_id="1015900" t="между"><v><l id="157306" t="между"><g v="PREP"></g></l></v></tfr></token><token id="181125" text="сторонниками"><tfr rev_id="1015901" t="сторонниками"><v><l id="336904" t="сторонник"><g v="NOUN"></g><g v="anim"></g><g v="masc"></g><g v="plur"></g><g v="ablt"></g></l></v></tfr></token><token id="181126" text="оппозиции"><tfr rev_id="4345980" t="оппозиции"><v><l id="207895" t="оппозиция"><g v="NOUN"></g><g v="inan"></g><g v="femn"></g><g v="sing"></g><g v="gent"></g></l></v></tfr></token><token id="181127" text="и"><tfr rev_id="1015903" t="и"><v><l id="116949" t="и"><g v="CONJ"></g></l></v><v><l id="116950" t="и"><g v="INTJ"></g></l></v></tfr></token><token id="181128" text="полицией"><tfr rev_id="1015904" t="полицией"><v><l id="255975" t="полиция"><g v="NOUN"></g><g v="inan"></g><g v="femn"></g><g v="sing"></g><g v="ablt"></g></l></v></tfr></token><token id="181129" text="в"><tfr rev_id="1015905" t="в"><v><l id="37409" t="в"><g v="PREP"></g></l></v></tfr></token><token id="181130" text="центре"><tfr rev_id="1015906" t="центре"><v><l id="373369" t="центр"><g v="NOUN"></g><g v="inan"></g><g v="masc"></g><g v="sing"></g><g v="loct"></g></l></v></tfr></token><token id="181131" text="албанской"><tfr rev_id="3301451" t="албанской"><v><l id="8212" t="албанский"><g v="ADJF"></g><g v="femn"></g><g v="sing"></g><g v="gent"></g></l></v></tfr></token><token id="181132" text="столицы"><tfr rev_id="3474734" t="столицы"><v><l id="336588" t="столица"><g v="NOUN"></g><g v="inan"></g><g v="femn"></g><g v="sing"></g><g v="gent"></g></l></v></tfr></token><token id="181133" text="Тираны"><tfr rev_id="3508757" t="Тираны"><v><l id="346386" t="тирана"><g v="NOUN"></g><g v="inan"></g><g v="femn"></g><g v="Sgtm"></g><g v="Geox"></g><g v="sing"></g><g v="gent"></g></l></v></tfr></token><token id="181134" text="."><tfr rev_id="1015910" t="."><v><l id="0" t="."><g v="PNCT"></g></l></v></tfr></token></tokens></sentence></paragraph><paragraph id="2984"><sentence id="9478"><source>В пятницу несколько тысяч сторонников оппозиции проводили протесты перед главным зданием албанского правительства, призывая его уйти в отставку в связи с обвинениями в коррупции и фальсификации выборов.</source><tokens><token id="181135" text="В"><tfr rev_id="1015911" t="В"><v><l id="37409" t="в"><g v="PREP"></g></l></v></tfr></token><token id="181136" text="пятницу"><tfr rev_id="1015912" t="пятницу"><v><l id="290408" t="пятница"><g v="NOUN"></g><g v="inan"></g><g v="femn"></g><g v="sing"></g><g v="accs"></g></l></v></tfr></token><token id="181137" text="несколько"><tfr rev_id="4177832" t="несколько"><v><l id="188126" t="несколько"><g v="NUMR"></g><g v="nomn"></g></l></v><v><l id="188126" t="несколько"><g v="NUMR"></g><g v="inan"></g><g v="accs"></g></l></v></tfr></token><token id="181138" text="тысяч"><tfr rev_id="1015914" t="тысяч"><v><l id="352230" t="тысяча"><g v="NOUN"></g><g v="inan"></g><g v="femn"></g><g v="plur"></g><g v="gent"></g></l></v></tfr></token><token id="181139" text="сторонников"><tfr rev_id="3944960" t="сторонников"><v><l id="336904" t="сторонник"><g v="NOUN"></g><g v="anim"></g><g v="masc"></g><g v="plur"></g><g v="gent"></g></l></v></tfr></token><token id="181140" text="оппозиции"><tfr rev_id="4262086" t="оппозиции"><v><l id="207895" t="оппозиция"><g v="NOUN"></g><g v="inan"></g><g v="femn"></g><g v="sing"></g><g v="gent"></g></l></v></tfr></token><token id="181141" text="проводили"><tfr rev_id="1015917" t="проводили"><v><l id="278002" t="провожу"><g v="VERB"></g><g v="impf"></g><g v="tran"></g><g v="plur"></g><g v="past"></g><g v="indc"></g></l></v><v><l id="278009" t="проводил"><g v="VERB"></g><g v="perf"></g><g v="tran"></g><g v="plur"></g><g v="past"></g><g v="indc"></g></l></v></tfr></token><token id="181142" text="протесты"><tfr rev_id="3749106" t="протесты"><v><l id="285757" t="протест"><g v="NOUN"></g><g v="inan"></g><g v="masc"></g><g v="plur"></g><g v="accs"></g></l></v></tfr></token><token id="181143" text="перед"><tfr rev_id="2560294" t="перед"><v><l id="228071" t="перед"><g v="PREP"></g></l></v></tfr></token><token id="181144" text="главным"><tfr rev_id="4423015" t="главным"><v><l id="70842" t="главный"><g v="ADJF"></g><g v="Qual"></g><g v="neut"></g><g v="sing"></g><g v="ablt"></g></l></v></tfr></token><token id="181145" text="зданием"><tfr rev_id="1015921" t="зданием"><v><l id="114695" t="здание"><g v="NOUN"></g><g v="inan"></g><g v="neut"></g><g v="sing"></g><g v="ablt"></g></l></v></tfr></token><token id="181146" text="албанского"><tfr rev_id="3463986" t="албанского"><v><l id="8212" t="албанский"><g v="ADJF"></g><g v="neut"></g><g v="sing"></g><g v="gent"></g></l></v></tfr></token><token id="181147" text="правительства"><tfr rev_id="3466934" t="правительства"><v><l id="265638" t="правительство"><g v="NOUN"></g><g v="inan"></g><g v="neut"></g><g v="sing"></g><g v="gent"></g></l></v></tfr></token><token id="181148" text=","><tfr rev_id="1015924" t=","><v><l id="0" t=","><g v="PNCT"></g></l></v></tfr></token><token id="181149" text="призывая"><tfr rev_id="1015925" t="призывая"><v><l id="270695" t="призывая"><g v="GRND"></g><g v="impf"></g><g v="tran"></g><g v="pres"></g></l></v></tfr></token><token id="181150" text="его"><tfr rev_id="4529979" t="его"><v><l id="206541" t="он"><g v="NPRO"></g><g v="masc"></g><g v="3per"></g><g v="Anph"></g><g v="sing"></g><g v="gent"></g></l></v><v><l id="206541" t="он"><g v="NPRO"></g><g v="masc"></g><g v="3per"></g><g v="Anph"></g><g v="sing"></g><g v="accs"></g></l></v><v><l id="206649" t="оно"><g v="NPRO"></g><g v="neut"></g><g v="3per"></g><g v="Anph"></g><g v="sing"></g><g v="gent"></g></l></v><v><l id="206649" t="оно"><g v="NPRO"></g><g v="neut"></g><g v="3per"></g><g v="Anph"></g><g v="sing"></g><g v="accs"></g></l></v></tfr></token><token id="181151" text="уйти"><tfr rev_id="1015927" t="уйти"><v><l id="355911" t="уйти"><g v="INFN"></g><g v="perf"></g><g v="intr"></g></l></v></tfr></token><token id="181152" text="в"><tfr rev_id="1015928" t="в"><v><l id="37409" t="в"><g v="PREP"></g></l></v></tfr></token><token id="181153" text="отставку"><tfr rev_id="1015929" t="отставку"><v><l id="218332" t="отставка"><g v="NOUN"></g><g v="inan"></g><g v="femn"></g><g v="sing"></g><g v="accs"></g></l></v></tfr></token><token id="181154" text="в"><tfr rev_id="1015930" t="в"><v><l id="37409" t="в"><g v="PREP"></g></l></v></tfr></token><token id="181155" text="связи"><tfr rev_id="4392861" t="связи"><v><l id="316572" t="связь"><g v="NOUN"></g><g v="inan"></g><g v="femn"></g><g v="sing"></g><g v="loc1"></g></l></v><v><l id="316572" t="связь"><g v="NOUN"></g><g v="inan"></g><g v="femn"></g><g v="sing"></g><g v="loc2"></g></l></v></tfr></token><token id="181156" text="с"><tfr rev_id="1015932" t="с"><v><l id="311151" t="с"><g v="PREP"></g></l></v></tfr></token><token id="181157" text="обвинениями"><tfr rev_id="1015933" t="обвинениями"><v><l id="193410" t="обвинение"><g v="NOUN"></g><g v="inan"></g><g v="neut"></g><g v="plur"></g><g v="ablt"></g></l></v></tfr></token><token id="181158" text="в"><tfr rev_id="1015934" t="в"><v><l id="37409" t="в"><g v="PREP"></g></l></v></tfr></token><token id="181159" text="коррупции"><tfr rev_id="4271799" t="коррупции"><v><l id="140328" t="коррупция"><g v="NOUN"></g><g v="inan"></g><g v="femn"></g><g v="sing"></g><g v="loct"></g></l></v></tfr></token><token id="181160" text="и"><tfr rev_id="3675359" t="и"><v><l id="116949" t="и"><g v="CONJ"></g></l></v></tfr></token><token id="181161" text="фальсификации"><tfr rev_id="4314240" t="фальсификации"><v><l id="364244" t="фальсификация"><g v="NOUN"></g><g v="inan"></g><g v="femn"></g><g v="sing"></g><g v="loct"></g></l></v></tfr></token><token id="181162" text="выборов"><tfr rev_id="1015938" t="выборов"><v><l id="55719" t="выбор"><g v="NOUN"></g><g v="inan"></g><g v="masc"></g><g v="plur"></g><g v="gent"></g></l></v><v><l id="55749" t="выборы"><g v="NOUN"></g><g v="inan"></g><g v="GNdr"></g><g v="Pltm"></g><g v="plur"></g><g v="gent"></g></l></v></tfr></token><token id="181163" text="."><tfr rev_id="1015939" t="."><v><l id="0" t="."><g v="PNCT"></g></l></v></tfr></token></tokens></sentence></paragraph><paragraph id="2985"><sentence id="9479"><source>По свидетельству очевидцев, демонстранты начали забрасывать полицейских камнями и подожгли по меньшей мере один полицейский автомобиль.</source><tokens><token id="181164" text="По"><tfr rev_id="1015940" t="По"><v><l id="241240" t="по"><g v="PREP"></g></l></v></tfr></token><token id="181165" text="свидетельству"><tfr rev_id="1015941" t="свидетельству"><v><l id="315885" t="свидетельство"><g v="NOUN"></g><g v="inan"></g><g v="neut"></g><g v="sing"></g><g v="datv"></g></l></v></tfr></token><token id="181166" text="очевидцев"><tfr rev_id="3717001" t="очевидцев"><v><l id="221647" t="очевидец"><g v="NOUN"></g><g v="anim"></g><g v="masc"></g><g v="plur"></g><g v="gent"></g></l></v></tfr></token><token id="181167" text=","><tfr rev_id="1015943" t=","><v><l id="0" t=","><g v="PNCT"></g></l></v></tfr></token><token id="181168" text="демонстранты"><tfr rev_id="1015944" t="демонстранты"><v><l id="81014" t="демонстрант"><g v="NOUN"></g><g v="anim"></g><g v="masc"></g><g v="plur"></g><g v="nomn"></g></l></v></tfr></token><token id="181169" text="начали"><tfr rev_id="1015945" t="начали"><v><l id="178224" t="начал"><g v="VERB"></g><g v="perf"></g><g v="tran"></g><g v="plur"></g><g v="past"></g><g v="indc"></g></l></v></tfr></token><token id="181170" text="забрасывать"><tfr rev_id="1015946" t="забрасывать"><v><l id="98863" t="забрасывать"><g v="INFN"></g><g v="impf"></g><g v="tran"></g></l></v></tfr></token><token id="181171" text="полицейских"><tfr rev_id="4463953" t="полицейских"><v><l id="255964" t="полицейский"><g v="NOUN"></g><g v="anim"></g><g v="masc"></g><g v="plur"></g><g v="accs"></g></l></v></tfr></token><token id="181172" text="камнями"><tfr rev_id="1015948" t="камнями"><v><l id="128937" t="камень"><g v="NOUN"></g><g v="inan"></g><g v="masc"></g><g v="plur"></g><g v="ablt"></g></l></v></tfr></token><token id="181173" text="и"><tfr rev_id="3409035" t="и"><v><l id="116949" t="и"><g v="CONJ"></g></l></v></tfr></token><token id="181174" text="подожгли"><tfr rev_id="1015950" t="подожгли"><v><l id="245636" t="поджёг"><g v="VERB"></g><g v="perf"></g><g v="tran"></g><g v="plur"></g><g v="past"></g><g v="indc"></g></l></v></tfr></token><token id="181175" text="по"><tfr rev_id="1015951" t="по"><v><l id="241240" t="по"><g v="PREP"></g></l></v></tfr></token><token id="181176" text="меньшей"><tfr rev_id="4570805" t="меньшей"><v><l id="158428" t="меньший"><g v="ADJF"></g><g v="Supr"></g><g v="Qual"></g><g v="femn"></g><g v="sing"></g><g v="gent"></g></l></v><v><l id="158428" t="меньший"><g v="ADJF"></g><g v="Supr"></g><g v="Qual"></g><g v="femn"></g><g v="sing"></g><g v="datv"></g></l></v><v><l id="158428" t="меньший"><g v="ADJF"></g><g v="Supr"></g><g v="Qual"></g><g v="femn"></g><g v="sing"></g><g v="ablt"></g></l></v><v><l id="158428" t="меньший"><g v="ADJF"></g><g v="Supr"></g><g v="Qual"></g><g v="femn"></g><g v="sing"></g><g v="loct"></g></l></v><v><l id="158429" t="меньшее"><g v="COMP"></g><g v="V-ej"></g></l></v></tfr></token><token id="181177" text="мере"><tfr rev_id="3546084" t="мере"><v><l id="158460" t="мера"><g v="NOUN"></g><g v="inan"></g><g v="femn"></g><g v="sing"></g><g v="datv"></g></l></v><v><l id="158742" t="меря"><g v="NOUN"></g><g v="inan"></g><g v="femn"></g><g v="sing"></g><g v="datv"></g></l></v></tfr></token><token id="181178" text="один"><tfr rev_id="4299357" t="один"><v><l id="203319" t="один"><g v="ADJF"></g><g v="Apro"></g><g v="Anum"></g><g v="masc"></g><g v="sing"></g><g v="nomn"></g></l></v><v><l id="203319" t="один"><g v="ADJF"></g><g v="Apro"></g><g v="Anum"></g><g v="inan"></g><g v="masc"></g><g v="sing"></g><g v="accs"></g></l></v></tfr></token><token id="181179" text="полицейский"><tfr rev_id="4157798" t="полицейский"><v><l id="255965" t="полицейский"><g v="ADJF"></g><g v="masc"></g><g v="sing"></g><g v="nomn"></g></l></v><v><l id="255965" t="полицейский"><g v="ADJF"></g><g v="inan"></g><g v="masc"></g><g v="sing"></g><g v="accs"></g></l></v></tfr></token><token id="181180" text="автомобиль"><tfr rev_id="4213458" t="автомобиль"><v><l id="3266" t="автомобиль"><g v="NOUN"></g><g v="inan"></g><g v="masc"></g><g v="sing"></g><g v="accs"></g></l></v></tfr></token><token id="181181" text="."><tfr rev_id="1015957" t="."><v><l id="0" t="."><g v="PNCT"></g></l></v></tfr></token></tokens></sentence><sentence id="9480"><source>Сотрудники правопорядка ответили слезоточивым газом и применили водометы.</source><tokens><token id="181182" text="Сотрудники"><tfr rev_id="1015958" t="Сотрудники"><v><l id="330867" t="сотрудник"><g v="NOUN"></g><g v="anim"></g><g v="masc"></g><g v="plur"></g><g v="nomn"></g></l></v></tfr></token><token id="181183" text="правопорядка"><tfr rev_id="1015959" t="правопорядка"><v><l id="265744" t="правопорядок"><g v="NOUN"></g><g v="inan"></g><g v="masc"></g><g v="sing"></g><g v="gen1"></g></l></v></tfr></token><token id="181184" text="ответили"><tfr rev_id="1015960" t="ответили"><v><l id="212433" t="ответил"><g v="VERB"></g><g v="perf"></g><g v="intr"></g><g v="plur"></g><g v="past"></g><g v="indc"></g></l></v></tfr></token><token id="181185" text="слезоточивым"><tfr rev_id="4350802" t="слезоточивым"><v><l id="324807" t="слезоточивый"><g v="ADJF"></g><g v="masc"></g><g v="sing"></g><g v="ablt"></g></l></v></tfr></token><token id="181186" text="газом"><tfr rev_id="1015962" t="газом"><v><l id="65788" t="газ"><g v="NOUN"></g><g v="inan"></g><g v="masc"></g><g v="sing"></g><g v="ablt"></g></l></v></tfr></token><token id="181187" text="и"><tfr rev_id="1015963" t="и"><v><l id="116949" t="и"><g v="CONJ"></g></l></v><v><l id="116950" t="и"><g v="INTJ"></g></l></v></tfr></token><token id="181188" text="применили"><tfr rev_id="1015964" t="применили"><v><l id="271952" t="применил"><g v="VERB"></g><g v="perf"></g><g v="tran"></g><g v="plur"></g><g v="past"></g><g v="indc"></g></l></v></tfr></token><token id="181189" text="водометы"><tfr rev_id="3749515" t="водометы"><v><l id="48201" t="водомёт"><g v="NOUN"></g><g v="inan"></g><g v="masc"></g><g v="plur"></g><g v="accs"></g></l></v></tfr></token><token id="181190" text="."><tfr rev_id="1015966" t="."><v><l id="0" t="."><g v="PNCT"></g></l></v></tfr></token></tokens></sentence></paragraph><paragraph id="2986"><sentence id="9481"><source>Оппозиция отказывается принять результаты парламентских выборов 2009 года и обвиняет правящую партию премьер-министра страны Сали Бериша в подтасовке их результатов.</source><tokens><token id="181191" text="Оппозиция"><tfr rev_id="1015967" t="Оппозиция"><v><l id="207895" t="оппозиция"><g v="NOUN"></g><g v="inan"></g><g v="femn"></g><g v="sing"></g><g v="nomn"></g></l></v></tfr></token><token id="181192" text="отказывается"><tfr rev_id="1015968" t="отказывается"><v><l id="213964" t="отказываюсь"><g v="VERB"></g><g v="impf"></g><g v="intr"></g><g v="sing"></g><g v="3per"></g><g v="pres"></g><g v="indc"></g></l></v></tfr></token><token id="181193" text="принять"><tfr rev_id="1015969" t="принять"><v><l id="272701" t="принять"><g v="INFN"></g><g v="perf"></g><g v="tran"></g></l></v></tfr></token><token id="181194" text="результаты"><tfr rev_id="3741721" t="результаты"><v><l id="305391" t="результат"><g v="NOUN"></g><g v="inan"></g><g v="masc"></g><g v="plur"></g><g v="accs"></g></l></v></tfr></token><token id="181195" text="парламентских"><tfr rev_id="3666622" t="парламентских"><v><l id="224165" t="парламентский"><g v="ADJF"></g><g v="plur"></g><g v="gent"></g></l></v></tfr></token><token id="181196" text="выборов"><tfr rev_id="1015972" t="выборов"><v><l id="55719" t="выбор"><g v="NOUN"></g><g v="inan"></g><g v="masc"></g><g v="plur"></g><g v="gent"></g></l></v><v><l id="55749" t="выборы"><g v="NOUN"></g><g v="inan"></g><g v="GNdr"></g><g v="Pltm"></g><g v="plur"></g><g v="gent"></g></l></v></tfr></token><token id="181197" text="2009"><tfr rev_id="2456395" t="2009"><v><l id="0" t="2009"><g v="NUMB"></g></l></v></tfr></token><token id="181198" text="года"><tfr rev_id="3444492" t="года"><v><l id="72149" t="год"><g v="NOUN"></g><g v="inan"></g><g v="masc"></g><g v="sing"></g><g v="gen1"></g></l></v></tfr></token><token id="181199" text="и"><tfr rev_id="1015975" t="и"><v><l id="116949" t="и"><g v="CONJ"></g></l></v><v><l id="116950" t="и"><g v="INTJ"></g></l></v></tfr></token><token id="181200" text="обвиняет"><tfr rev_id="1015976" t="обвиняет"><v><l id="193422" t="обвиняю"><g v="VERB"></g><g v="impf"></g><g v="tran"></g><g v="sing"></g><g v="3per"></g><g v="pres"></g><g v="indc"></g></l></v></tfr></token><token id="181201" text="правящую"><tfr rev_id="1015977" t="правящую"><v><l id="265649" t="правящий"><g v="PRTF"></g><g v="impf"></g><g v="tran"></g><g v="pres"></g><g v="actv"></g><g v="femn"></g><g v="sing"></g><g v="accs"></g></l></v><v><l id="265658" t="правящий"><g v="PRTF"></g><g v="impf"></g><g v="intr"></g><g v="pres"></g><g v="actv"></g><g v="femn"></g><g v="sing"></g><g v="accs"></g></l></v><v><l id="265800" t="правящий"><g v="ADJF"></g><g v="femn"></g><g v="sing"></g><g v="accs"></g></l></v></tfr></token><token id="181202" text="партию"><tfr rev_id="1015978" t="партию"><v><l id="224431" t="партия"><g v="NOUN"></g><g v="inan"></g><g v="femn"></g><g v="sing"></g><g v="accs"></g></l></v></tfr></token><token id="181203" text="премьер-министра"><tfr rev_id="3886721" t="премьер-министра"><v><l id="267776" t="премьер-министр"><g v="NOUN"></g><g v="anim"></g><g v="masc"></g><g v="sing"></g><g v="gent"></g></l></v></tfr></token><token id="181204" text="страны"><tfr rev_id="2693455" t="страны"><v><l id="337100" t="страна"><g v="NOUN"></g><g v="inan"></g><g v="femn"></g><g v="sing"></g><g v="gent"></g></l></v></tfr></token><token id="181205" text="Сали"><tfr rev_id="4326756" t="Сали"><v><l id="0" t="Сали"><g v="UNKN"></g></l></v></tfr></token><token id="181206" text="Бериша"><tfr rev_id="1015982" t="Бериша"><v><l id="0" t="бериша"><g v="UNKN"></g></l></v></tfr></token><token id="181207" text="в"><tfr rev_id="1015983" t="в"><v><l id="37409" t="в"><g v="PREP"></g></l></v></tfr></token><token id="181208" text="подтасовке"><tfr rev_id="3550727" t="подтасовке"><v><l id="251386" t="подтасовка"><g v="NOUN"></g><g v="inan"></g><g v="femn"></g><g v="sing"></g><g v="loct"></g></l></v></tfr></token><token id="181209" text="их"><tfr rev_id="4493455" t="их"><v><l id="127205" t="их"><g v="ADJF"></g><g v="Fixd"></g><g v="Apro"></g><g v="Anph"></g><g v="plur"></g><g v="nomn"></g></l></v><v><l id="127205" t="их"><g v="ADJF"></g><g v="Fixd"></g><g v="Apro"></g><g v="Anph"></g><g v="plur"></g><g v="gent"></g></l></v><v><l id="127205" t="их"><g v="ADJF"></g><g v="Fixd"></g><g v="Apro"></g><g v="Anph"></g><g v="plur"></g><g v="datv"></g></l></v><v><l id="127205" t="их"><g v="ADJF"></g><g v="Fixd"></g><g v="Apro"></g><g v="Anph"></g><g v="plur"></g><g v="accs"></g></l></v><v><l id="127205" t="их"><g v="ADJF"></g><g v="Fixd"></g><g v="Apro"></g><g v="Anph"></g><g v="plur"></g><g v="ablt"></g></l></v><v><l id="127205" t="их"><g v="ADJF"></g><g v="Fixd"></g><g v="Apro"></g><g v="Anph"></g><g v="plur"></g><g v="loct"></g></l></v></tfr></token><token id="181210" text="результатов"><tfr rev_id="1015986" t="результатов"><v><l id="305391" t="результат"><g v="NOUN"></g><g v="inan"></g><g v="masc"></g><g v="plur"></g><g v="gent"></g></l></v></tfr></token><token id="181211" text="."><tfr rev_id="1015987" t="."><v><l id="0" t="."><g v="PNCT"></g></l></v></tfr></token></tokens></sentence></paragraph><paragraph id="2987"><sentence id="9482"><source>На прошлой неделе вице-премьер Илир Мета ушел в отставку в связи с обвинениями во взяточничестве.</source><tokens><token id="181212" text="На"><tfr rev_id="3342381" t="На"><v><l id="166264" t="на"><g v="PREP"></g></l></v></tfr></token><token id="181213" text="прошлой"><tfr rev_id="2369696" t="прошлой"><v><l id="287715" t="прошлый"><g v="ADJF"></g><g v="femn"></g><g v="sing"></g><g v="loct"></g></l></v></tfr></token><token id="181214" text="неделе"><tfr rev_id="3447241" t="неделе"><v><l id="180718" t="неделя"><g v="NOUN"></g><g v="inan"></g><g v="femn"></g><g v="sing"></g><g v="loct"></g></l></v></tfr></token><token id="181215" text="вице-премьер"><tfr rev_id="1015991" t="вице-премьер"><v><l id="45909" t="вице-премьер"><g v="NOUN"></g><g v="anim"></g><g v="masc"></g><g v="sing"></g><g v="nomn"></g></l></v></tfr></token><token id="181216" text="Илир"><tfr rev_id="1015992" t="Илир"><v><l id="0" t="илир"><g v="UNKN"></g></l></v></tfr></token><token id="181217" text="Мета"><tfr rev_id="4508339" t="Мета"><v><l id="0" t="Мета"><g v="UNKN"></g></l></v></tfr></token><token id="181218" text="ушел"><tfr rev_id="1015994" t="ушел"><v><l id="355910" t="ушёл"><g v="VERB"></g><g v="perf"></g><g v="intr"></g><g v="masc"></g><g v="sing"></g><g v="past"></g><g v="indc"></g></l></v></tfr></token><token id="181219" text="в"><tfr rev_id="1015995" t="в"><v><l id="37409" t="в"><g v="PREP"></g></l></v></tfr></token><token id="181220" text="отставку"><tfr rev_id="1015996" t="отставку"><v><l id="218332" t="отставка"><g v="NOUN"></g><g v="inan"></g><g v="femn"></g><g v="sing"></g><g v="accs"></g></l></v></tfr></token><token id="181221" text="в"><tfr rev_id="1015997" t="в"><v><l id="37409" t="в"><g v="PREP"></g></l></v></tfr></token><token id="181222" text="связи"><tfr rev_id="4392317" t="связи"><v><l id="316572" t="связь"><g v="NOUN"></g><g v="inan"></g><g v="femn"></g><g v="sing"></g><g v="loc1"></g></l></v><v><l id="316572" t="связь"><g v="NOUN"></g><g v="inan"></g><g v="femn"></g><g v="sing"></g><g v="loc2"></g></l></v></tfr></token><token id="181223" text="с"><tfr rev_id="1015999" t="с"><v><l id="311151" t="с"><g v="PREP"></g></l></v></tfr></token><token id="181224" text="обвинениями"><tfr rev_id="1016000" t="обвинениями"><v><l id="193410" t="обвинение"><g v="NOUN"></g><g v="inan"></g><g v="neut"></g><g v="plur"></g><g v="ablt"></g></l></v></tfr></token><token id="181225" text="во"><tfr rev_id="2919802" t="во"><v><l id="37409" t="в"><g v="PREP"></g><g v="Vpre"></g></l></v></tfr></token><token id="181226" text="взяточничестве"><tfr rev_id="1016002" t="взяточничестве"><v><l id="44303" t="взяточничество"><g v="NOUN"></g><g v="inan"></g><g v="neut"></g><g v="sing"></g><g v="loct"></g></l></v></tfr></token><token id="181227" text="."><tfr rev_id="1016003" t="."><v><l id="0" t="."><g v="PNCT"></g></l></v></tfr></token></tokens></sentence></paragraph></paragraphs></text>