<?xml version="1.0" encoding="utf-8"?><text id="1411" parent="56" name="Во Франции продолжаются акции протеста"><tags><tag>Автор:http://ru.wikinews.org/wiki/Участник:Artem Korzhimanov</tag><tag>Дата:17/10</tag><tag>Год:2010</tag><tag>Тема:ВикиКатегория:Демонстрации</tag><tag>Тема:ВикиКатегория:Забастовки во Франции</tag><tag>Гео:ВикиКатегория:Европа</tag><tag>Гео:ВикиКатегория:Франция</tag><tag>url:http://ru.wikinews.org/w/index.php?title=Во_Франции_продолжаются_акции_протеста&amp;oldid=62524</tag></tags><paragraphs><paragraph id="12796"><sentence id="39789"><source>Десятки тысяч человек вышли 16 октября на улицы французских городов с новыми протестами против повышения пенсионного возраста.</source><tokens><token id="707520" text="Десятки"><tfr rev_id="4323912" t="Десятки"><v><l id="82098" t="десятка"><g v="NOUN"></g><g v="inan"></g><g v="femn"></g><g v="plur"></g><g v="accs"></g></l></v><v><l id="82098" t="десятка"><g v="NOUN"></g><g v="inan"></g><g v="femn"></g><g v="plur"></g><g v="nomn"></g></l></v><v><l id="82098" t="десятка"><g v="NOUN"></g><g v="inan"></g><g v="femn"></g><g v="sing"></g><g v="gent"></g></l></v><v><l id="82106" t="десяток"><g v="NOUN"></g><g v="inan"></g><g v="masc"></g><g v="plur"></g><g v="accs"></g></l></v><v><l id="82106" t="десяток"><g v="NOUN"></g><g v="inan"></g><g v="masc"></g><g v="plur"></g><g v="nomn"></g></l></v></tfr></token><token id="707521" text="тысяч"><tfr rev_id="1539378" t="тысяч"><v><l id="352230" t="тысяча"><g v="NOUN"></g><g v="inan"></g><g v="femn"></g><g v="plur"></g><g v="gent"></g></l></v></tfr></token><token id="707522" text="человек"><tfr rev_id="3469618" t="человек"><v><l id="375073" t="человек"><g v="NOUN"></g><g v="anim"></g><g v="masc"></g><g v="plur"></g><g v="gent"></g></l></v></tfr></token><token id="707523" text="вышли"><tfr rev_id="1539380" t="вышли"><v><l id="57749" t="вышел"><g v="VERB"></g><g v="perf"></g><g v="intr"></g><g v="plur"></g><g v="past"></g><g v="indc"></g></l></v><v><l id="61969" t="выслал"><g v="VERB"></g><g v="perf"></g><g v="tran"></g><g v="sing"></g><g v="impr"></g><g v="excl"></g></l></v></tfr></token><token id="707524" text="16"><tfr rev_id="2462968" t="16"><v><l id="0" t="16"><g v="NUMB"></g></l></v></tfr></token><token id="707525" text="октября"><tfr rev_id="1539382" t="октября"><v><l id="205725" t="октябрь"><g v="NOUN"></g><g v="inan"></g><g v="masc"></g><g v="sing"></g><g v="gent"></g></l></v></tfr></token><token id="707526" text="на"><tfr rev_id="2913313" t="на"><v><l id="166264" t="на"><g v="PREP"></g></l></v><v><l id="388676" t="на"><g v="INTJ"></g></l></v></tfr></token><token id="707527" text="улицы"><tfr rev_id="3794948" t="улицы"><v><l id="356890" t="улица"><g v="NOUN"></g><g v="inan"></g><g v="femn"></g><g v="plur"></g><g v="accs"></g></l></v></tfr></token><token id="707528" text="французских"><tfr rev_id="3709263" t="французских"><v><l id="368078" t="французский"><g v="ADJF"></g><g v="plur"></g><g v="gent"></g></l></v></tfr></token><token id="707529" text="городов"><tfr rev_id="3501347" t="городов"><v><l id="73547" t="город"><g v="NOUN"></g><g v="inan"></g><g v="masc"></g><g v="plur"></g><g v="gent"></g></l></v></tfr></token><token id="707530" text="с"><tfr rev_id="1539387" t="с"><v><l id="311151" t="с"><g v="PREP"></g></l></v></tfr></token><token id="707531" text="новыми"><tfr rev_id="4262566" t="новыми"><v><l id="191918" t="новый"><g v="ADJF"></g><g v="Qual"></g><g v="plur"></g><g v="ablt"></g></l></v></tfr></token><token id="707532" text="протестами"><tfr rev_id="1539389" t="протестами"><v><l id="285757" t="протест"><g v="NOUN"></g><g v="inan"></g><g v="masc"></g><g v="plur"></g><g v="ablt"></g></l></v></tfr></token><token id="707533" text="против"><tfr rev_id="4485096" t="против"><v><l id="285790" t="против"><g v="PREP"></g></l></v></tfr></token><token id="707534" text="повышения"><tfr rev_id="4100199" t="повышения"><v><l id="243063" t="повышение"><g v="NOUN"></g><g v="inan"></g><g v="neut"></g><g v="sing"></g><g v="gent"></g></l></v></tfr></token><token id="707535" text="пенсионного"><tfr rev_id="3454231" t="пенсионного"><v><l id="226077" t="пенсионный"><g v="ADJF"></g><g v="Qual"></g><g v="masc"></g><g v="sing"></g><g v="gent"></g></l></v><v><l id="226077" t="пенсионный"><g v="ADJF"></g><g v="Qual"></g><g v="anim"></g><g v="masc"></g><g v="sing"></g><g v="accs"></g></l></v></tfr></token><token id="707536" text="возраста"><tfr rev_id="1539393" t="возраста"><v><l id="49611" t="возраст"><g v="NOUN"></g><g v="inan"></g><g v="masc"></g><g v="sing"></g><g v="gent"></g></l></v></tfr></token><token id="707537" text="."><tfr rev_id="1539394" t="."><v><l id="0" t="."><g v="PNCT"></g></l></v></tfr></token></tokens></sentence><sentence id="39790"><source>Самый массовый митинг прошел в Париже.</source><tokens><token id="707538" text="Самый"><tfr rev_id="3806673" t="Самый"><v><l id="313174" t="самый"><g v="ADJF"></g><g v="Apro"></g><g v="masc"></g><g v="sing"></g><g v="nomn"></g></l></v></tfr></token><token id="707539" text="массовый"><tfr rev_id="1539396" t="массовый"><v><l id="156047" t="массовый"><g v="ADJF"></g><g v="masc"></g><g v="sing"></g><g v="nomn"></g></l></v><v><l id="156047" t="массовый"><g v="ADJF"></g><g v="inan"></g><g v="masc"></g><g v="sing"></g><g v="accs"></g></l></v></tfr></token><token id="707540" text="митинг"><tfr rev_id="4105925" t="митинг"><v><l id="161094" t="митинг"><g v="NOUN"></g><g v="inan"></g><g v="masc"></g><g v="sing"></g><g v="nomn"></g></l></v></tfr></token><token id="707541" text="прошел"><tfr rev_id="1539398" t="прошел"><v><l id="280310" t="прошёл"><g v="VERB"></g><g v="perf"></g><g v="tran"></g><g v="masc"></g><g v="sing"></g><g v="past"></g><g v="indc"></g></l></v></tfr></token><token id="707542" text="в"><tfr rev_id="1539399" t="в"><v><l id="37409" t="в"><g v="PREP"></g></l></v></tfr></token><token id="707543" text="Париже"><tfr rev_id="1539400" t="Париже"><v><l id="224045" t="париж"><g v="NOUN"></g><g v="inan"></g><g v="masc"></g><g v="Sgtm"></g><g v="Geox"></g><g v="sing"></g><g v="loct"></g></l></v></tfr></token><token id="707544" text="."><tfr rev_id="1539401" t="."><v><l id="0" t="."><g v="PNCT"></g></l></v></tfr></token></tokens></sentence></paragraph><paragraph id="12797"><sentence id="39791"><source>Суббота стала пятым днем забастовки, в результате которой остановились поезда и не летают самолеты — cтачка работников нефтеперерабатывающих предприятий привела к нехватке топлива в стране.</source><tokens><token id="707545" text="Суббота"><tfr rev_id="1539402" t="Суббота"><v><l id="338556" t="суббота"><g v="NOUN"></g><g v="inan"></g><g v="femn"></g><g v="sing"></g><g v="nomn"></g></l></v></tfr></token><token id="707546" text="стала"><tfr rev_id="1539403" t="стала"><v><l id="335164" t="стал"><g v="VERB"></g><g v="perf"></g><g v="intr"></g><g v="femn"></g><g v="sing"></g><g v="past"></g><g v="indc"></g></l></v></tfr></token><token id="707547" text="пятым"><tfr rev_id="4311132" t="пятым"><v><l id="290439" t="пятый"><g v="ADJF"></g><g v="Anum"></g><g v="masc"></g><g v="sing"></g><g v="ablt"></g></l></v></tfr></token><token id="707548" text="днем"><tfr rev_id="4264036" t="днем"><v><l id="81427" t="день"><g v="NOUN"></g><g v="inan"></g><g v="masc"></g><g v="sing"></g><g v="ablt"></g></l></v></tfr></token><token id="707549" text="забастовки"><tfr rev_id="3500639" t="забастовки"><v><l id="98356" t="забастовка"><g v="NOUN"></g><g v="inan"></g><g v="femn"></g><g v="sing"></g><g v="gent"></g></l></v></tfr></token><token id="707550" text=","><tfr rev_id="1539407" t=","><v><l id="0" t=","><g v="PNCT"></g></l></v></tfr></token><token id="707551" text="в"><tfr rev_id="1539408" t="в"><v><l id="37409" t="в"><g v="PREP"></g></l></v></tfr></token><token id="707552" text="результате"><tfr rev_id="1539409" t="результате"><v><l id="305391" t="результат"><g v="NOUN"></g><g v="inan"></g><g v="masc"></g><g v="sing"></g><g v="loct"></g></l></v></tfr></token><token id="707553" text="которой"><tfr rev_id="3640496" t="которой"><v><l id="141203" t="который"><g v="ADJF"></g><g v="Apro"></g><g v="Subx"></g><g v="Anph"></g><g v="femn"></g><g v="sing"></g><g v="gent"></g></l></v></tfr></token><token id="707554" text="остановились"><tfr rev_id="1539411" t="остановились"><v><l id="210865" t="остановился"><g v="VERB"></g><g v="perf"></g><g v="intr"></g><g v="plur"></g><g v="past"></g><g v="indc"></g></l></v></tfr></token><token id="707555" text="поезда"><tfr rev_id="3796910" t="поезда"><v><l id="252961" t="поезд"><g v="NOUN"></g><g v="inan"></g><g v="masc"></g><g v="plur"></g><g v="nomn"></g></l></v></tfr></token><token id="707556" text="и"><tfr rev_id="1539413" t="и"><v><l id="116949" t="и"><g v="CONJ"></g></l></v><v><l id="116950" t="и"><g v="INTJ"></g></l></v></tfr></token><token id="707557" text="не"><tfr rev_id="1539414" t="не"><v><l id="178876" t="не"><g v="PRCL"></g></l></v></tfr></token><token id="707558" text="летают"><tfr rev_id="1539415" t="летают"><v><l id="148669" t="летаю"><g v="VERB"></g><g v="impf"></g><g v="intr"></g><g v="plur"></g><g v="3per"></g><g v="pres"></g><g v="indc"></g></l></v></tfr></token><token id="707559" text="самолеты"><tfr rev_id="3749484" t="самолеты"><v><l id="312513" t="самолёт"><g v="NOUN"></g><g v="inan"></g><g v="masc"></g><g v="plur"></g><g v="nomn"></g></l></v></tfr></token><token id="707560" text="—"><tfr rev_id="2447505" t="—"><v><l id="0" t="—"><g v="PNCT"></g></l></v></tfr></token><token id="707561" text="cтачка"><tfr rev_id="1539418" t="cтачка"><v><l id="0" t="cтачка"><g v="UNKN"></g></l></v></tfr></token><token id="707562" text="работников"><tfr rev_id="4458981" t="работников"><v><l id="290512" t="работник"><g v="NOUN"></g><g v="anim"></g><g v="masc"></g><g v="plur"></g><g v="gent"></g></l></v></tfr></token><token id="707563" text="нефтеперерабатывающих"><tfr rev_id="3646543" t="нефтеперерабатывающих"><v><l id="189793" t="нефтеперерабатывающий"><g v="ADJF"></g><g v="plur"></g><g v="gent"></g></l></v></tfr></token><token id="707564" text="предприятий"><tfr rev_id="1539421" t="предприятий"><v><l id="266920" t="предприятие"><g v="NOUN"></g><g v="inan"></g><g v="neut"></g><g v="plur"></g><g v="gent"></g></l></v></tfr></token><token id="707565" text="привела"><tfr rev_id="1539422" t="привела"><v><l id="269205" t="привёл"><g v="VERB"></g><g v="perf"></g><g v="tran"></g><g v="femn"></g><g v="sing"></g><g v="past"></g><g v="indc"></g></l></v></tfr></token><token id="707566" text="к"><tfr rev_id="1539423" t="к"><v><l id="127460" t="к"><g v="PREP"></g></l></v></tfr></token><token id="707567" text="нехватке"><tfr rev_id="3309846" t="нехватке"><v><l id="189883" t="нехватка"><g v="NOUN"></g><g v="inan"></g><g v="femn"></g><g v="sing"></g><g v="datv"></g></l></v></tfr></token><token id="707568" text="топлива"><tfr rev_id="2372481" t="топлива"><v><l id="347847" t="топливо"><g v="NOUN"></g><g v="inan"></g><g v="neut"></g><g v="sing"></g><g v="gent"></g></l></v></tfr></token><token id="707569" text="в"><tfr rev_id="1539426" t="в"><v><l id="37409" t="в"><g v="PREP"></g></l></v></tfr></token><token id="707570" text="стране"><tfr rev_id="2737588" t="стране"><v><l id="337100" t="страна"><g v="NOUN"></g><g v="inan"></g><g v="femn"></g><g v="sing"></g><g v="loct"></g></l></v></tfr></token><token id="707571" text="."><tfr rev_id="1539428" t="."><v><l id="0" t="."><g v="PNCT"></g></l></v></tfr></token></tokens></sentence></paragraph><paragraph id="12798"><sentence id="39792"><source>Французские власти разрешили нефтяным компаниям использовать стратегический запас горючего.</source><tokens><token id="707572" text="Французские"><tfr rev_id="3794349" t="Французские"><v><l id="368078" t="французский"><g v="ADJF"></g><g v="plur"></g><g v="nomn"></g></l></v></tfr></token><token id="707573" text="власти"><tfr rev_id="3741423" t="власти"><v><l id="46816" t="власть"><g v="NOUN"></g><g v="inan"></g><g v="femn"></g><g v="plur"></g><g v="nomn"></g></l></v></tfr></token><token id="707574" text="разрешили"><tfr rev_id="1539431" t="разрешили"><v><l id="296667" t="разрешил"><g v="VERB"></g><g v="perf"></g><g v="tran"></g><g v="plur"></g><g v="past"></g><g v="indc"></g></l></v></tfr></token><token id="707575" text="нефтяным"><tfr rev_id="3459180" t="нефтяным"><v><l id="189860" t="нефтяной"><g v="ADJF"></g><g v="plur"></g><g v="datv"></g></l></v></tfr></token><token id="707576" text="компаниям"><tfr rev_id="1539433" t="компаниям"><v><l id="137146" t="компания"><g v="NOUN"></g><g v="inan"></g><g v="femn"></g><g v="plur"></g><g v="datv"></g></l></v></tfr></token><token id="707577" text="использовать"><tfr rev_id="1539434" t="использовать"><v><l id="125420" t="использовать"><g v="INFN"></g><g v="perf"></g><g v="tran"></g></l></v><v><l id="125421" t="использовать"><g v="INFN"></g><g v="impf"></g><g v="tran"></g></l></v></tfr></token><token id="707578" text="стратегический"><tfr rev_id="1539435" t="стратегический"><v><l id="337167" t="стратегический"><g v="ADJF"></g><g v="masc"></g><g v="sing"></g><g v="nomn"></g></l></v><v><l id="337167" t="стратегический"><g v="ADJF"></g><g v="inan"></g><g v="masc"></g><g v="sing"></g><g v="accs"></g></l></v></tfr></token><token id="707579" text="запас"><tfr rev_id="1716323" t="запас"><v><l id="106867" t="запас"><g v="NOUN"></g><g v="inan"></g><g v="masc"></g><g v="sing"></g><g v="nomn"></g></l></v><v><l id="106867" t="запас"><g v="NOUN"></g><g v="inan"></g><g v="masc"></g><g v="sing"></g><g v="accs"></g></l></v></tfr></token><token id="707580" text="горючего"><tfr rev_id="4262567" t="горючего"><v><l id="73829" t="горючее"><g v="NOUN"></g><g v="inan"></g><g v="neut"></g><g v="sing"></g><g v="gent"></g></l></v></tfr></token><token id="707581" text="."><tfr rev_id="1539438" t="."><v><l id="0" t="."><g v="PNCT"></g></l></v></tfr></token></tokens></sentence><sentence id="39793"><source>При этом власти подчеркивают, что причин опасаться нехватки бензина у водителей нет.</source><tokens><token id="707582" text="При"><tfr rev_id="2634195" t="При"><v><l id="268625" t="при"><g v="PREP"></g></l></v></tfr></token><token id="707583" text="этом"><tfr rev_id="3493317" t="этом"><v><l id="386575" t="это"><g v="NPRO"></g><g v="neut"></g><g v="sing"></g><g v="loct"></g></l></v></tfr></token><token id="707584" text="власти"><tfr rev_id="3763958" t="власти"><v><l id="46816" t="власть"><g v="NOUN"></g><g v="inan"></g><g v="femn"></g><g v="plur"></g><g v="nomn"></g></l></v></tfr></token><token id="707585" text="подчеркивают"><tfr rev_id="1539442" t="подчеркивают"><v><l id="252293" t="подчёркиваю"><g v="VERB"></g><g v="impf"></g><g v="tran"></g><g v="plur"></g><g v="3per"></g><g v="pres"></g><g v="indc"></g></l></v></tfr></token><token id="707586" text=","><tfr rev_id="1539443" t=","><v><l id="0" t=","><g v="PNCT"></g></l></v></tfr></token><token id="707587" text="что"><tfr rev_id="3197830" t="что"><v><l id="377004" t="что"><g v="CONJ"></g></l></v><v><l id="377005" t="что"><g v="NPRO"></g><g v="neut"></g><g v="sing"></g><g v="nomn"></g></l></v><v><l id="377005" t="что"><g v="NPRO"></g><g v="neut"></g><g v="sing"></g><g v="accs"></g></l></v><v><l id="377006" t="что"><g v="ADVB"></g><g v="Ques"></g></l></v><v><l id="388695" t="что"><g v="PRCL"></g></l></v></tfr></token><token id="707588" text="причин"><tfr rev_id="1539445" t="причин"><v><l id="276522" t="причина"><g v="NOUN"></g><g v="inan"></g><g v="femn"></g><g v="plur"></g><g v="gent"></g></l></v></tfr></token><token id="707589" text="опасаться"><tfr rev_id="1539446" t="опасаться"><v><l id="206839" t="опасаться"><g v="INFN"></g><g v="impf"></g><g v="intr"></g></l></v></tfr></token><token id="707590" text="нехватки"><tfr rev_id="3492205" t="нехватки"><v><l id="189883" t="нехватка"><g v="NOUN"></g><g v="inan"></g><g v="femn"></g><g v="sing"></g><g v="gent"></g></l></v></tfr></token><token id="707591" text="бензина"><tfr rev_id="1539448" t="бензина"><v><l id="27552" t="бензин"><g v="NOUN"></g><g v="inan"></g><g v="masc"></g><g v="sing"></g><g v="gen1"></g></l></v></tfr></token><token id="707592" text="у"><tfr rev_id="3326960" t="у"><v><l id="352818" t="у"><g v="PREP"></g></l></v></tfr></token><token id="707593" text="водителей"><tfr rev_id="3716904" t="водителей"><v><l id="48059" t="водитель"><g v="NOUN"></g><g v="anim"></g><g v="masc"></g><g v="plur"></g><g v="gent"></g></l></v></tfr></token><token id="707594" text="нет"><tfr rev_id="4139953" t="нет"><v><l id="188868" t="нет"><g v="PRCL"></g></l></v><v><l id="188869" t="нет"><g v="INTJ"></g></l></v><v><l id="389552" t="нет"><g v="PRED"></g><g v="pres"></g></l></v></tfr></token><token id="707595" text="."><tfr rev_id="1539452" t="."><v><l id="0" t="."><g v="PNCT"></g></l></v></tfr></token></tokens></sentence></paragraph><paragraph id="12799"><sentence id="39794"><source>В минувшую пятницу французские полицейские прорвали блокаду забастовщиков, чтобы открыть топливные хранилища на нефтеперерабатывающих предприятиях.</source><tokens><token id="707596" text="В"><tfr rev_id="1539453" t="В"><v><l id="37409" t="в"><g v="PREP"></g></l></v></tfr></token><token id="707597" text="минувшую"><tfr rev_id="1539454" t="минувшую"><v><l id="160723" t="минувший"><g v="ADJF"></g><g v="femn"></g><g v="sing"></g><g v="accs"></g></l></v><v><l id="160759" t="минувший"><g v="PRTF"></g><g v="perf"></g><g v="tran"></g><g v="past"></g><g v="actv"></g><g v="femn"></g><g v="sing"></g><g v="accs"></g></l></v></tfr></token><token id="707598" text="пятницу"><tfr rev_id="1539455" t="пятницу"><v><l id="290408" t="пятница"><g v="NOUN"></g><g v="inan"></g><g v="femn"></g><g v="sing"></g><g v="accs"></g></l></v></tfr></token><token id="707599" text="французские"><tfr rev_id="3742194" t="французские"><v><l id="368078" t="французский"><g v="ADJF"></g><g v="plur"></g><g v="nomn"></g></l></v></tfr></token><token id="707600" text="полицейские"><tfr rev_id="4262568" t="полицейские"><v><l id="255964" t="полицейский"><g v="NOUN"></g><g v="anim"></g><g v="masc"></g><g v="plur"></g><g v="nomn"></g></l></v></tfr></token><token id="707601" text="прорвали"><tfr rev_id="1539458" t="прорвали"><v><l id="283575" t="прорвал"><g v="VERB"></g><g v="perf"></g><g v="tran"></g><g v="plur"></g><g v="past"></g><g v="indc"></g></l></v></tfr></token><token id="707602" text="блокаду"><tfr rev_id="1539459" t="блокаду"><v><l id="30987" t="блокада"><g v="NOUN"></g><g v="inan"></g><g v="femn"></g><g v="sing"></g><g v="accs"></g></l></v></tfr></token><token id="707603" text="забастовщиков"><tfr rev_id="4358872" t="забастовщиков"><v><l id="98360" t="забастовщик"><g v="NOUN"></g><g v="anim"></g><g v="masc"></g><g v="plur"></g><g v="gent"></g></l></v></tfr></token><token id="707604" text=","><tfr rev_id="1539461" t=","><v><l id="0" t=","><g v="PNCT"></g></l></v></tfr></token><token id="707605" text="чтобы"><tfr rev_id="1539462" t="чтобы"><v><l id="377013" t="чтобы"><g v="CONJ"></g></l></v><v><l id="377014" t="чтобы"><g v="PRCL"></g></l></v></tfr></token><token id="707606" text="открыть"><tfr rev_id="1539463" t="открыть"><v><l id="214755" t="открыть"><g v="INFN"></g><g v="perf"></g><g v="tran"></g></l></v></tfr></token><token id="707607" text="топливные"><tfr rev_id="4542109" t="топливные"><v><l id="347844" t="топливный"><g v="ADJF"></g><g v="inan"></g><g v="plur"></g><g v="accs"></g></l></v></tfr></token><token id="707608" text="хранилища"><tfr rev_id="3741331" t="хранилища"><v><l id="371858" t="хранилище"><g v="NOUN"></g><g v="inan"></g><g v="neut"></g><g v="plur"></g><g v="accs"></g></l></v></tfr></token><token id="707609" text="на"><tfr rev_id="2913314" t="на"><v><l id="166264" t="на"><g v="PREP"></g></l></v><v><l id="388676" t="на"><g v="INTJ"></g></l></v></tfr></token><token id="707610" text="нефтеперерабатывающих"><tfr rev_id="4361309" t="нефтеперерабатывающих"><v><l id="189793" t="нефтеперерабатывающий"><g v="ADJF"></g><g v="plur"></g><g v="loct"></g></l></v></tfr></token><token id="707611" text="предприятиях"><tfr rev_id="1539468" t="предприятиях"><v><l id="266920" t="предприятие"><g v="NOUN"></g><g v="inan"></g><g v="neut"></g><g v="plur"></g><g v="loct"></g></l></v></tfr></token><token id="707612" text="."><tfr rev_id="1539469" t="."><v><l id="0" t="."><g v="PNCT"></g></l></v></tfr></token></tokens></sentence><sentence id="39795"><source>Ранее их сотрудники блокировали поставку топлива в Париж и его аэропорты.</source><tokens><token id="707613" text="Ранее"><tfr rev_id="1539470" t="Ранее"><v><l id="297884" t="ранее"><g v="ADVB"></g></l></v></tfr></token><token id="707614" text="их"><tfr rev_id="4511373" t="их"><v><l id="127205" t="их"><g v="ADJF"></g><g v="Fixd"></g><g v="Apro"></g><g v="Anph"></g><g v="plur"></g><g v="nomn"></g></l></v><v><l id="127205" t="их"><g v="ADJF"></g><g v="Fixd"></g><g v="Apro"></g><g v="Anph"></g><g v="plur"></g><g v="gent"></g></l></v><v><l id="127205" t="их"><g v="ADJF"></g><g v="Fixd"></g><g v="Apro"></g><g v="Anph"></g><g v="plur"></g><g v="datv"></g></l></v><v><l id="127205" t="их"><g v="ADJF"></g><g v="Fixd"></g><g v="Apro"></g><g v="Anph"></g><g v="plur"></g><g v="accs"></g></l></v><v><l id="127205" t="их"><g v="ADJF"></g><g v="Fixd"></g><g v="Apro"></g><g v="Anph"></g><g v="plur"></g><g v="ablt"></g></l></v><v><l id="127205" t="их"><g v="ADJF"></g><g v="Fixd"></g><g v="Apro"></g><g v="Anph"></g><g v="plur"></g><g v="loct"></g></l></v></tfr></token><token id="707615" text="сотрудники"><tfr rev_id="1539472" t="сотрудники"><v><l id="330867" t="сотрудник"><g v="NOUN"></g><g v="anim"></g><g v="masc"></g><g v="plur"></g><g v="nomn"></g></l></v></tfr></token><token id="707616" text="блокировали"><tfr rev_id="1539473" t="блокировали"><v><l id="30998" t="блокировал"><g v="VERB"></g><g v="perf"></g><g v="tran"></g><g v="plur"></g><g v="past"></g><g v="indc"></g></l></v><v><l id="30999" t="блокирую"><g v="VERB"></g><g v="impf"></g><g v="tran"></g><g v="plur"></g><g v="past"></g><g v="indc"></g></l></v></tfr></token><token id="707617" text="поставку"><tfr rev_id="1539474" t="поставку"><v><l id="262094" t="поставка"><g v="NOUN"></g><g v="inan"></g><g v="femn"></g><g v="sing"></g><g v="accs"></g></l></v></tfr></token><token id="707618" text="топлива"><tfr rev_id="3437537" t="топлива"><v><l id="347847" t="топливо"><g v="NOUN"></g><g v="inan"></g><g v="neut"></g><g v="sing"></g><g v="gent"></g></l></v></tfr></token><token id="707619" text="в"><tfr rev_id="1539476" t="в"><v><l id="37409" t="в"><g v="PREP"></g></l></v></tfr></token><token id="707620" text="Париж"><tfr rev_id="3555815" t="Париж"><v><l id="224045" t="париж"><g v="NOUN"></g><g v="inan"></g><g v="masc"></g><g v="Sgtm"></g><g v="Geox"></g><g v="sing"></g><g v="accs"></g></l></v></tfr></token><token id="707621" text="и"><tfr rev_id="1539478" t="и"><v><l id="116949" t="и"><g v="CONJ"></g></l></v><v><l id="116950" t="и"><g v="INTJ"></g></l></v></tfr></token><token id="707622" text="его"><tfr rev_id="4499754" t="его"><v><l id="94208" t="его"><g v="ADJF"></g><g v="Fixd"></g><g v="Apro"></g><g v="Anph"></g><g v="plur"></g><g v="nomn"></g></l></v><v><l id="94208" t="его"><g v="ADJF"></g><g v="Fixd"></g><g v="Apro"></g><g v="Anph"></g><g v="plur"></g><g v="gent"></g></l></v><v><l id="94208" t="его"><g v="ADJF"></g><g v="Fixd"></g><g v="Apro"></g><g v="Anph"></g><g v="plur"></g><g v="datv"></g></l></v><v><l id="94208" t="его"><g v="ADJF"></g><g v="Fixd"></g><g v="Apro"></g><g v="Anph"></g><g v="plur"></g><g v="accs"></g></l></v><v><l id="94208" t="его"><g v="ADJF"></g><g v="Fixd"></g><g v="Apro"></g><g v="Anph"></g><g v="plur"></g><g v="ablt"></g></l></v><v><l id="94208" t="его"><g v="ADJF"></g><g v="Fixd"></g><g v="Apro"></g><g v="Anph"></g><g v="plur"></g><g v="loct"></g></l></v></tfr></token><token id="707623" text="аэропорты"><tfr rev_id="2930961" t="аэропорты"><v><l id="21366" t="аэропорт"><g v="NOUN"></g><g v="inan"></g><g v="masc"></g><g v="plur"></g><g v="accs"></g></l></v></tfr></token><token id="707624" text="."><tfr rev_id="1539481" t="."><v><l id="0" t="."><g v="PNCT"></g></l></v></tfr></token></tokens></sentence></paragraph><paragraph id="12800"><sentence id="39796"><source>За последний месяц во Франции прошло множество демонстраций и забастовок, отразившихся на работе транспортных служб, больниц и школ по всей стране.</source><tokens><token id="707625" text="За"><tfr rev_id="1539482" t="За"><v><l id="98043" t="за"><g v="PREP"></g></l></v></tfr></token><token id="707626" text="последний"><tfr rev_id="3667562" t="последний"><v><l id="261565" t="последний"><g v="ADJF"></g><g v="inan"></g><g v="masc"></g><g v="sing"></g><g v="accs"></g></l></v></tfr></token><token id="707627" text="месяц"><tfr rev_id="1539484" t="месяц"><v><l id="158841" t="месяц"><g v="NOUN"></g><g v="inan"></g><g v="masc"></g><g v="sing"></g><g v="nomn"></g></l></v><v><l id="158841" t="месяц"><g v="NOUN"></g><g v="inan"></g><g v="masc"></g><g v="sing"></g><g v="accs"></g></l></v></tfr></token><token id="707628" text="во"><tfr rev_id="2920346" t="во"><v><l id="37409" t="в"><g v="PREP"></g><g v="Vpre"></g></l></v></tfr></token><token id="707629" text="Франции"><tfr rev_id="3948324" t="Франции"><v><l id="368071" t="франция"><g v="NOUN"></g><g v="inan"></g><g v="femn"></g><g v="Sgtm"></g><g v="Geox"></g><g v="sing"></g><g v="loct"></g></l></v></tfr></token><token id="707630" text="прошло"><tfr rev_id="4328320" t="прошло"><v><l id="280310" t="прошёл"><g v="VERB"></g><g v="perf"></g><g v="tran"></g><g v="neut"></g><g v="sing"></g><g v="past"></g><g v="indc"></g></l></v></tfr></token><token id="707631" text="множество"><tfr rev_id="4213436" t="множество"><v><l id="162121" t="множество"><g v="NOUN"></g><g v="inan"></g><g v="neut"></g><g v="sing"></g><g v="nomn"></g></l></v></tfr></token><token id="707632" text="демонстраций"><tfr rev_id="1539489" t="демонстраций"><v><l id="81024" t="демонстрация"><g v="NOUN"></g><g v="inan"></g><g v="femn"></g><g v="plur"></g><g v="gent"></g></l></v></tfr></token><token id="707633" text="и"><tfr rev_id="1539490" t="и"><v><l id="116949" t="и"><g v="CONJ"></g></l></v><v><l id="116950" t="и"><g v="INTJ"></g></l></v></tfr></token><token id="707634" text="забастовок"><tfr rev_id="1539491" t="забастовок"><v><l id="98356" t="забастовка"><g v="NOUN"></g><g v="inan"></g><g v="femn"></g><g v="plur"></g><g v="gent"></g></l></v></tfr></token><token id="707635" text=","><tfr rev_id="1539492" t=","><v><l id="0" t=","><g v="PNCT"></g></l></v></tfr></token><token id="707636" text="отразившихся"><tfr rev_id="1539493" t="отразившихся"><v><l id="217318" t="отразившийся"><g v="PRTF"></g><g v="perf"></g><g v="intr"></g><g v="past"></g><g v="actv"></g><g v="plur"></g><g v="gent"></g></l></v><v><l id="217318" t="отразившийся"><g v="PRTF"></g><g v="perf"></g><g v="intr"></g><g v="past"></g><g v="actv"></g><g v="anim"></g><g v="plur"></g><g v="accs"></g></l></v><v><l id="217318" t="отразившийся"><g v="PRTF"></g><g v="perf"></g><g v="intr"></g><g v="past"></g><g v="actv"></g><g v="plur"></g><g v="loct"></g></l></v></tfr></token><token id="707637" text="на"><tfr rev_id="3337033" t="на"><v><l id="166264" t="на"><g v="PREP"></g></l></v></tfr></token><token id="707638" text="работе"><tfr rev_id="3556366" t="работе"><v><l id="290501" t="работа"><g v="NOUN"></g><g v="inan"></g><g v="femn"></g><g v="sing"></g><g v="loct"></g></l></v></tfr></token><token id="707639" text="транспортных"><tfr rev_id="4196940" t="транспортных"><v><l id="349185" t="транспортный"><g v="ADJF"></g><g v="plur"></g><g v="gent"></g></l></v></tfr></token><token id="707640" text="служб"><tfr rev_id="1539497" t="служб"><v><l id="325377" t="служба"><g v="NOUN"></g><g v="inan"></g><g v="femn"></g><g v="plur"></g><g v="gent"></g></l></v></tfr></token><token id="707641" text=","><tfr rev_id="1539498" t=","><v><l id="0" t=","><g v="PNCT"></g></l></v></tfr></token><token id="707642" text="больниц"><tfr rev_id="1539499" t="больниц"><v><l id="32305" t="больница"><g v="NOUN"></g><g v="inan"></g><g v="femn"></g><g v="plur"></g><g v="gent"></g></l></v></tfr></token><token id="707643" text="и"><tfr rev_id="3538958" t="и"><v><l id="116949" t="и"><g v="CONJ"></g></l></v></tfr></token><token id="707644" text="школ"><tfr rev_id="1539501" t="школ"><v><l id="380220" t="школа"><g v="NOUN"></g><g v="inan"></g><g v="femn"></g><g v="plur"></g><g v="gent"></g></l></v></tfr></token><token id="707645" text="по"><tfr rev_id="1539502" t="по"><v><l id="241240" t="по"><g v="PREP"></g></l></v></tfr></token><token id="707646" text="всей"><tfr rev_id="4404378" t="всей"><v><l id="42156" t="весь"><g v="ADJF"></g><g v="Subx"></g><g v="Apro"></g><g v="femn"></g><g v="sing"></g><g v="datv"></g></l></v></tfr></token><token id="707647" text="стране"><tfr rev_id="3552754" t="стране"><v><l id="337100" t="страна"><g v="NOUN"></g><g v="inan"></g><g v="femn"></g><g v="sing"></g><g v="datv"></g></l></v></tfr></token><token id="707648" text="."><tfr rev_id="1539505" t="."><v><l id="0" t="."><g v="PNCT"></g></l></v></tfr></token></tokens></sentence></paragraph><paragraph id="12801"><sentence id="39797"><source>Несмотря на оказываемое давление.</source><tokens><token id="707649" text="Несмотря"><tfr rev_id="1539506" t="Несмотря"><v><l id="188286" t="несмотря"><g v="PREP"></g></l></v></tfr></token><token id="707650" text="на"><tfr rev_id="3345871" t="на"><v><l id="166264" t="на"><g v="PREP"></g></l></v></tfr></token><token id="707651" text="оказываемое"><tfr rev_id="1539508" t="оказываемое"><v><l id="204471" t="оказываемый"><g v="PRTF"></g><g v="impf"></g><g v="tran"></g><g v="pres"></g><g v="pssv"></g><g v="neut"></g><g v="sing"></g><g v="nomn"></g></l></v><v><l id="204471" t="оказываемый"><g v="PRTF"></g><g v="impf"></g><g v="tran"></g><g v="pres"></g><g v="pssv"></g><g v="neut"></g><g v="sing"></g><g v="accs"></g></l></v></tfr></token><token id="707652" text="давление"><tfr rev_id="1539509" t="давление"><v><l id="77667" t="давление"><g v="NOUN"></g><g v="inan"></g><g v="neut"></g><g v="sing"></g><g v="nomn"></g></l></v><v><l id="77667" t="давление"><g v="NOUN"></g><g v="inan"></g><g v="neut"></g><g v="sing"></g><g v="accs"></g></l></v></tfr></token><token id="707653" text="."><tfr rev_id="1539510" t="."><v><l id="0" t="."><g v="PNCT"></g></l></v></tfr></token></tokens></sentence><sentence id="39798"><source>Правительство Саркози отказалось менять свои планы по изменению пенсионного возраста с 60 до 62 лет.</source><tokens><token id="707654" text="Правительство"><tfr rev_id="1539511" t="Правительство"><v><l id="265638" t="правительство"><g v="NOUN"></g><g v="inan"></g><g v="neut"></g><g v="sing"></g><g v="nomn"></g></l></v><v><l id="265638" t="правительство"><g v="NOUN"></g><g v="inan"></g><g v="neut"></g><g v="sing"></g><g v="accs"></g></l></v></tfr></token><token id="707655" text="Саркози"><tfr rev_id="4327273" t="Саркози"><v><l id="388917" t="саркози"><g v="NOUN"></g><g v="anim"></g><g v="ms-f"></g><g v="Fixd"></g><g v="Surn"></g><g v="sing"></g><g v="gent"></g></l></v></tfr></token><token id="707656" text="отказалось"><tfr rev_id="1539513" t="отказалось"><v><l id="213938" t="отказался"><g v="VERB"></g><g v="perf"></g><g v="intr"></g><g v="neut"></g><g v="sing"></g><g v="past"></g><g v="indc"></g></l></v></tfr></token><token id="707657" text="менять"><tfr rev_id="1539514" t="менять"><v><l id="158447" t="менять"><g v="INFN"></g><g v="impf"></g><g v="tran"></g></l></v></tfr></token><token id="707658" text="свои"><tfr rev_id="4083209" t="свои"><v><l id="316379" t="свой"><g v="ADJF"></g><g v="Apro"></g><g v="Anph"></g><g v="inan"></g><g v="plur"></g><g v="accs"></g></l></v></tfr></token><token id="707659" text="планы"><tfr rev_id="3749880" t="планы"><v><l id="239677" t="план"><g v="NOUN"></g><g v="inan"></g><g v="masc"></g><g v="plur"></g><g v="accs"></g></l></v></tfr></token><token id="707660" text="по"><tfr rev_id="1539517" t="по"><v><l id="241240" t="по"><g v="PREP"></g></l></v></tfr></token><token id="707661" text="изменению"><tfr rev_id="1539518" t="изменению"><v><l id="119487" t="изменение"><g v="NOUN"></g><g v="inan"></g><g v="neut"></g><g v="sing"></g><g v="datv"></g></l></v></tfr></token><token id="707662" text="пенсионного"><tfr rev_id="3454542" t="пенсионного"><v><l id="226077" t="пенсионный"><g v="ADJF"></g><g v="Qual"></g><g v="masc"></g><g v="sing"></g><g v="gent"></g></l></v><v><l id="226077" t="пенсионный"><g v="ADJF"></g><g v="Qual"></g><g v="anim"></g><g v="masc"></g><g v="sing"></g><g v="accs"></g></l></v></tfr></token><token id="707663" text="возраста"><tfr rev_id="1539520" t="возраста"><v><l id="49611" t="возраст"><g v="NOUN"></g><g v="inan"></g><g v="masc"></g><g v="sing"></g><g v="gent"></g></l></v></tfr></token><token id="707664" text="с"><tfr rev_id="1539521" t="с"><v><l id="311151" t="с"><g v="PREP"></g></l></v></tfr></token><token id="707665" text="60"><tfr rev_id="2462969" t="60"><v><l id="0" t="60"><g v="NUMB"></g></l></v></tfr></token><token id="707666" text="до"><tfr rev_id="1539523" t="до"><v><l id="85153" t="до"><g v="PREP"></g></l></v></tfr></token><token id="707667" text="62"><tfr rev_id="2462970" t="62"><v><l id="0" t="62"><g v="NUMB"></g></l></v></tfr></token><token id="707668" text="лет"><tfr rev_id="3441364" t="лет"><v><l id="72149" t="год"><g v="NOUN"></g><g v="inan"></g><g v="masc"></g><g v="plur"></g><g v="gent"></g></l></v></tfr></token><token id="707669" text="."><tfr rev_id="1539526" t="."><v><l id="0" t="."><g v="PNCT"></g></l></v></tfr></token></tokens></sentence><sentence id="39799"><source>Сейчас во Франции, по сравнению с другими европейскими странами, уходят на пенсию довольно рано.</source><tokens><token id="707670" text="Сейчас"><tfr rev_id="1539527" t="Сейчас"><v><l id="317975" t="сейчас"><g v="ADVB"></g></l></v></tfr></token><token id="707671" text="во"><tfr rev_id="2920347" t="во"><v><l id="37409" t="в"><g v="PREP"></g><g v="Vpre"></g></l></v></tfr></token><token id="707672" text="Франции"><tfr rev_id="4077217" t="Франции"><v><l id="368071" t="франция"><g v="NOUN"></g><g v="inan"></g><g v="femn"></g><g v="Sgtm"></g><g v="Geox"></g><g v="sing"></g><g v="loct"></g></l></v></tfr></token><token id="707673" text=","><tfr rev_id="1539530" t=","><v><l id="0" t=","><g v="PNCT"></g></l></v></tfr></token><token id="707674" text="по"><tfr rev_id="1539531" t="по"><v><l id="241240" t="по"><g v="PREP"></g></l></v></tfr></token><token id="707675" text="сравнению"><tfr rev_id="1539532" t="сравнению"><v><l id="333307" t="сравнение"><g v="NOUN"></g><g v="inan"></g><g v="neut"></g><g v="sing"></g><g v="datv"></g></l></v></tfr></token><token id="707676" text="с"><tfr rev_id="1539533" t="с"><v><l id="311151" t="с"><g v="PREP"></g></l></v></tfr></token><token id="707677" text="другими"><tfr rev_id="3562729" t="другими"><v><l id="92342" t="другой"><g v="ADJF"></g><g v="Apro"></g><g v="Subx"></g><g v="plur"></g><g v="ablt"></g></l></v></tfr></token><token id="707678" text="европейскими"><tfr rev_id="1539535" t="европейскими"><v><l id="94034" t="европейский"><g v="ADJF"></g><g v="plur"></g><g v="ablt"></g></l></v></tfr></token><token id="707679" text="странами"><tfr rev_id="1539536" t="странами"><v><l id="337100" t="страна"><g v="NOUN"></g><g v="inan"></g><g v="femn"></g><g v="plur"></g><g v="ablt"></g></l></v></tfr></token><token id="707680" text=","><tfr rev_id="1539537" t=","><v><l id="0" t=","><g v="PNCT"></g></l></v></tfr></token><token id="707681" text="уходят"><tfr rev_id="1539538" t="уходят"><v><l id="362937" t="ухожу"><g v="VERB"></g><g v="impf"></g><g v="intr"></g><g v="plur"></g><g v="3per"></g><g v="pres"></g><g v="indc"></g></l></v><v><l id="362942" t="уходил"><g v="VERB"></g><g v="perf"></g><g v="tran"></g><g v="plur"></g><g v="3per"></g><g v="futr"></g><g v="indc"></g></l></v></tfr></token><token id="707682" text="на"><tfr rev_id="3343341" t="на"><v><l id="166264" t="на"><g v="PREP"></g></l></v></tfr></token><token id="707683" text="пенсию"><tfr rev_id="1539540" t="пенсию"><v><l id="226080" t="пенсия"><g v="NOUN"></g><g v="inan"></g><g v="femn"></g><g v="sing"></g><g v="accs"></g></l></v></tfr></token><token id="707684" text="довольно"><tfr rev_id="1539541" t="довольно"><v><l id="86034" t="довольно"><g v="ADVB"></g><g v="Prdx"></g></l></v><v><l id="86038" t="доволен"><g v="ADJS"></g><g v="Qual"></g><g v="neut"></g><g v="sing"></g></l></v></tfr></token><token id="707685" text="рано"><tfr rev_id="1539542" t="рано"><v><l id="297969" t="рано"><g v="ADVB"></g><g v="Prdx"></g></l></v></tfr></token><token id="707686" text="."><tfr rev_id="1539543" t="."><v><l id="0" t="."><g v="PNCT"></g></l></v></tfr></token></tokens></sentence><sentence id="39800"><source>В среду в парламенте страны состоится голосование по этому вопросу.</source><tokens><token id="707687" text="В"><tfr rev_id="1539544" t="В"><v><l id="37409" t="в"><g v="PREP"></g></l></v></tfr></token><token id="707688" text="среду"><tfr rev_id="1539545" t="среду"><v><l id="333471" t="среда"><g v="NOUN"></g><g v="inan"></g><g v="femn"></g><g v="sing"></g><g v="accs"></g></l></v></tfr></token><token id="707689" text="в"><tfr rev_id="1539546" t="в"><v><l id="37409" t="в"><g v="PREP"></g></l></v></tfr></token><token id="707690" text="парламенте"><tfr rev_id="1539547" t="парламенте"><v><l id="224156" t="парламент"><g v="NOUN"></g><g v="inan"></g><g v="masc"></g><g v="sing"></g><g v="loct"></g></l></v></tfr></token><token id="707691" text="страны"><tfr rev_id="3437366" t="страны"><v><l id="337100" t="страна"><g v="NOUN"></g><g v="inan"></g><g v="femn"></g><g v="sing"></g><g v="gent"></g></l></v></tfr></token><token id="707692" text="состоится"><tfr rev_id="1539549" t="состоится"><v><l id="330568" t="состоялся"><g v="VERB"></g><g v="perf"></g><g v="intr"></g><g v="sing"></g><g v="3per"></g><g v="futr"></g><g v="indc"></g></l></v></tfr></token><token id="707693" text="голосование"><tfr rev_id="1539550" t="голосование"><v><l id="72508" t="голосование"><g v="NOUN"></g><g v="inan"></g><g v="neut"></g><g v="sing"></g><g v="nomn"></g></l></v><v><l id="72508" t="голосование"><g v="NOUN"></g><g v="inan"></g><g v="neut"></g><g v="sing"></g><g v="accs"></g></l></v></tfr></token><token id="707694" text="по"><tfr rev_id="1539551" t="по"><v><l id="241240" t="по"><g v="PREP"></g></l></v></tfr></token><token id="707695" text="этому"><tfr rev_id="4434546" t="этому"><v><l id="386581" t="этот"><g v="ADJF"></g><g v="Subx"></g><g v="Apro"></g><g v="Anph"></g><g v="masc"></g><g v="sing"></g><g v="datv"></g></l></v></tfr></token><token id="707696" text="вопросу"><tfr rev_id="1539553" t="вопросу"><v><l id="50830" t="вопрос"><g v="NOUN"></g><g v="inan"></g><g v="masc"></g><g v="sing"></g><g v="datv"></g></l></v></tfr></token><token id="707697" text="."><tfr rev_id="1539554" t="."><v><l id="0" t="."><g v="PNCT"></g></l></v></tfr></token></tokens></sentence></paragraph></paragraphs></text>