<?xml version="1.0" encoding="utf-8"?><text id="1415" parent="226" name="19301 Наименьшее из зол"><tags><tag>url:http://www.chaskor.ru/news/naimenshee_iz_zol_19301</tag><tag>Год:2010</tag><tag>Дата:24/08</tag><tag>Тема:ЧасКор:Здоровье</tag><tag>Тема:ЧасКор:Здоровье/Здоровье</tag></tags><paragraphs><paragraph id="12822"><sentence id="39846"><source>Наименьшее из зол</source><tokens><token id="708579" text="Наименьшее"><tfr rev_id="1540436" t="Наименьшее"><v><l id="153698" t="наименьший"><g v="ADJF"></g><g v="Supr"></g><g v="Qual"></g><g v="neut"></g><g v="sing"></g><g v="nomn"></g></l></v><v><l id="153698" t="наименьший"><g v="ADJF"></g><g v="Supr"></g><g v="Qual"></g><g v="neut"></g><g v="sing"></g><g v="accs"></g></l></v></tfr></token><token id="708580" text="из"><tfr rev_id="2603803" t="из"><v><l id="117677" t="из"><g v="PREP"></g></l></v></tfr></token><token id="708581" text="зол"><tfr rev_id="3714739" t="зол"><v><l id="115613" t="зло"><g v="NOUN"></g><g v="inan"></g><g v="neut"></g><g v="plur"></g><g v="gent"></g></l></v></tfr></token></tokens></sentence><sentence id="39847"><source>Названы самые безопасные для зрения компьютерный шрифт и размер кегля.</source><tokens><token id="708582" text="Названы"><tfr rev_id="1540439" t="Названы"><v><l id="170338" t="назван"><g v="ADJS"></g><g v="plur"></g></l></v><v><l id="170346" t="назван"><g v="PRTS"></g><g v="perf"></g><g v="past"></g><g v="pssv"></g><g v="plur"></g></l></v></tfr></token><token id="708583" text="самые"><tfr rev_id="4067155" t="самые"><v><l id="313174" t="самый"><g v="ADJF"></g><g v="Apro"></g><g v="plur"></g><g v="nomn"></g></l></v></tfr></token><token id="708584" text="безопасные"><tfr rev_id="3746193" t="безопасные"><v><l id="26216" t="безопасный"><g v="ADJF"></g><g v="Qual"></g><g v="plur"></g><g v="nomn"></g></l></v></tfr></token><token id="708585" text="для"><tfr rev_id="2844716" t="для"><v><l id="85032" t="для"><g v="PREP"></g></l></v></tfr></token><token id="708586" text="зрения"><tfr rev_id="3447933" t="зрения"><v><l id="116555" t="зрение"><g v="NOUN"></g><g v="inan"></g><g v="neut"></g><g v="sing"></g><g v="gent"></g></l></v></tfr></token><token id="708587" text="компьютерный"><tfr rev_id="4097760" t="компьютерный"><v><l id="137452" t="компьютерный"><g v="ADJF"></g><g v="masc"></g><g v="sing"></g><g v="nomn"></g></l></v></tfr></token><token id="708588" text="шрифт"><tfr rev_id="3689102" t="шрифт"><v><l id="381209" t="шрифт"><g v="NOUN"></g><g v="inan"></g><g v="masc"></g><g v="sing"></g><g v="nomn"></g></l></v></tfr></token><token id="708589" text="и"><tfr rev_id="1540446" t="и"><v><l id="116949" t="и"><g v="CONJ"></g></l></v><v><l id="116950" t="и"><g v="INTJ"></g></l></v></tfr></token><token id="708590" text="размер"><tfr rev_id="1540447" t="размер"><v><l id="295006" t="размер"><g v="NOUN"></g><g v="inan"></g><g v="masc"></g><g v="sing"></g><g v="nomn"></g></l></v><v><l id="295006" t="размер"><g v="NOUN"></g><g v="inan"></g><g v="masc"></g><g v="sing"></g><g v="accs"></g></l></v></tfr></token><token id="708591" text="кегля"><tfr rev_id="4496771" t="кегля"><v><l id="132278" t="кегель"><g v="NOUN"></g><g v="inan"></g><g v="masc"></g><g v="sing"></g><g v="gent"></g></l></v><v><l id="132287" t="кегль"><g v="NOUN"></g><g v="inan"></g><g v="masc"></g><g v="sing"></g><g v="gent"></g></l></v></tfr></token><token id="708592" text="."><tfr rev_id="1540449" t="."><v><l id="0" t="."><g v="PNCT"></g></l></v></tfr></token></tokens></sentence></paragraph><paragraph id="12823"><sentence id="39848"><source>То, что долгое сидение перед компьютером, наносит немалый вред зрению человека, уже давно не является новостью.</source><tokens><token id="708593" text="То"><tfr rev_id="3777756" t="То"><v><l id="346835" t="то"><g v="CONJ"></g></l></v><v><l id="346836" t="то"><g v="PRCL"></g></l></v><v><l id="348430" t="тот"><g v="ADJF"></g><g v="Subx"></g><g v="Apro"></g><g v="Anph"></g><g v="neut"></g><g v="sing"></g><g v="nomn"></g></l></v><v><l id="348430" t="тот"><g v="ADJF"></g><g v="Subx"></g><g v="Apro"></g><g v="Anph"></g><g v="neut"></g><g v="sing"></g><g v="accs"></g></l></v></tfr></token><token id="708594" text=","><tfr rev_id="1540451" t=","><v><l id="0" t=","><g v="PNCT"></g></l></v></tfr></token><token id="708595" text="что"><tfr rev_id="3197834" t="что"><v><l id="377004" t="что"><g v="CONJ"></g></l></v><v><l id="377005" t="что"><g v="NPRO"></g><g v="neut"></g><g v="sing"></g><g v="nomn"></g></l></v><v><l id="377005" t="что"><g v="NPRO"></g><g v="neut"></g><g v="sing"></g><g v="accs"></g></l></v><v><l id="377006" t="что"><g v="ADVB"></g><g v="Ques"></g></l></v><v><l id="388695" t="что"><g v="PRCL"></g></l></v></tfr></token><token id="708596" text="долгое"><tfr rev_id="1540453" t="долгое"><v><l id="87736" t="долгий"><g v="ADJF"></g><g v="Qual"></g><g v="neut"></g><g v="sing"></g><g v="nomn"></g></l></v><v><l id="87736" t="долгий"><g v="ADJF"></g><g v="Qual"></g><g v="neut"></g><g v="sing"></g><g v="accs"></g></l></v></tfr></token><token id="708597" text="сидение"><tfr rev_id="4093062" t="сидение"><v><l id="320212" t="сидение"><g v="NOUN"></g><g v="inan"></g><g v="neut"></g><g v="sing"></g><g v="nomn"></g></l></v></tfr></token><token id="708598" text="перед"><tfr rev_id="1718009" t="перед"><v><l id="228071" t="перед"><g v="PREP"></g></l></v></tfr></token><token id="708599" text="компьютером"><tfr rev_id="1540456" t="компьютером"><v><l id="137413" t="компьютер"><g v="NOUN"></g><g v="inan"></g><g v="masc"></g><g v="sing"></g><g v="ablt"></g></l></v></tfr></token><token id="708600" text=","><tfr rev_id="1540457" t=","><v><l id="0" t=","><g v="PNCT"></g></l></v></tfr></token><token id="708601" text="наносит"><tfr rev_id="2703963" t="наносит"><v><l id="172957" t="наношу"><g v="VERB"></g><g v="impf"></g><g v="tran"></g><g v="sing"></g><g v="3per"></g><g v="pres"></g><g v="indc"></g></l></v></tfr></token><token id="708602" text="немалый"><tfr rev_id="1540459" t="немалый"><v><l id="183947" t="немалый"><g v="ADJF"></g><g v="masc"></g><g v="sing"></g><g v="nomn"></g></l></v><v><l id="183947" t="немалый"><g v="ADJF"></g><g v="inan"></g><g v="masc"></g><g v="sing"></g><g v="accs"></g></l></v></tfr></token><token id="708603" text="вред"><tfr rev_id="1540460" t="вред"><v><l id="53061" t="вред"><g v="NOUN"></g><g v="inan"></g><g v="masc"></g><g v="sing"></g><g v="nomn"></g></l></v><v><l id="53061" t="вред"><g v="NOUN"></g><g v="inan"></g><g v="masc"></g><g v="sing"></g><g v="accs"></g></l></v></tfr></token><token id="708604" text="зрению"><tfr rev_id="1540461" t="зрению"><v><l id="116555" t="зрение"><g v="NOUN"></g><g v="inan"></g><g v="neut"></g><g v="sing"></g><g v="datv"></g></l></v></tfr></token><token id="708605" text="человека"><tfr rev_id="3701980" t="человека"><v><l id="375073" t="человек"><g v="NOUN"></g><g v="anim"></g><g v="masc"></g><g v="sing"></g><g v="gent"></g></l></v></tfr></token><token id="708606" text=","><tfr rev_id="1540463" t=","><v><l id="0" t=","><g v="PNCT"></g></l></v></tfr></token><token id="708607" text="уже"><tfr rev_id="2692932" t="уже"><v><l id="355422" t="уж"><g v="NOUN"></g><g v="anim"></g><g v="masc"></g><g v="sing"></g><g v="loct"></g></l></v><v><l id="355498" t="уже"><g v="ADVB"></g></l></v><v><l id="355674" t="уже"><g v="COMP"></g><g v="Qual"></g></l></v><v><l id="388673" t="уже"><g v="PRCL"></g></l></v></tfr></token><token id="708608" text="давно"><tfr rev_id="1540465" t="давно"><v><l id="77708" t="давно"><g v="ADVB"></g></l></v></tfr></token><token id="708609" text="не"><tfr rev_id="1540466" t="не"><v><l id="178876" t="не"><g v="PRCL"></g></l></v></tfr></token><token id="708610" text="является"><tfr rev_id="1540467" t="является"><v><l id="387385" t="являюсь"><g v="VERB"></g><g v="impf"></g><g v="intr"></g><g v="sing"></g><g v="3per"></g><g v="pres"></g><g v="indc"></g></l></v></tfr></token><token id="708611" text="новостью"><tfr rev_id="1540468" t="новостью"><v><l id="191855" t="новость"><g v="NOUN"></g><g v="inan"></g><g v="femn"></g><g v="sing"></g><g v="ablt"></g></l></v></tfr></token><token id="708612" text="."><tfr rev_id="1540469" t="."><v><l id="0" t="."><g v="PNCT"></g></l></v></tfr></token></tokens></sentence><sentence id="39849"><source>Более того, в медицине даже появился новый диагноз — так называемый синдром компьютерного зрения.</source><tokens><token id="708613" text="Более"><tfr rev_id="1540470" t="Более"><v><l id="32065" t="более"><g v="ADVB"></g></l></v></tfr></token><token id="708614" text="того"><tfr rev_id="4292068" t="того"><v><l id="348430" t="тот"><g v="ADJF"></g><g v="Subx"></g><g v="Apro"></g><g v="Anph"></g><g v="neut"></g><g v="sing"></g><g v="gent"></g></l></v></tfr></token><token id="708615" text=","><tfr rev_id="1540472" t=","><v><l id="0" t=","><g v="PNCT"></g></l></v></tfr></token><token id="708616" text="в"><tfr rev_id="1540473" t="в"><v><l id="37409" t="в"><g v="PREP"></g></l></v></tfr></token><token id="708617" text="медицине"><tfr rev_id="3552732" t="медицине"><v><l id="157066" t="медицина"><g v="NOUN"></g><g v="inan"></g><g v="femn"></g><g v="sing"></g><g v="loct"></g></l></v></tfr></token><token id="708618" text="даже"><tfr rev_id="4079203" t="даже"><v><l id="77849" t="даже"><g v="PRCL"></g></l></v></tfr></token><token id="708619" text="появился"><tfr rev_id="1540476" t="появился"><v><l id="265507" t="появился"><g v="VERB"></g><g v="perf"></g><g v="intr"></g><g v="masc"></g><g v="sing"></g><g v="past"></g><g v="indc"></g></l></v></tfr></token><token id="708620" text="новый"><tfr rev_id="1540477" t="новый"><v><l id="191918" t="новый"><g v="ADJF"></g><g v="Qual"></g><g v="masc"></g><g v="sing"></g><g v="nomn"></g></l></v><v><l id="191918" t="новый"><g v="ADJF"></g><g v="Qual"></g><g v="inan"></g><g v="masc"></g><g v="sing"></g><g v="accs"></g></l></v></tfr></token><token id="708621" text="диагноз"><tfr rev_id="4348430" t="диагноз"><v><l id="83312" t="диагноз"><g v="NOUN"></g><g v="inan"></g><g v="masc"></g><g v="sing"></g><g v="nomn"></g></l></v></tfr></token><token id="708622" text="—"><tfr rev_id="2447522" t="—"><v><l id="0" t="—"><g v="PNCT"></g></l></v></tfr></token><token id="708623" text="так"><tfr rev_id="1540480" t="так"><v><l id="342451" t="так"><g v="CONJ"></g></l></v><v><l id="342452" t="так"><g v="PRCL"></g></l></v><v><l id="342453" t="так"><g v="ADVB"></g><g v="Dmns"></g></l></v></tfr></token><token id="708624" text="называемый"><tfr rev_id="1540481" t="называемый"><v><l id="170477" t="называемый"><g v="PRTF"></g><g v="impf"></g><g v="tran"></g><g v="pres"></g><g v="pssv"></g><g v="masc"></g><g v="sing"></g><g v="nomn"></g></l></v><v><l id="170477" t="называемый"><g v="PRTF"></g><g v="impf"></g><g v="tran"></g><g v="pres"></g><g v="pssv"></g><g v="inan"></g><g v="masc"></g><g v="sing"></g><g v="accs"></g></l></v></tfr></token><token id="708625" text="синдром"><tfr rev_id="1540482" t="синдром"><v><l id="320875" t="синдром"><g v="NOUN"></g><g v="inan"></g><g v="masc"></g><g v="sing"></g><g v="nomn"></g></l></v><v><l id="320875" t="синдром"><g v="NOUN"></g><g v="inan"></g><g v="masc"></g><g v="sing"></g><g v="accs"></g></l></v></tfr></token><token id="708626" text="компьютерного"><tfr rev_id="3470183" t="компьютерного"><v><l id="137452" t="компьютерный"><g v="ADJF"></g><g v="neut"></g><g v="sing"></g><g v="gent"></g></l></v></tfr></token><token id="708627" text="зрения"><tfr rev_id="3465163" t="зрения"><v><l id="116555" t="зрение"><g v="NOUN"></g><g v="inan"></g><g v="neut"></g><g v="sing"></g><g v="gent"></g></l></v></tfr></token><token id="708628" text="."><tfr rev_id="1540485" t="."><v><l id="0" t="."><g v="PNCT"></g></l></v></tfr></token></tokens></sentence><sentence id="39850"><source>Эксперты из Лаборатории зрительной эргономики США утверждают, что наиболее безопасным для зрения человека компьютерным шрифтом является Verdana.</source><tokens><token id="708629" text="Эксперты"><tfr rev_id="1540486" t="Эксперты"><v><l id="383582" t="эксперт"><g v="NOUN"></g><g v="anim"></g><g v="masc"></g><g v="plur"></g><g v="nomn"></g></l></v></tfr></token><token id="708630" text="из"><tfr rev_id="2604213" t="из"><v><l id="117677" t="из"><g v="PREP"></g></l></v></tfr></token><token id="708631" text="Лаборатории"><tfr rev_id="4277651" t="Лаборатории"><v><l id="146146" t="лаборатория"><g v="NOUN"></g><g v="inan"></g><g v="femn"></g><g v="sing"></g><g v="gent"></g></l></v></tfr></token><token id="708632" text="зрительной"><tfr rev_id="4173733" t="зрительной"><v><l id="116580" t="зрительный"><g v="ADJF"></g><g v="Qual"></g><g v="femn"></g><g v="sing"></g><g v="gent"></g></l></v></tfr></token><token id="708633" text="эргономики"><tfr rev_id="1540490" t="эргономики"><v><l id="385937" t="эргономика"><g v="NOUN"></g><g v="inan"></g><g v="femn"></g><g v="Sgtm"></g><g v="sing"></g><g v="gent"></g></l></v></tfr></token><token id="708634" text="США"><tfr rev_id="3811453" t="США"><v><l id="341371" t="сша"><g v="NOUN"></g><g v="inan"></g><g v="GNdr"></g><g v="Pltm"></g><g v="Fixd"></g><g v="Abbr"></g><g v="Geox"></g><g v="plur"></g><g v="gent"></g></l></v></tfr></token><token id="708635" text="утверждают"><tfr rev_id="1540492" t="утверждают"><v><l id="361706" t="утверждаю"><g v="VERB"></g><g v="impf"></g><g v="tran"></g><g v="plur"></g><g v="3per"></g><g v="pres"></g><g v="indc"></g></l></v><v><l id="361713" t="утверждаю"><g v="VERB"></g><g v="impf"></g><g v="intr"></g><g v="plur"></g><g v="3per"></g><g v="pres"></g><g v="indc"></g></l></v></tfr></token><token id="708636" text=","><tfr rev_id="1540493" t=","><v><l id="0" t=","><g v="PNCT"></g></l></v></tfr></token><token id="708637" text="что"><tfr rev_id="3197835" t="что"><v><l id="377004" t="что"><g v="CONJ"></g></l></v><v><l id="377005" t="что"><g v="NPRO"></g><g v="neut"></g><g v="sing"></g><g v="nomn"></g></l></v><v><l id="377005" t="что"><g v="NPRO"></g><g v="neut"></g><g v="sing"></g><g v="accs"></g></l></v><v><l id="377006" t="что"><g v="ADVB"></g><g v="Ques"></g></l></v><v><l id="388695" t="что"><g v="PRCL"></g></l></v></tfr></token><token id="708638" text="наиболее"><tfr rev_id="1540495" t="наиболее"><v><l id="170502" t="наиболее"><g v="ADVB"></g></l></v></tfr></token><token id="708639" text="безопасным"><tfr rev_id="4318197" t="безопасным"><v><l id="26216" t="безопасный"><g v="ADJF"></g><g v="Qual"></g><g v="masc"></g><g v="sing"></g><g v="ablt"></g></l></v></tfr></token><token id="708640" text="для"><tfr rev_id="3445573" t="для"><v><l id="85032" t="для"><g v="PREP"></g></l></v></tfr></token><token id="708641" text="зрения"><tfr rev_id="3503615" t="зрения"><v><l id="116555" t="зрение"><g v="NOUN"></g><g v="inan"></g><g v="neut"></g><g v="sing"></g><g v="gent"></g></l></v></tfr></token><token id="708642" text="человека"><tfr rev_id="3721610" t="человека"><v><l id="375073" t="человек"><g v="NOUN"></g><g v="anim"></g><g v="masc"></g><g v="sing"></g><g v="gent"></g></l></v></tfr></token><token id="708643" text="компьютерным"><tfr rev_id="4462839" t="компьютерным"><v><l id="137452" t="компьютерный"><g v="ADJF"></g><g v="masc"></g><g v="sing"></g><g v="ablt"></g></l></v></tfr></token><token id="708644" text="шрифтом"><tfr rev_id="1540501" t="шрифтом"><v><l id="381209" t="шрифт"><g v="NOUN"></g><g v="inan"></g><g v="masc"></g><g v="sing"></g><g v="ablt"></g></l></v></tfr></token><token id="708645" text="является"><tfr rev_id="1540502" t="является"><v><l id="387385" t="являюсь"><g v="VERB"></g><g v="impf"></g><g v="intr"></g><g v="sing"></g><g v="3per"></g><g v="pres"></g><g v="indc"></g></l></v></tfr></token><token id="708646" text="Verdana"><tfr rev_id="2475563" t="Verdana"><v><l id="0" t="Verdana"><g v="LATN"></g></l></v></tfr></token><token id="708647" text="."><tfr rev_id="1540504" t="."><v><l id="0" t="."><g v="PNCT"></g></l></v></tfr></token></tokens></sentence><sentence id="39851"><source>А самым удобным для чтения размером считается 10—12 кегль.</source><tokens><token id="708648" text="А"><tfr rev_id="3962324" t="А"><v><l id="51" t="а"><g v="CONJ"></g></l></v></tfr></token><token id="708649" text="самым"><tfr rev_id="3472751" t="самым"><v><l id="313174" t="самый"><g v="ADJF"></g><g v="Apro"></g><g v="masc"></g><g v="sing"></g><g v="ablt"></g></l></v><v><l id="313174" t="самый"><g v="ADJF"></g><g v="Apro"></g><g v="neut"></g><g v="sing"></g><g v="ablt"></g></l></v></tfr></token><token id="708650" text="удобным"><tfr rev_id="4462983" t="удобным"><v><l id="355018" t="удобный"><g v="ADJF"></g><g v="Qual"></g><g v="masc"></g><g v="sing"></g><g v="ablt"></g></l></v></tfr></token><token id="708651" text="для"><tfr rev_id="2948582" t="для"><v><l id="85032" t="для"><g v="PREP"></g></l></v></tfr></token><token id="708652" text="чтения"><tfr rev_id="3409846" t="чтения"><v><l id="376986" t="чтение"><g v="NOUN"></g><g v="inan"></g><g v="neut"></g><g v="sing"></g><g v="gent"></g></l></v></tfr></token><token id="708653" text="размером"><tfr rev_id="1540510" t="размером"><v><l id="295006" t="размер"><g v="NOUN"></g><g v="inan"></g><g v="masc"></g><g v="sing"></g><g v="ablt"></g></l></v></tfr></token><token id="708654" text="считается"><tfr rev_id="1540511" t="считается"><v><l id="341335" t="считаюсь"><g v="VERB"></g><g v="impf"></g><g v="intr"></g><g v="sing"></g><g v="3per"></g><g v="pres"></g><g v="indc"></g></l></v></tfr></token><token id="708655" text="10"><tfr rev_id="2462986" t="10"><v><l id="0" t="10"><g v="NUMB"></g></l></v></tfr></token><token id="708656" text="—"><tfr rev_id="2447523" t="—"><v><l id="0" t="—"><g v="PNCT"></g></l></v></tfr></token><token id="708657" text="12"><tfr rev_id="2462987" t="12"><v><l id="0" t="12"><g v="NUMB"></g></l></v></tfr></token><token id="708658" text="кегль"><tfr rev_id="1540515" t="кегль"><v><l id="132287" t="кегль"><g v="NOUN"></g><g v="inan"></g><g v="masc"></g><g v="sing"></g><g v="nomn"></g></l></v><v><l id="132287" t="кегль"><g v="NOUN"></g><g v="inan"></g><g v="masc"></g><g v="sing"></g><g v="accs"></g></l></v></tfr></token><token id="708659" text="."><tfr rev_id="1540516" t="."><v><l id="0" t="."><g v="PNCT"></g></l></v></tfr></token></tokens></sentence><sentence id="39852"><source>Если же размер шрифта в три раза меньше, чем пороговый, то человеку приходится сильно напрягаться, чтобы прочитать текст, что в конце концов заканчивается ухудшением зрения и потерей внимательности.</source><tokens><token id="708660" text="Если"><tfr rev_id="1540517" t="Если"><v><l id="95365" t="если"><g v="CONJ"></g></l></v></tfr></token><token id="708661" text="же"><tfr rev_id="1540518" t="же"><v><l id="96208" t="же"><g v="CONJ"></g></l></v><v><l id="96209" t="же"><g v="PRCL"></g></l></v></tfr></token><token id="708662" text="размер"><tfr rev_id="1540519" t="размер"><v><l id="295006" t="размер"><g v="NOUN"></g><g v="inan"></g><g v="masc"></g><g v="sing"></g><g v="nomn"></g></l></v><v><l id="295006" t="размер"><g v="NOUN"></g><g v="inan"></g><g v="masc"></g><g v="sing"></g><g v="accs"></g></l></v></tfr></token><token id="708663" text="шрифта"><tfr rev_id="1540520" t="шрифта"><v><l id="381209" t="шрифт"><g v="NOUN"></g><g v="inan"></g><g v="masc"></g><g v="sing"></g><g v="gent"></g></l></v></tfr></token><token id="708664" text="в"><tfr rev_id="1540521" t="в"><v><l id="37409" t="в"><g v="PREP"></g></l></v></tfr></token><token id="708665" text="три"><tfr rev_id="2635367" t="три"><v><l id="349973" t="три"><g v="NUMR"></g><g v="nomn"></g></l></v><v><l id="349973" t="три"><g v="NUMR"></g><g v="inan"></g><g v="accs"></g></l></v></tfr></token><token id="708666" text="раза"><tfr rev_id="3421633" t="раза"><v><l id="291500" t="раз"><g v="NOUN"></g><g v="inan"></g><g v="masc"></g><g v="sing"></g><g v="gen1"></g></l></v></tfr></token><token id="708667" text="меньше"><tfr rev_id="4266772" t="меньше"><v><l id="153697" t="меньше"><g v="COMP"></g><g v="Qual"></g></l></v></tfr></token><token id="708668" text=","><tfr rev_id="1540525" t=","><v><l id="0" t=","><g v="PNCT"></g></l></v></tfr></token><token id="708669" text="чем"><tfr rev_id="4307270" t="чем"><v><l id="375161" t="чем"><g v="CONJ"></g></l></v></tfr></token><token id="708670" text="пороговый"><tfr rev_id="1540527" t="пороговый"><v><l id="260315" t="пороговый"><g v="ADJF"></g><g v="Qual"></g><g v="masc"></g><g v="sing"></g><g v="nomn"></g></l></v><v><l id="260315" t="пороговый"><g v="ADJF"></g><g v="Qual"></g><g v="inan"></g><g v="masc"></g><g v="sing"></g><g v="accs"></g></l></v></tfr></token><token id="708671" text=","><tfr rev_id="1540528" t=","><v><l id="0" t=","><g v="PNCT"></g></l></v></tfr></token><token id="708672" text="то"><tfr rev_id="3777757" t="то"><v><l id="346835" t="то"><g v="CONJ"></g></l></v><v><l id="346836" t="то"><g v="PRCL"></g></l></v><v><l id="348430" t="тот"><g v="ADJF"></g><g v="Subx"></g><g v="Apro"></g><g v="Anph"></g><g v="neut"></g><g v="sing"></g><g v="nomn"></g></l></v><v><l id="348430" t="тот"><g v="ADJF"></g><g v="Subx"></g><g v="Apro"></g><g v="Anph"></g><g v="neut"></g><g v="sing"></g><g v="accs"></g></l></v></tfr></token><token id="708673" text="человеку"><tfr rev_id="1540530" t="человеку"><v><l id="375073" t="человек"><g v="NOUN"></g><g v="anim"></g><g v="masc"></g><g v="sing"></g><g v="datv"></g></l></v></tfr></token><token id="708674" text="приходится"><tfr rev_id="1540531" t="приходится"><v><l id="276254" t="прихожусь"><g v="VERB"></g><g v="impf"></g><g v="intr"></g><g v="sing"></g><g v="3per"></g><g v="pres"></g><g v="indc"></g></l></v></tfr></token><token id="708675" text="сильно"><tfr rev_id="3880884" t="сильно"><v><l id="320515" t="сильно"><g v="ADVB"></g></l></v></tfr></token><token id="708676" text="напрягаться"><tfr rev_id="1540533" t="напрягаться"><v><l id="174173" t="напрягаться"><g v="INFN"></g><g v="impf"></g><g v="intr"></g></l></v></tfr></token><token id="708677" text=","><tfr rev_id="1540534" t=","><v><l id="0" t=","><g v="PNCT"></g></l></v></tfr></token><token id="708678" text="чтобы"><tfr rev_id="1540535" t="чтобы"><v><l id="377013" t="чтобы"><g v="CONJ"></g></l></v><v><l id="377014" t="чтобы"><g v="PRCL"></g></l></v></tfr></token><token id="708679" text="прочитать"><tfr rev_id="1540536" t="прочитать"><v><l id="287497" t="прочитать"><g v="INFN"></g><g v="perf"></g><g v="tran"></g></l></v></tfr></token><token id="708680" text="текст"><tfr rev_id="4108107" t="текст"><v><l id="344022" t="текст"><g v="NOUN"></g><g v="inan"></g><g v="masc"></g><g v="sing"></g><g v="accs"></g></l></v></tfr></token><token id="708681" text=","><tfr rev_id="1540538" t=","><v><l id="0" t=","><g v="PNCT"></g></l></v></tfr></token><token id="708682" text="что"><tfr rev_id="3197836" t="что"><v><l id="377004" t="что"><g v="CONJ"></g></l></v><v><l id="377005" t="что"><g v="NPRO"></g><g v="neut"></g><g v="sing"></g><g v="nomn"></g></l></v><v><l id="377005" t="что"><g v="NPRO"></g><g v="neut"></g><g v="sing"></g><g v="accs"></g></l></v><v><l id="377006" t="что"><g v="ADVB"></g><g v="Ques"></g></l></v><v><l id="388695" t="что"><g v="PRCL"></g></l></v></tfr></token><token id="708683" text="в"><tfr rev_id="1540540" t="в"><v><l id="37409" t="в"><g v="PREP"></g></l></v></tfr></token><token id="708684" text="конце"><tfr rev_id="1540541" t="конце"><v><l id="137815" t="конец"><g v="NOUN"></g><g v="inan"></g><g v="masc"></g><g v="sing"></g><g v="loct"></g></l></v></tfr></token><token id="708685" text="концов"><tfr rev_id="1540542" t="концов"><v><l id="137815" t="конец"><g v="NOUN"></g><g v="inan"></g><g v="masc"></g><g v="plur"></g><g v="gent"></g></l></v></tfr></token><token id="708686" text="заканчивается"><tfr rev_id="1540543" t="заканчивается"><v><l id="103000" t="заканчиваюсь"><g v="VERB"></g><g v="impf"></g><g v="intr"></g><g v="sing"></g><g v="3per"></g><g v="pres"></g><g v="indc"></g></l></v></tfr></token><token id="708687" text="ухудшением"><tfr rev_id="1540544" t="ухудшением"><v><l id="363020" t="ухудшение"><g v="NOUN"></g><g v="inan"></g><g v="neut"></g><g v="sing"></g><g v="ablt"></g></l></v></tfr></token><token id="708688" text="зрения"><tfr rev_id="3505802" t="зрения"><v><l id="116555" t="зрение"><g v="NOUN"></g><g v="inan"></g><g v="neut"></g><g v="sing"></g><g v="gent"></g></l></v></tfr></token><token id="708689" text="и"><tfr rev_id="3555698" t="и"><v><l id="116949" t="и"><g v="CONJ"></g></l></v></tfr></token><token id="708690" text="потерей"><tfr rev_id="1540547" t="потерей"><v><l id="263142" t="потеря"><g v="NOUN"></g><g v="inan"></g><g v="femn"></g><g v="sing"></g><g v="ablt"></g></l></v></tfr></token><token id="708691" text="внимательности"><tfr rev_id="4291597" t="внимательности"><v><l id="47617" t="внимательность"><g v="NOUN"></g><g v="inan"></g><g v="femn"></g><g v="sing"></g><g v="gent"></g></l></v></tfr></token><token id="708692" text="."><tfr rev_id="1540549" t="."><v><l id="0" t="."><g v="PNCT"></g></l></v></tfr></token></tokens></sentence><sentence id="39853"><source>Как отмечает NEWSru.com, шрифт Verdana создал в 1996 году художник Мэттью Картер для корпорации Microsoft.</source><tokens><token id="708693" text="Как"><tfr rev_id="1540550" t="Как"><v><l id="128190" t="как"><g v="CONJ"></g></l></v><v><l id="128191" t="как"><g v="PRCL"></g></l></v><v><l id="128192" t="как"><g v="ADVB"></g><g v="Ques"></g></l></v></tfr></token><token id="708694" text="отмечает"><tfr rev_id="1540551" t="отмечает"><v><l id="215600" t="отмечаю"><g v="VERB"></g><g v="impf"></g><g v="tran"></g><g v="sing"></g><g v="3per"></g><g v="pres"></g><g v="indc"></g></l></v></tfr></token><token id="708695" text="NEWSru.com"><tfr rev_id="2475564" t="NEWSru.com"><v><l id="0" t="NEWSru.com"><g v="LATN"></g></l></v></tfr></token><token id="708696" text=","><tfr rev_id="1540553" t=","><v><l id="0" t=","><g v="PNCT"></g></l></v></tfr></token><token id="708697" text="шрифт"><tfr rev_id="1540554" t="шрифт"><v><l id="381209" t="шрифт"><g v="NOUN"></g><g v="inan"></g><g v="masc"></g><g v="sing"></g><g v="nomn"></g></l></v><v><l id="381209" t="шрифт"><g v="NOUN"></g><g v="inan"></g><g v="masc"></g><g v="sing"></g><g v="accs"></g></l></v></tfr></token><token id="708698" text="Verdana"><tfr rev_id="2475565" t="Verdana"><v><l id="0" t="Verdana"><g v="LATN"></g></l></v></tfr></token><token id="708699" text="создал"><tfr rev_id="1540556" t="создал"><v><l id="328585" t="создал"><g v="VERB"></g><g v="perf"></g><g v="tran"></g><g v="masc"></g><g v="sing"></g><g v="past"></g><g v="indc"></g></l></v></tfr></token><token id="708700" text="в"><tfr rev_id="1540557" t="в"><v><l id="37409" t="в"><g v="PREP"></g></l></v></tfr></token><token id="708701" text="1996"><tfr rev_id="2462988" t="1996"><v><l id="0" t="1996"><g v="NUMB"></g></l></v></tfr></token><token id="708702" text="году"><tfr rev_id="3046003" t="году"><v><l id="72149" t="год"><g v="NOUN"></g><g v="inan"></g><g v="masc"></g><g v="sing"></g><g v="loc2"></g></l></v></tfr></token><token id="708703" text="художник"><tfr rev_id="1540560" t="художник"><v><l id="372466" t="художник"><g v="NOUN"></g><g v="anim"></g><g v="masc"></g><g v="sing"></g><g v="nomn"></g></l></v></tfr></token><token id="708704" text="Мэттью"><tfr rev_id="1540561" t="Мэттью"><v><l id="0" t="мэттью"><g v="UNKN"></g></l></v></tfr></token><token id="708705" text="Картер"><tfr rev_id="4331163" t="Картер"><v><l id="390471" t="картер"><g v="NOUN"></g><g v="anim"></g><g v="masc"></g><g v="Sgtm"></g><g v="Surn"></g><g v="sing"></g><g v="nomn"></g></l></v></tfr></token><token id="708706" text="для"><tfr rev_id="2922646" t="для"><v><l id="85032" t="для"><g v="PREP"></g></l></v></tfr></token><token id="708707" text="корпорации"><tfr rev_id="4291598" t="корпорации"><v><l id="140149" t="корпорация"><g v="NOUN"></g><g v="inan"></g><g v="femn"></g><g v="sing"></g><g v="gent"></g></l></v></tfr></token><token id="708708" text="Microsoft"><tfr rev_id="2475566" t="Microsoft"><v><l id="0" t="Microsoft"><g v="LATN"></g></l></v></tfr></token><token id="708709" text="."><tfr rev_id="1540566" t="."><v><l id="0" t="."><g v="PNCT"></g></l></v></tfr></token></tokens></sentence><sentence id="39854"><source>Его буквы не имеют засечек и увеличены за счёт межстрочного интервала, поэтому Verdana хорошо читается даже при маленьком кегле.</source><tokens><token id="708710" text="Его"><tfr rev_id="4498212" t="Его"><v><l id="94208" t="его"><g v="ADJF"></g><g v="Fixd"></g><g v="Apro"></g><g v="Anph"></g><g v="plur"></g><g v="nomn"></g></l></v><v><l id="94208" t="его"><g v="ADJF"></g><g v="Fixd"></g><g v="Apro"></g><g v="Anph"></g><g v="plur"></g><g v="gent"></g></l></v><v><l id="94208" t="его"><g v="ADJF"></g><g v="Fixd"></g><g v="Apro"></g><g v="Anph"></g><g v="plur"></g><g v="datv"></g></l></v><v><l id="94208" t="его"><g v="ADJF"></g><g v="Fixd"></g><g v="Apro"></g><g v="Anph"></g><g v="plur"></g><g v="accs"></g></l></v><v><l id="94208" t="его"><g v="ADJF"></g><g v="Fixd"></g><g v="Apro"></g><g v="Anph"></g><g v="plur"></g><g v="ablt"></g></l></v><v><l id="94208" t="его"><g v="ADJF"></g><g v="Fixd"></g><g v="Apro"></g><g v="Anph"></g><g v="plur"></g><g v="loct"></g></l></v></tfr></token><token id="708711" text="буквы"><tfr rev_id="3766389" t="буквы"><v><l id="35363" t="буква"><g v="NOUN"></g><g v="inan"></g><g v="femn"></g><g v="plur"></g><g v="nomn"></g></l></v></tfr></token><token id="708712" text="не"><tfr rev_id="1540569" t="не"><v><l id="178876" t="не"><g v="PRCL"></g></l></v></tfr></token><token id="708713" text="имеют"><tfr rev_id="1540570" t="имеют"><v><l id="121610" t="имею"><g v="VERB"></g><g v="impf"></g><g v="tran"></g><g v="plur"></g><g v="3per"></g><g v="pres"></g><g v="indc"></g></l></v></tfr></token><token id="708714" text="засечек"><tfr rev_id="1540571" t="засечек"><v><l id="109522" t="засечка"><g v="NOUN"></g><g v="inan"></g><g v="femn"></g><g v="plur"></g><g v="gent"></g></l></v></tfr></token><token id="708715" text="и"><tfr rev_id="3552983" t="и"><v><l id="116949" t="и"><g v="CONJ"></g></l></v></tfr></token><token id="708716" text="увеличены"><tfr rev_id="1540573" t="увеличены"><v><l id="353400" t="увеличен"><g v="PRTS"></g><g v="perf"></g><g v="past"></g><g v="pssv"></g><g v="plur"></g></l></v></tfr></token><token id="708717" text="за"><tfr rev_id="1540574" t="за"><v><l id="98043" t="за"><g v="PREP"></g></l></v></tfr></token><token id="708718" text="счёт"><tfr rev_id="1540575" t="счёт"><v><l id="341128" t="счёт"><g v="NOUN"></g><g v="inan"></g><g v="masc"></g><g v="sing"></g><g v="nomn"></g></l></v><v><l id="341128" t="счёт"><g v="NOUN"></g><g v="inan"></g><g v="masc"></g><g v="sing"></g><g v="accs"></g></l></v></tfr></token><token id="708719" text="межстрочного"><tfr rev_id="3285196" t="межстрочного"><v><l id="157659" t="межстрочный"><g v="ADJF"></g><g v="masc"></g><g v="sing"></g><g v="gent"></g></l></v><v><l id="157659" t="межстрочный"><g v="ADJF"></g><g v="anim"></g><g v="masc"></g><g v="sing"></g><g v="accs"></g></l></v></tfr></token><token id="708720" text="интервала"><tfr rev_id="1540577" t="интервала"><v><l id="123123" t="интервал"><g v="NOUN"></g><g v="inan"></g><g v="masc"></g><g v="sing"></g><g v="gent"></g></l></v></tfr></token><token id="708721" text=","><tfr rev_id="1540578" t=","><v><l id="0" t=","><g v="PNCT"></g></l></v></tfr></token><token id="708722" text="поэтому"><tfr rev_id="1540579" t="поэтому"><v><l id="265490" t="поэтому"><g v="ADVB"></g></l></v></tfr></token><token id="708723" text="Verdana"><tfr rev_id="2475567" t="Verdana"><v><l id="0" t="Verdana"><g v="LATN"></g></l></v></tfr></token><token id="708724" text="хорошо"><tfr rev_id="1540581" t="хорошо"><v><l id="371669" t="хорош"><g v="ADJS"></g><g v="Qual"></g><g v="neut"></g><g v="sing"></g></l></v><v><l id="371678" t="хорошо"><g v="ADVB"></g><g v="Prdx"></g></l></v><v><l id="371679" t="хорошо"><g v="PRCL"></g></l></v><v><l id="371680" t="хорошо"><g v="PRED"></g><g v="pres"></g></l></v></tfr></token><token id="708725" text="читается"><tfr rev_id="1540582" t="читается"><v><l id="376728" t="читаюсь"><g v="VERB"></g><g v="impf"></g><g v="intr"></g><g v="sing"></g><g v="3per"></g><g v="pres"></g><g v="indc"></g></l></v></tfr></token><token id="708726" text="даже"><tfr rev_id="4079204" t="даже"><v><l id="77849" t="даже"><g v="PRCL"></g></l></v></tfr></token><token id="708727" text="при"><tfr rev_id="2634086" t="при"><v><l id="268625" t="при"><g v="PREP"></g></l></v></tfr></token><token id="708728" text="маленьком"><tfr rev_id="4164108" t="маленьком"><v><l id="153694" t="маленький"><g v="ADJF"></g><g v="Qual"></g><g v="masc"></g><g v="sing"></g><g v="loct"></g></l></v></tfr></token><token id="708729" text="кегле"><tfr rev_id="4293381" t="кегле"><v><l id="132278" t="кегель"><g v="NOUN"></g><g v="inan"></g><g v="masc"></g><g v="sing"></g><g v="loct"></g></l></v><v><l id="132287" t="кегль"><g v="NOUN"></g><g v="inan"></g><g v="masc"></g><g v="sing"></g><g v="loct"></g></l></v></tfr></token><token id="708730" text="."><tfr rev_id="1540587" t="."><v><l id="0" t="."><g v="PNCT"></g></l></v></tfr></token></tokens></sentence><sentence id="39855"><source>Именно чтение данного шрифта максимально снизит глазную боль, жжение и покраснение белков глаз.</source><tokens><token id="708731" text="Именно"><tfr rev_id="1540588" t="Именно"><v><l id="121584" t="именно"><g v="PRCL"></g></l></v></tfr></token><token id="708732" text="чтение"><tfr rev_id="3457980" t="чтение"><v><l id="376986" t="чтение"><g v="NOUN"></g><g v="inan"></g><g v="neut"></g><g v="sing"></g><g v="nomn"></g></l></v></tfr></token><token id="708733" text="данного"><tfr rev_id="3662662" t="данного"><v><l id="78303" t="данный"><g v="ADJF"></g><g v="Apro"></g><g v="masc"></g><g v="sing"></g><g v="gent"></g></l></v><v><l id="78303" t="данный"><g v="ADJF"></g><g v="Apro"></g><g v="anim"></g><g v="masc"></g><g v="sing"></g><g v="accs"></g></l></v><v><l id="78303" t="данный"><g v="ADJF"></g><g v="Apro"></g><g v="neut"></g><g v="sing"></g><g v="gent"></g></l></v><v><l id="78549" t="данный"><g v="PRTF"></g><g v="perf"></g><g v="tran"></g><g v="past"></g><g v="pssv"></g><g v="masc"></g><g v="sing"></g><g v="gent"></g></l></v><v><l id="78549" t="данный"><g v="PRTF"></g><g v="perf"></g><g v="tran"></g><g v="past"></g><g v="pssv"></g><g v="anim"></g><g v="masc"></g><g v="sing"></g><g v="accs"></g></l></v><v><l id="78549" t="данный"><g v="PRTF"></g><g v="perf"></g><g v="tran"></g><g v="past"></g><g v="pssv"></g><g v="neut"></g><g v="sing"></g><g v="gent"></g></l></v></tfr></token><token id="708734" text="шрифта"><tfr rev_id="1540591" t="шрифта"><v><l id="381209" t="шрифт"><g v="NOUN"></g><g v="inan"></g><g v="masc"></g><g v="sing"></g><g v="gent"></g></l></v></tfr></token><token id="708735" text="максимально"><tfr rev_id="3526475" t="максимально"><v><l id="153539" t="максимально"><g v="ADVB"></g></l></v></tfr></token><token id="708736" text="снизит"><tfr rev_id="1540593" t="снизит"><v><l id="327362" t="снизил"><g v="VERB"></g><g v="perf"></g><g v="tran"></g><g v="sing"></g><g v="3per"></g><g v="futr"></g><g v="indc"></g></l></v></tfr></token><token id="708737" text="глазную"><tfr rev_id="1540594" t="глазную"><v><l id="71044" t="глазной"><g v="ADJF"></g><g v="femn"></g><g v="sing"></g><g v="accs"></g></l></v></tfr></token><token id="708738" text="боль"><tfr rev_id="1540595" t="боль"><v><l id="32299" t="боль"><g v="NOUN"></g><g v="inan"></g><g v="femn"></g><g v="sing"></g><g v="nomn"></g></l></v><v><l id="32299" t="боль"><g v="NOUN"></g><g v="inan"></g><g v="femn"></g><g v="sing"></g><g v="accs"></g></l></v></tfr></token><token id="708739" text=","><tfr rev_id="1540596" t=","><v><l id="0" t=","><g v="PNCT"></g></l></v></tfr></token><token id="708740" text="жжение"><tfr rev_id="1540597" t="жжение"><v><l id="96967" t="жжение"><g v="NOUN"></g><g v="inan"></g><g v="neut"></g><g v="sing"></g><g v="nomn"></g></l></v><v><l id="96967" t="жжение"><g v="NOUN"></g><g v="inan"></g><g v="neut"></g><g v="sing"></g><g v="accs"></g></l></v></tfr></token><token id="708741" text="и"><tfr rev_id="1540598" t="и"><v><l id="116949" t="и"><g v="CONJ"></g></l></v><v><l id="116950" t="и"><g v="INTJ"></g></l></v></tfr></token><token id="708742" text="покраснение"><tfr rev_id="4099667" t="покраснение"><v><l id="254743" t="покраснение"><g v="NOUN"></g><g v="inan"></g><g v="neut"></g><g v="sing"></g><g v="accs"></g></l></v></tfr></token><token id="708743" text="белков"><tfr rev_id="3543204" t="белков"><v><l id="27089" t="белок"><g v="NOUN"></g><g v="inan"></g><g v="masc"></g><g v="plur"></g><g v="gent"></g></l></v></tfr></token><token id="708744" text="глаз"><tfr rev_id="3436918" t="глаз"><v><l id="70992" t="глаз"><g v="NOUN"></g><g v="inan"></g><g v="masc"></g><g v="plur"></g><g v="gent"></g></l></v></tfr></token><token id="708745" text="."><tfr rev_id="1540602" t="."><v><l id="0" t="."><g v="PNCT"></g></l></v></tfr></token></tokens></sentence></paragraph></paragraphs></text>