<?xml version="1.0" encoding="utf-8"?><text id="1428" parent="56" name="Леонарду Пелтиеру отказано в условно-досрочном освобождении"><tags><tag>Автор:http://ru.wikinews.org/wiki/Участник:Aleksandr N. Natarov</tag><tag>Дата:24/08</tag><tag>Год:2009</tag><tag>Тема:ВикиКатегория:Преступность и право</tag><tag>Гео:ВикиКатегория:США</tag><tag>url:http://ru.wikinews.org/w/index.php?title=Леонарду_Пелтиеру_отказано_в_условно-досрочном_освобождении&amp;oldid=25074</tag></tags><paragraphs><paragraph id="12884"><sentence id="40028"><source>Эта новость пришла 21 августа из американского штата Северная Дакота, где находится индейская резервация Тертл-Маунтин, близ которой 12 сентября 1944 года родился будущий активист Движения американских индейцев Леонард Пелтиер, который в настоящее время отбывает два пожизненных заключения по обвинению в убийстве двух агентов Федерального бюро расследований (ФБР) в ходе перестрелки на территории индейской резервации Пайн-Ридж в штате Южная Дакота 26 июня 1975 года.</source><tokens><token id="712110" text="Эта"><tfr rev_id="4437243" t="Эта"><v><l id="386581" t="этот"><g v="ADJF"></g><g v="Subx"></g><g v="Apro"></g><g v="Anph"></g><g v="femn"></g><g v="sing"></g><g v="nomn"></g></l></v></tfr></token><token id="712111" text="новость"><tfr rev_id="4095594" t="новость"><v><l id="191855" t="новость"><g v="NOUN"></g><g v="inan"></g><g v="femn"></g><g v="sing"></g><g v="nomn"></g></l></v></tfr></token><token id="712112" text="пришла"><tfr rev_id="4330073" t="пришла"><v><l id="270737" t="пришёл"><g v="VERB"></g><g v="perf"></g><g v="intr"></g><g v="femn"></g><g v="sing"></g><g v="past"></g><g v="indc"></g></l></v></tfr></token><token id="712113" text="21"><tfr rev_id="2463053" t="21"><v><l id="0" t="21"><g v="NUMB"></g></l></v></tfr></token><token id="712114" text="августа"><tfr rev_id="3523832" t="августа"><v><l id="2368" t="август"><g v="NOUN"></g><g v="inan"></g><g v="masc"></g><g v="sing"></g><g v="gent"></g></l></v></tfr></token><token id="712115" text="из"><tfr rev_id="2602812" t="из"><v><l id="117677" t="из"><g v="PREP"></g></l></v></tfr></token><token id="712116" text="американского"><tfr rev_id="3881297" t="американского"><v><l id="11429" t="американский"><g v="ADJF"></g><g v="masc"></g><g v="sing"></g><g v="gent"></g></l></v><v><l id="11429" t="американский"><g v="ADJF"></g><g v="anim"></g><g v="masc"></g><g v="sing"></g><g v="accs"></g></l></v></tfr></token><token id="712117" text="штата"><tfr rev_id="1543974" t="штата"><v><l id="381334" t="штат"><g v="NOUN"></g><g v="inan"></g><g v="masc"></g><g v="sing"></g><g v="gent"></g></l></v></tfr></token><token id="712118" text="Северная"><tfr rev_id="1543975" t="Северная"><v><l id="317517" t="северный"><g v="ADJF"></g><g v="Qual"></g><g v="femn"></g><g v="sing"></g><g v="nomn"></g></l></v></tfr></token><token id="712119" text="Дакота"><tfr rev_id="4506509" t="Дакота"><v><l id="77906" t="дакота"><g v="NOUN"></g><g v="inan"></g><g v="femn"></g><g v="Geox"></g><g v="sing"></g><g v="nomn"></g></l></v></tfr></token><token id="712120" text=","><tfr rev_id="1543977" t=","><v><l id="0" t=","><g v="PNCT"></g></l></v></tfr></token><token id="712121" text="где"><tfr rev_id="2636531" t="где"><v><l id="67984" t="где"><g v="ADVB"></g><g v="Ques"></g></l></v><v><l id="388669" t="где"><g v="CONJ"></g></l></v></tfr></token><token id="712122" text="находится"><tfr rev_id="1543979" t="находится"><v><l id="177898" t="нахожусь"><g v="VERB"></g><g v="impf"></g><g v="intr"></g><g v="sing"></g><g v="3per"></g><g v="pres"></g><g v="indc"></g></l></v><v><l id="177903" t="находился"><g v="VERB"></g><g v="perf"></g><g v="intr"></g><g v="sing"></g><g v="3per"></g><g v="futr"></g><g v="indc"></g></l></v></tfr></token><token id="712123" text="индейская"><tfr rev_id="1543980" t="индейская"><v><l id="122153" t="индейский"><g v="ADJF"></g><g v="femn"></g><g v="sing"></g><g v="nomn"></g></l></v></tfr></token><token id="712124" text="резервация"><tfr rev_id="1543981" t="резервация"><v><l id="305227" t="резервация"><g v="NOUN"></g><g v="inan"></g><g v="femn"></g><g v="sing"></g><g v="nomn"></g></l></v></tfr></token><token id="712125" text="Тертл-Маунтин"><tfr rev_id="1543982" t="Тертл-Маунтин"><v><l id="0" t="тертл-маунтин"><g v="UNKN"></g></l></v></tfr></token><token id="712126" text=","><tfr rev_id="1543983" t=","><v><l id="0" t=","><g v="PNCT"></g></l></v></tfr></token><token id="712127" text="близ"><tfr rev_id="1543984" t="близ"><v><l id="30848" t="близ"><g v="PREP"></g></l></v></tfr></token><token id="712128" text="которой"><tfr rev_id="4417557" t="которой"><v><l id="141203" t="который"><g v="ADJF"></g><g v="Apro"></g><g v="Subx"></g><g v="Anph"></g><g v="femn"></g><g v="sing"></g><g v="gent"></g></l></v></tfr></token><token id="712129" text="12"><tfr rev_id="2463054" t="12"><v><l id="0" t="12"><g v="NUMB"></g></l></v></tfr></token><token id="712130" text="сентября"><tfr rev_id="1543987" t="сентября"><v><l id="318866" t="сентябрь"><g v="NOUN"></g><g v="inan"></g><g v="masc"></g><g v="sing"></g><g v="gent"></g></l></v></tfr></token><token id="712131" text="1944"><tfr rev_id="2463055" t="1944"><v><l id="0" t="1944"><g v="NUMB"></g></l></v></tfr></token><token id="712132" text="года"><tfr rev_id="3415603" t="года"><v><l id="72149" t="год"><g v="NOUN"></g><g v="inan"></g><g v="masc"></g><g v="sing"></g><g v="gen1"></g></l></v></tfr></token><token id="712133" text="родился"><tfr rev_id="1543990" t="родился"><v><l id="308324" t="родился"><g v="VERB"></g><g v="perf"></g><g v="intr"></g><g v="masc"></g><g v="sing"></g><g v="past"></g><g v="indc"></g></l></v><v><l id="308325" t="рожусь"><g v="VERB"></g><g v="impf"></g><g v="intr"></g><g v="masc"></g><g v="sing"></g><g v="past"></g><g v="indc"></g></l></v></tfr></token><token id="712134" text="будущий"><tfr rev_id="1543991" t="будущий"><v><l id="35164" t="будущий"><g v="ADJF"></g><g v="masc"></g><g v="sing"></g><g v="nomn"></g></l></v><v><l id="35164" t="будущий"><g v="ADJF"></g><g v="inan"></g><g v="masc"></g><g v="sing"></g><g v="accs"></g></l></v></tfr></token><token id="712135" text="активист"><tfr rev_id="1543992" t="активист"><v><l id="7658" t="активист"><g v="NOUN"></g><g v="anim"></g><g v="masc"></g><g v="sing"></g><g v="nomn"></g></l></v></tfr></token><token id="712136" text="Движения"><tfr rev_id="3501806" t="Движения"><v><l id="78833" t="движение"><g v="NOUN"></g><g v="inan"></g><g v="neut"></g><g v="sing"></g><g v="gent"></g></l></v></tfr></token><token id="712137" text="американских"><tfr rev_id="4355943" t="американских"><v><l id="11429" t="американский"><g v="ADJF"></g><g v="plur"></g><g v="gent"></g></l></v></tfr></token><token id="712138" text="индейцев"><tfr rev_id="3944983" t="индейцев"><v><l id="122149" t="индеец"><g v="NOUN"></g><g v="anim"></g><g v="masc"></g><g v="plur"></g><g v="gent"></g></l></v></tfr></token><token id="712139" text="Леонард"><tfr rev_id="3473098" t="Леонард"><v><l id="148207" t="леонард"><g v="NOUN"></g><g v="anim"></g><g v="masc"></g><g v="Name"></g><g v="sing"></g><g v="nomn"></g></l></v></tfr></token><token id="712140" text="Пелтиер"><tfr rev_id="1543997" t="Пелтиер"><v><l id="0" t="пелтиер"><g v="UNKN"></g></l></v></tfr></token><token id="712141" text=","><tfr rev_id="1543998" t=","><v><l id="0" t=","><g v="PNCT"></g></l></v></tfr></token><token id="712142" text="который"><tfr rev_id="3637502" t="который"><v><l id="141203" t="который"><g v="ADJF"></g><g v="Apro"></g><g v="Subx"></g><g v="Anph"></g><g v="masc"></g><g v="sing"></g><g v="nomn"></g></l></v><v><l id="141203" t="который"><g v="ADJF"></g><g v="Apro"></g><g v="Subx"></g><g v="Anph"></g><g v="inan"></g><g v="masc"></g><g v="sing"></g><g v="accs"></g></l></v></tfr></token><token id="712143" text="в"><tfr rev_id="1544000" t="в"><v><l id="37409" t="в"><g v="PREP"></g></l></v></tfr></token><token id="712144" text="настоящее"><tfr rev_id="4282419" t="настоящее"><v><l id="176151" t="настоящий"><g v="ADJF"></g><g v="neut"></g><g v="sing"></g><g v="nomn"></g></l></v><v><l id="176151" t="настоящий"><g v="ADJF"></g><g v="neut"></g><g v="sing"></g><g v="accs"></g></l></v></tfr></token><token id="712145" text="время"><tfr rev_id="4093419" t="время"><v><l id="53149" t="время"><g v="NOUN"></g><g v="inan"></g><g v="neut"></g><g v="sing"></g><g v="accs"></g></l></v></tfr></token><token id="712146" text="отбывает"><tfr rev_id="1544003" t="отбывает"><v><l id="212082" t="отбываю"><g v="VERB"></g><g v="impf"></g><g v="tran"></g><g v="sing"></g><g v="3per"></g><g v="pres"></g><g v="indc"></g></l></v></tfr></token><token id="712147" text="два"><tfr rev_id="4450485" t="два"><v><l id="78668" t="два"><g v="NUMR"></g><g v="masc"></g><g v="nomn"></g></l></v><v><l id="78668" t="два"><g v="NUMR"></g><g v="inan"></g><g v="masc"></g><g v="accs"></g></l></v><v><l id="78668" t="два"><g v="NUMR"></g><g v="neut"></g><g v="nomn"></g></l></v><v><l id="78668" t="два"><g v="NUMR"></g><g v="inan"></g><g v="neut"></g><g v="accs"></g></l></v></tfr></token><token id="712148" text="пожизненных"><tfr rev_id="2927783" t="пожизненных"><v><l id="253162" t="пожизненный"><g v="ADJF"></g><g v="plur"></g><g v="gent"></g></l></v></tfr></token><token id="712149" text="заключения"><tfr rev_id="3432591" t="заключения"><v><l id="103480" t="заключение"><g v="NOUN"></g><g v="inan"></g><g v="neut"></g><g v="sing"></g><g v="gent"></g></l></v></tfr></token><token id="712150" text="по"><tfr rev_id="1544007" t="по"><v><l id="241240" t="по"><g v="PREP"></g></l></v></tfr></token><token id="712151" text="обвинению"><tfr rev_id="1544008" t="обвинению"><v><l id="193410" t="обвинение"><g v="NOUN"></g><g v="inan"></g><g v="neut"></g><g v="sing"></g><g v="datv"></g></l></v></tfr></token><token id="712152" text="в"><tfr rev_id="1544009" t="в"><v><l id="37409" t="в"><g v="PREP"></g></l></v></tfr></token><token id="712153" text="убийстве"><tfr rev_id="1544010" t="убийстве"><v><l id="352998" t="убийство"><g v="NOUN"></g><g v="inan"></g><g v="neut"></g><g v="sing"></g><g v="loct"></g></l></v></tfr></token><token id="712154" text="двух"><tfr rev_id="4449718" t="двух"><v><l id="78668" t="два"><g v="NUMR"></g><g v="anim"></g><g v="accs"></g></l></v><v><l id="78668" t="два"><g v="NUMR"></g><g v="gent"></g></l></v><v><l id="78668" t="два"><g v="NUMR"></g><g v="loct"></g></l></v></tfr></token><token id="712155" text="агентов"><tfr rev_id="4317589" t="агентов"><v><l id="3928" t="агент"><g v="NOUN"></g><g v="anim"></g><g v="masc"></g><g v="plur"></g><g v="gent"></g></l></v></tfr></token><token id="712156" text="Федерального"><tfr rev_id="3472373" t="Федерального"><v><l id="364933" t="федеральный"><g v="ADJF"></g><g v="neut"></g><g v="sing"></g><g v="gent"></g></l></v></tfr></token><token id="712157" text="бюро"><tfr rev_id="4180601" t="бюро"><v><l id="37344" t="бюро"><g v="NOUN"></g><g v="inan"></g><g v="neut"></g><g v="Fixd"></g><g v="sing"></g><g v="gent"></g></l></v></tfr></token><token id="712158" text="расследований"><tfr rev_id="1544015" t="расследований"><v><l id="301076" t="расследование"><g v="NOUN"></g><g v="inan"></g><g v="neut"></g><g v="plur"></g><g v="gent"></g></l></v></tfr></token><token id="712159" text="("><tfr rev_id="1544016" t="("><v><l id="0" t="("><g v="PNCT"></g></l></v></tfr></token><token id="712160" text="ФБР"><tfr rev_id="4164874" t="ФБР"><v><l id="364911" t="фбр"><g v="NOUN"></g><g v="inan"></g><g v="neut"></g><g v="Fixd"></g><g v="Abbr"></g><g v="Orgn"></g><g v="Sgtm"></g><g v="sing"></g><g v="gent"></g></l></v></tfr></token><token id="712161" text=")"><tfr rev_id="1544018" t=")"><v><l id="0" t=")"><g v="PNCT"></g></l></v></tfr></token><token id="712162" text="в"><tfr rev_id="1544019" t="в"><v><l id="37409" t="в"><g v="PREP"></g></l></v></tfr></token><token id="712163" text="ходе"><tfr rev_id="1544020" t="ходе"><v><l id="371078" t="ход"><g v="NOUN"></g><g v="inan"></g><g v="masc"></g><g v="sing"></g><g v="loc1"></g></l></v></tfr></token><token id="712164" text="перестрелки"><tfr rev_id="3440193" t="перестрелки"><v><l id="234832" t="перестрелка"><g v="NOUN"></g><g v="inan"></g><g v="femn"></g><g v="sing"></g><g v="gent"></g></l></v></tfr></token><token id="712165" text="на"><tfr rev_id="3330591" t="на"><v><l id="166264" t="на"><g v="PREP"></g></l></v></tfr></token><token id="712166" text="территории"><tfr rev_id="4291607" t="территории"><v><l id="345621" t="территория"><g v="NOUN"></g><g v="inan"></g><g v="femn"></g><g v="sing"></g><g v="loct"></g></l></v></tfr></token><token id="712167" text="индейской"><tfr rev_id="4417746" t="индейской"><v><l id="122153" t="индейский"><g v="ADJF"></g><g v="femn"></g><g v="sing"></g><g v="gent"></g></l></v></tfr></token><token id="712168" text="резервации"><tfr rev_id="4291608" t="резервации"><v><l id="305227" t="резервация"><g v="NOUN"></g><g v="inan"></g><g v="femn"></g><g v="sing"></g><g v="gent"></g></l></v></tfr></token><token id="712169" text="Пайн-Ридж"><tfr rev_id="1544026" t="Пайн-Ридж"><v><l id="0" t="пайн-ридж"><g v="UNKN"></g></l></v></tfr></token><token id="712170" text="в"><tfr rev_id="1544027" t="в"><v><l id="37409" t="в"><g v="PREP"></g></l></v></tfr></token><token id="712171" text="штате"><tfr rev_id="1544028" t="штате"><v><l id="381334" t="штат"><g v="NOUN"></g><g v="inan"></g><g v="masc"></g><g v="sing"></g><g v="loct"></g></l></v></tfr></token><token id="712172" text="Южная"><tfr rev_id="1544029" t="Южная"><v><l id="386888" t="южный"><g v="ADJF"></g><g v="Qual"></g><g v="femn"></g><g v="sing"></g><g v="nomn"></g></l></v></tfr></token><token id="712173" text="Дакота"><tfr rev_id="4506510" t="Дакота"><v><l id="77906" t="дакота"><g v="NOUN"></g><g v="inan"></g><g v="femn"></g><g v="Geox"></g><g v="sing"></g><g v="nomn"></g></l></v></tfr></token><token id="712174" text="26"><tfr rev_id="2463056" t="26"><v><l id="0" t="26"><g v="NUMB"></g></l></v></tfr></token><token id="712175" text="июня"><tfr rev_id="1544032" t="июня"><v><l id="127302" t="июнь"><g v="NOUN"></g><g v="inan"></g><g v="masc"></g><g v="sing"></g><g v="gent"></g></l></v></tfr></token><token id="712176" text="1975"><tfr rev_id="2463057" t="1975"><v><l id="0" t="1975"><g v="NUMB"></g></l></v></tfr></token><token id="712177" text="года"><tfr rev_id="3473194" t="года"><v><l id="72149" t="год"><g v="NOUN"></g><g v="inan"></g><g v="masc"></g><g v="sing"></g><g v="gen1"></g></l></v></tfr></token><token id="712178" text="."><tfr rev_id="1544035" t="."><v><l id="0" t="."><g v="PNCT"></g></l></v></tfr></token></tokens></sentence><sentence id="40029"><source>Индейская община родной резервации намеревалась принять к себе г-на Пелтиера в случае его освобождения Комиссией по условно-досрочному освобождению, о чём представительница общины просила эксперта Комиссии, проводившего слушание 28 июля 2009 года в федеральной тюрьме в городе Льюисберга в штате Пенсильвания.</source><tokens><token id="712179" text="Индейская"><tfr rev_id="1544036" t="Индейская"><v><l id="122153" t="индейский"><g v="ADJF"></g><g v="femn"></g><g v="sing"></g><g v="nomn"></g></l></v></tfr></token><token id="712180" text="община"><tfr rev_id="1544037" t="община"><v><l id="201666" t="община"><g v="NOUN"></g><g v="inan"></g><g v="femn"></g><g v="sing"></g><g v="nomn"></g></l></v></tfr></token><token id="712181" text="родной"><tfr rev_id="4316840" t="родной"><v><l id="308360" t="родной"><g v="ADJF"></g><g v="femn"></g><g v="sing"></g><g v="gent"></g></l></v></tfr></token><token id="712182" text="резервации"><tfr rev_id="4181252" t="резервации"><v><l id="305227" t="резервация"><g v="NOUN"></g><g v="inan"></g><g v="femn"></g><g v="sing"></g><g v="gent"></g></l></v></tfr></token><token id="712183" text="намеревалась"><tfr rev_id="1544040" t="намеревалась"><v><l id="172440" t="намереваюсь"><g v="VERB"></g><g v="impf"></g><g v="intr"></g><g v="femn"></g><g v="sing"></g><g v="past"></g><g v="indc"></g></l></v></tfr></token><token id="712184" text="принять"><tfr rev_id="1544041" t="принять"><v><l id="272701" t="принять"><g v="INFN"></g><g v="perf"></g><g v="tran"></g></l></v></tfr></token><token id="712185" text="к"><tfr rev_id="1544042" t="к"><v><l id="127460" t="к"><g v="PREP"></g></l></v></tfr></token><token id="712186" text="себе"><tfr rev_id="4397994" t="себе"><v><l id="317456" t="себя"><g v="NPRO"></g><g v="Anph"></g><g v="sing"></g><g v="datv"></g></l></v></tfr></token><token id="712187" text="г-на"><tfr rev_id="3718915" t="г-на"><v><l id="65247" t="г-н"><g v="NOUN"></g><g v="anim"></g><g v="masc"></g><g v="Sgtm"></g><g v="Abbr"></g><g v="sing"></g><g v="accs"></g></l></v></tfr></token><token id="712188" text="Пелтиера"><tfr rev_id="1544045" t="Пелтиера"><v><l id="0" t="пелтиера"><g v="UNKN"></g></l></v></tfr></token><token id="712189" text="в"><tfr rev_id="1544046" t="в"><v><l id="37409" t="в"><g v="PREP"></g></l></v></tfr></token><token id="712190" text="случае"><tfr rev_id="1544047" t="случае"><v><l id="325472" t="случай"><g v="NOUN"></g><g v="inan"></g><g v="masc"></g><g v="sing"></g><g v="loct"></g></l></v></tfr></token><token id="712191" text="его"><tfr rev_id="4456900" t="его"><v><l id="94208" t="его"><g v="ADJF"></g><g v="Fixd"></g><g v="Apro"></g><g v="Anph"></g><g v="neut"></g><g v="sing"></g><g v="nomn"></g></l></v><v><l id="94208" t="его"><g v="ADJF"></g><g v="Fixd"></g><g v="Apro"></g><g v="Anph"></g><g v="neut"></g><g v="sing"></g><g v="gent"></g></l></v><v><l id="94208" t="его"><g v="ADJF"></g><g v="Fixd"></g><g v="Apro"></g><g v="Anph"></g><g v="neut"></g><g v="sing"></g><g v="datv"></g></l></v><v><l id="94208" t="его"><g v="ADJF"></g><g v="Fixd"></g><g v="Apro"></g><g v="Anph"></g><g v="neut"></g><g v="sing"></g><g v="accs"></g></l></v><v><l id="94208" t="его"><g v="ADJF"></g><g v="Fixd"></g><g v="Apro"></g><g v="Anph"></g><g v="neut"></g><g v="sing"></g><g v="ablt"></g></l></v><v><l id="94208" t="его"><g v="ADJF"></g><g v="Fixd"></g><g v="Apro"></g><g v="Anph"></g><g v="neut"></g><g v="sing"></g><g v="loct"></g></l></v></tfr></token><token id="712192" text="освобождения"><tfr rev_id="3446250" t="освобождения"><v><l id="209718" t="освобождение"><g v="NOUN"></g><g v="inan"></g><g v="neut"></g><g v="sing"></g><g v="gent"></g></l></v></tfr></token><token id="712193" text="Комиссией"><tfr rev_id="1544050" t="Комиссией"><v><l id="136905" t="комиссия"><g v="NOUN"></g><g v="inan"></g><g v="femn"></g><g v="sing"></g><g v="ablt"></g></l></v></tfr></token><token id="712194" text="по"><tfr rev_id="1544051" t="по"><v><l id="241240" t="по"><g v="PREP"></g></l></v></tfr></token><token id="712195" text="условно-досрочному"><tfr rev_id="3285093" t="условно-досрочному"><v><l id="360570" t="условно-досрочный"><g v="ADJF"></g><g v="neut"></g><g v="sing"></g><g v="datv"></g></l></v></tfr></token><token id="712196" text="освобождению"><tfr rev_id="1544053" t="освобождению"><v><l id="209718" t="освобождение"><g v="NOUN"></g><g v="inan"></g><g v="neut"></g><g v="sing"></g><g v="datv"></g></l></v></tfr></token><token id="712197" text=","><tfr rev_id="1544054" t=","><v><l id="0" t=","><g v="PNCT"></g></l></v></tfr></token><token id="712198" text="о"><tfr rev_id="3328632" t="о"><v><l id="192977" t="о"><g v="PREP"></g></l></v></tfr></token><token id="712199" text="чём"><tfr rev_id="4307456" t="чём"><v><l id="377005" t="что"><g v="NPRO"></g><g v="neut"></g><g v="sing"></g><g v="loct"></g></l></v></tfr></token><token id="712200" text="представительница"><tfr rev_id="1544057" t="представительница"><v><l id="267084" t="представительница"><g v="NOUN"></g><g v="anim"></g><g v="femn"></g><g v="sing"></g><g v="nomn"></g></l></v></tfr></token><token id="712201" text="общины"><tfr rev_id="3438012" t="общины"><v><l id="201666" t="община"><g v="NOUN"></g><g v="inan"></g><g v="femn"></g><g v="sing"></g><g v="gent"></g></l></v></tfr></token><token id="712202" text="просила"><tfr rev_id="1544059" t="просила"><v><l id="284318" t="прошу"><g v="VERB"></g><g v="impf"></g><g v="tran"></g><g v="femn"></g><g v="sing"></g><g v="past"></g><g v="indc"></g></l></v></tfr></token><token id="712203" text="эксперта"><tfr rev_id="4389696" t="эксперта"><v><l id="383582" t="эксперт"><g v="NOUN"></g><g v="anim"></g><g v="masc"></g><g v="sing"></g><g v="accs"></g></l></v></tfr></token><token id="712204" text="Комиссии"><tfr rev_id="4291609" t="Комиссии"><v><l id="136905" t="комиссия"><g v="NOUN"></g><g v="inan"></g><g v="femn"></g><g v="sing"></g><g v="gent"></g></l></v></tfr></token><token id="712205" text=","><tfr rev_id="1544062" t=","><v><l id="0" t=","><g v="PNCT"></g></l></v></tfr></token><token id="712206" text="проводившего"><tfr rev_id="3443279" t="проводившего"><v><l id="278005" t="проводивший"><g v="PRTF"></g><g v="impf"></g><g v="tran"></g><g v="past"></g><g v="actv"></g><g v="masc"></g><g v="sing"></g><g v="gent"></g></l></v><v><l id="278005" t="проводивший"><g v="PRTF"></g><g v="impf"></g><g v="tran"></g><g v="past"></g><g v="actv"></g><g v="anim"></g><g v="masc"></g><g v="sing"></g><g v="accs"></g></l></v><v><l id="278011" t="проводивший"><g v="PRTF"></g><g v="perf"></g><g v="tran"></g><g v="past"></g><g v="actv"></g><g v="masc"></g><g v="sing"></g><g v="gent"></g></l></v><v><l id="278011" t="проводивший"><g v="PRTF"></g><g v="perf"></g><g v="tran"></g><g v="past"></g><g v="actv"></g><g v="anim"></g><g v="masc"></g><g v="sing"></g><g v="accs"></g></l></v></tfr></token><token id="712207" text="слушание"><tfr rev_id="4099111" t="слушание"><v><l id="325508" t="слушание"><g v="NOUN"></g><g v="inan"></g><g v="neut"></g><g v="sing"></g><g v="accs"></g></l></v></tfr></token><token id="712208" text="28"><tfr rev_id="2463058" t="28"><v><l id="0" t="28"><g v="NUMB"></g></l></v></tfr></token><token id="712209" text="июля"><tfr rev_id="1544066" t="июля"><v><l id="127299" t="июль"><g v="NOUN"></g><g v="inan"></g><g v="masc"></g><g v="sing"></g><g v="gent"></g></l></v></tfr></token><token id="712210" text="2009"><tfr rev_id="2463059" t="2009"><v><l id="0" t="2009"><g v="NUMB"></g></l></v></tfr></token><token id="712211" text="года"><tfr rev_id="3523491" t="года"><v><l id="72149" t="год"><g v="NOUN"></g><g v="inan"></g><g v="masc"></g><g v="sing"></g><g v="gen1"></g></l></v></tfr></token><token id="712212" text="в"><tfr rev_id="1544069" t="в"><v><l id="37409" t="в"><g v="PREP"></g></l></v></tfr></token><token id="712213" text="федеральной"><tfr rev_id="4495115" t="федеральной"><v><l id="364933" t="федеральный"><g v="ADJF"></g><g v="femn"></g><g v="sing"></g><g v="loct"></g></l></v></tfr></token><token id="712214" text="тюрьме"><tfr rev_id="2737710" t="тюрьме"><v><l id="352528" t="тюрьма"><g v="NOUN"></g><g v="inan"></g><g v="femn"></g><g v="sing"></g><g v="loct"></g></l></v></tfr></token><token id="712215" text="в"><tfr rev_id="1544072" t="в"><v><l id="37409" t="в"><g v="PREP"></g></l></v></tfr></token><token id="712216" text="городе"><tfr rev_id="1544073" t="городе"><v><l id="73547" t="город"><g v="NOUN"></g><g v="inan"></g><g v="masc"></g><g v="sing"></g><g v="loct"></g></l></v></tfr></token><token id="712217" text="Льюисберга"><tfr rev_id="1544074" t="Льюисберга"><v><l id="0" t="льюисберга"><g v="UNKN"></g></l></v></tfr></token><token id="712218" text="в"><tfr rev_id="1544075" t="в"><v><l id="37409" t="в"><g v="PREP"></g></l></v></tfr></token><token id="712219" text="штате"><tfr rev_id="1544076" t="штате"><v><l id="381334" t="штат"><g v="NOUN"></g><g v="inan"></g><g v="masc"></g><g v="sing"></g><g v="loct"></g></l></v></tfr></token><token id="712220" text="Пенсильвания"><tfr rev_id="3479707" t="Пенсильвания"><v><l id="226068" t="пенсильвания"><g v="NOUN"></g><g v="inan"></g><g v="femn"></g><g v="Geox"></g><g v="sing"></g><g v="nomn"></g></l></v></tfr></token><token id="712221" text="."><tfr rev_id="1544078" t="."><v><l id="0" t="."><g v="PNCT"></g></l></v></tfr></token></tokens></sentence></paragraph><paragraph id="12885"><sentence id="40030"><source>На слушании Пелтиер выразил сожаление и и взял на себя ответственность за ту роль, которую он сыграл в инциденте, во время которого в результате перестрелки в резервации Пайн-Ридж погибли два агента ФБР и один индейский активист.</source><tokens><token id="712222" text="На"><tfr rev_id="3344325" t="На"><v><l id="166264" t="на"><g v="PREP"></g></l></v></tfr></token><token id="712223" text="слушании"><tfr rev_id="1544080" t="слушании"><v><l id="325508" t="слушание"><g v="NOUN"></g><g v="inan"></g><g v="neut"></g><g v="sing"></g><g v="loct"></g></l></v></tfr></token><token id="712224" text="Пелтиер"><tfr rev_id="1544081" t="Пелтиер"><v><l id="0" t="пелтиер"><g v="UNKN"></g></l></v></tfr></token><token id="712225" text="выразил"><tfr rev_id="1544082" t="выразил"><v><l id="61211" t="выразил"><g v="VERB"></g><g v="perf"></g><g v="tran"></g><g v="masc"></g><g v="sing"></g><g v="past"></g><g v="indc"></g></l></v></tfr></token><token id="712226" text="сожаление"><tfr rev_id="4107313" t="сожаление"><v><l id="328513" t="сожаление"><g v="NOUN"></g><g v="inan"></g><g v="neut"></g><g v="sing"></g><g v="accs"></g></l></v></tfr></token><token id="712227" text="и"><tfr rev_id="3542279" t="и"><v><l id="116949" t="и"><g v="CONJ"></g></l></v></tfr></token><token id="712228" text="и"><tfr rev_id="3555598" t="и"><v><l id="116949" t="и"><g v="CONJ"></g></l></v></tfr></token><token id="712229" text="взял"><tfr rev_id="1544086" t="взял"><v><l id="44304" t="взял"><g v="VERB"></g><g v="perf"></g><g v="tran"></g><g v="masc"></g><g v="sing"></g><g v="past"></g><g v="indc"></g></l></v></tfr></token><token id="712230" text="на"><tfr rev_id="3344942" t="на"><v><l id="166264" t="на"><g v="PREP"></g></l></v></tfr></token><token id="712231" text="себя"><tfr rev_id="3635014" t="себя"><v><l id="317456" t="себя"><g v="NPRO"></g><g v="Anph"></g><g v="sing"></g><g v="accs"></g></l></v></tfr></token><token id="712232" text="ответственность"><tfr rev_id="4233297" t="ответственность"><v><l id="212442" t="ответственность"><g v="NOUN"></g><g v="inan"></g><g v="femn"></g><g v="sing"></g><g v="accs"></g></l></v></tfr></token><token id="712233" text="за"><tfr rev_id="1544090" t="за"><v><l id="98043" t="за"><g v="PREP"></g></l></v></tfr></token><token id="712234" text="ту"><tfr rev_id="3776027" t="ту"><v><l id="348430" t="тот"><g v="ADJF"></g><g v="Subx"></g><g v="Apro"></g><g v="Anph"></g><g v="femn"></g><g v="sing"></g><g v="accs"></g></l></v></tfr></token><token id="712235" text="роль"><tfr rev_id="2371454" t="роль"><v><l id="308800" t="роль"><g v="NOUN"></g><g v="inan"></g><g v="femn"></g><g v="sing"></g><g v="nomn"></g></l></v><v><l id="308800" t="роль"><g v="NOUN"></g><g v="inan"></g><g v="femn"></g><g v="sing"></g><g v="accs"></g></l></v></tfr></token><token id="712236" text=","><tfr rev_id="1544093" t=","><v><l id="0" t=","><g v="PNCT"></g></l></v></tfr></token><token id="712237" text="которую"><tfr rev_id="3641079" t="которую"><v><l id="141203" t="который"><g v="ADJF"></g><g v="Apro"></g><g v="Subx"></g><g v="Anph"></g><g v="femn"></g><g v="sing"></g><g v="accs"></g></l></v></tfr></token><token id="712238" text="он"><tfr rev_id="3575891" t="он"><v><l id="206541" t="он"><g v="NPRO"></g><g v="masc"></g><g v="3per"></g><g v="Anph"></g><g v="sing"></g><g v="nomn"></g></l></v></tfr></token><token id="712239" text="сыграл"><tfr rev_id="1544096" t="сыграл"><v><l id="341566" t="сыграл"><g v="VERB"></g><g v="perf"></g><g v="tran"></g><g v="masc"></g><g v="sing"></g><g v="past"></g><g v="indc"></g></l></v></tfr></token><token id="712240" text="в"><tfr rev_id="1544097" t="в"><v><l id="37409" t="в"><g v="PREP"></g></l></v></tfr></token><token id="712241" text="инциденте"><tfr rev_id="1544098" t="инциденте"><v><l id="123629" t="инцидент"><g v="NOUN"></g><g v="inan"></g><g v="masc"></g><g v="sing"></g><g v="loct"></g></l></v></tfr></token><token id="712242" text=","><tfr rev_id="1544099" t=","><v><l id="0" t=","><g v="PNCT"></g></l></v></tfr></token><token id="712243" text="во"><tfr rev_id="2920353" t="во"><v><l id="37409" t="в"><g v="PREP"></g><g v="Vpre"></g></l></v></tfr></token><token id="712244" text="время"><tfr rev_id="3861238" t="время"><v><l id="53149" t="время"><g v="NOUN"></g><g v="inan"></g><g v="neut"></g><g v="sing"></g><g v="accs"></g></l></v></tfr></token><token id="712245" text="которого"><tfr rev_id="3638387" t="которого"><v><l id="141203" t="который"><g v="ADJF"></g><g v="Apro"></g><g v="Subx"></g><g v="Anph"></g><g v="masc"></g><g v="sing"></g><g v="gent"></g></l></v><v><l id="141203" t="который"><g v="ADJF"></g><g v="Apro"></g><g v="Subx"></g><g v="Anph"></g><g v="anim"></g><g v="masc"></g><g v="sing"></g><g v="accs"></g></l></v></tfr></token><token id="712246" text="в"><tfr rev_id="1544103" t="в"><v><l id="37409" t="в"><g v="PREP"></g></l></v></tfr></token><token id="712247" text="результате"><tfr rev_id="1544104" t="результате"><v><l id="305391" t="результат"><g v="NOUN"></g><g v="inan"></g><g v="masc"></g><g v="sing"></g><g v="loct"></g></l></v></tfr></token><token id="712248" text="перестрелки"><tfr rev_id="3466841" t="перестрелки"><v><l id="234832" t="перестрелка"><g v="NOUN"></g><g v="inan"></g><g v="femn"></g><g v="sing"></g><g v="gent"></g></l></v></tfr></token><token id="712249" text="в"><tfr rev_id="1544106" t="в"><v><l id="37409" t="в"><g v="PREP"></g></l></v></tfr></token><token id="712250" text="резервации"><tfr rev_id="4291610" t="резервации"><v><l id="305227" t="резервация"><g v="NOUN"></g><g v="inan"></g><g v="femn"></g><g v="sing"></g><g v="loct"></g></l></v></tfr></token><token id="712251" text="Пайн-Ридж"><tfr rev_id="1544108" t="Пайн-Ридж"><v><l id="0" t="пайн-ридж"><g v="UNKN"></g></l></v></tfr></token><token id="712252" text="погибли"><tfr rev_id="1544109" t="погибли"><v><l id="243191" t="погиб"><g v="VERB"></g><g v="perf"></g><g v="intr"></g><g v="plur"></g><g v="past"></g><g v="indc"></g></l></v></tfr></token><token id="712253" text="два"><tfr rev_id="4450486" t="два"><v><l id="78668" t="два"><g v="NUMR"></g><g v="masc"></g><g v="nomn"></g></l></v><v><l id="78668" t="два"><g v="NUMR"></g><g v="inan"></g><g v="masc"></g><g v="accs"></g></l></v><v><l id="78668" t="два"><g v="NUMR"></g><g v="neut"></g><g v="nomn"></g></l></v><v><l id="78668" t="два"><g v="NUMR"></g><g v="inan"></g><g v="neut"></g><g v="accs"></g></l></v></tfr></token><token id="712254" text="агента"><tfr rev_id="4354479" t="агента"><v><l id="3928" t="агент"><g v="NOUN"></g><g v="anim"></g><g v="masc"></g><g v="sing"></g><g v="gent"></g></l></v></tfr></token><token id="712255" text="ФБР"><tfr rev_id="4154858" t="ФБР"><v><l id="364911" t="фбр"><g v="NOUN"></g><g v="inan"></g><g v="neut"></g><g v="Fixd"></g><g v="Abbr"></g><g v="Orgn"></g><g v="Sgtm"></g><g v="sing"></g><g v="gent"></g></l></v></tfr></token><token id="712256" text="и"><tfr rev_id="1544113" t="и"><v><l id="116949" t="и"><g v="CONJ"></g></l></v><v><l id="116950" t="и"><g v="INTJ"></g></l></v></tfr></token><token id="712257" text="один"><tfr rev_id="4299734" t="один"><v><l id="203319" t="один"><g v="ADJF"></g><g v="Apro"></g><g v="Anum"></g><g v="masc"></g><g v="sing"></g><g v="nomn"></g></l></v><v><l id="203319" t="один"><g v="ADJF"></g><g v="Apro"></g><g v="Anum"></g><g v="inan"></g><g v="masc"></g><g v="sing"></g><g v="accs"></g></l></v></tfr></token><token id="712258" text="индейский"><tfr rev_id="1544115" t="индейский"><v><l id="122153" t="индейский"><g v="ADJF"></g><g v="masc"></g><g v="sing"></g><g v="nomn"></g></l></v><v><l id="122153" t="индейский"><g v="ADJF"></g><g v="inan"></g><g v="masc"></g><g v="sing"></g><g v="accs"></g></l></v></tfr></token><token id="712259" text="активист"><tfr rev_id="1544116" t="активист"><v><l id="7658" t="активист"><g v="NOUN"></g><g v="anim"></g><g v="masc"></g><g v="sing"></g><g v="nomn"></g></l></v></tfr></token><token id="712260" text="."><tfr rev_id="1544117" t="."><v><l id="0" t="."><g v="PNCT"></g></l></v></tfr></token></tokens></sentence><sentence id="40031"><source>Пелтиер подчеркнул, что престрелка произошла в обстановке, когда фактически происходила война между коррумпированным руководством племени, поддерживавшимся правительством, с одной стороны и индейцами-традиционалистами и молодыми активистами с другой.</source><tokens><token id="712261" text="Пелтиер"><tfr rev_id="1544118" t="Пелтиер"><v><l id="0" t="пелтиер"><g v="UNKN"></g></l></v></tfr></token><token id="712262" text="подчеркнул"><tfr rev_id="1544119" t="подчеркнул"><v><l id="252370" t="подчеркнул"><g v="VERB"></g><g v="perf"></g><g v="tran"></g><g v="masc"></g><g v="sing"></g><g v="past"></g><g v="indc"></g></l></v></tfr></token><token id="712263" text=","><tfr rev_id="1544120" t=","><v><l id="0" t=","><g v="PNCT"></g></l></v></tfr></token><token id="712264" text="что"><tfr rev_id="3197875" t="что"><v><l id="377004" t="что"><g v="CONJ"></g></l></v><v><l id="377005" t="что"><g v="NPRO"></g><g v="neut"></g><g v="sing"></g><g v="nomn"></g></l></v><v><l id="377005" t="что"><g v="NPRO"></g><g v="neut"></g><g v="sing"></g><g v="accs"></g></l></v><v><l id="377006" t="что"><g v="ADVB"></g><g v="Ques"></g></l></v><v><l id="388695" t="что"><g v="PRCL"></g></l></v></tfr></token><token id="712265" text="престрелка"><tfr rev_id="1544122" t="престрелка"><v><l id="0" t="престрелка"><g v="UNKN"></g></l></v></tfr></token><token id="712266" text="произошла"><tfr rev_id="1544123" t="произошла"><v><l id="280162" t="произошёл"><g v="VERB"></g><g v="perf"></g><g v="intr"></g><g v="femn"></g><g v="sing"></g><g v="past"></g><g v="indc"></g></l></v></tfr></token><token id="712267" text="в"><tfr rev_id="1544124" t="в"><v><l id="37409" t="в"><g v="PREP"></g></l></v></tfr></token><token id="712268" text="обстановке"><tfr rev_id="2737521" t="обстановке"><v><l id="199922" t="обстановка"><g v="NOUN"></g><g v="inan"></g><g v="femn"></g><g v="sing"></g><g v="loct"></g></l></v></tfr></token><token id="712269" text=","><tfr rev_id="1544126" t=","><v><l id="0" t=","><g v="PNCT"></g></l></v></tfr></token><token id="712270" text="когда"><tfr rev_id="1544127" t="когда"><v><l id="135239" t="когда"><g v="CONJ"></g></l></v><v><l id="135240" t="когда"><g v="ADVB"></g><g v="Ques"></g></l></v></tfr></token><token id="712271" text="фактически"><tfr rev_id="3190241" t="фактически"><v><l id="364168" t="фактически"><g v="ADVB"></g></l></v><v><l id="364170" t="фактически"><g v="CONJ"></g><g v="Prnt"></g></l></v></tfr></token><token id="712272" text="происходила"><tfr rev_id="1544129" t="происходила"><v><l id="280286" t="происхожу"><g v="VERB"></g><g v="impf"></g><g v="intr"></g><g v="femn"></g><g v="sing"></g><g v="past"></g><g v="indc"></g></l></v></tfr></token><token id="712273" text="война"><tfr rev_id="1544130" t="война"><v><l id="49721" t="война"><g v="NOUN"></g><g v="inan"></g><g v="femn"></g><g v="sing"></g><g v="nomn"></g></l></v></tfr></token><token id="712274" text="между"><tfr rev_id="1544131" t="между"><v><l id="157306" t="между"><g v="PREP"></g></l></v></tfr></token><token id="712275" text="коррумпированным"><tfr rev_id="3685556" t="коррумпированным"><v><l id="140315" t="коррумпированный"><g v="PRTF"></g><g v="perf"></g><g v="tran"></g><g v="past"></g><g v="pssv"></g><g v="Adjx"></g><g v="neut"></g><g v="sing"></g><g v="ablt"></g></l></v><v><l id="140316" t="коррумпированный"><g v="PRTF"></g><g v="impf"></g><g v="tran"></g><g v="past"></g><g v="pssv"></g><g v="Adjx"></g><g v="neut"></g><g v="sing"></g><g v="ablt"></g></l></v></tfr></token><token id="712276" text="руководством"><tfr rev_id="1544133" t="руководством"><v><l id="310004" t="руководство"><g v="NOUN"></g><g v="inan"></g><g v="neut"></g><g v="sing"></g><g v="ablt"></g></l></v></tfr></token><token id="712277" text="племени"><tfr rev_id="2934828" t="племени"><v><l id="240254" t="племя"><g v="NOUN"></g><g v="inan"></g><g v="neut"></g><g v="sing"></g><g v="gent"></g></l></v></tfr></token><token id="712278" text=","><tfr rev_id="1544135" t=","><v><l id="0" t=","><g v="PNCT"></g></l></v></tfr></token><token id="712279" text="поддерживавшимся"><tfr rev_id="2761144" t="поддерживавшимся"><v><l id="245413" t="поддерживавшийся"><g v="PRTF"></g><g v="impf"></g><g v="intr"></g><g v="past"></g><g v="actv"></g><g v="neut"></g><g v="sing"></g><g v="ablt"></g></l></v></tfr></token><token id="712280" text="правительством"><tfr rev_id="1544137" t="правительством"><v><l id="265638" t="правительство"><g v="NOUN"></g><g v="inan"></g><g v="neut"></g><g v="sing"></g><g v="ablt"></g></l></v></tfr></token><token id="712281" text=","><tfr rev_id="1544138" t=","><v><l id="0" t=","><g v="PNCT"></g></l></v></tfr></token><token id="712282" text="с"><tfr rev_id="1544139" t="с"><v><l id="311151" t="с"><g v="PREP"></g></l></v></tfr></token><token id="712283" text="одной"><tfr rev_id="4302374" t="одной"><v><l id="203319" t="один"><g v="ADJF"></g><g v="Apro"></g><g v="Anum"></g><g v="femn"></g><g v="sing"></g><g v="gent"></g></l></v></tfr></token><token id="712284" text="стороны"><tfr rev_id="3438316" t="стороны"><v><l id="336894" t="сторона"><g v="NOUN"></g><g v="inan"></g><g v="femn"></g><g v="sing"></g><g v="gent"></g></l></v></tfr></token><token id="712285" text="и"><tfr rev_id="1544142" t="и"><v><l id="116949" t="и"><g v="CONJ"></g></l></v><v><l id="116950" t="и"><g v="INTJ"></g></l></v></tfr></token><token id="712286" text="индейцами"><tfr rev_id="1544143" t="индейцами"><v><l id="122149" t="индеец"><g v="NOUN"></g><g v="anim"></g><g v="masc"></g><g v="plur"></g><g v="ablt"></g></l></v></tfr></token><token id="712287" text="-"><tfr rev_id="1544144" t="-"><v><l id="0" t="-"><g v="PNCT"></g></l></v></tfr></token><token id="712288" text="традиционалистами"><tfr rev_id="1544145" t="традиционалистами"><v><l id="348765" t="традиционалист"><g v="NOUN"></g><g v="anim"></g><g v="masc"></g><g v="plur"></g><g v="ablt"></g></l></v></tfr></token><token id="712289" text="и"><tfr rev_id="3533565" t="и"><v><l id="116949" t="и"><g v="CONJ"></g></l></v></tfr></token><token id="712290" text="молодыми"><tfr rev_id="4262607" t="молодыми"><v><l id="162846" t="молодой"><g v="ADJF"></g><g v="Qual"></g><g v="plur"></g><g v="ablt"></g></l></v></tfr></token><token id="712291" text="активистами"><tfr rev_id="1544148" t="активистами"><v><l id="7658" t="активист"><g v="NOUN"></g><g v="anim"></g><g v="masc"></g><g v="plur"></g><g v="ablt"></g></l></v></tfr></token><token id="712292" text="с"><tfr rev_id="1544149" t="с"><v><l id="311151" t="с"><g v="PREP"></g></l></v></tfr></token><token id="712293" text="другой"><tfr rev_id="3560071" t="другой"><v><l id="92342" t="другой"><g v="ADJF"></g><g v="Apro"></g><g v="Subx"></g><g v="femn"></g><g v="sing"></g><g v="gent"></g></l></v><v><l id="92342" t="другой"><g v="ADJF"></g><g v="Apro"></g><g v="Subx"></g><g v="femn"></g><g v="sing"></g><g v="datv"></g></l></v><v><l id="92342" t="другой"><g v="ADJF"></g><g v="Apro"></g><g v="Subx"></g><g v="femn"></g><g v="sing"></g><g v="ablt"></g></l></v><v><l id="92342" t="другой"><g v="ADJF"></g><g v="Apro"></g><g v="Subx"></g><g v="femn"></g><g v="sing"></g><g v="loct"></g></l></v></tfr></token><token id="712294" text="."><tfr rev_id="1544151" t="."><v><l id="0" t="."><g v="PNCT"></g></l></v></tfr></token></tokens></sentence><sentence id="40032"><source>Он вновь отрицал — как он отрицал всегда — что намеревался кого-либо убить и что он произвёл роковые выстрелы, в результате которых были убиты двое агентов, и он напомнил эксперту, проводившему слушание, что один из его бывших сообвиняемых недавно сам признался в произведении тех роковых выстрелов.</source><tokens><token id="712295" text="Он"><tfr rev_id="3575892" t="Он"><v><l id="206541" t="он"><g v="NPRO"></g><g v="masc"></g><g v="3per"></g><g v="Anph"></g><g v="sing"></g><g v="nomn"></g></l></v></tfr></token><token id="712296" text="вновь"><tfr rev_id="1544153" t="вновь"><v><l id="47640" t="вновь"><g v="ADVB"></g></l></v></tfr></token><token id="712297" text="отрицал"><tfr rev_id="1544154" t="отрицал"><v><l id="217583" t="отрицаю"><g v="VERB"></g><g v="impf"></g><g v="tran"></g><g v="masc"></g><g v="sing"></g><g v="past"></g><g v="indc"></g></l></v></tfr></token><token id="712298" text="—"><tfr rev_id="2447604" t="—"><v><l id="0" t="—"><g v="PNCT"></g></l></v></tfr></token><token id="712299" text="как"><tfr rev_id="1544156" t="как"><v><l id="128190" t="как"><g v="CONJ"></g></l></v><v><l id="128191" t="как"><g v="PRCL"></g></l></v><v><l id="128192" t="как"><g v="ADVB"></g><g v="Ques"></g></l></v></tfr></token><token id="712300" text="он"><tfr rev_id="3575893" t="он"><v><l id="206541" t="он"><g v="NPRO"></g><g v="masc"></g><g v="3per"></g><g v="Anph"></g><g v="sing"></g><g v="nomn"></g></l></v></tfr></token><token id="712301" text="отрицал"><tfr rev_id="1544158" t="отрицал"><v><l id="217583" t="отрицаю"><g v="VERB"></g><g v="impf"></g><g v="tran"></g><g v="masc"></g><g v="sing"></g><g v="past"></g><g v="indc"></g></l></v></tfr></token><token id="712302" text="всегда"><tfr rev_id="1544159" t="всегда"><v><l id="53369" t="всегда"><g v="ADVB"></g></l></v></tfr></token><token id="712303" text="—"><tfr rev_id="2447605" t="—"><v><l id="0" t="—"><g v="PNCT"></g></l></v></tfr></token><token id="712304" text="что"><tfr rev_id="3197876" t="что"><v><l id="377004" t="что"><g v="CONJ"></g></l></v><v><l id="377005" t="что"><g v="NPRO"></g><g v="neut"></g><g v="sing"></g><g v="nomn"></g></l></v><v><l id="377005" t="что"><g v="NPRO"></g><g v="neut"></g><g v="sing"></g><g v="accs"></g></l></v><v><l id="377006" t="что"><g v="ADVB"></g><g v="Ques"></g></l></v><v><l id="388695" t="что"><g v="PRCL"></g></l></v></tfr></token><token id="712305" text="намеревался"><tfr rev_id="1544162" t="намеревался"><v><l id="172440" t="намереваюсь"><g v="VERB"></g><g v="impf"></g><g v="intr"></g><g v="masc"></g><g v="sing"></g><g v="past"></g><g v="indc"></g></l></v></tfr></token><token id="712306" text="кого-либо"><tfr rev_id="3472302" t="кого-либо"><v><l id="144217" t="кто-либо"><g v="NPRO"></g><g v="masc"></g><g v="sing"></g><g v="accs"></g></l></v></tfr></token><token id="712307" text="убить"><tfr rev_id="1544164" t="убить"><v><l id="353021" t="убить"><g v="INFN"></g><g v="perf"></g><g v="tran"></g></l></v></tfr></token><token id="712308" text="и"><tfr rev_id="1544165" t="и"><v><l id="116949" t="и"><g v="CONJ"></g></l></v><v><l id="116950" t="и"><g v="INTJ"></g></l></v></tfr></token><token id="712309" text="что"><tfr rev_id="3197877" t="что"><v><l id="377004" t="что"><g v="CONJ"></g></l></v><v><l id="377005" t="что"><g v="NPRO"></g><g v="neut"></g><g v="sing"></g><g v="nomn"></g></l></v><v><l id="377005" t="что"><g v="NPRO"></g><g v="neut"></g><g v="sing"></g><g v="accs"></g></l></v><v><l id="377006" t="что"><g v="ADVB"></g><g v="Ques"></g></l></v><v><l id="388695" t="что"><g v="PRCL"></g></l></v></tfr></token><token id="712310" text="он"><tfr rev_id="3575894" t="он"><v><l id="206541" t="он"><g v="NPRO"></g><g v="masc"></g><g v="3per"></g><g v="Anph"></g><g v="sing"></g><g v="nomn"></g></l></v></tfr></token><token id="712311" text="произвёл"><tfr rev_id="1544168" t="произвёл"><v><l id="280085" t="произвёл"><g v="VERB"></g><g v="perf"></g><g v="tran"></g><g v="masc"></g><g v="sing"></g><g v="past"></g><g v="indc"></g></l></v></tfr></token><token id="712312" text="роковые"><tfr rev_id="3795138" t="роковые"><v><l id="308727" t="роковой"><g v="ADJF"></g><g v="inan"></g><g v="plur"></g><g v="accs"></g></l></v></tfr></token><token id="712313" text="выстрелы"><tfr rev_id="3748040" t="выстрелы"><v><l id="62743" t="выстрел"><g v="NOUN"></g><g v="inan"></g><g v="masc"></g><g v="plur"></g><g v="accs"></g></l></v></tfr></token><token id="712314" text=","><tfr rev_id="1544171" t=","><v><l id="0" t=","><g v="PNCT"></g></l></v></tfr></token><token id="712315" text="в"><tfr rev_id="1544172" t="в"><v><l id="37409" t="в"><g v="PREP"></g></l></v></tfr></token><token id="712316" text="результате"><tfr rev_id="1544173" t="результате"><v><l id="305391" t="результат"><g v="NOUN"></g><g v="inan"></g><g v="masc"></g><g v="sing"></g><g v="loct"></g></l></v></tfr></token><token id="712317" text="которых"><tfr rev_id="4197567" t="которых"><v><l id="141203" t="который"><g v="ADJF"></g><g v="Apro"></g><g v="Subx"></g><g v="Anph"></g><g v="plur"></g><g v="gent"></g></l></v></tfr></token><token id="712318" text="были"><tfr rev_id="1715583" t="были"><v><l id="37265" t="есть"><g v="VERB"></g><g v="impf"></g><g v="intr"></g><g v="plur"></g><g v="past"></g><g v="indc"></g></l></v></tfr></token><token id="712319" text="убиты"><tfr rev_id="1544176" t="убиты"><v><l id="353018" t="убит"><g v="ADJS"></g><g v="Qual"></g><g v="plur"></g></l></v><v><l id="353024" t="убит"><g v="PRTS"></g><g v="perf"></g><g v="past"></g><g v="pssv"></g><g v="plur"></g></l></v></tfr></token><token id="712320" text="двое"><tfr rev_id="1544177" t="двое"><v><l id="78866" t="двое"><g v="NUMR"></g><g v="Coll"></g><g v="nomn"></g></l></v><v><l id="78866" t="двое"><g v="NUMR"></g><g v="Coll"></g><g v="inan"></g><g v="accs"></g></l></v></tfr></token><token id="712321" text="агентов"><tfr rev_id="4336857" t="агентов"><v><l id="3928" t="агент"><g v="NOUN"></g><g v="anim"></g><g v="masc"></g><g v="plur"></g><g v="gent"></g></l></v></tfr></token><token id="712322" text=","><tfr rev_id="1544179" t=","><v><l id="0" t=","><g v="PNCT"></g></l></v></tfr></token><token id="712323" text="и"><tfr rev_id="1544180" t="и"><v><l id="116949" t="и"><g v="CONJ"></g></l></v><v><l id="116950" t="и"><g v="INTJ"></g></l></v></tfr></token><token id="712324" text="он"><tfr rev_id="3575895" t="он"><v><l id="206541" t="он"><g v="NPRO"></g><g v="masc"></g><g v="3per"></g><g v="Anph"></g><g v="sing"></g><g v="nomn"></g></l></v></tfr></token><token id="712325" text="напомнил"><tfr rev_id="1544182" t="напомнил"><v><l id="173892" t="напомнил"><g v="VERB"></g><g v="perf"></g><g v="tran"></g><g v="masc"></g><g v="sing"></g><g v="past"></g><g v="indc"></g></l></v></tfr></token><token id="712326" text="эксперту"><tfr rev_id="1544183" t="эксперту"><v><l id="383582" t="эксперт"><g v="NOUN"></g><g v="anim"></g><g v="masc"></g><g v="sing"></g><g v="datv"></g></l></v></tfr></token><token id="712327" text=","><tfr rev_id="1544184" t=","><v><l id="0" t=","><g v="PNCT"></g></l></v></tfr></token><token id="712328" text="проводившему"><tfr rev_id="3443280" t="проводившему"><v><l id="278005" t="проводивший"><g v="PRTF"></g><g v="impf"></g><g v="tran"></g><g v="past"></g><g v="actv"></g><g v="masc"></g><g v="sing"></g><g v="datv"></g></l></v><v><l id="278011" t="проводивший"><g v="PRTF"></g><g v="perf"></g><g v="tran"></g><g v="past"></g><g v="actv"></g><g v="masc"></g><g v="sing"></g><g v="datv"></g></l></v></tfr></token><token id="712329" text="слушание"><tfr rev_id="1544186" t="слушание"><v><l id="325508" t="слушание"><g v="NOUN"></g><g v="inan"></g><g v="neut"></g><g v="sing"></g><g v="nomn"></g></l></v><v><l id="325508" t="слушание"><g v="NOUN"></g><g v="inan"></g><g v="neut"></g><g v="sing"></g><g v="accs"></g></l></v></tfr></token><token id="712330" text=","><tfr rev_id="1544187" t=","><v><l id="0" t=","><g v="PNCT"></g></l></v></tfr></token><token id="712331" text="что"><tfr rev_id="3197878" t="что"><v><l id="377004" t="что"><g v="CONJ"></g></l></v><v><l id="377005" t="что"><g v="NPRO"></g><g v="neut"></g><g v="sing"></g><g v="nomn"></g></l></v><v><l id="377005" t="что"><g v="NPRO"></g><g v="neut"></g><g v="sing"></g><g v="accs"></g></l></v><v><l id="377006" t="что"><g v="ADVB"></g><g v="Ques"></g></l></v><v><l id="388695" t="что"><g v="PRCL"></g></l></v></tfr></token><token id="712332" text="один"><tfr rev_id="4299735" t="один"><v><l id="203319" t="один"><g v="ADJF"></g><g v="Apro"></g><g v="Anum"></g><g v="masc"></g><g v="sing"></g><g v="nomn"></g></l></v><v><l id="203319" t="один"><g v="ADJF"></g><g v="Apro"></g><g v="Anum"></g><g v="inan"></g><g v="masc"></g><g v="sing"></g><g v="accs"></g></l></v></tfr></token><token id="712333" text="из"><tfr rev_id="2561346" t="из"><v><l id="117677" t="из"><g v="PREP"></g></l></v></tfr></token><token id="712334" text="его"><tfr rev_id="4223759" t="его"><v><l id="94208" t="его"><g v="ADJF"></g><g v="Fixd"></g><g v="Apro"></g><g v="Anph"></g><g v="plur"></g><g v="nomn"></g></l></v><v><l id="94208" t="его"><g v="ADJF"></g><g v="Fixd"></g><g v="Apro"></g><g v="Anph"></g><g v="plur"></g><g v="gent"></g></l></v><v><l id="94208" t="его"><g v="ADJF"></g><g v="Fixd"></g><g v="Apro"></g><g v="Anph"></g><g v="plur"></g><g v="datv"></g></l></v><v><l id="94208" t="его"><g v="ADJF"></g><g v="Fixd"></g><g v="Apro"></g><g v="Anph"></g><g v="plur"></g><g v="accs"></g></l></v><v><l id="94208" t="его"><g v="ADJF"></g><g v="Fixd"></g><g v="Apro"></g><g v="Anph"></g><g v="plur"></g><g v="ablt"></g></l></v><v><l id="94208" t="его"><g v="ADJF"></g><g v="Fixd"></g><g v="Apro"></g><g v="Anph"></g><g v="plur"></g><g v="loct"></g></l></v></tfr></token><token id="712335" text="бывших"><tfr rev_id="1544192" t="бывших"><v><l id="37002" t="бывший"><g v="ADJF"></g><g v="plur"></g><g v="gent"></g></l></v><v><l id="37002" t="бывший"><g v="ADJF"></g><g v="anim"></g><g v="plur"></g><g v="accs"></g></l></v><v><l id="37002" t="бывший"><g v="ADJF"></g><g v="plur"></g><g v="loct"></g></l></v><v><l id="37267" t="бывший"><g v="PRTF"></g><g v="impf"></g><g v="intr"></g><g v="past"></g><g v="actv"></g><g v="plur"></g><g v="gent"></g></l></v><v><l id="37267" t="бывший"><g v="PRTF"></g><g v="impf"></g><g v="intr"></g><g v="past"></g><g v="actv"></g><g v="anim"></g><g v="plur"></g><g v="accs"></g></l></v><v><l id="37267" t="бывший"><g v="PRTF"></g><g v="impf"></g><g v="intr"></g><g v="past"></g><g v="actv"></g><g v="plur"></g><g v="loct"></g></l></v></tfr></token><token id="712336" text="сообвиняемых"><tfr rev_id="1544193" t="сообвиняемых"><v><l id="0" t="сообвиняемых"><g v="UNKN"></g></l></v></tfr></token><token id="712337" text="недавно"><tfr rev_id="1544194" t="недавно"><v><l id="180623" t="недавно"><g v="ADVB"></g></l></v></tfr></token><token id="712338" text="сам"><tfr rev_id="1544195" t="сам"><v><l id="312034" t="сам"><g v="ADJF"></g><g v="Apro"></g><g v="masc"></g><g v="sing"></g><g v="nomn"></g></l></v><v><l id="312034" t="сам"><g v="ADJF"></g><g v="Apro"></g><g v="inan"></g><g v="masc"></g><g v="sing"></g><g v="accs"></g></l></v></tfr></token><token id="712339" text="признался"><tfr rev_id="1544196" t="признался"><v><l id="270653" t="признался"><g v="VERB"></g><g v="perf"></g><g v="intr"></g><g v="masc"></g><g v="sing"></g><g v="past"></g><g v="indc"></g></l></v></tfr></token><token id="712340" text="в"><tfr rev_id="1544197" t="в"><v><l id="37409" t="в"><g v="PREP"></g></l></v></tfr></token><token id="712341" text="произведении"><tfr rev_id="1544198" t="произведении"><v><l id="280082" t="произведение"><g v="NOUN"></g><g v="inan"></g><g v="neut"></g><g v="sing"></g><g v="loct"></g></l></v></tfr></token><token id="712342" text="тех"><tfr rev_id="4355964" t="тех"><v><l id="348430" t="тот"><g v="ADJF"></g><g v="Subx"></g><g v="Apro"></g><g v="Anph"></g><g v="plur"></g><g v="gent"></g></l></v></tfr></token><token id="712343" text="роковых"><tfr rev_id="3824144" t="роковых"><v><l id="308727" t="роковой"><g v="ADJF"></g><g v="plur"></g><g v="gent"></g></l></v></tfr></token><token id="712344" text="выстрелов"><tfr rev_id="1544201" t="выстрелов"><v><l id="62743" t="выстрел"><g v="NOUN"></g><g v="inan"></g><g v="masc"></g><g v="plur"></g><g v="gent"></g></l></v></tfr></token><token id="712345" text="."><tfr rev_id="1544202" t="."><v><l id="0" t="."><g v="PNCT"></g></l></v></tfr></token></tokens></sentence><sentence id="40033"><source>Таким образом, то, что Леонард Пелтиер участвовал в «убийстве двух агентов ФБР в форме казни», неправда, и достоверных доказательств того, что г-н Пелтиер несёт ответственность за производство роковых выстрелов, до сих пор представлено не было.</source><tokens><token id="712346" text="Таким"><tfr rev_id="4351731" t="Таким"><v><l id="342491" t="такой"><g v="ADJF"></g><g v="Apro"></g><g v="masc"></g><g v="sing"></g><g v="ablt"></g></l></v></tfr></token><token id="712347" text="образом"><tfr rev_id="1544204" t="образом"><v><l id="198787" t="образ"><g v="NOUN"></g><g v="inan"></g><g v="masc"></g><g v="sing"></g><g v="ablt"></g></l></v></tfr></token><token id="712348" text=","><tfr rev_id="1544205" t=","><v><l id="0" t=","><g v="PNCT"></g></l></v></tfr></token><token id="712349" text="то"><tfr rev_id="4347844" t="то"><v><l id="348430" t="тот"><g v="ADJF"></g><g v="Subx"></g><g v="Apro"></g><g v="Anph"></g><g v="neut"></g><g v="sing"></g><g v="nomn"></g></l></v><v><l id="348430" t="тот"><g v="ADJF"></g><g v="Subx"></g><g v="Apro"></g><g v="Anph"></g><g v="neut"></g><g v="sing"></g><g v="accs"></g></l></v></tfr></token><token id="712350" text=","><tfr rev_id="1544207" t=","><v><l id="0" t=","><g v="PNCT"></g></l></v></tfr></token><token id="712351" text="что"><tfr rev_id="3197879" t="что"><v><l id="377004" t="что"><g v="CONJ"></g></l></v><v><l id="377005" t="что"><g v="NPRO"></g><g v="neut"></g><g v="sing"></g><g v="nomn"></g></l></v><v><l id="377005" t="что"><g v="NPRO"></g><g v="neut"></g><g v="sing"></g><g v="accs"></g></l></v><v><l id="377006" t="что"><g v="ADVB"></g><g v="Ques"></g></l></v><v><l id="388695" t="что"><g v="PRCL"></g></l></v></tfr></token><token id="712352" text="Леонард"><tfr rev_id="3474657" t="Леонард"><v><l id="148207" t="леонард"><g v="NOUN"></g><g v="anim"></g><g v="masc"></g><g v="Name"></g><g v="sing"></g><g v="nomn"></g></l></v></tfr></token><token id="712353" text="Пелтиер"><tfr rev_id="1544210" t="Пелтиер"><v><l id="0" t="пелтиер"><g v="UNKN"></g></l></v></tfr></token><token id="712354" text="участвовал"><tfr rev_id="1544211" t="участвовал"><v><l id="363127" t="участвую"><g v="VERB"></g><g v="impf"></g><g v="intr"></g><g v="masc"></g><g v="sing"></g><g v="past"></g><g v="indc"></g></l></v></tfr></token><token id="712355" text="в"><tfr rev_id="1544212" t="в"><v><l id="37409" t="в"><g v="PREP"></g></l></v></tfr></token><token id="712356" text="«"><tfr rev_id="2447606" t="«"><v><l id="0" t="«"><g v="PNCT"></g></l></v></tfr></token><token id="712357" text="убийстве"><tfr rev_id="1544214" t="убийстве"><v><l id="352998" t="убийство"><g v="NOUN"></g><g v="inan"></g><g v="neut"></g><g v="sing"></g><g v="loct"></g></l></v></tfr></token><token id="712358" text="двух"><tfr rev_id="4449719" t="двух"><v><l id="78668" t="два"><g v="NUMR"></g><g v="anim"></g><g v="accs"></g></l></v><v><l id="78668" t="два"><g v="NUMR"></g><g v="gent"></g></l></v><v><l id="78668" t="два"><g v="NUMR"></g><g v="loct"></g></l></v></tfr></token><token id="712359" text="агентов"><tfr rev_id="4404028" t="агентов"><v><l id="3928" t="агент"><g v="NOUN"></g><g v="anim"></g><g v="masc"></g><g v="plur"></g><g v="gent"></g></l></v></tfr></token><token id="712360" text="ФБР"><tfr rev_id="4174062" t="ФБР"><v><l id="364911" t="фбр"><g v="NOUN"></g><g v="inan"></g><g v="neut"></g><g v="Fixd"></g><g v="Abbr"></g><g v="Orgn"></g><g v="Sgtm"></g><g v="sing"></g><g v="gent"></g></l></v></tfr></token><token id="712361" text="в"><tfr rev_id="1544218" t="в"><v><l id="37409" t="в"><g v="PREP"></g></l></v></tfr></token><token id="712362" text="форме"><tfr rev_id="3540060" t="форме"><v><l id="367077" t="форма"><g v="NOUN"></g><g v="inan"></g><g v="femn"></g><g v="sing"></g><g v="loct"></g></l></v></tfr></token><token id="712363" text="казни"><tfr rev_id="4291611" t="казни"><v><l id="128064" t="казнь"><g v="NOUN"></g><g v="inan"></g><g v="femn"></g><g v="sing"></g><g v="gent"></g></l></v></tfr></token><token id="712364" text="»"><tfr rev_id="2447607" t="»"><v><l id="0" t="»"><g v="PNCT"></g></l></v></tfr></token><token id="712365" text=","><tfr rev_id="1544222" t=","><v><l id="0" t=","><g v="PNCT"></g></l></v></tfr></token><token id="712366" text="неправда"><tfr rev_id="1544223" t="неправда"><v><l id="186325" t="неправда"><g v="NOUN"></g><g v="inan"></g><g v="femn"></g><g v="sing"></g><g v="nomn"></g></l></v></tfr></token><token id="712367" text=","><tfr rev_id="1544224" t=","><v><l id="0" t=","><g v="PNCT"></g></l></v></tfr></token><token id="712368" text="и"><tfr rev_id="1544225" t="и"><v><l id="116949" t="и"><g v="CONJ"></g></l></v><v><l id="116950" t="и"><g v="INTJ"></g></l></v></tfr></token><token id="712369" text="достоверных"><tfr rev_id="4198096" t="достоверных"><v><l id="90571" t="достоверный"><g v="ADJF"></g><g v="Qual"></g><g v="plur"></g><g v="gent"></g></l></v></tfr></token><token id="712370" text="доказательств"><tfr rev_id="1544227" t="доказательств"><v><l id="86978" t="доказательство"><g v="NOUN"></g><g v="inan"></g><g v="neut"></g><g v="plur"></g><g v="gent"></g></l></v></tfr></token><token id="712371" text="того"><tfr rev_id="4376479" t="того"><v><l id="348430" t="тот"><g v="ADJF"></g><g v="Subx"></g><g v="Apro"></g><g v="Anph"></g><g v="neut"></g><g v="sing"></g><g v="gent"></g></l></v></tfr></token><token id="712372" text=","><tfr rev_id="1544229" t=","><v><l id="0" t=","><g v="PNCT"></g></l></v></tfr></token><token id="712373" text="что"><tfr rev_id="3197880" t="что"><v><l id="377004" t="что"><g v="CONJ"></g></l></v><v><l id="377005" t="что"><g v="NPRO"></g><g v="neut"></g><g v="sing"></g><g v="nomn"></g></l></v><v><l id="377005" t="что"><g v="NPRO"></g><g v="neut"></g><g v="sing"></g><g v="accs"></g></l></v><v><l id="377006" t="что"><g v="ADVB"></g><g v="Ques"></g></l></v><v><l id="388695" t="что"><g v="PRCL"></g></l></v></tfr></token><token id="712374" text="г-н"><tfr rev_id="3718901" t="г-н"><v><l id="65247" t="г-н"><g v="NOUN"></g><g v="anim"></g><g v="masc"></g><g v="Sgtm"></g><g v="Abbr"></g><g v="sing"></g><g v="nomn"></g></l></v></tfr></token><token id="712375" text="Пелтиер"><tfr rev_id="1544232" t="Пелтиер"><v><l id="0" t="пелтиер"><g v="UNKN"></g></l></v></tfr></token><token id="712376" text="несёт"><tfr rev_id="1544233" t="несёт"><v><l id="188677" t="несу"><g v="VERB"></g><g v="impf"></g><g v="tran"></g><g v="sing"></g><g v="3per"></g><g v="pres"></g><g v="indc"></g></l></v></tfr></token><token id="712377" text="ответственность"><tfr rev_id="1544234" t="ответственность"><v><l id="212442" t="ответственность"><g v="NOUN"></g><g v="inan"></g><g v="femn"></g><g v="sing"></g><g v="nomn"></g></l></v><v><l id="212442" t="ответственность"><g v="NOUN"></g><g v="inan"></g><g v="femn"></g><g v="sing"></g><g v="accs"></g></l></v></tfr></token><token id="712378" text="за"><tfr rev_id="1544235" t="за"><v><l id="98043" t="за"><g v="PREP"></g></l></v></tfr></token><token id="712379" text="производство"><tfr rev_id="1544236" t="производство"><v><l id="280127" t="производство"><g v="NOUN"></g><g v="inan"></g><g v="neut"></g><g v="sing"></g><g v="nomn"></g></l></v><v><l id="280127" t="производство"><g v="NOUN"></g><g v="inan"></g><g v="neut"></g><g v="sing"></g><g v="accs"></g></l></v></tfr></token><token id="712380" text="роковых"><tfr rev_id="4361288" t="роковых"><v><l id="308727" t="роковой"><g v="ADJF"></g><g v="plur"></g><g v="gent"></g></l></v></tfr></token><token id="712381" text="выстрелов"><tfr rev_id="1544238" t="выстрелов"><v><l id="62743" t="выстрел"><g v="NOUN"></g><g v="inan"></g><g v="masc"></g><g v="plur"></g><g v="gent"></g></l></v></tfr></token><token id="712382" text=","><tfr rev_id="1544239" t=","><v><l id="0" t=","><g v="PNCT"></g></l></v></tfr></token><token id="712383" text="до"><tfr rev_id="1544240" t="до"><v><l id="85153" t="до"><g v="PREP"></g></l></v></tfr></token><token id="712384" text="сих"><tfr rev_id="4572251" t="сих"><v><l id="317879" t="сей"><g v="ADJF"></g><g v="Apro"></g><g v="Subx"></g><g v="plur"></g><g v="gent"></g></l></v></tfr></token><token id="712385" text="пор"><tfr rev_id="1544242" t="пор"><v><l id="259871" t="пора"><g v="NOUN"></g><g v="inan"></g><g v="femn"></g><g v="plur"></g><g v="gent"></g></l></v></tfr></token><token id="712386" text="представлено"><tfr rev_id="1544243" t="представлено"><v><l id="267103" t="представлен"><g v="PRTS"></g><g v="perf"></g><g v="past"></g><g v="pssv"></g><g v="neut"></g><g v="sing"></g></l></v></tfr></token><token id="712387" text="не"><tfr rev_id="1544244" t="не"><v><l id="178876" t="не"><g v="PRCL"></g></l></v></tfr></token><token id="712388" text="было"><tfr rev_id="3946772" t="было"><v><l id="37265" t="есть"><g v="VERB"></g><g v="impf"></g><g v="intr"></g><g v="neut"></g><g v="sing"></g><g v="past"></g><g v="indc"></g></l></v></tfr></token><token id="712389" text="."><tfr rev_id="1544246" t="."><v><l id="0" t="."><g v="PNCT"></g></l></v></tfr></token></tokens></sentence></paragraph><paragraph id="12886"><sentence id="40034"><source>Тем не менее Комиссия в условно-досрочном освобождении Леонарду Пелтиеру отказала.</source><tokens><token id="712390" text="Тем"><tfr rev_id="4492582" t="Тем"><v><l id="344449" t="тем"><g v="CONJ"></g></l></v></tfr></token><token id="712391" text="не"><tfr rev_id="1544248" t="не"><v><l id="178876" t="не"><g v="PRCL"></g></l></v></tfr></token><token id="712392" text="менее"><tfr rev_id="1544249" t="менее"><v><l id="158343" t="менее"><g v="ADVB"></g></l></v></tfr></token><token id="712393" text="Комиссия"><tfr rev_id="1544250" t="Комиссия"><v><l id="136905" t="комиссия"><g v="NOUN"></g><g v="inan"></g><g v="femn"></g><g v="sing"></g><g v="nomn"></g></l></v></tfr></token><token id="712394" text="в"><tfr rev_id="1544251" t="в"><v><l id="37409" t="в"><g v="PREP"></g></l></v></tfr></token><token id="712395" text="условно-досрочном"><tfr rev_id="3449510" t="условно-досрочном"><v><l id="360570" t="условно-досрочный"><g v="ADJF"></g><g v="neut"></g><g v="sing"></g><g v="loct"></g></l></v></tfr></token><token id="712396" text="освобождении"><tfr rev_id="1544253" t="освобождении"><v><l id="209718" t="освобождение"><g v="NOUN"></g><g v="inan"></g><g v="neut"></g><g v="sing"></g><g v="loct"></g></l></v></tfr></token><token id="712397" text="Леонарду"><tfr rev_id="4076939" t="Леонарду"><v><l id="148207" t="леонард"><g v="NOUN"></g><g v="anim"></g><g v="masc"></g><g v="Name"></g><g v="sing"></g><g v="datv"></g></l></v></tfr></token><token id="712398" text="Пелтиеру"><tfr rev_id="1544255" t="Пелтиеру"><v><l id="0" t="пелтиеру"><g v="UNKN"></g></l></v></tfr></token><token id="712399" text="отказала"><tfr rev_id="1544256" t="отказала"><v><l id="213928" t="отказал"><g v="VERB"></g><g v="perf"></g><g v="tran"></g><g v="femn"></g><g v="sing"></g><g v="past"></g><g v="indc"></g></l></v><v><l id="213934" t="отказал"><g v="VERB"></g><g v="perf"></g><g v="intr"></g><g v="femn"></g><g v="sing"></g><g v="past"></g><g v="indc"></g></l></v></tfr></token><token id="712400" text="."><tfr rev_id="1544257" t="."><v><l id="0" t="."><g v="PNCT"></g></l></v></tfr></token></tokens></sentence><sentence id="40035"><source>Следующее слушание может быть проведено только в июле 2024 года, когда Пелтиеру будет 79 лет.</source><tokens><token id="712401" text="Следующее"><tfr rev_id="3810327" t="Следующее"><v><l id="324749" t="следующий"><g v="PRTF"></g><g v="impf"></g><g v="intr"></g><g v="pres"></g><g v="actv"></g><g v="neut"></g><g v="sing"></g><g v="nomn"></g></l></v><v><l id="324749" t="следующий"><g v="PRTF"></g><g v="impf"></g><g v="intr"></g><g v="pres"></g><g v="actv"></g><g v="neut"></g><g v="sing"></g><g v="accs"></g></l></v><v><l id="324769" t="следующий"><g v="ADJF"></g><g v="neut"></g><g v="sing"></g><g v="nomn"></g></l></v><v><l id="324769" t="следующий"><g v="ADJF"></g><g v="neut"></g><g v="sing"></g><g v="accs"></g></l></v></tfr></token><token id="712402" text="слушание"><tfr rev_id="4214153" t="слушание"><v><l id="325508" t="слушание"><g v="NOUN"></g><g v="inan"></g><g v="neut"></g><g v="sing"></g><g v="nomn"></g></l></v></tfr></token><token id="712403" text="может"><tfr rev_id="4230193" t="может"><v><l id="164485" t="могу"><g v="VERB"></g><g v="impf"></g><g v="intr"></g><g v="sing"></g><g v="3per"></g><g v="pres"></g><g v="indc"></g></l></v></tfr></token><token id="712404" text="быть"><tfr rev_id="1544261" t="быть"><v><l id="37266" t="быть"><g v="INFN"></g><g v="impf"></g><g v="intr"></g></l></v></tfr></token><token id="712405" text="проведено"><tfr rev_id="1544262" t="проведено"><v><l id="277834" t="проведён"><g v="PRTS"></g><g v="perf"></g><g v="past"></g><g v="pssv"></g><g v="neut"></g><g v="sing"></g></l></v></tfr></token><token id="712406" text="только"><tfr rev_id="3784237" t="только"><v><l id="347395" t="только"><g v="CONJ"></g></l></v><v><l id="347396" t="только"><g v="PRCL"></g></l></v><v><l id="390053" t="только"><g v="ADVB"></g></l></v></tfr></token><token id="712407" text="в"><tfr rev_id="1544264" t="в"><v><l id="37409" t="в"><g v="PREP"></g></l></v></tfr></token><token id="712408" text="июле"><tfr rev_id="1544265" t="июле"><v><l id="127299" t="июль"><g v="NOUN"></g><g v="inan"></g><g v="masc"></g><g v="sing"></g><g v="loct"></g></l></v></tfr></token><token id="712409" text="2024"><tfr rev_id="2463060" t="2024"><v><l id="0" t="2024"><g v="NUMB"></g></l></v></tfr></token><token id="712410" text="года"><tfr rev_id="3483326" t="года"><v><l id="72149" t="год"><g v="NOUN"></g><g v="inan"></g><g v="masc"></g><g v="sing"></g><g v="gen1"></g></l></v></tfr></token><token id="712411" text=","><tfr rev_id="1544268" t=","><v><l id="0" t=","><g v="PNCT"></g></l></v></tfr></token><token id="712412" text="когда"><tfr rev_id="1544269" t="когда"><v><l id="135239" t="когда"><g v="CONJ"></g></l></v><v><l id="135240" t="когда"><g v="ADVB"></g><g v="Ques"></g></l></v></tfr></token><token id="712413" text="Пелтиеру"><tfr rev_id="1544270" t="Пелтиеру"><v><l id="0" t="пелтиеру"><g v="UNKN"></g></l></v></tfr></token><token id="712414" text="будет"><tfr rev_id="1544271" t="будет"><v><l id="37265" t="есть"><g v="VERB"></g><g v="impf"></g><g v="intr"></g><g v="sing"></g><g v="3per"></g><g v="futr"></g><g v="indc"></g></l></v></tfr></token><token id="712415" text="79"><tfr rev_id="2463061" t="79"><v><l id="0" t="79"><g v="NUMB"></g></l></v></tfr></token><token id="712416" text="лет"><tfr rev_id="3434764" t="лет"><v><l id="72149" t="год"><g v="NOUN"></g><g v="inan"></g><g v="masc"></g><g v="plur"></g><g v="gent"></g></l></v></tfr></token><token id="712417" text="."><tfr rev_id="1544274" t="."><v><l id="0" t="."><g v="PNCT"></g></l></v></tfr></token></tokens></sentence></paragraph></paragraphs></text>