<?xml version="1.0" encoding="utf-8"?><text id="143" parent="56" name="В Иране запрещают «неприличную» музыку"><tags><tag>url:http://ru.wikinews.org/w/index.php?title=В_Иране_запрещают_«неприличную»_музыку&amp;oldid=59583</tag><tag>Автор:http://ru.wikinews.org/wiki/Участник:Introvert</tag><tag>Дата:23/12</tag><tag>Год:2005</tag><tag>Гео:ВикиКатегория:Иран</tag><tag>Тема:ВикиКатегория:Культура</tag></tags><paragraphs><paragraph id="3012"><sentence id="9542"><source>Президент Ирана Махмуд Ахмадинежад недавно запретил западную и"неприличную"музыку на государственных радио- и телевизионных станциях страны.</source><tokens><token id="182255" text="Президент"><tfr rev_id="1017031" t="Президент"><v><l id="267449" t="президент"><g v="NOUN"></g><g v="anim"></g><g v="masc"></g><g v="sing"></g><g v="nomn"></g></l></v></tfr></token><token id="182256" text="Ирана"><tfr rev_id="1017032" t="Ирана"><v><l id="123907" t="иран"><g v="NOUN"></g><g v="inan"></g><g v="masc"></g><g v="Geox"></g><g v="sing"></g><g v="gent"></g></l></v></tfr></token><token id="182257" text="Махмуд"><tfr rev_id="1017033" t="Махмуд"><v><l id="156572" t="махмуд"><g v="NOUN"></g><g v="anim"></g><g v="masc"></g><g v="Name"></g><g v="sing"></g><g v="nomn"></g></l></v></tfr></token><token id="182258" text="Ахмадинежад"><tfr rev_id="4542280" t="Ахмадинежад"><v><l id="393366" t="ахмадинежад"><g v="NOUN"></g><g v="anim"></g><g v="masc"></g><g v="Sgtm"></g><g v="Surn"></g><g v="sing"></g><g v="nomn"></g></l></v></tfr></token><token id="182259" text="недавно"><tfr rev_id="1017035" t="недавно"><v><l id="180623" t="недавно"><g v="ADVB"></g></l></v></tfr></token><token id="182260" text="запретил"><tfr rev_id="1017036" t="запретил"><v><l id="107928" t="запретил"><g v="VERB"></g><g v="perf"></g><g v="tran"></g><g v="masc"></g><g v="sing"></g><g v="past"></g><g v="indc"></g></l></v></tfr></token><token id="182261" text="западную"><tfr rev_id="1017037" t="западную"><v><l id="106682" t="западный"><g v="ADJF"></g><g v="Qual"></g><g v="femn"></g><g v="sing"></g><g v="accs"></g></l></v></tfr></token><token id="182262" text="и"><tfr rev_id="1017038" t="и"><v><l id="116949" t="и"><g v="CONJ"></g></l></v><v><l id="116950" t="и"><g v="INTJ"></g></l></v></tfr></token><token id="182263" text="&quot;"><tfr rev_id="1017039" t="&quot;"><v><l id="0" t="&quot;"><g v="PNCT"></g></l></v></tfr></token><token id="182264" text="неприличную"><tfr rev_id="1017040" t="неприличную"><v><l id="186649" t="неприличный"><g v="ADJF"></g><g v="Qual"></g><g v="femn"></g><g v="sing"></g><g v="accs"></g></l></v></tfr></token><token id="182265" text="&quot;"><tfr rev_id="1017041" t="&quot;"><v><l id="0" t="&quot;"><g v="PNCT"></g></l></v></tfr></token><token id="182266" text="музыку"><tfr rev_id="1017042" t="музыку"><v><l id="164802" t="музыка"><g v="NOUN"></g><g v="inan"></g><g v="femn"></g><g v="sing"></g><g v="accs"></g></l></v></tfr></token><token id="182267" text="на"><tfr rev_id="3475908" t="на"><v><l id="166264" t="на"><g v="PREP"></g></l></v></tfr></token><token id="182268" text="государственных"><tfr rev_id="4198041" t="государственных"><v><l id="74161" t="государственный"><g v="ADJF"></g><g v="plur"></g><g v="loct"></g></l></v></tfr></token><token id="182269" text="радио-"><tfr rev_id="1017045" t="радио-"><v><l id="0" t="радио-"><g v="UNKN"></g></l></v></tfr></token><token id="182270" text="и"><tfr rev_id="3825500" t="и"><v><l id="116949" t="и"><g v="CONJ"></g></l></v></tfr></token><token id="182271" text="телевизионных"><tfr rev_id="4163156" t="телевизионных"><v><l id="344097" t="телевизионный"><g v="ADJF"></g><g v="plur"></g><g v="loct"></g></l></v></tfr></token><token id="182272" text="станциях"><tfr rev_id="1017048" t="станциях"><v><l id="334704" t="станция"><g v="NOUN"></g><g v="inan"></g><g v="femn"></g><g v="plur"></g><g v="loct"></g></l></v></tfr></token><token id="182273" text="страны"><tfr rev_id="3432273" t="страны"><v><l id="337100" t="страна"><g v="NOUN"></g><g v="inan"></g><g v="femn"></g><g v="sing"></g><g v="gent"></g></l></v></tfr></token><token id="182274" text="."><tfr rev_id="1017050" t="."><v><l id="0" t="."><g v="PNCT"></g></l></v></tfr></token></tokens></sentence><sentence id="9543"><source>Решение принято вслед за аналогичным решением о цензуре, принятым два месяца назад Высшим советом культурной революции Ирана, который возглавляет сам Ахмадинежад.</source><tokens><token id="182275" text="Решение"><tfr rev_id="4100734" t="Решение"><v><l id="307350" t="решение"><g v="NOUN"></g><g v="inan"></g><g v="neut"></g><g v="sing"></g><g v="nomn"></g></l></v></tfr></token><token id="182276" text="принято"><tfr rev_id="4345370" t="принято"><v><l id="272704" t="принят"><g v="PRTS"></g><g v="perf"></g><g v="past"></g><g v="pssv"></g><g v="neut"></g><g v="sing"></g></l></v></tfr></token><token id="182277" text="вслед"><tfr rev_id="4422521" t="вслед"><v><l id="53956" t="вслед"><g v="PREP"></g></l></v></tfr></token><token id="182278" text="за"><tfr rev_id="1017054" t="за"><v><l id="98043" t="за"><g v="PREP"></g></l></v></tfr></token><token id="182279" text="аналогичным"><tfr rev_id="4373377" t="аналогичным"><v><l id="12239" t="аналогичный"><g v="ADJF"></g><g v="neut"></g><g v="sing"></g><g v="ablt"></g></l></v></tfr></token><token id="182280" text="решением"><tfr rev_id="1017056" t="решением"><v><l id="307350" t="решение"><g v="NOUN"></g><g v="inan"></g><g v="neut"></g><g v="sing"></g><g v="ablt"></g></l></v></tfr></token><token id="182281" text="о"><tfr rev_id="3226644" t="о"><v><l id="192977" t="о"><g v="PREP"></g></l></v></tfr></token><token id="182282" text="цензуре"><tfr rev_id="2623256" t="цензуре"><v><l id="373306" t="цензура"><g v="NOUN"></g><g v="inan"></g><g v="femn"></g><g v="sing"></g><g v="loct"></g></l></v></tfr></token><token id="182283" text=","><tfr rev_id="1017059" t=","><v><l id="0" t=","><g v="PNCT"></g></l></v></tfr></token><token id="182284" text="принятым"><tfr rev_id="1017060" t="принятым"><v><l id="272698" t="принятый"><g v="ADJF"></g><g v="masc"></g><g v="sing"></g><g v="ablt"></g></l></v><v><l id="272698" t="принятый"><g v="ADJF"></g><g v="neut"></g><g v="sing"></g><g v="ablt"></g></l></v><v><l id="272698" t="принятый"><g v="ADJF"></g><g v="plur"></g><g v="datv"></g></l></v><v><l id="272703" t="принятый"><g v="PRTF"></g><g v="perf"></g><g v="tran"></g><g v="past"></g><g v="pssv"></g><g v="masc"></g><g v="sing"></g><g v="ablt"></g></l></v><v><l id="272703" t="принятый"><g v="PRTF"></g><g v="perf"></g><g v="tran"></g><g v="past"></g><g v="pssv"></g><g v="neut"></g><g v="sing"></g><g v="ablt"></g></l></v><v><l id="272703" t="принятый"><g v="PRTF"></g><g v="perf"></g><g v="tran"></g><g v="past"></g><g v="pssv"></g><g v="plur"></g><g v="datv"></g></l></v></tfr></token><token id="182285" text="два"><tfr rev_id="4450241" t="два"><v><l id="78668" t="два"><g v="NUMR"></g><g v="masc"></g><g v="nomn"></g></l></v><v><l id="78668" t="два"><g v="NUMR"></g><g v="inan"></g><g v="masc"></g><g v="accs"></g></l></v><v><l id="78668" t="два"><g v="NUMR"></g><g v="neut"></g><g v="nomn"></g></l></v><v><l id="78668" t="два"><g v="NUMR"></g><g v="inan"></g><g v="neut"></g><g v="accs"></g></l></v></tfr></token><token id="182286" text="месяца"><tfr rev_id="1017062" t="месяца"><v><l id="158841" t="месяц"><g v="NOUN"></g><g v="inan"></g><g v="masc"></g><g v="sing"></g><g v="gent"></g></l></v></tfr></token><token id="182287" text="назад"><tfr rev_id="1017063" t="назад"><v><l id="170252" t="назад"><g v="ADVB"></g></l></v></tfr></token><token id="182288" text="Высшим"><tfr rev_id="3702918" t="Высшим"><v><l id="62141" t="высший"><g v="ADJF"></g><g v="Supr"></g><g v="Qual"></g><g v="masc"></g><g v="sing"></g><g v="ablt"></g></l></v></tfr></token><token id="182289" text="советом"><tfr rev_id="1017065" t="советом"><v><l id="327955" t="совет"><g v="NOUN"></g><g v="inan"></g><g v="masc"></g><g v="sing"></g><g v="ablt"></g></l></v></tfr></token><token id="182290" text="культурной"><tfr rev_id="4423777" t="культурной"><v><l id="144857" t="культурный"><g v="ADJF"></g><g v="Qual"></g><g v="femn"></g><g v="sing"></g><g v="gent"></g></l></v></tfr></token><token id="182291" text="революции"><tfr rev_id="3947384" t="революции"><v><l id="304733" t="революция"><g v="NOUN"></g><g v="inan"></g><g v="femn"></g><g v="sing"></g><g v="gent"></g></l></v></tfr></token><token id="182292" text="Ирана"><tfr rev_id="1017068" t="Ирана"><v><l id="123907" t="иран"><g v="NOUN"></g><g v="inan"></g><g v="masc"></g><g v="Geox"></g><g v="sing"></g><g v="gent"></g></l></v></tfr></token><token id="182293" text=","><tfr rev_id="1017069" t=","><v><l id="0" t=","><g v="PNCT"></g></l></v></tfr></token><token id="182294" text="который"><tfr rev_id="3636958" t="который"><v><l id="141203" t="который"><g v="ADJF"></g><g v="Apro"></g><g v="Subx"></g><g v="Anph"></g><g v="masc"></g><g v="sing"></g><g v="nomn"></g></l></v><v><l id="141203" t="который"><g v="ADJF"></g><g v="Apro"></g><g v="Subx"></g><g v="Anph"></g><g v="inan"></g><g v="masc"></g><g v="sing"></g><g v="accs"></g></l></v></tfr></token><token id="182295" text="возглавляет"><tfr rev_id="1017071" t="возглавляет"><v><l id="48883" t="возглавляю"><g v="VERB"></g><g v="impf"></g><g v="tran"></g><g v="sing"></g><g v="3per"></g><g v="pres"></g><g v="indc"></g></l></v></tfr></token><token id="182296" text="сам"><tfr rev_id="1017072" t="сам"><v><l id="312034" t="сам"><g v="ADJF"></g><g v="Apro"></g><g v="masc"></g><g v="sing"></g><g v="nomn"></g></l></v><v><l id="312034" t="сам"><g v="ADJF"></g><g v="Apro"></g><g v="inan"></g><g v="masc"></g><g v="sing"></g><g v="accs"></g></l></v></tfr></token><token id="182297" text="Ахмадинежад"><tfr rev_id="4542281" t="Ахмадинежад"><v><l id="393366" t="ахмадинежад"><g v="NOUN"></g><g v="anim"></g><g v="masc"></g><g v="Sgtm"></g><g v="Surn"></g><g v="sing"></g><g v="nomn"></g></l></v></tfr></token><token id="182298" text="."><tfr rev_id="1017074" t="."><v><l id="0" t="."><g v="PNCT"></g></l></v></tfr></token></tokens></sentence><sentence id="9544"><source>Заклейменные как"пошлость и насилие", под запрет подпадают Эрик Клэптон или Hotel California группы Eagles, которые часто используются в качестве звукового фона в программах иранского телевидения.</source><tokens><token id="182299" text="Заклейменные"><tfr rev_id="1017075" t="Заклейменные"><v><l id="103382" t="заклеймённый"><g v="PRTF"></g><g v="perf"></g><g v="tran"></g><g v="past"></g><g v="pssv"></g><g v="plur"></g><g v="nomn"></g></l></v><v><l id="103382" t="заклеймённый"><g v="PRTF"></g><g v="perf"></g><g v="tran"></g><g v="past"></g><g v="pssv"></g><g v="inan"></g><g v="plur"></g><g v="accs"></g></l></v></tfr></token><token id="182300" text="как"><tfr rev_id="1017076" t="как"><v><l id="128190" t="как"><g v="CONJ"></g></l></v><v><l id="128191" t="как"><g v="PRCL"></g></l></v><v><l id="128192" t="как"><g v="ADVB"></g><g v="Ques"></g></l></v></tfr></token><token id="182301" text="&quot;"><tfr rev_id="1017077" t="&quot;"><v><l id="0" t="&quot;"><g v="PNCT"></g></l></v></tfr></token><token id="182302" text="пошлость"><tfr rev_id="3488296" t="пошлость"><v><l id="265248" t="пошлость"><g v="NOUN"></g><g v="inan"></g><g v="femn"></g><g v="sing"></g><g v="nomn"></g></l></v></tfr></token><token id="182303" text="и"><tfr rev_id="1017079" t="и"><v><l id="116949" t="и"><g v="CONJ"></g></l></v><v><l id="116950" t="и"><g v="INTJ"></g></l></v></tfr></token><token id="182304" text="насилие"><tfr rev_id="3300744" t="насилие"><v><l id="175295" t="насилие"><g v="NOUN"></g><g v="inan"></g><g v="neut"></g><g v="sing"></g><g v="nomn"></g></l></v></tfr></token><token id="182305" text="&quot;"><tfr rev_id="1017081" t="&quot;"><v><l id="0" t="&quot;"><g v="PNCT"></g></l></v></tfr></token><token id="182306" text=","><tfr rev_id="1017082" t=","><v><l id="0" t=","><g v="PNCT"></g></l></v></tfr></token><token id="182307" text="под"><tfr rev_id="2604171" t="под"><v><l id="243755" t="под"><g v="PREP"></g></l></v></tfr></token><token id="182308" text="запрет"><tfr rev_id="2370409" t="запрет"><v><l id="107924" t="запрет"><g v="NOUN"></g><g v="inan"></g><g v="masc"></g><g v="sing"></g><g v="nomn"></g></l></v><v><l id="107924" t="запрет"><g v="NOUN"></g><g v="inan"></g><g v="masc"></g><g v="sing"></g><g v="accs"></g></l></v></tfr></token><token id="182309" text="подпадают"><tfr rev_id="1017085" t="подпадают"><v><l id="248670" t="подпадаю"><g v="VERB"></g><g v="impf"></g><g v="intr"></g><g v="plur"></g><g v="3per"></g><g v="pres"></g><g v="indc"></g></l></v></tfr></token><token id="182310" text="Эрик"><tfr rev_id="1017086" t="Эрик"><v><l id="385993" t="эрик"><g v="NOUN"></g><g v="anim"></g><g v="masc"></g><g v="Name"></g><g v="sing"></g><g v="nomn"></g></l></v></tfr></token><token id="182311" text="Клэптон"><tfr rev_id="1017087" t="Клэптон"><v><l id="0" t="клэптон"><g v="UNKN"></g></l></v></tfr></token><token id="182312" text="или"><tfr rev_id="3786430" t="или"><v><l id="121146" t="или"><g v="CONJ"></g></l></v></tfr></token><token id="182313" text="Hotel"><tfr rev_id="2469885" t="Hotel"><v><l id="0" t="Hotel"><g v="LATN"></g></l></v></tfr></token><token id="182314" text="California"><tfr rev_id="2469886" t="California"><v><l id="0" t="California"><g v="LATN"></g></l></v></tfr></token><token id="182315" text="группы"><tfr rev_id="3483810" t="группы"><v><l id="76092" t="группа"><g v="NOUN"></g><g v="inan"></g><g v="femn"></g><g v="sing"></g><g v="gent"></g></l></v></tfr></token><token id="182316" text="Eagles"><tfr rev_id="2469887" t="Eagles"><v><l id="0" t="Eagles"><g v="LATN"></g></l></v></tfr></token><token id="182317" text=","><tfr rev_id="1017093" t=","><v><l id="0" t=","><g v="PNCT"></g></l></v></tfr></token><token id="182318" text="которые"><tfr rev_id="4083058" t="которые"><v><l id="141203" t="который"><g v="ADJF"></g><g v="Apro"></g><g v="Subx"></g><g v="Anph"></g><g v="plur"></g><g v="nomn"></g></l></v></tfr></token><token id="182319" text="часто"><tfr rev_id="1017095" t="часто"><v><l id="374798" t="часто"><g v="ADVB"></g></l></v><v><l id="374818" t="част"><g v="ADJS"></g><g v="Qual"></g><g v="neut"></g><g v="sing"></g></l></v></tfr></token><token id="182320" text="используются"><tfr rev_id="1017096" t="используются"><v><l id="125433" t="используюсь"><g v="VERB"></g><g v="impf"></g><g v="intr"></g><g v="plur"></g><g v="3per"></g><g v="pres"></g><g v="indc"></g></l></v></tfr></token><token id="182321" text="в"><tfr rev_id="1017097" t="в"><v><l id="37409" t="в"><g v="PREP"></g></l></v></tfr></token><token id="182322" text="качестве"><tfr rev_id="1017098" t="качестве"><v><l id="131638" t="качество"><g v="NOUN"></g><g v="inan"></g><g v="neut"></g><g v="sing"></g><g v="loct"></g></l></v></tfr></token><token id="182323" text="звукового"><tfr rev_id="3449595" t="звукового"><v><l id="114557" t="звуковой"><g v="ADJF"></g><g v="masc"></g><g v="sing"></g><g v="gent"></g></l></v><v><l id="114557" t="звуковой"><g v="ADJF"></g><g v="anim"></g><g v="masc"></g><g v="sing"></g><g v="accs"></g></l></v></tfr></token><token id="182324" text="фона"><tfr rev_id="1017100" t="фона"><v><l id="366928" t="фон"><g v="NOUN"></g><g v="inan"></g><g v="masc"></g><g v="sing"></g><g v="gent"></g></l></v></tfr></token><token id="182325" text="в"><tfr rev_id="1017101" t="в"><v><l id="37409" t="в"><g v="PREP"></g></l></v></tfr></token><token id="182326" text="программах"><tfr rev_id="1017102" t="программах"><v><l id="278686" t="программа"><g v="NOUN"></g><g v="inan"></g><g v="femn"></g><g v="plur"></g><g v="loct"></g></l></v></tfr></token><token id="182327" text="иранского"><tfr rev_id="3453792" t="иранского"><v><l id="123920" t="иранский"><g v="ADJF"></g><g v="neut"></g><g v="sing"></g><g v="gent"></g></l></v></tfr></token><token id="182328" text="телевидения"><tfr rev_id="3490316" t="телевидения"><v><l id="344095" t="телевидение"><g v="NOUN"></g><g v="inan"></g><g v="neut"></g><g v="sing"></g><g v="gent"></g></l></v></tfr></token><token id="182329" text="."><tfr rev_id="1017105" t="."><v><l id="0" t="."><g v="PNCT"></g></l></v></tfr></token></tokens></sentence></paragraph><paragraph id="3013"><sentence id="9545"><source>В последние несколько недель портрет иранского президента часто появлялся на страницах новостей в связи с нападками Ахмадинежада на Израиль, который он призвал"стереть с лица земли".</source><tokens><token id="182330" text="В"><tfr rev_id="1017106" t="В"><v><l id="37409" t="в"><g v="PREP"></g></l></v></tfr></token><token id="182331" text="последние"><tfr rev_id="4083141" t="последние"><v><l id="261565" t="последний"><g v="ADJF"></g><g v="inan"></g><g v="plur"></g><g v="accs"></g></l></v></tfr></token><token id="182332" text="несколько"><tfr rev_id="4181812" t="несколько"><v><l id="188126" t="несколько"><g v="NUMR"></g><g v="nomn"></g></l></v><v><l id="188126" t="несколько"><g v="NUMR"></g><g v="inan"></g><g v="accs"></g></l></v></tfr></token><token id="182333" text="недель"><tfr rev_id="1017109" t="недель"><v><l id="180718" t="неделя"><g v="NOUN"></g><g v="inan"></g><g v="femn"></g><g v="plur"></g><g v="gent"></g></l></v></tfr></token><token id="182334" text="портрет"><tfr rev_id="1017110" t="портрет"><v><l id="260631" t="портрет"><g v="NOUN"></g><g v="inan"></g><g v="masc"></g><g v="sing"></g><g v="nomn"></g></l></v><v><l id="260631" t="портрет"><g v="NOUN"></g><g v="inan"></g><g v="masc"></g><g v="sing"></g><g v="accs"></g></l></v></tfr></token><token id="182335" text="иранского"><tfr rev_id="3481638" t="иранского"><v><l id="123920" t="иранский"><g v="ADJF"></g><g v="masc"></g><g v="sing"></g><g v="gent"></g></l></v><v><l id="123920" t="иранский"><g v="ADJF"></g><g v="anim"></g><g v="masc"></g><g v="sing"></g><g v="accs"></g></l></v></tfr></token><token id="182336" text="президента"><tfr rev_id="4216806" t="президента"><v><l id="267449" t="президент"><g v="NOUN"></g><g v="anim"></g><g v="masc"></g><g v="sing"></g><g v="gent"></g></l></v></tfr></token><token id="182337" text="часто"><tfr rev_id="1017113" t="часто"><v><l id="374798" t="часто"><g v="ADVB"></g></l></v><v><l id="374818" t="част"><g v="ADJS"></g><g v="Qual"></g><g v="neut"></g><g v="sing"></g></l></v></tfr></token><token id="182338" text="появлялся"><tfr rev_id="1017114" t="появлялся"><v><l id="265513" t="появляюсь"><g v="VERB"></g><g v="impf"></g><g v="intr"></g><g v="masc"></g><g v="sing"></g><g v="past"></g><g v="indc"></g></l></v></tfr></token><token id="182339" text="на"><tfr rev_id="3395151" t="на"><v><l id="166264" t="на"><g v="PREP"></g></l></v></tfr></token><token id="182340" text="страницах"><tfr rev_id="1017116" t="страницах"><v><l id="337102" t="страница"><g v="NOUN"></g><g v="inan"></g><g v="femn"></g><g v="plur"></g><g v="loct"></g></l></v></tfr></token><token id="182341" text="новостей"><tfr rev_id="1017117" t="новостей"><v><l id="191855" t="новость"><g v="NOUN"></g><g v="inan"></g><g v="femn"></g><g v="plur"></g><g v="gent"></g></l></v></tfr></token><token id="182342" text="в"><tfr rev_id="1017118" t="в"><v><l id="37409" t="в"><g v="PREP"></g></l></v></tfr></token><token id="182343" text="связи"><tfr rev_id="4464483" t="связи"><v><l id="316572" t="связь"><g v="NOUN"></g><g v="inan"></g><g v="femn"></g><g v="sing"></g><g v="loc1"></g></l></v><v><l id="316572" t="связь"><g v="NOUN"></g><g v="inan"></g><g v="femn"></g><g v="sing"></g><g v="loc2"></g></l></v></tfr></token><token id="182344" text="с"><tfr rev_id="1017120" t="с"><v><l id="311151" t="с"><g v="PREP"></g></l></v></tfr></token><token id="182345" text="нападками"><tfr rev_id="1017121" t="нападками"><v><l id="173118" t="нападки"><g v="NOUN"></g><g v="inan"></g><g v="GNdr"></g><g v="Pltm"></g><g v="plur"></g><g v="ablt"></g></l></v></tfr></token><token id="182346" text="Ахмадинежада"><tfr rev_id="4542282" t="Ахмадинежада"><v><l id="393366" t="ахмадинежад"><g v="NOUN"></g><g v="anim"></g><g v="masc"></g><g v="Sgtm"></g><g v="Surn"></g><g v="sing"></g><g v="accs"></g></l></v><v><l id="393366" t="ахмадинежад"><g v="NOUN"></g><g v="anim"></g><g v="masc"></g><g v="Sgtm"></g><g v="Surn"></g><g v="sing"></g><g v="gent"></g></l></v></tfr></token><token id="182347" text="на"><tfr rev_id="3338267" t="на"><v><l id="166264" t="на"><g v="PREP"></g></l></v></tfr></token><token id="182348" text="Израиль"><tfr rev_id="1017124" t="Израиль"><v><l id="120470" t="израиль"><g v="NOUN"></g><g v="inan"></g><g v="masc"></g><g v="Sgtm"></g><g v="Geox"></g><g v="sing"></g><g v="nomn"></g></l></v><v><l id="120470" t="израиль"><g v="NOUN"></g><g v="inan"></g><g v="masc"></g><g v="Sgtm"></g><g v="Geox"></g><g v="sing"></g><g v="accs"></g></l></v><v><l id="120471" t="израиль"><g v="NOUN"></g><g v="anim"></g><g v="masc"></g><g v="Name"></g><g v="sing"></g><g v="nomn"></g></l></v></tfr></token><token id="182349" text=","><tfr rev_id="1017125" t=","><v><l id="0" t=","><g v="PNCT"></g></l></v></tfr></token><token id="182350" text="который"><tfr rev_id="3636959" t="который"><v><l id="141203" t="который"><g v="ADJF"></g><g v="Apro"></g><g v="Subx"></g><g v="Anph"></g><g v="inan"></g><g v="masc"></g><g v="sing"></g><g v="accs"></g></l></v></tfr></token><token id="182351" text="он"><tfr rev_id="3574590" t="он"><v><l id="206541" t="он"><g v="NPRO"></g><g v="masc"></g><g v="3per"></g><g v="Anph"></g><g v="sing"></g><g v="nomn"></g></l></v></tfr></token><token id="182352" text="призвал"><tfr rev_id="1017128" t="призвал"><v><l id="270564" t="призвал"><g v="VERB"></g><g v="perf"></g><g v="tran"></g><g v="masc"></g><g v="sing"></g><g v="past"></g><g v="indc"></g></l></v></tfr></token><token id="182353" text="&quot;"><tfr rev_id="1017129" t="&quot;"><v><l id="0" t="&quot;"><g v="PNCT"></g></l></v></tfr></token><token id="182354" text="стереть"><tfr rev_id="1017130" t="стереть"><v><l id="335930" t="стереть"><g v="INFN"></g><g v="perf"></g><g v="tran"></g></l></v></tfr></token><token id="182355" text="с"><tfr rev_id="1017131" t="с"><v><l id="311151" t="с"><g v="PREP"></g></l></v></tfr></token><token id="182356" text="лица"><tfr rev_id="4218305" t="лица"><v><l id="150190" t="лицо"><g v="NOUN"></g><g v="inan"></g><g v="neut"></g><g v="sing"></g><g v="gent"></g></l></v></tfr></token><token id="182357" text="земли"><tfr rev_id="3437702" t="земли"><v><l id="115091" t="земля"><g v="NOUN"></g><g v="inan"></g><g v="femn"></g><g v="sing"></g><g v="gent"></g></l></v></tfr></token><token id="182358" text="&quot;"><tfr rev_id="1017134" t="&quot;"><v><l id="0" t="&quot;"><g v="PNCT"></g></l></v></tfr></token><token id="182359" text="."><tfr rev_id="1017135" t="."><v><l id="0" t="."><g v="PNCT"></g></l></v></tfr></token></tokens></sentence><sentence id="9546"><source>Президент Ирана также назвал"мифом"нацистский Холокост, приведший к гибели 6 миллионов евреев.</source><tokens><token id="182360" text="Президент"><tfr rev_id="1017136" t="Президент"><v><l id="267449" t="президент"><g v="NOUN"></g><g v="anim"></g><g v="masc"></g><g v="sing"></g><g v="nomn"></g></l></v></tfr></token><token id="182361" text="Ирана"><tfr rev_id="1017137" t="Ирана"><v><l id="123907" t="иран"><g v="NOUN"></g><g v="inan"></g><g v="masc"></g><g v="Geox"></g><g v="sing"></g><g v="gent"></g></l></v></tfr></token><token id="182362" text="также"><tfr rev_id="4267171" t="также"><v><l id="342482" t="также"><g v="PRCL"></g></l></v></tfr></token><token id="182363" text="назвал"><tfr rev_id="1017139" t="назвал"><v><l id="170342" t="назвал"><g v="VERB"></g><g v="perf"></g><g v="tran"></g><g v="masc"></g><g v="sing"></g><g v="past"></g><g v="indc"></g></l></v></tfr></token><token id="182364" text="&quot;"><tfr rev_id="1017140" t="&quot;"><v><l id="0" t="&quot;"><g v="PNCT"></g></l></v></tfr></token><token id="182365" text="мифом"><tfr rev_id="1017141" t="мифом"><v><l id="161171" t="миф"><g v="NOUN"></g><g v="inan"></g><g v="masc"></g><g v="sing"></g><g v="ablt"></g></l></v></tfr></token><token id="182366" text="&quot;"><tfr rev_id="1017142" t="&quot;"><v><l id="0" t="&quot;"><g v="PNCT"></g></l></v></tfr></token><token id="182367" text="нацистский"><tfr rev_id="1017143" t="нацистский"><v><l id="178156" t="нацистский"><g v="ADJF"></g><g v="masc"></g><g v="sing"></g><g v="nomn"></g></l></v><v><l id="178156" t="нацистский"><g v="ADJF"></g><g v="inan"></g><g v="masc"></g><g v="sing"></g><g v="accs"></g></l></v></tfr></token><token id="182368" text="Холокост"><tfr rev_id="3547647" t="Холокост"><v><l id="371402" t="холокост"><g v="NOUN"></g><g v="inan"></g><g v="masc"></g><g v="sing"></g><g v="accs"></g></l></v></tfr></token><token id="182369" text=","><tfr rev_id="1017145" t=","><v><l id="0" t=","><g v="PNCT"></g></l></v></tfr></token><token id="182370" text="приведший"><tfr rev_id="1017146" t="приведший"><v><l id="269207" t="привёдший"><g v="PRTF"></g><g v="perf"></g><g v="tran"></g><g v="past"></g><g v="actv"></g><g v="masc"></g><g v="sing"></g><g v="nomn"></g></l></v><v><l id="269207" t="привёдший"><g v="PRTF"></g><g v="perf"></g><g v="tran"></g><g v="past"></g><g v="actv"></g><g v="inan"></g><g v="masc"></g><g v="sing"></g><g v="accs"></g></l></v></tfr></token><token id="182371" text="к"><tfr rev_id="1017147" t="к"><v><l id="127460" t="к"><g v="PREP"></g></l></v></tfr></token><token id="182372" text="гибели"><tfr rev_id="4345984" t="гибели"><v><l id="69488" t="гибель"><g v="NOUN"></g><g v="inan"></g><g v="femn"></g><g v="sing"></g><g v="datv"></g></l></v></tfr></token><token id="182373" text="6"><tfr rev_id="2456399" t="6"><v><l id="0" t="6"><g v="NUMB"></g></l></v></tfr></token><token id="182374" text="миллионов"><tfr rev_id="1017150" t="миллионов"><v><l id="160260" t="миллион"><g v="NOUN"></g><g v="inan"></g><g v="masc"></g><g v="plur"></g><g v="gent"></g></l></v></tfr></token><token id="182375" text="евреев"><tfr rev_id="2367432" t="евреев"><v><l id="93994" t="еврей"><g v="NOUN"></g><g v="anim"></g><g v="masc"></g><g v="plur"></g><g v="gent"></g></l></v></tfr></token><token id="182376" text="."><tfr rev_id="1017152" t="."><v><l id="0" t="."><g v="PNCT"></g></l></v></tfr></token></tokens></sentence></paragraph></paragraphs></text>