<?xml version="1.0" encoding="utf-8"?><text id="1431" parent="56" name="Дмитрий Медведев внёс в Госдуму проект закона «О полиции»"><tags><tag>Автор:http://ru.wikinews.org/wiki/Участник:Hey Vlad</tag><tag>url:http://ru.wikinews.org/w/index.php?title=Дмитрий_Медведев_внёс_в_Госдуму_проект_закона_«О_полиции»&amp;oldid=45815</tag><tag>Дата:27/10</tag><tag>Год:2010</tag><tag>Тема:ВикиКатегория:Политика</tag><tag>Гео:ВикиКатегория:Россия</tag></tags><paragraphs><paragraph id="12902"><sentence id="40083"><source>Сегодня пресс-служба Кремля заявила о том, что Президент России Дмитрий Медведев внёс в Государственную Думу проект закона «О полиции».</source><tokens><token id="713315" text="Сегодня"><tfr rev_id="1545171" t="Сегодня"><v><l id="317730" t="сегодня"><g v="ADVB"></g></l></v></tfr></token><token id="713316" text="пресс-служба"><tfr rev_id="1545172" t="пресс-служба"><v><l id="268250" t="пресс-служба"><g v="NOUN"></g><g v="inan"></g><g v="femn"></g><g v="sing"></g><g v="nomn"></g></l></v></tfr></token><token id="713317" text="Кремля"><tfr rev_id="1545173" t="Кремля"><v><l id="142282" t="кремль"><g v="NOUN"></g><g v="inan"></g><g v="masc"></g><g v="sing"></g><g v="gent"></g></l></v></tfr></token><token id="713318" text="заявила"><tfr rev_id="1545174" t="заявила"><v><l id="114300" t="заявил"><g v="VERB"></g><g v="perf"></g><g v="tran"></g><g v="femn"></g><g v="sing"></g><g v="past"></g><g v="indc"></g></l></v></tfr></token><token id="713319" text="о"><tfr rev_id="3282969" t="о"><v><l id="192977" t="о"><g v="PREP"></g></l></v></tfr></token><token id="713320" text="том"><tfr rev_id="4372294" t="том"><v><l id="348430" t="тот"><g v="ADJF"></g><g v="Subx"></g><g v="Apro"></g><g v="Anph"></g><g v="neut"></g><g v="sing"></g><g v="loct"></g></l></v></tfr></token><token id="713321" text=","><tfr rev_id="1545177" t=","><v><l id="0" t=","><g v="PNCT"></g></l></v></tfr></token><token id="713322" text="что"><tfr rev_id="3197889" t="что"><v><l id="377004" t="что"><g v="CONJ"></g></l></v><v><l id="377005" t="что"><g v="NPRO"></g><g v="neut"></g><g v="sing"></g><g v="nomn"></g></l></v><v><l id="377005" t="что"><g v="NPRO"></g><g v="neut"></g><g v="sing"></g><g v="accs"></g></l></v><v><l id="377006" t="что"><g v="ADVB"></g><g v="Ques"></g></l></v><v><l id="388695" t="что"><g v="PRCL"></g></l></v></tfr></token><token id="713323" text="Президент"><tfr rev_id="1545179" t="Президент"><v><l id="267449" t="президент"><g v="NOUN"></g><g v="anim"></g><g v="masc"></g><g v="sing"></g><g v="nomn"></g></l></v></tfr></token><token id="713324" text="России"><tfr rev_id="3455397" t="России"><v><l id="309322" t="россия"><g v="NOUN"></g><g v="inan"></g><g v="femn"></g><g v="Sgtm"></g><g v="Geox"></g><g v="sing"></g><g v="gent"></g></l></v></tfr></token><token id="713325" text="Дмитрий"><tfr rev_id="3471909" t="Дмитрий"><v><l id="85055" t="дмитрий"><g v="NOUN"></g><g v="anim"></g><g v="masc"></g><g v="Name"></g><g v="sing"></g><g v="nomn"></g></l></v></tfr></token><token id="713326" text="Медведев"><tfr rev_id="1545182" t="Медведев"><v><l id="156959" t="медведев"><g v="NOUN"></g><g v="anim"></g><g v="masc"></g><g v="Sgtm"></g><g v="Surn"></g><g v="sing"></g><g v="nomn"></g></l></v></tfr></token><token id="713327" text="внёс"><tfr rev_id="1545183" t="внёс"><v><l id="47477" t="внёс"><g v="VERB"></g><g v="perf"></g><g v="tran"></g><g v="masc"></g><g v="sing"></g><g v="past"></g><g v="indc"></g></l></v></tfr></token><token id="713328" text="в"><tfr rev_id="1545184" t="в"><v><l id="37409" t="в"><g v="PREP"></g></l></v></tfr></token><token id="713329" text="Государственную"><tfr rev_id="1545185" t="Государственную"><v><l id="74161" t="государственный"><g v="ADJF"></g><g v="femn"></g><g v="sing"></g><g v="accs"></g></l></v></tfr></token><token id="713330" text="Думу"><tfr rev_id="1545186" t="Думу"><v><l id="92991" t="дума"><g v="NOUN"></g><g v="inan"></g><g v="femn"></g><g v="sing"></g><g v="accs"></g></l></v></tfr></token><token id="713331" text="проект"><tfr rev_id="3491501" t="проект"><v><l id="279545" t="проект"><g v="NOUN"></g><g v="inan"></g><g v="masc"></g><g v="sing"></g><g v="accs"></g></l></v></tfr></token><token id="713332" text="закона"><tfr rev_id="1545188" t="закона"><v><l id="103696" t="закон"><g v="NOUN"></g><g v="inan"></g><g v="masc"></g><g v="sing"></g><g v="gent"></g></l></v></tfr></token><token id="713333" text="«"><tfr rev_id="2447673" t="«"><v><l id="0" t="«"><g v="PNCT"></g></l></v></tfr></token><token id="713334" text="О"><tfr rev_id="3328757" t="О"><v><l id="192977" t="о"><g v="PREP"></g></l></v></tfr></token><token id="713335" text="полиции"><tfr rev_id="4291612" t="полиции"><v><l id="255975" t="полиция"><g v="NOUN"></g><g v="inan"></g><g v="femn"></g><g v="sing"></g><g v="loct"></g></l></v></tfr></token><token id="713336" text="»"><tfr rev_id="2447674" t="»"><v><l id="0" t="»"><g v="PNCT"></g></l></v></tfr></token><token id="713337" text="."><tfr rev_id="1545193" t="."><v><l id="0" t="."><g v="PNCT"></g></l></v></tfr></token></tokens></sentence></paragraph><paragraph id="12903"><sentence id="40084"><source>Впервые о готовящемся законе Президент заявил 6 августа 2010 года, с тех пор на специально созданном сайте происходило обсуждение деталей законопроекта простыми гражданами, в результате чего были убраны несколько положений, которые вызвали особое недовольство, а также немало изменен и сам текст документа (на сайт вывешен проект закона, внесенный в Госдуму, и проект, отражающий внесенные изменения в первоначальный текст).</source><tokens><token id="713338" text="Впервые"><tfr rev_id="1545194" t="Впервые"><v><l id="52345" t="впервые"><g v="ADVB"></g></l></v></tfr></token><token id="713339" text="о"><tfr rev_id="3230518" t="о"><v><l id="192977" t="о"><g v="PREP"></g></l></v></tfr></token><token id="713340" text="готовящемся"><tfr rev_id="3443281" t="готовящемся"><v><l id="74215" t="готовящийся"><g v="PRTF"></g><g v="impf"></g><g v="intr"></g><g v="pres"></g><g v="actv"></g><g v="masc"></g><g v="sing"></g><g v="loct"></g></l></v></tfr></token><token id="713341" text="законе"><tfr rev_id="1545197" t="законе"><v><l id="103696" t="закон"><g v="NOUN"></g><g v="inan"></g><g v="masc"></g><g v="sing"></g><g v="loct"></g></l></v></tfr></token><token id="713342" text="Президент"><tfr rev_id="1545198" t="Президент"><v><l id="267449" t="президент"><g v="NOUN"></g><g v="anim"></g><g v="masc"></g><g v="sing"></g><g v="nomn"></g></l></v></tfr></token><token id="713343" text="заявил"><tfr rev_id="1545199" t="заявил"><v><l id="114300" t="заявил"><g v="VERB"></g><g v="perf"></g><g v="tran"></g><g v="masc"></g><g v="sing"></g><g v="past"></g><g v="indc"></g></l></v></tfr></token><token id="713344" text="6"><tfr rev_id="2463066" t="6"><v><l id="0" t="6"><g v="NUMB"></g></l></v></tfr></token><token id="713345" text="августа"><tfr rev_id="4331816" t="августа"><v><l id="2368" t="август"><g v="NOUN"></g><g v="inan"></g><g v="masc"></g><g v="sing"></g><g v="gent"></g></l></v></tfr></token><token id="713346" text="2010"><tfr rev_id="2463067" t="2010"><v><l id="0" t="2010"><g v="NUMB"></g></l></v></tfr></token><token id="713347" text="года"><tfr rev_id="3450429" t="года"><v><l id="72149" t="год"><g v="NOUN"></g><g v="inan"></g><g v="masc"></g><g v="sing"></g><g v="gen1"></g></l></v></tfr></token><token id="713348" text=","><tfr rev_id="1545204" t=","><v><l id="0" t=","><g v="PNCT"></g></l></v></tfr></token><token id="713349" text="с"><tfr rev_id="1545205" t="с"><v><l id="311151" t="с"><g v="PREP"></g></l></v></tfr></token><token id="713350" text="тех"><tfr rev_id="4198300" t="тех"><v><l id="348430" t="тот"><g v="ADJF"></g><g v="Subx"></g><g v="Apro"></g><g v="Anph"></g><g v="plur"></g><g v="gent"></g></l></v></tfr></token><token id="713351" text="пор"><tfr rev_id="1545207" t="пор"><v><l id="259871" t="пора"><g v="NOUN"></g><g v="inan"></g><g v="femn"></g><g v="plur"></g><g v="gent"></g></l></v></tfr></token><token id="713352" text="на"><tfr rev_id="3344508" t="на"><v><l id="166264" t="на"><g v="PREP"></g></l></v></tfr></token><token id="713353" text="специально"><tfr rev_id="1545209" t="специально"><v><l id="331873" t="специально"><g v="ADVB"></g></l></v><v><l id="331877" t="специален"><g v="ADJS"></g><g v="neut"></g><g v="sing"></g></l></v></tfr></token><token id="713354" text="созданном"><tfr rev_id="3443282" t="созданном"><v><l id="328588" t="созданный"><g v="PRTF"></g><g v="perf"></g><g v="tran"></g><g v="past"></g><g v="pssv"></g><g v="masc"></g><g v="sing"></g><g v="loct"></g></l></v></tfr></token><token id="713355" text="сайте"><tfr rev_id="1545211" t="сайте"><v><l id="311674" t="сайт"><g v="NOUN"></g><g v="inan"></g><g v="masc"></g><g v="sing"></g><g v="loct"></g></l></v></tfr></token><token id="713356" text="происходило"><tfr rev_id="1545212" t="происходило"><v><l id="280286" t="происхожу"><g v="VERB"></g><g v="impf"></g><g v="intr"></g><g v="neut"></g><g v="sing"></g><g v="past"></g><g v="indc"></g></l></v></tfr></token><token id="713357" text="обсуждение"><tfr rev_id="3430817" t="обсуждение"><v><l id="200180" t="обсуждение"><g v="NOUN"></g><g v="inan"></g><g v="neut"></g><g v="sing"></g><g v="nomn"></g></l></v></tfr></token><token id="713358" text="деталей"><tfr rev_id="1545214" t="деталей"><v><l id="82149" t="деталь"><g v="NOUN"></g><g v="inan"></g><g v="femn"></g><g v="plur"></g><g v="gent"></g></l></v></tfr></token><token id="713359" text="законопроекта"><tfr rev_id="1545215" t="законопроекта"><v><l id="103760" t="законопроект"><g v="NOUN"></g><g v="inan"></g><g v="masc"></g><g v="sing"></g><g v="gent"></g></l></v></tfr></token><token id="713360" text="простыми"><tfr rev_id="1545216" t="простыми"><v><l id="285047" t="простой"><g v="ADJF"></g><g v="Qual"></g><g v="plur"></g><g v="ablt"></g></l></v></tfr></token><token id="713361" text="гражданами"><tfr rev_id="1545217" t="гражданами"><v><l id="74521" t="гражданин"><g v="NOUN"></g><g v="anim"></g><g v="masc"></g><g v="plur"></g><g v="ablt"></g></l></v></tfr></token><token id="713362" text=","><tfr rev_id="1545218" t=","><v><l id="0" t=","><g v="PNCT"></g></l></v></tfr></token><token id="713363" text="в"><tfr rev_id="1545219" t="в"><v><l id="37409" t="в"><g v="PREP"></g></l></v></tfr></token><token id="713364" text="результате"><tfr rev_id="1545220" t="результате"><v><l id="305391" t="результат"><g v="NOUN"></g><g v="inan"></g><g v="masc"></g><g v="sing"></g><g v="loct"></g></l></v></tfr></token><token id="713365" text="чего"><tfr rev_id="1545221" t="чего"><v><l id="374963" t="чего"><g v="ADVB"></g><g v="Ques"></g></l></v><v><l id="377005" t="что"><g v="NPRO"></g><g v="neut"></g><g v="sing"></g><g v="gent"></g></l></v></tfr></token><token id="713366" text="были"><tfr rev_id="1714397" t="были"><v><l id="37265" t="есть"><g v="VERB"></g><g v="impf"></g><g v="intr"></g><g v="plur"></g><g v="past"></g><g v="indc"></g></l></v></tfr></token><token id="713367" text="убраны"><tfr rev_id="1545223" t="убраны"><v><l id="353121" t="убран"><g v="PRTS"></g><g v="perf"></g><g v="past"></g><g v="pssv"></g><g v="plur"></g></l></v></tfr></token><token id="713368" text="несколько"><tfr rev_id="4181098" t="несколько"><v><l id="188126" t="несколько"><g v="NUMR"></g><g v="nomn"></g></l></v><v><l id="188126" t="несколько"><g v="NUMR"></g><g v="inan"></g><g v="accs"></g></l></v></tfr></token><token id="713369" text="положений"><tfr rev_id="3753027" t="положений"><v><l id="256255" t="положение"><g v="NOUN"></g><g v="inan"></g><g v="neut"></g><g v="plur"></g><g v="gent"></g></l></v></tfr></token><token id="713370" text=","><tfr rev_id="1545226" t=","><v><l id="0" t=","><g v="PNCT"></g></l></v></tfr></token><token id="713371" text="которые"><tfr rev_id="3815123" t="которые"><v><l id="141203" t="который"><g v="ADJF"></g><g v="Apro"></g><g v="Subx"></g><g v="Anph"></g><g v="plur"></g><g v="nomn"></g></l></v></tfr></token><token id="713372" text="вызвали"><tfr rev_id="1545228" t="вызвали"><v><l id="57525" t="вызвал"><g v="VERB"></g><g v="perf"></g><g v="tran"></g><g v="plur"></g><g v="past"></g><g v="indc"></g></l></v></tfr></token><token id="713373" text="особое"><tfr rev_id="3667542" t="особое"><v><l id="210653" t="особый"><g v="ADJF"></g><g v="neut"></g><g v="sing"></g><g v="accs"></g></l></v></tfr></token><token id="713374" text="недовольство"><tfr rev_id="1545230" t="недовольство"><v><l id="180940" t="недовольство"><g v="NOUN"></g><g v="inan"></g><g v="neut"></g><g v="sing"></g><g v="nomn"></g></l></v><v><l id="180940" t="недовольство"><g v="NOUN"></g><g v="inan"></g><g v="neut"></g><g v="sing"></g><g v="accs"></g></l></v></tfr></token><token id="713375" text=","><tfr rev_id="1545231" t=","><v><l id="0" t=","><g v="PNCT"></g></l></v></tfr></token><token id="713376" text="а"><tfr rev_id="3539781" t="а"><v><l id="51" t="а"><g v="CONJ"></g></l></v></tfr></token><token id="713377" text="также"><tfr rev_id="4267868" t="также"><v><l id="342482" t="также"><g v="PRCL"></g></l></v></tfr></token><token id="713378" text="немало"><tfr rev_id="3653803" t="немало"><v><l id="183942" t="немало"><g v="ADVB"></g></l></v><v><l id="183948" t="немал"><g v="ADJS"></g><g v="neut"></g><g v="sing"></g></l></v><v><l id="389078" t="немало"><g v="NUMR"></g><g v="nomn"></g></l></v><v><l id="389078" t="немало"><g v="NUMR"></g><g v="accs"></g></l></v></tfr></token><token id="713379" text="изменен"><tfr rev_id="1545235" t="изменен"><v><l id="119492" t="изменён"><g v="PRTS"></g><g v="perf"></g><g v="past"></g><g v="pssv"></g><g v="masc"></g><g v="sing"></g></l></v></tfr></token><token id="713380" text="и"><tfr rev_id="1545236" t="и"><v><l id="116949" t="и"><g v="CONJ"></g></l></v><v><l id="116950" t="и"><g v="INTJ"></g></l></v></tfr></token><token id="713381" text="сам"><tfr rev_id="2782860" t="сам"><v><l id="312034" t="сам"><g v="ADJF"></g><g v="Apro"></g><g v="masc"></g><g v="sing"></g><g v="nomn"></g></l></v></tfr></token><token id="713382" text="текст"><tfr rev_id="4106302" t="текст"><v><l id="344022" t="текст"><g v="NOUN"></g><g v="inan"></g><g v="masc"></g><g v="sing"></g><g v="nomn"></g></l></v></tfr></token><token id="713383" text="документа"><tfr rev_id="1545239" t="документа"><v><l id="87509" t="документ"><g v="NOUN"></g><g v="inan"></g><g v="masc"></g><g v="sing"></g><g v="gent"></g></l></v></tfr></token><token id="713384" text="("><tfr rev_id="1545240" t="("><v><l id="0" t="("><g v="PNCT"></g></l></v></tfr></token><token id="713385" text="на"><tfr rev_id="3340283" t="на"><v><l id="166264" t="на"><g v="PREP"></g></l></v></tfr></token><token id="713386" text="сайт"><tfr rev_id="4105746" t="сайт"><v><l id="311674" t="сайт"><g v="NOUN"></g><g v="inan"></g><g v="masc"></g><g v="sing"></g><g v="accs"></g></l></v></tfr></token><token id="713387" text="вывешен"><tfr rev_id="1545243" t="вывешен"><v><l id="56212" t="вывешен"><g v="PRTS"></g><g v="perf"></g><g v="past"></g><g v="pssv"></g><g v="masc"></g><g v="sing"></g></l></v><v><l id="56271" t="вывешен"><g v="PRTS"></g><g v="perf"></g><g v="past"></g><g v="pssv"></g><g v="masc"></g><g v="sing"></g></l></v></tfr></token><token id="713388" text="проект"><tfr rev_id="4240551" t="проект"><v><l id="279545" t="проект"><g v="NOUN"></g><g v="inan"></g><g v="masc"></g><g v="sing"></g><g v="nomn"></g></l></v></tfr></token><token id="713389" text="закона"><tfr rev_id="1545245" t="закона"><v><l id="103696" t="закон"><g v="NOUN"></g><g v="inan"></g><g v="masc"></g><g v="sing"></g><g v="gent"></g></l></v></tfr></token><token id="713390" text=","><tfr rev_id="1545246" t=","><v><l id="0" t=","><g v="PNCT"></g></l></v></tfr></token><token id="713391" text="внесенный"><tfr rev_id="1545247" t="внесенный"><v><l id="47480" t="внесённый"><g v="PRTF"></g><g v="perf"></g><g v="tran"></g><g v="past"></g><g v="pssv"></g><g v="masc"></g><g v="sing"></g><g v="nomn"></g></l></v><v><l id="47480" t="внесённый"><g v="PRTF"></g><g v="perf"></g><g v="tran"></g><g v="past"></g><g v="pssv"></g><g v="inan"></g><g v="masc"></g><g v="sing"></g><g v="accs"></g></l></v></tfr></token><token id="713392" text="в"><tfr rev_id="1545248" t="в"><v><l id="37409" t="в"><g v="PREP"></g></l></v></tfr></token><token id="713393" text="Госдуму"><tfr rev_id="3478449" t="Госдуму"><v><l id="73922" t="госдума"><g v="NOUN"></g><g v="inan"></g><g v="femn"></g><g v="Orgn"></g><g v="Sgtm"></g><g v="sing"></g><g v="accs"></g></l></v></tfr></token><token id="713394" text=","><tfr rev_id="1545250" t=","><v><l id="0" t=","><g v="PNCT"></g></l></v></tfr></token><token id="713395" text="и"><tfr rev_id="1545251" t="и"><v><l id="116949" t="и"><g v="CONJ"></g></l></v><v><l id="116950" t="и"><g v="INTJ"></g></l></v></tfr></token><token id="713396" text="проект"><tfr rev_id="4094919" t="проект"><v><l id="279545" t="проект"><g v="NOUN"></g><g v="inan"></g><g v="masc"></g><g v="sing"></g><g v="nomn"></g></l></v></tfr></token><token id="713397" text=","><tfr rev_id="1545253" t=","><v><l id="0" t=","><g v="PNCT"></g></l></v></tfr></token><token id="713398" text="отражающий"><tfr rev_id="1545254" t="отражающий"><v><l id="217298" t="отражающий"><g v="PRTF"></g><g v="impf"></g><g v="tran"></g><g v="pres"></g><g v="actv"></g><g v="masc"></g><g v="sing"></g><g v="nomn"></g></l></v><v><l id="217298" t="отражающий"><g v="PRTF"></g><g v="impf"></g><g v="tran"></g><g v="pres"></g><g v="actv"></g><g v="inan"></g><g v="masc"></g><g v="sing"></g><g v="accs"></g></l></v></tfr></token><token id="713399" text="внесенные"><tfr rev_id="1545255" t="внесенные"><v><l id="47480" t="внесённый"><g v="PRTF"></g><g v="perf"></g><g v="tran"></g><g v="past"></g><g v="pssv"></g><g v="plur"></g><g v="nomn"></g></l></v><v><l id="47480" t="внесённый"><g v="PRTF"></g><g v="perf"></g><g v="tran"></g><g v="past"></g><g v="pssv"></g><g v="inan"></g><g v="plur"></g><g v="accs"></g></l></v></tfr></token><token id="713400" text="изменения"><tfr rev_id="3802301" t="изменения"><v><l id="119487" t="изменение"><g v="NOUN"></g><g v="inan"></g><g v="neut"></g><g v="plur"></g><g v="accs"></g></l></v></tfr></token><token id="713401" text="в"><tfr rev_id="1545257" t="в"><v><l id="37409" t="в"><g v="PREP"></g></l></v></tfr></token><token id="713402" text="первоначальный"><tfr rev_id="4408761" t="первоначальный"><v><l id="226265" t="первоначальный"><g v="ADJF"></g><g v="inan"></g><g v="masc"></g><g v="sing"></g><g v="accs"></g></l></v></tfr></token><token id="713403" text="текст"><tfr rev_id="1545259" t="текст"><v><l id="344022" t="текст"><g v="NOUN"></g><g v="inan"></g><g v="masc"></g><g v="sing"></g><g v="nomn"></g></l></v><v><l id="344022" t="текст"><g v="NOUN"></g><g v="inan"></g><g v="masc"></g><g v="sing"></g><g v="accs"></g></l></v></tfr></token><token id="713404" text=")"><tfr rev_id="1545260" t=")"><v><l id="0" t=")"><g v="PNCT"></g></l></v></tfr></token><token id="713405" text="."><tfr rev_id="1545261" t="."><v><l id="0" t="."><g v="PNCT"></g></l></v></tfr></token></tokens></sentence><sentence id="40085"><source>Теперь основной задачей полицейского является защита личности.</source><tokens><token id="713406" text="Теперь"><tfr rev_id="1545262" t="Теперь"><v><l id="344864" t="теперь"><g v="ADVB"></g></l></v></tfr></token><token id="713407" text="основной"><tfr rev_id="2635754" t="основной"><v><l id="210595" t="основной"><g v="ADJF"></g><g v="femn"></g><g v="sing"></g><g v="gent"></g></l></v><v><l id="210595" t="основной"><g v="ADJF"></g><g v="femn"></g><g v="sing"></g><g v="datv"></g></l></v><v><l id="210595" t="основной"><g v="ADJF"></g><g v="femn"></g><g v="sing"></g><g v="ablt"></g></l></v><v><l id="210595" t="основной"><g v="ADJF"></g><g v="femn"></g><g v="sing"></g><g v="loct"></g></l></v><v><l id="210598" t="основный"><g v="ADJF"></g><g v="Qual"></g><g v="femn"></g><g v="sing"></g><g v="gent"></g></l></v><v><l id="210598" t="основный"><g v="ADJF"></g><g v="Qual"></g><g v="femn"></g><g v="sing"></g><g v="datv"></g></l></v><v><l id="210598" t="основный"><g v="ADJF"></g><g v="Qual"></g><g v="femn"></g><g v="sing"></g><g v="ablt"></g></l></v><v><l id="210598" t="основный"><g v="ADJF"></g><g v="Qual"></g><g v="femn"></g><g v="sing"></g><g v="loct"></g></l></v></tfr></token><token id="713408" text="задачей"><tfr rev_id="1545264" t="задачей"><v><l id="101455" t="задача"><g v="NOUN"></g><g v="inan"></g><g v="femn"></g><g v="sing"></g><g v="ablt"></g></l></v></tfr></token><token id="713409" text="полицейского"><tfr rev_id="4235235" t="полицейского"><v><l id="255964" t="полицейский"><g v="NOUN"></g><g v="anim"></g><g v="masc"></g><g v="sing"></g><g v="gent"></g></l></v><v><l id="255964" t="полицейский"><g v="NOUN"></g><g v="anim"></g><g v="masc"></g><g v="sing"></g><g v="accs"></g></l></v></tfr></token><token id="713410" text="является"><tfr rev_id="1545266" t="является"><v><l id="387385" t="являюсь"><g v="VERB"></g><g v="impf"></g><g v="intr"></g><g v="sing"></g><g v="3per"></g><g v="pres"></g><g v="indc"></g></l></v></tfr></token><token id="713411" text="защита"><tfr rev_id="1545267" t="защита"><v><l id="114235" t="защита"><g v="NOUN"></g><g v="inan"></g><g v="femn"></g><g v="sing"></g><g v="nomn"></g></l></v></tfr></token><token id="713412" text="личности"><tfr rev_id="4174703" t="личности"><v><l id="150210" t="личность"><g v="NOUN"></g><g v="inan"></g><g v="femn"></g><g v="sing"></g><g v="gent"></g></l></v></tfr></token><token id="713413" text="."><tfr rev_id="1545269" t="."><v><l id="0" t="."><g v="PNCT"></g></l></v></tfr></token></tokens></sentence><sentence id="40086"><source>В добавок к этому, изменился и порядок проверки документов граждан: сотрудник МВД должен представиться, предъявить удостоверение и назвать причину, по которой он остановил человека.</source><tokens><token id="713414" text="В"><tfr rev_id="1545270" t="В"><v><l id="37409" t="в"><g v="PREP"></g></l></v></tfr></token><token id="713415" text="добавок"><tfr rev_id="3440220" t="добавок"><v><l id="85182" t="добавок"><g v="NOUN"></g><g v="inan"></g><g v="masc"></g><g v="sing"></g><g v="nomn"></g></l></v><v><l id="85182" t="добавок"><g v="NOUN"></g><g v="inan"></g><g v="masc"></g><g v="sing"></g><g v="accs"></g></l></v></tfr></token><token id="713416" text="к"><tfr rev_id="1545272" t="к"><v><l id="127460" t="к"><g v="PREP"></g></l></v></tfr></token><token id="713417" text="этому"><tfr rev_id="4471234" t="этому"><v><l id="386575" t="это"><g v="NPRO"></g><g v="neut"></g><g v="sing"></g><g v="datv"></g></l></v></tfr></token><token id="713418" text=","><tfr rev_id="1545274" t=","><v><l id="0" t=","><g v="PNCT"></g></l></v></tfr></token><token id="713419" text="изменился"><tfr rev_id="1545275" t="изменился"><v><l id="119498" t="изменился"><g v="VERB"></g><g v="perf"></g><g v="intr"></g><g v="masc"></g><g v="sing"></g><g v="past"></g><g v="indc"></g></l></v></tfr></token><token id="713420" text="и"><tfr rev_id="1545276" t="и"><v><l id="116949" t="и"><g v="CONJ"></g></l></v><v><l id="116950" t="и"><g v="INTJ"></g></l></v></tfr></token><token id="713421" text="порядок"><tfr rev_id="1545277" t="порядок"><v><l id="260978" t="порядок"><g v="NOUN"></g><g v="inan"></g><g v="masc"></g><g v="sing"></g><g v="nomn"></g></l></v><v><l id="260978" t="порядок"><g v="NOUN"></g><g v="inan"></g><g v="masc"></g><g v="sing"></g><g v="accs"></g></l></v></tfr></token><token id="713422" text="проверки"><tfr rev_id="2606092" t="проверки"><v><l id="277763" t="проверка"><g v="NOUN"></g><g v="inan"></g><g v="femn"></g><g v="sing"></g><g v="gent"></g></l></v></tfr></token><token id="713423" text="документов"><tfr rev_id="1545279" t="документов"><v><l id="87509" t="документ"><g v="NOUN"></g><g v="inan"></g><g v="masc"></g><g v="plur"></g><g v="gent"></g></l></v></tfr></token><token id="713424" text="граждан"><tfr rev_id="2866595" t="граждан"><v><l id="74521" t="гражданин"><g v="NOUN"></g><g v="anim"></g><g v="masc"></g><g v="plur"></g><g v="gent"></g></l></v></tfr></token><token id="713425" text=":"><tfr rev_id="1545281" t=":"><v><l id="0" t=":"><g v="PNCT"></g></l></v></tfr></token><token id="713426" text="сотрудник"><tfr rev_id="1545282" t="сотрудник"><v><l id="330867" t="сотрудник"><g v="NOUN"></g><g v="anim"></g><g v="masc"></g><g v="sing"></g><g v="nomn"></g></l></v></tfr></token><token id="713427" text="МВД"><tfr rev_id="4138184" t="МВД"><v><l id="156839" t="мвд"><g v="NOUN"></g><g v="inan"></g><g v="neut"></g><g v="Sgtm"></g><g v="Fixd"></g><g v="Abbr"></g><g v="Orgn"></g><g v="sing"></g><g v="gent"></g></l></v></tfr></token><token id="713428" text="должен"><tfr rev_id="2558814" t="должен"><v><l id="87975" t="должен"><g v="ADJS"></g><g v="masc"></g><g v="sing"></g></l></v></tfr></token><token id="713429" text="представиться"><tfr rev_id="1545285" t="представиться"><v><l id="267106" t="представиться"><g v="INFN"></g><g v="perf"></g><g v="intr"></g></l></v></tfr></token><token id="713430" text=","><tfr rev_id="1545286" t=","><v><l id="0" t=","><g v="PNCT"></g></l></v></tfr></token><token id="713431" text="предъявить"><tfr rev_id="1545287" t="предъявить"><v><l id="267365" t="предъявить"><g v="INFN"></g><g v="perf"></g><g v="tran"></g></l></v></tfr></token><token id="713432" text="удостоверение"><tfr rev_id="4102823" t="удостоверение"><v><l id="355176" t="удостоверение"><g v="NOUN"></g><g v="inan"></g><g v="neut"></g><g v="sing"></g><g v="accs"></g></l></v></tfr></token><token id="713433" text="и"><tfr rev_id="3486600" t="и"><v><l id="116949" t="и"><g v="CONJ"></g></l></v></tfr></token><token id="713434" text="назвать"><tfr rev_id="1545290" t="назвать"><v><l id="170343" t="назвать"><g v="INFN"></g><g v="perf"></g><g v="tran"></g></l></v></tfr></token><token id="713435" text="причину"><tfr rev_id="1545291" t="причину"><v><l id="276522" t="причина"><g v="NOUN"></g><g v="inan"></g><g v="femn"></g><g v="sing"></g><g v="accs"></g></l></v></tfr></token><token id="713436" text=","><tfr rev_id="1545292" t=","><v><l id="0" t=","><g v="PNCT"></g></l></v></tfr></token><token id="713437" text="по"><tfr rev_id="1545293" t="по"><v><l id="241240" t="по"><g v="PREP"></g></l></v></tfr></token><token id="713438" text="которой"><tfr rev_id="3692193" t="которой"><v><l id="141203" t="который"><g v="ADJF"></g><g v="Apro"></g><g v="Subx"></g><g v="Anph"></g><g v="femn"></g><g v="sing"></g><g v="datv"></g></l></v></tfr></token><token id="713439" text="он"><tfr rev_id="3575897" t="он"><v><l id="206541" t="он"><g v="NPRO"></g><g v="masc"></g><g v="3per"></g><g v="Anph"></g><g v="sing"></g><g v="nomn"></g></l></v></tfr></token><token id="713440" text="остановил"><tfr rev_id="1545296" t="остановил"><v><l id="210859" t="остановил"><g v="VERB"></g><g v="perf"></g><g v="tran"></g><g v="masc"></g><g v="sing"></g><g v="past"></g><g v="indc"></g></l></v></tfr></token><token id="713441" text="человека"><tfr rev_id="4363863" t="человека"><v><l id="375073" t="человек"><g v="NOUN"></g><g v="anim"></g><g v="masc"></g><g v="sing"></g><g v="accs"></g></l></v></tfr></token><token id="713442" text="."><tfr rev_id="1545298" t="."><v><l id="0" t="."><g v="PNCT"></g></l></v></tfr></token></tokens></sentence></paragraph><paragraph id="12904"><sentence id="40087"><source>Пожалуй, самый большой резонанс у посетителей сайта вызвал пункт, согласно которому каждый милиционер может беспрепятственно входить в жилищные помещения.</source><tokens><token id="713443" text="Пожалуй"><tfr rev_id="1545299" t="Пожалуй"><v><l id="253022" t="пожаловал"><g v="VERB"></g><g v="perf"></g><g v="tran"></g><g v="sing"></g><g v="impr"></g><g v="excl"></g></l></v><v><l id="253032" t="пожалуй"><g v="PRCL"></g></l></v><v><l id="253033" t="пожалуй"><g v="CONJ"></g><g v="Prnt"></g></l></v></tfr></token><token id="713444" text=","><tfr rev_id="1545300" t=","><v><l id="0" t=","><g v="PNCT"></g></l></v></tfr></token><token id="713445" text="самый"><tfr rev_id="1545301" t="самый"><v><l id="313174" t="самый"><g v="ADJF"></g><g v="Apro"></g><g v="masc"></g><g v="sing"></g><g v="nomn"></g></l></v><v><l id="313174" t="самый"><g v="ADJF"></g><g v="Apro"></g><g v="inan"></g><g v="masc"></g><g v="sing"></g><g v="accs"></g></l></v></tfr></token><token id="713446" text="большой"><tfr rev_id="2635755" t="большой"><v><l id="32445" t="большой"><g v="ADJF"></g><g v="Qual"></g><g v="masc"></g><g v="sing"></g><g v="nomn"></g></l></v><v><l id="32445" t="большой"><g v="ADJF"></g><g v="Qual"></g><g v="inan"></g><g v="masc"></g><g v="sing"></g><g v="accs"></g></l></v></tfr></token><token id="713447" text="резонанс"><tfr rev_id="3720230" t="резонанс"><v><l id="305363" t="резонанс"><g v="NOUN"></g><g v="inan"></g><g v="masc"></g><g v="sing"></g><g v="accs"></g></l></v></tfr></token><token id="713448" text="у"><tfr rev_id="3332905" t="у"><v><l id="352818" t="у"><g v="PREP"></g></l></v></tfr></token><token id="713449" text="посетителей"><tfr rev_id="3716931" t="посетителей"><v><l id="261297" t="посетитель"><g v="NOUN"></g><g v="anim"></g><g v="masc"></g><g v="plur"></g><g v="gent"></g></l></v></tfr></token><token id="713450" text="сайта"><tfr rev_id="1545306" t="сайта"><v><l id="311674" t="сайт"><g v="NOUN"></g><g v="inan"></g><g v="masc"></g><g v="sing"></g><g v="gent"></g></l></v></tfr></token><token id="713451" text="вызвал"><tfr rev_id="1545307" t="вызвал"><v><l id="57525" t="вызвал"><g v="VERB"></g><g v="perf"></g><g v="tran"></g><g v="masc"></g><g v="sing"></g><g v="past"></g><g v="indc"></g></l></v></tfr></token><token id="713452" text="пункт"><tfr rev_id="1545308" t="пункт"><v><l id="289177" t="пункт"><g v="NOUN"></g><g v="inan"></g><g v="masc"></g><g v="sing"></g><g v="nomn"></g></l></v><v><l id="289177" t="пункт"><g v="NOUN"></g><g v="inan"></g><g v="masc"></g><g v="sing"></g><g v="accs"></g></l></v></tfr></token><token id="713453" text=","><tfr rev_id="1545309" t=","><v><l id="0" t=","><g v="PNCT"></g></l></v></tfr></token><token id="713454" text="согласно"><tfr rev_id="4490474" t="согласно"><v><l id="328255" t="согласно"><g v="PREP"></g></l></v></tfr></token><token id="713455" text="которому"><tfr rev_id="4076727" t="которому"><v><l id="141203" t="который"><g v="ADJF"></g><g v="Apro"></g><g v="Subx"></g><g v="Anph"></g><g v="masc"></g><g v="sing"></g><g v="datv"></g></l></v></tfr></token><token id="713456" text="каждый"><tfr rev_id="4429610" t="каждый"><v><l id="127875" t="каждый"><g v="ADJF"></g><g v="Subx"></g><g v="Apro"></g><g v="masc"></g><g v="sing"></g><g v="nomn"></g></l></v><v><l id="127875" t="каждый"><g v="ADJF"></g><g v="Subx"></g><g v="Apro"></g><g v="inan"></g><g v="masc"></g><g v="sing"></g><g v="accs"></g></l></v></tfr></token><token id="713457" text="милиционер"><tfr rev_id="1545313" t="милиционер"><v><l id="160220" t="милиционер"><g v="NOUN"></g><g v="anim"></g><g v="masc"></g><g v="sing"></g><g v="nomn"></g></l></v></tfr></token><token id="713458" text="может"><tfr rev_id="3797766" t="может"><v><l id="164485" t="могу"><g v="VERB"></g><g v="impf"></g><g v="intr"></g><g v="sing"></g><g v="3per"></g><g v="pres"></g><g v="indc"></g></l></v></tfr></token><token id="713459" text="беспрепятственно"><tfr rev_id="1545315" t="беспрепятственно"><v><l id="28532" t="беспрепятственно"><g v="ADVB"></g></l></v><v><l id="28535" t="беспрепятствен"><g v="ADJS"></g><g v="neut"></g><g v="sing"></g></l></v></tfr></token><token id="713460" text="входить"><tfr rev_id="1545316" t="входить"><v><l id="55355" t="входить"><g v="INFN"></g><g v="impf"></g><g v="intr"></g></l></v></tfr></token><token id="713461" text="в"><tfr rev_id="1545317" t="в"><v><l id="37409" t="в"><g v="PREP"></g></l></v></tfr></token><token id="713462" text="жилищные"><tfr rev_id="3821393" t="жилищные"><v><l id="97368" t="жилищный"><g v="ADJF"></g><g v="Qual"></g><g v="inan"></g><g v="plur"></g><g v="accs"></g></l></v></tfr></token><token id="713463" text="помещения"><tfr rev_id="3743286" t="помещения"><v><l id="257693" t="помещение"><g v="NOUN"></g><g v="inan"></g><g v="neut"></g><g v="plur"></g><g v="accs"></g></l></v></tfr></token><token id="713464" text="."><tfr rev_id="1545320" t="."><v><l id="0" t="."><g v="PNCT"></g></l></v></tfr></token></tokens></sentence><sentence id="40088"><source>Это часть законопроекта была отменена, за исключением случаев, «установленных федеральными законами».</source><tokens><token id="713465" text="Это"><tfr rev_id="4441912" t="Это"><v><l id="386574" t="это"><g v="PRCL"></g></l></v><v><l id="386575" t="это"><g v="NPRO"></g><g v="neut"></g><g v="sing"></g><g v="nomn"></g></l></v><v><l id="386575" t="это"><g v="NPRO"></g><g v="neut"></g><g v="sing"></g><g v="accs"></g></l></v><v><l id="386581" t="этот"><g v="ADJF"></g><g v="Subx"></g><g v="Apro"></g><g v="Anph"></g><g v="neut"></g><g v="sing"></g><g v="nomn"></g></l></v><v><l id="386581" t="этот"><g v="ADJF"></g><g v="Subx"></g><g v="Apro"></g><g v="Anph"></g><g v="neut"></g><g v="sing"></g><g v="accs"></g></l></v></tfr></token><token id="713466" text="часть"><tfr rev_id="3949288" t="часть"><v><l id="374820" t="часть"><g v="NOUN"></g><g v="inan"></g><g v="femn"></g><g v="sing"></g><g v="nomn"></g></l></v></tfr></token><token id="713467" text="законопроекта"><tfr rev_id="1545323" t="законопроекта"><v><l id="103760" t="законопроект"><g v="NOUN"></g><g v="inan"></g><g v="masc"></g><g v="sing"></g><g v="gent"></g></l></v></tfr></token><token id="713468" text="была"><tfr rev_id="1545324" t="была"><v><l id="37265" t="есть"><g v="VERB"></g><g v="impf"></g><g v="intr"></g><g v="femn"></g><g v="sing"></g><g v="past"></g><g v="indc"></g></l></v></tfr></token><token id="713469" text="отменена"><tfr rev_id="1545325" t="отменена"><v><l id="215487" t="отменён"><g v="PRTS"></g><g v="perf"></g><g v="past"></g><g v="pssv"></g><g v="femn"></g><g v="sing"></g></l></v></tfr></token><token id="713470" text=","><tfr rev_id="1545326" t=","><v><l id="0" t=","><g v="PNCT"></g></l></v></tfr></token><token id="713471" text="за"><tfr rev_id="1545327" t="за"><v><l id="98043" t="за"><g v="PREP"></g></l></v></tfr></token><token id="713472" text="исключением"><tfr rev_id="1545328" t="исключением"><v><l id="124356" t="исключение"><g v="NOUN"></g><g v="inan"></g><g v="neut"></g><g v="sing"></g><g v="ablt"></g></l></v></tfr></token><token id="713473" text="случаев"><tfr rev_id="1545329" t="случаев"><v><l id="325472" t="случай"><g v="NOUN"></g><g v="inan"></g><g v="masc"></g><g v="plur"></g><g v="gent"></g></l></v></tfr></token><token id="713474" text=","><tfr rev_id="1545330" t=","><v><l id="0" t=","><g v="PNCT"></g></l></v></tfr></token><token id="713475" text="«"><tfr rev_id="2447675" t="«"><v><l id="0" t="«"><g v="PNCT"></g></l></v></tfr></token><token id="713476" text="установленных"><tfr rev_id="1545332" t="установленных"><v><l id="360984" t="установленный"><g v="PRTF"></g><g v="perf"></g><g v="tran"></g><g v="past"></g><g v="pssv"></g><g v="plur"></g><g v="gent"></g></l></v><v><l id="360984" t="установленный"><g v="PRTF"></g><g v="perf"></g><g v="tran"></g><g v="past"></g><g v="pssv"></g><g v="anim"></g><g v="plur"></g><g v="accs"></g></l></v><v><l id="360984" t="установленный"><g v="PRTF"></g><g v="perf"></g><g v="tran"></g><g v="past"></g><g v="pssv"></g><g v="plur"></g><g v="loct"></g></l></v><v><l id="360993" t="установленный"><g v="ADJF"></g><g v="plur"></g><g v="gent"></g></l></v><v><l id="360993" t="установленный"><g v="ADJF"></g><g v="anim"></g><g v="plur"></g><g v="accs"></g></l></v><v><l id="360993" t="установленный"><g v="ADJF"></g><g v="plur"></g><g v="loct"></g></l></v></tfr></token><token id="713477" text="федеральными"><tfr rev_id="1545333" t="федеральными"><v><l id="364933" t="федеральный"><g v="ADJF"></g><g v="plur"></g><g v="ablt"></g></l></v></tfr></token><token id="713478" text="законами"><tfr rev_id="1545334" t="законами"><v><l id="103696" t="закон"><g v="NOUN"></g><g v="inan"></g><g v="masc"></g><g v="plur"></g><g v="ablt"></g></l></v></tfr></token><token id="713479" text="»"><tfr rev_id="2447676" t="»"><v><l id="0" t="»"><g v="PNCT"></g></l></v></tfr></token><token id="713480" text="."><tfr rev_id="1545336" t="."><v><l id="0" t="."><g v="PNCT"></g></l></v></tfr></token></tokens></sentence></paragraph><paragraph id="12905"><sentence id="40089"><source>С другой стороны, одно из важнейших нововведений, подвергшихся большой критике провозащиткников, отменено не было — это «презумпция законности» (принцип, согласно которому сотрудник Полиции находится под защитой государства и действует в рамках закона).</source><tokens><token id="713481" text="С"><tfr rev_id="1545337" t="С"><v><l id="311151" t="с"><g v="PREP"></g></l></v></tfr></token><token id="713482" text="другой"><tfr rev_id="3560072" t="другой"><v><l id="92342" t="другой"><g v="ADJF"></g><g v="Apro"></g><g v="Subx"></g><g v="femn"></g><g v="sing"></g><g v="gent"></g></l></v><v><l id="92342" t="другой"><g v="ADJF"></g><g v="Apro"></g><g v="Subx"></g><g v="femn"></g><g v="sing"></g><g v="datv"></g></l></v><v><l id="92342" t="другой"><g v="ADJF"></g><g v="Apro"></g><g v="Subx"></g><g v="femn"></g><g v="sing"></g><g v="ablt"></g></l></v><v><l id="92342" t="другой"><g v="ADJF"></g><g v="Apro"></g><g v="Subx"></g><g v="femn"></g><g v="sing"></g><g v="loct"></g></l></v></tfr></token><token id="713483" text="стороны"><tfr rev_id="3461499" t="стороны"><v><l id="336894" t="сторона"><g v="NOUN"></g><g v="inan"></g><g v="femn"></g><g v="sing"></g><g v="gent"></g></l></v></tfr></token><token id="713484" text=","><tfr rev_id="1545340" t=","><v><l id="0" t=","><g v="PNCT"></g></l></v></tfr></token><token id="713485" text="одно"><tfr rev_id="4303096" t="одно"><v><l id="203319" t="один"><g v="ADJF"></g><g v="Apro"></g><g v="Anum"></g><g v="neut"></g><g v="sing"></g><g v="nomn"></g></l></v><v><l id="203319" t="один"><g v="ADJF"></g><g v="Apro"></g><g v="Anum"></g><g v="neut"></g><g v="sing"></g><g v="accs"></g></l></v></tfr></token><token id="713486" text="из"><tfr rev_id="1717839" t="из"><v><l id="117677" t="из"><g v="PREP"></g></l></v></tfr></token><token id="713487" text="важнейших"><tfr rev_id="1545343" t="важнейших"><v><l id="37723" t="важнейший"><g v="ADJF"></g><g v="Supr"></g><g v="Qual"></g><g v="plur"></g><g v="gent"></g></l></v><v><l id="37723" t="важнейший"><g v="ADJF"></g><g v="Supr"></g><g v="Qual"></g><g v="anim"></g><g v="plur"></g><g v="accs"></g></l></v><v><l id="37723" t="важнейший"><g v="ADJF"></g><g v="Supr"></g><g v="Qual"></g><g v="plur"></g><g v="loct"></g></l></v></tfr></token><token id="713488" text="нововведений"><tfr rev_id="1545344" t="нововведений"><v><l id="191574" t="нововведение"><g v="NOUN"></g><g v="inan"></g><g v="neut"></g><g v="plur"></g><g v="gent"></g></l></v></tfr></token><token id="713489" text=","><tfr rev_id="1545345" t=","><v><l id="0" t=","><g v="PNCT"></g></l></v></tfr></token><token id="713490" text="подвергшихся"><tfr rev_id="3944198" t="подвергшихся"><v><l id="244361" t="подвергнувшийся"><g v="PRTF"></g><g v="perf"></g><g v="intr"></g><g v="past"></g><g v="actv"></g><g v="plur"></g><g v="gent"></g><g v="Infr"></g></l></v></tfr></token><token id="713491" text="большой"><tfr rev_id="2635757" t="большой"><v><l id="32445" t="большой"><g v="ADJF"></g><g v="Qual"></g><g v="femn"></g><g v="sing"></g><g v="gent"></g></l></v><v><l id="32445" t="большой"><g v="ADJF"></g><g v="Qual"></g><g v="femn"></g><g v="sing"></g><g v="datv"></g></l></v><v><l id="32445" t="большой"><g v="ADJF"></g><g v="Qual"></g><g v="femn"></g><g v="sing"></g><g v="ablt"></g></l></v><v><l id="32445" t="большой"><g v="ADJF"></g><g v="Qual"></g><g v="femn"></g><g v="sing"></g><g v="loct"></g></l></v></tfr></token><token id="713492" text="критике"><tfr rev_id="3447179" t="критике"><v><l id="142954" t="критика"><g v="NOUN"></g><g v="inan"></g><g v="femn"></g><g v="sing"></g><g v="datv"></g></l></v></tfr></token><token id="713493" text="провозащиткников"><tfr rev_id="1545349" t="провозащиткников"><v><l id="0" t="провозащиткников"><g v="UNKN"></g></l></v></tfr></token><token id="713494" text=","><tfr rev_id="1545350" t=","><v><l id="0" t=","><g v="PNCT"></g></l></v></tfr></token><token id="713495" text="отменено"><tfr rev_id="1545351" t="отменено"><v><l id="215487" t="отменён"><g v="PRTS"></g><g v="perf"></g><g v="past"></g><g v="pssv"></g><g v="neut"></g><g v="sing"></g></l></v></tfr></token><token id="713496" text="не"><tfr rev_id="1545352" t="не"><v><l id="178876" t="не"><g v="PRCL"></g></l></v></tfr></token><token id="713497" text="было"><tfr rev_id="3124411" t="было"><v><l id="37265" t="есть"><g v="VERB"></g><g v="impf"></g><g v="intr"></g><g v="neut"></g><g v="sing"></g><g v="past"></g><g v="indc"></g></l></v></tfr></token><token id="713498" text="—"><tfr rev_id="2447677" t="—"><v><l id="0" t="—"><g v="PNCT"></g></l></v></tfr></token><token id="713499" text="это"><tfr rev_id="4441913" t="это"><v><l id="386574" t="это"><g v="PRCL"></g></l></v><v><l id="386575" t="это"><g v="NPRO"></g><g v="neut"></g><g v="sing"></g><g v="nomn"></g></l></v><v><l id="386575" t="это"><g v="NPRO"></g><g v="neut"></g><g v="sing"></g><g v="accs"></g></l></v><v><l id="386581" t="этот"><g v="ADJF"></g><g v="Subx"></g><g v="Apro"></g><g v="Anph"></g><g v="neut"></g><g v="sing"></g><g v="nomn"></g></l></v><v><l id="386581" t="этот"><g v="ADJF"></g><g v="Subx"></g><g v="Apro"></g><g v="Anph"></g><g v="neut"></g><g v="sing"></g><g v="accs"></g></l></v></tfr></token><token id="713500" text="«"><tfr rev_id="2447678" t="«"><v><l id="0" t="«"><g v="PNCT"></g></l></v></tfr></token><token id="713501" text="презумпция"><tfr rev_id="1545357" t="презумпция"><v><l id="267492" t="презумпция"><g v="NOUN"></g><g v="inan"></g><g v="femn"></g><g v="sing"></g><g v="nomn"></g></l></v></tfr></token><token id="713502" text="законности"><tfr rev_id="4313979" t="законности"><v><l id="103705" t="законность"><g v="NOUN"></g><g v="inan"></g><g v="femn"></g><g v="sing"></g><g v="gent"></g></l></v></tfr></token><token id="713503" text="»"><tfr rev_id="2447679" t="»"><v><l id="0" t="»"><g v="PNCT"></g></l></v></tfr></token><token id="713504" text="("><tfr rev_id="1545360" t="("><v><l id="0" t="("><g v="PNCT"></g></l></v></tfr></token><token id="713505" text="принцип"><tfr rev_id="1545361" t="принцип"><v><l id="272678" t="принцип"><g v="NOUN"></g><g v="inan"></g><g v="masc"></g><g v="sing"></g><g v="nomn"></g></l></v><v><l id="272678" t="принцип"><g v="NOUN"></g><g v="inan"></g><g v="masc"></g><g v="sing"></g><g v="accs"></g></l></v></tfr></token><token id="713506" text=","><tfr rev_id="1545362" t=","><v><l id="0" t=","><g v="PNCT"></g></l></v></tfr></token><token id="713507" text="согласно"><tfr rev_id="4422740" t="согласно"><v><l id="328255" t="согласно"><g v="PREP"></g></l></v></tfr></token><token id="713508" text="которому"><tfr rev_id="3638771" t="которому"><v><l id="141203" t="который"><g v="ADJF"></g><g v="Apro"></g><g v="Subx"></g><g v="Anph"></g><g v="masc"></g><g v="sing"></g><g v="datv"></g></l></v></tfr></token><token id="713509" text="сотрудник"><tfr rev_id="1545365" t="сотрудник"><v><l id="330867" t="сотрудник"><g v="NOUN"></g><g v="anim"></g><g v="masc"></g><g v="sing"></g><g v="nomn"></g></l></v></tfr></token><token id="713510" text="Полиции"><tfr rev_id="4291613" t="Полиции"><v><l id="255975" t="полиция"><g v="NOUN"></g><g v="inan"></g><g v="femn"></g><g v="sing"></g><g v="gent"></g></l></v></tfr></token><token id="713511" text="находится"><tfr rev_id="1545367" t="находится"><v><l id="177898" t="нахожусь"><g v="VERB"></g><g v="impf"></g><g v="intr"></g><g v="sing"></g><g v="3per"></g><g v="pres"></g><g v="indc"></g></l></v><v><l id="177903" t="находился"><g v="VERB"></g><g v="perf"></g><g v="intr"></g><g v="sing"></g><g v="3per"></g><g v="futr"></g><g v="indc"></g></l></v></tfr></token><token id="713512" text="под"><tfr rev_id="2603542" t="под"><v><l id="243755" t="под"><g v="PREP"></g></l></v></tfr></token><token id="713513" text="защитой"><tfr rev_id="1545369" t="защитой"><v><l id="114235" t="защита"><g v="NOUN"></g><g v="inan"></g><g v="femn"></g><g v="sing"></g><g v="ablt"></g></l></v></tfr></token><token id="713514" text="государства"><tfr rev_id="3446544" t="государства"><v><l id="74164" t="государство"><g v="NOUN"></g><g v="inan"></g><g v="neut"></g><g v="sing"></g><g v="gent"></g></l></v></tfr></token><token id="713515" text="и"><tfr rev_id="4199967" t="и"><v><l id="116949" t="и"><g v="CONJ"></g></l></v></tfr></token><token id="713516" text="действует"><tfr rev_id="1545372" t="действует"><v><l id="80103" t="действую"><g v="VERB"></g><g v="impf"></g><g v="intr"></g><g v="sing"></g><g v="3per"></g><g v="pres"></g><g v="indc"></g></l></v></tfr></token><token id="713517" text="в"><tfr rev_id="1545373" t="в"><v><l id="37409" t="в"><g v="PREP"></g></l></v></tfr></token><token id="713518" text="рамках"><tfr rev_id="1545374" t="рамках"><v><l id="297819" t="рамка"><g v="NOUN"></g><g v="inan"></g><g v="femn"></g><g v="plur"></g><g v="loct"></g></l></v></tfr></token><token id="713519" text="закона"><tfr rev_id="1545375" t="закона"><v><l id="103696" t="закон"><g v="NOUN"></g><g v="inan"></g><g v="masc"></g><g v="sing"></g><g v="gent"></g></l></v></tfr></token><token id="713520" text=")"><tfr rev_id="1545376" t=")"><v><l id="0" t=")"><g v="PNCT"></g></l></v></tfr></token><token id="713521" text="."><tfr rev_id="1545377" t="."><v><l id="0" t="."><g v="PNCT"></g></l></v></tfr></token></tokens></sentence><sentence id="40090"><source>В частности, Лев Пономарёв заявил, что благодаря этой фразе, полицейские «получают дополнительные возможности производить те чудовищные безобразия, которые они временами совершают».</source><tokens><token id="713522" text="В"><tfr rev_id="1545378" t="В"><v><l id="37409" t="в"><g v="PREP"></g></l></v></tfr></token><token id="713523" text="частности"><tfr rev_id="3546661" t="частности"><v><l id="374794" t="частность"><g v="NOUN"></g><g v="inan"></g><g v="femn"></g><g v="sing"></g><g v="loct"></g></l></v></tfr></token><token id="713524" text=","><tfr rev_id="1545380" t=","><v><l id="0" t=","><g v="PNCT"></g></l></v></tfr></token><token id="713525" text="Лев"><tfr rev_id="4470062" t="Лев"><v><l id="147318" t="лев"><g v="NOUN"></g><g v="anim"></g><g v="masc"></g><g v="Name"></g><g v="sing"></g><g v="nomn"></g></l></v></tfr></token><token id="713526" text="Пономарёв"><tfr rev_id="3722505" t="Пономарёв"><v><l id="258506" t="пономарёв"><g v="NOUN"></g><g v="anim"></g><g v="masc"></g><g v="Sgtm"></g><g v="Surn"></g><g v="sing"></g><g v="nomn"></g></l></v></tfr></token><token id="713527" text="заявил"><tfr rev_id="1545383" t="заявил"><v><l id="114300" t="заявил"><g v="VERB"></g><g v="perf"></g><g v="tran"></g><g v="masc"></g><g v="sing"></g><g v="past"></g><g v="indc"></g></l></v></tfr></token><token id="713528" text=","><tfr rev_id="1545384" t=","><v><l id="0" t=","><g v="PNCT"></g></l></v></tfr></token><token id="713529" text="что"><tfr rev_id="3197890" t="что"><v><l id="377004" t="что"><g v="CONJ"></g></l></v><v><l id="377005" t="что"><g v="NPRO"></g><g v="neut"></g><g v="sing"></g><g v="nomn"></g></l></v><v><l id="377005" t="что"><g v="NPRO"></g><g v="neut"></g><g v="sing"></g><g v="accs"></g></l></v><v><l id="377006" t="что"><g v="ADVB"></g><g v="Ques"></g></l></v><v><l id="388695" t="что"><g v="PRCL"></g></l></v></tfr></token><token id="713530" text="благодаря"><tfr rev_id="3438823" t="благодаря"><v><l id="30404" t="благодаря"><g v="PREP"></g></l></v></tfr></token><token id="713531" text="этой"><tfr rev_id="4438052" t="этой"><v><l id="386581" t="этот"><g v="ADJF"></g><g v="Subx"></g><g v="Apro"></g><g v="Anph"></g><g v="femn"></g><g v="sing"></g><g v="datv"></g></l></v></tfr></token><token id="713532" text="фразе"><tfr rev_id="3555120" t="фразе"><v><l id="367878" t="фраза"><g v="NOUN"></g><g v="inan"></g><g v="femn"></g><g v="sing"></g><g v="datv"></g></l></v></tfr></token><token id="713533" text=","><tfr rev_id="1545389" t=","><v><l id="0" t=","><g v="PNCT"></g></l></v></tfr></token><token id="713534" text="полицейские"><tfr rev_id="4235236" t="полицейские"><v><l id="255964" t="полицейский"><g v="NOUN"></g><g v="anim"></g><g v="masc"></g><g v="plur"></g><g v="nomn"></g></l></v></tfr></token><token id="713535" text="«"><tfr rev_id="2447680" t="«"><v><l id="0" t="«"><g v="PNCT"></g></l></v></tfr></token><token id="713536" text="получают"><tfr rev_id="1545392" t="получают"><v><l id="256943" t="получаю"><g v="VERB"></g><g v="impf"></g><g v="tran"></g><g v="plur"></g><g v="3per"></g><g v="pres"></g><g v="indc"></g></l></v></tfr></token><token id="713537" text="дополнительные"><tfr rev_id="3765544" t="дополнительные"><v><l id="89300" t="дополнительный"><g v="ADJF"></g><g v="inan"></g><g v="plur"></g><g v="accs"></g></l></v></tfr></token><token id="713538" text="возможности"><tfr rev_id="3802315" t="возможности"><v><l id="49410" t="возможность"><g v="NOUN"></g><g v="inan"></g><g v="femn"></g><g v="plur"></g><g v="accs"></g></l></v></tfr></token><token id="713539" text="производить"><tfr rev_id="1545395" t="производить"><v><l id="280104" t="производить"><g v="INFN"></g><g v="impf"></g><g v="tran"></g></l></v></tfr></token><token id="713540" text="те"><tfr rev_id="3818920" t="те"><v><l id="348430" t="тот"><g v="ADJF"></g><g v="Subx"></g><g v="Apro"></g><g v="Anph"></g><g v="inan"></g><g v="plur"></g><g v="accs"></g></l></v></tfr></token><token id="713541" text="чудовищные"><tfr rev_id="3817076" t="чудовищные"><v><l id="377197" t="чудовищный"><g v="ADJF"></g><g v="Qual"></g><g v="inan"></g><g v="plur"></g><g v="accs"></g></l></v></tfr></token><token id="713542" text="безобразия"><tfr rev_id="3768606" t="безобразия"><v><l id="26165" t="безобразие"><g v="NOUN"></g><g v="inan"></g><g v="neut"></g><g v="plur"></g><g v="accs"></g></l></v></tfr></token><token id="713543" text=","><tfr rev_id="1545399" t=","><v><l id="0" t=","><g v="PNCT"></g></l></v></tfr></token><token id="713544" text="которые"><tfr rev_id="4075428" t="которые"><v><l id="141203" t="который"><g v="ADJF"></g><g v="Apro"></g><g v="Subx"></g><g v="Anph"></g><g v="inan"></g><g v="plur"></g><g v="accs"></g></l></v></tfr></token><token id="713545" text="они"><tfr rev_id="3599500" t="они"><v><l id="206619" t="они"><g v="NPRO"></g><g v="3per"></g><g v="Anph"></g><g v="plur"></g><g v="nomn"></g></l></v></tfr></token><token id="713546" text="временами"><tfr rev_id="4278309" t="временами"><v><l id="53131" t="временами"><g v="ADVB"></g></l></v></tfr></token><token id="713547" text="совершают"><tfr rev_id="1545403" t="совершают"><v><l id="327884" t="совершаю"><g v="VERB"></g><g v="impf"></g><g v="tran"></g><g v="plur"></g><g v="3per"></g><g v="pres"></g><g v="indc"></g></l></v></tfr></token><token id="713548" text="»"><tfr rev_id="2447681" t="»"><v><l id="0" t="»"><g v="PNCT"></g></l></v></tfr></token><token id="713549" text="."><tfr rev_id="1545405" t="."><v><l id="0" t="."><g v="PNCT"></g></l></v></tfr></token></tokens></sentence></paragraph></paragraphs></text>