<?xml version="1.0" encoding="utf-8"?><text id="1446" parent="226" name="06148 Парижская опера поедет в Сибирь"><tags><tag>url:http://www.chaskor.ru/news/parizhskaya_opera_poedet_v_sibir_6148</tag><tag>Год:2009</tag><tag>Дата:08/05</tag><tag>Тема:ЧасКор:Культура</tag><tag>Тема:ЧасКор:Культура/Музыкальный театр</tag></tags><paragraphs><paragraph id="12976"><sentence id="40304"><source>Парижская опера поедет в Сибирь</source><tokens><token id="717186" text="Парижская"><tfr rev_id="1549042" t="Парижская"><v><l id="224049" t="парижский"><g v="ADJF"></g><g v="femn"></g><g v="sing"></g><g v="nomn"></g></l></v></tfr></token><token id="717187" text="опера"><tfr rev_id="1549043" t="опера"><v><l id="206930" t="опера"><g v="NOUN"></g><g v="inan"></g><g v="femn"></g><g v="sing"></g><g v="nomn"></g></l></v></tfr></token><token id="717188" text="поедет"><tfr rev_id="1549044" t="поедет"><v><l id="252987" t="поехал"><g v="VERB"></g><g v="perf"></g><g v="intr"></g><g v="sing"></g><g v="3per"></g><g v="futr"></g><g v="indc"></g></l></v></tfr></token><token id="717189" text="в"><tfr rev_id="1549045" t="в"><v><l id="37409" t="в"><g v="PREP"></g></l></v></tfr></token><token id="717190" text="Сибирь"><tfr rev_id="1549046" t="Сибирь"><v><l id="319981" t="сибирь"><g v="NOUN"></g><g v="inan"></g><g v="femn"></g><g v="Sgtm"></g><g v="Geox"></g><g v="sing"></g><g v="nomn"></g></l></v><v><l id="319981" t="сибирь"><g v="NOUN"></g><g v="inan"></g><g v="femn"></g><g v="Sgtm"></g><g v="Geox"></g><g v="sing"></g><g v="accs"></g></l></v></tfr></token></tokens></sentence><sentence id="40305"><source>В рамках Года Франции, объявленного в России в 2010 году, Парижская опера выступит в Новосибирске.</source><tokens><token id="717191" text="В"><tfr rev_id="1549047" t="В"><v><l id="37409" t="в"><g v="PREP"></g></l></v></tfr></token><token id="717192" text="рамках"><tfr rev_id="1549048" t="рамках"><v><l id="297819" t="рамка"><g v="NOUN"></g><g v="inan"></g><g v="femn"></g><g v="plur"></g><g v="loct"></g></l></v></tfr></token><token id="717193" text="Года"><tfr rev_id="3431601" t="Года"><v><l id="72149" t="год"><g v="NOUN"></g><g v="inan"></g><g v="masc"></g><g v="sing"></g><g v="gen1"></g></l></v></tfr></token><token id="717194" text="Франции"><tfr rev_id="3457031" t="Франции"><v><l id="368071" t="франция"><g v="NOUN"></g><g v="inan"></g><g v="femn"></g><g v="Sgtm"></g><g v="Geox"></g><g v="sing"></g><g v="gent"></g></l></v></tfr></token><token id="717195" text=","><tfr rev_id="1549051" t=","><v><l id="0" t=","><g v="PNCT"></g></l></v></tfr></token><token id="717196" text="объявленного"><tfr rev_id="3443292" t="объявленного"><v><l id="201894" t="объявленный"><g v="PRTF"></g><g v="perf"></g><g v="tran"></g><g v="past"></g><g v="pssv"></g><g v="masc"></g><g v="sing"></g><g v="gent"></g></l></v><v><l id="201894" t="объявленный"><g v="PRTF"></g><g v="perf"></g><g v="tran"></g><g v="past"></g><g v="pssv"></g><g v="anim"></g><g v="masc"></g><g v="sing"></g><g v="accs"></g></l></v></tfr></token><token id="717197" text="в"><tfr rev_id="1549053" t="в"><v><l id="37409" t="в"><g v="PREP"></g></l></v></tfr></token><token id="717198" text="России"><tfr rev_id="2627832" t="России"><v><l id="309322" t="россия"><g v="NOUN"></g><g v="inan"></g><g v="femn"></g><g v="Sgtm"></g><g v="Geox"></g><g v="sing"></g><g v="loct"></g></l></v></tfr></token><token id="717199" text="в"><tfr rev_id="1549055" t="в"><v><l id="37409" t="в"><g v="PREP"></g></l></v></tfr></token><token id="717200" text="2010"><tfr rev_id="2463130" t="2010"><v><l id="0" t="2010"><g v="NUMB"></g></l></v></tfr></token><token id="717201" text="году"><tfr rev_id="2964713" t="году"><v><l id="72149" t="год"><g v="NOUN"></g><g v="inan"></g><g v="masc"></g><g v="sing"></g><g v="loc2"></g></l></v></tfr></token><token id="717202" text=","><tfr rev_id="1549058" t=","><v><l id="0" t=","><g v="PNCT"></g></l></v></tfr></token><token id="717203" text="Парижская"><tfr rev_id="1549059" t="Парижская"><v><l id="224049" t="парижский"><g v="ADJF"></g><g v="femn"></g><g v="sing"></g><g v="nomn"></g></l></v></tfr></token><token id="717204" text="опера"><tfr rev_id="1549060" t="опера"><v><l id="206930" t="опера"><g v="NOUN"></g><g v="inan"></g><g v="femn"></g><g v="sing"></g><g v="nomn"></g></l></v></tfr></token><token id="717205" text="выступит"><tfr rev_id="1549061" t="выступит"><v><l id="62885" t="выступил"><g v="VERB"></g><g v="perf"></g><g v="intr"></g><g v="sing"></g><g v="3per"></g><g v="futr"></g><g v="indc"></g></l></v></tfr></token><token id="717206" text="в"><tfr rev_id="1549062" t="в"><v><l id="37409" t="в"><g v="PREP"></g></l></v></tfr></token><token id="717207" text="Новосибирске"><tfr rev_id="1549063" t="Новосибирске"><v><l id="191818" t="новосибирск"><g v="NOUN"></g><g v="inan"></g><g v="masc"></g><g v="Geox"></g><g v="sing"></g><g v="loct"></g></l></v></tfr></token><token id="717208" text="."><tfr rev_id="1549064" t="."><v><l id="0" t="."><g v="PNCT"></g></l></v></tfr></token></tokens></sentence></paragraph><paragraph id="12977"><sentence id="40306"><source>Инициатором гастролей стал гендиректор Большого театра Анатолий Иксанов.</source><tokens><token id="717209" text="Инициатором"><tfr rev_id="1549065" t="Инициатором"><v><l id="122501" t="инициатор"><g v="NOUN"></g><g v="anim"></g><g v="masc"></g><g v="sing"></g><g v="ablt"></g></l></v></tfr></token><token id="717210" text="гастролей"><tfr rev_id="1549066" t="гастролей"><v><l id="67697" t="гастроль"><g v="NOUN"></g><g v="inan"></g><g v="femn"></g><g v="plur"></g><g v="gent"></g></l></v></tfr></token><token id="717211" text="стал"><tfr rev_id="1549067" t="стал"><v><l id="335164" t="стал"><g v="VERB"></g><g v="perf"></g><g v="intr"></g><g v="masc"></g><g v="sing"></g><g v="past"></g><g v="indc"></g></l></v></tfr></token><token id="717212" text="гендиректор"><tfr rev_id="1549068" t="гендиректор"><v><l id="68472" t="гендиректор"><g v="NOUN"></g><g v="anim"></g><g v="masc"></g><g v="sing"></g><g v="nomn"></g></l></v></tfr></token><token id="717213" text="Большого"><tfr rev_id="3539128" t="Большого"><v><l id="32445" t="большой"><g v="ADJF"></g><g v="Qual"></g><g v="masc"></g><g v="sing"></g><g v="gent"></g></l></v><v><l id="32445" t="большой"><g v="ADJF"></g><g v="Qual"></g><g v="anim"></g><g v="masc"></g><g v="sing"></g><g v="accs"></g></l></v></tfr></token><token id="717214" text="театра"><tfr rev_id="1549070" t="театра"><v><l id="343862" t="театр"><g v="NOUN"></g><g v="inan"></g><g v="masc"></g><g v="sing"></g><g v="gent"></g></l></v></tfr></token><token id="717215" text="Анатолий"><tfr rev_id="3495188" t="Анатолий"><v><l id="12451" t="анатолий"><g v="NOUN"></g><g v="anim"></g><g v="masc"></g><g v="Name"></g><g v="sing"></g><g v="nomn"></g></l></v></tfr></token><token id="717216" text="Иксанов"><tfr rev_id="1549072" t="Иксанов"><v><l id="0" t="иксанов"><g v="UNKN"></g></l></v></tfr></token><token id="717217" text="."><tfr rev_id="1549073" t="."><v><l id="0" t="."><g v="PNCT"></g></l></v></tfr></token></tokens></sentence></paragraph><paragraph id="12978"><sentence id="40307"><source>«Поскольку Год Франции в России — это не только Москва, я предложил Парижской опере выступить в Новосибирске.</source><tokens><token id="717218" text="«"><tfr rev_id="2447812" t="«"><v><l id="0" t="«"><g v="PNCT"></g></l></v></tfr></token><token id="717219" text="Поскольку"><tfr rev_id="1549075" t="Поскольку"><v><l id="261429" t="поскольку"><g v="CONJ"></g></l></v></tfr></token><token id="717220" text="Год"><tfr rev_id="3547574" t="Год"><v><l id="72149" t="год"><g v="NOUN"></g><g v="inan"></g><g v="masc"></g><g v="sing"></g><g v="nomn"></g></l></v></tfr></token><token id="717221" text="Франции"><tfr rev_id="3456989" t="Франции"><v><l id="368071" t="франция"><g v="NOUN"></g><g v="inan"></g><g v="femn"></g><g v="Sgtm"></g><g v="Geox"></g><g v="sing"></g><g v="gent"></g></l></v></tfr></token><token id="717222" text="в"><tfr rev_id="1549078" t="в"><v><l id="37409" t="в"><g v="PREP"></g></l></v></tfr></token><token id="717223" text="России"><tfr rev_id="3455046" t="России"><v><l id="309322" t="россия"><g v="NOUN"></g><g v="inan"></g><g v="femn"></g><g v="Sgtm"></g><g v="Geox"></g><g v="sing"></g><g v="loct"></g></l></v></tfr></token><token id="717224" text="—"><tfr rev_id="2447813" t="—"><v><l id="0" t="—"><g v="PNCT"></g></l></v></tfr></token><token id="717225" text="это"><tfr rev_id="4441925" t="это"><v><l id="386574" t="это"><g v="PRCL"></g></l></v><v><l id="386575" t="это"><g v="NPRO"></g><g v="neut"></g><g v="sing"></g><g v="nomn"></g></l></v><v><l id="386575" t="это"><g v="NPRO"></g><g v="neut"></g><g v="sing"></g><g v="accs"></g></l></v><v><l id="386581" t="этот"><g v="ADJF"></g><g v="Subx"></g><g v="Apro"></g><g v="Anph"></g><g v="neut"></g><g v="sing"></g><g v="nomn"></g></l></v><v><l id="386581" t="этот"><g v="ADJF"></g><g v="Subx"></g><g v="Apro"></g><g v="Anph"></g><g v="neut"></g><g v="sing"></g><g v="accs"></g></l></v></tfr></token><token id="717226" text="не"><tfr rev_id="1549082" t="не"><v><l id="178876" t="не"><g v="PRCL"></g></l></v></tfr></token><token id="717227" text="только"><tfr rev_id="3784242" t="только"><v><l id="347395" t="только"><g v="CONJ"></g></l></v><v><l id="347396" t="только"><g v="PRCL"></g></l></v><v><l id="390053" t="только"><g v="ADVB"></g></l></v></tfr></token><token id="717228" text="Москва"><tfr rev_id="1549084" t="Москва"><v><l id="163901" t="москва"><g v="NOUN"></g><g v="inan"></g><g v="femn"></g><g v="Sgtm"></g><g v="Geox"></g><g v="sing"></g><g v="nomn"></g></l></v></tfr></token><token id="717229" text=","><tfr rev_id="1549085" t=","><v><l id="0" t=","><g v="PNCT"></g></l></v></tfr></token><token id="717230" text="я"><tfr rev_id="1549086" t="я"><v><l id="387317" t="я"><g v="NPRO"></g><g v="1per"></g><g v="sing"></g><g v="nomn"></g></l></v></tfr></token><token id="717231" text="предложил"><tfr rev_id="1549087" t="предложил"><v><l id="266540" t="предложил"><g v="VERB"></g><g v="perf"></g><g v="tran"></g><g v="masc"></g><g v="sing"></g><g v="past"></g><g v="indc"></g></l></v></tfr></token><token id="717232" text="Парижской"><tfr rev_id="3861934" t="Парижской"><v><l id="224049" t="парижский"><g v="ADJF"></g><g v="femn"></g><g v="sing"></g><g v="datv"></g></l></v></tfr></token><token id="717233" text="опере"><tfr rev_id="2605848" t="опере"><v><l id="206930" t="опера"><g v="NOUN"></g><g v="inan"></g><g v="femn"></g><g v="sing"></g><g v="datv"></g></l></v></tfr></token><token id="717234" text="выступить"><tfr rev_id="1549090" t="выступить"><v><l id="62886" t="выступить"><g v="INFN"></g><g v="perf"></g><g v="intr"></g></l></v></tfr></token><token id="717235" text="в"><tfr rev_id="1549091" t="в"><v><l id="37409" t="в"><g v="PREP"></g></l></v></tfr></token><token id="717236" text="Новосибирске"><tfr rev_id="1549092" t="Новосибирске"><v><l id="191818" t="новосибирск"><g v="NOUN"></g><g v="inan"></g><g v="masc"></g><g v="Geox"></g><g v="sing"></g><g v="loct"></g></l></v></tfr></token><token id="717237" text="."><tfr rev_id="1549093" t="."><v><l id="0" t="."><g v="PNCT"></g></l></v></tfr></token></tokens></sentence><sentence id="40308"><source>На днях вместе с представителями Парижской оперы я отправлюсь в Новосибирск, чтобы посмотреть сцену»,</source><tokens><token id="717238" text="На"><tfr rev_id="3330419" t="На"><v><l id="166264" t="на"><g v="PREP"></g></l></v></tfr></token><token id="717239" text="днях"><tfr rev_id="1549095" t="днях"><v><l id="81427" t="день"><g v="NOUN"></g><g v="inan"></g><g v="masc"></g><g v="plur"></g><g v="loct"></g></l></v></tfr></token><token id="717240" text="вместе"><tfr rev_id="1549096" t="вместе"><v><l id="47122" t="вместе"><g v="ADVB"></g></l></v></tfr></token><token id="717241" text="с"><tfr rev_id="1549097" t="с"><v><l id="311151" t="с"><g v="PREP"></g></l></v></tfr></token><token id="717242" text="представителями"><tfr rev_id="1549098" t="представителями"><v><l id="267083" t="представитель"><g v="NOUN"></g><g v="anim"></g><g v="masc"></g><g v="plur"></g><g v="ablt"></g></l></v></tfr></token><token id="717243" text="Парижской"><tfr rev_id="4343394" t="Парижской"><v><l id="224049" t="парижский"><g v="ADJF"></g><g v="femn"></g><g v="sing"></g><g v="gent"></g></l></v></tfr></token><token id="717244" text="оперы"><tfr rev_id="3473369" t="оперы"><v><l id="206930" t="опера"><g v="NOUN"></g><g v="inan"></g><g v="femn"></g><g v="sing"></g><g v="gent"></g></l></v></tfr></token><token id="717245" text="я"><tfr rev_id="1549101" t="я"><v><l id="387317" t="я"><g v="NPRO"></g><g v="1per"></g><g v="sing"></g><g v="nomn"></g></l></v></tfr></token><token id="717246" text="отправлюсь"><tfr rev_id="1549102" t="отправлюсь"><v><l id="216944" t="отправился"><g v="VERB"></g><g v="perf"></g><g v="intr"></g><g v="sing"></g><g v="1per"></g><g v="futr"></g><g v="indc"></g></l></v></tfr></token><token id="717247" text="в"><tfr rev_id="1549103" t="в"><v><l id="37409" t="в"><g v="PREP"></g></l></v></tfr></token><token id="717248" text="Новосибирск"><tfr rev_id="4359963" t="Новосибирск"><v><l id="191818" t="новосибирск"><g v="NOUN"></g><g v="inan"></g><g v="masc"></g><g v="Geox"></g><g v="sing"></g><g v="accs"></g></l></v></tfr></token><token id="717249" text=","><tfr rev_id="1549105" t=","><v><l id="0" t=","><g v="PNCT"></g></l></v></tfr></token><token id="717250" text="чтобы"><tfr rev_id="1549106" t="чтобы"><v><l id="377013" t="чтобы"><g v="CONJ"></g></l></v><v><l id="377014" t="чтобы"><g v="PRCL"></g></l></v></tfr></token><token id="717251" text="посмотреть"><tfr rev_id="1549107" t="посмотреть"><v><l id="261791" t="посмотреть"><g v="INFN"></g><g v="perf"></g><g v="tran"></g></l></v></tfr></token><token id="717252" text="сцену"><tfr rev_id="1549108" t="сцену"><v><l id="341041" t="сцена"><g v="NOUN"></g><g v="inan"></g><g v="femn"></g><g v="sing"></g><g v="accs"></g></l></v></tfr></token><token id="717253" text="»"><tfr rev_id="2447814" t="»"><v><l id="0" t="»"><g v="PNCT"></g></l></v></tfr></token><token id="717254" text=","><tfr rev_id="1549110" t=","><v><l id="0" t=","><g v="PNCT"></g></l></v></tfr></token></tokens></sentence><sentence id="40309"><source>— пояснил он.</source><tokens><token id="717255" text="—"><tfr rev_id="2447815" t="—"><v><l id="0" t="—"><g v="PNCT"></g></l></v></tfr></token><token id="717256" text="пояснил"><tfr rev_id="1549112" t="пояснил"><v><l id="265535" t="пояснил"><g v="VERB"></g><g v="perf"></g><g v="tran"></g><g v="masc"></g><g v="sing"></g><g v="past"></g><g v="indc"></g></l></v></tfr></token><token id="717257" text="он"><tfr rev_id="3575906" t="он"><v><l id="206541" t="он"><g v="NPRO"></g><g v="masc"></g><g v="3per"></g><g v="Anph"></g><g v="sing"></g><g v="nomn"></g></l></v></tfr></token><token id="717258" text="."><tfr rev_id="1549114" t="."><v><l id="0" t="."><g v="PNCT"></g></l></v></tfr></token></tokens></sentence></paragraph><paragraph id="12979"><sentence id="40310"><source>Парижская опера покажет балет «Пахита».</source><tokens><token id="717259" text="Парижская"><tfr rev_id="1549115" t="Парижская"><v><l id="224049" t="парижский"><g v="ADJF"></g><g v="femn"></g><g v="sing"></g><g v="nomn"></g></l></v></tfr></token><token id="717260" text="опера"><tfr rev_id="1549116" t="опера"><v><l id="206930" t="опера"><g v="NOUN"></g><g v="inan"></g><g v="femn"></g><g v="sing"></g><g v="nomn"></g></l></v></tfr></token><token id="717261" text="покажет"><tfr rev_id="1549117" t="покажет"><v><l id="253982" t="показал"><g v="VERB"></g><g v="perf"></g><g v="tran"></g><g v="sing"></g><g v="3per"></g><g v="futr"></g><g v="indc"></g></l></v></tfr></token><token id="717262" text="балет"><tfr rev_id="1549118" t="балет"><v><l id="23093" t="балет"><g v="NOUN"></g><g v="inan"></g><g v="masc"></g><g v="sing"></g><g v="nomn"></g></l></v><v><l id="23093" t="балет"><g v="NOUN"></g><g v="inan"></g><g v="masc"></g><g v="sing"></g><g v="accs"></g></l></v></tfr></token><token id="717263" text="«"><tfr rev_id="2447816" t="«"><v><l id="0" t="«"><g v="PNCT"></g></l></v></tfr></token><token id="717264" text="Пахита"><tfr rev_id="4508385" t="Пахита"><v><l id="0" t="Пахита"><g v="UNKN"></g></l></v></tfr></token><token id="717265" text="»"><tfr rev_id="2447817" t="»"><v><l id="0" t="»"><g v="PNCT"></g></l></v></tfr></token><token id="717266" text="."><tfr rev_id="1549122" t="."><v><l id="0" t="."><g v="PNCT"></g></l></v></tfr></token></tokens></sentence></paragraph><paragraph id="12980"><sentence id="40311"><source>Иксанов также рассказал, что в рамках Года Франции Большой театр заказал французскому композитору, имя которого пока не называют, музыку для новой оперы «Вишневый сад».</source><tokens><token id="717267" text="Иксанов"><tfr rev_id="1549123" t="Иксанов"><v><l id="0" t="иксанов"><g v="UNKN"></g></l></v></tfr></token><token id="717268" text="также"><tfr rev_id="4267881" t="также"><v><l id="342482" t="также"><g v="PRCL"></g></l></v></tfr></token><token id="717269" text="рассказал"><tfr rev_id="1549125" t="рассказал"><v><l id="300965" t="рассказал"><g v="VERB"></g><g v="perf"></g><g v="tran"></g><g v="masc"></g><g v="sing"></g><g v="past"></g><g v="indc"></g></l></v></tfr></token><token id="717270" text=","><tfr rev_id="1549126" t=","><v><l id="0" t=","><g v="PNCT"></g></l></v></tfr></token><token id="717271" text="что"><tfr rev_id="3197920" t="что"><v><l id="377004" t="что"><g v="CONJ"></g></l></v><v><l id="377005" t="что"><g v="NPRO"></g><g v="neut"></g><g v="sing"></g><g v="nomn"></g></l></v><v><l id="377005" t="что"><g v="NPRO"></g><g v="neut"></g><g v="sing"></g><g v="accs"></g></l></v><v><l id="377006" t="что"><g v="ADVB"></g><g v="Ques"></g></l></v><v><l id="388695" t="что"><g v="PRCL"></g></l></v></tfr></token><token id="717272" text="в"><tfr rev_id="1549128" t="в"><v><l id="37409" t="в"><g v="PREP"></g></l></v></tfr></token><token id="717273" text="рамках"><tfr rev_id="1549129" t="рамках"><v><l id="297819" t="рамка"><g v="NOUN"></g><g v="inan"></g><g v="femn"></g><g v="plur"></g><g v="loct"></g></l></v></tfr></token><token id="717274" text="Года"><tfr rev_id="3480517" t="Года"><v><l id="72149" t="год"><g v="NOUN"></g><g v="inan"></g><g v="masc"></g><g v="sing"></g><g v="gen1"></g></l></v></tfr></token><token id="717275" text="Франции"><tfr rev_id="2934939" t="Франции"><v><l id="368071" t="франция"><g v="NOUN"></g><g v="inan"></g><g v="femn"></g><g v="Sgtm"></g><g v="Geox"></g><g v="sing"></g><g v="gent"></g></l></v></tfr></token><token id="717276" text="Большой"><tfr rev_id="2635765" t="Большой"><v><l id="32445" t="большой"><g v="ADJF"></g><g v="Qual"></g><g v="masc"></g><g v="sing"></g><g v="nomn"></g></l></v><v><l id="32445" t="большой"><g v="ADJF"></g><g v="Qual"></g><g v="inan"></g><g v="masc"></g><g v="sing"></g><g v="accs"></g></l></v></tfr></token><token id="717277" text="театр"><tfr rev_id="1549133" t="театр"><v><l id="343862" t="театр"><g v="NOUN"></g><g v="inan"></g><g v="masc"></g><g v="sing"></g><g v="nomn"></g></l></v><v><l id="343862" t="театр"><g v="NOUN"></g><g v="inan"></g><g v="masc"></g><g v="sing"></g><g v="accs"></g></l></v></tfr></token><token id="717278" text="заказал"><tfr rev_id="1549134" t="заказал"><v><l id="102883" t="заказал"><g v="VERB"></g><g v="perf"></g><g v="tran"></g><g v="masc"></g><g v="sing"></g><g v="past"></g><g v="indc"></g></l></v></tfr></token><token id="717279" text="французскому"><tfr rev_id="3481897" t="французскому"><v><l id="368078" t="французский"><g v="ADJF"></g><g v="masc"></g><g v="sing"></g><g v="datv"></g></l></v></tfr></token><token id="717280" text="композитору"><tfr rev_id="1549136" t="композитору"><v><l id="137299" t="композитор"><g v="NOUN"></g><g v="anim"></g><g v="masc"></g><g v="sing"></g><g v="datv"></g></l></v></tfr></token><token id="717281" text=","><tfr rev_id="1549137" t=","><v><l id="0" t=","><g v="PNCT"></g></l></v></tfr></token><token id="717282" text="имя"><tfr rev_id="1549138" t="имя"><v><l id="121947" t="имя"><g v="NOUN"></g><g v="inan"></g><g v="neut"></g><g v="sing"></g><g v="nomn"></g></l></v><v><l id="121947" t="имя"><g v="NOUN"></g><g v="inan"></g><g v="neut"></g><g v="sing"></g><g v="accs"></g></l></v></tfr></token><token id="717283" text="которого"><tfr rev_id="4076688" t="которого"><v><l id="141203" t="который"><g v="ADJF"></g><g v="Apro"></g><g v="Subx"></g><g v="Anph"></g><g v="masc"></g><g v="sing"></g><g v="gent"></g></l></v><v><l id="141203" t="который"><g v="ADJF"></g><g v="Apro"></g><g v="Subx"></g><g v="Anph"></g><g v="anim"></g><g v="masc"></g><g v="sing"></g><g v="accs"></g></l></v></tfr></token><token id="717284" text="пока"><tfr rev_id="4485624" t="пока"><v><l id="253968" t="пока"><g v="ADVB"></g></l></v></tfr></token><token id="717285" text="не"><tfr rev_id="1549141" t="не"><v><l id="178876" t="не"><g v="PRCL"></g></l></v></tfr></token><token id="717286" text="называют"><tfr rev_id="1549142" t="называют"><v><l id="170473" t="называю"><g v="VERB"></g><g v="impf"></g><g v="tran"></g><g v="plur"></g><g v="3per"></g><g v="pres"></g><g v="indc"></g></l></v></tfr></token><token id="717287" text=","><tfr rev_id="1549143" t=","><v><l id="0" t=","><g v="PNCT"></g></l></v></tfr></token><token id="717288" text="музыку"><tfr rev_id="1549144" t="музыку"><v><l id="164802" t="музыка"><g v="NOUN"></g><g v="inan"></g><g v="femn"></g><g v="sing"></g><g v="accs"></g></l></v></tfr></token><token id="717289" text="для"><tfr rev_id="3458932" t="для"><v><l id="85032" t="для"><g v="PREP"></g></l></v></tfr></token><token id="717290" text="новой"><tfr rev_id="3554117" t="новой"><v><l id="191918" t="новый"><g v="ADJF"></g><g v="Qual"></g><g v="femn"></g><g v="sing"></g><g v="gent"></g></l></v></tfr></token><token id="717291" text="оперы"><tfr rev_id="2963853" t="оперы"><v><l id="206930" t="опера"><g v="NOUN"></g><g v="inan"></g><g v="femn"></g><g v="sing"></g><g v="gent"></g></l></v></tfr></token><token id="717292" text="«"><tfr rev_id="2447818" t="«"><v><l id="0" t="«"><g v="PNCT"></g></l></v></tfr></token><token id="717293" text="Вишневый"><tfr rev_id="1549149" t="Вишневый"><v><l id="45945" t="вишнёвый"><g v="ADJF"></g><g v="Qual"></g><g v="masc"></g><g v="sing"></g><g v="nomn"></g></l></v><v><l id="45945" t="вишнёвый"><g v="ADJF"></g><g v="Qual"></g><g v="inan"></g><g v="masc"></g><g v="sing"></g><g v="accs"></g></l></v></tfr></token><token id="717294" text="сад"><tfr rev_id="1549150" t="сад"><v><l id="311391" t="сад"><g v="NOUN"></g><g v="inan"></g><g v="masc"></g><g v="sing"></g><g v="nomn"></g></l></v><v><l id="311391" t="сад"><g v="NOUN"></g><g v="inan"></g><g v="masc"></g><g v="sing"></g><g v="accs"></g></l></v></tfr></token><token id="717295" text="»"><tfr rev_id="2447819" t="»"><v><l id="0" t="»"><g v="PNCT"></g></l></v></tfr></token><token id="717296" text="."><tfr rev_id="1549152" t="."><v><l id="0" t="."><g v="PNCT"></g></l></v></tfr></token></tokens></sentence><sentence id="40312"><source>А также в Большом поставит оперу Анатолий Васильев, ныне проживающий во Франции, так как считает, что из России его выжили.</source><tokens><token id="717297" text="А"><tfr rev_id="1549153" t="А"><v><l id="51" t="а"><g v="CONJ"></g></l></v><v><l id="52" t="а"><g v="INTJ"></g></l></v><v><l id="53" t="а"><g v="PRCL"></g></l></v></tfr></token><token id="717298" text="также"><tfr rev_id="4267882" t="также"><v><l id="342482" t="также"><g v="PRCL"></g></l></v></tfr></token><token id="717299" text="в"><tfr rev_id="1549155" t="в"><v><l id="37409" t="в"><g v="PREP"></g></l></v></tfr></token><token id="717300" text="Большом"><tfr rev_id="3454260" t="Большом"><v><l id="32445" t="большой"><g v="ADJF"></g><g v="Qual"></g><g v="masc"></g><g v="sing"></g><g v="loct"></g></l></v></tfr></token><token id="717301" text="поставит"><tfr rev_id="1549157" t="поставит"><v><l id="262088" t="поставил"><g v="VERB"></g><g v="perf"></g><g v="tran"></g><g v="sing"></g><g v="3per"></g><g v="futr"></g><g v="indc"></g></l></v></tfr></token><token id="717302" text="оперу"><tfr rev_id="1549158" t="оперу"><v><l id="206930" t="опера"><g v="NOUN"></g><g v="inan"></g><g v="femn"></g><g v="sing"></g><g v="accs"></g></l></v></tfr></token><token id="717303" text="Анатолий"><tfr rev_id="3446802" t="Анатолий"><v><l id="12451" t="анатолий"><g v="NOUN"></g><g v="anim"></g><g v="masc"></g><g v="Name"></g><g v="sing"></g><g v="nomn"></g></l></v></tfr></token><token id="717304" text="Васильев"><tfr rev_id="1549160" t="Васильев"><v><l id="39047" t="васильев"><g v="NOUN"></g><g v="anim"></g><g v="masc"></g><g v="Sgtm"></g><g v="Surn"></g><g v="sing"></g><g v="nomn"></g></l></v></tfr></token><token id="717305" text=","><tfr rev_id="1549161" t=","><v><l id="0" t=","><g v="PNCT"></g></l></v></tfr></token><token id="717306" text="ныне"><tfr rev_id="1549162" t="ныне"><v><l id="192792" t="ныне"><g v="ADVB"></g></l></v></tfr></token><token id="717307" text="проживающий"><tfr rev_id="1549163" t="проживающий"><v><l id="279720" t="проживающий"><g v="PRTF"></g><g v="impf"></g><g v="tran"></g><g v="pres"></g><g v="actv"></g><g v="masc"></g><g v="sing"></g><g v="nomn"></g></l></v><v><l id="279720" t="проживающий"><g v="PRTF"></g><g v="impf"></g><g v="tran"></g><g v="pres"></g><g v="actv"></g><g v="inan"></g><g v="masc"></g><g v="sing"></g><g v="accs"></g></l></v><v><l id="279727" t="проживающий"><g v="PRTF"></g><g v="impf"></g><g v="intr"></g><g v="pres"></g><g v="actv"></g><g v="masc"></g><g v="sing"></g><g v="nomn"></g></l></v><v><l id="279727" t="проживающий"><g v="PRTF"></g><g v="impf"></g><g v="intr"></g><g v="pres"></g><g v="actv"></g><g v="inan"></g><g v="masc"></g><g v="sing"></g><g v="accs"></g></l></v></tfr></token><token id="717308" text="во"><tfr rev_id="2920363" t="во"><v><l id="37409" t="в"><g v="PREP"></g><g v="Vpre"></g></l></v></tfr></token><token id="717309" text="Франции"><tfr rev_id="4082841" t="Франции"><v><l id="368071" t="франция"><g v="NOUN"></g><g v="inan"></g><g v="femn"></g><g v="Sgtm"></g><g v="Geox"></g><g v="sing"></g><g v="loct"></g></l></v></tfr></token><token id="717310" text=","><tfr rev_id="1549166" t=","><v><l id="0" t=","><g v="PNCT"></g></l></v></tfr></token><token id="717311" text="так"><tfr rev_id="1549167" t="так"><v><l id="342451" t="так"><g v="CONJ"></g></l></v><v><l id="342452" t="так"><g v="PRCL"></g></l></v><v><l id="342453" t="так"><g v="ADVB"></g><g v="Dmns"></g></l></v></tfr></token><token id="717312" text="как"><tfr rev_id="1549168" t="как"><v><l id="128190" t="как"><g v="CONJ"></g></l></v><v><l id="128191" t="как"><g v="PRCL"></g></l></v><v><l id="128192" t="как"><g v="ADVB"></g><g v="Ques"></g></l></v></tfr></token><token id="717313" text="считает"><tfr rev_id="1549169" t="считает"><v><l id="341320" t="считаю"><g v="VERB"></g><g v="impf"></g><g v="tran"></g><g v="sing"></g><g v="3per"></g><g v="pres"></g><g v="indc"></g></l></v><v><l id="341329" t="считал"><g v="VERB"></g><g v="perf"></g><g v="tran"></g><g v="sing"></g><g v="3per"></g><g v="futr"></g><g v="indc"></g></l></v></tfr></token><token id="717314" text=","><tfr rev_id="1549170" t=","><v><l id="0" t=","><g v="PNCT"></g></l></v></tfr></token><token id="717315" text="что"><tfr rev_id="3197921" t="что"><v><l id="377004" t="что"><g v="CONJ"></g></l></v><v><l id="377005" t="что"><g v="NPRO"></g><g v="neut"></g><g v="sing"></g><g v="nomn"></g></l></v><v><l id="377005" t="что"><g v="NPRO"></g><g v="neut"></g><g v="sing"></g><g v="accs"></g></l></v><v><l id="377006" t="что"><g v="ADVB"></g><g v="Ques"></g></l></v><v><l id="388695" t="что"><g v="PRCL"></g></l></v></tfr></token><token id="717316" text="из"><tfr rev_id="2603301" t="из"><v><l id="117677" t="из"><g v="PREP"></g></l></v></tfr></token><token id="717317" text="России"><tfr rev_id="2782083" t="России"><v><l id="309322" t="россия"><g v="NOUN"></g><g v="inan"></g><g v="femn"></g><g v="Sgtm"></g><g v="Geox"></g><g v="sing"></g><g v="gent"></g></l></v></tfr></token><token id="717318" text="его"><tfr rev_id="4531853" t="его"><v><l id="206541" t="он"><g v="NPRO"></g><g v="masc"></g><g v="3per"></g><g v="Anph"></g><g v="sing"></g><g v="gent"></g></l></v><v><l id="206541" t="он"><g v="NPRO"></g><g v="masc"></g><g v="3per"></g><g v="Anph"></g><g v="sing"></g><g v="accs"></g></l></v><v><l id="206649" t="оно"><g v="NPRO"></g><g v="neut"></g><g v="3per"></g><g v="Anph"></g><g v="sing"></g><g v="gent"></g></l></v><v><l id="206649" t="оно"><g v="NPRO"></g><g v="neut"></g><g v="3per"></g><g v="Anph"></g><g v="sing"></g><g v="accs"></g></l></v></tfr></token><token id="717319" text="выжили"><tfr rev_id="1549175" t="выжили"><v><l id="57492" t="выжил"><g v="VERB"></g><g v="perf"></g><g v="tran"></g><g v="plur"></g><g v="past"></g><g v="indc"></g></l></v><v><l id="57498" t="выжил"><g v="VERB"></g><g v="perf"></g><g v="intr"></g><g v="plur"></g><g v="past"></g><g v="indc"></g></l></v></tfr></token><token id="717320" text="."><tfr rev_id="1549176" t="."><v><l id="0" t="."><g v="PNCT"></g></l></v></tfr></token></tokens></sentence></paragraph><paragraph id="12981"><sentence id="40313"><source>Балетная труппа Большого 30 мая отметит 100-летие «Русских сезонов» Дягилева в Париже.</source><tokens><token id="717321" text="Балетная"><tfr rev_id="1549177" t="Балетная"><v><l id="23098" t="балетный"><g v="ADJF"></g><g v="Qual"></g><g v="femn"></g><g v="sing"></g><g v="nomn"></g></l></v></tfr></token><token id="717322" text="труппа"><tfr rev_id="1549178" t="труппа"><v><l id="350939" t="труппа"><g v="NOUN"></g><g v="inan"></g><g v="femn"></g><g v="sing"></g><g v="nomn"></g></l></v></tfr></token><token id="717323" text="Большого"><tfr rev_id="4415128" t="Большого"><v><l id="32445" t="большой"><g v="ADJF"></g><g v="Qual"></g><g v="masc"></g><g v="sing"></g><g v="gent"></g></l></v></tfr></token><token id="717324" text="30"><tfr rev_id="2463131" t="30"><v><l id="0" t="30"><g v="NUMB"></g></l></v></tfr></token><token id="717325" text="мая"><tfr rev_id="4175895" t="мая"><v><l id="153142" t="май"><g v="NOUN"></g><g v="inan"></g><g v="masc"></g><g v="Sgtm"></g><g v="sing"></g><g v="gent"></g></l></v></tfr></token><token id="717326" text="отметит"><tfr rev_id="1549182" t="отметит"><v><l id="215584" t="отметил"><g v="VERB"></g><g v="perf"></g><g v="tran"></g><g v="sing"></g><g v="3per"></g><g v="futr"></g><g v="indc"></g></l></v></tfr></token><token id="717327" text="100-летие"><tfr rev_id="1549183" t="100-летие"><v><l id="0" t="100-летие"><g v="UNKN"></g></l></v></tfr></token><token id="717328" text="«"><tfr rev_id="2447820" t="«"><v><l id="0" t="«"><g v="PNCT"></g></l></v></tfr></token><token id="717329" text="Русских"><tfr rev_id="4416799" t="Русских"><v><l id="310321" t="русский"><g v="ADJF"></g><g v="Subx"></g><g v="plur"></g><g v="gent"></g></l></v></tfr></token><token id="717330" text="сезонов"><tfr rev_id="1549186" t="сезонов"><v><l id="317857" t="сезон"><g v="NOUN"></g><g v="inan"></g><g v="masc"></g><g v="plur"></g><g v="gent"></g></l></v></tfr></token><token id="717331" text="»"><tfr rev_id="2447821" t="»"><v><l id="0" t="»"><g v="PNCT"></g></l></v></tfr></token><token id="717332" text="Дягилева"><tfr rev_id="3948435" t="Дягилева"><v><l id="93785" t="дягилев"><g v="NOUN"></g><g v="anim"></g><g v="masc"></g><g v="Sgtm"></g><g v="Surn"></g><g v="sing"></g><g v="gent"></g></l></v><v><l id="93785" t="дягилев"><g v="NOUN"></g><g v="anim"></g><g v="masc"></g><g v="Sgtm"></g><g v="Surn"></g><g v="sing"></g><g v="accs"></g></l></v></tfr></token><token id="717333" text="в"><tfr rev_id="1549189" t="в"><v><l id="37409" t="в"><g v="PREP"></g></l></v></tfr></token><token id="717334" text="Париже"><tfr rev_id="1549190" t="Париже"><v><l id="224045" t="париж"><g v="NOUN"></g><g v="inan"></g><g v="masc"></g><g v="Sgtm"></g><g v="Geox"></g><g v="sing"></g><g v="loct"></g></l></v></tfr></token><token id="717335" text="."><tfr rev_id="1549191" t="."><v><l id="0" t="."><g v="PNCT"></g></l></v></tfr></token></tokens></sentence><sentence id="40314"><source>На юбилейном вечере выступят артисты Большого и Парижской оперы.</source><tokens><token id="717336" text="На"><tfr rev_id="3343524" t="На"><v><l id="166264" t="на"><g v="PREP"></g></l></v></tfr></token><token id="717337" text="юбилейном"><tfr rev_id="3673758" t="юбилейном"><v><l id="386750" t="юбилейный"><g v="ADJF"></g><g v="Qual"></g><g v="masc"></g><g v="sing"></g><g v="loct"></g></l></v></tfr></token><token id="717338" text="вечере"><tfr rev_id="4293105" t="вечере"><v><l id="42379" t="вечер"><g v="NOUN"></g><g v="inan"></g><g v="masc"></g><g v="sing"></g><g v="loct"></g></l></v></tfr></token><token id="717339" text="выступят"><tfr rev_id="1549195" t="выступят"><v><l id="62885" t="выступил"><g v="VERB"></g><g v="perf"></g><g v="intr"></g><g v="plur"></g><g v="3per"></g><g v="futr"></g><g v="indc"></g></l></v></tfr></token><token id="717340" text="артисты"><tfr rev_id="1549196" t="артисты"><v><l id="17421" t="артист"><g v="NOUN"></g><g v="anim"></g><g v="masc"></g><g v="plur"></g><g v="nomn"></g></l></v></tfr></token><token id="717341" text="Большого"><tfr rev_id="3673718" t="Большого"><v><l id="32445" t="большой"><g v="ADJF"></g><g v="Qual"></g><g v="masc"></g><g v="sing"></g><g v="gent"></g></l></v><v><l id="32445" t="большой"><g v="ADJF"></g><g v="Qual"></g><g v="anim"></g><g v="masc"></g><g v="sing"></g><g v="accs"></g></l></v></tfr></token><token id="717342" text="и"><tfr rev_id="1549198" t="и"><v><l id="116949" t="и"><g v="CONJ"></g></l></v><v><l id="116950" t="и"><g v="INTJ"></g></l></v></tfr></token><token id="717343" text="Парижской"><tfr rev_id="4425528" t="Парижской"><v><l id="224049" t="парижский"><g v="ADJF"></g><g v="femn"></g><g v="sing"></g><g v="gent"></g></l></v></tfr></token><token id="717344" text="оперы"><tfr rev_id="3488126" t="оперы"><v><l id="206930" t="опера"><g v="NOUN"></g><g v="inan"></g><g v="femn"></g><g v="sing"></g><g v="gent"></g></l></v></tfr></token><token id="717345" text="."><tfr rev_id="1549201" t="."><v><l id="0" t="."><g v="PNCT"></g></l></v></tfr></token></tokens></sentence></paragraph></paragraphs></text>