<?xml version="1.0" encoding="utf-8"?><text id="1447" parent="226" name="17799 Китай пытается сдвинуть границу с Россией?"><tags><tag>url:http://www.chaskor.ru/news/kitaj_pytaetsya_sdvinut_granitsu_s_rossiej_17799</tag><tag>Год:2010</tag><tag>Дата:07/06</tag><tag>Тема:ЧасКор:В мире</tag><tag>Тема:ЧасКор:В мире/Китай</tag></tags><paragraphs><paragraph id="12982"><sentence id="40315"><source>Китай пытается сдвинуть границу с Россией?</source><tokens><token id="717346" text="Китай"><tfr rev_id="1549202" t="Китай"><v><l id="133640" t="китай"><g v="NOUN"></g><g v="inan"></g><g v="masc"></g><g v="Sgtm"></g><g v="Geox"></g><g v="sing"></g><g v="nomn"></g></l></v><v><l id="133640" t="китай"><g v="NOUN"></g><g v="inan"></g><g v="masc"></g><g v="Sgtm"></g><g v="Geox"></g><g v="sing"></g><g v="accs"></g></l></v></tfr></token><token id="717347" text="пытается"><tfr rev_id="1549203" t="пытается"><v><l id="290086" t="пытаюсь"><g v="VERB"></g><g v="impf"></g><g v="intr"></g><g v="sing"></g><g v="3per"></g><g v="pres"></g><g v="indc"></g></l></v></tfr></token><token id="717348" text="сдвинуть"><tfr rev_id="1549204" t="сдвинуть"><v><l id="317217" t="сдвинуть"><g v="INFN"></g><g v="perf"></g><g v="tran"></g></l></v></tfr></token><token id="717349" text="границу"><tfr rev_id="1549205" t="границу"><v><l id="74687" t="граница"><g v="NOUN"></g><g v="inan"></g><g v="femn"></g><g v="sing"></g><g v="accs"></g></l></v></tfr></token><token id="717350" text="с"><tfr rev_id="1549206" t="с"><v><l id="311151" t="с"><g v="PREP"></g></l></v></tfr></token><token id="717351" text="Россией"><tfr rev_id="1549207" t="Россией"><v><l id="309322" t="россия"><g v="NOUN"></g><g v="inan"></g><g v="femn"></g><g v="Sgtm"></g><g v="Geox"></g><g v="sing"></g><g v="ablt"></g></l></v></tfr></token><token id="717352" text="?"><tfr rev_id="1549208" t="?"><v><l id="0" t="?"><g v="PNCT"></g></l></v></tfr></token></tokens></sentence><sentence id="40316"><source>Поднебесная без согласования с Москвой начала углубление дна реки Уссури, которое приведёт к смещению её фарватера и госграницы в сторону российского берега.</source><tokens><token id="717353" text="Поднебесная"><tfr rev_id="1549209" t="Поднебесная"><v><l id="248117" t="поднебесный"><g v="ADJF"></g><g v="femn"></g><g v="sing"></g><g v="nomn"></g></l></v></tfr></token><token id="717354" text="без"><tfr rev_id="1549210" t="без"><v><l id="25481" t="без"><g v="PREP"></g></l></v></tfr></token><token id="717355" text="согласования"><tfr rev_id="3465581" t="согласования"><v><l id="328260" t="согласование"><g v="NOUN"></g><g v="inan"></g><g v="neut"></g><g v="sing"></g><g v="gent"></g></l></v></tfr></token><token id="717356" text="с"><tfr rev_id="1549212" t="с"><v><l id="311151" t="с"><g v="PREP"></g></l></v></tfr></token><token id="717357" text="Москвой"><tfr rev_id="1549213" t="Москвой"><v><l id="163901" t="москва"><g v="NOUN"></g><g v="inan"></g><g v="femn"></g><g v="Sgtm"></g><g v="Geox"></g><g v="sing"></g><g v="ablt"></g></l></v></tfr></token><token id="717358" text="начала"><tfr rev_id="1715923" t="начала"><v><l id="178224" t="начал"><g v="VERB"></g><g v="perf"></g><g v="tran"></g><g v="femn"></g><g v="sing"></g><g v="past"></g><g v="indc"></g></l></v></tfr></token><token id="717359" text="углубление"><tfr rev_id="1549215" t="углубление"><v><l id="354179" t="углубление"><g v="NOUN"></g><g v="inan"></g><g v="neut"></g><g v="sing"></g><g v="nomn"></g></l></v><v><l id="354179" t="углубление"><g v="NOUN"></g><g v="inan"></g><g v="neut"></g><g v="sing"></g><g v="accs"></g></l></v></tfr></token><token id="717360" text="дна"><tfr rev_id="1549216" t="дна"><v><l id="85138" t="дно"><g v="NOUN"></g><g v="inan"></g><g v="neut"></g><g v="sing"></g><g v="gent"></g></l></v></tfr></token><token id="717361" text="реки"><tfr rev_id="3469713" t="реки"><v><l id="305624" t="река"><g v="NOUN"></g><g v="inan"></g><g v="femn"></g><g v="sing"></g><g v="gent"></g></l></v></tfr></token><token id="717362" text="Уссури"><tfr rev_id="4178751" t="Уссури"><v><l id="360904" t="уссури"><g v="NOUN"></g><g v="inan"></g><g v="femn"></g><g v="Sgtm"></g><g v="Fixd"></g><g v="Geox"></g><g v="sing"></g><g v="nomn"></g></l></v></tfr></token><token id="717363" text=","><tfr rev_id="1549219" t=","><v><l id="0" t=","><g v="PNCT"></g></l></v></tfr></token><token id="717364" text="которое"><tfr rev_id="3641391" t="которое"><v><l id="141203" t="который"><g v="ADJF"></g><g v="Apro"></g><g v="Subx"></g><g v="Anph"></g><g v="neut"></g><g v="sing"></g><g v="nomn"></g></l></v></tfr></token><token id="717365" text="приведёт"><tfr rev_id="1549221" t="приведёт"><v><l id="269205" t="привёл"><g v="VERB"></g><g v="perf"></g><g v="tran"></g><g v="sing"></g><g v="3per"></g><g v="futr"></g><g v="indc"></g></l></v></tfr></token><token id="717366" text="к"><tfr rev_id="1549222" t="к"><v><l id="127460" t="к"><g v="PREP"></g></l></v></tfr></token><token id="717367" text="смещению"><tfr rev_id="1549223" t="смещению"><v><l id="326335" t="смещение"><g v="NOUN"></g><g v="inan"></g><g v="neut"></g><g v="sing"></g><g v="datv"></g></l></v></tfr></token><token id="717368" text="её"><tfr rev_id="4456386" t="её"><v><l id="94433" t="её"><g v="ADJF"></g><g v="Fixd"></g><g v="Apro"></g><g v="Anph"></g><g v="masc"></g><g v="sing"></g><g v="nomn"></g></l></v><v><l id="94433" t="её"><g v="ADJF"></g><g v="Fixd"></g><g v="Apro"></g><g v="Anph"></g><g v="masc"></g><g v="sing"></g><g v="gent"></g></l></v><v><l id="94433" t="её"><g v="ADJF"></g><g v="Fixd"></g><g v="Apro"></g><g v="Anph"></g><g v="masc"></g><g v="sing"></g><g v="datv"></g></l></v><v><l id="94433" t="её"><g v="ADJF"></g><g v="Fixd"></g><g v="Apro"></g><g v="Anph"></g><g v="masc"></g><g v="sing"></g><g v="accs"></g></l></v><v><l id="94433" t="её"><g v="ADJF"></g><g v="Fixd"></g><g v="Apro"></g><g v="Anph"></g><g v="masc"></g><g v="sing"></g><g v="ablt"></g></l></v><v><l id="94433" t="её"><g v="ADJF"></g><g v="Fixd"></g><g v="Apro"></g><g v="Anph"></g><g v="masc"></g><g v="sing"></g><g v="loct"></g></l></v></tfr></token><token id="717369" text="фарватера"><tfr rev_id="1549225" t="фарватера"><v><l id="364498" t="фарватер"><g v="NOUN"></g><g v="inan"></g><g v="masc"></g><g v="sing"></g><g v="gent"></g></l></v></tfr></token><token id="717370" text="и"><tfr rev_id="3677906" t="и"><v><l id="116949" t="и"><g v="CONJ"></g></l></v></tfr></token><token id="717371" text="госграницы"><tfr rev_id="3457837" t="госграницы"><v><l id="73919" t="госграница"><g v="NOUN"></g><g v="inan"></g><g v="femn"></g><g v="sing"></g><g v="gent"></g></l></v></tfr></token><token id="717372" text="в"><tfr rev_id="1549228" t="в"><v><l id="37409" t="в"><g v="PREP"></g></l></v></tfr></token><token id="717373" text="сторону"><tfr rev_id="1549229" t="сторону"><v><l id="336894" t="сторона"><g v="NOUN"></g><g v="inan"></g><g v="femn"></g><g v="sing"></g><g v="accs"></g></l></v></tfr></token><token id="717374" text="российского"><tfr rev_id="4415030" t="российского"><v><l id="309319" t="российский"><g v="ADJF"></g><g v="masc"></g><g v="sing"></g><g v="gent"></g></l></v></tfr></token><token id="717375" text="берега"><tfr rev_id="3448298" t="берега"><v><l id="27758" t="берег"><g v="NOUN"></g><g v="inan"></g><g v="masc"></g><g v="sing"></g><g v="gent"></g></l></v></tfr></token><token id="717376" text="."><tfr rev_id="1549232" t="."><v><l id="0" t="."><g v="PNCT"></g></l></v></tfr></token></tokens></sentence></paragraph><paragraph id="12983"><sentence id="40317"><source>Пекин преступил статью 11 «Соглашения между правительствами РФ и КНР о режиме российско-китайской границы», подписанного четыре года назад, сообщает «Российская газета».</source><tokens><token id="717377" text="Пекин"><tfr rev_id="4103189" t="Пекин"><v><l id="225746" t="пекин"><g v="NOUN"></g><g v="inan"></g><g v="masc"></g><g v="Geox"></g><g v="sing"></g><g v="nomn"></g></l></v></tfr></token><token id="717378" text="преступил"><tfr rev_id="1549234" t="преступил"><v><l id="268339" t="преступил"><g v="VERB"></g><g v="perf"></g><g v="tran"></g><g v="masc"></g><g v="sing"></g><g v="past"></g><g v="indc"></g></l></v></tfr></token><token id="717379" text="статью"><tfr rev_id="1549235" t="статью"><v><l id="335163" t="стать"><g v="NOUN"></g><g v="inan"></g><g v="femn"></g><g v="sing"></g><g v="ablt"></g></l></v><v><l id="335173" t="статья"><g v="NOUN"></g><g v="inan"></g><g v="femn"></g><g v="sing"></g><g v="accs"></g></l></v></tfr></token><token id="717380" text="11"><tfr rev_id="2463132" t="11"><v><l id="0" t="11"><g v="NUMB"></g></l></v></tfr></token><token id="717381" text="«"><tfr rev_id="2447822" t="«"><v><l id="0" t="«"><g v="PNCT"></g></l></v></tfr></token><token id="717382" text="Соглашения"><tfr rev_id="3457381" t="Соглашения"><v><l id="328305" t="соглашение"><g v="NOUN"></g><g v="inan"></g><g v="neut"></g><g v="sing"></g><g v="gent"></g></l></v></tfr></token><token id="717383" text="между"><tfr rev_id="1549239" t="между"><v><l id="157306" t="между"><g v="PREP"></g></l></v></tfr></token><token id="717384" text="правительствами"><tfr rev_id="1549240" t="правительствами"><v><l id="265638" t="правительство"><g v="NOUN"></g><g v="inan"></g><g v="neut"></g><g v="plur"></g><g v="ablt"></g></l></v></tfr></token><token id="717385" text="РФ"><tfr rev_id="4151805" t="РФ"><v><l id="310486" t="рф"><g v="NOUN"></g><g v="inan"></g><g v="femn"></g><g v="Sgtm"></g><g v="Fixd"></g><g v="Abbr"></g><g v="Geox"></g><g v="sing"></g><g v="gent"></g></l></v></tfr></token><token id="717386" text="и"><tfr rev_id="1549242" t="и"><v><l id="116949" t="и"><g v="CONJ"></g></l></v><v><l id="116950" t="и"><g v="INTJ"></g></l></v></tfr></token><token id="717387" text="КНР"><tfr rev_id="4448267" t="КНР"><v><l id="134887" t="кнр"><g v="NOUN"></g><g v="inan"></g><g v="femn"></g><g v="Sgtm"></g><g v="Fixd"></g><g v="Abbr"></g><g v="Geox"></g><g v="sing"></g><g v="gent"></g></l></v></tfr></token><token id="717388" text="о"><tfr rev_id="3326865" t="о"><v><l id="192977" t="о"><g v="PREP"></g></l></v></tfr></token><token id="717389" text="режиме"><tfr rev_id="1549245" t="режиме"><v><l id="305124" t="режим"><g v="NOUN"></g><g v="inan"></g><g v="masc"></g><g v="sing"></g><g v="loct"></g></l></v></tfr></token><token id="717390" text="российско-китайской"><tfr rev_id="4540897" t="российско-китайской"><v><l id="392969" t="российско-китайский"><g v="ADJF"></g><g v="femn"></g><g v="sing"></g><g v="ablt"></g></l></v><v><l id="392969" t="российско-китайский"><g v="ADJF"></g><g v="femn"></g><g v="sing"></g><g v="datv"></g></l></v><v><l id="392969" t="российско-китайский"><g v="ADJF"></g><g v="femn"></g><g v="sing"></g><g v="gent"></g></l></v><v><l id="392969" t="российско-китайский"><g v="ADJF"></g><g v="femn"></g><g v="sing"></g><g v="loct"></g></l></v></tfr></token><token id="717391" text="границы"><tfr rev_id="3505231" t="границы"><v><l id="74687" t="граница"><g v="NOUN"></g><g v="inan"></g><g v="femn"></g><g v="sing"></g><g v="gent"></g></l></v></tfr></token><token id="717392" text="»"><tfr rev_id="2447823" t="»"><v><l id="0" t="»"><g v="PNCT"></g></l></v></tfr></token><token id="717393" text=","><tfr rev_id="1549249" t=","><v><l id="0" t=","><g v="PNCT"></g></l></v></tfr></token><token id="717394" text="подписанного"><tfr rev_id="3443293" t="подписанного"><v><l id="248886" t="подписанный"><g v="PRTF"></g><g v="perf"></g><g v="tran"></g><g v="past"></g><g v="pssv"></g><g v="neut"></g><g v="sing"></g><g v="gent"></g></l></v></tfr></token><token id="717395" text="четыре"><tfr rev_id="1549251" t="четыре"><v><l id="376181" t="четыре"><g v="NUMR"></g><g v="nomn"></g></l></v><v><l id="376181" t="четыре"><g v="NUMR"></g><g v="inan"></g><g v="accs"></g></l></v></tfr></token><token id="717396" text="года"><tfr rev_id="3415618" t="года"><v><l id="72149" t="год"><g v="NOUN"></g><g v="inan"></g><g v="masc"></g><g v="sing"></g><g v="gen1"></g></l></v></tfr></token><token id="717397" text="назад"><tfr rev_id="1549253" t="назад"><v><l id="170252" t="назад"><g v="ADVB"></g></l></v></tfr></token><token id="717398" text=","><tfr rev_id="1549254" t=","><v><l id="0" t=","><g v="PNCT"></g></l></v></tfr></token><token id="717399" text="сообщает"><tfr rev_id="1549255" t="сообщает"><v><l id="329538" t="сообщаю"><g v="VERB"></g><g v="impf"></g><g v="tran"></g><g v="sing"></g><g v="3per"></g><g v="pres"></g><g v="indc"></g></l></v></tfr></token><token id="717400" text="«"><tfr rev_id="2447824" t="«"><v><l id="0" t="«"><g v="PNCT"></g></l></v></tfr></token><token id="717401" text="Российская"><tfr rev_id="1549257" t="Российская"><v><l id="309319" t="российский"><g v="ADJF"></g><g v="femn"></g><g v="sing"></g><g v="nomn"></g></l></v></tfr></token><token id="717402" text="газета"><tfr rev_id="1549258" t="газета"><v><l id="65825" t="газета"><g v="NOUN"></g><g v="inan"></g><g v="femn"></g><g v="sing"></g><g v="nomn"></g></l></v></tfr></token><token id="717403" text="»"><tfr rev_id="2447825" t="»"><v><l id="0" t="»"><g v="PNCT"></g></l></v></tfr></token><token id="717404" text="."><tfr rev_id="1549260" t="."><v><l id="0" t="."><g v="PNCT"></g></l></v></tfr></token></tokens></sentence><sentence id="40318"><source>Как сообщает издание, нарушения связаны с работами по углублению дна на приграничной реке Уссури, о которых российскую сторону никто не поставил в известность.</source><tokens><token id="717405" text="Как"><tfr rev_id="1549261" t="Как"><v><l id="128190" t="как"><g v="CONJ"></g></l></v><v><l id="128191" t="как"><g v="PRCL"></g></l></v><v><l id="128192" t="как"><g v="ADVB"></g><g v="Ques"></g></l></v></tfr></token><token id="717406" text="сообщает"><tfr rev_id="1549262" t="сообщает"><v><l id="329538" t="сообщаю"><g v="VERB"></g><g v="impf"></g><g v="tran"></g><g v="sing"></g><g v="3per"></g><g v="pres"></g><g v="indc"></g></l></v></tfr></token><token id="717407" text="издание"><tfr rev_id="4099183" t="издание"><v><l id="118742" t="издание"><g v="NOUN"></g><g v="inan"></g><g v="neut"></g><g v="sing"></g><g v="nomn"></g></l></v></tfr></token><token id="717408" text=","><tfr rev_id="1549264" t=","><v><l id="0" t=","><g v="PNCT"></g></l></v></tfr></token><token id="717409" text="нарушения"><tfr rev_id="3800554" t="нарушения"><v><l id="174883" t="нарушение"><g v="NOUN"></g><g v="inan"></g><g v="neut"></g><g v="plur"></g><g v="nomn"></g></l></v></tfr></token><token id="717410" text="связаны"><tfr rev_id="1549266" t="связаны"><v><l id="316534" t="связан"><g v="PRTS"></g><g v="perf"></g><g v="past"></g><g v="pssv"></g><g v="plur"></g></l></v></tfr></token><token id="717411" text="с"><tfr rev_id="1549267" t="с"><v><l id="311151" t="с"><g v="PREP"></g></l></v></tfr></token><token id="717412" text="работами"><tfr rev_id="1549268" t="работами"><v><l id="290501" t="работа"><g v="NOUN"></g><g v="inan"></g><g v="femn"></g><g v="plur"></g><g v="ablt"></g></l></v></tfr></token><token id="717413" text="по"><tfr rev_id="1549269" t="по"><v><l id="241240" t="по"><g v="PREP"></g></l></v></tfr></token><token id="717414" text="углублению"><tfr rev_id="1549270" t="углублению"><v><l id="354179" t="углубление"><g v="NOUN"></g><g v="inan"></g><g v="neut"></g><g v="sing"></g><g v="datv"></g></l></v></tfr></token><token id="717415" text="дна"><tfr rev_id="1549271" t="дна"><v><l id="85138" t="дно"><g v="NOUN"></g><g v="inan"></g><g v="neut"></g><g v="sing"></g><g v="gent"></g></l></v></tfr></token><token id="717416" text="на"><tfr rev_id="3394949" t="на"><v><l id="166264" t="на"><g v="PREP"></g></l></v></tfr></token><token id="717417" text="приграничной"><tfr rev_id="4417453" t="приграничной"><v><l id="269996" t="приграничный"><g v="ADJF"></g><g v="femn"></g><g v="sing"></g><g v="loct"></g></l></v></tfr></token><token id="717418" text="реке"><tfr rev_id="2931194" t="реке"><v><l id="305624" t="река"><g v="NOUN"></g><g v="inan"></g><g v="femn"></g><g v="sing"></g><g v="loct"></g></l></v></tfr></token><token id="717419" text="Уссури"><tfr rev_id="4178842" t="Уссури"><v><l id="360904" t="уссури"><g v="NOUN"></g><g v="inan"></g><g v="femn"></g><g v="Sgtm"></g><g v="Fixd"></g><g v="Geox"></g><g v="sing"></g><g v="nomn"></g></l></v></tfr></token><token id="717420" text=","><tfr rev_id="1549276" t=","><v><l id="0" t=","><g v="PNCT"></g></l></v></tfr></token><token id="717421" text="о"><tfr rev_id="3332252" t="о"><v><l id="192977" t="о"><g v="PREP"></g></l></v></tfr></token><token id="717422" text="которых"><tfr rev_id="4356179" t="которых"><v><l id="141203" t="который"><g v="ADJF"></g><g v="Apro"></g><g v="Subx"></g><g v="Anph"></g><g v="plur"></g><g v="loct"></g></l></v></tfr></token><token id="717423" text="российскую"><tfr rev_id="1549279" t="российскую"><v><l id="309319" t="российский"><g v="ADJF"></g><g v="femn"></g><g v="sing"></g><g v="accs"></g></l></v></tfr></token><token id="717424" text="сторону"><tfr rev_id="1549280" t="сторону"><v><l id="336894" t="сторона"><g v="NOUN"></g><g v="inan"></g><g v="femn"></g><g v="sing"></g><g v="accs"></g></l></v></tfr></token><token id="717425" text="никто"><tfr rev_id="1549281" t="никто"><v><l id="191016" t="никто"><g v="NPRO"></g><g v="sing"></g><g v="nomn"></g></l></v></tfr></token><token id="717426" text="не"><tfr rev_id="1549282" t="не"><v><l id="178876" t="не"><g v="PRCL"></g></l></v></tfr></token><token id="717427" text="поставил"><tfr rev_id="1549283" t="поставил"><v><l id="262088" t="поставил"><g v="VERB"></g><g v="perf"></g><g v="tran"></g><g v="masc"></g><g v="sing"></g><g v="past"></g><g v="indc"></g></l></v></tfr></token><token id="717428" text="в"><tfr rev_id="1549284" t="в"><v><l id="37409" t="в"><g v="PREP"></g></l></v></tfr></token><token id="717429" text="известность"><tfr rev_id="1549285" t="известность"><v><l id="118143" t="известность"><g v="NOUN"></g><g v="inan"></g><g v="femn"></g><g v="sing"></g><g v="nomn"></g></l></v><v><l id="118143" t="известность"><g v="NOUN"></g><g v="inan"></g><g v="femn"></g><g v="sing"></g><g v="accs"></g></l></v></tfr></token><token id="717430" text="."><tfr rev_id="1549286" t="."><v><l id="0" t="."><g v="PNCT"></g></l></v></tfr></token></tokens></sentence><sentence id="40319"><source>Российские эксперты считают, что данное вмешательство приведёт к смещению фарватера реки и границы между соседними государствами в сторону российского берега.</source><tokens><token id="717431" text="Российские"><tfr rev_id="3751842" t="Российские"><v><l id="309319" t="российский"><g v="ADJF"></g><g v="plur"></g><g v="nomn"></g></l></v></tfr></token><token id="717432" text="эксперты"><tfr rev_id="1549288" t="эксперты"><v><l id="383582" t="эксперт"><g v="NOUN"></g><g v="anim"></g><g v="masc"></g><g v="plur"></g><g v="nomn"></g></l></v></tfr></token><token id="717433" text="считают"><tfr rev_id="1549289" t="считают"><v><l id="341320" t="считаю"><g v="VERB"></g><g v="impf"></g><g v="tran"></g><g v="plur"></g><g v="3per"></g><g v="pres"></g><g v="indc"></g></l></v><v><l id="341329" t="считал"><g v="VERB"></g><g v="perf"></g><g v="tran"></g><g v="plur"></g><g v="3per"></g><g v="futr"></g><g v="indc"></g></l></v></tfr></token><token id="717434" text=","><tfr rev_id="1549290" t=","><v><l id="0" t=","><g v="PNCT"></g></l></v></tfr></token><token id="717435" text="что"><tfr rev_id="3197922" t="что"><v><l id="377004" t="что"><g v="CONJ"></g></l></v><v><l id="377005" t="что"><g v="NPRO"></g><g v="neut"></g><g v="sing"></g><g v="nomn"></g></l></v><v><l id="377005" t="что"><g v="NPRO"></g><g v="neut"></g><g v="sing"></g><g v="accs"></g></l></v><v><l id="377006" t="что"><g v="ADVB"></g><g v="Ques"></g></l></v><v><l id="388695" t="что"><g v="PRCL"></g></l></v></tfr></token><token id="717436" text="данное"><tfr rev_id="3663427" t="данное"><v><l id="78303" t="данный"><g v="ADJF"></g><g v="Apro"></g><g v="neut"></g><g v="sing"></g><g v="nomn"></g></l></v><v><l id="78303" t="данный"><g v="ADJF"></g><g v="Apro"></g><g v="neut"></g><g v="sing"></g><g v="accs"></g></l></v><v><l id="78549" t="данный"><g v="PRTF"></g><g v="perf"></g><g v="tran"></g><g v="past"></g><g v="pssv"></g><g v="neut"></g><g v="sing"></g><g v="nomn"></g></l></v><v><l id="78549" t="данный"><g v="PRTF"></g><g v="perf"></g><g v="tran"></g><g v="past"></g><g v="pssv"></g><g v="neut"></g><g v="sing"></g><g v="accs"></g></l></v></tfr></token><token id="717437" text="вмешательство"><tfr rev_id="3689189" t="вмешательство"><v><l id="47176" t="вмешательство"><g v="NOUN"></g><g v="inan"></g><g v="neut"></g><g v="sing"></g><g v="nomn"></g></l></v></tfr></token><token id="717438" text="приведёт"><tfr rev_id="1549294" t="приведёт"><v><l id="269205" t="привёл"><g v="VERB"></g><g v="perf"></g><g v="tran"></g><g v="sing"></g><g v="3per"></g><g v="futr"></g><g v="indc"></g></l></v></tfr></token><token id="717439" text="к"><tfr rev_id="1549295" t="к"><v><l id="127460" t="к"><g v="PREP"></g></l></v></tfr></token><token id="717440" text="смещению"><tfr rev_id="1549296" t="смещению"><v><l id="326335" t="смещение"><g v="NOUN"></g><g v="inan"></g><g v="neut"></g><g v="sing"></g><g v="datv"></g></l></v></tfr></token><token id="717441" text="фарватера"><tfr rev_id="1549297" t="фарватера"><v><l id="364498" t="фарватер"><g v="NOUN"></g><g v="inan"></g><g v="masc"></g><g v="sing"></g><g v="gent"></g></l></v></tfr></token><token id="717442" text="реки"><tfr rev_id="3439047" t="реки"><v><l id="305624" t="река"><g v="NOUN"></g><g v="inan"></g><g v="femn"></g><g v="sing"></g><g v="gent"></g></l></v></tfr></token><token id="717443" text="и"><tfr rev_id="4092879" t="и"><v><l id="116949" t="и"><g v="CONJ"></g></l></v></tfr></token><token id="717444" text="границы"><tfr rev_id="3497946" t="границы"><v><l id="74687" t="граница"><g v="NOUN"></g><g v="inan"></g><g v="femn"></g><g v="sing"></g><g v="gent"></g></l></v></tfr></token><token id="717445" text="между"><tfr rev_id="1549301" t="между"><v><l id="157306" t="между"><g v="PREP"></g></l></v></tfr></token><token id="717446" text="соседними"><tfr rev_id="1549302" t="соседними"><v><l id="330239" t="соседний"><g v="ADJF"></g><g v="plur"></g><g v="ablt"></g></l></v></tfr></token><token id="717447" text="государствами"><tfr rev_id="1549303" t="государствами"><v><l id="74164" t="государство"><g v="NOUN"></g><g v="inan"></g><g v="neut"></g><g v="plur"></g><g v="ablt"></g></l></v></tfr></token><token id="717448" text="в"><tfr rev_id="1549304" t="в"><v><l id="37409" t="в"><g v="PREP"></g></l></v></tfr></token><token id="717449" text="сторону"><tfr rev_id="1549305" t="сторону"><v><l id="336894" t="сторона"><g v="NOUN"></g><g v="inan"></g><g v="femn"></g><g v="sing"></g><g v="accs"></g></l></v></tfr></token><token id="717450" text="российского"><tfr rev_id="3539195" t="российского"><v><l id="309319" t="российский"><g v="ADJF"></g><g v="masc"></g><g v="sing"></g><g v="gent"></g></l></v><v><l id="309319" t="российский"><g v="ADJF"></g><g v="anim"></g><g v="masc"></g><g v="sing"></g><g v="accs"></g></l></v></tfr></token><token id="717451" text="берега"><tfr rev_id="3432387" t="берега"><v><l id="27758" t="берег"><g v="NOUN"></g><g v="inan"></g><g v="masc"></g><g v="sing"></g><g v="gent"></g></l></v></tfr></token><token id="717452" text="."><tfr rev_id="1549308" t="."><v><l id="0" t="."><g v="PNCT"></g></l></v></tfr></token></tokens></sentence><sentence id="40320"><source>В результате этого манёвра китайская сторона получит дополнительную прибрежную территорию.</source><tokens><token id="717453" text="В"><tfr rev_id="1549309" t="В"><v><l id="37409" t="в"><g v="PREP"></g></l></v></tfr></token><token id="717454" text="результате"><tfr rev_id="1549310" t="результате"><v><l id="305391" t="результат"><g v="NOUN"></g><g v="inan"></g><g v="masc"></g><g v="sing"></g><g v="loct"></g></l></v></tfr></token><token id="717455" text="этого"><tfr rev_id="4433401" t="этого"><v><l id="386581" t="этот"><g v="ADJF"></g><g v="Subx"></g><g v="Apro"></g><g v="Anph"></g><g v="masc"></g><g v="sing"></g><g v="gent"></g></l></v></tfr></token><token id="717456" text="манёвра"><tfr rev_id="2690879" t="манёвра"><v><l id="154655" t="манёвр"><g v="NOUN"></g><g v="inan"></g><g v="masc"></g><g v="sing"></g><g v="gent"></g></l></v></tfr></token><token id="717457" text="китайская"><tfr rev_id="1549313" t="китайская"><v><l id="133647" t="китайский"><g v="ADJF"></g><g v="femn"></g><g v="sing"></g><g v="nomn"></g></l></v></tfr></token><token id="717458" text="сторона"><tfr rev_id="1549314" t="сторона"><v><l id="336894" t="сторона"><g v="NOUN"></g><g v="inan"></g><g v="femn"></g><g v="sing"></g><g v="nomn"></g></l></v></tfr></token><token id="717459" text="получит"><tfr rev_id="1549315" t="получит"><v><l id="256959" t="получил"><g v="VERB"></g><g v="perf"></g><g v="tran"></g><g v="sing"></g><g v="3per"></g><g v="futr"></g><g v="indc"></g></l></v></tfr></token><token id="717460" text="дополнительную"><tfr rev_id="1549316" t="дополнительную"><v><l id="89300" t="дополнительный"><g v="ADJF"></g><g v="femn"></g><g v="sing"></g><g v="accs"></g></l></v></tfr></token><token id="717461" text="прибрежную"><tfr rev_id="1549317" t="прибрежную"><v><l id="268917" t="прибрежный"><g v="ADJF"></g><g v="Qual"></g><g v="femn"></g><g v="sing"></g><g v="accs"></g></l></v></tfr></token><token id="717462" text="территорию"><tfr rev_id="1549318" t="территорию"><v><l id="345621" t="территория"><g v="NOUN"></g><g v="inan"></g><g v="femn"></g><g v="sing"></g><g v="accs"></g></l></v></tfr></token><token id="717463" text="."><tfr rev_id="1549319" t="."><v><l id="0" t="."><g v="PNCT"></g></l></v></tfr></token></tokens></sentence></paragraph><paragraph id="12984"><sentence id="40321"><source>О том, что на водоёме началась бурная деятельность, рассказали российские пограничники.</source><tokens><token id="717464" text="О"><tfr rev_id="3328126" t="О"><v><l id="192977" t="о"><g v="PREP"></g></l></v></tfr></token><token id="717465" text="том"><tfr rev_id="4308338" t="том"><v><l id="348430" t="тот"><g v="ADJF"></g><g v="Subx"></g><g v="Apro"></g><g v="Anph"></g><g v="neut"></g><g v="sing"></g><g v="loct"></g></l></v></tfr></token><token id="717466" text=","><tfr rev_id="1549322" t=","><v><l id="0" t=","><g v="PNCT"></g></l></v></tfr></token><token id="717467" text="что"><tfr rev_id="3197923" t="что"><v><l id="377004" t="что"><g v="CONJ"></g></l></v><v><l id="377005" t="что"><g v="NPRO"></g><g v="neut"></g><g v="sing"></g><g v="nomn"></g></l></v><v><l id="377005" t="что"><g v="NPRO"></g><g v="neut"></g><g v="sing"></g><g v="accs"></g></l></v><v><l id="377006" t="что"><g v="ADVB"></g><g v="Ques"></g></l></v><v><l id="388695" t="что"><g v="PRCL"></g></l></v></tfr></token><token id="717468" text="на"><tfr rev_id="3344342" t="на"><v><l id="166264" t="на"><g v="PREP"></g></l></v></tfr></token><token id="717469" text="водоёме"><tfr rev_id="1549325" t="водоёме"><v><l id="48105" t="водоём"><g v="NOUN"></g><g v="inan"></g><g v="masc"></g><g v="sing"></g><g v="loct"></g></l></v></tfr></token><token id="717470" text="началась"><tfr rev_id="1549326" t="началась"><v><l id="178230" t="начался"><g v="VERB"></g><g v="perf"></g><g v="intr"></g><g v="femn"></g><g v="sing"></g><g v="past"></g><g v="indc"></g></l></v></tfr></token><token id="717471" text="бурная"><tfr rev_id="1549327" t="бурная"><v><l id="36236" t="бурный"><g v="ADJF"></g><g v="Qual"></g><g v="femn"></g><g v="sing"></g><g v="nomn"></g></l></v></tfr></token><token id="717472" text="деятельность"><tfr rev_id="1549328" t="деятельность"><v><l id="82512" t="деятельность"><g v="NOUN"></g><g v="inan"></g><g v="femn"></g><g v="sing"></g><g v="nomn"></g></l></v><v><l id="82512" t="деятельность"><g v="NOUN"></g><g v="inan"></g><g v="femn"></g><g v="sing"></g><g v="accs"></g></l></v></tfr></token><token id="717473" text=","><tfr rev_id="1549329" t=","><v><l id="0" t=","><g v="PNCT"></g></l></v></tfr></token><token id="717474" text="рассказали"><tfr rev_id="1549330" t="рассказали"><v><l id="300965" t="рассказал"><g v="VERB"></g><g v="perf"></g><g v="tran"></g><g v="plur"></g><g v="past"></g><g v="indc"></g></l></v></tfr></token><token id="717475" text="российские"><tfr rev_id="3879838" t="российские"><v><l id="309319" t="российский"><g v="ADJF"></g><g v="plur"></g><g v="nomn"></g></l></v></tfr></token><token id="717476" text="пограничники"><tfr rev_id="1549332" t="пограничники"><v><l id="243523" t="пограничник"><g v="NOUN"></g><g v="anim"></g><g v="masc"></g><g v="plur"></g><g v="nomn"></g></l></v></tfr></token><token id="717477" text="."><tfr rev_id="1549333" t="."><v><l id="0" t="."><g v="PNCT"></g></l></v></tfr></token></tokens></sentence><sentence id="40322"><source>Минувшей весной с помощью шести судов типа РТ и буксируемых ими барж с экскаватором на борту, а также двумя самоходными баржами с гидронасосами, китайцы произвели забор грунта со дна Уссури.</source><tokens><token id="717478" text="Минувшей"><tfr rev_id="4331715" t="Минувшей"><v><l id="160723" t="минувший"><g v="ADJF"></g><g v="femn"></g><g v="sing"></g><g v="gent"></g></l></v><v><l id="160723" t="минувший"><g v="ADJF"></g><g v="femn"></g><g v="sing"></g><g v="datv"></g></l></v><v><l id="160723" t="минувший"><g v="ADJF"></g><g v="femn"></g><g v="sing"></g><g v="ablt"></g></l></v><v><l id="160723" t="минувший"><g v="ADJF"></g><g v="femn"></g><g v="sing"></g><g v="loct"></g></l></v><v><l id="160759" t="минувший"><g v="PRTF"></g><g v="perf"></g><g v="tran"></g><g v="past"></g><g v="actv"></g><g v="femn"></g><g v="sing"></g><g v="gent"></g></l></v><v><l id="160759" t="минувший"><g v="PRTF"></g><g v="perf"></g><g v="tran"></g><g v="past"></g><g v="actv"></g><g v="femn"></g><g v="sing"></g><g v="datv"></g></l></v><v><l id="160759" t="минувший"><g v="PRTF"></g><g v="perf"></g><g v="tran"></g><g v="past"></g><g v="actv"></g><g v="femn"></g><g v="sing"></g><g v="ablt"></g></l></v><v><l id="160759" t="минувший"><g v="PRTF"></g><g v="perf"></g><g v="tran"></g><g v="past"></g><g v="actv"></g><g v="femn"></g><g v="sing"></g><g v="loct"></g></l></v></tfr></token><token id="717479" text="весной"><tfr rev_id="4242485" t="весной"><v><l id="42035" t="весна"><g v="NOUN"></g><g v="inan"></g><g v="femn"></g><g v="sing"></g><g v="ablt"></g></l></v></tfr></token><token id="717480" text="с"><tfr rev_id="1549336" t="с"><v><l id="311151" t="с"><g v="PREP"></g></l></v></tfr></token><token id="717481" text="помощью"><tfr rev_id="1549337" t="помощью"><v><l id="257960" t="помощь"><g v="NOUN"></g><g v="inan"></g><g v="femn"></g><g v="sing"></g><g v="ablt"></g></l></v></tfr></token><token id="717482" text="шести"><tfr rev_id="4361596" t="шести"><v><l id="379421" t="шесть"><g v="NUMR"></g><g v="gent"></g></l></v></tfr></token><token id="717483" text="судов"><tfr rev_id="3723597" t="судов"><v><l id="339014" t="судно"><g v="NOUN"></g><g v="inan"></g><g v="neut"></g><g v="plur"></g><g v="gent"></g></l></v></tfr></token><token id="717484" text="типа"><tfr rev_id="4461432" t="типа"><v><l id="0" t="типа"><g v="UNKN"></g></l></v></tfr></token><token id="717485" text="РТ"><tfr rev_id="3761038" t="РТ"><v><l id="390007" t="рт"><g v="NOUN"></g><g v="inan"></g><g v="femn"></g><g v="Sgtm"></g><g v="Fixd"></g><g v="Abbr"></g><g v="Geox"></g><g v="sing"></g><g v="nomn"></g></l></v><v><l id="390007" t="рт"><g v="NOUN"></g><g v="inan"></g><g v="femn"></g><g v="Sgtm"></g><g v="Fixd"></g><g v="Abbr"></g><g v="Geox"></g><g v="sing"></g><g v="gent"></g></l></v><v><l id="390007" t="рт"><g v="NOUN"></g><g v="inan"></g><g v="femn"></g><g v="Sgtm"></g><g v="Fixd"></g><g v="Abbr"></g><g v="Geox"></g><g v="sing"></g><g v="datv"></g></l></v><v><l id="390007" t="рт"><g v="NOUN"></g><g v="inan"></g><g v="femn"></g><g v="Sgtm"></g><g v="Fixd"></g><g v="Abbr"></g><g v="Geox"></g><g v="sing"></g><g v="accs"></g></l></v><v><l id="390007" t="рт"><g v="NOUN"></g><g v="inan"></g><g v="femn"></g><g v="Sgtm"></g><g v="Fixd"></g><g v="Abbr"></g><g v="Geox"></g><g v="sing"></g><g v="ablt"></g></l></v><v><l id="390007" t="рт"><g v="NOUN"></g><g v="inan"></g><g v="femn"></g><g v="Sgtm"></g><g v="Fixd"></g><g v="Abbr"></g><g v="Geox"></g><g v="sing"></g><g v="loct"></g></l></v></tfr></token><token id="717486" text="и"><tfr rev_id="1549342" t="и"><v><l id="116949" t="и"><g v="CONJ"></g></l></v><v><l id="116950" t="и"><g v="INTJ"></g></l></v></tfr></token><token id="717487" text="буксируемых"><tfr rev_id="3417760" t="буксируемых"><v><l id="35470" t="буксируемый"><g v="PRTF"></g><g v="impf"></g><g v="tran"></g><g v="pres"></g><g v="pssv"></g><g v="plur"></g><g v="gent"></g></l></v></tfr></token><token id="717488" text="ими"><tfr rev_id="3605552" t="ими"><v><l id="206619" t="они"><g v="NPRO"></g><g v="3per"></g><g v="Anph"></g><g v="plur"></g><g v="ablt"></g></l></v></tfr></token><token id="717489" text="барж"><tfr rev_id="1549345" t="барж"><v><l id="23939" t="баржа"><g v="NOUN"></g><g v="inan"></g><g v="femn"></g><g v="plur"></g><g v="gent"></g></l></v></tfr></token><token id="717490" text="с"><tfr rev_id="1549346" t="с"><v><l id="311151" t="с"><g v="PREP"></g></l></v></tfr></token><token id="717491" text="экскаватором"><tfr rev_id="1549347" t="экскаватором"><v><l id="383481" t="экскаватор"><g v="NOUN"></g><g v="inan"></g><g v="masc"></g><g v="sing"></g><g v="ablt"></g></l></v></tfr></token><token id="717492" text="на"><tfr rev_id="3338326" t="на"><v><l id="166264" t="на"><g v="PREP"></g></l></v></tfr></token><token id="717493" text="борту"><tfr rev_id="2850293" t="борту"><v><l id="33039" t="борт"><g v="NOUN"></g><g v="inan"></g><g v="masc"></g><g v="sing"></g><g v="loc2"></g></l></v></tfr></token><token id="717494" text=","><tfr rev_id="1549350" t=","><v><l id="0" t=","><g v="PNCT"></g></l></v></tfr></token><token id="717495" text="а"><tfr rev_id="4103750" t="а"><v><l id="51" t="а"><g v="CONJ"></g></l></v></tfr></token><token id="717496" text="также"><tfr rev_id="4267883" t="также"><v><l id="342482" t="также"><g v="PRCL"></g></l></v></tfr></token><token id="717497" text="двумя"><tfr rev_id="4449783" t="двумя"><v><l id="78668" t="два"><g v="NUMR"></g><g v="ablt"></g></l></v></tfr></token><token id="717498" text="самоходными"><tfr rev_id="1549354" t="самоходными"><v><l id="313107" t="самоходный"><g v="ADJF"></g><g v="Qual"></g><g v="plur"></g><g v="ablt"></g></l></v></tfr></token><token id="717499" text="баржами"><tfr rev_id="1549355" t="баржами"><v><l id="23939" t="баржа"><g v="NOUN"></g><g v="inan"></g><g v="femn"></g><g v="plur"></g><g v="ablt"></g></l></v></tfr></token><token id="717500" text="с"><tfr rev_id="1549356" t="с"><v><l id="311151" t="с"><g v="PREP"></g></l></v></tfr></token><token id="717501" text="гидронасосами"><tfr rev_id="1549357" t="гидронасосами"><v><l id="69834" t="гидронасос"><g v="NOUN"></g><g v="inan"></g><g v="masc"></g><g v="plur"></g><g v="ablt"></g></l></v></tfr></token><token id="717502" text=","><tfr rev_id="1549358" t=","><v><l id="0" t=","><g v="PNCT"></g></l></v></tfr></token><token id="717503" text="китайцы"><tfr rev_id="1549359" t="китайцы"><v><l id="133635" t="китаец"><g v="NOUN"></g><g v="anim"></g><g v="masc"></g><g v="plur"></g><g v="nomn"></g></l></v></tfr></token><token id="717504" text="произвели"><tfr rev_id="1549360" t="произвели"><v><l id="280085" t="произвёл"><g v="VERB"></g><g v="perf"></g><g v="tran"></g><g v="plur"></g><g v="past"></g><g v="indc"></g></l></v></tfr></token><token id="717505" text="забор"><tfr rev_id="4240483" t="забор"><v><l id="98757" t="забор"><g v="NOUN"></g><g v="inan"></g><g v="masc"></g><g v="sing"></g><g v="accs"></g></l></v></tfr></token><token id="717506" text="грунта"><tfr rev_id="1549362" t="грунта"><v><l id="76049" t="грунт"><g v="NOUN"></g><g v="inan"></g><g v="masc"></g><g v="sing"></g><g v="gent"></g></l></v></tfr></token><token id="717507" text="со"><tfr rev_id="2919302" t="со"><v><l id="311151" t="с"><g v="PREP"></g><g v="Vpre"></g></l></v></tfr></token><token id="717508" text="дна"><tfr rev_id="1549364" t="дна"><v><l id="85138" t="дно"><g v="NOUN"></g><g v="inan"></g><g v="neut"></g><g v="sing"></g><g v="gent"></g></l></v></tfr></token><token id="717509" text="Уссури"><tfr rev_id="4180849" t="Уссури"><v><l id="360904" t="уссури"><g v="NOUN"></g><g v="inan"></g><g v="femn"></g><g v="Sgtm"></g><g v="Fixd"></g><g v="Geox"></g><g v="sing"></g><g v="gent"></g></l></v></tfr></token><token id="717510" text="."><tfr rev_id="1549366" t="."><v><l id="0" t="."><g v="PNCT"></g></l></v></tfr></token></tokens></sentence><sentence id="40323"><source>Эти работы затронули 222 километра вдоль берега Уссури в районе российских сёл Шереметьево, Козловка, Покровка и Васильевка.</source><tokens><token id="717511" text="Эти"><tfr rev_id="4446196" t="Эти"><v><l id="386581" t="этот"><g v="ADJF"></g><g v="Subx"></g><g v="Apro"></g><g v="Anph"></g><g v="plur"></g><g v="nomn"></g></l></v></tfr></token><token id="717512" text="работы"><tfr rev_id="3794986" t="работы"><v><l id="290501" t="работа"><g v="NOUN"></g><g v="inan"></g><g v="femn"></g><g v="plur"></g><g v="nomn"></g></l></v></tfr></token><token id="717513" text="затронули"><tfr rev_id="1549369" t="затронули"><v><l id="111983" t="затронул"><g v="VERB"></g><g v="perf"></g><g v="tran"></g><g v="plur"></g><g v="past"></g><g v="indc"></g></l></v></tfr></token><token id="717514" text="222"><tfr rev_id="2463133" t="222"><v><l id="0" t="222"><g v="NUMB"></g></l></v></tfr></token><token id="717515" text="километра"><tfr rev_id="1549371" t="километра"><v><l id="132850" t="километр"><g v="NOUN"></g><g v="inan"></g><g v="masc"></g><g v="sing"></g><g v="gent"></g></l></v></tfr></token><token id="717516" text="вдоль"><tfr rev_id="4420988" t="вдоль"><v><l id="40149" t="вдоль"><g v="PREP"></g></l></v></tfr></token><token id="717517" text="берега"><tfr rev_id="3498430" t="берега"><v><l id="27758" t="берег"><g v="NOUN"></g><g v="inan"></g><g v="masc"></g><g v="sing"></g><g v="gent"></g></l></v></tfr></token><token id="717518" text="Уссури"><tfr rev_id="4285724" t="Уссури"><v><l id="360904" t="уссури"><g v="NOUN"></g><g v="inan"></g><g v="femn"></g><g v="Sgtm"></g><g v="Fixd"></g><g v="Geox"></g><g v="sing"></g><g v="gent"></g></l></v></tfr></token><token id="717519" text="в"><tfr rev_id="1549375" t="в"><v><l id="37409" t="в"><g v="PREP"></g></l></v></tfr></token><token id="717520" text="районе"><tfr rev_id="1549376" t="районе"><v><l id="297595" t="район"><g v="NOUN"></g><g v="inan"></g><g v="masc"></g><g v="sing"></g><g v="loct"></g></l></v></tfr></token><token id="717521" text="российских"><tfr rev_id="4359399" t="российских"><v><l id="309319" t="российский"><g v="ADJF"></g><g v="plur"></g><g v="gent"></g></l></v></tfr></token><token id="717522" text="сёл"><tfr rev_id="1716336" t="сёл"><v><l id="318358" t="село"><g v="NOUN"></g><g v="inan"></g><g v="neut"></g><g v="plur"></g><g v="gent"></g></l></v></tfr></token><token id="717523" text="Шереметьево"><tfr rev_id="3301213" t="Шереметьево"><v><l id="379215" t="шереметьево"><g v="NOUN"></g><g v="inan"></g><g v="neut"></g><g v="Sgtm"></g><g v="Geox"></g><g v="sing"></g><g v="nomn"></g></l></v></tfr></token><token id="717524" text=","><tfr rev_id="1549380" t=","><v><l id="0" t=","><g v="PNCT"></g></l></v></tfr></token><token id="717525" text="Козловка"><tfr rev_id="1549381" t="Козловка"><v><l id="135515" t="козловка"><g v="NOUN"></g><g v="inan"></g><g v="femn"></g><g v="Sgtm"></g><g v="Geox"></g><g v="sing"></g><g v="nomn"></g></l></v></tfr></token><token id="717526" text=","><tfr rev_id="1549382" t=","><v><l id="0" t=","><g v="PNCT"></g></l></v></tfr></token><token id="717527" text="Покровка"><tfr rev_id="1549383" t="Покровка"><v><l id="254826" t="покровка"><g v="NOUN"></g><g v="inan"></g><g v="femn"></g><g v="Sgtm"></g><g v="Geox"></g><g v="sing"></g><g v="nomn"></g></l></v></tfr></token><token id="717528" text="и"><tfr rev_id="3410582" t="и"><v><l id="116949" t="и"><g v="CONJ"></g></l></v></tfr></token><token id="717529" text="Васильевка"><tfr rev_id="1549385" t="Васильевка"><v><l id="39050" t="васильевка"><g v="NOUN"></g><g v="inan"></g><g v="femn"></g><g v="Sgtm"></g><g v="Geox"></g><g v="sing"></g><g v="nomn"></g></l></v></tfr></token><token id="717530" text="."><tfr rev_id="1549386" t="."><v><l id="0" t="."><g v="PNCT"></g></l></v></tfr></token></tokens></sentence><sentence id="40324"><source>Все замечания российских пограничников строители из Поднебесной проигнорировали, как, впрочем, и отосланные в Пекин ноты протеста.</source><tokens><token id="717531" text="Все"><tfr rev_id="4537336" t="Все"><v><l id="42156" t="весь"><g v="ADJF"></g><g v="Subx"></g><g v="Apro"></g><g v="inan"></g><g v="plur"></g><g v="accs"></g></l></v><v><l id="42156" t="весь"><g v="ADJF"></g><g v="Subx"></g><g v="Apro"></g><g v="neut"></g><g v="sing"></g><g v="accs"></g></l></v><v><l id="42156" t="весь"><g v="ADJF"></g><g v="Subx"></g><g v="Apro"></g><g v="neut"></g><g v="sing"></g><g v="nomn"></g></l></v><v><l id="42156" t="весь"><g v="ADJF"></g><g v="Subx"></g><g v="Apro"></g><g v="plur"></g><g v="nomn"></g></l></v></tfr></token><token id="717532" text="замечания"><tfr rev_id="3798046" t="замечания"><v><l id="105546" t="замечание"><g v="NOUN"></g><g v="inan"></g><g v="neut"></g><g v="plur"></g><g v="accs"></g></l></v></tfr></token><token id="717533" text="российских"><tfr rev_id="4357428" t="российских"><v><l id="309319" t="российский"><g v="ADJF"></g><g v="plur"></g><g v="gent"></g></l></v></tfr></token><token id="717534" text="пограничников"><tfr rev_id="4355689" t="пограничников"><v><l id="243523" t="пограничник"><g v="NOUN"></g><g v="anim"></g><g v="masc"></g><g v="plur"></g><g v="gent"></g></l></v></tfr></token><token id="717535" text="строители"><tfr rev_id="1549391" t="строители"><v><l id="337664" t="строитель"><g v="NOUN"></g><g v="anim"></g><g v="masc"></g><g v="plur"></g><g v="nomn"></g></l></v></tfr></token><token id="717536" text="из"><tfr rev_id="2560622" t="из"><v><l id="117677" t="из"><g v="PREP"></g></l></v></tfr></token><token id="717537" text="Поднебесной"><tfr rev_id="2637267" t="Поднебесной"><v><l id="248117" t="поднебесный"><g v="ADJF"></g><g v="femn"></g><g v="sing"></g><g v="gent"></g></l></v></tfr></token><token id="717538" text="проигнорировали"><tfr rev_id="1549394" t="проигнорировали"><v><l id="280048" t="проигнорировал"><g v="VERB"></g><g v="perf"></g><g v="tran"></g><g v="plur"></g><g v="past"></g><g v="indc"></g></l></v></tfr></token><token id="717539" text=","><tfr rev_id="1549395" t=","><v><l id="0" t=","><g v="PNCT"></g></l></v></tfr></token><token id="717540" text="как"><tfr rev_id="1549396" t="как"><v><l id="128190" t="как"><g v="CONJ"></g></l></v><v><l id="128191" t="как"><g v="PRCL"></g></l></v><v><l id="128192" t="как"><g v="ADVB"></g><g v="Ques"></g></l></v></tfr></token><token id="717541" text=","><tfr rev_id="1549397" t=","><v><l id="0" t=","><g v="PNCT"></g></l></v></tfr></token><token id="717542" text="впрочем"><tfr rev_id="3423291" t="впрочем"><v><l id="52738" t="впрочем"><g v="CONJ"></g><g v="Prnt"></g></l></v></tfr></token><token id="717543" text=","><tfr rev_id="1549399" t=","><v><l id="0" t=","><g v="PNCT"></g></l></v></tfr></token><token id="717544" text="и"><tfr rev_id="3677792" t="и"><v><l id="116949" t="и"><g v="CONJ"></g></l></v></tfr></token><token id="717545" text="отосланные"><tfr rev_id="1549401" t="отосланные"><v><l id="216278" t="отосланный"><g v="PRTF"></g><g v="perf"></g><g v="tran"></g><g v="past"></g><g v="pssv"></g><g v="plur"></g><g v="nomn"></g></l></v><v><l id="216278" t="отосланный"><g v="PRTF"></g><g v="perf"></g><g v="tran"></g><g v="past"></g><g v="pssv"></g><g v="inan"></g><g v="plur"></g><g v="accs"></g></l></v></tfr></token><token id="717546" text="в"><tfr rev_id="1549402" t="в"><v><l id="37409" t="в"><g v="PREP"></g></l></v></tfr></token><token id="717547" text="Пекин"><tfr rev_id="4093258" t="Пекин"><v><l id="225746" t="пекин"><g v="NOUN"></g><g v="inan"></g><g v="masc"></g><g v="Geox"></g><g v="sing"></g><g v="accs"></g></l></v></tfr></token><token id="717548" text="ноты"><tfr rev_id="3718386" t="ноты"><v><l id="192377" t="нота"><g v="NOUN"></g><g v="inan"></g><g v="femn"></g><g v="plur"></g><g v="accs"></g></l></v></tfr></token><token id="717549" text="протеста"><tfr rev_id="1549405" t="протеста"><v><l id="285757" t="протест"><g v="NOUN"></g><g v="inan"></g><g v="masc"></g><g v="sing"></g><g v="gent"></g></l></v></tfr></token><token id="717550" text="."><tfr rev_id="1549406" t="."><v><l id="0" t="."><g v="PNCT"></g></l></v></tfr></token></tokens></sentence></paragraph></paragraphs></text>