<?xml version="1.0" encoding="utf-8"?><text id="1450" parent="56" name="Во Владивостоке состоялся несанкционированный митинг протеста"><tags><tag>Автор:http://ru.wikinews.org/wiki/Участник:193.69.116.93</tag><tag>Дата:21/01</tag><tag>Год:2006</tag><tag>Тема:ВикиКатегория:Политика</tag><tag>Гео:ВикиКатегория:Приморский край</tag><tag>Гео:ВикиКатегория:Владивосток</tag><tag>Гео:ВикиКатегория:Россия</tag><tag>url:http://ru.wikinews.org/w/index.php?title=Во_Владивостоке_состоялся_несанкционированный_митинг_протеста&amp;oldid=58832</tag></tags><paragraphs><paragraph id="12992"><sentence id="40350"><source>Во Владивостоке состоялся несанкционированный митинг протеста</source><tokens><token id="717991" text="Во"><tfr rev_id="2920364" t="Во"><v><l id="37409" t="в"><g v="PREP"></g><g v="Vpre"></g></l></v></tfr></token><token id="717992" text="Владивостоке"><tfr rev_id="1549848" t="Владивостоке"><v><l id="46550" t="владивосток"><g v="NOUN"></g><g v="inan"></g><g v="masc"></g><g v="Geox"></g><g v="sing"></g><g v="loct"></g></l></v></tfr></token><token id="717993" text="состоялся"><tfr rev_id="1549849" t="состоялся"><v><l id="330568" t="состоялся"><g v="VERB"></g><g v="perf"></g><g v="intr"></g><g v="masc"></g><g v="sing"></g><g v="past"></g><g v="indc"></g></l></v></tfr></token><token id="717994" text="несанкционированный"><tfr rev_id="1549850" t="несанкционированный"><v><l id="187853" t="несанкционированный"><g v="ADJF"></g><g v="masc"></g><g v="sing"></g><g v="nomn"></g></l></v><v><l id="187853" t="несанкционированный"><g v="ADJF"></g><g v="inan"></g><g v="masc"></g><g v="sing"></g><g v="accs"></g></l></v></tfr></token><token id="717995" text="митинг"><tfr rev_id="4213381" t="митинг"><v><l id="161094" t="митинг"><g v="NOUN"></g><g v="inan"></g><g v="masc"></g><g v="sing"></g><g v="nomn"></g></l></v></tfr></token><token id="717996" text="протеста"><tfr rev_id="1549852" t="протеста"><v><l id="285757" t="протест"><g v="NOUN"></g><g v="inan"></g><g v="masc"></g><g v="sing"></g><g v="gent"></g></l></v></tfr></token></tokens></sentence></paragraph><paragraph id="12993"><sentence id="40351"><source>Во Владивостоке состоялся массовый митинг протеста.</source><tokens><token id="717997" text="Во"><tfr rev_id="2920365" t="Во"><v><l id="37409" t="в"><g v="PREP"></g><g v="Vpre"></g></l></v></tfr></token><token id="717998" text="Владивостоке"><tfr rev_id="1549854" t="Владивостоке"><v><l id="46550" t="владивосток"><g v="NOUN"></g><g v="inan"></g><g v="masc"></g><g v="Geox"></g><g v="sing"></g><g v="loct"></g></l></v></tfr></token><token id="717999" text="состоялся"><tfr rev_id="1549855" t="состоялся"><v><l id="330568" t="состоялся"><g v="VERB"></g><g v="perf"></g><g v="intr"></g><g v="masc"></g><g v="sing"></g><g v="past"></g><g v="indc"></g></l></v></tfr></token><token id="718000" text="массовый"><tfr rev_id="1549856" t="массовый"><v><l id="156047" t="массовый"><g v="ADJF"></g><g v="masc"></g><g v="sing"></g><g v="nomn"></g></l></v><v><l id="156047" t="массовый"><g v="ADJF"></g><g v="inan"></g><g v="masc"></g><g v="sing"></g><g v="accs"></g></l></v></tfr></token><token id="718001" text="митинг"><tfr rev_id="4093418" t="митинг"><v><l id="161094" t="митинг"><g v="NOUN"></g><g v="inan"></g><g v="masc"></g><g v="sing"></g><g v="nomn"></g></l></v></tfr></token><token id="718002" text="протеста"><tfr rev_id="1549858" t="протеста"><v><l id="285757" t="протест"><g v="NOUN"></g><g v="inan"></g><g v="masc"></g><g v="sing"></g><g v="gent"></g></l></v></tfr></token><token id="718003" text="."><tfr rev_id="1549859" t="."><v><l id="0" t="."><g v="PNCT"></g></l></v></tfr></token></tokens></sentence><sentence id="40352"><source>Жители требовали от властей объективного расследования пожара, произошедшего 16 января, а также осуществления мероприятий гарантирующих невозможности повторения подобной трагедии.</source><tokens><token id="718004" text="Жители"><tfr rev_id="1549860" t="Жители"><v><l id="97562" t="житель"><g v="NOUN"></g><g v="anim"></g><g v="masc"></g><g v="plur"></g><g v="nomn"></g></l></v></tfr></token><token id="718005" text="требовали"><tfr rev_id="1549861" t="требовали"><v><l id="349467" t="требую"><g v="VERB"></g><g v="impf"></g><g v="tran"></g><g v="plur"></g><g v="past"></g><g v="indc"></g></l></v></tfr></token><token id="718006" text="от"><tfr rev_id="1549862" t="от"><v><l id="211644" t="от"><g v="PREP"></g></l></v></tfr></token><token id="718007" text="властей"><tfr rev_id="1549863" t="властей"><v><l id="46816" t="власть"><g v="NOUN"></g><g v="inan"></g><g v="femn"></g><g v="plur"></g><g v="gent"></g></l></v></tfr></token><token id="718008" text="объективного"><tfr rev_id="3549181" t="объективного"><v><l id="201858" t="объективный"><g v="ADJF"></g><g v="Qual"></g><g v="neut"></g><g v="sing"></g><g v="gent"></g></l></v></tfr></token><token id="718009" text="расследования"><tfr rev_id="3457583" t="расследования"><v><l id="301076" t="расследование"><g v="NOUN"></g><g v="inan"></g><g v="neut"></g><g v="sing"></g><g v="gent"></g></l></v></tfr></token><token id="718010" text="пожара"><tfr rev_id="1549866" t="пожара"><v><l id="253036" t="пожар"><g v="NOUN"></g><g v="inan"></g><g v="masc"></g><g v="sing"></g><g v="gent"></g></l></v></tfr></token><token id="718011" text=","><tfr rev_id="1549867" t=","><v><l id="0" t=","><g v="PNCT"></g></l></v></tfr></token><token id="718012" text="произошедшего"><tfr rev_id="3443294" t="произошедшего"><v><l id="280164" t="произошедший"><g v="PRTF"></g><g v="perf"></g><g v="intr"></g><g v="past"></g><g v="actv"></g><g v="masc"></g><g v="sing"></g><g v="gent"></g><g v="Infr"></g></l></v><v><l id="280164" t="произошедший"><g v="PRTF"></g><g v="perf"></g><g v="intr"></g><g v="past"></g><g v="actv"></g><g v="anim"></g><g v="masc"></g><g v="sing"></g><g v="accs"></g><g v="Infr"></g></l></v></tfr></token><token id="718013" text="16"><tfr rev_id="2463142" t="16"><v><l id="0" t="16"><g v="NUMB"></g></l></v></tfr></token><token id="718014" text="января"><tfr rev_id="1549870" t="января"><v><l id="387905" t="январь"><g v="NOUN"></g><g v="inan"></g><g v="masc"></g><g v="sing"></g><g v="gent"></g></l></v></tfr></token><token id="718015" text=","><tfr rev_id="1549871" t=","><v><l id="0" t=","><g v="PNCT"></g></l></v></tfr></token><token id="718016" text="а"><tfr rev_id="1549872" t="а"><v><l id="51" t="а"><g v="CONJ"></g></l></v><v><l id="52" t="а"><g v="INTJ"></g></l></v><v><l id="53" t="а"><g v="PRCL"></g></l></v></tfr></token><token id="718017" text="также"><tfr rev_id="4267884" t="также"><v><l id="342482" t="также"><g v="PRCL"></g></l></v></tfr></token><token id="718018" text="осуществления"><tfr rev_id="3489645" t="осуществления"><v><l id="211538" t="осуществление"><g v="NOUN"></g><g v="inan"></g><g v="neut"></g><g v="sing"></g><g v="gent"></g></l></v></tfr></token><token id="718019" text="мероприятий"><tfr rev_id="1549875" t="мероприятий"><v><l id="158644" t="мероприятие"><g v="NOUN"></g><g v="inan"></g><g v="neut"></g><g v="plur"></g><g v="gent"></g></l></v></tfr></token><token id="718020" text="гарантирующих"><tfr rev_id="1549876" t="гарантирующих"><v><l id="67214" t="гарантирующий"><g v="PRTF"></g><g v="impf"></g><g v="tran"></g><g v="pres"></g><g v="actv"></g><g v="plur"></g><g v="gent"></g></l></v><v><l id="67214" t="гарантирующий"><g v="PRTF"></g><g v="impf"></g><g v="tran"></g><g v="pres"></g><g v="actv"></g><g v="anim"></g><g v="plur"></g><g v="accs"></g></l></v><v><l id="67214" t="гарантирующий"><g v="PRTF"></g><g v="impf"></g><g v="tran"></g><g v="pres"></g><g v="actv"></g><g v="plur"></g><g v="loct"></g></l></v></tfr></token><token id="718021" text="невозможности"><tfr rev_id="3741474" t="невозможности"><v><l id="179948" t="невозможность"><g v="NOUN"></g><g v="inan"></g><g v="femn"></g><g v="plur"></g><g v="accs"></g></l></v></tfr></token><token id="718022" text="повторения"><tfr rev_id="3480430" t="повторения"><v><l id="242795" t="повторение"><g v="NOUN"></g><g v="inan"></g><g v="neut"></g><g v="sing"></g><g v="gent"></g></l></v></tfr></token><token id="718023" text="подобной"><tfr rev_id="4170854" t="подобной"><v><l id="248293" t="подобный"><g v="ADJF"></g><g v="Subx"></g><g v="Qual"></g><g v="femn"></g><g v="sing"></g><g v="gent"></g></l></v></tfr></token><token id="718024" text="трагедии"><tfr rev_id="3947478" t="трагедии"><v><l id="348745" t="трагедия"><g v="NOUN"></g><g v="inan"></g><g v="femn"></g><g v="sing"></g><g v="gent"></g></l></v></tfr></token><token id="718025" text="."><tfr rev_id="1549881" t="."><v><l id="0" t="."><g v="PNCT"></g></l></v></tfr></token></tokens></sentence></paragraph><paragraph id="12994"><sentence id="40353"><source>На митинг собралось по различным подсчетам до 300 человек, хотя организаторы расчитывали на несколько тысяч участников.</source><tokens><token id="718026" text="На"><tfr rev_id="3334614" t="На"><v><l id="166264" t="на"><g v="PREP"></g></l></v></tfr></token><token id="718027" text="митинг"><tfr rev_id="4103925" t="митинг"><v><l id="161094" t="митинг"><g v="NOUN"></g><g v="inan"></g><g v="masc"></g><g v="sing"></g><g v="accs"></g></l></v></tfr></token><token id="718028" text="собралось"><tfr rev_id="1549884" t="собралось"><v><l id="327823" t="собрался"><g v="VERB"></g><g v="perf"></g><g v="intr"></g><g v="neut"></g><g v="sing"></g><g v="past"></g><g v="indc"></g></l></v></tfr></token><token id="718029" text="по"><tfr rev_id="1549885" t="по"><v><l id="241240" t="по"><g v="PREP"></g></l></v></tfr></token><token id="718030" text="различным"><tfr rev_id="3459056" t="различным"><v><l id="294553" t="различный"><g v="ADJF"></g><g v="Qual"></g><g v="plur"></g><g v="datv"></g></l></v></tfr></token><token id="718031" text="подсчетам"><tfr rev_id="1549887" t="подсчетам"><v><l id="251206" t="подсчёт"><g v="NOUN"></g><g v="inan"></g><g v="masc"></g><g v="plur"></g><g v="datv"></g></l></v></tfr></token><token id="718032" text="до"><tfr rev_id="1549888" t="до"><v><l id="85153" t="до"><g v="PREP"></g></l></v></tfr></token><token id="718033" text="300"><tfr rev_id="2463143" t="300"><v><l id="0" t="300"><g v="NUMB"></g></l></v></tfr></token><token id="718034" text="человек"><tfr rev_id="3503461" t="человек"><v><l id="375073" t="человек"><g v="NOUN"></g><g v="anim"></g><g v="masc"></g><g v="plur"></g><g v="gent"></g></l></v></tfr></token><token id="718035" text=","><tfr rev_id="1549891" t=","><v><l id="0" t=","><g v="PNCT"></g></l></v></tfr></token><token id="718036" text="хотя"><tfr rev_id="3947799" t="хотя"><v><l id="371732" t="хотя"><g v="CONJ"></g></l></v></tfr></token><token id="718037" text="организаторы"><tfr rev_id="1549893" t="организаторы"><v><l id="208741" t="организатор"><g v="NOUN"></g><g v="anim"></g><g v="masc"></g><g v="plur"></g><g v="nomn"></g></l></v></tfr></token><token id="718038" text="расчитывали"><tfr rev_id="1549894" t="расчитывали"><v><l id="0" t="расчитывали"><g v="UNKN"></g></l></v></tfr></token><token id="718039" text="на"><tfr rev_id="3345266" t="на"><v><l id="166264" t="на"><g v="PREP"></g></l></v></tfr></token><token id="718040" text="несколько"><tfr rev_id="4170583" t="несколько"><v><l id="188126" t="несколько"><g v="NUMR"></g><g v="nomn"></g></l></v><v><l id="188126" t="несколько"><g v="NUMR"></g><g v="inan"></g><g v="accs"></g></l></v></tfr></token><token id="718041" text="тысяч"><tfr rev_id="1549897" t="тысяч"><v><l id="352230" t="тысяча"><g v="NOUN"></g><g v="inan"></g><g v="femn"></g><g v="plur"></g><g v="gent"></g></l></v></tfr></token><token id="718042" text="участников"><tfr rev_id="4382862" t="участников"><v><l id="363151" t="участник"><g v="NOUN"></g><g v="anim"></g><g v="masc"></g><g v="plur"></g><g v="gent"></g></l></v></tfr></token><token id="718043" text="."><tfr rev_id="1549899" t="."><v><l id="0" t="."><g v="PNCT"></g></l></v></tfr></token></tokens></sentence><sentence id="40354"><source>Низкая по сравнению с ожидаемой явка обьясняется тем, что агитация велась только через интернет, а также путём расклейки самодельных объявлений и отправки SMS-сообщений, без использования печатных и других СМИ.</source><tokens><token id="718044" text="Низкая"><tfr rev_id="1549900" t="Низкая"><v><l id="190662" t="низкий"><g v="ADJF"></g><g v="Qual"></g><g v="femn"></g><g v="sing"></g><g v="nomn"></g></l></v></tfr></token><token id="718045" text="по"><tfr rev_id="1549901" t="по"><v><l id="241240" t="по"><g v="PREP"></g></l></v></tfr></token><token id="718046" text="сравнению"><tfr rev_id="1549902" t="сравнению"><v><l id="333307" t="сравнение"><g v="NOUN"></g><g v="inan"></g><g v="neut"></g><g v="sing"></g><g v="datv"></g></l></v></tfr></token><token id="718047" text="с"><tfr rev_id="1549903" t="с"><v><l id="311151" t="с"><g v="PREP"></g></l></v></tfr></token><token id="718048" text="ожидаемой"><tfr rev_id="3419381" t="ожидаемой"><v><l id="203949" t="ожидаемый"><g v="PRTF"></g><g v="impf"></g><g v="tran"></g><g v="pres"></g><g v="pssv"></g><g v="femn"></g><g v="sing"></g><g v="ablt"></g></l></v></tfr></token><token id="718049" text="явка"><tfr rev_id="1549905" t="явка"><v><l id="387369" t="явка"><g v="NOUN"></g><g v="inan"></g><g v="femn"></g><g v="sing"></g><g v="nomn"></g></l></v></tfr></token><token id="718050" text="обьясняется"><tfr rev_id="1549906" t="обьясняется"><v><l id="0" t="обьясняется"><g v="UNKN"></g></l></v></tfr></token><token id="718051" text="тем"><tfr rev_id="4538963" t="тем"><v><l id="348430" t="тот"><g v="ADJF"></g><g v="Subx"></g><g v="Apro"></g><g v="Anph"></g><g v="masc"></g><g v="sing"></g><g v="ablt"></g></l></v><v><l id="348430" t="тот"><g v="ADJF"></g><g v="Subx"></g><g v="Apro"></g><g v="Anph"></g><g v="neut"></g><g v="sing"></g><g v="ablt"></g></l></v></tfr></token><token id="718052" text=","><tfr rev_id="1549908" t=","><v><l id="0" t=","><g v="PNCT"></g></l></v></tfr></token><token id="718053" text="что"><tfr rev_id="3197928" t="что"><v><l id="377004" t="что"><g v="CONJ"></g></l></v><v><l id="377005" t="что"><g v="NPRO"></g><g v="neut"></g><g v="sing"></g><g v="nomn"></g></l></v><v><l id="377005" t="что"><g v="NPRO"></g><g v="neut"></g><g v="sing"></g><g v="accs"></g></l></v><v><l id="377006" t="что"><g v="ADVB"></g><g v="Ques"></g></l></v><v><l id="388695" t="что"><g v="PRCL"></g></l></v></tfr></token><token id="718054" text="агитация"><tfr rev_id="1549910" t="агитация"><v><l id="4012" t="агитация"><g v="NOUN"></g><g v="inan"></g><g v="femn"></g><g v="sing"></g><g v="nomn"></g></l></v></tfr></token><token id="718055" text="велась"><tfr rev_id="1549911" t="велась"><v><l id="42133" t="ведусь"><g v="VERB"></g><g v="impf"></g><g v="intr"></g><g v="femn"></g><g v="sing"></g><g v="past"></g><g v="indc"></g></l></v></tfr></token><token id="718056" text="только"><tfr rev_id="3784243" t="только"><v><l id="347395" t="только"><g v="CONJ"></g></l></v><v><l id="347396" t="только"><g v="PRCL"></g></l></v><v><l id="390053" t="только"><g v="ADVB"></g></l></v></tfr></token><token id="718057" text="через"><tfr rev_id="1549913" t="через"><v><l id="375333" t="через"><g v="PREP"></g></l></v></tfr></token><token id="718058" text="интернет"><tfr rev_id="1549914" t="интернет"><v><l id="123255" t="интернет"><g v="NOUN"></g><g v="inan"></g><g v="masc"></g><g v="sing"></g><g v="nomn"></g></l></v><v><l id="123255" t="интернет"><g v="NOUN"></g><g v="inan"></g><g v="masc"></g><g v="sing"></g><g v="accs"></g></l></v></tfr></token><token id="718059" text=","><tfr rev_id="1549915" t=","><v><l id="0" t=","><g v="PNCT"></g></l></v></tfr></token><token id="718060" text="а"><tfr rev_id="1549916" t="а"><v><l id="51" t="а"><g v="CONJ"></g></l></v><v><l id="52" t="а"><g v="INTJ"></g></l></v><v><l id="53" t="а"><g v="PRCL"></g></l></v></tfr></token><token id="718061" text="также"><tfr rev_id="4267885" t="также"><v><l id="342482" t="также"><g v="PRCL"></g></l></v></tfr></token><token id="718062" text="путём"><tfr rev_id="4403811" t="путём"><v><l id="289498" t="путём"><g v="PREP"></g></l></v></tfr></token><token id="718063" text="расклейки"><tfr rev_id="1717646" t="расклейки"><v><l id="298508" t="расклейка"><g v="NOUN"></g><g v="inan"></g><g v="femn"></g><g v="sing"></g><g v="gent"></g></l></v></tfr></token><token id="718064" text="самодельных"><tfr rev_id="4420612" t="самодельных"><v><l id="312347" t="самодельный"><g v="ADJF"></g><g v="plur"></g><g v="gent"></g></l></v></tfr></token><token id="718065" text="объявлений"><tfr rev_id="1549921" t="объявлений"><v><l id="201901" t="объявление"><g v="NOUN"></g><g v="inan"></g><g v="neut"></g><g v="plur"></g><g v="gent"></g></l></v></tfr></token><token id="718066" text="и"><tfr rev_id="1549922" t="и"><v><l id="116949" t="и"><g v="CONJ"></g></l></v><v><l id="116950" t="и"><g v="INTJ"></g></l></v></tfr></token><token id="718067" text="отправки"><tfr rev_id="3476274" t="отправки"><v><l id="216948" t="отправка"><g v="NOUN"></g><g v="inan"></g><g v="femn"></g><g v="sing"></g><g v="gent"></g></l></v></tfr></token><token id="718068" text="SMS-сообщений"><tfr rev_id="1549924" t="SMS-сообщений"><v><l id="0" t="SMS-сообщений"><g v="UNKN"></g></l></v></tfr></token><token id="718069" text=","><tfr rev_id="1549925" t=","><v><l id="0" t=","><g v="PNCT"></g></l></v></tfr></token><token id="718070" text="без"><tfr rev_id="1549926" t="без"><v><l id="25481" t="без"><g v="PREP"></g></l></v></tfr></token><token id="718071" text="использования"><tfr rev_id="3436528" t="использования"><v><l id="125417" t="использование"><g v="NOUN"></g><g v="inan"></g><g v="neut"></g><g v="sing"></g><g v="gent"></g></l></v></tfr></token><token id="718072" text="печатных"><tfr rev_id="4095840" t="печатных"><v><l id="238222" t="печатный"><g v="ADJF"></g><g v="Qual"></g><g v="plur"></g><g v="gent"></g></l></v></tfr></token><token id="718073" text="и"><tfr rev_id="1549929" t="и"><v><l id="116949" t="и"><g v="CONJ"></g></l></v><v><l id="116950" t="и"><g v="INTJ"></g></l></v></tfr></token><token id="718074" text="других"><tfr rev_id="4159515" t="других"><v><l id="92342" t="другой"><g v="ADJF"></g><g v="Apro"></g><g v="Subx"></g><g v="plur"></g><g v="gent"></g></l></v></tfr></token><token id="718075" text="СМИ"><tfr rev_id="4489559" t="СМИ"><v><l id="326341" t="сми"><g v="NOUN"></g><g v="inan"></g><g v="GNdr"></g><g v="Pltm"></g><g v="Fixd"></g><g v="Abbr"></g><g v="plur"></g><g v="gent"></g></l></v></tfr></token><token id="718076" text="."><tfr rev_id="1549932" t="."><v><l id="0" t="."><g v="PNCT"></g></l></v></tfr></token></tokens></sentence><sentence id="40355"><source>Ещё одной причиной такой явки является, то что изначально митинг планировался на 20 января, но в тот день были назначены похороны погибших, и дату митинга пришлось спешно переносить.</source><tokens><token id="718077" text="Ещё"><tfr rev_id="1549933" t="Ещё"><v><l id="95551" t="ещё"><g v="PRCL"></g></l></v><v><l id="95552" t="ещё"><g v="ADVB"></g></l></v></tfr></token><token id="718078" text="одной"><tfr rev_id="4302375" t="одной"><v><l id="203319" t="один"><g v="ADJF"></g><g v="Apro"></g><g v="Anum"></g><g v="femn"></g><g v="sing"></g><g v="ablt"></g></l></v></tfr></token><token id="718079" text="причиной"><tfr rev_id="1549935" t="причиной"><v><l id="276522" t="причина"><g v="NOUN"></g><g v="inan"></g><g v="femn"></g><g v="sing"></g><g v="ablt"></g></l></v></tfr></token><token id="718080" text="такой"><tfr rev_id="2635766" t="такой"><v><l id="342491" t="такой"><g v="ADJF"></g><g v="Apro"></g><g v="femn"></g><g v="sing"></g><g v="gent"></g></l></v><v><l id="342491" t="такой"><g v="ADJF"></g><g v="Apro"></g><g v="femn"></g><g v="sing"></g><g v="datv"></g></l></v><v><l id="342491" t="такой"><g v="ADJF"></g><g v="Apro"></g><g v="femn"></g><g v="sing"></g><g v="ablt"></g></l></v><v><l id="342491" t="такой"><g v="ADJF"></g><g v="Apro"></g><g v="femn"></g><g v="sing"></g><g v="loct"></g></l></v></tfr></token><token id="718081" text="явки"><tfr rev_id="3479729" t="явки"><v><l id="387369" t="явка"><g v="NOUN"></g><g v="inan"></g><g v="femn"></g><g v="sing"></g><g v="gent"></g></l></v></tfr></token><token id="718082" text="является"><tfr rev_id="1549938" t="является"><v><l id="387385" t="являюсь"><g v="VERB"></g><g v="impf"></g><g v="intr"></g><g v="sing"></g><g v="3per"></g><g v="pres"></g><g v="indc"></g></l></v></tfr></token><token id="718083" text=","><tfr rev_id="1549939" t=","><v><l id="0" t=","><g v="PNCT"></g></l></v></tfr></token><token id="718084" text="то"><tfr rev_id="3777771" t="то"><v><l id="346835" t="то"><g v="CONJ"></g></l></v><v><l id="346836" t="то"><g v="PRCL"></g></l></v><v><l id="348430" t="тот"><g v="ADJF"></g><g v="Subx"></g><g v="Apro"></g><g v="Anph"></g><g v="neut"></g><g v="sing"></g><g v="nomn"></g></l></v><v><l id="348430" t="тот"><g v="ADJF"></g><g v="Subx"></g><g v="Apro"></g><g v="Anph"></g><g v="neut"></g><g v="sing"></g><g v="accs"></g></l></v></tfr></token><token id="718085" text="что"><tfr rev_id="3197929" t="что"><v><l id="377004" t="что"><g v="CONJ"></g></l></v><v><l id="377005" t="что"><g v="NPRO"></g><g v="neut"></g><g v="sing"></g><g v="nomn"></g></l></v><v><l id="377005" t="что"><g v="NPRO"></g><g v="neut"></g><g v="sing"></g><g v="accs"></g></l></v><v><l id="377006" t="что"><g v="ADVB"></g><g v="Ques"></g></l></v><v><l id="388695" t="что"><g v="PRCL"></g></l></v></tfr></token><token id="718086" text="изначально"><tfr rev_id="1549942" t="изначально"><v><l id="119884" t="изначально"><g v="ADVB"></g></l></v><v><l id="119887" t="изначален"><g v="ADJS"></g><g v="neut"></g><g v="sing"></g></l></v></tfr></token><token id="718087" text="митинг"><tfr rev_id="1549943" t="митинг"><v><l id="161094" t="митинг"><g v="NOUN"></g><g v="inan"></g><g v="masc"></g><g v="sing"></g><g v="nomn"></g></l></v><v><l id="161094" t="митинг"><g v="NOUN"></g><g v="inan"></g><g v="masc"></g><g v="sing"></g><g v="accs"></g></l></v></tfr></token><token id="718088" text="планировался"><tfr rev_id="1549944" t="планировался"><v><l id="239722" t="планируюсь"><g v="VERB"></g><g v="impf"></g><g v="intr"></g><g v="masc"></g><g v="sing"></g><g v="past"></g><g v="indc"></g></l></v></tfr></token><token id="718089" text="на"><tfr rev_id="3394417" t="на"><v><l id="166264" t="на"><g v="PREP"></g></l></v></tfr></token><token id="718090" text="20"><tfr rev_id="2463144" t="20"><v><l id="0" t="20"><g v="NUMB"></g></l></v></tfr></token><token id="718091" text="января"><tfr rev_id="1549947" t="января"><v><l id="387905" t="январь"><g v="NOUN"></g><g v="inan"></g><g v="masc"></g><g v="sing"></g><g v="gent"></g></l></v></tfr></token><token id="718092" text=","><tfr rev_id="1549948" t=","><v><l id="0" t=","><g v="PNCT"></g></l></v></tfr></token><token id="718093" text="но"><tfr rev_id="1549949" t="но"><v><l id="191429" t="но"><g v="CONJ"></g></l></v><v><l id="191430" t="но"><g v="INTJ"></g></l></v></tfr></token><token id="718094" text="в"><tfr rev_id="1549950" t="в"><v><l id="37409" t="в"><g v="PREP"></g></l></v></tfr></token><token id="718095" text="тот"><tfr rev_id="3769795" t="тот"><v><l id="348430" t="тот"><g v="ADJF"></g><g v="Subx"></g><g v="Apro"></g><g v="Anph"></g><g v="masc"></g><g v="sing"></g><g v="nomn"></g></l></v><v><l id="348430" t="тот"><g v="ADJF"></g><g v="Subx"></g><g v="Apro"></g><g v="Anph"></g><g v="inan"></g><g v="masc"></g><g v="sing"></g><g v="accs"></g></l></v></tfr></token><token id="718096" text="день"><tfr rev_id="1714662" t="день"><v><l id="81427" t="день"><g v="NOUN"></g><g v="inan"></g><g v="masc"></g><g v="sing"></g><g v="nomn"></g></l></v><v><l id="81427" t="день"><g v="NOUN"></g><g v="inan"></g><g v="masc"></g><g v="sing"></g><g v="accs"></g></l></v></tfr></token><token id="718097" text="были"><tfr rev_id="1715500" t="были"><v><l id="37265" t="есть"><g v="VERB"></g><g v="impf"></g><g v="intr"></g><g v="plur"></g><g v="past"></g><g v="indc"></g></l></v></tfr></token><token id="718098" text="назначены"><tfr rev_id="1549954" t="назначены"><v><l id="170427" t="назначен"><g v="PRTS"></g><g v="perf"></g><g v="past"></g><g v="pssv"></g><g v="plur"></g></l></v></tfr></token><token id="718099" text="похороны"><tfr rev_id="3728301" t="похороны"><v><l id="264435" t="похороны"><g v="NOUN"></g><g v="inan"></g><g v="GNdr"></g><g v="Pltm"></g><g v="plur"></g><g v="nomn"></g></l></v></tfr></token><token id="718100" text="погибших"><tfr rev_id="1549956" t="погибших"><v><l id="243193" t="погибший"><g v="PRTF"></g><g v="perf"></g><g v="intr"></g><g v="past"></g><g v="actv"></g><g v="plur"></g><g v="gent"></g></l></v><v><l id="243193" t="погибший"><g v="PRTF"></g><g v="perf"></g><g v="intr"></g><g v="past"></g><g v="actv"></g><g v="anim"></g><g v="plur"></g><g v="accs"></g></l></v><v><l id="243193" t="погибший"><g v="PRTF"></g><g v="perf"></g><g v="intr"></g><g v="past"></g><g v="actv"></g><g v="plur"></g><g v="loct"></g></l></v><v><l id="243195" t="погибший"><g v="ADJF"></g><g v="plur"></g><g v="gent"></g></l></v><v><l id="243195" t="погибший"><g v="ADJF"></g><g v="anim"></g><g v="plur"></g><g v="accs"></g></l></v><v><l id="243195" t="погибший"><g v="ADJF"></g><g v="plur"></g><g v="loct"></g></l></v></tfr></token><token id="718101" text=","><tfr rev_id="1549957" t=","><v><l id="0" t=","><g v="PNCT"></g></l></v></tfr></token><token id="718102" text="и"><tfr rev_id="3480721" t="и"><v><l id="116949" t="и"><g v="CONJ"></g></l></v></tfr></token><token id="718103" text="дату"><tfr rev_id="1549959" t="дату"><v><l id="78501" t="дата"><g v="NOUN"></g><g v="inan"></g><g v="femn"></g><g v="sing"></g><g v="accs"></g></l></v></tfr></token><token id="718104" text="митинга"><tfr rev_id="1549960" t="митинга"><v><l id="161094" t="митинг"><g v="NOUN"></g><g v="inan"></g><g v="masc"></g><g v="sing"></g><g v="gent"></g></l></v></tfr></token><token id="718105" text="пришлось"><tfr rev_id="1549961" t="пришлось"><v><l id="270741" t="пришёлся"><g v="VERB"></g><g v="perf"></g><g v="intr"></g><g v="neut"></g><g v="sing"></g><g v="past"></g><g v="indc"></g></l></v></tfr></token><token id="718106" text="спешно"><tfr rev_id="1549962" t="спешно"><v><l id="332081" t="спешно"><g v="ADVB"></g></l></v><v><l id="332084" t="спешен"><g v="ADJS"></g><g v="Qual"></g><g v="neut"></g><g v="sing"></g></l></v></tfr></token><token id="718107" text="переносить"><tfr rev_id="1549963" t="переносить"><v><l id="231870" t="переносить"><g v="INFN"></g><g v="impf"></g><g v="tran"></g></l></v><v><l id="231877" t="переносить"><g v="INFN"></g><g v="perf"></g><g v="tran"></g></l></v></tfr></token><token id="718108" text="."><tfr rev_id="1549964" t="."><v><l id="0" t="."><g v="PNCT"></g></l></v></tfr></token></tokens></sentence></paragraph><paragraph id="12995"><sentence id="40356"><source>Как заявляют пришедшие на митинг, сам митинг был подготовлен достаточно слабо.</source><tokens><token id="718109" text="Как"><tfr rev_id="1549965" t="Как"><v><l id="128190" t="как"><g v="CONJ"></g></l></v><v><l id="128191" t="как"><g v="PRCL"></g></l></v><v><l id="128192" t="как"><g v="ADVB"></g><g v="Ques"></g></l></v></tfr></token><token id="718110" text="заявляют"><tfr rev_id="1549966" t="заявляют"><v><l id="114312" t="заявляю"><g v="VERB"></g><g v="impf"></g><g v="tran"></g><g v="plur"></g><g v="3per"></g><g v="pres"></g><g v="indc"></g></l></v></tfr></token><token id="718111" text="пришедшие"><tfr rev_id="1549967" t="пришедшие"><v><l id="270739" t="пришедший"><g v="PRTF"></g><g v="perf"></g><g v="intr"></g><g v="past"></g><g v="actv"></g><g v="plur"></g><g v="nomn"></g></l></v><v><l id="270739" t="пришедший"><g v="PRTF"></g><g v="perf"></g><g v="intr"></g><g v="past"></g><g v="actv"></g><g v="inan"></g><g v="plur"></g><g v="accs"></g></l></v></tfr></token><token id="718112" text="на"><tfr rev_id="3342513" t="на"><v><l id="166264" t="на"><g v="PREP"></g></l></v></tfr></token><token id="718113" text="митинг"><tfr rev_id="3555895" t="митинг"><v><l id="161094" t="митинг"><g v="NOUN"></g><g v="inan"></g><g v="masc"></g><g v="sing"></g><g v="accs"></g></l></v></tfr></token><token id="718114" text=","><tfr rev_id="1549970" t=","><v><l id="0" t=","><g v="PNCT"></g></l></v></tfr></token><token id="718115" text="сам"><tfr rev_id="1549971" t="сам"><v><l id="312034" t="сам"><g v="ADJF"></g><g v="Apro"></g><g v="masc"></g><g v="sing"></g><g v="nomn"></g></l></v><v><l id="312034" t="сам"><g v="ADJF"></g><g v="Apro"></g><g v="inan"></g><g v="masc"></g><g v="sing"></g><g v="accs"></g></l></v></tfr></token><token id="718116" text="митинг"><tfr rev_id="1549972" t="митинг"><v><l id="161094" t="митинг"><g v="NOUN"></g><g v="inan"></g><g v="masc"></g><g v="sing"></g><g v="nomn"></g></l></v><v><l id="161094" t="митинг"><g v="NOUN"></g><g v="inan"></g><g v="masc"></g><g v="sing"></g><g v="accs"></g></l></v></tfr></token><token id="718117" text="был"><tfr rev_id="1549973" t="был"><v><l id="37265" t="есть"><g v="VERB"></g><g v="impf"></g><g v="intr"></g><g v="masc"></g><g v="sing"></g><g v="past"></g><g v="indc"></g></l></v></tfr></token><token id="718118" text="подготовлен"><tfr rev_id="1549974" t="подготовлен"><v><l id="245108" t="подготовлен"><g v="PRTS"></g><g v="perf"></g><g v="past"></g><g v="pssv"></g><g v="masc"></g><g v="sing"></g></l></v></tfr></token><token id="718119" text="достаточно"><tfr rev_id="1549975" t="достаточно"><v><l id="90477" t="достаточно"><g v="ADVB"></g><g v="Prdx"></g></l></v><v><l id="90480" t="достаточен"><g v="ADJS"></g><g v="Qual"></g><g v="neut"></g><g v="sing"></g></l></v></tfr></token><token id="718120" text="слабо"><tfr rev_id="1549976" t="слабо"><v><l id="324176" t="слабо"><g v="ADVB"></g><g v="Prdx"></g></l></v><v><l id="324385" t="слаб"><g v="ADJS"></g><g v="Qual"></g><g v="neut"></g><g v="sing"></g></l></v></tfr></token><token id="718121" text="."><tfr rev_id="1549977" t="."><v><l id="0" t="."><g v="PNCT"></g></l></v></tfr></token></tokens></sentence><sentence id="40357"><source>Не былого явного лидера-руководителя митинга, отсутствовали рупор, мегафон или другие подобные средства.</source><tokens><token id="718122" text="Не"><tfr rev_id="1549978" t="Не"><v><l id="178876" t="не"><g v="PRCL"></g></l></v></tfr></token><token id="718123" text="былого"><tfr rev_id="3549166" t="былого"><v><l id="37045" t="былой"><g v="ADJF"></g><g v="masc"></g><g v="sing"></g><g v="gent"></g></l></v><v><l id="37045" t="былой"><g v="ADJF"></g><g v="anim"></g><g v="masc"></g><g v="sing"></g><g v="accs"></g></l></v></tfr></token><token id="718124" text="явного"><tfr rev_id="3408308" t="явного"><v><l id="387393" t="явный"><g v="ADJF"></g><g v="Qual"></g><g v="masc"></g><g v="sing"></g><g v="gent"></g></l></v><v><l id="387393" t="явный"><g v="ADJF"></g><g v="Qual"></g><g v="anim"></g><g v="masc"></g><g v="sing"></g><g v="accs"></g></l></v></tfr></token><token id="718125" text="лидера"><tfr rev_id="2922288" t="лидера"><v><l id="149007" t="лидер"><g v="NOUN"></g><g v="anim"></g><g v="masc"></g><g v="sing"></g><g v="gent"></g></l></v></tfr></token><token id="718126" text="-"><tfr rev_id="1549982" t="-"><v><l id="0" t="-"><g v="PNCT"></g></l></v></tfr></token><token id="718127" text="руководителя"><tfr rev_id="3546893" t="руководителя"><v><l id="309980" t="руководитель"><g v="NOUN"></g><g v="anim"></g><g v="masc"></g><g v="sing"></g><g v="gent"></g></l></v></tfr></token><token id="718128" text="митинга"><tfr rev_id="1549984" t="митинга"><v><l id="161094" t="митинг"><g v="NOUN"></g><g v="inan"></g><g v="masc"></g><g v="sing"></g><g v="gent"></g></l></v></tfr></token><token id="718129" text=","><tfr rev_id="1549985" t=","><v><l id="0" t=","><g v="PNCT"></g></l></v></tfr></token><token id="718130" text="отсутствовали"><tfr rev_id="1549986" t="отсутствовали"><v><l id="218693" t="отсутствую"><g v="VERB"></g><g v="impf"></g><g v="intr"></g><g v="plur"></g><g v="past"></g><g v="indc"></g></l></v></tfr></token><token id="718131" text="рупор"><tfr rev_id="3465402" t="рупор"><v><l id="310193" t="рупор"><g v="NOUN"></g><g v="inan"></g><g v="masc"></g><g v="sing"></g><g v="nomn"></g></l></v></tfr></token><token id="718132" text=","><tfr rev_id="1549988" t=","><v><l id="0" t=","><g v="PNCT"></g></l></v></tfr></token><token id="718133" text="мегафон"><tfr rev_id="1549989" t="мегафон"><v><l id="156925" t="мегафон"><g v="NOUN"></g><g v="inan"></g><g v="masc"></g><g v="sing"></g><g v="nomn"></g></l></v><v><l id="156925" t="мегафон"><g v="NOUN"></g><g v="inan"></g><g v="masc"></g><g v="sing"></g><g v="accs"></g></l></v></tfr></token><token id="718134" text="или"><tfr rev_id="3787381" t="или"><v><l id="121146" t="или"><g v="CONJ"></g></l></v></tfr></token><token id="718135" text="другие"><tfr rev_id="3793212" t="другие"><v><l id="92342" t="другой"><g v="ADJF"></g><g v="Apro"></g><g v="Subx"></g><g v="plur"></g><g v="nomn"></g></l></v></tfr></token><token id="718136" text="подобные"><tfr rev_id="3808663" t="подобные"><v><l id="248293" t="подобный"><g v="ADJF"></g><g v="Subx"></g><g v="Qual"></g><g v="plur"></g><g v="nomn"></g></l></v></tfr></token><token id="718137" text="средства"><tfr rev_id="3797779" t="средства"><v><l id="333716" t="средство"><g v="NOUN"></g><g v="inan"></g><g v="neut"></g><g v="plur"></g><g v="nomn"></g></l></v></tfr></token><token id="718138" text="."><tfr rev_id="1549994" t="."><v><l id="0" t="."><g v="PNCT"></g></l></v></tfr></token></tokens></sentence><sentence id="40358"><source>Однако это сослужило организаторам и участникам митинга хорошую службу: поскольку митинг не был санкционирован, органы правопорядка не были в состоянии выявить и задержать организаторов.</source><tokens><token id="718139" text="Однако"><tfr rev_id="2624639" t="Однако"><v><l id="203386" t="однако"><g v="INTJ"></g></l></v><v><l id="203387" t="однако"><g v="CONJ"></g><g v="Prnt"></g></l></v></tfr></token><token id="718140" text="это"><tfr rev_id="4441926" t="это"><v><l id="386574" t="это"><g v="PRCL"></g></l></v><v><l id="386575" t="это"><g v="NPRO"></g><g v="neut"></g><g v="sing"></g><g v="nomn"></g></l></v><v><l id="386575" t="это"><g v="NPRO"></g><g v="neut"></g><g v="sing"></g><g v="accs"></g></l></v><v><l id="386581" t="этот"><g v="ADJF"></g><g v="Subx"></g><g v="Apro"></g><g v="Anph"></g><g v="neut"></g><g v="sing"></g><g v="nomn"></g></l></v><v><l id="386581" t="этот"><g v="ADJF"></g><g v="Subx"></g><g v="Apro"></g><g v="Anph"></g><g v="neut"></g><g v="sing"></g><g v="accs"></g></l></v></tfr></token><token id="718141" text="сослужило"><tfr rev_id="1549997" t="сослужило"><v><l id="330392" t="сослужил"><g v="VERB"></g><g v="perf"></g><g v="tran"></g><g v="neut"></g><g v="sing"></g><g v="past"></g><g v="indc"></g></l></v></tfr></token><token id="718142" text="организаторам"><tfr rev_id="1549998" t="организаторам"><v><l id="208741" t="организатор"><g v="NOUN"></g><g v="anim"></g><g v="masc"></g><g v="plur"></g><g v="datv"></g></l></v></tfr></token><token id="718143" text="и"><tfr rev_id="3675201" t="и"><v><l id="116949" t="и"><g v="CONJ"></g></l></v></tfr></token><token id="718144" text="участникам"><tfr rev_id="1550000" t="участникам"><v><l id="363151" t="участник"><g v="NOUN"></g><g v="anim"></g><g v="masc"></g><g v="plur"></g><g v="datv"></g></l></v></tfr></token><token id="718145" text="митинга"><tfr rev_id="1550001" t="митинга"><v><l id="161094" t="митинг"><g v="NOUN"></g><g v="inan"></g><g v="masc"></g><g v="sing"></g><g v="gent"></g></l></v></tfr></token><token id="718146" text="хорошую"><tfr rev_id="1550002" t="хорошую"><v><l id="371668" t="хороший"><g v="ADJF"></g><g v="Qual"></g><g v="femn"></g><g v="sing"></g><g v="accs"></g></l></v></tfr></token><token id="718147" text="службу"><tfr rev_id="1550003" t="службу"><v><l id="325377" t="служба"><g v="NOUN"></g><g v="inan"></g><g v="femn"></g><g v="sing"></g><g v="accs"></g></l></v></tfr></token><token id="718148" text=":"><tfr rev_id="1550004" t=":"><v><l id="0" t=":"><g v="PNCT"></g></l></v></tfr></token><token id="718149" text="поскольку"><tfr rev_id="1550005" t="поскольку"><v><l id="261429" t="поскольку"><g v="CONJ"></g></l></v></tfr></token><token id="718150" text="митинг"><tfr rev_id="1550006" t="митинг"><v><l id="161094" t="митинг"><g v="NOUN"></g><g v="inan"></g><g v="masc"></g><g v="sing"></g><g v="nomn"></g></l></v><v><l id="161094" t="митинг"><g v="NOUN"></g><g v="inan"></g><g v="masc"></g><g v="sing"></g><g v="accs"></g></l></v></tfr></token><token id="718151" text="не"><tfr rev_id="1550007" t="не"><v><l id="178876" t="не"><g v="PRCL"></g></l></v></tfr></token><token id="718152" text="был"><tfr rev_id="1550008" t="был"><v><l id="37265" t="есть"><g v="VERB"></g><g v="impf"></g><g v="intr"></g><g v="masc"></g><g v="sing"></g><g v="past"></g><g v="indc"></g></l></v></tfr></token><token id="718153" text="санкционирован"><tfr rev_id="1550009" t="санкционирован"><v><l id="313364" t="санкционирован"><g v="PRTS"></g><g v="perf"></g><g v="past"></g><g v="pssv"></g><g v="masc"></g><g v="sing"></g></l></v><v><l id="313365" t="санкционирован"><g v="PRTS"></g><g v="impf"></g><g v="past"></g><g v="pssv"></g><g v="masc"></g><g v="sing"></g></l></v></tfr></token><token id="718154" text=","><tfr rev_id="1550010" t=","><v><l id="0" t=","><g v="PNCT"></g></l></v></tfr></token><token id="718155" text="органы"><tfr rev_id="2930868" t="органы"><v><l id="208736" t="орган"><g v="NOUN"></g><g v="inan"></g><g v="masc"></g><g v="plur"></g><g v="nomn"></g></l></v></tfr></token><token id="718156" text="правопорядка"><tfr rev_id="1550012" t="правопорядка"><v><l id="265744" t="правопорядок"><g v="NOUN"></g><g v="inan"></g><g v="masc"></g><g v="sing"></g><g v="gen1"></g></l></v></tfr></token><token id="718157" text="не"><tfr rev_id="1550013" t="не"><v><l id="178876" t="не"><g v="PRCL"></g></l></v></tfr></token><token id="718158" text="были"><tfr rev_id="1715496" t="были"><v><l id="37265" t="есть"><g v="VERB"></g><g v="impf"></g><g v="intr"></g><g v="plur"></g><g v="past"></g><g v="indc"></g></l></v></tfr></token><token id="718159" text="в"><tfr rev_id="1550015" t="в"><v><l id="37409" t="в"><g v="PREP"></g></l></v></tfr></token><token id="718160" text="состоянии"><tfr rev_id="1550016" t="состоянии"><v><l id="330557" t="состояние"><g v="NOUN"></g><g v="inan"></g><g v="neut"></g><g v="sing"></g><g v="loct"></g></l></v></tfr></token><token id="718161" text="выявить"><tfr rev_id="1550017" t="выявить"><v><l id="64873" t="выявить"><g v="INFN"></g><g v="perf"></g><g v="tran"></g></l></v></tfr></token><token id="718162" text="и"><tfr rev_id="1550018" t="и"><v><l id="116949" t="и"><g v="CONJ"></g></l></v><v><l id="116950" t="и"><g v="INTJ"></g></l></v></tfr></token><token id="718163" text="задержать"><tfr rev_id="1550019" t="задержать"><v><l id="101570" t="задержать"><g v="INFN"></g><g v="perf"></g><g v="tran"></g></l></v></tfr></token><token id="718164" text="организаторов"><tfr rev_id="4096498" t="организаторов"><v><l id="208741" t="организатор"><g v="NOUN"></g><g v="anim"></g><g v="masc"></g><g v="plur"></g><g v="accs"></g></l></v></tfr></token><token id="718165" text="."><tfr rev_id="1550021" t="."><v><l id="0" t="."><g v="PNCT"></g></l></v></tfr></token></tokens></sentence><sentence id="40359"><source>Не смотря на это, некоторые участники заявляют, что после окончания митинга они были задержаны представителями правоохранительных органов для выяснения личности и отконвоированы в отделение милиции, где с них была затребована объяснительная об участии в митинге.</source><tokens><token id="718166" text="Не"><tfr rev_id="1550022" t="Не"><v><l id="178876" t="не"><g v="PRCL"></g></l></v></tfr></token><token id="718167" text="смотря"><tfr rev_id="1550023" t="смотря"><v><l id="326804" t="смотря"><g v="GRND"></g><g v="impf"></g><g v="tran"></g><g v="pres"></g></l></v></tfr></token><token id="718168" text="на"><tfr rev_id="3474969" t="на"><v><l id="166264" t="на"><g v="PREP"></g></l></v></tfr></token><token id="718169" text="это"><tfr rev_id="4441927" t="это"><v><l id="386574" t="это"><g v="PRCL"></g></l></v><v><l id="386575" t="это"><g v="NPRO"></g><g v="neut"></g><g v="sing"></g><g v="nomn"></g></l></v><v><l id="386575" t="это"><g v="NPRO"></g><g v="neut"></g><g v="sing"></g><g v="accs"></g></l></v><v><l id="386581" t="этот"><g v="ADJF"></g><g v="Subx"></g><g v="Apro"></g><g v="Anph"></g><g v="neut"></g><g v="sing"></g><g v="nomn"></g></l></v><v><l id="386581" t="этот"><g v="ADJF"></g><g v="Subx"></g><g v="Apro"></g><g v="Anph"></g><g v="neut"></g><g v="sing"></g><g v="accs"></g></l></v></tfr></token><token id="718170" text=","><tfr rev_id="1550026" t=","><v><l id="0" t=","><g v="PNCT"></g></l></v></tfr></token><token id="718171" text="некоторые"><tfr rev_id="4476455" t="некоторые"><v><l id="183542" t="некоторый"><g v="ADJF"></g><g v="Apro"></g><g v="plur"></g><g v="nomn"></g></l></v><v><l id="183542" t="некоторый"><g v="ADJF"></g><g v="Apro"></g><g v="inan"></g><g v="plur"></g><g v="accs"></g></l></v></tfr></token><token id="718172" text="участники"><tfr rev_id="1550028" t="участники"><v><l id="363151" t="участник"><g v="NOUN"></g><g v="anim"></g><g v="masc"></g><g v="plur"></g><g v="nomn"></g></l></v></tfr></token><token id="718173" text="заявляют"><tfr rev_id="1550029" t="заявляют"><v><l id="114312" t="заявляю"><g v="VERB"></g><g v="impf"></g><g v="tran"></g><g v="plur"></g><g v="3per"></g><g v="pres"></g><g v="indc"></g></l></v></tfr></token><token id="718174" text=","><tfr rev_id="1550030" t=","><v><l id="0" t=","><g v="PNCT"></g></l></v></tfr></token><token id="718175" text="что"><tfr rev_id="3197930" t="что"><v><l id="377004" t="что"><g v="CONJ"></g></l></v><v><l id="377005" t="что"><g v="NPRO"></g><g v="neut"></g><g v="sing"></g><g v="nomn"></g></l></v><v><l id="377005" t="что"><g v="NPRO"></g><g v="neut"></g><g v="sing"></g><g v="accs"></g></l></v><v><l id="377006" t="что"><g v="ADVB"></g><g v="Ques"></g></l></v><v><l id="388695" t="что"><g v="PRCL"></g></l></v></tfr></token><token id="718176" text="после"><tfr rev_id="4407367" t="после"><v><l id="261542" t="после"><g v="PREP"></g></l></v></tfr></token><token id="718177" text="окончания"><tfr rev_id="3435199" t="окончания"><v><l id="205175" t="окончание"><g v="NOUN"></g><g v="inan"></g><g v="neut"></g><g v="sing"></g><g v="gent"></g></l></v></tfr></token><token id="718178" text="митинга"><tfr rev_id="1550034" t="митинга"><v><l id="161094" t="митинг"><g v="NOUN"></g><g v="inan"></g><g v="masc"></g><g v="sing"></g><g v="gent"></g></l></v></tfr></token><token id="718179" text="они"><tfr rev_id="3599503" t="они"><v><l id="206619" t="они"><g v="NPRO"></g><g v="3per"></g><g v="Anph"></g><g v="plur"></g><g v="nomn"></g></l></v></tfr></token><token id="718180" text="были"><tfr rev_id="1714709" t="были"><v><l id="37265" t="есть"><g v="VERB"></g><g v="impf"></g><g v="intr"></g><g v="plur"></g><g v="past"></g><g v="indc"></g></l></v></tfr></token><token id="718181" text="задержаны"><tfr rev_id="1550037" t="задержаны"><v><l id="101573" t="задержан"><g v="PRTS"></g><g v="perf"></g><g v="past"></g><g v="pssv"></g><g v="plur"></g></l></v></tfr></token><token id="718182" text="представителями"><tfr rev_id="1550038" t="представителями"><v><l id="267083" t="представитель"><g v="NOUN"></g><g v="anim"></g><g v="masc"></g><g v="plur"></g><g v="ablt"></g></l></v></tfr></token><token id="718183" text="правоохранительных"><tfr rev_id="3285477" t="правоохранительных"><v><l id="265734" t="правоохранительный"><g v="ADJF"></g><g v="plur"></g><g v="gent"></g></l></v></tfr></token><token id="718184" text="органов"><tfr rev_id="1550040" t="органов"><v><l id="208736" t="орган"><g v="NOUN"></g><g v="inan"></g><g v="masc"></g><g v="plur"></g><g v="gent"></g></l></v></tfr></token><token id="718185" text="для"><tfr rev_id="3391692" t="для"><v><l id="85032" t="для"><g v="PREP"></g></l></v></tfr></token><token id="718186" text="выяснения"><tfr rev_id="4100213" t="выяснения"><v><l id="64896" t="выяснение"><g v="NOUN"></g><g v="inan"></g><g v="neut"></g><g v="sing"></g><g v="gent"></g></l></v></tfr></token><token id="718187" text="личности"><tfr rev_id="4314005" t="личности"><v><l id="150210" t="личность"><g v="NOUN"></g><g v="inan"></g><g v="femn"></g><g v="sing"></g><g v="gent"></g></l></v></tfr></token><token id="718188" text="и"><tfr rev_id="3495525" t="и"><v><l id="116949" t="и"><g v="CONJ"></g></l></v></tfr></token><token id="718189" text="отконвоированы"><tfr rev_id="1550045" t="отконвоированы"><v><l id="214493" t="отконвоирован"><g v="PRTS"></g><g v="perf"></g><g v="past"></g><g v="pssv"></g><g v="plur"></g></l></v></tfr></token><token id="718190" text="в"><tfr rev_id="1550046" t="в"><v><l id="37409" t="в"><g v="PREP"></g></l></v></tfr></token><token id="718191" text="отделение"><tfr rev_id="3300693" t="отделение"><v><l id="213368" t="отделение"><g v="NOUN"></g><g v="inan"></g><g v="neut"></g><g v="sing"></g><g v="accs"></g></l></v></tfr></token><token id="718192" text="милиции"><tfr rev_id="4286326" t="милиции"><v><l id="160225" t="милиция"><g v="NOUN"></g><g v="inan"></g><g v="femn"></g><g v="sing"></g><g v="gent"></g></l></v></tfr></token><token id="718193" text=","><tfr rev_id="1550049" t=","><v><l id="0" t=","><g v="PNCT"></g></l></v></tfr></token><token id="718194" text="где"><tfr rev_id="2636536" t="где"><v><l id="67984" t="где"><g v="ADVB"></g><g v="Ques"></g></l></v><v><l id="388669" t="где"><g v="CONJ"></g></l></v></tfr></token><token id="718195" text="с"><tfr rev_id="1550051" t="с"><v><l id="311151" t="с"><g v="PREP"></g></l></v></tfr></token><token id="718196" text="них"><tfr rev_id="4199264" t="них"><v><l id="206619" t="они"><g v="NPRO"></g><g v="3per"></g><g v="Anph"></g><g v="plur"></g><g v="gent"></g><g v="Af-p"></g></l></v></tfr></token><token id="718197" text="была"><tfr rev_id="1550053" t="была"><v><l id="37265" t="есть"><g v="VERB"></g><g v="impf"></g><g v="intr"></g><g v="femn"></g><g v="sing"></g><g v="past"></g><g v="indc"></g></l></v></tfr></token><token id="718198" text="затребована"><tfr rev_id="1550054" t="затребована"><v><l id="111942" t="затребован"><g v="PRTS"></g><g v="perf"></g><g v="past"></g><g v="pssv"></g><g v="femn"></g><g v="sing"></g></l></v></tfr></token><token id="718199" text="объяснительная"><tfr rev_id="1550055" t="объяснительная"><v><l id="201920" t="объяснительный"><g v="ADJF"></g><g v="femn"></g><g v="sing"></g><g v="nomn"></g></l></v></tfr></token><token id="718200" text="об"><tfr rev_id="2921295" t="об"><v><l id="192977" t="о"><g v="PREP"></g><g v="Vpre"></g></l></v></tfr></token><token id="718201" text="участии"><tfr rev_id="1550057" t="участии"><v><l id="363132" t="участие"><g v="NOUN"></g><g v="inan"></g><g v="neut"></g><g v="sing"></g><g v="loct"></g></l></v></tfr></token><token id="718202" text="в"><tfr rev_id="1550058" t="в"><v><l id="37409" t="в"><g v="PREP"></g></l></v></tfr></token><token id="718203" text="митинге"><tfr rev_id="1550059" t="митинге"><v><l id="161094" t="митинг"><g v="NOUN"></g><g v="inan"></g><g v="masc"></g><g v="sing"></g><g v="loct"></g></l></v></tfr></token><token id="718204" text="."><tfr rev_id="1550060" t="."><v><l id="0" t="."><g v="PNCT"></g></l></v></tfr></token></tokens></sentence></paragraph></paragraphs></text>