<?xml version="1.0" encoding="utf-8"?><text id="1455" parent="56" name="НАСА назвал экипаж для миссии «Дискавери» STS-122"><tags><tag>Автор:http://ru.wikinews.org/wiki/Участник:Ygrek</tag><tag>Дата:20/07</tag><tag>Год:2006</tag><tag>Тема:ВикиКатегория:NASA</tag><tag>Тема:ВикиКатегория:Космонавтика</tag><tag>Тема:ВикиКатегория:Материалы NASA</tag><tag>Тема:ВикиКатегория:Наука и технологии</tag><tag>Тема:ВикиКатегория:Шаттл</tag><tag>url:http://ru.wikinews.org/w/index.php?title=НАСА_назвал_экипаж_для_миссии_«Дискавери»_STS-122&amp;oldid=74241</tag></tags><paragraphs><paragraph id="13024"><sentence id="40416"><source>НАСА назвал экипаж для миссии «Дискавери» STS-122</source><tokens><token id="719139" text="НАСА"><tfr rev_id="4396312" t="НАСА"><v><l id="388632" t="наса"><g v="NOUN"></g><g v="inan"></g><g v="neut"></g><g v="Sgtm"></g><g v="Fixd"></g><g v="Abbr"></g><g v="Orgn"></g><g v="sing"></g><g v="nomn"></g></l></v></tfr></token><token id="719140" text="назвал"><tfr rev_id="1550996" t="назвал"><v><l id="170342" t="назвал"><g v="VERB"></g><g v="perf"></g><g v="tran"></g><g v="masc"></g><g v="sing"></g><g v="past"></g><g v="indc"></g></l></v></tfr></token><token id="719141" text="экипаж"><tfr rev_id="3679121" t="экипаж"><v><l id="383260" t="экипаж"><g v="NOUN"></g><g v="inan"></g><g v="masc"></g><g v="sing"></g><g v="accs"></g></l></v></tfr></token><token id="719142" text="для"><tfr rev_id="2601889" t="для"><v><l id="85032" t="для"><g v="PREP"></g></l></v></tfr></token><token id="719143" text="миссии"><tfr rev_id="4291630" t="миссии"><v><l id="161045" t="миссия"><g v="NOUN"></g><g v="inan"></g><g v="femn"></g><g v="sing"></g><g v="gent"></g></l></v></tfr></token><token id="719144" text="«"><tfr rev_id="2447889" t="«"><v><l id="0" t="«"><g v="PNCT"></g></l></v></tfr></token><token id="719145" text="Дискавери"><tfr rev_id="1551001" t="Дискавери"><v><l id="0" t="дискавери"><g v="UNKN"></g></l></v></tfr></token><token id="719146" text="»"><tfr rev_id="2447890" t="»"><v><l id="0" t="»"><g v="PNCT"></g></l></v></tfr></token><token id="719147" text="STS-122"><tfr rev_id="1551003" t="STS-122"><v><l id="0" t="STS-122"><g v="UNKN"></g></l></v></tfr></token></tokens></sentence></paragraph><paragraph id="13025"><sentence id="40417"><source>NASA назвал экипаж для миссии «Дискавери» STS-122, которая доставит на орбиту и европейский исследовательский модуль «Колумбус» и смонтирует его на Международной космической станции.</source><tokens><token id="719148" text="NASA"><tfr rev_id="2475716" t="NASA"><v><l id="0" t="NASA"><g v="LATN"></g></l></v></tfr></token><token id="719149" text="назвал"><tfr rev_id="1551005" t="назвал"><v><l id="170342" t="назвал"><g v="VERB"></g><g v="perf"></g><g v="tran"></g><g v="masc"></g><g v="sing"></g><g v="past"></g><g v="indc"></g></l></v></tfr></token><token id="719150" text="экипаж"><tfr rev_id="3503406" t="экипаж"><v><l id="383260" t="экипаж"><g v="NOUN"></g><g v="inan"></g><g v="masc"></g><g v="sing"></g><g v="accs"></g></l></v></tfr></token><token id="719151" text="для"><tfr rev_id="3452996" t="для"><v><l id="85032" t="для"><g v="PREP"></g></l></v></tfr></token><token id="719152" text="миссии"><tfr rev_id="4238780" t="миссии"><v><l id="161045" t="миссия"><g v="NOUN"></g><g v="inan"></g><g v="femn"></g><g v="sing"></g><g v="gent"></g></l></v></tfr></token><token id="719153" text="«"><tfr rev_id="2447891" t="«"><v><l id="0" t="«"><g v="PNCT"></g></l></v></tfr></token><token id="719154" text="Дискавери"><tfr rev_id="1551010" t="Дискавери"><v><l id="0" t="дискавери"><g v="UNKN"></g></l></v></tfr></token><token id="719155" text="»"><tfr rev_id="2447892" t="»"><v><l id="0" t="»"><g v="PNCT"></g></l></v></tfr></token><token id="719156" text="STS-122"><tfr rev_id="1551012" t="STS-122"><v><l id="0" t="STS-122"><g v="UNKN"></g></l></v></tfr></token><token id="719157" text=","><tfr rev_id="1551013" t=","><v><l id="0" t=","><g v="PNCT"></g></l></v></tfr></token><token id="719158" text="которая"><tfr rev_id="3639871" t="которая"><v><l id="141203" t="который"><g v="ADJF"></g><g v="Apro"></g><g v="Subx"></g><g v="Anph"></g><g v="femn"></g><g v="sing"></g><g v="nomn"></g></l></v></tfr></token><token id="719159" text="доставит"><tfr rev_id="1551015" t="доставит"><v><l id="90440" t="доставил"><g v="VERB"></g><g v="perf"></g><g v="tran"></g><g v="sing"></g><g v="3per"></g><g v="futr"></g><g v="indc"></g></l></v></tfr></token><token id="719160" text="на"><tfr rev_id="3340394" t="на"><v><l id="166264" t="на"><g v="PREP"></g></l></v></tfr></token><token id="719161" text="орбиту"><tfr rev_id="1551017" t="орбиту"><v><l id="208727" t="орбита"><g v="NOUN"></g><g v="inan"></g><g v="femn"></g><g v="sing"></g><g v="accs"></g></l></v></tfr></token><token id="719162" text="и"><tfr rev_id="1551018" t="и"><v><l id="116949" t="и"><g v="CONJ"></g></l></v><v><l id="116950" t="и"><g v="INTJ"></g></l></v></tfr></token><token id="719163" text="европейский"><tfr rev_id="1551019" t="европейский"><v><l id="94034" t="европейский"><g v="ADJF"></g><g v="masc"></g><g v="sing"></g><g v="nomn"></g></l></v><v><l id="94034" t="европейский"><g v="ADJF"></g><g v="inan"></g><g v="masc"></g><g v="sing"></g><g v="accs"></g></l></v></tfr></token><token id="719164" text="исследовательский"><tfr rev_id="1551020" t="исследовательский"><v><l id="125803" t="исследовательский"><g v="ADJF"></g><g v="masc"></g><g v="sing"></g><g v="nomn"></g></l></v><v><l id="125803" t="исследовательский"><g v="ADJF"></g><g v="inan"></g><g v="masc"></g><g v="sing"></g><g v="accs"></g></l></v></tfr></token><token id="719165" text="модуль"><tfr rev_id="4099509" t="модуль"><v><l id="162424" t="модуль"><g v="NOUN"></g><g v="inan"></g><g v="masc"></g><g v="sing"></g><g v="accs"></g></l></v></tfr></token><token id="719166" text="«"><tfr rev_id="2447893" t="«"><v><l id="0" t="«"><g v="PNCT"></g></l></v></tfr></token><token id="719167" text="Колумбус"><tfr rev_id="1551023" t="Колумбус"><v><l id="0" t="колумбус"><g v="UNKN"></g></l></v></tfr></token><token id="719168" text="»"><tfr rev_id="2447894" t="»"><v><l id="0" t="»"><g v="PNCT"></g></l></v></tfr></token><token id="719169" text="и"><tfr rev_id="1551025" t="и"><v><l id="116949" t="и"><g v="CONJ"></g></l></v><v><l id="116950" t="и"><g v="INTJ"></g></l></v></tfr></token><token id="719170" text="смонтирует"><tfr rev_id="1551026" t="смонтирует"><v><l id="326690" t="смонтировал"><g v="VERB"></g><g v="perf"></g><g v="tran"></g><g v="sing"></g><g v="3per"></g><g v="futr"></g><g v="indc"></g></l></v></tfr></token><token id="719171" text="его"><tfr rev_id="4531367" t="его"><v><l id="206541" t="он"><g v="NPRO"></g><g v="masc"></g><g v="3per"></g><g v="Anph"></g><g v="sing"></g><g v="gent"></g></l></v><v><l id="206541" t="он"><g v="NPRO"></g><g v="masc"></g><g v="3per"></g><g v="Anph"></g><g v="sing"></g><g v="accs"></g></l></v><v><l id="206649" t="оно"><g v="NPRO"></g><g v="neut"></g><g v="3per"></g><g v="Anph"></g><g v="sing"></g><g v="gent"></g></l></v><v><l id="206649" t="оно"><g v="NPRO"></g><g v="neut"></g><g v="3per"></g><g v="Anph"></g><g v="sing"></g><g v="accs"></g></l></v></tfr></token><token id="719172" text="на"><tfr rev_id="3395607" t="на"><v><l id="166264" t="на"><g v="PREP"></g></l></v></tfr></token><token id="719173" text="Международной"><tfr rev_id="3301470" t="Международной"><v><l id="157346" t="международный"><g v="ADJF"></g><g v="femn"></g><g v="sing"></g><g v="loct"></g></l></v></tfr></token><token id="719174" text="космической"><tfr rev_id="4317280" t="космической"><v><l id="140606" t="космический"><g v="ADJF"></g><g v="femn"></g><g v="sing"></g><g v="loct"></g></l></v></tfr></token><token id="719175" text="станции"><tfr rev_id="4177113" t="станции"><v><l id="334704" t="станция"><g v="NOUN"></g><g v="inan"></g><g v="femn"></g><g v="sing"></g><g v="loct"></g></l></v></tfr></token><token id="719176" text="."><tfr rev_id="1551032" t="."><v><l id="0" t="."><g v="PNCT"></g></l></v></tfr></token></tokens></sentence></paragraph><paragraph id="13026"><sentence id="40418"><source>Командиром экипажа назначен Стефен Фрик (Stephen Frick), пилотом — Алан Пойндекстер (Alan Poindexter).</source><tokens><token id="719177" text="Командиром"><tfr rev_id="1551033" t="Командиром"><v><l id="136708" t="командир"><g v="NOUN"></g><g v="anim"></g><g v="masc"></g><g v="sing"></g><g v="ablt"></g></l></v></tfr></token><token id="719178" text="экипажа"><tfr rev_id="1551034" t="экипажа"><v><l id="383260" t="экипаж"><g v="NOUN"></g><g v="inan"></g><g v="masc"></g><g v="sing"></g><g v="gent"></g></l></v></tfr></token><token id="719179" text="назначен"><tfr rev_id="1551035" t="назначен"><v><l id="170427" t="назначен"><g v="PRTS"></g><g v="perf"></g><g v="past"></g><g v="pssv"></g><g v="masc"></g><g v="sing"></g></l></v></tfr></token><token id="719180" text="Стефен"><tfr rev_id="1551036" t="Стефен"><v><l id="0" t="стефен"><g v="UNKN"></g></l></v></tfr></token><token id="719181" text="Фрик"><tfr rev_id="1551037" t="Фрик"><v><l id="0" t="фрик"><g v="UNKN"></g></l></v></tfr></token><token id="719182" text="("><tfr rev_id="1551038" t="("><v><l id="0" t="("><g v="PNCT"></g></l></v></tfr></token><token id="719183" text="Stephen"><tfr rev_id="2475717" t="Stephen"><v><l id="0" t="Stephen"><g v="LATN"></g></l></v></tfr></token><token id="719184" text="Frick"><tfr rev_id="2475718" t="Frick"><v><l id="0" t="Frick"><g v="LATN"></g></l></v></tfr></token><token id="719185" text=")"><tfr rev_id="1551041" t=")"><v><l id="0" t=")"><g v="PNCT"></g></l></v></tfr></token><token id="719186" text=","><tfr rev_id="1551042" t=","><v><l id="0" t=","><g v="PNCT"></g></l></v></tfr></token><token id="719187" text="пилотом"><tfr rev_id="1551043" t="пилотом"><v><l id="238716" t="пилот"><g v="NOUN"></g><g v="anim"></g><g v="masc"></g><g v="sing"></g><g v="ablt"></g></l></v></tfr></token><token id="719188" text="—"><tfr rev_id="2447895" t="—"><v><l id="0" t="—"><g v="PNCT"></g></l></v></tfr></token><token id="719189" text="Алан"><tfr rev_id="3490029" t="Алан"><v><l id="8120" t="алан"><g v="NOUN"></g><g v="anim"></g><g v="masc"></g><g v="Name"></g><g v="sing"></g><g v="nomn"></g></l></v></tfr></token><token id="719190" text="Пойндекстер"><tfr rev_id="1551046" t="Пойндекстер"><v><l id="0" t="пойндекстер"><g v="UNKN"></g></l></v></tfr></token><token id="719191" text="("><tfr rev_id="1551047" t="("><v><l id="0" t="("><g v="PNCT"></g></l></v></tfr></token><token id="719192" text="Alan"><tfr rev_id="2475719" t="Alan"><v><l id="0" t="Alan"><g v="LATN"></g></l></v></tfr></token><token id="719193" text="Poindexter"><tfr rev_id="2475720" t="Poindexter"><v><l id="0" t="Poindexter"><g v="LATN"></g></l></v></tfr></token><token id="719194" text=")"><tfr rev_id="1551050" t=")"><v><l id="0" t=")"><g v="PNCT"></g></l></v></tfr></token><token id="719195" text="."><tfr rev_id="1551051" t="."><v><l id="0" t="."><g v="PNCT"></g></l></v></tfr></token></tokens></sentence><sentence id="40419"><source>Специалисты миссии: Рекс Вальхайм (Rex Walheim), Стэнли Лав (Stanley Love), Леланд Мелвин (Leland Melvin) и астронавт Европеского космического агентства Ханс Шлегель (Hans Schlegel) (Германия).</source><tokens><token id="719196" text="Специалисты"><tfr rev_id="1551052" t="Специалисты"><v><l id="331871" t="специалист"><g v="NOUN"></g><g v="anim"></g><g v="masc"></g><g v="plur"></g><g v="nomn"></g></l></v></tfr></token><token id="719197" text="миссии"><tfr rev_id="4025614" t="миссии"><v><l id="161045" t="миссия"><g v="NOUN"></g><g v="inan"></g><g v="femn"></g><g v="sing"></g><g v="gent"></g></l></v></tfr></token><token id="719198" text=":"><tfr rev_id="1551054" t=":"><v><l id="0" t=":"><g v="PNCT"></g></l></v></tfr></token><token id="719199" text="Рекс"><tfr rev_id="1551055" t="Рекс"><v><l id="305864" t="рекс"><g v="NOUN"></g><g v="anim"></g><g v="masc"></g><g v="Name"></g><g v="sing"></g><g v="nomn"></g></l></v></tfr></token><token id="719200" text="Вальхайм"><tfr rev_id="1551056" t="Вальхайм"><v><l id="0" t="вальхайм"><g v="UNKN"></g></l></v></tfr></token><token id="719201" text="("><tfr rev_id="1551057" t="("><v><l id="0" t="("><g v="PNCT"></g></l></v></tfr></token><token id="719202" text="Rex"><tfr rev_id="2475721" t="Rex"><v><l id="0" t="Rex"><g v="LATN"></g></l></v></tfr></token><token id="719203" text="Walheim"><tfr rev_id="2475722" t="Walheim"><v><l id="0" t="Walheim"><g v="LATN"></g></l></v></tfr></token><token id="719204" text=")"><tfr rev_id="1551060" t=")"><v><l id="0" t=")"><g v="PNCT"></g></l></v></tfr></token><token id="719205" text=","><tfr rev_id="1551061" t=","><v><l id="0" t=","><g v="PNCT"></g></l></v></tfr></token><token id="719206" text="Стэнли"><tfr rev_id="4455735" t="Стэнли"><v><l id="390752" t="стэнли"><g v="NOUN"></g><g v="anim"></g><g v="masc"></g><g v="Sgtm"></g><g v="Fixd"></g><g v="Name"></g><g v="sing"></g><g v="ablt"></g></l></v><v><l id="390752" t="стэнли"><g v="NOUN"></g><g v="anim"></g><g v="masc"></g><g v="Sgtm"></g><g v="Fixd"></g><g v="Name"></g><g v="sing"></g><g v="accs"></g></l></v><v><l id="390752" t="стэнли"><g v="NOUN"></g><g v="anim"></g><g v="masc"></g><g v="Sgtm"></g><g v="Fixd"></g><g v="Name"></g><g v="sing"></g><g v="datv"></g></l></v><v><l id="390752" t="стэнли"><g v="NOUN"></g><g v="anim"></g><g v="masc"></g><g v="Sgtm"></g><g v="Fixd"></g><g v="Name"></g><g v="sing"></g><g v="gent"></g></l></v><v><l id="390752" t="стэнли"><g v="NOUN"></g><g v="anim"></g><g v="masc"></g><g v="Sgtm"></g><g v="Fixd"></g><g v="Name"></g><g v="sing"></g><g v="loct"></g></l></v><v><l id="390752" t="стэнли"><g v="NOUN"></g><g v="anim"></g><g v="masc"></g><g v="Sgtm"></g><g v="Fixd"></g><g v="Name"></g><g v="sing"></g><g v="nomn"></g></l></v></tfr></token><token id="719207" text="Лав"><tfr rev_id="4506740" t="Лав"><v><l id="390525" t="лав"><g v="NOUN"></g><g v="anim"></g><g v="masc"></g><g v="Sgtm"></g><g v="Surn"></g><g v="sing"></g><g v="nomn"></g></l></v></tfr></token><token id="719208" text="("><tfr rev_id="1551064" t="("><v><l id="0" t="("><g v="PNCT"></g></l></v></tfr></token><token id="719209" text="Stanley"><tfr rev_id="2475723" t="Stanley"><v><l id="0" t="Stanley"><g v="LATN"></g></l></v></tfr></token><token id="719210" text="Love"><tfr rev_id="2475724" t="Love"><v><l id="0" t="Love"><g v="LATN"></g></l></v></tfr></token><token id="719211" text=")"><tfr rev_id="1551067" t=")"><v><l id="0" t=")"><g v="PNCT"></g></l></v></tfr></token><token id="719212" text=","><tfr rev_id="1551068" t=","><v><l id="0" t=","><g v="PNCT"></g></l></v></tfr></token><token id="719213" text="Леланд"><tfr rev_id="1551069" t="Леланд"><v><l id="0" t="леланд"><g v="UNKN"></g></l></v></tfr></token><token id="719214" text="Мелвин"><tfr rev_id="1551070" t="Мелвин"><v><l id="0" t="мелвин"><g v="UNKN"></g></l></v></tfr></token><token id="719215" text="("><tfr rev_id="1551071" t="("><v><l id="0" t="("><g v="PNCT"></g></l></v></tfr></token><token id="719216" text="Leland"><tfr rev_id="2475725" t="Leland"><v><l id="0" t="Leland"><g v="LATN"></g></l></v></tfr></token><token id="719217" text="Melvin"><tfr rev_id="2475726" t="Melvin"><v><l id="0" t="Melvin"><g v="LATN"></g></l></v></tfr></token><token id="719218" text=")"><tfr rev_id="1551074" t=")"><v><l id="0" t=")"><g v="PNCT"></g></l></v></tfr></token><token id="719219" text="и"><tfr rev_id="1551075" t="и"><v><l id="116949" t="и"><g v="CONJ"></g></l></v><v><l id="116950" t="и"><g v="INTJ"></g></l></v></tfr></token><token id="719220" text="астронавт"><tfr rev_id="1551076" t="астронавт"><v><l id="19088" t="астронавт"><g v="NOUN"></g><g v="anim"></g><g v="masc"></g><g v="sing"></g><g v="nomn"></g></l></v></tfr></token><token id="719221" text="Европеского"><tfr rev_id="1551077" t="Европеского"><v><l id="0" t="европеского"><g v="UNKN"></g></l></v></tfr></token><token id="719222" text="космического"><tfr rev_id="3531049" t="космического"><v><l id="140606" t="космический"><g v="ADJF"></g><g v="neut"></g><g v="sing"></g><g v="gent"></g></l></v></tfr></token><token id="719223" text="агентства"><tfr rev_id="3453325" t="агентства"><v><l id="3934" t="агентство"><g v="NOUN"></g><g v="inan"></g><g v="neut"></g><g v="sing"></g><g v="gent"></g></l></v></tfr></token><token id="719224" text="Ханс"><tfr rev_id="4503314" t="Ханс"><v><l id="390827" t="ханс"><g v="NOUN"></g><g v="anim"></g><g v="masc"></g><g v="Name"></g><g v="sing"></g><g v="nomn"></g></l></v></tfr></token><token id="719225" text="Шлегель"><tfr rev_id="4567266" t="Шлегель"><v><l id="393913" t="шлегель"><g v="NOUN"></g><g v="anim"></g><g v="masc"></g><g v="Sgtm"></g><g v="Surn"></g><g v="sing"></g><g v="nomn"></g></l></v></tfr></token><token id="719226" text="("><tfr rev_id="1551082" t="("><v><l id="0" t="("><g v="PNCT"></g></l></v></tfr></token><token id="719227" text="Hans"><tfr rev_id="2475727" t="Hans"><v><l id="0" t="Hans"><g v="LATN"></g></l></v></tfr></token><token id="719228" text="Schlegel"><tfr rev_id="2475728" t="Schlegel"><v><l id="0" t="Schlegel"><g v="LATN"></g></l></v></tfr></token><token id="719229" text=")"><tfr rev_id="1551085" t=")"><v><l id="0" t=")"><g v="PNCT"></g></l></v></tfr></token><token id="719230" text="("><tfr rev_id="1551086" t="("><v><l id="0" t="("><g v="PNCT"></g></l></v></tfr></token><token id="719231" text="Германия"><tfr rev_id="4257386" t="Германия"><v><l id="69099" t="германия"><g v="NOUN"></g><g v="inan"></g><g v="femn"></g><g v="Sgtm"></g><g v="Geox"></g><g v="sing"></g><g v="nomn"></g></l></v></tfr></token><token id="719232" text=")"><tfr rev_id="1551088" t=")"><v><l id="0" t=")"><g v="PNCT"></g></l></v></tfr></token><token id="719233" text="."><tfr rev_id="1551089" t="."><v><l id="0" t="."><g v="PNCT"></g></l></v></tfr></token></tokens></sentence><sentence id="40420"><source>Пойндекстер, Лав и Мелвин — новички космических полётов.</source><tokens><token id="719234" text="Пойндекстер"><tfr rev_id="1551090" t="Пойндекстер"><v><l id="0" t="пойндекстер"><g v="UNKN"></g></l></v></tfr></token><token id="719235" text=","><tfr rev_id="1551091" t=","><v><l id="0" t=","><g v="PNCT"></g></l></v></tfr></token><token id="719236" text="Лав"><tfr rev_id="4506741" t="Лав"><v><l id="390525" t="лав"><g v="NOUN"></g><g v="anim"></g><g v="masc"></g><g v="Sgtm"></g><g v="Surn"></g><g v="sing"></g><g v="nomn"></g></l></v></tfr></token><token id="719237" text="и"><tfr rev_id="3813665" t="и"><v><l id="116949" t="и"><g v="CONJ"></g></l></v></tfr></token><token id="719238" text="Мелвин"><tfr rev_id="1551094" t="Мелвин"><v><l id="0" t="мелвин"><g v="UNKN"></g></l></v></tfr></token><token id="719239" text="—"><tfr rev_id="2447896" t="—"><v><l id="0" t="—"><g v="PNCT"></g></l></v></tfr></token><token id="719240" text="новички"><tfr rev_id="1551096" t="новички"><v><l id="191521" t="новичок"><g v="NOUN"></g><g v="anim"></g><g v="masc"></g><g v="plur"></g><g v="nomn"></g></l></v></tfr></token><token id="719241" text="космических"><tfr rev_id="3553226" t="космических"><v><l id="140606" t="космический"><g v="ADJF"></g><g v="plur"></g><g v="gent"></g></l></v></tfr></token><token id="719242" text="полётов"><tfr rev_id="1551098" t="полётов"><v><l id="255108" t="полёт"><g v="NOUN"></g><g v="inan"></g><g v="masc"></g><g v="plur"></g><g v="gent"></g></l></v></tfr></token><token id="719243" text="."><tfr rev_id="1551099" t="."><v><l id="0" t="."><g v="PNCT"></g></l></v></tfr></token></tokens></sentence></paragraph><paragraph id="13027"><sentence id="40421"><source>Для Стефена Фрика и Рекса Вальхайма это будет второй космический полёт, первый полёт они также совершили вместе на шаттле «Атлантис» STS-110 в 2002 году.</source><tokens><token id="719244" text="Для"><tfr rev_id="3408482" t="Для"><v><l id="85032" t="для"><g v="PREP"></g></l></v></tfr></token><token id="719245" text="Стефена"><tfr rev_id="1551101" t="Стефена"><v><l id="0" t="стефена"><g v="UNKN"></g></l></v></tfr></token><token id="719246" text="Фрика"><tfr rev_id="1551102" t="Фрика"><v><l id="0" t="фрика"><g v="UNKN"></g></l></v></tfr></token><token id="719247" text="и"><tfr rev_id="1551103" t="и"><v><l id="116949" t="и"><g v="CONJ"></g></l></v><v><l id="116950" t="и"><g v="INTJ"></g></l></v></tfr></token><token id="719248" text="Рекса"><tfr rev_id="3546814" t="Рекса"><v><l id="305864" t="рекс"><g v="NOUN"></g><g v="anim"></g><g v="masc"></g><g v="Name"></g><g v="sing"></g><g v="gent"></g></l></v></tfr></token><token id="719249" text="Вальхайма"><tfr rev_id="1551105" t="Вальхайма"><v><l id="0" t="вальхайма"><g v="UNKN"></g></l></v></tfr></token><token id="719250" text="это"><tfr rev_id="4441931" t="это"><v><l id="386574" t="это"><g v="PRCL"></g></l></v><v><l id="386575" t="это"><g v="NPRO"></g><g v="neut"></g><g v="sing"></g><g v="nomn"></g></l></v><v><l id="386575" t="это"><g v="NPRO"></g><g v="neut"></g><g v="sing"></g><g v="accs"></g></l></v><v><l id="386581" t="этот"><g v="ADJF"></g><g v="Subx"></g><g v="Apro"></g><g v="Anph"></g><g v="neut"></g><g v="sing"></g><g v="nomn"></g></l></v><v><l id="386581" t="этот"><g v="ADJF"></g><g v="Subx"></g><g v="Apro"></g><g v="Anph"></g><g v="neut"></g><g v="sing"></g><g v="accs"></g></l></v></tfr></token><token id="719251" text="будет"><tfr rev_id="1551107" t="будет"><v><l id="37265" t="есть"><g v="VERB"></g><g v="impf"></g><g v="intr"></g><g v="sing"></g><g v="3per"></g><g v="futr"></g><g v="indc"></g></l></v></tfr></token><token id="719252" text="второй"><tfr rev_id="4260216" t="второй"><v><l id="55043" t="второй"><g v="ADJF"></g><g v="Anum"></g><g v="masc"></g><g v="sing"></g><g v="nomn"></g></l></v><v><l id="55043" t="второй"><g v="ADJF"></g><g v="Anum"></g><g v="inan"></g><g v="masc"></g><g v="sing"></g><g v="accs"></g></l></v></tfr></token><token id="719253" text="космический"><tfr rev_id="1551109" t="космический"><v><l id="140606" t="космический"><g v="ADJF"></g><g v="masc"></g><g v="sing"></g><g v="nomn"></g></l></v><v><l id="140606" t="космический"><g v="ADJF"></g><g v="inan"></g><g v="masc"></g><g v="sing"></g><g v="accs"></g></l></v></tfr></token><token id="719254" text="полёт"><tfr rev_id="1716340" t="полёт"><v><l id="255108" t="полёт"><g v="NOUN"></g><g v="inan"></g><g v="masc"></g><g v="sing"></g><g v="nomn"></g></l></v><v><l id="255108" t="полёт"><g v="NOUN"></g><g v="inan"></g><g v="masc"></g><g v="sing"></g><g v="accs"></g></l></v></tfr></token><token id="719255" text=","><tfr rev_id="1551111" t=","><v><l id="0" t=","><g v="PNCT"></g></l></v></tfr></token><token id="719256" text="первый"><tfr rev_id="1551112" t="первый"><v><l id="226359" t="первый"><g v="ADJF"></g><g v="Anum"></g><g v="masc"></g><g v="sing"></g><g v="nomn"></g></l></v><v><l id="226359" t="первый"><g v="ADJF"></g><g v="Anum"></g><g v="inan"></g><g v="masc"></g><g v="sing"></g><g v="accs"></g></l></v></tfr></token><token id="719257" text="полёт"><tfr rev_id="1714375" t="полёт"><v><l id="255108" t="полёт"><g v="NOUN"></g><g v="inan"></g><g v="masc"></g><g v="sing"></g><g v="nomn"></g></l></v><v><l id="255108" t="полёт"><g v="NOUN"></g><g v="inan"></g><g v="masc"></g><g v="sing"></g><g v="accs"></g></l></v></tfr></token><token id="719258" text="они"><tfr rev_id="3599504" t="они"><v><l id="206619" t="они"><g v="NPRO"></g><g v="3per"></g><g v="Anph"></g><g v="plur"></g><g v="nomn"></g></l></v></tfr></token><token id="719259" text="также"><tfr rev_id="4267886" t="также"><v><l id="342482" t="также"><g v="PRCL"></g></l></v></tfr></token><token id="719260" text="совершили"><tfr rev_id="1551116" t="совершили"><v><l id="327924" t="совершил"><g v="VERB"></g><g v="perf"></g><g v="tran"></g><g v="plur"></g><g v="past"></g><g v="indc"></g></l></v></tfr></token><token id="719261" text="вместе"><tfr rev_id="1551117" t="вместе"><v><l id="47122" t="вместе"><g v="ADVB"></g></l></v></tfr></token><token id="719262" text="на"><tfr rev_id="3342547" t="на"><v><l id="166264" t="на"><g v="PREP"></g></l></v></tfr></token><token id="719263" text="шаттле"><tfr rev_id="1551119" t="шаттле"><v><l id="378494" t="шаттл"><g v="NOUN"></g><g v="inan"></g><g v="masc"></g><g v="sing"></g><g v="loct"></g></l></v></tfr></token><token id="719264" text="«"><tfr rev_id="2447897" t="«"><v><l id="0" t="«"><g v="PNCT"></g></l></v></tfr></token><token id="719265" text="Атлантис"><tfr rev_id="1551121" t="Атлантис"><v><l id="0" t="атлантис"><g v="UNKN"></g></l></v></tfr></token><token id="719266" text="»"><tfr rev_id="2447898" t="»"><v><l id="0" t="»"><g v="PNCT"></g></l></v></tfr></token><token id="719267" text="STS-110"><tfr rev_id="1551123" t="STS-110"><v><l id="0" t="STS-110"><g v="UNKN"></g></l></v></tfr></token><token id="719268" text="в"><tfr rev_id="1551124" t="в"><v><l id="37409" t="в"><g v="PREP"></g></l></v></tfr></token><token id="719269" text="2002"><tfr rev_id="2463159" t="2002"><v><l id="0" t="2002"><g v="NUMB"></g></l></v></tfr></token><token id="719270" text="году"><tfr rev_id="2964086" t="году"><v><l id="72149" t="год"><g v="NOUN"></g><g v="inan"></g><g v="masc"></g><g v="sing"></g><g v="loc2"></g></l></v></tfr></token><token id="719271" text="."><tfr rev_id="1551127" t="."><v><l id="0" t="."><g v="PNCT"></g></l></v></tfr></token></tokens></sentence><sentence id="40422"><source>Для Ханса Шлегеля это также второй космический полёт, первый полёт — «Колумбия» STS-55 в 1993 году.</source><tokens><token id="719272" text="Для"><tfr rev_id="3391657" t="Для"><v><l id="85032" t="для"><g v="PREP"></g></l></v></tfr></token><token id="719273" text="Ханса"><tfr rev_id="4503315" t="Ханса"><v><l id="390827" t="ханс"><g v="NOUN"></g><g v="anim"></g><g v="masc"></g><g v="Name"></g><g v="sing"></g><g v="accs"></g></l></v><v><l id="390827" t="ханс"><g v="NOUN"></g><g v="anim"></g><g v="masc"></g><g v="Name"></g><g v="sing"></g><g v="gent"></g></l></v></tfr></token><token id="719274" text="Шлегеля"><tfr rev_id="4567274" t="Шлегеля"><v><l id="393913" t="шлегель"><g v="NOUN"></g><g v="anim"></g><g v="masc"></g><g v="Sgtm"></g><g v="Surn"></g><g v="sing"></g><g v="accs"></g></l></v><v><l id="393913" t="шлегель"><g v="NOUN"></g><g v="anim"></g><g v="masc"></g><g v="Sgtm"></g><g v="Surn"></g><g v="sing"></g><g v="gent"></g></l></v></tfr></token><token id="719275" text="это"><tfr rev_id="4441932" t="это"><v><l id="386574" t="это"><g v="PRCL"></g></l></v><v><l id="386575" t="это"><g v="NPRO"></g><g v="neut"></g><g v="sing"></g><g v="nomn"></g></l></v><v><l id="386575" t="это"><g v="NPRO"></g><g v="neut"></g><g v="sing"></g><g v="accs"></g></l></v><v><l id="386581" t="этот"><g v="ADJF"></g><g v="Subx"></g><g v="Apro"></g><g v="Anph"></g><g v="neut"></g><g v="sing"></g><g v="nomn"></g></l></v><v><l id="386581" t="этот"><g v="ADJF"></g><g v="Subx"></g><g v="Apro"></g><g v="Anph"></g><g v="neut"></g><g v="sing"></g><g v="accs"></g></l></v></tfr></token><token id="719276" text="также"><tfr rev_id="4267887" t="также"><v><l id="342482" t="также"><g v="PRCL"></g></l></v></tfr></token><token id="719277" text="второй"><tfr rev_id="3692537" t="второй"><v><l id="55043" t="второй"><g v="ADJF"></g><g v="Anum"></g><g v="masc"></g><g v="sing"></g><g v="nomn"></g></l></v><v><l id="55043" t="второй"><g v="ADJF"></g><g v="Anum"></g><g v="inan"></g><g v="masc"></g><g v="sing"></g><g v="accs"></g></l></v></tfr></token><token id="719278" text="космический"><tfr rev_id="1551134" t="космический"><v><l id="140606" t="космический"><g v="ADJF"></g><g v="masc"></g><g v="sing"></g><g v="nomn"></g></l></v><v><l id="140606" t="космический"><g v="ADJF"></g><g v="inan"></g><g v="masc"></g><g v="sing"></g><g v="accs"></g></l></v></tfr></token><token id="719279" text="полёт"><tfr rev_id="1715031" t="полёт"><v><l id="255108" t="полёт"><g v="NOUN"></g><g v="inan"></g><g v="masc"></g><g v="sing"></g><g v="nomn"></g></l></v><v><l id="255108" t="полёт"><g v="NOUN"></g><g v="inan"></g><g v="masc"></g><g v="sing"></g><g v="accs"></g></l></v></tfr></token><token id="719280" text=","><tfr rev_id="1551136" t=","><v><l id="0" t=","><g v="PNCT"></g></l></v></tfr></token><token id="719281" text="первый"><tfr rev_id="1551137" t="первый"><v><l id="226359" t="первый"><g v="ADJF"></g><g v="Anum"></g><g v="masc"></g><g v="sing"></g><g v="nomn"></g></l></v><v><l id="226359" t="первый"><g v="ADJF"></g><g v="Anum"></g><g v="inan"></g><g v="masc"></g><g v="sing"></g><g v="accs"></g></l></v></tfr></token><token id="719282" text="полёт"><tfr rev_id="1715138" t="полёт"><v><l id="255108" t="полёт"><g v="NOUN"></g><g v="inan"></g><g v="masc"></g><g v="sing"></g><g v="nomn"></g></l></v><v><l id="255108" t="полёт"><g v="NOUN"></g><g v="inan"></g><g v="masc"></g><g v="sing"></g><g v="accs"></g></l></v></tfr></token><token id="719283" text="—"><tfr rev_id="2447899" t="—"><v><l id="0" t="—"><g v="PNCT"></g></l></v></tfr></token><token id="719284" text="«"><tfr rev_id="2447900" t="«"><v><l id="0" t="«"><g v="PNCT"></g></l></v></tfr></token><token id="719285" text="Колумбия"><tfr rev_id="1551141" t="Колумбия"><v><l id="136498" t="колумбия"><g v="NOUN"></g><g v="inan"></g><g v="femn"></g><g v="Sgtm"></g><g v="Geox"></g><g v="sing"></g><g v="nomn"></g></l></v></tfr></token><token id="719286" text="»"><tfr rev_id="2447901" t="»"><v><l id="0" t="»"><g v="PNCT"></g></l></v></tfr></token><token id="719287" text="STS-55"><tfr rev_id="1551143" t="STS-55"><v><l id="0" t="STS-55"><g v="UNKN"></g></l></v></tfr></token><token id="719288" text="в"><tfr rev_id="1551144" t="в"><v><l id="37409" t="в"><g v="PREP"></g></l></v></tfr></token><token id="719289" text="1993"><tfr rev_id="2463160" t="1993"><v><l id="0" t="1993"><g v="NUMB"></g></l></v></tfr></token><token id="719290" text="году"><tfr rev_id="3045963" t="году"><v><l id="72149" t="год"><g v="NOUN"></g><g v="inan"></g><g v="masc"></g><g v="sing"></g><g v="loc2"></g></l></v></tfr></token><token id="719291" text="."><tfr rev_id="1551147" t="."><v><l id="0" t="."><g v="PNCT"></g></l></v></tfr></token></tokens></sentence></paragraph></paragraphs></text>