<?xml version="1.0" encoding="utf-8"?><text id="1457" parent="56" name="«Большой шлем» шахмат"><tags><tag>Автор:http://ru.wikinews.org/wiki/Участник:Ygrek</tag><tag>Дата:09/09</tag><tag>Год:2006</tag><tag>Тема:ВикиКатегория:Спорт</tag><tag>Тема:ВикиКатегория:Шахматы</tag><tag>url:http://ru.wikinews.org/w/index.php?title=«Большой_шлем»_шахмат&amp;oldid=57466</tag></tags><paragraphs><paragraph id="13072"><sentence id="40526"><source>«Большой шлем» шахмат</source><tokens><token id="721251" text="«"><tfr rev_id="2447930" t="«"><v><l id="0" t="«"><g v="PNCT"></g></l></v></tfr></token><token id="721252" text="Большой"><tfr rev_id="2635770" t="Большой"><v><l id="32445" t="большой"><g v="ADJF"></g><g v="Qual"></g><g v="masc"></g><g v="sing"></g><g v="nomn"></g></l></v><v><l id="32445" t="большой"><g v="ADJF"></g><g v="Qual"></g><g v="inan"></g><g v="masc"></g><g v="sing"></g><g v="accs"></g></l></v></tfr></token><token id="721253" text="шлем"><tfr rev_id="1714361" t="шлем"><v><l id="380388" t="шлем"><g v="NOUN"></g><g v="inan"></g><g v="masc"></g><g v="sing"></g><g v="nomn"></g></l></v><v><l id="380388" t="шлем"><g v="NOUN"></g><g v="inan"></g><g v="masc"></g><g v="sing"></g><g v="accs"></g></l></v></tfr></token><token id="721254" text="»"><tfr rev_id="2447931" t="»"><v><l id="0" t="»"><g v="PNCT"></g></l></v></tfr></token><token id="721255" text="шахмат"><tfr rev_id="1553111" t="шахмат"><v><l id="378578" t="шахматы"><g v="NOUN"></g><g v="inan"></g><g v="GNdr"></g><g v="Pltm"></g><g v="plur"></g><g v="gent"></g></l></v></tfr></token></tokens></sentence></paragraph><paragraph id="13073"><sentence id="40527"><source>8 сентября в испанском Бильбао организаторы традиционных турниров: МТел, Линарес и Корус договорились о создании Ассоциации Большой шлем шахмат (Chess Grand Slam Association).</source><tokens><token id="721256" text="8"><tfr rev_id="2463179" t="8"><v><l id="0" t="8"><g v="NUMB"></g></l></v></tfr></token><token id="721257" text="сентября"><tfr rev_id="1553113" t="сентября"><v><l id="318866" t="сентябрь"><g v="NOUN"></g><g v="inan"></g><g v="masc"></g><g v="sing"></g><g v="gent"></g></l></v></tfr></token><token id="721258" text="в"><tfr rev_id="1553114" t="в"><v><l id="37409" t="в"><g v="PREP"></g></l></v></tfr></token><token id="721259" text="испанском"><tfr rev_id="3823813" t="испанском"><v><l id="125011" t="испанский"><g v="ADJF"></g><g v="masc"></g><g v="sing"></g><g v="loct"></g></l></v></tfr></token><token id="721260" text="Бильбао"><tfr rev_id="3676453" t="Бильбао"><v><l id="29616" t="бильбао"><g v="NOUN"></g><g v="inan"></g><g v="masc"></g><g v="Sgtm"></g><g v="Fixd"></g><g v="Geox"></g><g v="sing"></g><g v="loct"></g></l></v></tfr></token><token id="721261" text="организаторы"><tfr rev_id="1553117" t="организаторы"><v><l id="208741" t="организатор"><g v="NOUN"></g><g v="anim"></g><g v="masc"></g><g v="plur"></g><g v="nomn"></g></l></v></tfr></token><token id="721262" text="традиционных"><tfr rev_id="3466681" t="традиционных"><v><l id="348768" t="традиционный"><g v="ADJF"></g><g v="plur"></g><g v="gent"></g></l></v></tfr></token><token id="721263" text="турниров"><tfr rev_id="1553119" t="турниров"><v><l id="351849" t="турнир"><g v="NOUN"></g><g v="inan"></g><g v="masc"></g><g v="plur"></g><g v="gent"></g></l></v></tfr></token><token id="721264" text=":"><tfr rev_id="1553120" t=":"><v><l id="0" t=":"><g v="PNCT"></g></l></v></tfr></token><token id="721265" text="МТел"><tfr rev_id="1553121" t="МТел"><v><l id="0" t="мтел"><g v="UNKN"></g></l></v></tfr></token><token id="721266" text=","><tfr rev_id="1553122" t=","><v><l id="0" t=","><g v="PNCT"></g></l></v></tfr></token><token id="721267" text="Линарес"><tfr rev_id="1553123" t="Линарес"><v><l id="149353" t="линарес"><g v="NOUN"></g><g v="inan"></g><g v="masc"></g><g v="Geox"></g><g v="sing"></g><g v="nomn"></g></l></v><v><l id="149353" t="линарес"><g v="NOUN"></g><g v="inan"></g><g v="masc"></g><g v="Geox"></g><g v="sing"></g><g v="accs"></g></l></v></tfr></token><token id="721268" text="и"><tfr rev_id="1553124" t="и"><v><l id="116949" t="и"><g v="CONJ"></g></l></v><v><l id="116950" t="и"><g v="INTJ"></g></l></v></tfr></token><token id="721269" text="Корус"><tfr rev_id="1553125" t="Корус"><v><l id="0" t="корус"><g v="UNKN"></g></l></v></tfr></token><token id="721270" text="договорились"><tfr rev_id="1553126" t="договорились"><v><l id="86275" t="договорился"><g v="VERB"></g><g v="perf"></g><g v="intr"></g><g v="plur"></g><g v="past"></g><g v="indc"></g></l></v></tfr></token><token id="721271" text="о"><tfr rev_id="3326769" t="о"><v><l id="192977" t="о"><g v="PREP"></g></l></v></tfr></token><token id="721272" text="создании"><tfr rev_id="4571828" t="создании"><v><l id="328580" t="создание"><g v="NOUN"></g><g v="inan"></g><g v="neut"></g><g v="Inmx"></g><g v="sing"></g><g v="loct"></g></l></v></tfr></token><token id="721273" text="Ассоциации"><tfr rev_id="4280847" t="Ассоциации"><v><l id="18836" t="ассоциация"><g v="NOUN"></g><g v="inan"></g><g v="femn"></g><g v="sing"></g><g v="gent"></g></l></v></tfr></token><token id="721274" text="Большой"><tfr rev_id="2635771" t="Большой"><v><l id="32445" t="большой"><g v="ADJF"></g><g v="Qual"></g><g v="masc"></g><g v="sing"></g><g v="nomn"></g></l></v><v><l id="32445" t="большой"><g v="ADJF"></g><g v="Qual"></g><g v="inan"></g><g v="masc"></g><g v="sing"></g><g v="accs"></g></l></v></tfr></token><token id="721275" text="шлем"><tfr rev_id="1715582" t="шлем"><v><l id="380388" t="шлем"><g v="NOUN"></g><g v="inan"></g><g v="masc"></g><g v="sing"></g><g v="nomn"></g></l></v><v><l id="380388" t="шлем"><g v="NOUN"></g><g v="inan"></g><g v="masc"></g><g v="sing"></g><g v="accs"></g></l></v></tfr></token><token id="721276" text="шахмат"><tfr rev_id="1553132" t="шахмат"><v><l id="378578" t="шахматы"><g v="NOUN"></g><g v="inan"></g><g v="GNdr"></g><g v="Pltm"></g><g v="plur"></g><g v="gent"></g></l></v></tfr></token><token id="721277" text="("><tfr rev_id="1553133" t="("><v><l id="0" t="("><g v="PNCT"></g></l></v></tfr></token><token id="721278" text="Chess"><tfr rev_id="2475729" t="Chess"><v><l id="0" t="Chess"><g v="LATN"></g></l></v></tfr></token><token id="721279" text="Grand"><tfr rev_id="2475730" t="Grand"><v><l id="0" t="Grand"><g v="LATN"></g></l></v></tfr></token><token id="721280" text="Slam"><tfr rev_id="2475731" t="Slam"><v><l id="0" t="Slam"><g v="LATN"></g></l></v></tfr></token><token id="721281" text="Association"><tfr rev_id="2475732" t="Association"><v><l id="0" t="Association"><g v="LATN"></g></l></v></tfr></token><token id="721282" text=")"><tfr rev_id="1553138" t=")"><v><l id="0" t=")"><g v="PNCT"></g></l></v></tfr></token><token id="721283" text="."><tfr rev_id="1553139" t="."><v><l id="0" t="."><g v="PNCT"></g></l></v></tfr></token></tokens></sentence><sentence id="40528"><source>К трём традиционным турнирам присоединяется матч между компьютерами и гроссмейстерами, который уже дважды проводился в Бильбао.</source><tokens><token id="721284" text="К"><tfr rev_id="1553140" t="К"><v><l id="127460" t="к"><g v="PREP"></g></l></v></tfr></token><token id="721285" text="трём"><tfr rev_id="2635439" t="трём"><v><l id="349973" t="три"><g v="NUMR"></g><g v="datv"></g></l></v></tfr></token><token id="721286" text="традиционным"><tfr rev_id="3459157" t="традиционным"><v><l id="348768" t="традиционный"><g v="ADJF"></g><g v="plur"></g><g v="datv"></g></l></v></tfr></token><token id="721287" text="турнирам"><tfr rev_id="1553143" t="турнирам"><v><l id="351849" t="турнир"><g v="NOUN"></g><g v="inan"></g><g v="masc"></g><g v="plur"></g><g v="datv"></g></l></v></tfr></token><token id="721288" text="присоединяется"><tfr rev_id="1553144" t="присоединяется"><v><l id="274445" t="присоединяюсь"><g v="VERB"></g><g v="impf"></g><g v="intr"></g><g v="sing"></g><g v="3per"></g><g v="pres"></g><g v="indc"></g></l></v></tfr></token><token id="721289" text="матч"><tfr rev_id="3301035" t="матч"><v><l id="156440" t="матч"><g v="NOUN"></g><g v="inan"></g><g v="masc"></g><g v="sing"></g><g v="nomn"></g></l></v></tfr></token><token id="721290" text="между"><tfr rev_id="1553146" t="между"><v><l id="157306" t="между"><g v="PREP"></g></l></v></tfr></token><token id="721291" text="компьютерами"><tfr rev_id="1553147" t="компьютерами"><v><l id="137413" t="компьютер"><g v="NOUN"></g><g v="inan"></g><g v="masc"></g><g v="plur"></g><g v="ablt"></g></l></v></tfr></token><token id="721292" text="и"><tfr rev_id="1553148" t="и"><v><l id="116949" t="и"><g v="CONJ"></g></l></v><v><l id="116950" t="и"><g v="INTJ"></g></l></v></tfr></token><token id="721293" text="гроссмейстерами"><tfr rev_id="1553149" t="гроссмейстерами"><v><l id="75762" t="гроссмейстер"><g v="NOUN"></g><g v="anim"></g><g v="masc"></g><g v="plur"></g><g v="ablt"></g></l></v></tfr></token><token id="721294" text=","><tfr rev_id="1553150" t=","><v><l id="0" t=","><g v="PNCT"></g></l></v></tfr></token><token id="721295" text="который"><tfr rev_id="3637515" t="который"><v><l id="141203" t="который"><g v="ADJF"></g><g v="Apro"></g><g v="Subx"></g><g v="Anph"></g><g v="masc"></g><g v="sing"></g><g v="nomn"></g></l></v><v><l id="141203" t="который"><g v="ADJF"></g><g v="Apro"></g><g v="Subx"></g><g v="Anph"></g><g v="inan"></g><g v="masc"></g><g v="sing"></g><g v="accs"></g></l></v></tfr></token><token id="721296" text="уже"><tfr rev_id="2692964" t="уже"><v><l id="355422" t="уж"><g v="NOUN"></g><g v="anim"></g><g v="masc"></g><g v="sing"></g><g v="loct"></g></l></v><v><l id="355498" t="уже"><g v="ADVB"></g></l></v><v><l id="355674" t="уже"><g v="COMP"></g><g v="Qual"></g></l></v><v><l id="388673" t="уже"><g v="PRCL"></g></l></v></tfr></token><token id="721297" text="дважды"><tfr rev_id="1553153" t="дважды"><v><l id="78793" t="дважды"><g v="ADVB"></g></l></v></tfr></token><token id="721298" text="проводился"><tfr rev_id="1553154" t="проводился"><v><l id="278015" t="провожусь"><g v="VERB"></g><g v="impf"></g><g v="intr"></g><g v="masc"></g><g v="sing"></g><g v="past"></g><g v="indc"></g></l></v></tfr></token><token id="721299" text="в"><tfr rev_id="1553155" t="в"><v><l id="37409" t="в"><g v="PREP"></g></l></v></tfr></token><token id="721300" text="Бильбао"><tfr rev_id="3509221" t="Бильбао"><v><l id="29616" t="бильбао"><g v="NOUN"></g><g v="inan"></g><g v="masc"></g><g v="Sgtm"></g><g v="Fixd"></g><g v="Geox"></g><g v="sing"></g><g v="loct"></g></l></v></tfr></token><token id="721301" text="."><tfr rev_id="1553157" t="."><v><l id="0" t="."><g v="PNCT"></g></l></v></tfr></token></tokens></sentence><sentence id="40529"><source>Присоединение матча в Бильбао — неожиданный сюрприз.</source><tokens><token id="721302" text="Присоединение"><tfr rev_id="4107242" t="Присоединение"><v><l id="274424" t="присоединение"><g v="NOUN"></g><g v="inan"></g><g v="neut"></g><g v="sing"></g><g v="nomn"></g></l></v></tfr></token><token id="721303" text="матча"><tfr rev_id="1553159" t="матча"><v><l id="156440" t="матч"><g v="NOUN"></g><g v="inan"></g><g v="masc"></g><g v="sing"></g><g v="gent"></g></l></v></tfr></token><token id="721304" text="в"><tfr rev_id="1553160" t="в"><v><l id="37409" t="в"><g v="PREP"></g></l></v></tfr></token><token id="721305" text="Бильбао"><tfr rev_id="3674361" t="Бильбао"><v><l id="29616" t="бильбао"><g v="NOUN"></g><g v="inan"></g><g v="masc"></g><g v="Sgtm"></g><g v="Fixd"></g><g v="Geox"></g><g v="sing"></g><g v="loct"></g></l></v></tfr></token><token id="721306" text="—"><tfr rev_id="2447932" t="—"><v><l id="0" t="—"><g v="PNCT"></g></l></v></tfr></token><token id="721307" text="неожиданный"><tfr rev_id="1553163" t="неожиданный"><v><l id="184966" t="неожиданный"><g v="ADJF"></g><g v="Qual"></g><g v="masc"></g><g v="sing"></g><g v="nomn"></g></l></v><v><l id="184966" t="неожиданный"><g v="ADJF"></g><g v="Qual"></g><g v="inan"></g><g v="masc"></g><g v="sing"></g><g v="accs"></g></l></v></tfr></token><token id="721308" text="сюрприз"><tfr rev_id="4094022" t="сюрприз"><v><l id="341916" t="сюрприз"><g v="NOUN"></g><g v="inan"></g><g v="masc"></g><g v="sing"></g><g v="nomn"></g></l></v></tfr></token><token id="721309" text="."><tfr rev_id="1553165" t="."><v><l id="0" t="."><g v="PNCT"></g></l></v></tfr></token></tokens></sentence><sentence id="40530"><source>Ранее предполагалось, что в серию «Большого шлема» будут включены либо турнир в Дортмунде, либо один из турниров в России.</source><tokens><token id="721310" text="Ранее"><tfr rev_id="1553166" t="Ранее"><v><l id="297884" t="ранее"><g v="ADVB"></g></l></v></tfr></token><token id="721311" text="предполагалось"><tfr rev_id="1553167" t="предполагалось"><v><l id="266820" t="предполагаюсь"><g v="VERB"></g><g v="impf"></g><g v="intr"></g><g v="neut"></g><g v="sing"></g><g v="past"></g><g v="indc"></g></l></v></tfr></token><token id="721312" text=","><tfr rev_id="1553168" t=","><v><l id="0" t=","><g v="PNCT"></g></l></v></tfr></token><token id="721313" text="что"><tfr rev_id="3197968" t="что"><v><l id="377004" t="что"><g v="CONJ"></g></l></v><v><l id="377005" t="что"><g v="NPRO"></g><g v="neut"></g><g v="sing"></g><g v="nomn"></g></l></v><v><l id="377005" t="что"><g v="NPRO"></g><g v="neut"></g><g v="sing"></g><g v="accs"></g></l></v><v><l id="377006" t="что"><g v="ADVB"></g><g v="Ques"></g></l></v><v><l id="388695" t="что"><g v="PRCL"></g></l></v></tfr></token><token id="721314" text="в"><tfr rev_id="1553170" t="в"><v><l id="37409" t="в"><g v="PREP"></g></l></v></tfr></token><token id="721315" text="серию"><tfr rev_id="1553171" t="серию"><v><l id="319321" t="серия"><g v="NOUN"></g><g v="inan"></g><g v="femn"></g><g v="sing"></g><g v="accs"></g></l></v></tfr></token><token id="721316" text="«"><tfr rev_id="2447933" t="«"><v><l id="0" t="«"><g v="PNCT"></g></l></v></tfr></token><token id="721317" text="Большого"><tfr rev_id="3468501" t="Большого"><v><l id="32445" t="большой"><g v="ADJF"></g><g v="Qual"></g><g v="masc"></g><g v="sing"></g><g v="gent"></g></l></v><v><l id="32445" t="большой"><g v="ADJF"></g><g v="Qual"></g><g v="anim"></g><g v="masc"></g><g v="sing"></g><g v="accs"></g></l></v></tfr></token><token id="721318" text="шлема"><tfr rev_id="1553174" t="шлема"><v><l id="380388" t="шлем"><g v="NOUN"></g><g v="inan"></g><g v="masc"></g><g v="sing"></g><g v="gent"></g></l></v></tfr></token><token id="721319" text="»"><tfr rev_id="2447934" t="»"><v><l id="0" t="»"><g v="PNCT"></g></l></v></tfr></token><token id="721320" text="будут"><tfr rev_id="1553176" t="будут"><v><l id="37265" t="есть"><g v="VERB"></g><g v="impf"></g><g v="intr"></g><g v="plur"></g><g v="3per"></g><g v="futr"></g><g v="indc"></g></l></v></tfr></token><token id="721321" text="включены"><tfr rev_id="1553177" t="включены"><v><l id="46214" t="включён"><g v="PRTS"></g><g v="perf"></g><g v="past"></g><g v="pssv"></g><g v="plur"></g></l></v></tfr></token><token id="721322" text="либо"><tfr rev_id="4137731" t="либо"><v><l id="148924" t="либо"><g v="CONJ"></g></l></v></tfr></token><token id="721323" text="турнир"><tfr rev_id="4240546" t="турнир"><v><l id="351849" t="турнир"><g v="NOUN"></g><g v="inan"></g><g v="masc"></g><g v="sing"></g><g v="nomn"></g></l></v></tfr></token><token id="721324" text="в"><tfr rev_id="1553180" t="в"><v><l id="37409" t="в"><g v="PREP"></g></l></v></tfr></token><token id="721325" text="Дортмунде"><tfr rev_id="1553181" t="Дортмунде"><v><l id="89836" t="дортмунд"><g v="NOUN"></g><g v="inan"></g><g v="masc"></g><g v="Geox"></g><g v="sing"></g><g v="loct"></g></l></v></tfr></token><token id="721326" text=","><tfr rev_id="1553182" t=","><v><l id="0" t=","><g v="PNCT"></g></l></v></tfr></token><token id="721327" text="либо"><tfr rev_id="4137732" t="либо"><v><l id="148924" t="либо"><g v="CONJ"></g></l></v></tfr></token><token id="721328" text="один"><tfr rev_id="4299738" t="один"><v><l id="203319" t="один"><g v="ADJF"></g><g v="Apro"></g><g v="Anum"></g><g v="masc"></g><g v="sing"></g><g v="nomn"></g></l></v></tfr></token><token id="721329" text="из"><tfr rev_id="2557397" t="из"><v><l id="117677" t="из"><g v="PREP"></g></l></v></tfr></token><token id="721330" text="турниров"><tfr rev_id="1553186" t="турниров"><v><l id="351849" t="турнир"><g v="NOUN"></g><g v="inan"></g><g v="masc"></g><g v="plur"></g><g v="gent"></g></l></v></tfr></token><token id="721331" text="в"><tfr rev_id="1553187" t="в"><v><l id="37409" t="в"><g v="PREP"></g></l></v></tfr></token><token id="721332" text="России"><tfr rev_id="3455619" t="России"><v><l id="309322" t="россия"><g v="NOUN"></g><g v="inan"></g><g v="femn"></g><g v="Sgtm"></g><g v="Geox"></g><g v="sing"></g><g v="loct"></g></l></v></tfr></token><token id="721333" text="."><tfr rev_id="1553189" t="."><v><l id="0" t="."><g v="PNCT"></g></l></v></tfr></token></tokens></sentence></paragraph><paragraph id="13074"><sentence id="40531"><source>Во встрече принимали участие: Сильвио Данаилов (МТел), представители Бильбао:Антон Мадариага (Antón Madariaga,), Хуан Карлос (Juan Carlos) и Хосу Фернандес (Josu Fernández)(Бильбао), а также Мэр Линареса Хуан Фернандес (Juan Fernández).</source><tokens><token id="721334" text="Во"><tfr rev_id="2920371" t="Во"><v><l id="37409" t="в"><g v="PREP"></g><g v="Vpre"></g></l></v></tfr></token><token id="721335" text="встрече"><tfr rev_id="2737745" t="встрече"><v><l id="54530" t="встреча"><g v="NOUN"></g><g v="inan"></g><g v="femn"></g><g v="sing"></g><g v="loct"></g></l></v></tfr></token><token id="721336" text="принимали"><tfr rev_id="1553192" t="принимали"><v><l id="272582" t="принимаю"><g v="VERB"></g><g v="impf"></g><g v="tran"></g><g v="plur"></g><g v="past"></g><g v="indc"></g></l></v></tfr></token><token id="721337" text="участие"><tfr rev_id="1553193" t="участие"><v><l id="363132" t="участие"><g v="NOUN"></g><g v="inan"></g><g v="neut"></g><g v="sing"></g><g v="nomn"></g></l></v><v><l id="363132" t="участие"><g v="NOUN"></g><g v="inan"></g><g v="neut"></g><g v="sing"></g><g v="accs"></g></l></v></tfr></token><token id="721338" text=":"><tfr rev_id="1553194" t=":"><v><l id="0" t=":"><g v="PNCT"></g></l></v></tfr></token><token id="721339" text="Сильвио"><tfr rev_id="3490409" t="Сильвио"><v><l id="320506" t="сильвио"><g v="NOUN"></g><g v="anim"></g><g v="masc"></g><g v="Sgtm"></g><g v="Fixd"></g><g v="Name"></g><g v="sing"></g><g v="nomn"></g></l></v></tfr></token><token id="721340" text="Данаилов"><tfr rev_id="3420890" t="Данаилов"><v><l id="388965" t="данаилов"><g v="NOUN"></g><g v="anim"></g><g v="masc"></g><g v="Sgtm"></g><g v="Surn"></g><g v="sing"></g><g v="nomn"></g></l></v></tfr></token><token id="721341" text="("><tfr rev_id="1553197" t="("><v><l id="0" t="("><g v="PNCT"></g></l></v></tfr></token><token id="721342" text="МТел"><tfr rev_id="1553198" t="МТел"><v><l id="0" t="мтел"><g v="UNKN"></g></l></v></tfr></token><token id="721343" text=")"><tfr rev_id="1553199" t=")"><v><l id="0" t=")"><g v="PNCT"></g></l></v></tfr></token><token id="721344" text=","><tfr rev_id="1553200" t=","><v><l id="0" t=","><g v="PNCT"></g></l></v></tfr></token><token id="721345" text="представители"><tfr rev_id="1553201" t="представители"><v><l id="267083" t="представитель"><g v="NOUN"></g><g v="anim"></g><g v="masc"></g><g v="plur"></g><g v="nomn"></g></l></v></tfr></token><token id="721346" text="Бильбао"><tfr rev_id="3691686" t="Бильбао"><v><l id="29616" t="бильбао"><g v="NOUN"></g><g v="inan"></g><g v="masc"></g><g v="Sgtm"></g><g v="Fixd"></g><g v="Geox"></g><g v="sing"></g><g v="gent"></g></l></v></tfr></token><token id="721347" text=":"><tfr rev_id="1553203" t=":"><v><l id="0" t=":"><g v="PNCT"></g></l></v></tfr></token><token id="721348" text="Антон"><tfr rev_id="1553204" t="Антон"><v><l id="14609" t="антон"><g v="NOUN"></g><g v="anim"></g><g v="masc"></g><g v="Name"></g><g v="sing"></g><g v="nomn"></g></l></v></tfr></token><token id="721349" text="Мадариага"><tfr rev_id="1553205" t="Мадариага"><v><l id="0" t="мадариага"><g v="UNKN"></g></l></v></tfr></token><token id="721350" text="("><tfr rev_id="1553206" t="("><v><l id="0" t="("><g v="PNCT"></g></l></v></tfr></token><token id="721351" text="Antón"><tfr rev_id="2475733" t="Antón"><v><l id="0" t="Antón"><g v="LATN"></g></l></v></tfr></token><token id="721352" text="Madariaga"><tfr rev_id="2475734" t="Madariaga"><v><l id="0" t="Madariaga"><g v="LATN"></g></l></v></tfr></token><token id="721353" text=","><tfr rev_id="1553209" t=","><v><l id="0" t=","><g v="PNCT"></g></l></v></tfr></token><token id="721354" text=")"><tfr rev_id="1553210" t=")"><v><l id="0" t=")"><g v="PNCT"></g></l></v></tfr></token><token id="721355" text=","><tfr rev_id="1553211" t=","><v><l id="0" t=","><g v="PNCT"></g></l></v></tfr></token><token id="721356" text="Хуан"><tfr rev_id="1553212" t="Хуан"><v><l id="372418" t="хуан"><g v="NOUN"></g><g v="anim"></g><g v="masc"></g><g v="Name"></g><g v="sing"></g><g v="nomn"></g></l></v></tfr></token><token id="721357" text="Карлос"><tfr rev_id="3948454" t="Карлос"><v><l id="130539" t="карлос"><g v="NOUN"></g><g v="anim"></g><g v="masc"></g><g v="Sgtm"></g><g v="Surn"></g><g v="sing"></g><g v="nomn"></g></l></v></tfr></token><token id="721358" text="("><tfr rev_id="1553214" t="("><v><l id="0" t="("><g v="PNCT"></g></l></v></tfr></token><token id="721359" text="Juan"><tfr rev_id="2475735" t="Juan"><v><l id="0" t="Juan"><g v="LATN"></g></l></v></tfr></token><token id="721360" text="Carlos"><tfr rev_id="2475736" t="Carlos"><v><l id="0" t="Carlos"><g v="LATN"></g></l></v></tfr></token><token id="721361" text=")"><tfr rev_id="1553217" t=")"><v><l id="0" t=")"><g v="PNCT"></g></l></v></tfr></token><token id="721362" text="и"><tfr rev_id="1553218" t="и"><v><l id="116949" t="и"><g v="CONJ"></g></l></v><v><l id="116950" t="и"><g v="INTJ"></g></l></v></tfr></token><token id="721363" text="Хосу"><tfr rev_id="1553219" t="Хосу"><v><l id="0" t="хосу"><g v="UNKN"></g></l></v></tfr></token><token id="721364" text="Фернандес"><tfr rev_id="1553220" t="Фернандес"><v><l id="0" t="фернандес"><g v="UNKN"></g></l></v></tfr></token><token id="721365" text="("><tfr rev_id="1553221" t="("><v><l id="0" t="("><g v="PNCT"></g></l></v></tfr></token><token id="721366" text="Josu"><tfr rev_id="2475737" t="Josu"><v><l id="0" t="Josu"><g v="LATN"></g></l></v></tfr></token><token id="721367" text="Fernández"><tfr rev_id="2475738" t="Fernández"><v><l id="0" t="Fernández"><g v="LATN"></g></l></v></tfr></token><token id="721368" text=")"><tfr rev_id="1553224" t=")"><v><l id="0" t=")"><g v="PNCT"></g></l></v></tfr></token><token id="721369" text="("><tfr rev_id="1553225" t="("><v><l id="0" t="("><g v="PNCT"></g></l></v></tfr></token><token id="721370" text="Бильбао"><tfr rev_id="4151806" t="Бильбао"><v><l id="29616" t="бильбао"><g v="NOUN"></g><g v="inan"></g><g v="masc"></g><g v="Sgtm"></g><g v="Fixd"></g><g v="Geox"></g><g v="sing"></g><g v="nomn"></g></l></v></tfr></token><token id="721371" text=")"><tfr rev_id="1553227" t=")"><v><l id="0" t=")"><g v="PNCT"></g></l></v></tfr></token><token id="721372" text=","><tfr rev_id="1553228" t=","><v><l id="0" t=","><g v="PNCT"></g></l></v></tfr></token><token id="721373" text="а"><tfr rev_id="1553229" t="а"><v><l id="51" t="а"><g v="CONJ"></g></l></v><v><l id="52" t="а"><g v="INTJ"></g></l></v><v><l id="53" t="а"><g v="PRCL"></g></l></v></tfr></token><token id="721374" text="также"><tfr rev_id="4267895" t="также"><v><l id="342482" t="также"><g v="PRCL"></g></l></v></tfr></token><token id="721375" text="Мэр"><tfr rev_id="1553231" t="Мэр"><v><l id="165997" t="мэр"><g v="NOUN"></g><g v="anim"></g><g v="masc"></g><g v="sing"></g><g v="nomn"></g></l></v></tfr></token><token id="721376" text="Линареса"><tfr rev_id="1553232" t="Линареса"><v><l id="149353" t="линарес"><g v="NOUN"></g><g v="inan"></g><g v="masc"></g><g v="Geox"></g><g v="sing"></g><g v="gent"></g></l></v></tfr></token><token id="721377" text="Хуан"><tfr rev_id="1553233" t="Хуан"><v><l id="372418" t="хуан"><g v="NOUN"></g><g v="anim"></g><g v="masc"></g><g v="Name"></g><g v="sing"></g><g v="nomn"></g></l></v></tfr></token><token id="721378" text="Фернандес"><tfr rev_id="1553234" t="Фернандес"><v><l id="0" t="фернандес"><g v="UNKN"></g></l></v></tfr></token><token id="721379" text="("><tfr rev_id="1553235" t="("><v><l id="0" t="("><g v="PNCT"></g></l></v></tfr></token><token id="721380" text="Juan"><tfr rev_id="2475739" t="Juan"><v><l id="0" t="Juan"><g v="LATN"></g></l></v></tfr></token><token id="721381" text="Fernández"><tfr rev_id="2475740" t="Fernández"><v><l id="0" t="Fernández"><g v="LATN"></g></l></v></tfr></token><token id="721382" text=")"><tfr rev_id="1553238" t=")"><v><l id="0" t=")"><g v="PNCT"></g></l></v></tfr></token><token id="721383" text="."><tfr rev_id="1553239" t="."><v><l id="0" t="."><g v="PNCT"></g></l></v></tfr></token></tokens></sentence><sentence id="40532"><source>Организаторы считают, что объединение позволит привлечь новых спонсоров.</source><tokens><token id="721384" text="Организаторы"><tfr rev_id="1553240" t="Организаторы"><v><l id="208741" t="организатор"><g v="NOUN"></g><g v="anim"></g><g v="masc"></g><g v="plur"></g><g v="nomn"></g></l></v></tfr></token><token id="721385" text="считают"><tfr rev_id="1553241" t="считают"><v><l id="341320" t="считаю"><g v="VERB"></g><g v="impf"></g><g v="tran"></g><g v="plur"></g><g v="3per"></g><g v="pres"></g><g v="indc"></g></l></v><v><l id="341329" t="считал"><g v="VERB"></g><g v="perf"></g><g v="tran"></g><g v="plur"></g><g v="3per"></g><g v="futr"></g><g v="indc"></g></l></v></tfr></token><token id="721386" text=","><tfr rev_id="1553242" t=","><v><l id="0" t=","><g v="PNCT"></g></l></v></tfr></token><token id="721387" text="что"><tfr rev_id="3197969" t="что"><v><l id="377004" t="что"><g v="CONJ"></g></l></v><v><l id="377005" t="что"><g v="NPRO"></g><g v="neut"></g><g v="sing"></g><g v="nomn"></g></l></v><v><l id="377005" t="что"><g v="NPRO"></g><g v="neut"></g><g v="sing"></g><g v="accs"></g></l></v><v><l id="377006" t="что"><g v="ADVB"></g><g v="Ques"></g></l></v><v><l id="388695" t="что"><g v="PRCL"></g></l></v></tfr></token><token id="721388" text="объединение"><tfr rev_id="3702299" t="объединение"><v><l id="201751" t="объединение"><g v="NOUN"></g><g v="inan"></g><g v="neut"></g><g v="sing"></g><g v="nomn"></g></l></v></tfr></token><token id="721389" text="позволит"><tfr rev_id="1553245" t="позволит"><v><l id="253425" t="позволил"><g v="VERB"></g><g v="perf"></g><g v="tran"></g><g v="sing"></g><g v="3per"></g><g v="futr"></g><g v="indc"></g></l></v></tfr></token><token id="721390" text="привлечь"><tfr rev_id="1553246" t="привлечь"><v><l id="269379" t="привлечь"><g v="INFN"></g><g v="perf"></g><g v="tran"></g></l></v></tfr></token><token id="721391" text="новых"><tfr rev_id="4421065" t="новых"><v><l id="191918" t="новый"><g v="ADJF"></g><g v="Qual"></g><g v="anim"></g><g v="plur"></g><g v="accs"></g></l></v></tfr></token><token id="721392" text="спонсоров"><tfr rev_id="3704644" t="спонсоров"><v><l id="332723" t="спонсор"><g v="NOUN"></g><g v="anim"></g><g v="masc"></g><g v="plur"></g><g v="accs"></g></l></v></tfr></token><token id="721393" text="."><tfr rev_id="1553249" t="."><v><l id="0" t="."><g v="PNCT"></g></l></v></tfr></token></tokens></sentence><sentence id="40533"><source>Они считают, что шахматная жизнь должна быть модернизирована и шахматы нуждаются в лучшем маркетинге.</source><tokens><token id="721394" text="Они"><tfr rev_id="3599510" t="Они"><v><l id="206619" t="они"><g v="NPRO"></g><g v="3per"></g><g v="Anph"></g><g v="plur"></g><g v="nomn"></g></l></v></tfr></token><token id="721395" text="считают"><tfr rev_id="1553251" t="считают"><v><l id="341320" t="считаю"><g v="VERB"></g><g v="impf"></g><g v="tran"></g><g v="plur"></g><g v="3per"></g><g v="pres"></g><g v="indc"></g></l></v><v><l id="341329" t="считал"><g v="VERB"></g><g v="perf"></g><g v="tran"></g><g v="plur"></g><g v="3per"></g><g v="futr"></g><g v="indc"></g></l></v></tfr></token><token id="721396" text=","><tfr rev_id="1553252" t=","><v><l id="0" t=","><g v="PNCT"></g></l></v></tfr></token><token id="721397" text="что"><tfr rev_id="3197970" t="что"><v><l id="377004" t="что"><g v="CONJ"></g></l></v><v><l id="377005" t="что"><g v="NPRO"></g><g v="neut"></g><g v="sing"></g><g v="nomn"></g></l></v><v><l id="377005" t="что"><g v="NPRO"></g><g v="neut"></g><g v="sing"></g><g v="accs"></g></l></v><v><l id="377006" t="что"><g v="ADVB"></g><g v="Ques"></g></l></v><v><l id="388695" t="что"><g v="PRCL"></g></l></v></tfr></token><token id="721398" text="шахматная"><tfr rev_id="1553254" t="шахматная"><v><l id="378575" t="шахматный"><g v="ADJF"></g><g v="Qual"></g><g v="femn"></g><g v="sing"></g><g v="nomn"></g></l></v></tfr></token><token id="721399" text="жизнь"><tfr rev_id="1553255" t="жизнь"><v><l id="97314" t="жизнь"><g v="NOUN"></g><g v="inan"></g><g v="femn"></g><g v="sing"></g><g v="nomn"></g></l></v><v><l id="97314" t="жизнь"><g v="NOUN"></g><g v="inan"></g><g v="femn"></g><g v="sing"></g><g v="accs"></g></l></v></tfr></token><token id="721400" text="должна"><tfr rev_id="2558961" t="должна"><v><l id="87975" t="должен"><g v="ADJS"></g><g v="femn"></g><g v="sing"></g></l></v></tfr></token><token id="721401" text="быть"><tfr rev_id="1553257" t="быть"><v><l id="37266" t="быть"><g v="INFN"></g><g v="impf"></g><g v="intr"></g></l></v></tfr></token><token id="721402" text="модернизирована"><tfr rev_id="1553258" t="модернизирована"><v><l id="162323" t="модернизирован"><g v="PRTS"></g><g v="perf"></g><g v="past"></g><g v="pssv"></g><g v="femn"></g><g v="sing"></g></l></v><v><l id="162324" t="модернизирован"><g v="PRTS"></g><g v="impf"></g><g v="past"></g><g v="pssv"></g><g v="femn"></g><g v="sing"></g></l></v></tfr></token><token id="721403" text="и"><tfr rev_id="1553259" t="и"><v><l id="116949" t="и"><g v="CONJ"></g></l></v><v><l id="116950" t="и"><g v="INTJ"></g></l></v></tfr></token><token id="721404" text="шахматы"><tfr rev_id="2757221" t="шахматы"><v><l id="378578" t="шахматы"><g v="NOUN"></g><g v="inan"></g><g v="GNdr"></g><g v="Pltm"></g><g v="plur"></g><g v="nomn"></g></l></v></tfr></token><token id="721405" text="нуждаются"><tfr rev_id="1553261" t="нуждаются"><v><l id="192572" t="нуждаюсь"><g v="VERB"></g><g v="impf"></g><g v="intr"></g><g v="plur"></g><g v="3per"></g><g v="pres"></g><g v="indc"></g></l></v></tfr></token><token id="721406" text="в"><tfr rev_id="1553262" t="в"><v><l id="37409" t="в"><g v="PREP"></g></l></v></tfr></token><token id="721407" text="лучшем"><tfr rev_id="3823874" t="лучшем"><v><l id="371672" t="лучший"><g v="ADJF"></g><g v="Supr"></g><g v="Qual"></g><g v="masc"></g><g v="sing"></g><g v="loct"></g></l></v></tfr></token><token id="721408" text="маркетинге"><tfr rev_id="1553264" t="маркетинге"><v><l id="155287" t="маркетинг"><g v="NOUN"></g><g v="inan"></g><g v="masc"></g><g v="sing"></g><g v="loct"></g></l></v></tfr></token><token id="721409" text="."><tfr rev_id="1553265" t="."><v><l id="0" t="."><g v="PNCT"></g></l></v></tfr></token></tokens></sentence><sentence id="40534"><source>Организаторы «Коруса» участвовали во встрече по телефону.</source><tokens><token id="721410" text="Организаторы"><tfr rev_id="1553266" t="Организаторы"><v><l id="208741" t="организатор"><g v="NOUN"></g><g v="anim"></g><g v="masc"></g><g v="plur"></g><g v="nomn"></g></l></v></tfr></token><token id="721411" text="«"><tfr rev_id="2447935" t="«"><v><l id="0" t="«"><g v="PNCT"></g></l></v></tfr></token><token id="721412" text="Коруса"><tfr rev_id="1553268" t="Коруса"><v><l id="0" t="коруса"><g v="UNKN"></g></l></v></tfr></token><token id="721413" text="»"><tfr rev_id="2447936" t="»"><v><l id="0" t="»"><g v="PNCT"></g></l></v></tfr></token><token id="721414" text="участвовали"><tfr rev_id="1553270" t="участвовали"><v><l id="363127" t="участвую"><g v="VERB"></g><g v="impf"></g><g v="intr"></g><g v="plur"></g><g v="past"></g><g v="indc"></g></l></v></tfr></token><token id="721415" text="во"><tfr rev_id="2920372" t="во"><v><l id="37409" t="в"><g v="PREP"></g><g v="Vpre"></g></l></v></tfr></token><token id="721416" text="встрече"><tfr rev_id="3446925" t="встрече"><v><l id="54530" t="встреча"><g v="NOUN"></g><g v="inan"></g><g v="femn"></g><g v="sing"></g><g v="loct"></g></l></v></tfr></token><token id="721417" text="по"><tfr rev_id="1553273" t="по"><v><l id="241240" t="по"><g v="PREP"></g></l></v></tfr></token><token id="721418" text="телефону"><tfr rev_id="1553274" t="телефону"><v><l id="344325" t="телефон"><g v="NOUN"></g><g v="inan"></g><g v="masc"></g><g v="sing"></g><g v="datv"></g></l></v></tfr></token><token id="721419" text="."><tfr rev_id="1553275" t="."><v><l id="0" t="."><g v="PNCT"></g></l></v></tfr></token></tokens></sentence></paragraph><paragraph id="13075"><sentence id="40535"><source>Чтобы обеспечить участие сильнейших шахматистов в серии «Большого шлема», организаторы договорились, что четыре сильнейших (по рейтингу) шахматиста должны играть или во всех четырёх турнирах, или ни в одном из них.</source><tokens><token id="721420" text="Чтобы"><tfr rev_id="1553276" t="Чтобы"><v><l id="377013" t="чтобы"><g v="CONJ"></g></l></v><v><l id="377014" t="чтобы"><g v="PRCL"></g></l></v></tfr></token><token id="721421" text="обеспечить"><tfr rev_id="1553277" t="обеспечить"><v><l id="194763" t="обеспечить"><g v="INFN"></g><g v="perf"></g><g v="tran"></g></l></v></tfr></token><token id="721422" text="участие"><tfr rev_id="3269599" t="участие"><v><l id="363132" t="участие"><g v="NOUN"></g><g v="inan"></g><g v="neut"></g><g v="sing"></g><g v="accs"></g></l></v></tfr></token><token id="721423" text="сильнейших"><tfr rev_id="4579861" t="сильнейших"><v><l id="320513" t="сильнейший"><g v="ADJF"></g><g v="Supr"></g><g v="Qual"></g><g v="plur"></g><g v="gent"></g></l></v><v><l id="320513" t="сильнейший"><g v="ADJF"></g><g v="Supr"></g><g v="Qual"></g><g v="anim"></g><g v="plur"></g><g v="accs"></g></l></v><v><l id="320513" t="сильнейший"><g v="ADJF"></g><g v="Supr"></g><g v="Qual"></g><g v="plur"></g><g v="loct"></g></l></v></tfr></token><token id="721424" text="шахматистов"><tfr rev_id="3538102" t="шахматистов"><v><l id="378571" t="шахматист"><g v="NOUN"></g><g v="anim"></g><g v="masc"></g><g v="plur"></g><g v="gent"></g></l></v></tfr></token><token id="721425" text="в"><tfr rev_id="1553281" t="в"><v><l id="37409" t="в"><g v="PREP"></g></l></v></tfr></token><token id="721426" text="серии"><tfr rev_id="4269813" t="серии"><v><l id="319321" t="серия"><g v="NOUN"></g><g v="inan"></g><g v="femn"></g><g v="sing"></g><g v="loct"></g></l></v></tfr></token><token id="721427" text="«"><tfr rev_id="2447937" t="«"><v><l id="0" t="«"><g v="PNCT"></g></l></v></tfr></token><token id="721428" text="Большого"><tfr rev_id="4384151" t="Большого"><v><l id="32445" t="большой"><g v="ADJF"></g><g v="Qual"></g><g v="masc"></g><g v="sing"></g><g v="gent"></g></l></v></tfr></token><token id="721429" text="шлема"><tfr rev_id="1553285" t="шлема"><v><l id="380388" t="шлем"><g v="NOUN"></g><g v="inan"></g><g v="masc"></g><g v="sing"></g><g v="gent"></g></l></v></tfr></token><token id="721430" text="»"><tfr rev_id="2447938" t="»"><v><l id="0" t="»"><g v="PNCT"></g></l></v></tfr></token><token id="721431" text=","><tfr rev_id="1553287" t=","><v><l id="0" t=","><g v="PNCT"></g></l></v></tfr></token><token id="721432" text="организаторы"><tfr rev_id="1553288" t="организаторы"><v><l id="208741" t="организатор"><g v="NOUN"></g><g v="anim"></g><g v="masc"></g><g v="plur"></g><g v="nomn"></g></l></v></tfr></token><token id="721433" text="договорились"><tfr rev_id="1553289" t="договорились"><v><l id="86275" t="договорился"><g v="VERB"></g><g v="perf"></g><g v="intr"></g><g v="plur"></g><g v="past"></g><g v="indc"></g></l></v></tfr></token><token id="721434" text=","><tfr rev_id="1553290" t=","><v><l id="0" t=","><g v="PNCT"></g></l></v></tfr></token><token id="721435" text="что"><tfr rev_id="3197971" t="что"><v><l id="377004" t="что"><g v="CONJ"></g></l></v><v><l id="377005" t="что"><g v="NPRO"></g><g v="neut"></g><g v="sing"></g><g v="nomn"></g></l></v><v><l id="377005" t="что"><g v="NPRO"></g><g v="neut"></g><g v="sing"></g><g v="accs"></g></l></v><v><l id="377006" t="что"><g v="ADVB"></g><g v="Ques"></g></l></v><v><l id="388695" t="что"><g v="PRCL"></g></l></v></tfr></token><token id="721436" text="четыре"><tfr rev_id="1553292" t="четыре"><v><l id="376181" t="четыре"><g v="NUMR"></g><g v="nomn"></g></l></v><v><l id="376181" t="четыре"><g v="NUMR"></g><g v="inan"></g><g v="accs"></g></l></v></tfr></token><token id="721437" text="сильнейших"><tfr rev_id="4579862" t="сильнейших"><v><l id="320513" t="сильнейший"><g v="ADJF"></g><g v="Supr"></g><g v="Qual"></g><g v="plur"></g><g v="gent"></g></l></v></tfr></token><token id="721438" text="("><tfr rev_id="1553294" t="("><v><l id="0" t="("><g v="PNCT"></g></l></v></tfr></token><token id="721439" text="по"><tfr rev_id="1553295" t="по"><v><l id="241240" t="по"><g v="PREP"></g></l></v></tfr></token><token id="721440" text="рейтингу"><tfr rev_id="1553296" t="рейтингу"><v><l id="305607" t="рейтинг"><g v="NOUN"></g><g v="inan"></g><g v="masc"></g><g v="sing"></g><g v="datv"></g></l></v></tfr></token><token id="721441" text=")"><tfr rev_id="1553297" t=")"><v><l id="0" t=")"><g v="PNCT"></g></l></v></tfr></token><token id="721442" text="шахматиста"><tfr rev_id="3417605" t="шахматиста"><v><l id="378571" t="шахматист"><g v="NOUN"></g><g v="anim"></g><g v="masc"></g><g v="sing"></g><g v="gent"></g></l></v></tfr></token><token id="721443" text="должны"><tfr rev_id="2559349" t="должны"><v><l id="87975" t="должен"><g v="ADJS"></g><g v="plur"></g></l></v></tfr></token><token id="721444" text="играть"><tfr rev_id="1553300" t="играть"><v><l id="117312" t="играть"><g v="INFN"></g><g v="impf"></g><g v="tran"></g></l></v></tfr></token><token id="721445" text="или"><tfr rev_id="3787391" t="или"><v><l id="121146" t="или"><g v="CONJ"></g></l></v></tfr></token><token id="721446" text="во"><tfr rev_id="2920373" t="во"><v><l id="37409" t="в"><g v="PREP"></g><g v="Vpre"></g></l></v></tfr></token><token id="721447" text="всех"><tfr rev_id="4349555" t="всех"><v><l id="42156" t="весь"><g v="ADJF"></g><g v="Subx"></g><g v="Apro"></g><g v="plur"></g><g v="loct"></g></l></v></tfr></token><token id="721448" text="четырёх"><tfr rev_id="3474292" t="четырёх"><v><l id="376181" t="четыре"><g v="NUMR"></g><g v="loct"></g></l></v></tfr></token><token id="721449" text="турнирах"><tfr rev_id="1553305" t="турнирах"><v><l id="351849" t="турнир"><g v="NOUN"></g><g v="inan"></g><g v="masc"></g><g v="plur"></g><g v="loct"></g></l></v></tfr></token><token id="721450" text=","><tfr rev_id="1553306" t=","><v><l id="0" t=","><g v="PNCT"></g></l></v></tfr></token><token id="721451" text="или"><tfr rev_id="3787392" t="или"><v><l id="121146" t="или"><g v="CONJ"></g></l></v></tfr></token><token id="721452" text="ни"><tfr rev_id="1553308" t="ни"><v><l id="190307" t="ни"><g v="CONJ"></g></l></v><v><l id="190308" t="ни"><g v="PRCL"></g></l></v></tfr></token><token id="721453" text="в"><tfr rev_id="1553309" t="в"><v><l id="37409" t="в"><g v="PREP"></g></l></v></tfr></token><token id="721454" text="одном"><tfr rev_id="4301567" t="одном"><v><l id="203319" t="один"><g v="ADJF"></g><g v="Apro"></g><g v="Anum"></g><g v="masc"></g><g v="sing"></g><g v="loct"></g></l></v></tfr></token><token id="721455" text="из"><tfr rev_id="1671283" t="из"><v><l id="117677" t="из"><g v="PREP"></g></l></v></tfr></token><token id="721456" text="них"><tfr rev_id="4199166" t="них"><v><l id="206619" t="они"><g v="NPRO"></g><g v="3per"></g><g v="Anph"></g><g v="plur"></g><g v="gent"></g><g v="Af-p"></g></l></v></tfr></token><token id="721457" text="."><tfr rev_id="1553313" t="."><v><l id="0" t="."><g v="PNCT"></g></l></v></tfr></token></tokens></sentence><sentence id="40536"><source>В настоящий момент каждый турнир имеет собственный регламент, но организаторы ассоциации будут стремиться к унификации турниров.</source><tokens><token id="721458" text="В"><tfr rev_id="1553314" t="В"><v><l id="37409" t="в"><g v="PREP"></g></l></v></tfr></token><token id="721459" text="настоящий"><tfr rev_id="1553315" t="настоящий"><v><l id="176151" t="настоящий"><g v="ADJF"></g><g v="masc"></g><g v="sing"></g><g v="nomn"></g></l></v><v><l id="176151" t="настоящий"><g v="ADJF"></g><g v="inan"></g><g v="masc"></g><g v="sing"></g><g v="accs"></g></l></v></tfr></token><token id="721460" text="момент"><tfr rev_id="4380042" t="момент"><v><l id="163050" t="момент"><g v="NOUN"></g><g v="inan"></g><g v="masc"></g><g v="sing"></g><g v="accs"></g></l></v></tfr></token><token id="721461" text="каждый"><tfr rev_id="4429611" t="каждый"><v><l id="127875" t="каждый"><g v="ADJF"></g><g v="Subx"></g><g v="Apro"></g><g v="masc"></g><g v="sing"></g><g v="nomn"></g></l></v><v><l id="127875" t="каждый"><g v="ADJF"></g><g v="Subx"></g><g v="Apro"></g><g v="inan"></g><g v="masc"></g><g v="sing"></g><g v="accs"></g></l></v></tfr></token><token id="721462" text="турнир"><tfr rev_id="4103896" t="турнир"><v><l id="351849" t="турнир"><g v="NOUN"></g><g v="inan"></g><g v="masc"></g><g v="sing"></g><g v="nomn"></g></l></v></tfr></token><token id="721463" text="имеет"><tfr rev_id="1553319" t="имеет"><v><l id="121610" t="имею"><g v="VERB"></g><g v="impf"></g><g v="tran"></g><g v="sing"></g><g v="3per"></g><g v="pres"></g><g v="indc"></g></l></v></tfr></token><token id="721464" text="собственный"><tfr rev_id="4408750" t="собственный"><v><l id="327840" t="собственный"><g v="ADJF"></g><g v="inan"></g><g v="masc"></g><g v="sing"></g><g v="accs"></g></l></v></tfr></token><token id="721465" text="регламент"><tfr rev_id="3552369" t="регламент"><v><l id="304867" t="регламент"><g v="NOUN"></g><g v="inan"></g><g v="masc"></g><g v="sing"></g><g v="accs"></g></l></v></tfr></token><token id="721466" text=","><tfr rev_id="1553322" t=","><v><l id="0" t=","><g v="PNCT"></g></l></v></tfr></token><token id="721467" text="но"><tfr rev_id="3495375" t="но"><v><l id="191429" t="но"><g v="CONJ"></g></l></v></tfr></token><token id="721468" text="организаторы"><tfr rev_id="1553324" t="организаторы"><v><l id="208741" t="организатор"><g v="NOUN"></g><g v="anim"></g><g v="masc"></g><g v="plur"></g><g v="nomn"></g></l></v></tfr></token><token id="721469" text="ассоциации"><tfr rev_id="4281456" t="ассоциации"><v><l id="18836" t="ассоциация"><g v="NOUN"></g><g v="inan"></g><g v="femn"></g><g v="sing"></g><g v="gent"></g></l></v></tfr></token><token id="721470" text="будут"><tfr rev_id="1553326" t="будут"><v><l id="37265" t="есть"><g v="VERB"></g><g v="impf"></g><g v="intr"></g><g v="plur"></g><g v="3per"></g><g v="futr"></g><g v="indc"></g></l></v></tfr></token><token id="721471" text="стремиться"><tfr rev_id="1553327" t="стремиться"><v><l id="337461" t="стремиться"><g v="INFN"></g><g v="impf"></g><g v="intr"></g></l></v></tfr></token><token id="721472" text="к"><tfr rev_id="1553328" t="к"><v><l id="127460" t="к"><g v="PREP"></g></l></v></tfr></token><token id="721473" text="унификации"><tfr rev_id="4291644" t="унификации"><v><l id="358383" t="унификация"><g v="NOUN"></g><g v="inan"></g><g v="femn"></g><g v="sing"></g><g v="datv"></g></l></v></tfr></token><token id="721474" text="турниров"><tfr rev_id="1553330" t="турниров"><v><l id="351849" t="турнир"><g v="NOUN"></g><g v="inan"></g><g v="masc"></g><g v="plur"></g><g v="gent"></g></l></v></tfr></token><token id="721475" text="."><tfr rev_id="1553331" t="."><v><l id="0" t="."><g v="PNCT"></g></l></v></tfr></token></tokens></sentence></paragraph><paragraph id="13076"><sentence id="40537"><source>За победу в одном из турниров, шахматист получает 10 очков, за второе место — 6, за третье — 2.</source><tokens><token id="721476" text="За"><tfr rev_id="1553332" t="За"><v><l id="98043" t="за"><g v="PREP"></g></l></v></tfr></token><token id="721477" text="победу"><tfr rev_id="1553333" t="победу"><v><l id="241476" t="победа"><g v="NOUN"></g><g v="inan"></g><g v="femn"></g><g v="sing"></g><g v="accs"></g></l></v></tfr></token><token id="721478" text="в"><tfr rev_id="1553334" t="в"><v><l id="37409" t="в"><g v="PREP"></g></l></v></tfr></token><token id="721479" text="одном"><tfr rev_id="4301568" t="одном"><v><l id="203319" t="один"><g v="ADJF"></g><g v="Apro"></g><g v="Anum"></g><g v="masc"></g><g v="sing"></g><g v="loct"></g></l></v></tfr></token><token id="721480" text="из"><tfr rev_id="2560282" t="из"><v><l id="117677" t="из"><g v="PREP"></g></l></v></tfr></token><token id="721481" text="турниров"><tfr rev_id="1553337" t="турниров"><v><l id="351849" t="турнир"><g v="NOUN"></g><g v="inan"></g><g v="masc"></g><g v="plur"></g><g v="gent"></g></l></v></tfr></token><token id="721482" text=","><tfr rev_id="1553338" t=","><v><l id="0" t=","><g v="PNCT"></g></l></v></tfr></token><token id="721483" text="шахматист"><tfr rev_id="1553339" t="шахматист"><v><l id="378571" t="шахматист"><g v="NOUN"></g><g v="anim"></g><g v="masc"></g><g v="sing"></g><g v="nomn"></g></l></v></tfr></token><token id="721484" text="получает"><tfr rev_id="1553340" t="получает"><v><l id="256943" t="получаю"><g v="VERB"></g><g v="impf"></g><g v="tran"></g><g v="sing"></g><g v="3per"></g><g v="pres"></g><g v="indc"></g></l></v></tfr></token><token id="721485" text="10"><tfr rev_id="2463180" t="10"><v><l id="0" t="10"><g v="NUMB"></g></l></v></tfr></token><token id="721486" text="очков"><tfr rev_id="4512712" t="очков"><v><l id="221875" t="очко"><g v="NOUN"></g><g v="inan"></g><g v="neut"></g><g v="plur"></g><g v="gent"></g></l></v></tfr></token><token id="721487" text=","><tfr rev_id="1553343" t=","><v><l id="0" t=","><g v="PNCT"></g></l></v></tfr></token><token id="721488" text="за"><tfr rev_id="1553344" t="за"><v><l id="98043" t="за"><g v="PREP"></g></l></v></tfr></token><token id="721489" text="второе"><tfr rev_id="4255482" t="второе"><v><l id="55043" t="второй"><g v="ADJF"></g><g v="Anum"></g><g v="neut"></g><g v="sing"></g><g v="nomn"></g></l></v><v><l id="55043" t="второй"><g v="ADJF"></g><g v="Anum"></g><g v="neut"></g><g v="sing"></g><g v="accs"></g></l></v></tfr></token><token id="721490" text="место"><tfr rev_id="3689195" t="место"><v><l id="158822" t="место"><g v="NOUN"></g><g v="inan"></g><g v="neut"></g><g v="sing"></g><g v="accs"></g></l></v></tfr></token><token id="721491" text="—"><tfr rev_id="2447939" t="—"><v><l id="0" t="—"><g v="PNCT"></g></l></v></tfr></token><token id="721492" text="6"><tfr rev_id="2463181" t="6"><v><l id="0" t="6"><g v="NUMB"></g></l></v></tfr></token><token id="721493" text=","><tfr rev_id="1553349" t=","><v><l id="0" t=","><g v="PNCT"></g></l></v></tfr></token><token id="721494" text="за"><tfr rev_id="1553350" t="за"><v><l id="98043" t="за"><g v="PREP"></g></l></v></tfr></token><token id="721495" text="третье"><tfr rev_id="4255483" t="третье"><v><l id="349855" t="третий"><g v="ADJF"></g><g v="Anum"></g><g v="neut"></g><g v="sing"></g><g v="nomn"></g></l></v><v><l id="349855" t="третий"><g v="ADJF"></g><g v="Anum"></g><g v="neut"></g><g v="sing"></g><g v="accs"></g></l></v></tfr></token><token id="721496" text="—"><tfr rev_id="2447940" t="—"><v><l id="0" t="—"><g v="PNCT"></g></l></v></tfr></token><token id="721497" text="2"><tfr rev_id="2463182" t="2"><v><l id="0" t="2"><g v="NUMB"></g></l></v></tfr></token><token id="721498" text="."><tfr rev_id="1553354" t="."><v><l id="0" t="."><g v="PNCT"></g></l></v></tfr></token></tokens></sentence><sentence id="40538"><source>В каждом турнире могут играть от 6 до 14 шахматистов.</source><tokens><token id="721499" text="В"><tfr rev_id="1553355" t="В"><v><l id="37409" t="в"><g v="PREP"></g></l></v></tfr></token><token id="721500" text="каждом"><tfr rev_id="4430258" t="каждом"><v><l id="127875" t="каждый"><g v="ADJF"></g><g v="Subx"></g><g v="Apro"></g><g v="masc"></g><g v="sing"></g><g v="loct"></g></l></v></tfr></token><token id="721501" text="турнире"><tfr rev_id="1553357" t="турнире"><v><l id="351849" t="турнир"><g v="NOUN"></g><g v="inan"></g><g v="masc"></g><g v="sing"></g><g v="loct"></g></l></v></tfr></token><token id="721502" text="могут"><tfr rev_id="1553358" t="могут"><v><l id="164485" t="могу"><g v="VERB"></g><g v="impf"></g><g v="intr"></g><g v="plur"></g><g v="3per"></g><g v="pres"></g><g v="indc"></g></l></v></tfr></token><token id="721503" text="играть"><tfr rev_id="1553359" t="играть"><v><l id="117312" t="играть"><g v="INFN"></g><g v="impf"></g><g v="tran"></g></l></v></tfr></token><token id="721504" text="от"><tfr rev_id="1553360" t="от"><v><l id="211644" t="от"><g v="PREP"></g></l></v></tfr></token><token id="721505" text="6"><tfr rev_id="2463183" t="6"><v><l id="0" t="6"><g v="NUMB"></g></l></v></tfr></token><token id="721506" text="до"><tfr rev_id="1553362" t="до"><v><l id="85153" t="до"><g v="PREP"></g></l></v></tfr></token><token id="721507" text="14"><tfr rev_id="2463184" t="14"><v><l id="0" t="14"><g v="NUMB"></g></l></v></tfr></token><token id="721508" text="шахматистов"><tfr rev_id="4202530" t="шахматистов"><v><l id="378571" t="шахматист"><g v="NOUN"></g><g v="anim"></g><g v="masc"></g><g v="plur"></g><g v="gent"></g></l></v></tfr></token><token id="721509" text="."><tfr rev_id="1553365" t="."><v><l id="0" t="."><g v="PNCT"></g></l></v></tfr></token></tokens></sentence><sentence id="40539"><source>Победители каждого турнира будут приглашены в Мастерс турнир, победитель которого получит 300 000 евро.</source><tokens><token id="721510" text="Победители"><tfr rev_id="1553366" t="Победители"><v><l id="241483" t="победитель"><g v="NOUN"></g><g v="anim"></g><g v="masc"></g><g v="plur"></g><g v="nomn"></g></l></v></tfr></token><token id="721511" text="каждого"><tfr rev_id="4429934" t="каждого"><v><l id="127875" t="каждый"><g v="ADJF"></g><g v="Subx"></g><g v="Apro"></g><g v="masc"></g><g v="sing"></g><g v="gent"></g></l></v><v><l id="127875" t="каждый"><g v="ADJF"></g><g v="Subx"></g><g v="Apro"></g><g v="anim"></g><g v="masc"></g><g v="sing"></g><g v="accs"></g></l></v></tfr></token><token id="721512" text="турнира"><tfr rev_id="1553368" t="турнира"><v><l id="351849" t="турнир"><g v="NOUN"></g><g v="inan"></g><g v="masc"></g><g v="sing"></g><g v="gent"></g></l></v></tfr></token><token id="721513" text="будут"><tfr rev_id="1553369" t="будут"><v><l id="37265" t="есть"><g v="VERB"></g><g v="impf"></g><g v="intr"></g><g v="plur"></g><g v="3per"></g><g v="futr"></g><g v="indc"></g></l></v></tfr></token><token id="721514" text="приглашены"><tfr rev_id="1553370" t="приглашены"><v><l id="269729" t="приглашён"><g v="PRTS"></g><g v="perf"></g><g v="past"></g><g v="pssv"></g><g v="plur"></g></l></v></tfr></token><token id="721515" text="в"><tfr rev_id="1553371" t="в"><v><l id="37409" t="в"><g v="PREP"></g></l></v></tfr></token><token id="721516" text="Мастерс"><tfr rev_id="1553372" t="Мастерс"><v><l id="0" t="мастерс"><g v="UNKN"></g></l></v></tfr></token><token id="721517" text="турнир"><tfr rev_id="4209659" t="турнир"><v><l id="351849" t="турнир"><g v="NOUN"></g><g v="inan"></g><g v="masc"></g><g v="sing"></g><g v="accs"></g></l></v></tfr></token><token id="721518" text=","><tfr rev_id="1553374" t=","><v><l id="0" t=","><g v="PNCT"></g></l></v></tfr></token><token id="721519" text="победитель"><tfr rev_id="1553375" t="победитель"><v><l id="241483" t="победитель"><g v="NOUN"></g><g v="anim"></g><g v="masc"></g><g v="sing"></g><g v="nomn"></g></l></v></tfr></token><token id="721520" text="которого"><tfr rev_id="3638392" t="которого"><v><l id="141203" t="который"><g v="ADJF"></g><g v="Apro"></g><g v="Subx"></g><g v="Anph"></g><g v="masc"></g><g v="sing"></g><g v="gent"></g></l></v><v><l id="141203" t="который"><g v="ADJF"></g><g v="Apro"></g><g v="Subx"></g><g v="Anph"></g><g v="anim"></g><g v="masc"></g><g v="sing"></g><g v="accs"></g></l></v></tfr></token><token id="721521" text="получит"><tfr rev_id="1553377" t="получит"><v><l id="256959" t="получил"><g v="VERB"></g><g v="perf"></g><g v="tran"></g><g v="sing"></g><g v="3per"></g><g v="futr"></g><g v="indc"></g></l></v></tfr></token><token id="721522" text="300"><tfr rev_id="2463185" t="300"><v><l id="0" t="300"><g v="NUMB"></g></l></v></tfr></token><token id="721523" text="000"><tfr rev_id="2463186" t="000"><v><l id="0" t="000"><g v="NUMB"></g></l></v></tfr></token><token id="721524" text="евро"><tfr rev_id="4163466" t="евро"><v><l id="94004" t="евро"><g v="NOUN"></g><g v="inan"></g><g v="neut"></g><g v="Fixd"></g><g v="plur"></g><g v="gent"></g></l></v></tfr></token><token id="721525" text="."><tfr rev_id="1553381" t="."><v><l id="0" t="."><g v="PNCT"></g></l></v></tfr></token></tokens></sentence></paragraph></paragraphs></text>